timestamp,Open,High,Low,Close,Volume,Dividends,Stock Splits
2020-06-01 00:00:00+05:30,1353.1467707679078,1378.7894938291072,1338.8953824545138,1354.428955078125,868868,0.0,0.0
2020-06-02 00:00:00+05:30,1360.0504559076908,1375.682628874899,1331.9420889799392,1341.95263671875,608623,0.0,0.0
2020-06-03 00:00:00+05:30,1351.1742054894198,1387.6657716230757,1321.635810249197,1331.2518310546875,738592,0.0,0.0
2020-06-04 00:00:00+05:30,1336.380040114761,1348.9548338501581,1317.6411318031885,1345.5029296875,762916,0.0,0.0
2020-06-05 00:00:00+05:30,1350.7795885048197,1361.8257557032628,1333.1255376554764,1340.3746337890625,548928,0.0,0.0
2020-06-08 00:00:00+05:30,1349.7933119860254,1388.6519196105205,1333.4708066155354,1345.305908203125,746452,0.0,0.0
2020-06-09 00:00:00+05:30,1351.1246492501893,1372.8716951647973,1334.111691820884,1345.7989501953125,517243,0.0,0.0
2020-06-10 00:00:00+05:30,1346.242732307504,1359.4586191061667,1313.6962047132565,1337.021240234375,710311,0.0,0.0
2020-06-11 00:00:00+05:30,1340.3252036165893,1371.8854733117555,1320.6000350571105,1329.0325927734375,677212,0.0,0.0
2020-06-12 00:00:00+05:30,1287.0674294119012,1390.624578904813,1284.3058572682671,1384.3125,1340007,0.0,0.0
2020-06-15 00:00:00+05:30,1375.633405482852,1409.3633980631082,1352.1604049996652,1391.3148193359375,1375760,0.0,0.0
2020-06-16 00:00:00+05:30,1420.2121084501912,1420.2121084501912,1336.6760693950268,1353.88623046875,1021337,0.0,0.0
2020-06-17 00:00:00+05:30,1356.1053797141856,1367.5953148281578,1328.1449765091998,1333.7666015625,481888,0.0,0.0
2020-06-18 00:00:00+05:30,1336.3310214178045,1349.694873400004,1317.838672951418,1328.93408203125,591592,0.0,0.0
2020-06-19 00:00:00+05:30,1338.3525667183258,1364.9815418851604,1331.5967211712384,1351.8642578125,894818,0.0,0.0
2020-06-22 00:00:00+05:30,1361.0366277272014,1389.3915574715184,1352.8013939496009,1379.085205078125,758430,0.0,0.0
2020-06-23 00:00:00+05:30,1388.6518339295478,1402.459451596461,1375.238743703121,1396.6405029296875,630401,0.0,0.0
2020-06-24 00:00:00+05:30,1404.4319625339783,1420.2120969444725,1381.748019318893,1392.399658203125,681132,0.0,0.0
2020-06-25 00:00:00+05:30,1392.399667060002,1424.1571396059783,1386.1861909391985,1417.7464599609375,872300,0.0,0.0
2020-06-26 00:00:00+05:30,1433.0337997093668,1459.662782911124,1357.387810400795,1369.074951171875,3862478,0.0,0.0
2020-06-29 00:00:00+05:30,1362.0228880151021,1386.2355805609345,1340.5717672226847,1346.2921142578125,911358,0.0,0.0
2020-06-30 00:00:00+05:30,1358.07784348503,1365.425420552255,1325.5313156455195,1331.3009033203125,759369,0.0,0.0
2020-07-01 00:00:00+05:30,1331.4489111724235,1334.9501768367318,1292.9848315163313,1301.5159912109375,1066663,0.0,0.0
2020-07-02 00:00:00+05:30,1311.7238956066155,1349.103119417142,1308.025425976146,1343.82666015625,1095777,0.0,0.0
2020-07-03 00:00:00+05:30,1353.146491978199,1381.7479848844437,1347.2289417217346,1360.83935546875,1034372,0.0,0.0
2020-07-06 00:00:00+05:30,1365.7708013215617,1393.4352796536125,1362.614701926585,1390.673828125,684284,0.0,0.0
2020-07-07 00:00:00+05:30,1388.651906816981,1406.4045590348117,1375.830546881881,1399.747314453125,750569,0.0,0.0
2020-07-08 00:00:00+05:30,1407.390655133605,1411.3356885046871,1368.1375249341904,1374.6961669921875,931697,0.0,0.0
2020-07-09 00:00:00+05:30,1385.6932898192665,1398.5146512197293,1371.2445777009355,1384.70703125,534658,0.0,0.0
2020-07-10 00:00:00+05:30,1380.7618155658477,1419.423098244541,1377.5564756368553,1383.1781005859375,722285,0.0,0.0
2020-07-13 00:00:00+05:30,1395.5061567236557,1423.0721489045422,1387.2216831796466,1411.7794189453125,769099,0.0,0.0
2020-07-14 00:00:00+05:30,1406.355178793299,1435.006034722749,1399.1062033150274,1421.9381103515625,846728,0.0,0.0
2020-07-15 00:00:00+05:30,1430.1733943600436,1449.6519992936087,1420.310809583555,1445.115234375,821199,0.0,0.0
2020-07-16 00:00:00+05:30,1449.7504575433052,1471.4481419035963,1407.933198545039,1416.8587646484375,1040680,0.0,0.0
2020-07-17 00:00:00+05:30,1416.9575961381502,1486.2916196513017,1416.9575961381502,1478.5987548828125,1195304,0.0,0.0
2020-07-20 00:00:00+05:30,1487.0806455364443,1496.7952678858987,1445.1152973272347,1464.6925048828125,1032717,0.0,0.0
2020-07-21 00:00:00+05:30,1480.275383069542,1499.112896039888,1474.4564339339688,1479.486328125,731642,0.0,0.0
2020-07-22 00:00:00+05:30,1479.3878245836904,1486.3409955163895,1448.0741156300023,1460.796875,477423,0.0,0.0
2020-07-23 00:00:00+05:30,1464.5937553061483,1513.9066763602273,1458.0844738055846,1510.257568359375,1015614,0.0,0.0
2020-07-24 00:00:00+05:30,1515.829833113218,1528.0594616211838,1475.4919599789612,1491.2720947265625,1481040,0.0,0.0
2020-07-27 00:00:00+05:30,1498.1268473519358,1510.603043003262,1471.547225636722,1487.6231689453125,442729,0.0,0.0
2020-07-28 00:00:00+05:30,1497.5347597549674,1587.1856712630617,1490.2364236084236,1577.224365234375,1886396,0.0,0.0
2020-07-29 00:00:00+05:30,1577.2245153669332,1626.7347633711142,1559.2746591618181,1618.74609375,1522653,0.0,0.0
2020-07-30 00:00:00+05:30,1614.9981353184764,1704.2545208124136,1608.7354185364266,1692.5673828125,2000500,0.0,0.0
2020-07-31 00:00:00+05:30,1693.4551224107606,1693.4551224107606,1620.915765141264,1651.58837890625,885944,0.0,0.0
2020-08-03 00:00:00+05:30,1647.051456241047,1679.7459448551833,1545.5654472240283,1552.7158203125,2067390,0.0,0.0
2020-08-04 00:00:00+05:30,1548.425816571037,1644.142250395845,1546.5026606884994,1631.22216796875,2098343,0.0,0.0
2020-08-05 00:00:00+05:30,1643.9942059726257,1691.4332125192252,1635.2164818407437,1653.2156982421875,1857434,0.0,0.0
2020-08-06 00:00:00+05:30,1665.297390126624,1716.0897002193224,1631.4686771892877,1670.1793212890625,1406163,0.0,0.0
2020-08-07 00:00:00+05:30,1677.181899843819,1728.9111087628867,1677.181899843819,1719.2457275390625,1570379,0.0,0.0
2020-08-10 00:00:00+05:30,1734.7793398385243,1773.2927824078163,1729.897408422308,1760.619384765625,1082244,0.0,0.0
2020-08-11 00:00:00+05:30,1765.4025367476438,1773.243242873816,1714.6102291261334,1726.69189453125,697840,0.0,0.0
2020-08-12 00:00:00+05:30,1726.692021071038,1729.55219472043,1679.696780768538,1683.543212890625,804252,0.0,0.0
2020-08-13 00:00:00+05:30,1701.2958074143546,1753.4689029203032,1687.981318486764,1701.3944091796875,1005174,0.0,0.0
2020-08-14 00:00:00+05:30,1711.1584993677168,1725.9523768838642,1664.3112205665834,1683.888427734375,765898,0.0,0.0
2020-08-17 00:00:00+05:30,1691.4331970510896,1703.5148627443116,1662.831702756931,1680.9788818359375,479355,0.0,0.0
2020-08-18 00:00:00+05:30,1680.9788647116354,1693.2084931224383,1655.7306733946418,1673.8284912109375,639935,0.0,0.0
2020-08-19 00:00:00+05:30,1686.5021675630564,1694.6388008276151,1658.8869273924333,1661.845703125,606462,0.0,0.0
2020-08-20 00:00:00+05:30,1655.9280386403161,1680.5845013955322,1649.0242290688554,1669.932861328125,455458,0.0,0.0
2020-08-21 00:00:00+05:30,1691.433176782554,1724.9659627945696,1642.7613482231,1654.448486328125,1091774,0.0,0.0
2020-08-24 00:00:00+05:30,1672.2011448708229,1676.6393077442638,1652.3773747813625,1667.3192138671875,525574,0.0,0.0
2020-08-25 00:00:00+05:30,1667.7630916921191,1692.9126829624615,1635.8576539042022,1641.577880859375,682054,0.0,0.0
2020-08-26 00:00:00+05:30,1641.5778120231016,1641.5778120231016,1612.7297526579825,1628.5098876953125,748724,0.0,0.0
2020-08-27 00:00:00+05:30,1633.2439666193181,1656.8648079552434,1615.6885183378783,1627.326416015625,476278,0.0,0.0
2020-08-28 00:00:00+05:30,1631.0742725649857,1652.8705602287087,1624.9101572532497,1639.1121826171875,548801,0.0,0.0
2020-08-31 00:00:00+05:30,1647.0516825919547,1653.9061309581634,1599.7112749485932,1612.0888671875,626908,0.0,0.0
2020-09-01 00:00:00+05:30,1612.532551535868,1671.7080580142483,1603.754827329666,1647.889892578125,1106516,0.0,0.0
2020-09-02 00:00:00+05:30,1664.5082595731471,1684.9238807630782,1647.0515339868423,1675.307861328125,1098000,0.0,0.0
2020-09-03 00:00:00+05:30,1679.7459951546018,1693.4056497299357,1665.297285712869,1675.6036376953125,588865,0.0,0.0
2020-09-04 00:00:00+05:30,1661.8454294956466,1666.5301569675187,1620.4225760601469,1627.227783203125,456702,0.0,0.0
2020-09-07 00:00:00+05:30,1631.2715197544812,1644.980536653243,1598.133259030306,1626.5867919921875,443358,0.0,0.0
2020-09-08 00:00:00+05:30,1637.1396079610333,1662.733086068179,1608.4395121606724,1628.9537353515625,710352,0.0,0.0
2020-09-09 00:00:00+05:30,1613.5188640032802,1664.9522675181468,1578.8026138640294,1584.3748779296875,1000765,0.0,0.0
2020-09-10 00:00:00+05:30,1578.0134140013563,1592.807289757619,1563.2688993214288,1586.7911376953125,936677,0.0,0.0
2020-09-11 00:00:00+05:30,1591.8212097881028,1625.9950906939148,1573.131659478413,1589.6514892578125,867578,0.0,0.0
2020-09-14 00:00:00+05:30,1615.3925135100958,1630.4821934499107,1568.2986791060694,1601.3875732421875,1094575,0.0,0.0
2020-09-15 00:00:00+05:30,1579.0491421653398,1675.209341200847,1579.0491421653398,1649.8624267578125,2802668,0.0,0.0
2020-09-16 00:00:00+05:30,1669.6862913193036,1714.511812699548,1654.9911358788638,1665.6920166015625,2077987,0.0,0.0
2020-09-17 00:00:00+05:30,1674.681560908457,1765.3183597365655,1662.975360872483,1755.5384521484375,2006191,2.75,0.0
2020-09-18 00:00:00+05:30,1755.5383155215698,1849.2374706929027,1752.525393707135,1806.2652587890625,3235148,0.0,0.0
2020-09-21 00:00:00+05:30,1801.918756671102,1876.9472032166232,1788.9776031670165,1809.3277587890625,2220744,0.0,0.0
2020-09-22 00:00:00+05:30,1820.5893070544478,1820.5893070544478,1741.6093943821115,1767.442138671875,1384803,0.0,0.0
2020-09-23 00:00:00+05:30,1770.2573721320562,1812.5874419851168,1738.7938374873956,1795.744384765625,1421474,0.0,0.0
2020-09-24 00:00:00+05:30,1801.8695020648192,1950.049559800413,1773.4188827438893,1924.019287109375,5742817,0.0,0.0
2020-09-25 00:00:00+05:30,1943.2826293709431,2022.163786672642,1897.2973714285506,2003.048583984375,3665739,0.0,0.0
2020-09-28 00:00:00+05:30,2010.3094336491909,2071.557190350051,1974.8449826674582,2034.9072265625,2422864,0.0,0.0
2020-09-29 00:00:00+05:30,2034.906822864222,2089.2889410593352,2030.1158133605036,2059.89990234375,2160713,0.0,0.0
2020-09-30 00:00:00+05:30,2078.4722026574564,2141.695691711676,2060.789479533993,2121.98779296875,2025626,0.0,0.0
2020-10-01 00:00:00+05:30,2124.9016207035456,2132.7551140227606,2051.305539465789,2064.394775390625,1224430,0.0,0.0
2020-10-05 00:00:00+05:30,2069.5812691248752,2130.8290202875205,2043.0077445273032,2100.946044921875,1594662,0.0,0.0
2020-10-06 00:00:00+05:30,2116.504897857275,2129.6930178462253,2078.274495895963,2100.007568359375,903168,0.0,0.0
2020-10-07 00:00:00+05:30,2093.9814057620456,2161.847813104809,2071.556875516935,2146.733642578125,1470503,0.0,0.0
2020-10-08 00:00:00+05:30,2163.428404847961,2229.516600743862,2161.3045875885464,2221.36669921875,1899346,0.0,0.0
2020-10-09 00:00:00+05:30,2217.6626558470916,2285.924365835882,2209.216585467535,2249.47216796875,2181213,0.0,0.0
2020-10-12 00:00:00+05:30,2203.931289387697,2304.693723954055,2203.931289387697,2246.063720703125,2053057,0.0,0.0
2020-10-13 00:00:00+05:30,2254.5594301504607,2264.685066763033,2218.946777048113,2227.0966796875,939023,0.0,0.0
2020-10-14 00:00:00+05:30,2237.5183795909525,2246.3597395218626,2183.3832288380113,2200.6708984375,1405987,0.0,0.0
2020-10-15 00:00:00+05:30,2216.773339835994,2262.215217568818,2148.610523236759,2156.118408203125,2782519,0.0,0.0
2020-10-16 00:00:00+05:30,2183.1863611699623,2192.077165355722,2148.611011558673,2183.729736328125,1036072,0.0,0.0
2020-10-19 00:00:00+05:30,2197.312180681057,2213.8095080744865,2159.526275422757,2185.26025390625,760641,0.0,0.0
2020-10-20 00:00:00+05:30,2187.9282892445735,2198.0044862943555,2149.6978774265267,2185.4091796875,869774,0.0,0.0
2020-10-21 00:00:00+05:30,2198.004126254834,2204.375820317721,2109.787552862035,2123.420166015625,1473524,0.0,0.0
2020-10-22 00:00:00+05:30,2123.419790620107,2144.411961148452,2067.1608218398287,2076.19970703125,1391948,0.0,0.0
2020-10-23 00:00:00+05:30,2072.7421933399914,2081.4849115051707,2027.695609319641,2049.82373046875,1124706,0.0,0.0
2020-10-26 00:00:00+05:30,2053.7754137084903,2085.387156488034,1999.5909349682743,2027.3994140625,1236009,0.0,0.0
2020-10-27 00:00:00+05:30,2054.219997535274,2120.950462030954,2009.9141864309092,2092.9443359375,1429726,0.0,0.0
2020-10-28 00:00:00+05:30,2082.275179234135,2106.181508113928,2040.9328562221572,2054.071533203125,958986,0.0,0.0
2020-10-29 00:00:00+05:30,2052.6885016580873,2074.5204562644362,2035.9936477909537,2060.542236328125,606805,0.0,0.0
2020-10-30 00:00:00+05:30,2062.6168093209294,2118.727701929914,2052.738139536899,2093.734619140625,1071769,0.0,0.0
2020-11-02 00:00:00+05:30,2112.15828308103,2122.6789689338643,2039.9451173232947,2044.1929931640625,637352,0.0,0.0
2020-11-03 00:00:00+05:30,2059.7025204409297,2133.59501401426,2054.6643026965303,2085.73291015625,1528660,0.0,0.0
2020-11-04 00:00:00+05:30,2087.3630019035913,2121.938347415482,2062.666326537955,2078.0771484375,725363,0.0,0.0
2020-11-05 00:00:00+05:30,2106.1819749981123,2113.590977812642,2078.966189757044,2096.8466796875,466474,0.0,0.0
2020-11-06 00:00:00+05:30,2102.180847360779,2142.140016829855,2037.5250044029715,2060.591552734375,1290149,0.0,0.0
2020-11-09 00:00:00+05:30,2074.3229137327494,2083.9051741909007,2004.5300948499914,2059.109619140625,1534921,0.0,0.0
2020-11-10 00:00:00+05:30,2064.6418817630115,2064.6418817630115,1961.9037211393975,2008.7286376953125,2804380,0.0,0.0
2020-11-11 00:00:00+05:30,2037.9698055660522,2181.9514338555587,2025.1275334030088,2168.714111328125,3735087,0.0,0.0
2020-11-12 00:00:00+05:30,2128.8532707232644,2178.4441432255358,2068.593386958012,2084.84375,2435538,0.0,0.0
2020-11-13 00:00:00+05:30,2095.315791814567,2285.9247215489922,2085.8816117332312,2238.3095703125,4605948,0.0,0.0
2020-11-14 00:00:00+05:30,2247.397599104759,2295.309152316443,2242.5077053116347,2256.930419921875,325596,0.0,0.0
2020-11-17 00:00:00+05:30,2256.2881899364993,2313.189424647964,2238.5560258213336,2279.35498046875,1832334,0.0,0.0
2020-11-18 00:00:00+05:30,2263.3516226575393,2300.3474387072356,2254.6091434795594,2260.931396484375,1036844,0.0,0.0
2020-11-19 00:00:00+05:30,2260.9312414050987,2385.6988965275123,2249.373245297369,2271.15576171875,2584654,0.0,0.0
2020-11-20 00:00:00+05:30,2306.6695738200133,2369.5472154101385,2296.4944949160745,2321.092529296875,2144949,0.0,0.0
2020-11-23 00:00:00+05:30,2345.1958243408612,2373.6958784921935,2300.2478841523566,2346.529541015625,1693126,0.0,0.0
2020-11-24 00:00:00+05:30,2353.740965434498,2393.996541483294,2268.982178622976,2285.281982421875,2018323,0.0,0.0
2020-11-25 00:00:00+05:30,2307.1634562056483,2326.4268633544434,2209.2165363281665,2214.303955078125,1501778,0.0,0.0
2020-11-26 00:00:00+05:30,2229.072384672388,2289.8756451421173,2216.773489084949,2276.391357421875,1207176,0.0,0.0
2020-11-27 00:00:00+05:30,2286.8626722567096,2346.1841340717756,2270.118374777659,2319.412841796875,8998610,0.0,0.0
2020-12-01 00:00:00+05:30,2355.0744883653065,2478.409756763021,2320.548591396139,2433.115966796875,2001392,0.0,0.0
2020-12-02 00:00:00+05:30,2444.674477618428,2454.898997794747,2346.62867542381,2382.290771484375,1611325,0.0,0.0
2020-12-03 00:00:00+05:30,2470.6551884098835,2470.704629992003,2343.1214714572097,2360.903076171875,1745381,0.0,0.0
2020-12-04 00:00:00+05:30,2370.8803743479707,2415.334381366995,2370.8803743479707,2405.10986328125,1219317,0.0,0.0
2020-12-07 00:00:00+05:30,2405.1103745091737,2438.599211622248,2388.711926474683,2403.18408203125,778998,0.0,0.0
2020-12-08 00:00:00+05:30,2436.079885081692,2474.606695916317,2386.439571121694,2420.718505859375,1412683,0.0,0.0
2020-12-09 00:00:00+05:30,2474.754991882292,2489.4249137382103,2403.4804821924863,2413.062744140625,1650915,0.0,0.0
2020-12-10 00:00:00+05:30,2425.16400661961,2425.16400661961,2341.24475447853,2364.01513671875,1121002,0.0,0.0
2020-12-11 00:00:00+05:30,2374.4370679646845,2383.722920707831,2316.5479689431677,2331.26708984375,1654915,0.0,0.0
2020-12-14 00:00:00+05:30,2346.9740595868566,2361.347570178447,2318.5234466879365,2328.20458984375,800654,0.0,0.0
2020-12-15 00:00:00+05:30,2332.353699567084,2363.5703893914106,2306.6691607323764,2326.6240234375,1060707,0.0,0.0
2020-12-16 00:00:00+05:30,2340.257011112654,2381.9943934341013,2331.366207777907,2360.705810546875,948217,0.0,0.0
2020-12-17 00:00:00+05:30,2365.94167866809,2393.601957166088,2351.3706391021797,2375.326416015625,1184865,0.0,0.0
2020-12-18 00:00:00+05:30,2375.819755764285,2398.5406931374987,2338.428899311343,2358.779052734375,1065060,0.0,0.0
2020-12-21 00:00:00+05:30,2356.0623747452305,2404.4678491110653,2276.736620559004,2307.113525390625,1241568,0.0,0.0
2020-12-22 00:00:00+05:30,2311.6085940416046,2395.5772822867057,2223.688438114381,2379.12939453125,1249868,0.0,0.0
2020-12-23 00:00:00+05:30,2361.002129133315,2431.0418029362177,2361.002129133315,2404.270751953125,1093766,0.0,0.0
2020-12-24 00:00:00+05:30,2405.4565856048243,2423.0901112561246,2376.116978566414,2383.77294921875,543157,0.0,0.0
2020-12-28 00:00:00+05:30,2396.071567602924,2399.9735942763314,2346.6782143231276,2359.81689453125,784636,0.0,0.0
2020-12-29 00:00:00+05:30,2373.8439984039687,2386.2912169643487,2342.232259765214,2347.66552734375,585199,0.0,0.0
2020-12-30 00:00:00+05:30,2353.9384566535273,2374.831742609865,2322.672328313533,2367.274658203125,569168,0.0,0.0
2020-12-31 00:00:00+05:30,2361.10061757722,2398.5406741328825,2356.062400249969,2383.525146484375,855723,0.0,0.0
2021-01-01 00:00:00+05:30,2376.313884901629,2400.516624531681,2365.9412822030354,2385.550537109375,423934,0.0,0.0
2021-01-04 00:00:00+05:30,2388.7610290161097,2399.5286816720386,2369.1517747303283,2380.018310546875,527018,0.0,0.0
2021-01-05 00:00:00+05:30,2375.820264163576,2485.325423538308,2356.853264968112,2479.0029296875,1720467,0.0,0.0
2021-01-06 00:00:00+05:30,2491.4005157283686,2508.0461707604286,2450.8979696756874,2471.791259765625,1108589,0.0,0.0
2021-01-07 00:00:00+05:30,2471.791276130189,2532.8909455270214,2469.6674585871892,2478.11376953125,1014690,0.0,0.0
2021-01-08 00:00:00+05:30,2503.15577917648,2547.7086717296725,2485.1766502793716,2522.51806640625,862326,0.0,0.0
2021-01-11 00:00:00+05:30,2533.631911339016,2560.4032037543698,2493.8702642266676,2519.604248046875,422296,0.0,0.0
2021-01-12 00:00:00+05:30,2527.9516999694297,2553.6362424466492,2477.7680072013213,2486.708251953125,500012,0.0,0.0
2021-01-13 00:00:00+05:30,2497.32733407039,2506.9590356159542,2408.1723530973472,2449.119384765625,662618,0.0,0.0
2021-01-14 00:00:00+05:30,2451.786837446984,2498.2165831636376,2444.970652100387,2481.521728515625,603193,0.0,0.0
2021-01-15 00:00:00+05:30,2489.4254146580993,2581.9885256896423,2479.645625571923,2560.897705078125,1941813,0.0,0.0
2021-01-18 00:00:00+05:30,2567.9605807276694,2598.9303114386576,2516.1469984732107,2577.59228515625,1572820,0.0,0.0
2021-01-19 00:00:00+05:30,2586.72944945943,2626.73805847341,2548.696574223918,2613.40185546875,1202289,0.0,0.0
2021-01-20 00:00:00+05:30,2613.1550886458185,2650.2989829938047,2611.1793547162124,2643.33447265625,1064146,0.0,0.0
2021-01-21 00:00:00+05:30,2642.5441321677145,2652.4228018206777,2543.164618987519,2553.685546875,994932,0.0,0.0
2021-01-22 00:00:00+05:30,2558.624783857292,2619.8230917814285,2535.9532861064117,2566.37939453125,1194708,0.0,0.0
2021-01-25 00:00:00+05:30,2579.172710614336,2675.1438953211027,2579.172710614336,2654.2998046875,1764152,0.0,0.0
2021-01-27 00:00:00+05:30,2665.2652852184883,2716.2885215793935,2555.8590100746974,2568.849365234375,1665899,0.0,0.0
2021-01-28 00:00:00+05:30,2562.5267080953513,2666.7466648047034,2549.239946684207,2590.58203125,1410605,0.0,0.0
2021-01-29 00:00:00+05:30,2590.780052433135,2644.0259864758723,2520.048679805698,2530.17431640625,921579,0.0,0.0
2021-02-01 00:00:00+05:30,2558.5753736859397,2644.075305548085,2497.4265065931663,2631.18359375,879244,0.0,0.0
2021-02-02 00:00:00+05:30,2646.9894347568757,2711.694718569742,2645.5076343642145,2672.328125,607131,0.0,0.0
2021-02-03 00:00:00+05:30,2681.959776812753,2774.0783661470728,2671.1921239678404,2687.689453125,1286454,0.0,0.0
2021-02-04 00:00:00+05:30,2696.876707840439,2714.5594293435443,2653.4105630986883,2698.506591796875,455213,0.0,0.0
2021-02-05 00:00:00+05:30,2706.7554758691613,2749.2337552349913,2655.0405439372853,2705.37255859375,941316,0.0,0.0
2021-02-08 00:00:00+05:30,2707.743349163166,2746.270160771106,2691.9374777342678,2697.123779296875,564043,0.0,0.0
2021-02-09 00:00:00+05:30,2713.176522561585,2802.1834294035452,2704.878536823055,2755.457275390625,1052950,0.0,0.0
2021-02-10 00:00:00+05:30,2779.7096895594227,2793.6879113147334,2712.3369663649974,2723.055419921875,745906,0.0,0.0
2021-02-11 00:00:00+05:30,2726.5129544655815,2745.7763612090885,2696.8769440909555,2723.055419921875,581642,0.0,0.0
2021-02-12 00:00:00+05:30,2734.415534596078,2756.1486060415673,2693.0240086326357,2714.757080078125,693562,0.0,0.0
2021-02-15 00:00:00+05:30,2743.306727258738,3089.0601858617483,2726.9574797662444,3053.151123046875,4446974,0.0,0.0
2021-02-16 00:00:00+05:30,3051.5210037547076,3214.074558357455,3010.0305919199077,3163.890869140625,4381584,0.0,0.0
2021-02-17 00:00:00+05:30,3138.4532299012267,3244.154991185278,3138.4532299012267,3195.74951171875,2081001,0.0,0.0
2021-02-18 00:00:00+05:30,3186.365118502995,3198.5159312581713,3056.460603518297,3069.055908203125,1477343,0.0,0.0
2021-02-19 00:00:00+05:30,3052.607932625137,3071.5254893243086,2860.8628502317915,2884.522216796875,2037556,0.0,0.0
2021-02-22 00:00:00+05:30,2883.039952616021,2931.8899199852335,2832.1153683958546,2894.00537109375,1246303,0.0,0.0
2021-02-23 00:00:00+05:30,2909.4657896577023,3015.46396515333,2901.8592621254406,2960.390380859375,1465930,0.0,0.0
2021-02-24 00:00:00+05:30,2978.4189355591293,3082.1449681407903,2963.650372489147,3022.527099609375,1088420,0.0,0.0
2021-02-25 00:00:00+05:30,3063.3751037934258,3101.8524693896497,3020.7979460600422,3053.84228515625,819639,0.0,0.0
2021-02-26 00:00:00+05:30,3032.751203482056,3135.4399134229047,2983.9998783814212,3021.538818359375,2103433,0.0,0.0
2021-03-01 00:00:00+05:30,3002.1770599841384,3060.411767623663,2971.0592515011995,3043.76611328125,678218,0.0,0.0
2021-03-02 00:00:00+05:30,3067.8209278007866,3113.7567426913797,3030.183099128722,3049.841796875,944553,0.0,0.0
2021-03-03 00:00:00+05:30,3077.3040955299484,3081.6506131627334,3012.401051077415,3019.908935546875,536623,0.0,0.0
2021-03-04 00:00:00+05:30,3020.897173792069,3043.9145222728084,2980.394628296492,3005.190185546875,687383,0.0,0.0
2021-03-05 00:00:00+05:30,2963.600960181889,2981.1355991962987,2835.178251907341,2844.56298828125,1486110,0.0,0.0
2021-03-08 00:00:00+05:30,2865.8021077036046,2900.229368412656,2812.2103240624742,2831.819580078125,952087,0.0,0.0
2021-03-09 00:00:00+05:30,2835.671943522064,2891.4369819304516,2792.403324958465,2851.082763671875,883183,0.0,0.0
2021-03-10 00:00:00+05:30,2874.6925758419743,2889.4611372313175,2845.797470053872,2868.8642578125,432551,0.0,0.0
2021-03-12 00:00:00+05:30,2895.536815003623,2994.224623476249,2891.9803976333615,2940.23779296875,1512021,0.0,0.0
2021-03-15 00:00:00+05:30,2961.62510475332,2988.297512301132,2879.6321482174544,2960.2421875,918701,0.0,0.0
2021-03-16 00:00:00+05:30,2965.576636761012,3042.630260234483,2954.5125749594877,3035.962158203125,1081398,0.0,0.0
2021-03-17 00:00:00+05:30,3042.6301310950653,3044.9022732598196,2933.9647692702415,2961.0322265625,740599,0.0,0.0
2021-03-18 00:00:00+05:30,2989.285498317289,3027.812310754293,2886.5473318186114,2922.802001953125,789785,0.0,0.0
2021-03-19 00:00:00+05:30,2918.1589067066043,2946.6589640644042,2852.218789231091,2898.994384765625,2288304,0.0,0.0
2021-03-22 00:00:00+05:30,2877.656102338879,2908.5269410611895,2840.1171624525496,2869.85205078125,488626,0.0,0.0
2021-03-23 00:00:00+05:30,2882.497011007987,2931.791718812918,2861.7026036860348,2910.9970703125,630061,0.0,0.0
2021-03-24 00:00:00+05:30,2921.962178087059,2940.73164900367,2868.8148911506514,2884.17626953125,627981,0.0,0.0
2021-03-25 00:00:00+05:30,2891.486612350047,2956.6858321707177,2753.6791704563566,2775.26416015625,1001626,0.0,0.0
2021-03-26 00:00:00+05:30,2805.54234586124,2869.7537023686273,2784.797138374238,2817.100341796875,918204,0.0,0.0
2021-03-30 00:00:00+05:30,2867.2839358461615,2934.853941428825,2840.1175936460686,2890.103759765625,1420415,0.0,0.0
2021-03-31 00:00:00+05:30,2865.802000781546,2892.4249666517026,2847.081970453014,2867.431884765625,665173,0.0,0.0
2021-04-01 00:00:00+05:30,2851.3299958161574,2878.594980155076,2808.900915463037,2858.9365234375,842489,0.0,0.0
2021-04-05 00:00:00+05:30,2886.5473041589953,2978.4189329361297,2850.9840930194596,2884.07763671875,1241115,0.0,0.0
2021-04-06 00:00:00+05:30,2903.3413040957576,2978.419201037329,2891.684424492817,2947.350830078125,1015604,0.0,0.0
2021-04-07 00:00:00+05:30,2962.6132867098145,3077.2058646552427,2962.366319947001,3060.214599609375,1240450,0.0,0.0
2021-04-08 00:00:00+05:30,3096.76516561617,3106.051017882633,3051.91586423912,3076.810302734375,800699,0.0,0.0
2021-04-09 00:00:00+05:30,3109.311315532291,3125.759204256653,3068.2159527460076,3094.1474609375,934037,0.0,0.0
2021-04-12 00:00:00+05:30,3081.15675830976,3081.15675830976,2942.9048385026604,2968.29296875,961549,0.0,0.0
2021-04-13 00:00:00+05:30,2995.5585048112916,3024.7497808501535,2915.195430280498,2944.58447265625,544916,0.0,0.0
2021-04-15 00:00:00+05:30,3000.151899427927,3002.078191726937,2867.086270728174,2957.1796875,692875,0.0,0.0
2021-04-16 00:00:00+05:30,2963.3535085264975,3035.714753463431,2957.6732742823015,3023.8603515625,622872,0.0,0.0
2021-04-19 00:00:00+05:30,3001.1396101822434,3203.800406083773,2969.182019836807,3119.0908203125,3552506,0.0,0.0
2021-04-20 00:00:00+05:30,3171.0528381362506,3268.8516639853124,3143.145597426796,3229.97900390625,2575420,0.0,0.0
2021-04-22 00:00:00+05:30,3229.3373160855026,3293.647556110629,3178.2151973619098,3189.773193359375,1307224,0.0,0.0
2021-04-23 00:00:00+05:30,3218.4702248843305,3258.972766081463,3132.525808197732,3161.223388671875,1030125,0.0,0.0
2021-04-26 00:00:00+05:30,3191.1564685176772,3213.5315610588827,3113.7569875369195,3136.132080078125,557667,0.0,0.0
2021-04-27 00:00:00+05:30,3161.1743691404968,3166.1137040922786,3119.486430383149,3152.3330078125,505348,0.0,0.0
2021-04-28 00:00:00+05:30,3171.052674393901,3209.579482587472,3143.9852184421,3160.43310546875,575824,0.0,0.0
2021-04-29 00:00:00+05:30,3160.4332241186735,3220.446139134758,3160.4332241186735,3199.60205078125,589707,0.0,0.0
2021-04-30 00:00:00+05:30,3216.4948067337764,3269.83962232457,3144.1829938352807,3158.70458984375,906562,0.0,0.0
2021-05-03 00:00:00+05:30,3169.8675204198657,3182.709790782118,3101.9022259593335,3165.422119140625,728281,0.0,0.0
2021-05-04 00:00:00+05:30,3193.92180754922,3203.89935982395,3127.9816912250853,3142.651611328125,581864,0.0,0.0
2021-05-05 00:00:00+05:30,3160.976723234984,3316.269359951443,3137.6135250984053,3292.461669921875,1679977,0.0,0.0
2021-05-06 00:00:00+05:30,3317.1094327581072,3344.818910254102,3260.652686782714,3306.5390625,1124908,0.0,0.0
2021-05-07 00:00:00+05:30,3306.53906812725,3355.784336567403,3261.936967720213,3270.6796875,774478,0.0,0.0
2021-05-10 00:00:00+05:30,3274.778896897467,3302.044120836229,3222.026898921087,3283.373291015625,627199,0.0,0.0
2021-05-11 00:00:00+05:30,3274.778858359696,3274.778858359696,3205.8751402991866,3218.66796875,670759,0.0,0.0
2021-05-12 00:00:00+05:30,3235.165327511168,3235.165327511168,3146.9490031979385,3157.963623046875,703372,0.0,0.0
2021-05-14 00:00:00+05:30,3161.17441517828,3172.7818524840127,3057.79422960329,3102.8408203125,842794,0.0,0.0
2021-05-17 00:00:00+05:30,3108.817598028381,3151.2464394766125,3077.304735689125,3114.102783203125,847722,0.0,0.0
2021-05-18 00:00:00+05:30,3135.48979077762,3149.76442038589,3101.9023134977083,3125.1171875,639445,0.0,0.0
2021-05-19 00:00:00+05:30,3141.6145008283197,3196.836409352979,3123.3389618189226,3190.513916015625,711069,0.0,0.0
2021-05-20 00:00:00+05:30,3206.517178732835,3233.0415023335886,3175.004320067269,3180.882080078125,752076,0.0,0.0
2021-05-21 00:00:00+05:30,3207.0112538143903,3219.8535244999853,3185.870997003334,3208.344970703125,471439,0.0,0.0
2021-05-24 00:00:00+05:30,3208.591805661343,3245.142882265244,3200.8369537483245,3221.532958984375,611909,0.0,0.0
2021-05-25 00:00:00+05:30,3226.6209024905525,3227.361802812594,3132.180711636272,3160.828857421875,622276,0.0,0.0
2021-05-26 00:00:00+05:30,3166.1138911839594,3180.9318969149294,3139.5403640444774,3144.9736328125,260821,0.0,0.0
2021-05-27 00:00:00+05:30,3147.837942788213,3184.4879020173016,3115.3372175687923,3160.186279296875,1084157,0.0,0.0
2021-05-28 00:00:00+05:30,3160.186662240737,3168.08959856394,3101.902506857116,3111.13916015625,555829,0.0,0.0
2021-05-31 00:00:00+05:30,3106.8418685281067,3147.6408258799265,3087.0845275517754,3130.3037109375,635444,0.0,0.0
2021-06-01 00:00:00+05:30,3151.2956317758385,3209.5797829591534,3122.499406094788,3200.491455078125,706976,0.0,0.0
2021-06-02 00:00:00+05:30,3204.9375236191595,3260.94954419776,3180.9323030344704,3233.882080078125,843219,0.0,0.0
2021-06-03 00:00:00+05:30,3231.3131268145826,3393.3233233286737,3227.4111001952137,3384.086669921875,1098294,0.0,0.0
2021-06-04 00:00:00+05:30,3383.7904549333844,3387.050223215858,3334.051253100918,3339.138671875,380548,0.0,0.0
2021-06-07 00:00:00+05:30,3339.138468250844,3339.138468250844,3267.8639622801156,3275.075439453125,526855,0.0,0.0
2021-06-08 00:00:00+05:30,3258.9732406077164,3272.3094451388483,3216.09990917902,3249.5390625,766456,0.0,0.0
2021-06-09 00:00:00+05:30,3250.082318351586,3291.1776806112443,3211.5555066750776,3265.789306640625,587528,0.0,0.0
2021-06-10 00:00:00+05:30,3282.1385534537585,3304.415001776162,3257.046828984898,3285.34912109375,749909,0.0,0.0
2021-06-11 00:00:00+05:30,3301.797059119264,3305.402676865028,3261.6401245692314,3296.0673828125,277612,0.0,0.0
2021-06-14 00:00:00+05:30,3304.4146542238655,3319.2326571576045,3245.142642488908,3309.551513671875,317756,0.0,0.0
2021-06-15 00:00:00+05:30,3314.2932516506303,3316.2195437549503,3255.02124118892,3258.28125,461588,0.0,0.0
2021-06-16 00:00:00+05:30,3269.839546942821,3284.6575509319878,3238.227805099265,3254.231201171875,419575,0.0,0.0
2021-06-17 00:00:00+05:30,3217.4829051844513,3243.1180062854273,3186.0686855072872,3201.281982421875,356502,0.0,0.0
2021-06-18 00:00:00+05:30,3195.7495336963325,3213.5311385206087,3124.17862251431,3182.413330078125,520516,0.0,0.0
2021-06-21 00:00:00+05:30,3156.2350974692617,3212.5435170485252,3142.4049593269865,3198.71337890625,200280,0.0,0.0
2021-06-22 00:00:00+05:30,3198.713105088596,3262.875013670542,3190.909052847746,3218.66796875,567861,0.0,0.0
2021-06-23 00:00:00+05:30,3235.214755543283,3235.214755543283,3173.0285805090343,3205.4306640625,504942,0.0,0.0
2021-06-24 00:00:00+05:30,3190.7118153655815,3241.8339372385694,3103.6314279122644,3164.38525390625,1754163,0.0,0.0
2021-06-25 00:00:00+05:30,3213.77812955767,3422.9589545584654,3183.154254350942,3397.2744140625,3717669,0.0,0.0
2021-06-28 00:00:00+05:30,3406.0173534605815,3447.6558512963984,3360.9210799249386,3412.24072265625,1213113,0.0,0.0
2021-06-29 00:00:00+05:30,3378.505266378188,3561.2112266268923,3378.505266378188,3547.57861328125,2268589,0.0,0.0
2021-06-30 00:00:00+05:30,3573.114658580826,3615.4448526801257,3539.1321329191724,3575.93017578125,1291906,0.0,0.0
2021-07-01 00:00:00+05:30,3575.9302339061373,3652.094630159664,3551.3816440123073,3633.819091796875,876022,0.0,0.0
2021-07-02 00:00:00+05:30,3656.095760191802,3699.4630249396587,3622.508282254347,3687.905029296875,573795,0.0,0.0
2021-07-05 00:00:00+05:30,3714.3798108624287,3717.29397019111,3657.774985189924,3672.98828125,444545,0.0,0.0
2021-07-06 00:00:00+05:30,3672.7907811371674,3705.2423099573143,3651.156589376054,3661.2822265625,344090,0.0,0.0
2021-07-07 00:00:00+05:30,3669.9257380430827,3712.2064919552863,3652.7369494964437,3670.5185546875,466002,0.0,0.0
2021-07-08 00:00:00+05:30,3655.1075824039467,3674.864920687211,3612.6293050949275,3626.8544921875,459811,0.0,0.0
2021-07-09 00:00:00+05:30,3628.4352943782064,3698.5738475774583,3628.4352943782064,3680.693359375,469932,0.0,0.0
2021-07-12 00:00:00+05:30,3699.5615889272185,3742.830207949293,3684.8424683959224,3701.932373046875,464757,0.0,0.0
2021-07-13 00:00:00+05:30,3722.2823142601414,3724.208606394096,3675.8525720175126,3704.797119140625,246112,0.0,0.0
2021-07-14 00:00:00+05:30,3708.4523340273886,3729.197538879433,3663.899440469002,3709.24267578125,395272,0.0,0.0
2021-07-15 00:00:00+05:30,3729.0492633200565,3751.9182843533663,3705.044050705806,3716.700927734375,399845,0.0,0.0
2021-07-16 00:00:00+05:30,3716.7012756413037,3741.0520992242878,3696.993137259006,3733.248046875,226565,0.0,0.0
2021-07-19 00:00:00+05:30,3733.2479964942613,3872.388908313408,3719.3189763663704,3836.628173828125,1044561,0.0,0.0
2021-07-20 00:00:00+05:30,3842.802156211397,3860.5837600190584,3770.9842824016937,3835.837646484375,357815,0.0,0.0
2021-07-22 00:00:00+05:30,3842.802756761926,3955.4195984768,3842.802756761926,3936.946533203125,760359,0.0,0.0
2021-07-23 00:00:00+05:30,3936.9463187382034,3951.2209483457755,3865.523487937251,3871.351806640625,335985,0.0,0.0
2021-07-26 00:00:00+05:30,3889.2321791667705,4108.340875565939,3882.3171105220745,4050.600341796875,1982531,0.0,0.0
2021-07-27 00:00:00+05:30,4070.9009853680595,4138.816840976413,4001.305804111266,4028.7685546875,859687,0.0,0.0
2021-07-28 00:00:00+05:30,4050.2545646673893,4050.2545646673893,3937.1437969467997,3979.523193359375,455244,0.0,0.0
2021-07-29 00:00:00+05:30,3990.98239225472,4005.3559043040996,3944.750171752317,3989.74755859375,449417,0.0,0.0
2021-07-30 00:00:00+05:30,3982.0917450215884,4036.868920120416,3958.8768712909987,3986.043212890625,627367,0.0,0.0
2021-08-02 00:00:00+05:30,4010.394161883034,4043.2901811515017,3986.0927784397763,3999.03369140625,344295,0.0,0.0
2021-08-03 00:00:00+05:30,4040.968592887357,4173.737812877695,4014.740677448849,4043.04296875,981680,0.0,0.0
2021-08-04 00:00:00+05:30,4060.923454008165,4078.507775950233,4003.4790846650635,4017.062255859375,305863,0.0,0.0
2021-08-05 00:00:00+05:30,4035.2392209113614,4061.8129882547964,3987.0312624654803,4024.3232421875,270458,0.0,0.0
2021-08-06 00:00:00+05:30,4040.1784742681702,4127.357495180117,4023.7797857208543,4038.44970703125,717143,0.0,0.0
2021-08-09 00:00:00+05:30,4059.1452393126356,4061.120973184289,3941.589073949237,3955.122802734375,431991,0.0,0.0
2021-08-10 00:00:00+05:30,3975.1768156065878,4037.2149115609923,3951.4680075612205,4013.506103515625,364246,0.0,0.0
2021-08-11 00:00:00+05:30,4015.679499609809,4033.6091898340937,3867.499444273654,3977.49853515625,831738,0.0,0.0
2021-08-12 00:00:00+05:30,3978.140103730967,4092.68346653407,3927.116873567704,4082.952880859375,556973,0.0,0.0
2021-08-13 00:00:00+05:30,4094.6591758770032,4095.4492764688716,3989.20414117192,4014.7900390625,553736,0.0,0.0
2021-08-16 00:00:00+05:30,4095.696915470855,4321.424543349554,4075.099790372454,4292.38134765625,3709012,0.0,0.0
2021-08-17 00:00:00+05:30,4292.282319147889,4913.650691701174,4279.6870142988355,4860.7998046875,8069431,0.0,0.0
2021-08-18 00:00:00+05:30,4794.07741622431,4905.774477674484,4707.141324451078,4732.693359375,2941548,3.0,0.0
2021-08-20 00:00:00+05:30,4664.588081863775,4877.801169448088,4643.039637461938,4691.77099609375,2331020,0.0,0.0
2021-08-23 00:00:00+05:30,4724.885344881543,4783.847468188571,4665.775047644147,4688.55908203125,699991,0.0,0.0
2021-08-24 00:00:00+05:30,4764.423338406367,4832.578508475777,4695.872877038277,4784.93408203125,1576663,0.0,0.0
2021-08-25 00:00:00+05:30,4808.904592851312,4823.731636816938,4695.230589114847,4716.630859375,469002,0.0,0.0
2021-08-26 00:00:00+05:30,4721.3760430364655,4724.884917226229,4592.825275729165,4646.20263671875,800419,0.0,0.0
2021-08-27 00:00:00+05:30,4662.710195962296,4776.285260108055,4622.430058472767,4710.15673828125,937887,0.0,0.0
2021-08-30 00:00:00+05:30,4734.967277983672,4772.331235858466,4667.158166793145,4702.693359375,632354,0.0,0.0
2021-08-31 00:00:00+05:30,4711.145168166701,4987.817719199681,4711.145168166701,4912.2490234375,2883159,0.0,0.0
2021-09-01 00:00:00+05:30,4927.521162844015,5013.320134665155,4888.278725016255,4980.94775390625,841956,0.0,0.0
2021-09-02 00:00:00+05:30,4980.947796684599,5062.941547211139,4955.198355363029,4985.3466796875,900686,0.0,0.0
2021-09-03 00:00:00+05:30,4995.72628302913,5014.8035567795605,4909.729411912484,4956.73095703125,567961,0.0,0.0
2021-09-06 00:00:00+05:30,4971.013634047987,4981.886799682214,4914.670866670629,4937.89990234375,439776,0.0,0.0
2021-09-07 00:00:00+05:30,4962.51264220402,4965.082759672966,4803.962216207568,4820.8154296875,479021,0.0,0.0
2021-09-08 00:00:00+05:30,4843.500863174181,4844.934337102317,4736.845093758189,4755.92236328125,642506,0.0,0.0
2021-09-09 00:00:00+05:30,4760.173082558289,4764.423308632084,4630.979917207741,4665.13134765625,838279,0.0,0.0
2021-09-13 00:00:00+05:30,4680.403426575089,4740.700070507735,4627.372130531771,4691.12841796875,1151299,0.0,0.0
2021-09-14 00:00:00+05:30,4717.965551279202,4717.965551279202,4642.545511454154,4677.88330078125,528943,0.0,0.0
2021-09-15 00:00:00+05:30,4695.230941792222,4763.633236152078,4632.512348046115,4736.7958984375,659281,0.0,0.0
2021-09-16 00:00:00+05:30,4763.435144905208,4833.616488604787,4736.795695327781,4824.47314453125,779552,0.0,0.0
2021-09-17 00:00:00+05:30,4818.788663578222,4888.4757611745845,4808.360503735948,4851.6552734375,814867,0.0,0.0
2021-09-20 00:00:00+05:30,4807.916484999673,4895.445281401921,4726.565624047929,4821.85400390625,434640,0.0,0.0
2021-09-21 00:00:00+05:30,4801.985080450712,4862.232492665859,4734.917324861492,4835.19775390625,462221,0.0,0.0
2021-09-22 00:00:00+05:30,4868.213553490784,4952.233482840371,4813.748773346861,4848.34521484375,562041,0.0,0.0
2021-09-23 00:00:00+05:30,4874.539183131534,5074.803232709483,4848.443680646673,5025.57763671875,696944,0.0,0.0
2021-09-24 00:00:00+05:30,5096.648704993635,5138.065488798259,4657.2242112772265,4677.24072265625,1949974,0.0,0.0
2021-09-27 00:00:00+05:30,4694.044282261356,4715.988500623406,4412.627274403417,4512.9072265625,1885178,0.0,0.0
2021-09-28 00:00:00+05:30,4527.191109418707,4576.51564964829,4325.543295811411,4360.18896484375,1051440,0.0,0.0
2021-09-29 00:00:00+05:30,4369.036449502656,4455.13226430252,4349.267053803549,4372.49609375,571896,0.0,0.0
2021-09-30 00:00:00+05:30,4393.747210409054,4448.755445095756,4333.104506149106,4429.92529296875,808446,0.0,0.0
2021-10-01 00:00:00+05:30,4429.925664526476,4467.882802423909,4383.862882466822,4407.9814453125,534563,0.0,0.0
2021-10-04 00:00:00+05:30,4408.475259161176,4512.363505623729,4389.645107252932,4495.806640625,535335,0.0,0.0
2021-10-05 00:00:00+05:30,4518.294817022524,4524.077461065252,4417.520142099114,4430.71630859375,425555,0.0,0.0
2021-10-06 00:00:00+05:30,4443.170820658186,4457.00939496057,4305.773547227377,4328.26123046875,480575,0.0,0.0
2021-10-07 00:00:00+05:30,4359.15143169851,4416.482675017902,4330.4858100388155,4377.240234375,276775,0.0,0.0
2021-10-08 00:00:00+05:30,4407.586316596021,4407.586316596021,4315.2633447319895,4328.755859375,269607,0.0,0.0
2021-10-11 00:00:00+05:30,4350.353236934556,4371.951392158706,4309.7270437306315,4326.67919921875,331320,0.0,0.0
2021-10-12 00:00:00+05:30,4298.854642481783,4356.23511440085,4243.7966881919965,4301.1279296875,612692,0.0,0.0
2021-10-13 00:00:00+05:30,4334.4394012573175,4358.1626727807325,4289.958267150914,4327.02587890625,302343,0.0,0.0
2021-10-14 00:00:00+05:30,4353.1713635287915,4378.673688934243,4262.627441747375,4278.4921875,436160,0.0,0.0
2021-10-18 00:00:00+05:30,4397.7018452282355,4397.7018452282355,4271.820128111381,4280.46923828125,345049,0.0,0.0
2021-10-19 00:00:00+05:30,4301.819751037344,4337.058596171742,4177.914988654045,4251.45703125,285362,0.0,0.0
2021-10-20 00:00:00+05:30,4251.457197457604,4267.569542352363,4087.3220050434825,4098.9365234375,510321,0.0,0.0
2021-10-21 00:00:00+05:30,4138.72267105313,4186.070273577923,4028.2611810865224,4087.174072265625,698306,0.0,0.0
2021-10-22 00:00:00+05:30,4107.585765032763,4141.144503809254,3956.201729710096,3981.951171875,347114,0.0,0.0
2021-10-25 00:00:00+05:30,3998.755191096025,4201.885712578993,3909.397627567581,4115.98779296875,1151030,0.0,0.0
2021-10-26 00:00:00+05:30,4115.987644097849,4258.8215092688715,4087.865489347988,4218.7392578125,790450,0.0,0.0
2021-10-27 00:00:00+05:30,4229.464291374621,4275.230731668692,4166.548286560034,4227.240234375,623848,0.0,0.0
2021-10-28 00:00:00+05:30,4228.474752527974,4264.257542491112,4176.28375452595,4240.0400390625,537955,0.0,0.0
2021-10-29 00:00:00+05:30,4240.039930903626,4298.853866301403,4113.070830249151,4212.90625,705546,0.0,0.0
2021-11-01 00:00:00+05:30,4231.837015248825,4299.843543053162,4208.904323292038,4286.59814453125,239375,0.0,0.0
2021-11-02 00:00:00+05:30,4289.95846325541,4344.324296315098,4221.309050085916,4240.43603515625,389193,0.0,0.0
2021-11-03 00:00:00+05:30,4267.223858345857,4398.64110305497,4250.469103228617,4387.421875,667752,0.0,0.0
2021-11-04 00:00:00+05:30,4396.712812879876,4426.366901096241,4368.887489967087,4387.37158203125,69818,0.0,0.0
2021-11-08 00:00:00+05:30,4387.421301991412,4423.401499220197,4327.519947170062,4354.5546875,285968,0.0,0.0
2021-11-09 00:00:00+05:30,4402.643633530421,4503.022529150914,4369.035666862249,4480.6337890625,547476,0.0,0.0
2021-11-10 00:00:00+05:30,4469.958563105035,4531.1447360250495,4428.343895591672,4500.35400390625,359967,0.0,0.0
2021-11-11 00:00:00+05:30,4492.693384981643,4673.583326190112,4474.851218676109,4514.587890625,1110123,0.0,0.0
2021-11-12 00:00:00+05:30,4559.711216798366,4633.945378587108,4518.442611944269,4615.65869140625,423439,0.0,0.0
2021-11-15 00:00:00+05:30,4745.444604900976,5088.196434532106,4745.444604900976,5022.36474609375,3044498,0.0,0.0
2021-11-16 00:00:00+05:30,5021.425733130785,5144.984437194043,4981.886947830543,5038.08154296875,1118231,0.0,0.0
2021-11-17 00:00:00+05:30,5021.4264271961565,5777.012622191249,5016.63225228561,5667.83642578125,6482125,0.0,0.0
2021-11-18 00:00:00+05:30,5667.836283235346,5776.419298522755,5482.201375670109,5524.162109375,2165157,0.0,0.0
2021-11-22 00:00:00+05:30,5532.464592108791,5574.9687867596185,5251.739213484726,5357.01123046875,1204625,0.0,0.0
2021-11-23 00:00:00+05:30,5312.529900439594,5476.121620324747,5288.312395078952,5391.3603515625,763056,0.0,0.0
2021-11-24 00:00:00+05:30,5402.97527092407,5418.2473205406795,5243.930595941016,5334.96875,697909,0.0,0.0
2021-11-25 00:00:00+05:30,5337.735408860244,5683.699740916001,5263.649425263851,5635.31396484375,1575738,0.0,0.0
2021-11-26 00:00:00+05:30,5643.173173291507,5866.962603199033,5562.56366723096,5622.02001953125,2613669,0.0,0.0
2021-11-29 00:00:00+05:30,5703.4694294590245,5790.454751780064,5486.006123656428,5661.45947265625,1189390,0.0,0.0
2021-11-30 00:00:00+05:30,5688.642549365962,5762.72853896422,5564.6885580264325,5622.16796875,1352746,0.0,0.0
2021-12-01 00:00:00+05:30,5652.761313628688,5698.527263202438,5467.917497805816,5506.76416015625,835169,0.0,0.0
2021-12-02 00:00:00+05:30,5560.883036676333,5742.020096885361,5514.523907428654,5528.46142578125,1236317,0.0,0.0
2021-12-03 00:00:00+05:30,5528.461795047984,5589.450085874139,5357.505767577438,5369.7626953125,844674,0.0,0.0
2021-12-06 00:00:00+05:30,5403.962722095745,5404.951191589452,5215.21427921196,5238.6904296875,489242,0.0,0.0
2021-12-07 00:00:00+05:30,5238.691246387326,5372.57965324327,5175.577845495803,5253.3701171875,595254,0.0,0.0
2021-12-08 00:00:00+05:30,5251.738815260412,5305.116171937254,5217.142380377274,5272.00244140625,557196,0.0,0.0
2021-12-09 00:00:00+05:30,5308.0815971298825,5323.8971102684445,5150.914935315423,5172.46337890625,689987,0.0,0.0
2021-12-10 00:00:00+05:30,5204.292869993169,5266.961751232645,5170.19066600176,5184.81982421875,416165,0.0,0.0
2021-12-13 00:00:00+05:30,5225.742609823282,5267.55468230257,5115.330358588065,5146.6650390625,480443,0.0,0.0
2021-12-14 00:00:00+05:30,5066.894938588233,5189.4651633999665,5006.6475261545875,5151.9033203125,1007056,0.0,0.0
2021-12-15 00:00:00+05:30,5169.696114719651,5209.135956043586,5110.437167915881,5132.677734375,377883,0.0,0.0
2021-12-16 00:00:00+05:30,5169.647113477099,5181.557979870536,5083.699483112203,5144.29248046875,265216,0.0,0.0
2021-12-17 00:00:00+05:30,5140.0421211033745,5140.0421211033745,4675.461390926724,4731.5078125,1133941,0.0,0.0
2021-12-20 00:00:00+05:30,4724.885637197691,4768.378308335075,4589.613448732185,4650.701171875,994682,0.0,0.0
2021-12-21 00:00:00+05:30,4705.115528634749,4813.8471900107625,4640.9142318799795,4791.70556640625,1004676,0.0,0.0
2021-12-22 00:00:00+05:30,4843.698962508442,4843.748192928334,4695.230634438975,4720.48583984375,779992,0.0,0.0
2021-12-23 00:00:00+05:30,4747.6203183791495,4842.513416560369,4731.359797557386,4821.310546875,582129,0.0,0.0
2021-12-24 00:00:00+05:30,4823.731672689727,4849.382652001487,4768.130257405137,4786.6640625,348742,0.0,0.0
2021-12-27 00:00:00+05:30,4798.3775926457165,4803.962349464137,4700.1730394448505,4784.2421875,315490,0.0,0.0
2021-12-28 00:00:00+05:30,4798.822118414207,4837.570320581091,4754.736759480408,4788.3447265625,348173,0.0,0.0
2021-12-29 00:00:00+05:30,4808.904472562364,4933.747986569655,4777.273446226907,4919.2177734375,861183,0.0,0.0
2021-12-30 00:00:00+05:30,4942.298562766405,4951.88642789449,4883.039619665669,4913.43505859375,617460,0.0,0.0
2021-12-31 00:00:00+05:30,4922.578959532573,4998.493237173316,4895.890278426673,4955.59375,504012,0.0,0.0
2022-01-03 00:00:00+05:30,4980.355322699379,5009.564409096032,4921.442432407864,4932.9580078125,310798,0.0,0.0
2022-01-04 00:00:00+05:30,4957.175218374702,4970.914849767776,4864.358016199978,4907.3564453125,369814,0.0,0.0
2022-01-05 00:00:00+05:30,4904.785967425728,5079.399019050627,4865.247184939426,4915.90625,966342,0.0,0.0
2022-01-06 00:00:00+05:30,4912.693820930337,4979.909752484314,4848.4432981213895,4907.2080078125,585391,0.0,0.0
2022-01-07 00:00:00+05:30,4902.809346149333,5000.766782639932,4900.832406896853,4963.9462890625,549876,0.0,0.0
2022-01-10 00:00:00+05:30,4963.946218486364,5026.367977965673,4905.774685278984,5006.845703125,542304,0.0,0.0
2022-01-11 00:00:00+05:30,4991.771827713602,5082.216802413759,4962.414085488151,5000.71728515625,742409,0.0,0.0
2022-01-12 00:00:00+05:30,5016.4828933585895,5040.206162213882,4947.932434531925,4956.58154296875,360219,0.0,0.0
2022-01-13 00:00:00+05:30,4966.96134838285,4992.760504339597,4896.038646702714,4925.890625,457570,0.0,0.0
2022-01-14 00:00:00+05:30,4940.272363289054,4957.1752908208955,4873.155370637491,4916.697265625,207639,0.0,0.0
2022-01-17 00:00:00+05:30,4916.647462876012,4927.224279951902,4843.500717348705,4855.115234375,337077,0.0,0.0
2022-01-18 00:00:00+05:30,4843.500880869652,4853.286633057913,4453.055401697507,4562.57763671875,3507266,0.0,0.0
2022-01-19 00:00:00+05:30,4561.787113406409,4561.787113406409,4349.2661536269125,4463.87939453125,2404880,0.0,0.0
2022-01-20 00:00:00+05:30,4472.824705257791,4670.518614882445,4438.228271073476,4591.2431640625,2747887,0.0,0.0
2022-01-21 00:00:00+05:30,4596.334814576292,4679.168381294518,4492.4465539321745,4637.5537109375,1008450,0.0,0.0
2022-01-24 00:00:00+05:30,4635.923176314568,4656.483154270559,4410.799188381595,4446.28515625,737762,0.0,0.0
2022-01-25 00:00:00+05:30,4364.093075810508,4482.709422151903,4201.094543076603,4434.2744140625,917284,0.0,0.0
2022-01-27 00:00:00+05:30,4375.954568713051,4375.954568713051,4102.148511443226,4242.75830078125,1244330,0.0,0.0
2022-01-28 00:00:00+05:30,4295.889271822501,4512.364133886267,4285.2632226572705,4426.96044921875,932049,0.0,0.0
2022-01-31 00:00:00+05:30,4531.14465671989,4531.14465671989,4307.799757030743,4405.955078125,934551,0.0,0.0
2022-02-01 00:00:00+05:30,4427.15731261174,4479.991204135671,4392.758764670731,4460.02392578125,548762,0.0,0.0
2022-02-02 00:00:00+05:30,4477.767863028853,4629.003731250357,4468.525574551736,4612.49609375,676206,0.0,0.0
2022-02-03 00:00:00+05:30,4614.126507932461,4650.5019933577005,4549.72733231854,4589.26611328125,777217,0.0,0.0
2022-02-04 00:00:00+05:30,4586.499564255924,4738.723903242005,4548.6905969428235,4633.84716796875,829635,0.0,0.0
2022-02-07 00:00:00+05:30,4633.352485387245,4670.074035914701,4398.739120239412,4423.5498046875,597040,0.0,0.0
2022-02-08 00:00:00+05:30,4445.64199273133,4477.470906673609,4329.496815600494,4348.77197265625,628869,0.0,0.0
2022-02-09 00:00:00+05:30,4462.644073375485,4534.1102352326725,4378.96973229215,4524.47265625,842211,0.0,0.0
2022-02-10 00:00:00+05:30,4523.286021062991,4569.694860828167,4475.889194370601,4537.7177734375,487802,0.0,0.0
2022-02-11 00:00:00+05:30,4556.844864254263,4560.255277440909,4424.8349419956085,4462.84130859375,572726,0.0,0.0
2022-02-14 00:00:00+05:30,4427.453713507501,4624.060195177538,4351.983972705837,4434.6201171875,1094132,0.0,0.0
2022-02-15 00:00:00+05:30,4477.76763616858,4621.095739313049,4449.991541718618,4609.62939453125,791080,0.0,0.0
2022-02-16 00:00:00+05:30,4640.865097495439,4669.530717905955,4502.528574212489,4531.935546875,584166,0.0,0.0
2022-02-17 00:00:00+05:30,4531.144653060072,4613.681864781389,4497.536686610673,4512.0673828125,520450,0.0,0.0
2022-02-18 00:00:00+05:30,4452.066751884255,4539.842652866278,4411.094496908701,4419.99072265625,388145,0.0,0.0
2022-02-21 00:00:00+05:30,4419.448103466894,4472.776237744572,4340.024465197985,4375.609375,392246,0.0,0.0
2022-02-22 00:00:00+05:30,4277.107509589991,4552.445494665963,4250.418833195507,4523.28564453125,833525,0.0,0.0
2022-02-23 00:00:00+05:30,4542.018114527734,4680.403867745118,4537.57000103146,4557.6357421875,755051,0.0,0.0
2022-02-24 00:00:00+05:30,4373.978230342556,4482.709892565761,4300.8807061783855,4331.4248046875,814710,0.0,0.0
2022-02-25 00:00:00+05:30,4517.306309860805,4692.858616594825,4414.2583486347685,4580.02490234375,1187316,0.0,0.0
2022-02-28 00:00:00+05:30,4561.786997310122,4770.354073460162,4518.492223852232,4747.42138671875,1617666,0.0,0.0
2022-03-02 00:00:00+05:30,4771.342670733961,4847.405598104138,4725.082487372146,4805.19775390625,1194676,0.0,0.0
2022-03-03 00:00:00+05:30,4823.731744557547,4911.705540718535,4818.838626879133,4861.095703125,930907,0.0,0.0
2022-03-04 00:00:00+05:30,4823.731543591026,4833.023061099679,4677.635932933714,4692.51220703125,738388,0.0,0.0
2022-03-07 00:00:00+05:30,4566.729635285262,4678.228815138247,4530.996555123817,4610.568359375,643012,0.0,0.0
2022-03-08 00:00:00+05:30,4606.2685458467895,4685.3461174493095,4542.413310247515,4667.80078125,670238,0.0,0.0
2022-03-09 00:00:00+05:30,4723.896019766116,4759.381980383741,4639.876107299047,4656.630859375,447387,0.0,0.0
2022-03-10 00:00:00+05:30,4750.189575158448,4763.434971181406,4690.288221260795,4714.70361328125,363906,0.0,0.0
2022-03-11 00:00:00+05:30,4693.254127847984,4806.928143160225,4680.651139193801,4798.130859375,436703,0.0,0.0
2022-03-14 00:00:00+05:30,4833.616249516032,4958.7068818903845,4807.96527083697,4866.72998046875,626924,0.0,0.0
2022-03-15 00:00:00+05:30,4892.875919027484,4941.3601660843005,4645.807717662776,4757.45556640625,686998,0.0,0.0
2022-03-16 00:00:00+05:30,4837.175719021816,4899.992779273671,4776.483772225889,4886.6484375,477521,0.0,0.0
2022-03-17 00:00:00+05:30,4889.959935089534,4940.371893183241,4769.267680064351,4784.0947265625,852493,0.0,0.0
2022-03-21 00:00:00+05:30,4818.789608071174,4858.229451102377,4700.222478910562,4712.43017578125,509842,0.0,0.0
2022-03-22 00:00:00+05:30,4742.677171421936,4772.331259613402,4420.287905830606,4623.66552734375,1255679,0.0,0.0
2022-03-23 00:00:00+05:30,4643.3355646576865,4661.671481171348,4542.61061722014,4555.0654296875,896055,0.0,0.0
2022-03-24 00:00:00+05:30,4546.911305567039,4630.980458938294,4506.037987696967,4575.18115234375,719101,0.0,0.0
2022-03-25 00:00:00+05:30,4616.153179677108,4709.069325049624,4569.101928681639,4629.201171875,968364,0.0,0.0
2022-03-28 00:00:00+05:30,4658.459530571042,4665.576705045995,4547.009578559615,4604.884765625,524802,0.0,0.0
2022-03-29 00:00:00+05:30,4631.869745124294,4643.336089368566,4546.021061183378,4560.5517578125,778391,0.0,0.0
2022-03-30 00:00:00+05:30,4623.072358167454,4639.5799936870635,4526.844745266126,4561.58935546875,4839707,0.0,0.0
2022-03-31 00:00:00+05:30,4571.672079159492,4581.260427715719,4448.953670040508,4464.02783203125,1225845,0.0,0.0
2022-04-01 00:00:00+05:30,4505.444981225077,4505.444981225077,4403.731543624551,4454.93408203125,827880,0.0,0.0
2022-04-04 00:00:00+05:30,4504.455926814987,4530.452484001445,4447.1246905289945,4512.314453125,619577,0.0,0.0
2022-04-05 00:00:00+05:30,4551.903120196794,4551.903120196794,4489.777700951157,4501.73828125,487075,0.0,0.0
2022-04-06 00:00:00+05:30,4514.340976534361,4555.856702615913,4446.284743320435,4459.72802734375,653418,0.0,0.0
2022-04-07 00:00:00+05:30,4478.75579996108,4530.848341434251,4438.228545977763,4484.1923828125,413722,0.0,0.0
2022-04-08 00:00:00+05:30,4521.259862011503,4575.131454158339,4461.95168717095,4553.0390625,685882,0.0,0.0
2022-04-11 00:00:00+05:30,4553.879069023594,4632.61056959511,4522.742279209345,4608.39306640625,652187,0.0,0.0
2022-04-12 00:00:00+05:30,4615.164386339059,4628.014490648849,4541.572634365994,4572.95654296875,574409,0.0,0.0
2022-04-13 00:00:00+05:30,4575.625624367451,4709.06901587525,4575.625624367451,4689.74462890625,812061,0.0,0.0
2022-04-18 00:00:00+05:30,4670.024697897084,4689.744859784531,4465.905722319615,4501.98486328125,579482,0.0,0.0
2022-04-19 00:00:00+05:30,4541.029593714849,4813.847218413434,4530.551718844737,4760.81591796875,1713344,0.0,0.0
2022-04-20 00:00:00+05:30,4750.58469985761,4794.077360447234,4676.844774236789,4725.82373046875,777140,0.0,0.0
2022-04-21 00:00:00+05:30,4784.192651028607,4847.108641737626,4715.098725594601,4828.9208984375,771623,0.0,0.0
2022-04-22 00:00:00+05:30,4794.029295847171,4803.963224268948,4732.793398724222,4758.197265625,381911,0.0,0.0
2022-04-25 00:00:00+05:30,4710.651544911973,4710.651544911973,4555.214676467701,4622.1337890625,421185,0.0,0.0
2022-04-26 00:00:00+05:30,4678.426372225544,4686.3341286121495,4547.948391846551,4570.732421875,548203,0.0,0.0
2022-04-27 00:00:00+05:30,4566.729610983566,4605.230695461312,4448.113257451526,4470.798828125,476441,0.0,0.0
2022-04-28 00:00:00+05:30,4527.190752435273,4549.92555315711,4453.104763109516,4485.52685546875,552600,0.0,0.0
2022-04-29 00:00:00+05:30,4492.593922351844,4543.005867355132,4379.908398226848,4402.9892578125,465103,0.0,0.0
2022-05-02 00:00:00+05:30,4388.805770515129,4388.805770515129,4240.535305295023,4255.115234375,568610,0.0,0.0
2022-05-04 00:00:00+05:30,4252.890510325257,4275.477137514628,3949.9740456585505,3967.025146484375,1729814,0.0,0.0
2022-05-05 00:00:00+05:30,3995.394159839372,4007.4039690592726,3884.68556362413,3903.5654296875,1122769,0.0,0.0
2022-05-06 00:00:00+05:30,3853.697176728389,3853.697176728389,3747.3379851887044,3783.219482421875,891448,0.0,0.0
2022-05-09 00:00:00+05:30,3761.1268612695817,3764.042798350258,3696.5302758079492,3722.922607421875,521295,0.0,0.0
2022-05-10 00:00:00+05:30,3726.5305966768165,3739.084113021191,3619.5782283476574,3644.388671875,836241,0.0,0.0
2022-05-11 00:00:00+05:30,3667.123620345579,3691.8353626895496,3577.9142304838465,3637.222412109375,524764,0.0,0.0
2022-05-12 00:00:00+05:30,3607.914100901047,3607.914100901047,3500.6156757447484,3539.5615234375,717916,0.0,0.0
2022-05-13 00:00:00+05:30,3560.368639954996,3670.088768151187,3489.297770563556,3506.892578125,957908,0.0,0.0
2022-05-16 00:00:00+05:30,3539.7100502697585,3665.146760603303,3512.0823699939597,3644.24072265625,600622,0.0,0.0
2022-05-17 00:00:00+05:30,3669.1994927606474,3788.7548536144377,3635.640995018435,3769.18310546875,843357,0.0,0.0
2022-05-18 00:00:00+05:30,3777.9309401669175,3797.7003328417836,3682.049385693817,3691.93408203125,427461,0.0,0.0
2022-05-19 00:00:00+05:30,3567.9800946116925,3674.981932707968,3567.9800946116925,3589.924072265625,572640,0.0,0.0
2022-05-20 00:00:00+05:30,3652.3949766003057,3652.3949766003057,3544.651795964465,3625.706298828125,692428,0.0,0.0
2022-05-23 00:00:00+05:30,3625.7069840857184,3721.2424873406085,3623.730044617842,3674.092529296875,401917,0.0,0.0
2022-05-24 00:00:00+05:30,3696.8764156916345,3696.8764156916345,3571.835007513829,3589.775634765625,471324,0.0,0.0
2022-05-25 00:00:00+05:30,3608.1615290374107,3631.588212705221,3445.9535544399,3483.663818359375,370431,0.0,0.0
2022-05-26 00:00:00+05:30,3346.957979725024,3666.23365233317,3322.7899468902356,3620.56640625,1730687,0.0,0.0
2022-05-27 00:00:00+05:30,3657.337690975594,3835.2622272933254,3531.802045906972,3817.22265625,1733752,0.0,0.0
2022-05-30 00:00:00+05:30,3845.147239328073,3870.402689126572,3776.3991215268907,3847.07470703125,666686,0.0,0.0
2022-05-31 00:00:00+05:30,3810.55041338499,3953.680863688538,3794.7843710940797,3933.417236328125,1361696,0.0,0.0
2022-06-01 00:00:00+05:30,3894.125531630486,3943.7466581860813,3746.3493237480825,3794.73486328125,794887,0.0,0.0
2022-06-02 00:00:00+05:30,3800.66580686392,3800.66580686392,3581.966896651009,3603.218994140625,1891062,0.0,0.0
2022-06-03 00:00:00+05:30,3646.4645323637005,3651.357408857378,3505.4594335722586,3547.419921875,1305662,0.0,0.0
2022-06-06 00:00:00+05:30,3538.820175234128,3607.815161496449,3501.2583297575356,3591.802001953125,561188,0.0,0.0
2022-06-07 00:00:00+05:30,3591.8019111438075,3591.8019111438075,3484.355314670022,3567.683349609375,490554,0.0,0.0
2022-06-08 00:00:00+05:30,3558.4903995770073,3602.97152957172,3515.9862086931707,3594.27294921875,342056,0.0,0.0
2022-06-09 00:00:00+05:30,3583.0051429381742,3638.211032830921,3519.9407255933384,3627.7333984375,483671,0.0,0.0
2022-06-10 00:00:00+05:30,3578.754218410888,3672.1645964359755,3554.042478192611,3657.831787109375,624657,0.0,0.0
2022-06-13 00:00:00+05:30,3606.9257708590526,3635.640862600044,3550.583000527738,3609.792236328125,523342,0.0,0.0
2022-06-14 00:00:00+05:30,3586.3651949417554,3714.5204176770626,3580.9780841264787,3663.4658203125,655865,0.0,0.0
2022-06-15 00:00:00+05:30,3694.8500409094636,3712.790909662744,3603.8613623233077,3679.77587890625,466405,0.0,0.0
2022-06-16 00:00:00+05:30,3701.8188408742726,3731.472930387284,3604.9488151317682,3621.40673828125,678602,0.0,0.0
2022-06-17 00:00:00+05:30,3558.490691489362,3681.0609264184395,3515.09697097616,3658.5732421875,768620,0.0,0.0
2022-06-20 00:00:00+05:30,3657.337743070187,3780.896450606342,3640.434815349001,3767.749755859375,673219,0.0,0.0
2022-06-21 00:00:00+05:30,3805.558646579418,3824.3890415079454,3750.3032901708366,3764.2900390625,596024,0.0,0.0
2022-06-22 00:00:00+05:30,3745.3609865482517,3763.8453207921766,3670.4349385940645,3744.075927734375,359601,0.0,0.0
2022-06-23 00:00:00+05:30,3718.4250873605893,3812.52734749089,3680.220591520245,3806.102294921875,646244,0.0,0.0
2022-06-24 00:00:00+05:30,3857.0086125975904,3876.7780057938876,3718.6228602235096,3794.141845703125,1024811,0.0,0.0
2022-06-27 00:00:00+05:30,3804.619642224766,3825.3775046531164,3731.4728889058174,3750.748046875,708737,0.0,0.0
2022-06-28 00:00:00+05:30,3715.706784169272,3802.296578338603,3679.9734625066403,3793.10400390625,463753,0.0,0.0
2022-06-29 00:00:00+05:30,3723.762997641995,3773.9278348101266,3652.395533719154,3670.18798828125,567477,0.0,0.0
2022-06-30 00:00:00+05:30,3671.176155331631,3722.0823405765364,3614.2402088964136,3641.02783203125,534241,0.0,0.0
2022-07-01 00:00:00+05:30,3637.5683262466127,3701.818853748251,3593.2848374880555,3693.07080078125,316894,0.0,0.0
2022-07-04 00:00:00+05:30,3688.9686056443556,3739.182910385018,3657.387049689126,3726.62939453125,300790,0.0,0.0
2022-07-05 00:00:00+05:30,3717.6339591086507,3830.072369863399,3717.6339591086507,3773.383544921875,468762,0.0,0.0
2022-07-06 00:00:00+05:30,3765.179877669344,3844.702213535027,3739.874957848258,3838.721923828125,390568,0.0,0.0
2022-07-07 00:00:00+05:30,3849.149962213379,3884.685394850265,3823.647399142376,3870.10546875,398354,0.0,0.0
2022-07-08 00:00:00+05:30,3872.823778118365,3900.5009260987927,3864.916021552529,3890.764404296875,268377,0.0,0.0
2022-07-11 00:00:00+05:30,3889.6280152212903,3922.3956871039077,3850.138701552968,3887.898193359375,199806,0.0,0.0
2022-07-12 00:00:00+05:30,3855.031175037902,4051.4402641188785,3855.031175037902,3884.388671875,1125104,0.0,0.0
2022-07-13 00:00:00+05:30,3905.5913340979673,3913.301444790198,3816.6785470657614,3823.69677734375,385514,0.0,0.0
2022-07-14 00:00:00+05:30,3881.7199048402417,3933.416910330501,3835.3113079481755,3853.103759765625,656393,0.0,0.0
2022-07-15 00:00:00+05:30,3853.1043025787208,3898.524436324017,3830.3200280820406,3886.3662109375,318645,0.0,0.0
2022-07-18 00:00:00+05:30,3894.669335548302,3925.015305312638,3845.2950838372954,3901.588623046875,291155,0.0,0.0
2022-07-19 00:00:00+05:30,3898.9194146370946,3986.448446452021,3878.1615529256774,3973.845458984375,412946,0.0,0.0
2022-07-20 00:00:00+05:30,4042.8404253752055,4093.9444937393055,3983.581724618011,4062.85693359375,753440,0.0,0.0
2022-07-21 00:00:00+05:30,4064.5871653931113,4121.7702306777255,4049.117712035606,4102.1982421875,542974,0.0,0.0
2022-07-22 00:00:00+05:30,4102.346922914629,4121.523137540279,4042.7913853445825,4077.733642578125,378496,0.0,0.0
2022-07-25 00:00:00+05:30,4096.2182070327,4203.862454794416,4090.336619587125,4141.5888671875,1127478,0.0,0.0
2022-07-26 00:00:00+05:30,4136.7451928617,4140.649840763695,4040.8636435886806,4062.807861328125,363638,0.0,0.0
2022-07-27 00:00:00+05:30,4064.5869903632624,4089.2494999143837,3975.624726469125,4078.0302734375,440198,0.0,0.0
2022-07-28 00:00:00+05:30,4101.160154385664,4157.502918618005,4087.321580714563,4142.181640625,364711,0.0,0.0
2022-07-29 00:00:00+05:30,4157.502815531618,4203.762996167521,4138.721894586515,4163.72998046875,333278,0.0,0.0
2022-08-01 00:00:00+05:30,4191.111735112694,4244.241984113239,4141.688247670328,4238.6572265625,311325,0.0,0.0
2022-08-02 00:00:00+05:30,4261.292407434644,4298.112899704869,4221.704393369674,4276.0205078125,440869,0.0,0.0
2022-08-03 00:00:00+05:30,4276.069589361462,4336.168338566908,4230.7481687705385,4260.3525390625,367949,0.0,0.0
2022-08-04 00:00:00+05:30,4273.105117355668,4358.1627386894315,4260.304242175425,4345.11474609375,358472,0.0,0.0
2022-08-05 00:00:00+05:30,4345.115030818704,4371.013130714276,4285.016264506193,4323.66552734375,207510,0.0,0.0
2022-08-08 00:00:00+05:30,4338.343646864842,4422.956254659473,4329.545881703638,4376.30078125,445755,0.0,0.0
2022-08-10 00:00:00+05:30,4387.717682230245,4572.611213506314,4346.3998453391105,4465.0654296875,867000,0.0,0.0
2022-08-11 00:00:00+05:30,4487.25664313011,4500.007804299044,4367.05864456742,4378.57421875,446510,0.0,0.0
2022-08-12 00:00:00+05:30,4299.892185630884,4344.12620223907,4226.795144983046,4263.0224609375,1412625,0.0,0.0
2022-08-16 00:00:00+05:30,4299.843178347947,4331.0292042016845,4158.393068295498,4299.25,596342,0.0,0.0
2022-08-17 00:00:00+05:30,4298.854338017295,4319.6614302673015,4236.4325786161,4256.10302734375,502434,0.0,0.0
2022-08-18 00:00:00+05:30,4276.918013288703,4300.309828533521,4212.491670098954,4228.99462890625,580509,11.75,0.0
2022-08-19 00:00:00+05:30,4253.129221223689,4271.416581937014,4083.6384039714744,4098.85302734375,719126,0.0,0.0
2022-08-22 00:00:00+05:30,4096.523733363904,4096.523733363904,3960.3364696539957,3989.377685546875,723542,0.0,0.0
2022-08-23 00:00:00+05:30,3989.2786399997126,4057.322663487967,3952.6547955426663,4035.021240234375,497236,0.0,0.0
2022-08-24 00:00:00+05:30,4042.99970847496,4182.755275745117,4041.958927130024,4173.5869140625,956039,0.0,0.0
2022-08-25 00:00:00+05:30,4177.7997715310285,4202.430550252453,4120.0145020876735,4132.00732421875,414795,0.0,0.0
2022-08-26 00:00:00+05:30,4169.87017551135,4198.366435921607,4119.518715922995,4178.04736328125,342452,0.0,0.0
2022-08-29 00:00:00+05:30,4063.8146325194048,4234.296612225097,4049.9381923108017,4213.9775390625,914112,0.0,0.0
2022-08-30 00:00:00+05:30,4213.978286060372,4299.219291023606,4195.839986732542,4284.748046875,848217,0.0,0.0
2022-09-01 00:00:00+05:30,4260.067940293641,4290.74498422026,4206.544518056355,4239.40185546875,390072,0.0,0.0
2022-09-02 00:00:00+05:30,4271.763718517322,4359.185504070398,4246.191609694766,4274.29150390625,735146,0.0,0.0
2022-09-05 00:00:00+05:30,4244.209442115088,4270.574782057601,4195.6418889474935,4244.75439453125,522750,0.0,0.0
2022-09-06 00:00:00+05:30,4260.959724642091,4382.973395610987,4253.872924155009,4376.53076171875,1078704,0.0,0.0
2022-09-07 00:00:00+05:30,4340.55087603333,4371.078852206029,4296.74077648824,4337.87451171875,396347,0.0,0.0
2022-09-08 00:00:00+05:30,4361.167238658144,4405.6708711855335,4322.511438133674,4375.83642578125,562760,0.0,0.0
2022-09-09 00:00:00+05:30,4397.74211556129,4435.406747189119,4376.035490443849,4420.9853515625,476210,0.0,0.0
2022-09-12 00:00:00+05:30,4433.523166502094,4462.068796118183,4407.801996796477,4442.04736328125,331303,0.0,0.0
2022-09-13 00:00:00+05:30,4480.108185053381,4480.108185053381,4426.881927407696,4450.47216796875,309270,0.0,0.0
2022-09-14 00:00:00+05:30,4366.47029510211,4440.461368204263,4366.47029510211,4388.52392578125,362669,0.0,0.0
2022-09-15 00:00:00+05:30,4410.478385077151,4419.795327851227,4289.852264309591,4303.53076171875,427750,0.0,0.0
2022-09-16 00:00:00+05:30,4303.679120239208,4324.790940759422,4219.429298677639,4241.978515625,458526,0.0,0.0
2022-09-19 00:00:00+05:30,4257.985998898409,4292.776317057065,4189.397020950813,4270.177734375,266140,0.0,0.0
2022-09-20 00:00:00+05:30,4278.40497827642,4554.44709259357,4278.40497827642,4519.11181640625,1173769,0.0,0.0
2022-09-21 00:00:00+05:30,4515.791034109068,4627.298165658074,4515.791034109068,4564.16015625,1177984,0.0,0.0
2022-09-22 00:00:00+05:30,4529.220823058409,4590.327112496812,4482.289102011198,4568.2236328125,511789,0.0,0.0
2022-09-23 00:00:00+05:30,4569.314865776121,4677.3528962250575,4344.169654162479,4379.45556640625,1205497,0.0,0.0
2022-09-26 00:00:00+05:30,4379.454254200042,4381.4366027886235,4154.110681598554,4244.90234375,843901,0.0,0.0
2022-09-27 00:00:00+05:30,4296.7413225200535,4315.672851669714,4167.888641567894,4205.50390625,651304,0.0,0.0
2022-09-28 00:00:00+05:30,4191.676316996481,4257.093823953626,4146.1815112252,4231.27392578125,395837,0.0,0.0
2022-09-29 00:00:00+05:30,4259.522728367271,4365.776336395582,4247.133048048772,4352.94091796875,631907,0.0,0.0
2022-09-30 00:00:00+05:30,4313.789515585817,4445.318071080405,4313.789515585817,4344.7138671875,761064,0.0,0.0
2022-10-03 00:00:00+05:30,4346.299374268031,4450.3726774147,4312.5500824077735,4326.67431640625,454169,0.0,0.0
2022-10-04 00:00:00+05:30,4390.902481106041,4405.323874673072,4326.674575196891,4365.5283203125,307009,0.0,0.0
2022-10-06 00:00:00+05:30,4387.384380254885,4410.726345189542,4322.808977034868,4351.75146484375,272050,0.0,0.0
2022-10-07 00:00:00+05:30,4340.947307770736,4393.875921604309,4315.126925405267,4355.3193359375,501530,0.0,0.0
2022-10-10 00:00:00+05:30,4336.388297089087,4380.991148144861,4257.094339656601,4302.2919921875,207878,0.0,0.0
2022-10-11 00:00:00+05:30,4323.850154506946,4323.850154506946,4226.021038274137,4237.81591796875,258216,0.0,0.0
2022-10-12 00:00:00+05:30,4242.226768982439,4311.608982493834,4207.535662226742,4249.21435546875,621343,0.0,0.0
2022-10-13 00:00:00+05:30,4232.413960821196,4279.841753312086,4198.61481651896,4228.3994140625,277038,0.0,0.0
2022-10-14 00:00:00+05:30,4263.041215999477,4285.838227849741,4226.417127286057,4259.22509765625,254366,0.0,0.0
2022-10-17 00:00:00+05:30,4252.138850144538,4262.595548133619,4183.79717084073,4252.9814453125,254734,0.0,0.0
2022-10-18 00:00:00+05:30,4286.829136120197,4338.370203190313,4220.420453549087,4327.46728515625,387469,0.0,0.0
2022-10-19 00:00:00+05:30,4341.3433383473375,4367.014655357357,4302.7867557212185,4350.01611328125,249672,0.0,0.0
2022-10-20 00:00:00+05:30,4345.308791208791,4354.526520010141,4257.29269358876,4284.3515625,370651,0.0,0.0
2022-10-21 00:00:00+05:30,4305.810329460637,4390.902751587702,4284.549928191051,4350.31396484375,364601,0.0,0.0
2022-10-24 00:00:00+05:30,4371.2778764507975,4395.858809916356,4281.87374494671,4371.22802734375,30919,0.0,0.0
2022-10-25 00:00:00+05:30,4398.633286271662,4410.626592563149,4333.4142083802035,4365.18115234375,474364,0.0,0.0
2022-10-27 00:00:00+05:30,4405.770174591791,4459.293591785932,4363.992270742961,4392.736328125,421237,0.0,0.0
2022-10-28 00:00:00+05:30,4414.939401324636,4543.544303905737,4376.035798809736,4526.6943359375,691801,0.0,0.0
2022-10-31 00:00:00+05:30,4541.660829664821,4584.182119448672,4451.860322054857,4477.630859375,433481,0.0,0.0
2022-11-01 00:00:00+05:30,4536.606160460081,4605.988382708761,4430.550477879957,4471.53564453125,866656,0.0,0.0
2022-11-02 00:00:00+05:30,4472.179286809277,4492.795522556865,4331.4325096091625,4344.4169921875,643118,0.0,0.0
2022-11-03 00:00:00+05:30,4331.432066135168,4385.946657356549,4310.964411861878,4356.21142578125,457168,0.0,0.0
2022-11-04 00:00:00+05:30,4371.078733754877,4371.078733754877,4301.745896758853,4324.09716796875,669679,0.0,0.0
2022-11-07 00:00:00+05:30,4345.754759479642,4380.990815549898,4298.178388632042,4325.28662109375,356178,0.0,0.0
2022-11-09 00:00:00+05:30,4308.634604261791,4395.857941086047,4305.661081415509,4322.70947265625,378028,0.0,0.0
2022-11-10 00:00:00+05:30,4335.892800881253,4338.816959211727,4212.491577036307,4247.62890625,527721,0.0,0.0
2022-11-11 00:00:00+05:30,4347.290940822153,4499.931799209434,4291.834539267374,4382.37841796875,1685313,0.0,0.0
2022-11-14 00:00:00+05:30,4390.902865393316,4527.684941109857,4386.1454215658505,4516.48486328125,886587,0.0,0.0
2022-11-15 00:00:00+05:30,4519.75488270642,4588.145910536847,4487.046130265781,4571.24658203125,492794,0.0,0.0
2022-11-16 00:00:00+05:30,4564.357949808492,4569.313821632388,4421.628841280279,4439.7177734375,499585,0.0,0.0
2022-11-17 00:00:00+05:30,4450.373387644264,4476.094558829769,4332.126466501189,4361.46484375,430622,0.0,0.0
2022-11-18 00:00:00+05:30,4390.902533659346,4409.7348470091265,4281.873351107985,4360.32470703125,385705,0.0,0.0
2022-11-21 00:00:00+05:30,4365.0831591554315,4400.814806506881,4302.688530415849,4379.8515625,336664,0.0,0.0
2022-11-22 00:00:00+05:30,4381.932109725123,4440.460757142935,4341.3433295281375,4430.3505859375,310657,0.0,0.0
2022-11-23 00:00:00+05:30,4442.741392264938,4575.410199602243,4408.744299550971,4564.55712890625,799422,0.0,0.0
2022-11-24 00:00:00+05:30,4589.138035833693,4790.346463754695,4573.27924348524,4772.5546875,1822610,0.0,0.0
2022-11-25 00:00:00+05:30,4772.50448679012,4841.88669116713,4709.118693631239,4747.18017578125,1069669,0.0,0.0
2022-11-28 00:00:00+05:30,4718.981137288841,4726.761952824593,4641.9173306464945,4680.1767578125,598162,0.0,0.0
2022-11-29 00:00:00+05:30,4683.299399622677,4799.266813327619,4666.102425667775,4677.55078125,910558,0.0,0.0
2022-11-30 00:00:00+05:30,4677.5508457754595,4718.089785613224,4601.626783063653,4684.68701171875,1113421,0.0,0.0
2022-12-01 00:00:00+05:30,4722.945998183758,4751.690055675327,4659.560201954117,4733.5517578125,611403,0.0,0.0
2022-12-02 00:00:00+05:30,4728.893362855364,4839.855537574216,4701.189843026441,4828.45703125,996306,0.0,0.0
2022-12-05 00:00:00+05:30,4841.886874095717,4858.687473521909,4724.878931453757,4736.17822265625,684834,0.0,0.0
2022-12-06 00:00:00+05:30,4728.249470122311,4757.637697857398,4673.387863624506,4745.79296875,354855,0.0,0.0
2022-12-07 00:00:00+05:30,4762.295805430246,4772.504708101818,4669.323356870601,4685.677734375,354913,0.0,0.0
2022-12-08 00:00:00+05:30,4696.183831222102,4735.682223853149,4640.083269073753,4662.9794921875,336491,0.0,0.0
2022-12-09 00:00:00+05:30,4686.272751518095,4694.152781903505,4633.9882998170415,4643.75146484375,271785,0.0,0.0
2022-12-12 00:00:00+05:30,4635.723274160517,4714.0260619857645,4589.138071277142,4700.44677734375,445259,0.0,0.0
2022-12-13 00:00:00+05:30,4704.113907695294,4719.32853219366,4620.161238762711,4637.556640625,363818,0.0,0.0
2022-12-14 00:00:00+05:30,4670.414197163644,4670.414197163644,4615.503227208693,4624.96875,356293,0.0,0.0
2022-12-15 00:00:00+05:30,4638.647132447333,4645.238345847166,4586.808417529247,4601.923828125,316614,0.0,0.0
2022-12-16 00:00:00+05:30,4597.066521402862,4597.066521402862,4511.5283707059,4524.859375,342890,0.0,0.0
2022-12-19 00:00:00+05:30,4559.402774903566,4579.226265229234,4481.14935325422,4569.7607421875,308464,0.0,0.0
2022-12-20 00:00:00+05:30,4569.66082534275,4575.707085756835,4500.17940563987,4556.08154296875,282355,0.0,0.0
2022-12-21 00:00:00+05:30,4570.107321590233,4746.1898637238755,4561.583607824229,4724.13623046875,877375,0.0,0.0
2022-12-22 00:00:00+05:30,4752.680960289483,4806.005946192627,4683.298756489636,4739.49853515625,902304,0.0,0.0
2022-12-23 00:00:00+05:30,4723.640232091104,4762.593194075114,4644.990443319647,4658.66845703125,473498,0.0,0.0
2022-12-26 00:00:00+05:30,4682.011395417124,4698.167346924309,4611.4395741699045,4642.7109375,247357,0.0,0.0
2022-12-27 00:00:00+05:30,4643.652008064349,4671.1077322023775,4584.825711338573,4602.8154296875,226485,0.0,0.0
2022-12-28 00:00:00+05:30,4610.9438342207095,4638.300347572381,4541.56161831455,4548.15283203125,313366,0.0,0.0
2022-12-29 00:00:00+05:30,4548.152641938333,4569.314313699631,4438.974870694968,4484.51953125,530411,0.0,0.0
2022-12-30 00:00:00+05:30,4509.843944330094,4542.007750225128,4428.666850126536,4438.0830078125,348965,0.0,0.0
2023-01-02 00:00:00+05:30,4448.391501943161,4476.838405894193,4406.762169705725,4415.03857421875,246577,0.0,0.0
2023-01-03 00:00:00+05:30,4427.576164711559,4469.156125506414,4386.0460530211785,4451.26513671875,430096,0.0,0.0
2023-01-04 00:00:00+05:30,4455.328994829833,4474.260522948181,4385.946785789101,4394.17333984375,414977,0.0,0.0
2023-01-05 00:00:00+05:30,4416.17720369577,4416.17720369577,4317.555358388234,4389.96044921875,468816,0.0,0.0
2023-01-06 00:00:00+05:30,4402.84625318581,4434.811629061472,4330.441153512026,4348.728515625,299640,0.0,0.0
2023-01-09 00:00:00+05:30,4385.302272313951,4412.856725278819,4342.384133162099,4368.79931640625,407803,0.0,0.0
2023-01-10 00:00:00+05:30,4371.079071359913,4449.381848375204,4367.114373789518,4427.22900390625,557940,0.0,0.0
2023-01-11 00:00:00+05:30,4434.514315813354,4442.8899331769435,4297.781612196338,4322.115234375,462687,0.0,0.0
2023-01-12 00:00:00+05:30,4332.373807473661,4343.722463630537,4287.076945161975,4321.2724609375,207917,0.0,0.0
2023-01-13 00:00:00+05:30,4326.475921946174,4331.431793563524,4230.381377697031,4297.28564453125,366497,0.0,0.0
2023-01-16 00:00:00+05:30,4325.732905835443,4325.732905835443,4247.182334079136,4256.7470703125,210854,0.0,0.0
2023-01-17 00:00:00+05:30,4278.107516920666,4298.178800294345,4237.2709344432305,4284.69873046875,294500,0.0,0.0
2023-01-18 00:00:00+05:30,4298.723440381372,4313.59105661511,4267.005859082732,4301.49853515625,331806,0.0,0.0
2023-01-19 00:00:00+05:30,4301.49837930675,4301.49837930675,4247.826383441948,4280.03955078125,162244,0.0,0.0
2023-01-20 00:00:00+05:30,4264.032347286841,4284.302057728691,4226.566147865961,4247.43017578125,242706,0.0,0.0
2023-01-23 00:00:00+05:30,4256.499498092522,4315.078005388444,4249.06568965324,4297.1875,161350,0.0,0.0
2023-01-24 00:00:00+05:30,4311.559342947239,4311.559342947239,4252.930989084011,4267.005859375,178860,0.0,0.0
2023-01-25 00:00:00+05:30,4276.867874013876,4279.890762135309,4156.985145066115,4187.0673828125,423714,0.0,0.0
2023-01-27 00:00:00+05:30,4190.685500802518,4247.529451303382,4155.102435468511,4206.69287109375,421866,0.0,0.0
2023-01-30 00:00:00+05:30,4199.1106900024315,4222.403290312843,4086.6123863755515,4200.30029296875,623069,0.0,0.0
2023-01-31 00:00:00+05:30,4202.083218057928,4265.766163395874,4090.625480449721,4218.33837890625,671038,0.0,0.0
2023-02-01 00:00:00+05:30,4237.270886734533,4313.591321419575,4174.331307481282,4225.02978515625,321331,0.0,0.0
2023-02-02 00:00:00+05:30,4224.385606601899,4224.385606601899,4133.197555028137,4194.15478515625,479256,0.0,0.0
2023-02-03 00:00:00+05:30,4207.535300645655,4222.204488081537,4121.3031284062745,4214.0771484375,413966,0.0,0.0
2023-02-06 00:00:00+05:30,4173.835834465126,4297.385639538725,4152.674162019867,4282.56787109375,257669,0.0,0.0
2023-02-07 00:00:00+05:30,4267.006636081014,4321.521238864861,4233.653707717656,4277.51318359375,319090,0.0,0.0
2023-02-08 00:00:00+05:30,4281.873932536294,4365.429751103263,4264.577743548733,4352.4951171875,250175,0.0,0.0
2023-02-09 00:00:00+05:30,4308.982048475519,4365.578202509589,4286.829204232683,4350.5615234375,284239,0.0,0.0
2023-02-10 00:00:00+05:30,4346.696098874143,4386.243860475166,4311.856415653526,4377.27392578125,359807,0.0,0.0
2023-02-13 00:00:00+05:30,4391.298394587772,4400.417391472072,4289.8022460053,4320.181640625,272935,0.0,0.0
2023-02-14 00:00:00+05:30,4341.7904621814805,4341.7904621814805,4213.532096769771,4231.17529296875,339582,0.0,0.0
2023-02-15 00:00:00+05:30,4133.196804471746,4474.160761483325,4133.196804471746,4448.291015625,2724361,0.0,0.0
2023-02-16 00:00:00+05:30,4470.147245066742,4626.80216771788,4460.433445419766,4602.17138671875,1419679,0.0,0.0
2023-02-17 00:00:00+05:30,4599.19775412066,4627.743866967787,4535.614013725245,4573.97265625,408098,0.0,0.0
2023-02-20 00:00:00+05:30,4552.464411948137,4608.911992486707,4534.970279073267,4569.9091796875,232327,0.0,0.0
2023-02-21 00:00:00+05:30,4570.305048112849,4599.0491050192195,4451.364122983043,4462.31640625,490637,0.0,0.0
2023-02-22 00:00:00+05:30,4465.240534838671,4495.917575165096,4400.814200817691,4409.833984375,333978,0.0,0.0
2023-02-23 00:00:00+05:30,4431.887621984814,4478.422968335053,4362.158408168257,4408.79296875,443522,0.0,0.0
2023-02-24 00:00:00+05:30,4421.695409242914,4452.413884350523,4363.980867876678,4437.1787109375,358946,6.0,0.0
2023-02-27 00:00:00+05:30,4451.421473904957,4461.098477109098,4381.994985272201,4406.51025390625,215703,0.0,0.0
2023-02-28 00:00:00+05:30,4415.691399565082,4439.90862566747,4328.647794669244,4368.69580078125,312308,0.0,0.0
2023-03-01 00:00:00+05:30,4368.6954565547285,4412.71351215371,4304.777705935376,4380.75439453125,287008,0.0,0.0
2023-03-02 00:00:00+05:30,4395.841349751201,4416.8828252936455,4348.548188533259,4369.2421875,313250,0.0,0.0
2023-03-03 00:00:00+05:30,4383.682339903267,4411.720835652918,4361.003318097467,4375.29541015625,168868,0.0,0.0
2023-03-06 00:00:00+05:30,4382.938573709858,4455.292693728451,4379.017952466914,4388.00048828125,242661,0.0,0.0
2023-03-08 00:00:00+05:30,4381.847328592177,4407.950721882053,4327.358439660126,4343.2880859375,246734,0.0,0.0
2023-03-09 00:00:00+05:30,4366.0652478772145,4504.272700881739,4352.3188441362145,4385.07177734375,684685,0.0,0.0
2023-03-10 00:00:00+05:30,4366.761141495337,4366.761141495337,4259.519784194261,4284.92822265625,328154,0.0,0.0
2023-03-13 00:00:00+05:30,4294.604489490434,4402.738993285194,4289.641923637083,4312.4697265625,496455,0.0,0.0
2023-03-14 00:00:00+05:30,4312.469668384176,4322.146671667661,4242.993747374535,4267.40966796875,279237,0.0,0.0
2023-03-15 00:00:00+05:30,4302.296760900997,4335.248394271837,4277.037105129091,4296.39111328125,279479,0.0,0.0
2023-03-16 00:00:00+05:30,4298.52565138678,4337.283101729326,4234.061718987941,4286.71435546875,300181,0.0,0.0
2023-03-17 00:00:00+05:30,4307.507648035776,4343.43682272909,4264.532016733964,4313.958984375,368653,0.0,0.0
2023-03-20 00:00:00+05:30,4289.642091541923,4321.303166000466,4163.592913932986,4280.70947265625,563835,0.0,0.0
2023-03-21 00:00:00+05:30,4287.657566097332,4321.303670906162,4234.0618465211155,4242.001953125,239304,0.0,0.0
2023-03-22 00:00:00+05:30,4243.043505913372,4262.844338776089,4179.572575393104,4253.0185546875,302705,0.0,0.0
2023-03-23 00:00:00+05:30,4243.986701718598,4267.161983275416,4211.779452566488,4241.05859375,233054,0.0,0.0
2023-03-24 00:00:00+05:30,4245.475438827281,4322.047739355234,4229.098970156177,4251.28173828125,354933,0.0,0.0
2023-03-27 00:00:00+05:30,4272.471903990232,4374.898978765652,4244.979093611342,4285.771484375,495895,0.0,0.0
2023-03-28 00:00:00+05:30,4302.346486911097,4310.9815465273905,4213.268417657999,4301.15576171875,343628,0.0,0.0
2023-03-29 00:00:00+05:30,4301.155655654067,4347.208175012176,4278.824106809827,4330.33544921875,250790,0.0,0.0
2023-03-31 00:00:00+05:30,4352.022040670558,4368.001601726569,4267.75775842103,4278.62548828125,465663,0.0,0.0
2023-04-03 00:00:00+05:30,4310.981158214838,4311.427983012743,4188.554555967789,4202.6484375,493574,0.0,0.0
2023-04-05 00:00:00+05:30,4218.181607909111,4218.181607909111,4136.795515709453,4169.4990234375,622533,0.0,0.0
2023-04-06 00:00:00+05:30,4185.428341378875,4193.368447314619,4151.831671213138,4170.4912109375,286725,0.0,0.0
2023-04-10 00:00:00+05:30,4183.443030473729,4211.878435997741,4155.9502216901365,4205.2783203125,323560,0.0,0.0
2023-04-11 00:00:00+05:30,4231.083623640802,4254.705243124529,4189.546850748208,4239.3212890625,284178,0.0,0.0
2023-04-12 00:00:00+05:30,4255.599276251799,4296.5404480103325,4234.557801400805,4287.85595703125,304498,0.0,0.0
2023-04-13 00:00:00+05:30,4296.590115276699,4447.5514865223595,4287.955055636906,4365.37109375,1257056,0.0,0.0
2023-04-17 00:00:00+05:30,4376.983274194615,4415.095684691055,4307.507349207399,4353.85791015625,334963,0.0,0.0
2023-04-18 00:00:00+05:30,4347.2075070156,4351.276907771478,4261.752029644361,4306.1669921875,409038,0.0,0.0
2023-04-19 00:00:00+05:30,4322.394991780039,4322.394991780039,4189.943911212687,4287.95458984375,517278,0.0,0.0
2023-04-20 00:00:00+05:30,4287.955005973497,4326.216684373163,4201.457569008699,4315.8447265625,484517,0.0,0.0
2023-04-21 00:00:00+05:30,4307.507124430499,4394.848282713882,4286.118659632921,4328.6474609375,485292,0.0,0.0
2023-04-24 00:00:00+05:30,4329.640372305399,4428.792834039988,4329.640372305399,4366.115234375,571150,0.0,0.0
2023-04-25 00:00:00+05:30,4376.933802669348,4412.961838164147,4350.284726187366,4383.4345703125,252655,0.0,0.0
2023-04-26 00:00:00+05:30,4386.859163472052,4455.094449880608,4368.050843404467,4377.38037109375,438486,0.0,0.0
2023-04-27 00:00:00+05:30,4386.759260596322,4405.2695335712015,4332.369250222095,4384.4267578125,400508,0.0,0.0
2023-04-28 00:00:00+05:30,4409.686433870568,4495.091995420193,4397.776276232007,4479.90673828125,713399,0.0,0.0
2023-05-02 00:00:00+05:30,4495.83680684294,4539.06056419045,4443.382385674396,4457.17822265625,384900,0.0,0.0
2023-05-03 00:00:00+05:30,4475.986523726805,4490.576662008285,4448.44428168824,4481.64404296875,287955,0.0,0.0
2023-05-04 00:00:00+05:30,4476.235047379322,4535.686497979254,4466.3099142365745,4519.11181640625,391146,0.0,0.0
2023-05-05 00:00:00+05:30,4515.9355320223385,4595.336596321632,4487.648902865715,4568.04248046875,332169,0.0,0.0
2023-05-08 00:00:00+05:30,4576.47812394263,4625.111268178845,4550.672782103005,4590.47265625,274255,0.0,0.0
2023-05-09 00:00:00+05:30,4611.117017641452,4613.102044058106,4547.993080666734,4558.66259765625,207566,0.0,0.0
2023-05-10 00:00:00+05:30,4558.662839815088,4599.306451705329,4542.733195825484,4566.85107421875,293523,0.0,0.0
2023-05-11 00:00:00+05:30,4576.428726390374,4610.223605471539,4550.325339635724,4560.8955078125,409446,0.0,0.0
2023-05-12 00:00:00+05:30,4560.5982239190325,4605.261318603767,4501.047431006053,4570.771484375,427837,0.0,0.0
2023-05-15 00:00:00+05:30,4575.436422194455,4653.894396838588,4556.727451441142,4591.21728515625,401847,0.0,0.0
2023-05-16 00:00:00+05:30,4590.373647541577,4607.49450060538,4507.002536970011,4520.9970703125,310725,0.0,0.0
2023-05-17 00:00:00+05:30,4545.759216154301,4565.16313712264,4424.623191842904,4448.59228515625,266803,0.0,0.0
2023-05-18 00:00:00+05:30,4476.234550218441,4495.98546605371,4399.811033507394,4408.74365234375,167057,0.0,0.0
2023-05-19 00:00:00+05:30,4421.646306013892,4431.571438013923,4377.231340313752,4413.85498046875,177405,0.0,0.0
2023-05-22 00:00:00+05:30,4426.410131613361,4590.373504477582,4418.619290771091,4570.82080078125,361967,0.0,0.0
2023-05-23 00:00:00+05:30,4570.523843789914,4582.483435459237,4499.062884668769,4516.33251953125,433331,0.0,0.0
2023-05-24 00:00:00+05:30,4506.953614687339,4572.508926501375,4489.485283096173,4502.4873046875,225979,0.0,0.0
2023-05-25 00:00:00+05:30,4534.792463549258,4563.525912339235,4497.027533031334,4533.94873046875,202680,0.0,0.0
2023-05-26 00:00:00+05:30,4555.635802067031,4585.4111994661625,4517.175913759821,4575.38671875,289579,0.0,0.0
2023-05-29 00:00:00+05:30,4600.298617098582,4630.074012678509,4546.3554285145,4605.7080078125,332364,0.0,0.0
2023-05-30 00:00:00+05:30,4637.021973426433,4759.101105004226,4501.494480960032,4564.71728515625,1298380,0.0,0.0
2023-05-31 00:00:00+05:30,4565.560820617143,4695.580052682543,4491.122328976646,4587.3466796875,1655511,0.0,0.0
2023-06-01 00:00:00+05:30,4653.894743632186,4810.711840986394,4650.917203809005,4778.20703125,1692479,0.0,0.0
2023-06-02 00:00:00+05:30,4803.4166212552045,4964.749939737161,4770.018647541588,4930.11083984375,1326161,0.0,0.0
2023-06-05 00:00:00+05:30,4930.755779867594,4971.696946329257,4897.109197184115,4913.138671875,698352,0.0,0.0
2023-06-06 00:00:00+05:30,4931.798281759259,4932.245106566795,4856.863532257786,4903.11474609375,382992,0.0,0.0
2023-06-07 00:00:00+05:30,4927.2820563558935,5002.266230303172,4912.989479426011,4988.81787109375,552840,0.0,0.0
2023-06-08 00:00:00+05:30,4982.416342320283,4990.902136463439,4883.165020760118,4889.76513671875,411502,0.0,0.0
2023-06-09 00:00:00+05:30,4889.76551324752,4928.672228145293,4870.312155798633,4889.8154296875,249400,0.0,0.0
2023-06-12 00:00:00+05:30,4911.947349008833,4957.602951767856,4878.251335296251,4887.87890625,343835,0.0,0.0
2023-06-13 00:00:00+05:30,4888.128131857294,4952.641498064548,4879.939896915605,4913.98291015625,308751,0.0,0.0
2023-06-14 00:00:00+05:30,4927.827955090993,4984.9468949397515,4913.982202333708,4971.49853515625,360156,0.0,0.0
2023-06-15 00:00:00+05:30,5002.217057711573,5220.420695352612,4980.4311992889225,5179.67822265625,1712253,0.0,0.0
2023-06-16 00:00:00+05:30,5179.678355084489,5254.36497471948,5124.395175006092,5161.1181640625,797312,0.0,0.0
2023-06-19 00:00:00+05:30,5180.918959548105,5222.555082584748,5096.852896756542,5106.48046875,327818,0.0,0.0
2023-06-20 00:00:00+05:30,5136.206151164527,5158.984037322369,5062.908957659223,5123.40234375,334154,0.0,0.0
2023-06-21 00:00:00+05:30,5131.144770569621,5134.271090411325,5048.518041732053,5080.42724609375,410174,0.0,0.0
2023-06-22 00:00:00+05:30,5091.492778274602,5116.40495363545,5017.153645126517,5028.0712890625,329800,0.0,0.0
2023-06-23 00:00:00+05:30,5046.3343706035375,5046.3343706035375,4963.5588608510025,5007.67626953125,335552,0.0,0.0
2023-06-26 00:00:00+05:30,5012.142418182844,5017.154416182597,4962.61561992499,4999.23974609375,430106,0.0,0.0
2023-06-27 00:00:00+05:30,5002.266708214439,5111.44316414769,4999.239736695622,5104.296875,556456,0.0,0.0
2023-06-28 00:00:00+05:30,5106.480210127896,5137.19868629172,5077.846108525972,5088.515625,362944,0.0,0.0
2023-06-30 00:00:00+05:30,5089.60795102898,5110.401297487269,5026.13653477852,5060.03125,411015,0.0,0.0
2023-07-03 00:00:00+05:30,5089.111502253117,5103.99920045571,5022.116860341447,5030.55322265625,150815,0.0,0.0
2023-07-04 00:00:00+05:30,5081.568575600083,5086.332930054065,5014.226453551259,5071.693359375,233404,0.0,0.0
2023-07-05 00:00:00+05:30,5086.6308573869455,5109.954920830573,5012.589265445022,5039.63525390625,279982,0.0,0.0
2023-07-06 00:00:00+05:30,5051.892105741331,5270.245006185946,5032.240538551547,5243.49658203125,1251554,0.0,0.0
2023-07-07 00:00:00+05:30,5235.457837495301,5235.457837495301,5091.592851477107,5107.72119140625,559765,0.0,0.0
2023-07-10 00:00:00+05:30,5141.069992477135,5164.542834542484,5072.487228142212,5119.73095703125,271366,0.0,0.0
2023-07-11 00:00:00+05:30,5161.06883530293,5232.926696777026,5126.430220237267,5217.64208984375,503174,0.0,0.0
2023-07-12 00:00:00+05:30,5222.2567388267025,5248.856382124186,5166.874698694251,5212.728515625,263391,0.0,0.0
2023-07-13 00:00:00+05:30,5250.295695027115,5250.295695027115,5129.308427911521,5143.20361328125,338327,0.0,0.0
2023-07-14 00:00:00+05:30,5141.218881014697,5159.5309452037,5058.095892349644,5133.080078125,508041,0.0,0.0
2023-07-17 00:00:00+05:30,5113.626388882445,5279.127954819642,5113.626388882445,5180.2236328125,469609,0.0,0.0
2023-07-18 00:00:00+05:30,5167.519962914989,5284.140263624201,5068.219211352826,5123.94873046875,511024,0.0,0.0
2023-07-19 00:00:00+05:30,5123.949377583915,5184.840166867239,5123.949377583915,5136.85205078125,265631,0.0,0.0
2023-07-20 00:00:00+05:30,5131.293080390163,5170.993607124322,5094.222616627027,5156.552734375,276787,0.0,0.0
2023-07-21 00:00:00+05:30,5091.642415061787,5213.672113257161,5086.679848801309,5165.93212890625,313184,0.0,0.0
2023-07-24 00:00:00+05:30,5105.487915019758,5186.5764375358385,5105.487915019758,5142.01220703125,249814,0.0,0.0
2023-07-25 00:00:00+05:30,5115.2145731112105,5180.919143843143,5115.2145731112105,5173.177734375,547945,0.0,0.0
2023-07-26 00:00:00+05:30,5157.0985584208165,5215.656836894032,5104.544790923858,5117.14990234375,297720,0.0,0.0
2023-07-27 00:00:00+05:30,5108.216871818752,5225.581547602998,5105.686157227111,5176.4521484375,363050,0.0,0.0
2023-07-28 00:00:00+05:30,5138.241123691094,5323.841102468424,5138.241123691094,5306.9189453125,453505,0.0,0.0
2023-07-31 00:00:00+05:30,5299.971730545182,5299.971730545182,5119.9294254565875,5134.71826171875,689230,0.0,0.0
2023-08-01 00:00:00+05:30,5170.993579204287,5170.993579204287,4983.954279787639,4994.72314453125,1044095,0.0,0.0
2023-08-02 00:00:00+05:30,4995.319427354343,5005.939513490051,4938.7461693851,4959.3408203125,1016605,0.0,0.0
2023-08-03 00:00:00+05:30,4922.865519033519,4992.341443697299,4919.193026308198,4958.8935546875,412037,0.0,0.0
2023-08-04 00:00:00+05:30,4987.378716474108,4998.743186205657,4926.835412652234,4943.01318359375,358846,0.0,0.0
2023-08-07 00:00:00+05:30,4943.013114355603,4987.279298373056,4919.24271486499,4976.85791015625,608113,0.0,0.0
2023-08-08 00:00:00+05:30,4979.438655279869,5017.154156356336,4942.864447442443,4985.7412109375,519420,0.0,0.0
2023-08-09 00:00:00+05:30,4985.740725544258,4988.370788306579,4920.879898214091,4944.05517578125,268668,0.0,0.0
2023-08-10 00:00:00+05:30,4944.105418009489,4944.1553344474705,4866.888080831928,4885.646484375,370166,0.0,0.0
2023-08-11 00:00:00+05:30,4893.089993376656,4974.476074402393,4775.129704623383,4869.41845703125,1066479,0.0,0.0
2023-08-14 00:00:00+05:30,4826.592150936165,4890.658690243003,4694.587882773609,4784.7578125,832136,0.0,0.0
2023-08-16 00:00:00+05:30,4764.063352959502,4916.860953723926,4718.507094071943,4904.90087890625,667417,0.0,0.0
2023-08-17 00:00:00+05:30,4912.458470420999,4931.847791374994,4844.893950123529,4864.9794921875,375779,9.0,0.0
2023-08-18 00:00:00+05:30,4856.2131914878155,4876.185934205026,4806.554694039367,4829.71533203125,336848,9.0,0.0
2023-08-21 00:00:00+05:30,4862.239535631668,4926.442012117556,4821.397121994934,4913.69091796875,243126,0.0,0.0
2023-08-22 00:00:00+05:30,4928.882140879747,4939.939574170585,4887.292611292809,4900.74072265625,175172,0.0,0.0
2023-08-23 00:00:00+05:30,4938.943550972401,4967.8320872729655,4892.124199037003,4926.59130859375,597123,0.0,0.0
2023-08-24 00:00:00+05:30,4935.9551274913265,4964.3455858431935,4881.266236578631,4901.0400390625,534065,0.0,0.0
2023-08-25 00:00:00+05:30,4881.166222960127,4894.215968714651,4827.373778870363,4846.798828125,249504,0.0,0.0
2023-08-28 00:00:00+05:30,4856.162832663293,4892.971006929587,4823.389383739109,4886.595703125,204098,0.0,0.0
2023-08-29 00:00:00+05:30,4887.143428716531,4925.993529352476,4840.224363744527,4859.6494140625,591619,0.0,0.0
2023-08-30 00:00:00+05:30,4863.185719574571,4871.154970427222,4826.377547637097,4855.76416015625,396122,0.0,0.0
2023-08-31 00:00:00+05:30,4868.665345500372,4892.921367475641,4787.328777065613,4795.59716796875,488260,0.0,0.0
2023-09-01 00:00:00+05:30,4821.396853456716,4831.308803946585,4782.74618068088,4821.74560546875,206097,0.0,0.0
2023-09-04 00:00:00+05:30,4841.320466866026,4851.2820316126645,4799.083529621187,4806.3056640625,354446,0.0,0.0
2023-09-05 00:00:00+05:30,4841.320319553115,4972.812970207644,4813.477552371657,4965.341796875,800554,0.0,0.0
2023-09-06 00:00:00+05:30,4960.8593637297,5024.26462759365,4934.959294762437,5013.75537109375,535407,0.0,0.0
2023-09-07 00:00:00+05:30,5010.616656370487,5025.508901452446,4967.831548035273,5009.7197265625,334709,0.0,0.0
2023-09-08 00:00:00+05:30,5020.628043034453,5030.390180778565,4958.8167355981695,4965.98876953125,292671,0.0,0.0
2023-09-11 00:00:00+05:30,4984.766507871504,5087.171188811149,4984.517468777385,5076.36328125,543287,0.0,0.0
2023-09-12 00:00:00+05:30,5091.355227243174,5105.301416478433,4946.912553020858,4960.06201171875,483061,0.0,0.0
2023-09-13 00:00:00+05:30,4955.878600282504,5001.901225263024,4925.993905205423,4991.740234375,232238,0.0,0.0
2023-09-14 00:00:00+05:30,4981.778163166256,5080.397646900201,4976.299302958814,5065.0068359375,414391,0.0,0.0
2023-09-15 00:00:00+05:30,5065.006869947945,5130.603866698408,5042.245085147783,5072.22900390625,658355,0.0,0.0
2023-09-18 00:00:00+05:30,5080.397650277225,5142.159347202163,5047.873241032329,5055.64306640625,371912,0.0,0.0
2023-09-20 00:00:00+05:30,5032.034468009452,5040.351984869938,4910.054921621215,4987.0576171875,509910,0.0,0.0
2023-09-21 00:00:00+05:30,4970.820576706959,5027.551879854625,4956.326695238484,5000.7548828125,422586,0.0,0.0
2023-09-22 00:00:00+05:30,4993.732132920778,4997.517332754569,4935.9550605670165,4970.3720703125,348459,0.0,0.0
2023-09-25 00:00:00+05:30,4995.624830167363,5093.796339103138,4953.73664645658,5077.458984375,386746,0.0,0.0
2023-09-26 00:00:00+05:30,5077.409257198421,5077.409257198421,5010.915816366953,5034.27587890625,267102,0.0,0.0
2023-09-27 00:00:00+05:30,5034.574806969978,5099.175651427774,5000.705486938918,5085.7275390625,460768,0.0,0.0
2023-09-28 00:00:00+05:30,5085.727017994647,5125.722598946715,4975.801065346194,5000.8046875,407714,0.0,0.0
2023-09-29 00:00:00+05:30,5034.574824902073,5167.014022821765,5007.280234766612,5118.0029296875,410567,0.0,0.0
2023-10-03 00:00:00+05:30,5119.198520157671,5135.137023783806,5046.528710625443,5099.275390625,268482,0.0,0.0
2023-10-04 00:00:00+05:30,5065.456071954591,5077.260624388437,4963.150599400682,5028.00048828125,442482,0.0,0.0
2023-10-05 00:00:00+05:30,5035.521392502132,5060.325591570094,5007.329872278971,5027.6513671875,363289,0.0,0.0
2023-10-06 00:00:00+05:30,5030.589690132343,5064.459006857986,5009.470980435738,5040.80029296875,407753,0.0,0.0
2023-10-09 00:00:00+05:30,4980.782383835725,5046.528711302357,4967.881962899779,5027.900390625,176296,0.0,0.0
2023-10-10 00:00:00+05:30,5049.467426228782,5065.0070777080555,5013.655407328912,5047.22607421875,202645,0.0,0.0
2023-10-11 00:00:00+05:30,5053.451974875369,5120.244069192822,5045.53233666569,5073.275390625,336099,0.0,0.0
2023-10-12 00:00:00+05:30,5073.225146177128,5094.294243272101,4852.975354096401,4974.65576171875,1029595,0.0,0.0
2023-10-13 00:00:00+05:30,4969.774492887992,5009.770073671178,4914.786466965373,4998.01513671875,410013,0.0,0.0
2023-10-16 00:00:00+05:30,5010.666829566446,5030.04226664019,4967.23431205312,5002.39892578125,259806,0.0,0.0
2023-10-17 00:00:00+05:30,5030.589901992254,5048.5207174845045,4992.935384020331,5009.47119140625,217907,0.0,0.0
2023-10-18 00:00:00+05:30,5001.701473050034,5020.578832103832,4919.468953690252,4958.11962890625,341459,0.0,0.0
2023-10-19 00:00:00+05:30,4958.119559094341,5000.655632941556,4916.181276382154,4977.84326171875,231958,0.0,0.0
2023-10-20 00:00:00+05:30,4970.9200230962415,4980.732260668771,4921.5105696260025,4958.41796875,252447,0.0,0.0
2023-10-23 00:00:00+05:30,4957.870290041757,4991.29114193986,4925.146455765105,4950.44873046875,363474,0.0,0.0
2023-10-25 00:00:00+05:30,4940.936062473155,4952.242535622824,4812.929956822389,4841.220703125,894230,0.0,0.0
2023-10-26 00:00:00+05:30,4841.220699000268,4841.220699000268,4707.835445837326,4742.00341796875,836962,0.0,0.0
2023-10-27 00:00:00+05:30,4761.5779072762925,4841.867722787646,4758.4396255398005,4811.634765625,333727,0.0,0.0
2023-10-30 00:00:00+05:30,4821.397351164352,4849.6880978448235,4764.666045208158,4823.140625,234759,0.0,0.0
2023-10-31 00:00:00+05:30,4813.428102385182,4880.8179908506245,4786.731303332772,4801.37451171875,276660,0.0,0.0
2023-11-01 00:00:00+05:30,4816.416177542166,4837.335461870684,4771.589139695342,4778.11376953125,281746,0.0,0.0
2023-11-02 00:00:00+05:30,4819.205219335246,4876.185559763947,4791.7116919216605,4868.21630859375,214035,0.0,0.0
2023-11-03 00:00:00+05:30,4931.721489102361,5145.646084322223,4918.07395132979,5133.3935546875,1262458,0.0,0.0
2023-11-06 00:00:00+05:30,5121.289617670746,5207.905610400935,5107.7918931390195,5145.09814453125,399720,0.0,0.0
2023-11-07 00:00:00+05:30,5130.205805573983,5162.033199259693,5101.366881289578,5117.1064453125,222204,0.0,0.0
2023-11-08 00:00:00+05:30,5115.263521108649,5133.841742166336,5067.8964750806435,5091.30615234375,400498,0.0,0.0
2023-11-09 00:00:00+05:30,5127.715581661249,5292.579482344093,5102.36320418476,5277.23876953125,1032216,0.0,0.0
2023-11-10 00:00:00+05:30,5279.6292781152315,5317.48322388285,5198.5918521975955,5258.2119140625,696409,0.0,0.0
2023-11-13 00:00:00+05:30,5229.821272962847,5258.70980951826,5180.212877163974,5200.583984375,150128,0.0,0.0
2023-11-15 00:00:00+05:30,5263.541191576805,5274.648238367255,5186.986473499205,5204.86767578125,356675,0.0,0.0
2023-11-16 00:00:00+05:30,5203.921511355654,5347.368046125029,5181.757029420803,5318.23046875,449045,0.0,0.0
2023-11-17 00:00:00+05:30,5311.70516664511,5472.235667663458,5285.755001481324,5457.89111328125,735541,0.0,0.0
2023-11-20 00:00:00+05:30,5453.956902588164,5573.495684014754,5434.083385614175,5452.9111328125,526567,0.0,0.0
2023-11-21 00:00:00+05:30,5478.860184605117,5499.0819649065,5401.558350901427,5445.78759765625,382979,0.0,0.0
2023-11-22 00:00:00+05:30,5445.987620057874,5518.657431755821,5418.24456407592,5510.73779296875,302473,0.0,0.0
2023-11-23 00:00:00+05:30,5508.745230238162,5528.668359461446,5452.262964328341,5472.833984375,234584,0.0,0.0
2023-11-24 00:00:00+05:30,5471.886793742319,5471.886793742319,5374.263472099001,5380.5390625,270183,0.0,0.0
2023-11-28 00:00:00+05:30,5380.539761590408,5403.999538365897,5320.471720846648,5346.17236328125,362746,0.0,0.0
2023-11-29 00:00:00+05:30,5351.4518580724,5414.109997934106,5343.880972201934,5401.1103515625,277119,0.0,0.0
2023-11-30 00:00:00+05:30,5361.313838645836,5528.668116775249,5361.313838645836,5507.69921875,775261,0.0,0.0
2023-12-01 00:00:00+05:30,5528.668899431693,5665.78975242227,5509.094520338944,5569.66064453125,546990,0.0,0.0
2023-12-04 00:00:00+05:30,5604.376387561873,5636.502434220045,5548.193259059189,5600.939453125,936113,0.0,0.0
2023-12-05 00:00:00+05:30,5588.43770918557,5667.134069083193,5503.764410561547,5558.75244140625,787929,0.0,0.0
2023-12-06 00:00:00+05:30,5512.879127075038,5617.326228263266,5487.576850495702,5521.794921875,574427,0.0,0.0
2023-12-07 00:00:00+05:30,5469.147902019562,5498.584130299099,5420.585275504658,5440.40869140625,510609,0.0,0.0
2023-12-08 00:00:00+05:30,5473.879905500021,5551.131646638211,5418.144755394489,5533.998046875,456382,0.0,0.0
2023-12-11 00:00:00+05:30,5528.668037499957,5533.997571537725,5468.898653310768,5526.0283203125,238128,0.0,0.0
2023-12-12 00:00:00+05:30,5528.668034058582,5528.668034058582,5382.432468728523,5408.08349609375,615205,0.0,0.0
2023-12-13 00:00:00+05:30,5382.183760567483,5431.045040554314,5348.762419364792,5405.89208984375,476781,0.0,0.0
2023-12-14 00:00:00+05:30,5473.680220552066,5511.683977921399,5431.144632339929,5494.69921875,490550,0.0,0.0
2023-12-15 00:00:00+05:30,5508.74505865057,5566.522131598443,5478.860365746498,5529.86376953125,349758,0.0,0.0
2023-12-18 00:00:00+05:30,5529.165941879377,5586.1958941670255,5472.883106870606,5477.51513671875,428321,0.0,0.0
2023-12-19 00:00:00+05:30,5487.626273437255,5653.536416471728,5482.546264835979,5534.14697265625,682732,0.0,0.0
2023-12-20 00:00:00+05:30,5534.147613512145,5584.254092509797,5354.441072420706,5381.43701171875,437044,0.0,0.0
2023-12-21 00:00:00+05:30,5323.459901568865,5531.6565930785755,5264.537346683261,5454.80322265625,487514,0.0,0.0
2023-12-22 00:00:00+05:30,5488.821859992614,5527.671960272053,5441.7038560103765,5520.10107421875,220537,0.0,0.0
2023-12-26 00:00:00+05:30,5520.101182072078,5623.303086214236,5504.909796409585,5611.49853515625,243281,0.0,0.0
2023-12-27 00:00:00+05:30,5613.341730413505,5693.03424832532,5594.016392100795,5665.59033203125,307177,0.0,0.0
2023-12-28 00:00:00+05:30,5653.187515342229,5747.822372427253,5652.938476244636,5738.35888671875,568149,0.0,0.0
2023-12-29 00:00:00+05:30,5717.9381898488755,5736.815549689022,5655.478984049516,5682.17626953125,325682,0.0,0.0
2024-01-01 00:00:00+05:30,5718.934197410994,5742.841952286079,5685.911708270686,5727.94921875,127030,0.0,0.0
2024-01-02 00:00:00+05:30,5716.04586880283,5760.424447549473,5658.169077263294,5724.26416015625,166449,0.0,0.0
2024-01-03 00:00:00+05:30,5707.976309770925,5763.761069517377,5651.245006859829,5746.12890625,198997,0.0,0.0
2024-01-04 00:00:00+05:30,5746.128899430853,5817.50389625249,5709.470537631347,5740.052734375,220702,0.0,0.0
2024-01-05 00:00:00+05:30,5740.052939187384,5786.473441025475,5693.034159788825,5732.13330078125,144894,0.0,0.0
2024-01-08 00:00:00+05:30,5727.899279488682,5752.653863220935,5618.322075881072,5660.16064453125,157009,0.0,0.0
2024-01-09 00:00:00+05:30,5680.283852078287,5826.519433343942,5652.889548023413,5775.36669921875,329437,0.0,0.0
2024-01-10 00:00:00+05:30,5777.707072153322,5796.932695952313,5699.309369560757,5778.603515625,239740,0.0,0.0
2024-01-11 00:00:00+05:30,5781.692251959085,5869.35402283648,5779.948978106409,5847.3388671875,213210,0.0,0.0
2024-01-12 00:00:00+05:30,5847.438548445717,5899.238685501796,5720.777349059695,5773.42431640625,250919,0.0,0.0
2024-01-15 00:00:00+05:30,5812.572907429032,5901.380157996851,5781.692057363856,5873.73681640625,375458,0.0,0.0
2024-01-16 00:00:00+05:30,5859.392334995904,5944.514099606235,5806.596042280028,5881.85546875,347797,0.0,0.0
2024-01-17 00:00:00+05:30,5850.278112833173,5957.3649423404595,5808.837902924323,5903.1240234375,378205,0.0,0.0
2024-01-18 00:00:00+05:30,5936.096051506281,6005.777386998247,5815.5611258086365,5967.82373046875,591170,0.0,0.0
2024-01-19 00:00:00+05:30,5963.988948026345,6096.477762138171,5928.127314131414,6071.22509765625,326813,0.0,0.0
2024-01-23 00:00:00+05:30,6403.293558297786,6403.991062363449,6110.074814643992,6130.09765625,982889,0.0,0.0
2024-01-24 00:00:00+05:30,6129.898302696452,6206.054657542224,6059.968412041655,6189.46875,435151,0.0,0.0
2024-01-25 00:00:00+05:30,6186.1814927722835,6214.223687436687,6095.581350727514,6145.14013671875,337391,0.0,0.0
2024-01-29 00:00:00+05:30,6175.2230639332465,6324.596908911045,6154.054740683229,6305.4208984375,554591,0.0,0.0
2024-01-30 00:00:00+05:30,6306.666563126089,6363.298155291486,6259.647783541448,6285.5478515625,304312,0.0,0.0
2024-01-31 00:00:00+05:30,6255.862419972512,6347.16006007863,6231.50620054314,6328.5322265625,499281,0.0,0.0
2024-02-01 00:00:00+05:30,6265.475400707016,6352.489765037636,6243.709284707894,6263.7822265625,255111,0.0,0.0
2024-02-02 00:00:00+05:30,6295.708656179936,6334.608370324435,6267.118771992759,6296.25634765625,239428,0.0,0.0
2024-02-05 00:00:00+05:30,6296.256668517217,6322.206836760442,6185.335033180338,6210.53759765625,147909,0.0,0.0
2024-02-06 00:00:00+05:30,6235.889076020838,6273.692917286471,6131.391886816587,6173.4794921875,326654,0.0,0.0
2024-02-07 00:00:00+05:30,6213.77454765254,6224.83198090858,6131.342606036052,6154.20458984375,323738,0.0,0.0
2024-02-08 00:00:00+05:30,6177.664166252909,6338.742857256397,6126.3621095630715,6207.05078125,794455,0.0,0.0
2024-02-09 00:00:00+05:30,6245.303237482731,6449.06733401583,6189.7179013590185,6412.60791015625,933104,0.0,0.0
2024-02-12 00:00:00+05:30,6440.051852130871,6652.133466868678,6350.497482946384,6589.02734375,709946,0.0,0.0
2024-02-13 00:00:00+05:30,6589.026950294792,6714.094192811251,6572.889021916444,6693.0751953125,521773,0.0,0.0
2024-02-14 00:00:00+05:30,6692.975523442823,6748.959708501715,6674.24797741129,6728.14013671875,452781,0.0,0.0
2024-02-15 00:00:00+05:30,6724.055914818219,6738.400470155596,6560.287894707103,6602.12646484375,446114,0.0,0.0
2024-02-16 00:00:00+05:30,6605.562947110225,6634.85033548209,6500.020464451132,6575.18017578125,391508,0.0,0.0
2024-02-19 00:00:00+05:30,6594.555872471174,6650.291021876605,6486.0244298269245,6631.56298828125,334607,0.0,0.0
2024-02-20 00:00:00+05:30,6647.865020463972,6765.018997202556,6618.3024334896645,6739.54443359375,559251,6.0,0.0
2024-02-21 00:00:00+05:30,6764.968956932792,6801.859994331923,6697.517792321639,6740.24169921875,537325,0.0,0.0
2024-02-22 00:00:00+05:30,6745.0777988133,6854.2056750111005,6670.3483238067865,6749.265625,564432,0.0,0.0
2024-02-23 00:00:00+05:30,6759.036691824427,6766.813527061465,6703.301407710132,6754.10107421875,352524,0.0,0.0
2024-02-26 00:00:00+05:30,6750.012930089764,6771.748535119169,6551.5488332331115,6564.6103515625,453443,0.0,0.0
2024-02-27 00:00:00+05:30,6568.598934035569,6648.812210777014,6550.651942412521,6601.10302734375,313760,0.0,0.0
2024-02-28 00:00:00+05:30,6610.475476268665,6610.475476268665,6326.613687550387,6343.61376953125,536602,0.0,0.0
2024-02-29 00:00:00+05:30,6373.7242298440915,6373.7242298440915,6044.197527303766,6083.63134765625,1543361,0.0,0.0
2024-03-01 00:00:00+05:30,6084.030215923277,6089.015491419773,5924.351939139184,6067.47900390625,1749136,0.0,0.0
2024-03-04 00:00:00+05:30,6126.903473867933,6153.57469728957,6005.1132930701215,6015.5322265625,551616,0.0,0.0
2024-03-05 00:00:00+05:30,6017.277398187839,6085.52601692095,5958.601092963428,6043.2509765625,724456,0.0,0.0
2024-03-06 00:00:00+05:30,6007.256696517503,6060.997866525159,5927.492292248391,6036.47021484375,588776,0.0,0.0
2024-03-07 00:00:00+05:30,6047.637342021782,6124.759646694928,6014.235998198894,6030.986328125,738112,0.0,0.0
2024-03-11 00:00:00+05:30,6030.986460823858,6206.667757384656,6018.324153649707,6186.427734375,521556,0.0,0.0
2024-03-12 00:00:00+05:30,6221.6234477990865,6255.772582909201,6089.513655037327,6126.70361328125,482112,0.0,0.0
2024-03-13 00:00:00+05:30,6161.800313249606,6161.800313249606,5938.509636287005,5990.70556640625,356191,0.0,0.0
2024-03-14 00:00:00+05:30,5990.705547185868,6077.050613068344,5962.389280746301,6005.412109375,439181,0.0,0.0
2024-03-15 00:00:00+05:30,5997.286234552899,6013.089654750763,5924.1024899238555,5965.580078125,764270,0.0,0.0
2024-03-18 00:00:00+05:30,5980.086979896964,6126.853679313675,5961.043130902108,6118.47802734375,419258,0.0,0.0
2024-03-19 00:00:00+05:30,6059.103677253229,6107.660454034686,6016.279967140226,6095.197265625,542392,0.0,0.0
2024-03-20 00:00:00+05:30,6129.894585879311,6182.43958293866,6055.564324959944,6155.86767578125,413963,0.0,0.0
2024-03-21 00:00:00+05:30,6171.671078897515,6196.098928106472,6087.619531254628,6164.29296875,350032,0.0,0.0
2024-03-22 00:00:00+05:30,6150.982392568611,6372.0793617043255,6150.534009878156,6357.12353515625,727548,0.0,0.0
2024-03-26 00:00:00+05:30,6379.1583708785765,6444.415820285168,6290.9189967268485,6303.8310546875,629120,0.0,0.0
2024-03-27 00:00:00+05:30,6336.28508244391,6380.5542309699,6201.682645602064,6213.09912109375,603420,0.0,0.0
2024-03-28 00:00:00+05:30,6213.099124014272,6406.677272016933,6094.49922653722,6338.07958984375,818070,0.0,0.0
2024-04-01 00:00:00+05:30,6382.149538717987,6537.69013050677,6353.9827328331585,6438.23388671875,440465,0.0,0.0
2024-04-02 00:00:00+05:30,6450.447727646801,6450.447727646801,6385.340226794762,6400.84423828125,213898,0.0,0.0
2024-04-03 00:00:00+05:30,6380.703728696333,6390.126094066974,6292.414694906643,6356.27587890625,289202,0.0,0.0
2024-04-04 00:00:00+05:30,6406.079143546543,6455.93189952745,6307.7694113835305,6421.63330078125,547885,0.0,0.0
2024-04-05 00:00:00+05:30,6421.632595961299,6460.916465993904,6362.756205503959,6378.90869140625,239001,0.0,0.0
2024-04-08 00:00:00+05:30,6378.908780291977,6378.908780291977,6261.505551206848,6289.173828125,491584,0.0,0.0
2024-04-09 00:00:00+05:30,6329.106152344893,6520.740336796638,6312.306163428865,6485.89306640625,592624,0.0,0.0
2024-04-10 00:00:00+05:30,6485.892737574432,6496.710882201079,6432.002107031164,6470.73779296875,174947,0.0,0.0
2024-04-12 00:00:00+05:30,6431.005343957226,6458.823083657775,6343.962629155407,6387.68310546875,450885,0.0,0.0
2024-04-15 00:00:00+05:30,6306.473445275461,6380.2555242536755,6264.497327298921,6284.587890625,251305,0.0,0.0
2024-04-16 00:00:00+05:30,6281.396918595386,6328.906492556161,6183.735185416996,6316.09423828125,290190,0.0,0.0
2024-04-18 00:00:00+05:30,6287.529334838317,6315.745799751232,6035.37419455517,6056.26220703125,518459,0.0,0.0
2024-04-19 00:00:00+05:30,6121.918077047698,6180.744325670795,6032.1831215209395,6151.380859375,560178,0.0,0.0
2024-04-22 00:00:00+05:30,6136.375450180213,6239.57065029292,6131.888702349225,6220.177734375,197001,0.0,0.0
2024-04-23 00:00:00+05:30,6223.119112834989,6285.235447894937,6162.797282132992,6176.65625,217146,0.0,0.0
2024-04-24 00:00:00+05:30,6211.553402157034,6291.9161397064,6167.932242009319,6264.84619140625,207837,0.0,0.0
2024-04-25 00:00:00+05:30,6261.5057871205145,6383.346110390654,6150.683214387509,6365.29931640625,520353,0.0,0.0
2024-04-26 00:00:00+05:30,6361.211333186608,6361.211333186608,6232.640887443896,6240.1689453125,261065,0.0,0.0
2024-04-29 00:00:00+05:30,6181.74164319419,6181.74164319419,5716.116909747144,5950.77392578125,2785015,0.0,0.0
2024-04-30 00:00:00+05:30,5982.33054269737,6005.262809777711,5883.6220887428635,5929.58642578125,1040838,0.0,0.0
2024-05-02 00:00:00+05:30,5929.586452674809,5982.33056983015,5921.959078566937,5941.00244140625,572406,0.0,0.0
2024-05-03 00:00:00+05:30,5982.330030052014,6009.94864842806,5942.497487864612,5991.90185546875,563849,0.0,0.0
2024-05-06 00:00:00+05:30,6032.182817937457,6068.226259224743,5968.570902958332,6038.86328125,419144,0.0,0.0
2024-05-07 00:00:00+05:30,6062.094667598831,6062.094667598831,5839.153062388875,5882.8740234375,455928,0.0,0.0
2024-05-08 00:00:00+05:30,5874.648230378218,5892.595220898722,5795.531816465009,5829.2822265625,511587,0.0,0.0
2024-05-09 00:00:00+05:30,5842.642737664784,5874.648301851061,5772.9486876642295,5789.30029296875,598157,0.0,0.0
2024-05-10 00:00:00+05:30,5802.810889675482,5863.680907384313,5736.307121307396,5825.24462890625,372227,0.0,0.0
2024-05-13 00:00:00+05:30,5802.860457245627,5825.194393251934,5773.1484111537475,5812.98046875,348407,0.0,0.0
2024-05-14 00:00:00+05:30,5837.757344998515,5877.290480546884,5723.096013713318,5845.5341796875,558136,0.0,0.0
2024-05-15 00:00:00+05:30,5852.663788467575,5866.1240323393895,5802.860691404537,5831.57568359375,509306,0.0,0.0
2024-05-16 00:00:00+05:30,5872.654056322451,5926.993554806249,5832.7718556003965,5914.2314453125,378026,0.0,0.0
2024-05-17 00:00:00+05:30,5907.551354405231,5955.40999828902,5892.695331068298,5935.5185546875,267904,0.0,0.0
2024-05-21 00:00:00+05:30,5982.330510812004,6024.107021510514,5902.964828666571,5930.73291015625,606639,0.0,0.0
2024-05-22 00:00:00+05:30,5941.052478789783,5941.052478789783,5827.737266664852,5850.86865234375,735701,0.0,0.0
2024-05-23 00:00:00+05:30,5861.138890090157,5973.806119134356,5843.341358753006,5952.46875,308200,0.0,0.0
2024-05-24 00:00:00+05:30,5920.812283726193,5954.2637754436,5849.7224476947085,5896.93310546875,608807,0.0,0.0
2024-05-27 00:00:00+05:30,5932.477277035925,5941.9492995790915,5900.571516890522,5921.80859375,189637,0.0,0.0
2024-05-28 00:00:00+05:30,5926.644953607917,5953.864849844293,5862.982888337225,5887.11181640625,314362,0.0,0.0
2024-05-29 00:00:00+05:30,5892.4956544948645,5927.492384782932,5863.581057495923,5886.06494140625,337183,0.0,0.0
2024-05-30 00:00:00+05:30,5882.625267894416,5884.370114372181,5733.066998371676,5749.46875,643549,0.0,0.0
2024-05-31 00:00:00+05:30,5838.7050676280005,5941.80046865958,5726.087498187509,5822.00439453125,1382132,0.0,0.0
2024-06-03 00:00:00+05:30,5968.6704988587,6000.426799824076,5795.432182534374,5833.96875,804820,0.0,0.0
2024-06-04 00:00:00+05:30,5733.416047819358,5946.187514586125,5676.434444670966,5828.4853515625,642000,0.0,0.0
2024-06-05 00:00:00+05:30,5897.580816548207,5927.24320527049,5759.787609326192,5917.1728515625,487289,0.0,0.0
2024-06-06 00:00:00+05:30,5952.418823446935,5957.404098843457,5882.624967895631,5944.4423828125,490549,0.0,0.0
2024-06-07 00:00:00+05:30,5970.116521090052,6013.239153053168,5947.8823876706665,5996.83740234375,436163,0.0,0.0
2024-06-10 00:00:00+05:30,6022.2122678251635,6057.10919321819,5974.4032852994105,6038.86328125,443756,0.0,0.0
2024-06-11 00:00:00+05:30,6063.839366090173,6149.087570274941,6041.355970133137,6089.96240234375,521348,0.0,0.0
2024-06-12 00:00:00+05:30,6099.284864170123,6170.624447460913,6057.109628898816,6150.43408203125,321285,0.0,0.0
2024-06-13 00:00:00+05:30,6189.668674626632,6192.26062852582,6141.859685744583,6187.923828125,401804,0.0,0.0
2024-06-14 00:00:00+05:30,6191.712170808764,6201.633063790782,6156.815242309842,6189.3193359375,216573,0.0,0.0
2024-06-18 00:00:00+05:30,6206.6681901762795,6231.39496268656,6148.0415432136315,6217.98486328125,267887,0.0,0.0
2024-06-19 00:00:00+05:30,6246.550021631789,6250.538241916948,6110.003134881305,6155.369140625,401714,0.0,0.0
2024-06-20 00:00:00+05:30,6147.542586152783,6175.4601278689925,6097.739491103871,6157.66259765625,252844,0.0,0.0
2024-06-21 00:00:00+05:30,6134.0822048891305,6220.726190398501,6126.903213871936,6151.82958984375,434583,0.0,0.0
2024-06-24 00:00:00+05:30,6151.830119259962,6276.462009844645,6138.020808414514,6241.1162109375,357273,0.0,0.0
2024-06-25 00:00:00+05:30,6239.570443741921,6296.402581053088,6223.866826853308,6276.810546875,348730,0.0,0.0
2024-06-26 00:00:00+05:30,6261.306418272084,6267.139287972047,6106.962483627285,6118.7275390625,538411,0.0,0.0
2024-06-27 00:00:00+05:30,6097.739693382241,6182.140309751847,6037.168596399374,6174.263671875,440975,0.0,0.0
2024-06-28 00:00:00+05:30,6204.175319422931,6204.175319422931,6127.053010570564,6167.48388671875,334692,0.0,0.0
2024-07-01 00:00:00+05:30,6161.800178184289,6161.800178184289,6090.461084450876,6122.41650390625,374933,0.0,0.0
2024-07-02 00:00:00+05:30,6116.683564730937,6145.59816163826,6059.103634682734,6079.64306640625,436037,0.0,0.0
2024-07-03 00:00:00+05:30,6114.191202725771,6199.439414692513,6061.147676098028,6174.46337890625,188203,0.0,0.0
2024-07-04 00:00:00+05:30,6182.688648154713,6225.611672911126,6142.856104549239,6206.71728515625,222050,0.0,0.0
2024-07-05 00:00:00+05:30,6182.738419643126,6324.170777103121,6140.8621071733605,6309.91259765625,350300,0.0,0.0
2024-07-08 00:00:00+05:30,6361.211302584654,6369.138085073624,6274.267906344926,6298.845703125,317731,0.0,0.0
2024-07-09 00:00:00+05:30,6290.719405866019,6331.698466920792,6237.476762095056,6301.68701171875,176239,0.0,0.0
2024-07-10 00:00:00+05:30,6301.6870750815415,6398.10249678459,6282.593567523691,6356.92431640625,295890,0.0,0.0
2024-07-11 00:00:00+05:30,6377.064788268642,6392.768406516079,6321.329504047988,6370.23486328125,354777,0.0,0.0
2024-07-12 00:00:00+05:30,6366.396103469241,6401.0437664756355,6301.387919436474,6335.18798828125,211028,0.0,0.0
2024-07-15 00:00:00+05:30,6321.8274064875695,6447.655945787412,6321.8274064875695,6418.29248046875,359221,0.0,0.0
2024-07-16 00:00:00+05:30,6418.293072753503,6444.964297219875,6384.143934885344,6434.69482421875,298376,0.0,0.0
2024-07-18 00:00:00+05:30,6413.058527929603,6520.441559025454,6411.064417690819,6501.64697265625,583444,0.0,0.0
2024-07-19 00:00:00+05:30,6506.033557681522,6506.033557681522,6346.2554836432155,6363.15576171875,228785,0.0,0.0
2024-07-22 00:00:00+05:30,6363.1561652506225,6415.052689896117,6351.390622640933,6383.29638671875,222285,0.0,0.0
2024-07-23 00:00:00+05:30,6385.140912174571,6455.333494415073,6306.173952876935,6384.7421875,284679,0.0,0.0
2024-07-24 00:00:00+05:30,6381.152493046519,6424.973258419683,6331.3493972111255,6403.68603515625,309594,0.0,0.0
2024-07-25 00:00:00+05:30,6385.93818716136,6415.201851153291,6353.234975246439,6366.994140625,412373,0.0,0.0
2024-07-26 00:00:00+05:30,6414.055427292172,6660.278377784166,6374.721409050002,6644.92333984375,432671,0.0,0.0
2024-07-29 00:00:00+05:30,6757.041950906382,6757.041950906382,6596.914815421221,6661.97265625,367708,0.0,0.0
2024-07-30 00:00:00+05:30,6661.973063246239,6693.380298668533,6564.7105336837285,6621.44287109375,264929,0.0,0.0
2024-07-31 00:00:00+05:30,6644.624400895356,6667.058140478976,6564.760190609004,6595.818359375,352268,0.0,0.0
2024-08-01 00:00:00+05:30,6595.818089751753,6715.165774195256,6587.14400290665,6686.64990234375,361725,0.0,0.0
2024-08-02 00:00:00+05:30,6686.6502035434,6775.836976685916,6661.325101454355,6690.38916015625,587569,0.0,0.0
2024-08-05 00:00:00+05:30,6669.301053101936,6736.602267197373,6580.612814012195,6667.9052734375,907845,0.0,0.0
2024-08-06 00:00:00+05:30,6669.450839919798,6715.165912356243,6611.5218428469225,6638.09375,334936,0.0,0.0
2024-08-07 00:00:00+05:30,6681.465574966168,6748.0686583580355,6642.3808218057375,6700.55908203125,358284,0.0,0.0
2024-08-08 00:00:00+05:30,6720.150978394904,6724.488265193237,6480.857768481732,6522.63427734375,509454,0.0,0.0
2024-08-09 00:00:00+05:30,6562.865613092639,6578.569230154618,6510.769486648932,6568.44921875,115598,0.0,0.0
2024-08-12 00:00:00+05:30,6530.710896630338,6572.487407898136,6402.041130877564,6483.2509765625,230114,0.0,0.0
2024-08-13 00:00:00+05:30,6491.127474924189,6622.439823340205,6491.127474924189,6569.99462890625,400126,0.0,0.0
2024-08-14 00:00:00+05:30,6580.563216453628,6844.78280014457,6441.224775620387,6496.6611328125,1723346,0.0,0.0
2024-08-16 00:00:00+05:30,6546.940454921241,6705.316063935481,6546.740542357371,6677.45556640625,611092,10.0,0.0
2024-08-19 00:00:00+05:30,6740.466502500074,6747.356659628751,6555.777525294925,6715.40185546875,398225,0.0,0.0
2024-08-20 00:00:00+05:30,6765.430989121328,6779.011877997885,6640.60753913754,6663.47509765625,146064,0.0,0.0
2024-08-21 00:00:00+05:30,6665.5722806926715,6778.9119741546365,6617.7400318072205,6742.9130859375,291296,0.0,0.0
2024-08-22 00:00:00+05:30,6751.001211672046,6848.31376843721,6741.4648951180525,6820.90234375,344641,0.0,0.0
2024-08-23 00:00:00+05:30,6854.305398003262,6917.615755355774,6821.052625418473,6851.01025390625,468784,0.0,0.0
2024-08-26 00:00:00+05:30,6820.353207388459,6868.285411481379,6599.46543849028,6770.423828125,385016,0.0,0.0
2024-08-27 00:00:00+05:30,6770.423923256873,6841.073995907379,6724.488893689054,6771.8720703125,297297,0.0,0.0
2024-08-28 00:00:00+05:30,6776.315755155336,6838.827438812178,6737.021234081889,6766.87939453125,250361,0.0,0.0
2024-08-29 00:00:00+05:30,6790.295774257938,6897.594207713139,6750.751607485313,6847.51513671875,659960,0.0,0.0
2024-08-30 00:00:00+05:30,6855.304093315815,6980.127547309185,6841.323866468559,6917.7158203125,499581,0.0,0.0
2024-09-02 00:00:00+05:30,6979.128835126926,6989.1147112681865,6855.3537053193595,6870.33251953125,248292,0.0,0.0
2024-09-03 00:00:00+05:30,6881.217604317247,6916.017993049987,6824.797403383506,6835.1826171875,361990,0.0,0.0
2024-09-04 00:00:00+05:30,6828.3421474385505,6928.200909466023,6780.459676009733,6921.11083984375,389768,0.0,0.0
2024-09-05 00:00:00+05:30,6921.1107590240335,7034.0511150765915,6890.4544119945485,6924.505859375,387284,0.0,0.0
2024-09-06 00:00:00+05:30,6924.506081994747,6952.616714154258,6848.21408376221,6897.044921875,185503,0.0,0.0
2024-09-09 00:00:00+05:30,6897.044752942512,6918.215005443852,6810.817102351816,6851.01025390625,304409,0.0,0.0
2024-09-10 00:00:00+05:30,6890.254557670387,6965.997525942231,6851.010259356822,6911.77392578125,354522,0.0,0.0
2024-09-11 00:00:00+05:30,6890.254259356545,6944.128254000758,6863.741954308265,6890.50390625,223028,0.0,0.0
2024-09-12 00:00:00+05:30,6933.193672340026,7086.427133835052,6905.233219678998,7051.82568359375,831152,0.0,0.0
2024-09-13 00:00:00+05:30,7086.177798257859,7089.922501903765,6998.151907814794,7009.236328125,238034,0.0,0.0
2024-09-16 00:00:00+05:30,7015.0778166005275,7052.974410660652,7000.598296552028,7021.4189453125,226343,0.0,0.0
2024-09-17 00:00:00+05:30,7021.468974181172,7142.348299521821,6990.013463790847,6998.15185546875,266003,0.0,0.0
2024-09-18 00:00:00+05:30,7019.970876739467,7058.017161844982,6950.91864166843,7025.96240234375,251334,0.0,0.0
2024-09-19 00:00:00+05:30,7058.016993527969,7114.586882241026,7001.54706109092,7020.3203125,407897,0.0,0.0
2024-09-20 00:00:00+05:30,7029.956863770291,7109.943829369015,7007.987936207634,7072.646484375,493357,0.0,0.0
2024-09-23 00:00:00+05:30,7080.385496245703,7171.856218889374,7080.385496245703,7142.697265625,254282,0.0,0.0
2024-09-24 00:00:00+05:30,7066.205800727525,7189.830751105728,7066.205800727525,7111.94091796875,333949,0.0,0.0
2024-09-25 00:00:00+05:30,7082.732289131325,7134.858757544677,7064.158462019003,7123.375,236185,0.0,0.0
2024-09-26 00:00:00+05:30,7097.960510109261,7183.789307543744,7084.379621519265,7157.72607421875,405696,0.0,0.0
2024-09-27 00:00:00+05:30,7149.188025917307,7269.617788269766,7099.957852161882,7223.78271484375,772592,0.0,0.0
2024-09-30 00:00:00+05:30,7150.386619778445,7306.615847238011,7150.386619778445,7188.98193359375,442794,0.0,0.0
2024-10-01 00:00:00+05:30,7191.32847661863,7233.71871453973,7124.922402370885,7143.24658203125,310719,0.0,0.0
2024-10-03 00:00:00+05:30,7083.3315093528,7189.830780267186,6846.266908643978,6896.1962890625,655420,0.0,0.0
2024-10-04 00:00:00+05:30,6892.351712347638,6948.472044059691,6717.8485256810545,6764.033203125,429272,0.0,0.0
2024-10-07 00:00:00+05:30,6791.394258233716,6847.8144575559045,6733.625868135066,6763.58349609375,260810,0.0,0.0
2024-10-08 00:00:00+05:30,6809.368938829696,6930.198040105307,6739.1684246128225,6914.52001953125,345891,0.0,0.0
2024-10-09 00:00:00+05:30,6949.171064871693,7060.0142877773915,6926.602887734735,6999.00048828125,391824,0.0,0.0
2024-10-10 00:00:00+05:30,7044.985854820992,7045.085323508715,6874.326842183813,6945.2265625,237853,0.0,0.0
2024-10-11 00:00:00+05:30,6972.138695957482,7009.036703199171,6920.3120964949685,6973.53662109375,75315,0.0,0.0
2024-10-14 00:00:00+05:30,6966.9960046639235,7091.36989538733,6951.917234363775,7082.58251953125,168515,0.0,0.0
2024-10-15 00:00:00+05:30,7104.95104809695,7140.251218637091,7030.056975207664,7130.0654296875,322659,0.0,0.0
2024-10-16 00:00:00+05:30,7075.093301823634,7125.122639512977,7046.034304325736,7061.3125,223419,0.0,0.0
2024-10-17 00:00:00+05:30,7078.987602910867,7092.568491993526,6950.818785004111,6979.42822265625,183572,0.0,0.0
2024-10-18 00:00:00+05:30,6973.436446888367,7031.704129653821,6940.183675537178,6973.037109375,236651,0.0,0.0
2024-10-21 00:00:00+05:30,6962.402309712083,7022.067918088904,6947.673142790607,6976.5322265625,222611,0.0,0.0
2024-10-22 00:00:00+05:30,7010.035029685074,7027.3103996652,6861.844243745475,6882.2158203125,112233,0.0,0.0
2024-10-23 00:00:00+05:30,6875.275836223395,6949.121586537997,6845.068560399756,6896.9951171875,109466,0.0,0.0
2024-10-24 00:00:00+05:30,6927.452091436803,6968.1445376836655,6860.946057230354,6944.328125,147408,0.0,0.0
2024-10-25 00:00:00+05:30,6944.327685033009,6971.139858931834,6866.337897931168,6935.041015625,175261,0.0,0.0
2024-10-28 00:00:00+05:30,6913.221945804678,6960.155562943609,6784.653792471968,6916.51708984375,238427,0.0,0.0
2024-10-29 00:00:00+05:30,6948.072498831526,6987.816577490728,6846.116608317142,6977.5810546875,196146,0.0,0.0
2024-10-30 00:00:00+05:30,6970.740964599531,7025.064034598214,6929.998296406804,6972.63818359375,191699,0.0,0.0
2024-10-31 00:00:00+05:30,6990.013160436319,7040.0424961185445,6946.22499717973,7012.78125,224153,0.0,0.0
2024-11-01 00:00:00+05:30,7012.781619011511,7036.048516001948,6990.862425262651,7022.0185546875,18769,0.0,0.0
2024-11-04 00:00:00+05:30,7079.986001490583,7079.986001490583,6882.41534961473,6948.57177734375,273442,0.0,0.0
2024-11-05 00:00:00+05:30,6910.226039396419,6976.6818476721855,6804.6254030284745,6956.46044921875,246059,0.0,0.0
2024-11-06 00:00:00+05:30,7010.0848993134105,7131.662938699651,6881.267099881583,6958.25830078125,459745,0.0,0.0
2024-11-07 00:00:00+05:30,7306.16621666065,7473.329684326364,7190.130141848711,7414.36328125,2502817,0.0,0.0
2024-11-08 00:00:00+05:30,7379.612149753587,7534.3434944881665,7369.576539340314,7410.91796875,1032481,0.0,0.0
2024-11-11 00:00:00+05:30,7389.548149554378,7443.621569914218,6972.737787934319,7145.34375,625620,0.0,0.0
2024-11-12 00:00:00+05:30,7151.1353090642915,7222.6342773285,6991.111649329251,7009.63525390625,194183,0.0,0.0
2024-11-13 00:00:00+05:30,6960.155510903632,6988.31587601308,6820.802807583513,6849.16259765625,299775,0.0,0.0
2024-11-14 00:00:00+05:30,6850.3109765119825,6898.243181595448,6817.407319860753,6850.9599609375,192648,0.0,0.0
2024-11-18 00:00:00+05:30,6864.7410142604695,6864.7410142604695,6685.094707295149,6732.3779296875,268706,0.0,0.0
2024-11-19 00:00:00+05:30,6740.466543763309,6787.300206378689,6651.792156713115,6677.45556640625,290018,0.0,0.0
2024-11-21 00:00:00+05:30,6614.194857941056,6752.399775093045,6584.8364793313895,6732.97705078125,258574,0.0,0.0
2024-11-22 00:00:00+05:30,6742.064345532047,6940.483415214225,6742.064345532047,6925.30517578125,498633,0.0,0.0
2024-11-25 00:00:00+05:30,6970.141501490724,7136.905631970517,6921.11075243613,7065.00732421875,639047,0.0,0.0
2024-11-26 00:00:00+05:30,7084.979312794087,7102.005037036245,7032.553461642333,7066.55517578125,179222,0.0,0.0
2024-11-27 00:00:00+05:30,7066.554947632497,7105.350173750587,6960.155632957288,6972.837890625,227250,0.0,0.0
2024-11-28 00:00:00+05:30,6972.838095349504,7020.071095593306,6806.373341047507,6831.43798828125,412343,0.0,0.0
2024-11-29 00:00:00+05:30,6857.35090289725,6882.715418452007,6802.378849597088,6819.2548828125,410883,0.0,0.0
2024-12-02 00:00:00+05:30,6848.313997096766,7070.000451945917,6811.466210903676,7055.8203125,579743,0.0,0.0
2024-12-03 00:00:00+05:30,7094.365756838742,7125.321972914001,7066.554994233454,7116.484375,351470,0.0,0.0
2024-12-04 00:00:00+05:30,7206.457233272768,7258.833348854262,7114.986509979264,7222.13525390625,604278,0.0,0.0
2024-12-05 00:00:00+05:30,7246.999814765569,7324.590265836834,7130.314756917185,7264.47509765625,510951,0.0,0.0
2024-12-06 00:00:00+05:30,7252.7417428670215,7299.725094436727,7197.5697779360835,7223.08349609375,189048,0.0,0.0
2024-12-09 00:00:00+05:30,7152.633281465662,7217.741387563215,7152.633281465662,7183.689453125,203674,0.0,0.0
2024-12-10 00:00:00+05:30,7218.5900050024,7298.1278991473355,7205.009603420016,7248.04833984375,333300,0.0,0.0
2024-12-11 00:00:00+05:30,7245.4522261518,7353.599067923431,7205.8578378380025,7330.431640625,391192,0.0,0.0
2024-12-12 00:00:00+05:30,7289.689517016335,7308.313078332583,7179.34558665602,7216.892578125,396742,0.0,0.0
2024-12-13 00:00:00+05:30,7210.8008899902425,7267.071397444989,7194.024813741484,7249.19677734375,314999,0.0,0.0
2024-12-16 00:00:00+05:30,7241.407636726788,7259.831772893628,7155.928441065096,7248.947265625,219812,0.0,0.0
2024-12-17 00:00:00+05:30,7216.792546875,7296.679554450758,7190.829269412879,7208.55419921875,237831,0.0,0.0
2024-12-18 00:00:00+05:30,7223.033693390216,7257.235318385705,7167.512125806228,7227.177734375,253532,0.0,0.0
2024-12-19 00:00:00+05:30,7137.9040966634375,7302.920695988232,7127.31897068616,7287.24267578125,292899,0.0,0.0
2024-12-20 00:00:00+05:30,7314.454372446925,7379.462523747354,7199.866443545284,7241.4580078125,349055,0.0,0.0
2024-12-23 00:00:00+05:30,7240.858640793455,7319.547148603291,7174.851902943256,7254.8388671875,179062,0.0,0.0
2024-12-24 00:00:00+05:30,7249.746166587534,7269.468272206006,7200.216122807125,7229.7744140625,146814,0.0,0.0
2024-12-26 00:00:00+05:30,7261.9292172065525,7287.742317579489,7214.546038739586,7250.89453125,116439,0.0,0.0
2024-12-27 00:00:00+05:30,7250.894553678252,7284.696842852582,7144.894573078852,7236.0654296875,189089,0.0,0.0
2024-12-30 00:00:00+05:30,7229.7743034786545,7367.978731319649,7209.852285603007,7303.91943359375,428884,0.0,0.0
2024-12-31 00:00:00+05:30,7295.281857414729,7355.546718157119,7242.556138211364,7286.044921875,212227,0.0,0.0
2025-01-01 00:00:00+05:30,7309.66143275415,7434.484886182329,7290.089017738289,7359.2412109375,341399,0.0,0.0
2025-01-02 00:00:00+05:30,7394.5410946345155,7434.434863841397,7322.6925225878895,7411.16748046875,265991,0.0,0.0
2025-01-03 00:00:00+05:30,7417.459044161161,7427.045095158641,7269.717811997454,7288.0419921875,180636,0.0,0.0
2025-01-06 00:00:00+05:30,7288.042159020013,7462.445391849134,7280.4527954802725,7418.6572265625,527272,0.0,0.0
2025-01-07 00:00:00+05:30,7455.704917213947,7534.693296527231,7334.826079238205,7426.24658203125,398234,0.0,0.0
2025-01-08 00:00:00+05:30,7438.229281022402,7449.463391364608,7120.928075579224,7132.5615234375,450295,0.0,0.0
2025-01-09 00:00:00+05:30,7129.91545560593,7153.582176734708,6981.225859659304,7081.53369140625,305521,0.0,0.0
2025-01-10 00:00:00+05:30,7079.9863148714785,7128.917108867065,7006.939727067821,7026.8115234375,185381,0.0,0.0
2025-01-13 00:00:00+05:30,6990.1132971541465,6990.1132971541465,6746.507653711681,6829.93994140625,431086,0.0,0.0
2025-01-14 00:00:00+05:30,6844.918761483402,6889.25595405933,6673.660985556286,6697.37744140625,362659,0.0,0.0
2025-01-15 00:00:00+05:30,6740.066870614003,6750.402349651455,6598.6667708629075,6682.3984375,547360,0.0,0.0
2025-01-16 00:00:00+05:30,6750.452034393169,6798.1843256352295,6690.586513992351,6780.06005859375,579821,0.0,0.0
2025-01-17 00:00:00+05:30,6810.317663306868,6835.332087524061,6752.748698383953,6818.4560546875,166710,0.0,0.0
2025-01-20 00:00:00+05:30,6891.253154041846,6900.240442606746,6730.480547491964,6771.27294921875,120356,0.0,0.0
2025-01-21 00:00:00+05:30,6828.342153467727,7005.042428068004,6828.342153467727,6909.37744140625,799900,0.0,0.0
2025-01-22 00:00:00+05:30,6898.243321454461,6932.145566398949,6820.253530333707,6883.16455078125,247081,0.0,0.0
2025-01-23 00:00:00+05:30,6882.515491994759,6953.2655220616425,6813.5632121904955,6911.0751953125,271085,0.0,0.0
2025-01-24 00:00:00+05:30,6905.482750062944,6905.482750062944,6718.946785494106,6735.52294921875,317194,0.0,0.0
2025-01-27 00:00:00+05:30,6690.537030962461,6720.294746899352,6664.923356115979,6685.99365234375,191705,0.0,0.0
2025-01-28 00:00:00+05:30,6689.538467517666,6737.969967095902,6625.6785941711605,6699.474609375,202194,0.0,0.0
2025-01-29 00:00:00+05:30,6731.479124667866,6789.147559536516,6687.790916434041,6774.7177734375,146288,0.0,0.0
2025-01-30 00:00:00+05:30,6776.665076004428,6885.261477111885,6760.78763074014,6815.0107421875,204648,0.0,0.0
2025-01-31 00:00:00+05:30,6812.614263691519,6870.282697672711,6779.560916566663,6800.880859375,187712,0.0,0.0
2025-02-01 00:00:00+05:30,6800.681196473892,6930.198208167503,6800.6314621286365,6831.43798828125,117096,0.0,0.0
2025-02-03 00:00:00+05:30,6772.021640053727,6877.023026727576,6715.4517510814485,6789.04736328125,250589,0.0,0.0
2025-02-04 00:00:00+05:30,6775.416907792759,6806.972373665722,6696.827868151358,6782.60693359375,223642,0.0,0.0
2025-02-05 00:00:00+05:30,6816.508677485735,6998.101930843655,6786.850918193371,6934.84130859375,389639,0.0,0.0
2025-02-06 00:00:00+05:30,6827.742963940655,6915.21933784822,6775.966097806096,6864.541015625,334197,0.0,0.0
2025-02-07 00:00:00+05:30,6911.674494222827,6920.062532732817,6740.466451322588,6780.958984375,259335,0.0,0.0
2025-02-10 00:00:00+05:30,6807.571857110276,6824.697537624657,6676.556963654326,6751.70068359375,213808,0.0,0.0
2025-02-11 00:00:00+05:30,6790.296005730936,6805.374776635495,6273.626857551357,6308.427734375,1728723,0.0,0.0
2025-02-12 00:00:00+05:30,6340.631918668681,6484.877604847053,6206.221930271118,6365.54638671875,1133586,0.0,0.0
2025-02-13 00:00:00+05:30,6363.249929656607,6415.925426347631,6335.489388996369,6363.2001953125,636246,0.0,0.0
2025-02-14 00:00:00+05:30,6377.25,6379.89990234375,6230.60009765625,6270.5,320088,9.0,0.0
2025-02-17 00:00:00+05:30,6150.0,6317.0,6150.0,6300.2001953125,482329,0.0,0.0
2025-02-18 00:00:00+05:30,6320.0,6390.0,6320.0,6376.85009765625,220118,0.0,0.0
2025-02-19 00:00:00+05:30,6348.25,6435.0,6284.25,6422.64990234375,195067,0.0,0.0
2025-02-20 00:00:00+05:30,6384.25,6469.4501953125,6377.89990234375,6390.9501953125,165304,0.0,0.0
2025-02-21 00:00:00+05:30,6362.2998046875,6395.60009765625,6292.9501953125,6317.5498046875,220428,0.0,0.0
2025-02-24 00:00:00+05:30,6275.0,6275.0,6236.0,6251.39990234375,458224,0.0,0.0
2025-02-25 00:00:00+05:30,6251.0,6279.9501953125,6213.0498046875,6251.35009765625,421160,0.0,0.0
2025-02-27 00:00:00+05:30,6261.0,6282.25,6145.4501953125,6185.2001953125,397857,0.0,0.0
2025-02-28 00:00:00+05:30,6145.0498046875,6145.0498046875,6001.35009765625,6052.60009765625,845516,0.0,0.0
2025-03-03 00:00:00+05:30,6025.60009765625,6195.0,6001.0,6170.60009765625,373515,0.0,0.0
2025-03-04 00:00:00+05:30,6133.0,6220.5,6112.2998046875,6188.14990234375,445246,0.0,0.0
2025-03-05 00:00:00+05:30,6200.0,6235.0498046875,6130.64990234375,6214.39990234375,345922,0.0,0.0
2025-03-06 00:00:00+05:30,6255.0,6292.0,6217.0498046875,6274.10009765625,284475,0.0,0.0
2025-03-07 00:00:00+05:30,6292.25,6314.75,6197.2998046875,6216.10009765625,299433,0.0,0.0
2025-03-10 00:00:00+05:30,6206.39990234375,6212.0,6133.89990234375,6149.60009765625,266043,0.0,0.0
2025-03-11 00:00:00+05:30,6130.0,6155.7001953125,6040.0,6134.7998046875,526709,0.0,0.0
2025-03-12 00:00:00+05:30,6134.10009765625,6157.9501953125,6063.75,6143.75,250139,0.0,0.0
2025-03-13 00:00:00+05:30,6155.10009765625,6200.0,6082.10009765625,6105.64990234375,247628,0.0,0.0
2025-03-17 00:00:00+05:30,6002.0,6204.2001953125,6002.0,6156.64990234375,287639,0.0,0.0
2025-03-18 00:00:00+05:30,6156.64990234375,6156.64990234375,6156.64990234375,6156.64990234375,0,0.0,0.0
2025-03-19 00:00:00+05:30,6275.25,6434.89990234375,6227.10009765625,6427.5498046875,579880,0.0,0.0
2025-03-20 00:00:00+05:30,6465.0,6484.64990234375,6363.75,6474.35009765625,457285,0.0,0.0
2025-03-21 00:00:00+05:30,6494.0,6634.10009765625,6470.0498046875,6611.5498046875,496635,0.0,0.0
2025-03-24 00:00:00+05:30,6649.39990234375,6699.9501953125,6600.4501953125,6615.7998046875,389998,0.0,0.0
2025-03-25 00:00:00+05:30,6596.5,6667.14990234375,6562.0498046875,6644.7001953125,223668,0.0,0.0
2025-03-26 00:00:00+05:30,6653.7998046875,6680.0,6491.0498046875,6519.7998046875,281646,0.0,0.0
2025-03-27 00:00:00+05:30,6500.0498046875,6559.9501953125,6430.25,6492.0498046875,728926,0.0,0.0
2025-03-28 00:00:00+05:30,6492.0498046875,6649.75,6432.9501953125,6616.2001953125,413873,0.0,0.0
2025-04-01 00:00:00+05:30,6599.0,6661.89990234375,6545.64990234375,6632.2998046875,319668,0.0,0.0
2025-04-02 00:00:00+05:30,6632.2998046875,6746.39990234375,6632.2998046875,6732.14990234375,292940,0.0,0.0
2025-04-03 00:00:00+05:30,6675.0498046875,6774.9501953125,6660.0498046875,6671.35009765625,312519,0.0,0.0
2025-04-04 00:00:00+05:30,6672.0,6735.0,6582.0,6714.5498046875,279891,0.0,0.0
2025-04-07 00:00:00+05:30,6565.0,6725.7001953125,6490.85009765625,6683.2998046875,744140,0.0,0.0
2025-04-08 00:00:00+05:30,6725.0,6790.0,6716.25,6755.60009765625,578124,0.0,0.0
2025-04-09 00:00:00+05:30,6665.0,6851.4501953125,6665.0,6834.10009765625,680834,0.0,0.0
2025-04-11 00:00:00+05:30,6822.7001953125,6870.9501953125,6765.5,6780.9501953125,651996,0.0,0.0
2025-04-15 00:00:00+05:30,6965.0,6965.0,6835.0,6905.0,778401,0.0,0.0
2025-04-16 00:00:00+05:30,6870.0,7034.5,6865.0,7005.5,621996,0.0,0.0
2025-04-17 00:00:00+05:30,7038.0,7092.0,7000.0,7073.5,533349,0.0,0.0
2025-04-21 00:00:00+05:30,7150.0,7189.0,7058.0,7142.5,244570,0.0,0.0
2025-04-22 00:00:00+05:30,7141.5,7172.5,7070.0,7088.5,305540,0.0,0.0
2025-04-23 00:00:00+05:30,7088.5,7169.0,7071.5,7142.0,287593,0.0,0.0
2025-04-24 00:00:00+05:30,7141.5,7184.5,7093.5,7159.5,277769,0.0,0.0
2025-04-25 00:00:00+05:30,7169.5,7243.0,6898.0,6953.0,550158,0.0,0.0
2025-04-28 00:00:00+05:30,6954.5,7056.0,6954.5,7045.0,379519,0.0,0.0
2025-04-29 00:00:00+05:30,7049.0,7090.0,6976.0,6992.5,174253,0.0,0.0
2025-04-30 00:00:00+05:30,6992.0,7035.5,6920.0,6977.0,499567,0.0,0.0
2025-05-02 00:00:00+05:30,6922.0,7098.0,6918.0,6928.0,207912,0.0,0.0
2025-05-05 00:00:00+05:30,6960.0,7031.0,6950.0,6974.0,259097,0.0,0.0
2025-05-06 00:00:00+05:30,6999.5,7074.0,6950.0,7009.0,292595,0.0,0.0
2025-05-07 00:00:00+05:30,6970.0,7056.0,6950.0,6983.0,338311,0.0,0.0
2025-05-08 00:00:00+05:30,6950.0,6979.0,6806.0,6851.5,383274,0.0,0.0
2025-05-09 00:00:00+05:30,6735.5,6844.0,6677.5,6722.0,428193,0.0,0.0
2025-05-12 00:00:00+05:30,6800.0,6940.5,6758.5,6926.0,237009,0.0,0.0
2025-05-13 00:00:00+05:30,6908.0,7013.0,6900.0,6917.5,323598,0.0,0.0
2025-05-14 00:00:00+05:30,6930.0,6993.0,6862.5,6916.5,324593,0.0,0.0
2025-05-15 00:00:00+05:30,6942.0,7096.5,6870.0,7072.5,656146,0.0,0.0
2025-05-16 00:00:00+05:30,7080.0,7105.0,6993.0,7015.0,270772,0.0,0.0
2025-05-19 00:00:00+05:30,6985.0,7061.0,6965.5,6974.5,307173,0.0,0.0
2025-05-20 00:00:00+05:30,6985.5,7007.0,6891.0,6912.0,365507,0.0,0.0
2025-05-21 00:00:00+05:30,6928.5,7043.0,6928.5,6984.0,449740,0.0,0.0
2025-05-22 00:00:00+05:30,6984.0,7001.0,6915.0,6954.5,229993,0.0,0.0
2025-05-23 00:00:00+05:30,6987.5,7088.0,6930.0,7064.5,321466,0.0,0.0
2025-05-26 00:00:00+05:30,7095.0,7120.0,7080.0,7096.5,228090,0.0,0.0
2025-05-27 00:00:00+05:30,7118.5,7124.5,7029.5,7073.5,218088,0.0,0.0
2025-05-28 00:00:00+05:30,7100.0,7101.0,6932.5,6956.5,278102,0.0,0.0
2025-05-29 00:00:00+05:30,6965.5,6981.0,6886.5,6923.0,308885,0.0,0.0
