timestamp,Open,High,Low,Close,Volume,Dividends,Stock Splits
2020-06-01 00:00:00+05:30,1647.080757703208,1652.2927567090856,1622.9512417684996,1634.2921142578125,2529255,0.0,0.0
2020-06-02 00:00:00+05:30,1634.29212870037,1672.658059375604,1621.5034851419587,1649.7833251953125,2440552,0.0,0.0
2020-06-03 00:00:00+05:30,1663.9714324684621,1683.2750453741287,1646.453380192589,1656.7808837890625,3088817,0.0,0.0
2020-06-04 00:00:00+05:30,1656.684027965742,1659.7243701154894,1570.3486790628588,1576.8636474609375,4388930,0.0,0.0
2020-06-05 00:00:00+05:30,1592.5482205843373,1601.5726369369988,1564.5579791316427,1581.4969482421875,2884206,0.0,0.0
2020-06-08 00:00:00+05:30,1599.3044185232857,1607.991044815808,1572.2793589465493,1577.3465576171875,2046505,0.0,0.0
2020-06-09 00:00:00+05:30,1582.896088620643,1635.9810184219452,1579.759251859657,1584.874755859375,3671930,0.0,0.0
2020-06-10 00:00:00+05:30,1590.6176561753127,1616.7740273214972,1571.2175493454067,1578.9871826171875,2069280,0.0,0.0
2020-06-11 00:00:00+05:30,1578.9870788498051,1588.6871905372388,1551.0451489631487,1554.519775390625,1888420,0.0,0.0
2020-06-12 00:00:00+05:30,1524.9854147091692,1585.7434890090196,1522.5724631036167,1580.3385009765625,2391556,0.0,0.0
2020-06-15 00:00:00+05:30,1572.2790994979441,1593.1752817507684,1546.3157194106423,1561.8551025390625,1681166,0.0,0.0
2020-06-16 00:00:00+05:30,1581.9310706553558,1583.1375464566488,1551.6726811229084,1565.2333984375,1497691,0.0,0.0
2020-06-17 00:00:00+05:30,1551.5760887062352,1566.150291902128,1535.02321819313,1539.84912109375,1812788,0.0,0.0
2020-06-18 00:00:00+05:30,1539.8491923505915,1556.0641561550879,1532.0312528537897,1542.1656494140625,1417273,0.0,0.0
2020-06-19 00:00:00+05:30,1542.165700145826,1573.2444701584168,1535.6507307141883,1566.005615234375,2714342,0.0,0.0
2020-06-22 00:00:00+05:30,1576.139816037829,1615.2296277644255,1567.4531912096963,1594.623046875,2034739,0.0,0.0
2020-06-23 00:00:00+05:30,1602.0549383922607,1630.1899754460271,1583.8613082930317,1625.267578125,2334863,0.0,0.0
2020-06-24 00:00:00+05:30,1625.3643076955752,1750.5965042059677,1625.3643076955752,1686.4119873046875,11545923,0.0,0.0
2020-06-25 00:00:00+05:30,1679.4144007410082,1686.1706655715755,1624.5439020738827,1630.190185546875,4054785,0.0,0.0
2020-06-26 00:00:00+05:30,1650.4587585802024,1650.7965482124246,1612.5271154217178,1628.018310546875,2129986,0.0,0.0
2020-06-29 00:00:00+05:30,1628.259756426449,1648.9628342394167,1615.760714137859,1633.037353515625,2753482,0.0,0.0
2020-06-30 00:00:00+05:30,1649.3970408366256,1658.180160146532,1623.0958712417519,1628.69384765625,1960731,0.0,0.0
2020-07-01 00:00:00+05:30,1638.8766595198645,1638.8766595198645,1621.5517148702136,1629.224853515625,1661296,0.0,0.0
2020-07-02 00:00:00+05:30,1640.807003895219,1644.6677262573253,1602.2962747692284,1627.728759765625,2038399,0.0,0.0
2020-07-03 00:00:00+05:30,1636.3672253559616,1660.1106447341094,1631.1552265120029,1636.6085205078125,1988941,0.0,0.0
2020-07-06 00:00:00+05:30,1649.4453714510298,1652.3892194664738,1633.2304077463361,1649.348876953125,1236670,0.0,0.0
2020-07-07 00:00:00+05:30,1649.4452969603358,1688.9695122091148,1646.4532607410129,1684.9639892578125,2983260,0.0,0.0
2020-07-08 00:00:00+05:30,1689.0661557751112,1700.4553346962996,1621.5518157050908,1627.535888671875,2725937,0.0,0.0
2020-07-09 00:00:00+05:30,1635.0160918847357,1662.0411512547314,1633.1822250063615,1657.45654296875,1904661,0.0,0.0
2020-07-10 00:00:00+05:30,1648.4798201131514,1651.423667466567,1636.1737699903,1644.184814453125,1156043,0.0,0.0
2020-07-13 00:00:00+05:30,1648.5282824310432,1672.5613002763625,1640.8068384852302,1646.2601318359375,1289791,0.0,0.0
2020-07-14 00:00:00+05:30,1646.2603274000487,1658.180284343427,1623.5302769564387,1629.6109619140625,1347120,0.0,0.0
2020-07-15 00:00:00+05:30,1640.8070609968909,1653.933493920886,1605.3849792198005,1613.4442138671875,1611341,0.0,0.0
2020-07-16 00:00:00+05:30,1621.3105694998071,1638.0081247377543,1587.818728879119,1634.243896484375,1442725,0.0,0.0
2020-07-17 00:00:00+05:30,1635.9809609681265,1681.827035095552,1630.913763301411,1658.0836181640625,2308792,0.0,0.0
2020-07-20 00:00:00+05:30,1666.8668115026253,1696.1600176601899,1660.351842783666,1690.6102294921875,1848600,0.0,0.0
2020-07-21 00:00:00+05:30,1699.6831581411075,1710.0588503330534,1659.1455700423417,1664.2127685546875,2088461,0.0,0.0
2020-07-22 00:00:00+05:30,1664.2127264968487,1675.9396948930384,1632.120470063025,1636.705078125,1300409,0.0,0.0
2020-07-23 00:00:00+05:30,1632.5995436811481,1680.9013053285196,1629.701437982306,1669.11572265625,2375218,1.5,0.0
2020-07-24 00:00:00+05:30,1665.444708399518,1668.3428140405845,1624.871229424588,1653.900634765625,3971563,0.0,0.0
2020-07-27 00:00:00+05:30,1658.875459813584,1727.270793434709,1658.875459813584,1717.75537109375,6470525,0.0,0.0
2020-07-28 00:00:00+05:30,1718.576792607006,1731.7631979901014,1691.5761532374256,1699.884033203125,2534092,0.0,0.0
2020-07-29 00:00:00+05:30,1709.8821449608704,1719.445916136171,1671.240740554975,1681.0460205078125,1530981,0.0,0.0
2020-07-30 00:00:00+05:30,1692.4938019565561,1717.6107191088795,1669.4055352970747,1684.1375732421875,2113975,0.0,0.0
2020-07-31 00:00:00+05:30,1694.4257539256048,1710.7517725169155,1652.3066424641793,1657.2333984375,1678643,0.0,0.0
2020-08-03 00:00:00+05:30,1670.2745772523638,1676.0707874683928,1639.8444736182114,1647.57275390625,1437425,0.0,0.0
2020-08-04 00:00:00+05:30,1660.6144867790572,1676.071049774092,1650.519466242612,1655.7359619140625,1815396,0.0,0.0
2020-08-05 00:00:00+05:30,1659.648560412463,1682.7850574929932,1654.3353665345417,1658.00634765625,1416803,0.0,0.0
2020-08-06 00:00:00+05:30,1673.2210591014868,1692.5899911408999,1661.6768694747716,1668.8739013671875,1914507,0.0,0.0
2020-08-07 00:00:00+05:30,1668.874081349373,1755.1892989754676,1667.0868219709396,1744.9010009765625,5166075,0.0,0.0
2020-08-10 00:00:00+05:30,1748.5238878321509,1762.3382397510143,1716.6447230263714,1721.81298828125,1892614,0.0,0.0
2020-08-11 00:00:00+05:30,1738.8632082659788,1775.3793828092478,1719.5425059519123,1728.7681884765625,3039662,0.0,0.0
2020-08-12 00:00:00+05:30,1729.1548044570613,1744.6597178903967,1711.8145183287836,1736.2069091796875,1679096,0.0,0.0
2020-08-13 00:00:00+05:30,1745.0458717992788,1753.353750281888,1727.2708019305874,1741.32666015625,1192375,0.0,0.0
2020-08-14 00:00:00+05:30,1756.9280330714566,1767.844277143722,1734.5160653615044,1741.32666015625,1868376,0.0,0.0
2020-08-17 00:00:00+05:30,1758.1840320834845,1779.9198236889122,1740.6504699369295,1774.3167724609375,1634180,0.0,0.0
2020-08-18 00:00:00+05:30,1768.810320670202,1820.0101824918954,1768.810320670202,1810.4464111328125,2586298,0.0,0.0
2020-08-19 00:00:00+05:30,1825.806586553531,1837.785447002536,1808.9493189426066,1821.652587890625,1947114,0.0,0.0
2020-08-20 00:00:00+05:30,1804.5054667961922,1816.1462385266504,1793.975777093049,1811.219482421875,1538879,0.0,0.0
2020-08-21 00:00:00+05:30,1823.7776679532476,1906.228739207563,1816.8704934826424,1891.4967041015625,5688228,0.0,0.0
2020-08-24 00:00:00+05:30,1891.4969118012373,1928.2062492110674,1874.108278291318,1895.5059814453125,3996329,0.0,0.0
2020-08-25 00:00:00+05:30,1897.5344282858262,1948.3478505087155,1897.2929195129757,1932.6497802734375,3544399,0.0,0.0
2020-08-26 00:00:00+05:30,1932.98791730076,1940.764547150664,1889.0816684684535,1904.441650390625,2245810,0.0,0.0
2020-08-27 00:00:00+05:30,1913.6190402061086,1940.7646041658456,1903.137582479254,1915.1646728515625,3116305,0.0,0.0
2020-08-28 00:00:00+05:30,1926.2741932034996,1929.1722988101246,1886.9566076433064,1891.593505859375,1842536,0.0,0.0
2020-08-31 00:00:00+05:30,1909.8513231011787,1916.5169886331096,1817.3534656469865,1834.59716796875,2738522,0.0,0.0
2020-09-01 00:00:00+05:30,1859.617728681854,1920.4779452568966,1842.9536217624973,1912.073486328125,3068285,0.0,0.0
2020-09-02 00:00:00+05:30,1910.769268932618,1929.1722865877819,1859.6177524694442,1877.924072265625,2569603,0.0,0.0
2020-09-03 00:00:00+05:30,1883.96168084976,1920.3329274168254,1878.9383452968,1910.8175048828125,1931667,0.0,0.0
2020-09-04 00:00:00+05:30,1891.4969357783546,1925.9843455071791,1884.7346893276658,1889.9029541015625,1930422,0.0,0.0
2020-09-07 00:00:00+05:30,1898.259021184659,1935.5963023617592,1881.9330039825038,1914.7781982421875,2855392,0.0,0.0
2020-09-08 00:00:00+05:30,1919.9949692347438,1933.9541307721968,1885.7007194697962,1893.76708984375,2401034,0.0,0.0
2020-09-09 00:00:00+05:30,1893.7669811352546,1926.177507560358,1891.496822119494,1911.8319091796875,2776804,0.0,0.0
2020-09-10 00:00:00+05:30,1917.628073472243,1999.4028525247352,1913.7155840434093,1986.6995849609375,5081252,0.0,0.0
2020-09-11 00:00:00+05:30,1992.9304920190075,1999.6443890662556,1953.3230513148003,1966.7991943359375,2599475,0.0,0.0
2020-09-14 00:00:00+05:30,1980.3720794803237,1984.2362201232122,1936.9004972478288,1962.2105712890625,2142458,0.0,0.0
2020-09-15 00:00:00+05:30,1975.5419100701424,1979.937417235339,1940.8129930994753,1949.0242919921875,1997383,0.0,0.0
2020-09-16 00:00:00+05:30,1958.1532244830062,1958.1532244830062,1926.4189937884864,1943.75927734375,1717740,0.0,0.0
2020-09-17 00:00:00+05:30,1932.0704334078298,1975.542018159506,1932.0704334078298,1939.7503662109375,2416918,0.0,0.0
2020-09-18 00:00:00+05:30,1957.4769651145898,1974.9138278688781,1946.560721343823,1959.505615234375,3021436,0.0,0.0
2020-09-21 00:00:00+05:30,1967.2338047599405,1987.134103259272,1895.6506309449205,1905.552490234375,2518361,0.0,0.0
2020-09-22 00:00:00+05:30,1922.6032461896866,1927.9164398955836,1860.9219210251608,1871.6932373046875,1974860,0.0,0.0
2020-09-23 00:00:00+05:30,1874.1082135373467,1922.4099716182063,1862.8056493161114,1880.435791015625,2732912,0.0,0.0
2020-09-24 00:00:00+05:30,1875.6055673778305,1878.9383414307354,1842.9535325781414,1853.1934814453125,1906183,0.0,0.0
2020-09-25 00:00:00+05:30,1859.8590548584218,1888.5985987524814,1843.1949495753117,1860.1971435546875,1939316,0.0,0.0
2020-09-28 00:00:00+05:30,1872.176222452066,1891.4969265021389,1864.447940832037,1879.51806640625,1137313,0.0,0.0
2020-09-29 00:00:00+05:30,1893.4289641633516,1922.3616708083039,1887.6327530485657,1893.380615234375,1965383,0.0,0.0
2020-09-30 00:00:00+05:30,1899.321690206368,1935.9344460798463,1891.6417579118142,1918.9322509765625,2518982,0.0,0.0
2020-10-01 00:00:00+05:30,1938.8325339092187,1979.7442165949037,1924.3903556768394,1971.1463623046875,2014003,0.0,0.0
2020-10-05 00:00:00+05:30,1971.1463530111096,1973.3199320747508,1942.6966653255788,1959.1192626953125,1554873,0.0,0.0
2020-10-06 00:00:00+05:30,1980.372142152923,2026.6451334765368,1975.6385461307384,2019.0135498046875,3152378,0.0,0.0
2020-10-07 00:00:00+05:30,2009.3530285035629,2046.8352379357163,2003.5084689192422,2033.50390625,2429595,0.0,0.0
2020-10-08 00:00:00+05:30,2033.020734040825,2036.353507746622,2001.6729442802953,2017.708984375,1427493,0.0,0.0
2020-10-09 00:00:00+05:30,2022.877738247831,2037.2715685979927,1975.6869416256998,1980.951904296875,1636939,0.0,0.0
2020-10-12 00:00:00+05:30,1997.6643710844921,2015.5843736841455,1971.919623795394,2007.276611328125,2182836,0.0,0.0
2020-10-13 00:00:00+05:30,2006.4551655199375,2042.1984689018525,1984.2847042405735,1994.5245361328125,2619233,0.0,0.0
2020-10-14 00:00:00+05:30,1999.6927064855468,2014.6662509060907,1985.202179626956,2000.9969482421875,1530471,0.0,0.0
2020-10-15 00:00:00+05:30,1999.6928694632154,2051.858770405734,1995.877077582478,2019.4482421875,4001883,0.0,0.0
2020-10-16 00:00:00+05:30,2018.9651616000463,2019.0135105283575,1985.7336460053632,1991.191650390625,2017706,0.0,0.0
2020-10-19 00:00:00+05:30,2009.3047332883343,2009.3047332883343,1986.651256526318,1999.7894287109375,1338404,0.0,0.0
2020-10-20 00:00:00+05:30,2007.3241700523158,2059.393601638221,1997.1326887809305,2046.5452880859375,2377713,0.0,0.0
2020-10-21 00:00:00+05:30,2057.6551097766755,2071.034792505919,2010.5608907148853,2042.4884033203125,2895432,0.0,0.0
2020-10-22 00:00:00+05:30,2042.3916213668745,2044.951756216978,2006.261998364814,2028.5772705078125,2755686,0.0,0.0
2020-10-23 00:00:00+05:30,2041.7153465397837,2057.075211514337,2024.8097309426953,2048.236083984375,3070714,0.0,0.0
2020-10-26 00:00:00+05:30,2044.4686462461154,2044.4686462461154,1999.7411702705688,2009.787841796875,1278139,0.0,0.0
2020-10-27 00:00:00+05:30,2014.1835191418443,2132.3780276620428,2014.1835191418443,2123.15234375,4964874,0.0,0.0
2020-10-28 00:00:00+05:30,2128.3285072740514,2146.4693194504343,2080.291494905895,2089.38623046875,3166047,3.35,0.0
2020-10-29 00:00:00+05:30,2091.756321881449,2160.6913995567743,2090.885657488935,2153.144775390625,4795796,0.0,0.0
2020-10-30 00:00:00+05:30,2138.2937739514236,2169.979723909606,2124.1680346011794,2139.648193359375,3006197,0.0,0.0
2020-11-02 00:00:00+05:30,2126.5864379234413,2153.5798655592953,2095.7229712740777,2102.253662109375,1772571,0.0,0.0
2020-11-03 00:00:00+05:30,2122.620030017961,2122.620030017961,2077.0020293875236,2084.645263671875,1781465,0.0,0.0
2020-11-04 00:00:00+05:30,2089.821433936971,2141.9219377803183,2085.951394244495,2098.96435546875,2189957,0.0,0.0
2020-11-05 00:00:00+05:30,2118.846857416228,2172.737116091463,2112.703074556305,2165.57763671875,2671841,0.0,0.0
2020-11-06 00:00:00+05:30,2161.368734510925,2174.9622961032655,2130.940594825375,2137.27783203125,2395965,0.0,0.0
2020-11-09 00:00:00+05:30,2175.930106790131,2175.930106790131,2142.212286996974,2152.9033203125,1691773,0.0,0.0
2020-11-10 00:00:00+05:30,2152.9031104768646,2165.819462894621,2117.879297252351,2128.280029296875,1879561,0.0,0.0
2020-11-11 00:00:00+05:30,2133.359435279457,2150.7746143429626,2087.2092580028634,2110.81640625,2387398,0.0,0.0
2020-11-12 00:00:00+05:30,2101.431491846672,2130.214911221644,2091.756392897102,2101.238037109375,1626054,0.0,0.0
2020-11-13 00:00:00+05:30,2109.654980331109,2134.8586562073406,2101.431147571277,2109.122802734375,1560060,0.0,0.0
2020-11-14 00:00:00+05:30,2120.781793542824,2122.136212978665,2109.510397198309,2113.622314453125,146991,0.0,0.0
2020-11-17 00:00:00+05:30,2134.713809184371,2149.710213058034,2111.106661440834,2116.572998046875,1699293,0.0,0.0
2020-11-18 00:00:00+05:30,2114.008937498221,2138.196682778521,2095.723096549694,2124.40966796875,1817170,0.0,0.0
2020-11-19 00:00:00+05:30,2104.3339931240366,2123.684190761959,2086.6285150436447,2091.466064453125,2669522,0.0,0.0
2020-11-20 00:00:00+05:30,2093.062706864084,2118.895174818988,2090.3536318115084,2096.15869140625,2196113,0.0,0.0
2020-11-23 00:00:00+05:30,2090.3533075533846,2125.570569148481,2069.309969786714,2115.21826171875,4002609,0.0,0.0
2020-11-24 00:00:00+05:30,2121.6523903903735,2158.5146125009646,2119.81421604196,2136.1650390625,2954306,0.0,0.0
2020-11-25 00:00:00+05:30,2125.861143903573,2136.9390851009252,2080.146300781742,2084.306640625,1682365,0.0,0.0
2020-11-26 00:00:00+05:30,2089.821419286962,2106.7044200853397,2048.36352488855,2085.274169921875,2247478,0.0,0.0
2020-11-27 00:00:00+05:30,2099.496461762893,2171.672794056194,2094.6589123118265,2143.32470703125,10036402,0.0,0.0
2020-12-01 00:00:00+05:30,2201.0852299878975,2201.0852299878975,2134.5204953514,2157.595703125,2235498,0.0,0.0
2020-12-02 00:00:00+05:30,2168.1896992131965,2250.3796184811677,2163.352149683493,2240.60791015625,3305952,0.0,0.0
2020-12-03 00:00:00+05:30,2263.9733488412685,2343.1641350352024,2240.9949868605077,2333.053466796875,4334658,0.0,0.0
2020-12-04 00:00:00+05:30,2322.023881983598,2365.5618297707906,2297.8361332129357,2359.514892578125,2789953,0.0,0.0
2020-12-07 00:00:00+05:30,2360.7243004611673,2398.263734120034,2357.821770583551,2392.216796875,1762501,0.0,0.0
2020-12-08 00:00:00+05:30,2390.2817436161945,2403.488159891747,2349.065725445544,2359.659912109375,2090950,0.0,0.0
2020-12-09 00:00:00+05:30,2370.3993266701777,2449.8319863452516,2367.496796882418,2440.350341796875,2022370,0.0,0.0
2020-12-10 00:00:00+05:30,2434.2063276453378,2469.0851045178556,2419.742102820986,2443.978271484375,2372909,0.0,0.0
2020-12-11 00:00:00+05:30,2434.2553060481155,2454.4761717779093,2413.937594829113,2439.04443359375,2171653,0.0,0.0
2020-12-14 00:00:00+05:30,2447.7998982871113,2470.923289008891,2439.0923097161294,2465.360107421875,1280339,0.0,0.0
2020-12-15 00:00:00+05:30,2452.637510402142,2456.120640403258,2421.1934397559608,2445.332763671875,1283286,0.0,0.0
2020-12-16 00:00:00+05:30,2457.4746700965193,2503.818290848433,2455.152741269562,2498.54541015625,1920875,0.0,0.0
2020-12-17 00:00:00+05:30,2485.532992333185,2518.7670526735806,2473.9228732565025,2491.386474609375,1750663,0.0,0.0
2020-12-18 00:00:00+05:30,2493.2732996400814,2550.3563903186864,2491.870457365104,2516.977294921875,4402604,0.0,0.0
2020-12-21 00:00:00+05:30,2511.1236226546307,2517.7511602167915,2456.604579344886,2471.649169921875,1383048,0.0,0.0
2020-12-22 00:00:00+05:30,2458.4429037338928,2528.6842240382593,2415.0984086026706,2516.300048828125,1993090,0.0,0.0
2020-12-23 00:00:00+05:30,2519.395805110642,2563.9012609612905,2519.395805110642,2556.693359375,1339307,0.0,0.0
2020-12-24 00:00:00+05:30,2571.6414740645355,2571.6414740645355,2528.1035258580255,2562.208251953125,1143202,0.0,0.0
2020-12-28 00:00:00+05:30,2568.0131331905914,2602.117856914795,2544.11568607802,2596.69970703125,1226254,0.0,0.0
2020-12-29 00:00:00+05:30,2597.7640003574115,2624.3220990411605,2586.15388192006,2609.1806640625,1562853,0.0,0.0
2020-12-30 00:00:00+05:30,2606.471774989192,2653.734729980462,2593.2653588086637,2645.55908203125,1614643,0.0,0.0
2020-12-31 00:00:00+05:30,2645.559009502412,2681.937476685431,2636.512933548201,2674.68115234375,1526325,0.0,0.0
2021-01-01 00:00:00+05:30,2669.359977386943,2701.2878060399944,2660.6523877542927,2685.372314453125,1246698,0.0,0.0
2021-01-04 00:00:00+05:30,2690.7418462724177,2700.416945160588,2655.8146448027355,2664.23193359375,1360486,0.0,0.0
2021-01-05 00:00:00+05:30,2664.23197239197,2713.478368174995,2643.237054740593,2703.07763671875,1299589,0.0,0.0
2021-01-06 00:00:00+05:30,2710.285395280117,2730.7481341637454,2689.677388193632,2714.203857421875,1697884,0.0,0.0
2021-01-07 00:00:00+05:30,2709.9950078062047,2739.8427802584615,2691.128566302377,2701.529296875,1142806,0.0,0.0
2021-01-08 00:00:00+05:30,2726.4431651480436,2757.210030222144,2698.43379804232,2752.275634765625,1660967,0.0,0.0
2021-01-11 00:00:00+05:30,2752.565734303064,2780.091344404399,2732.8286263331042,2756.72607421875,1517995,0.0,0.0
2021-01-12 00:00:00+05:30,2757.0161273129397,2757.4030367645414,2624.031711187127,2632.158935546875,6674890,0.0,0.0
2021-01-13 00:00:00+05:30,2670.3275486473026,2673.2300785914845,2590.991730172999,2615.856689453125,2862676,0.0,0.0
2021-01-14 00:00:00+05:30,2624.854441445931,2647.73595681886,2561.9662959634447,2577.349609375,2124950,0.0,0.0
2021-01-15 00:00:00+05:30,2574.4471320624175,2575.366455481915,2496.7078492871674,2506.721435546875,2570436,0.0,0.0
2021-01-18 00:00:00+05:30,2507.785960300783,2534.7312087171986,2472.374999248321,2504.109375,2395168,0.0,0.0
2021-01-19 00:00:00+05:30,2530.038341351978,2589.637044564727,2505.850594302724,2559.112060546875,2558693,0.0,0.0
2021-01-20 00:00:00+05:30,2567.771165401393,2619.194219916156,2559.111999406332,2609.615966796875,2065439,0.0,0.0
2021-01-21 00:00:00+05:30,2638.350921604731,2725.4268075565005,2607.439029333544,2628.095458984375,5015712,0.0,0.0
2021-01-22 00:00:00+05:30,2660.6524162838273,2678.8900736933865,2505.8508211545864,2512.28466796875,4945564,0.0,0.0
2021-01-25 00:00:00+05:30,2527.958609683592,2546.002576783707,2419.742521199335,2432.271728515625,3520087,0.0,0.0
2021-01-27 00:00:00+05:30,2442.962345673693,2442.962345673693,2351.5810885395904,2357.4345703125,2700415,0.0,0.0
2021-01-28 00:00:00+05:30,2341.37373673947,2374.220647498733,2323.039473108758,2362.36865234375,3035457,0.0,0.0
2021-01-29 00:00:00+05:30,2376.2045201331453,2403.294799678637,2322.0239610421613,2329.13525390625,2768673,0.0,0.0
2021-02-01 00:00:00+05:30,2347.759589561727,2387.5725269840814,2299.6741591437885,2368.270751953125,1797359,0.0,0.0
2021-02-02 00:00:00+05:30,2380.074152397506,2438.1247414803724,2346.30815423102,2383.60546875,2679428,0.0,0.0
2021-02-03 00:00:00+05:30,2422.4996027643538,2422.4996027643538,2359.1277083647674,2373.930419921875,2409356,0.0,0.0
2021-02-04 00:00:00+05:30,2376.2038721568388,2376.2038721568388,2320.088308400692,2323.764892578125,3478562,0.0,0.0
2021-02-05 00:00:00+05:30,2341.3738540516197,2345.1470480107155,2293.772416326643,2299.529052734375,3303319,0.0,0.0
2021-02-08 00:00:00+05:30,2316.2187201308197,2355.7897808911025,2296.287921539371,2338.326416015625,3666313,0.0,0.0
2021-02-09 00:00:00+05:30,2353.467886527326,2450.1704560413987,2344.905329229642,2425.40234375,7178572,0.0,0.0
2021-02-10 00:00:00+05:30,2446.8326057542345,2471.987863860051,2394.587069688308,2429.030517578125,4473123,0.0,0.0
2021-02-11 00:00:00+05:30,2442.9142127827336,2457.4752848420976,2414.0341823611566,2424.09619140625,1446286,0.0,0.0
2021-02-12 00:00:00+05:30,2436.1898868179783,2441.0274362358055,2384.1378078404596,2405.326416015625,1376085,0.0,0.0
2021-02-15 00:00:00+05:30,2413.937185079214,2435.7061576901488,2368.9963977530006,2376.929931640625,1634576,0.0,0.0
2021-02-16 00:00:00+05:30,2391.684453435874,2394.683828584978,2343.308958827543,2370.64111328125,1615849,0.0,0.0
2021-02-17 00:00:00+05:30,2356.8540353564586,2375.285145559375,2304.60850255299,2310.55859375,3178784,0.0,0.0
2021-02-18 00:00:00+05:30,2345.2442491209654,2399.0378998135743,2317.4283365127853,2390.475341796875,4253843,0.0,0.0
2021-02-19 00:00:00+05:30,2390.6200748596543,2390.6200748596543,2322.0237186544578,2337.939208984375,2244567,0.0,0.0
2021-02-22 00:00:00+05:30,2349.839497396894,2368.464061606833,2302.6733932288657,2309.494384765625,2002642,0.0,0.0
2021-02-23 00:00:00+05:30,2297.8360281050923,2322.0237757693562,2239.7854337108583,2295.126953125,3267268,0.0,0.0
2021-02-24 00:00:00+05:30,2295.9007893847142,2331.069865618678,2270.9389889335316,2284.62939453125,1708526,0.0,0.0
2021-02-25 00:00:00+05:30,2297.8356078651595,2308.720092323468,2260.2961831139287,2296.626220703125,2839515,0.0,0.0
2021-02-26 00:00:00+05:30,2262.0864476479783,2283.323241572608,2186.5722567602093,2203.21337890625,3933813,0.0,0.0
2021-03-01 00:00:00+05:30,2225.2726726106634,2292.90151717749,2225.2726726106634,2285.548583984375,2545806,0.0,0.0
2021-03-02 00:00:00+05:30,2308.4786465800803,2324.4909828414316,2282.3558789951426,2312.735595703125,2033586,0.0,0.0
2021-03-03 00:00:00+05:30,2327.8283691780935,2339.14818557705,2298.609623090943,2324.05517578125,1591567,0.0,0.0
2021-03-04 00:00:00+05:30,2302.673165501096,2355.8862008383057,2273.647873498981,2338.56787109375,2149984,0.0,0.0
2021-03-05 00:00:00+05:30,2321.055996678927,2345.1468960752086,2299.867626665736,2309.542724609375,1953642,0.0,0.0
2021-03-08 00:00:00+05:30,2305.5761888958073,2335.085242089816,2283.371882996438,2305.285888671875,1593838,0.0,0.0
2021-03-09 00:00:00+05:30,2322.0236574658693,2364.594091186077,2318.2986500319666,2343.986083984375,1800442,0.0,0.0
2021-03-10 00:00:00+05:30,2366.529353143531,2366.529353143531,2337.068722215473,2352.935791015625,1056102,0.0,0.0
2021-03-12 00:00:00+05:30,2363.4330693555125,2384.573017499928,2319.121071723772,2323.329833984375,1279203,0.0,0.0
2021-03-15 00:00:00+05:30,2324.491232412256,2348.6789827730245,2266.9243865536278,2278.486083984375,1524449,0.0,0.0
2021-03-16 00:00:00+05:30,2301.899728555605,2399.4247831108414,2298.174956806921,2388.395263671875,4230564,0.0,0.0
2021-03-17 00:00:00+05:30,2380.0745636790443,2380.0745636790443,2332.763419884431,2344.228271484375,1623187,0.0,0.0
2021-03-18 00:00:00+05:30,2388.636709819479,2388.636709819479,2312.348466149533,2326.42578125,1851739,0.0,0.0
2021-03-19 00:00:00+05:30,2315.2511477773455,2354.919052941939,2278.8244952010514,2332.908203125,3738079,0.0,0.0
2021-03-22 00:00:00+05:30,2312.3486163535877,2358.885936128442,2312.3486163535877,2346.888671875,1489853,0.0,0.0
2021-03-23 00:00:00+05:30,2351.0494025427374,2354.8710199677207,2320.282535959119,2331.989501953125,1745466,0.0,0.0
2021-03-24 00:00:00+05:30,2331.988989571431,2389.749279157971,2331.698689380855,2364.15869140625,4132092,0.0,0.0
2021-03-25 00:00:00+05:30,2371.318453591331,2388.7820553486386,2314.283789547972,2324.15234375,2272545,0.0,0.0
2021-03-26 00:00:00+05:30,2346.211500450147,2432.271458554861,2330.828187569759,2423.75732421875,3084607,0.0,0.0
2021-03-30 00:00:00+05:30,2456.604597360513,2499.513521722856,2439.5763278345307,2494.2890625,2332884,0.0,0.0
2021-03-31 00:00:00+05:30,2494.289139017178,2499.029843412663,2448.767747438467,2454.959716796875,1616044,0.0,0.0
2021-04-01 00:00:00+05:30,2449.7351844169443,2481.2276804156595,2449.7351844169443,2468.843505859375,1219588,0.0,0.0
2021-04-05 00:00:00+05:30,2474.890549847126,2474.890549847126,2403.77856571352,2429.078857421875,1268939,0.0,0.0
2021-04-06 00:00:00+05:30,2443.9298429464247,2534.875767426616,2423.128381496168,2526.748779296875,3372846,0.0,0.0
2021-04-07 00:00:00+05:30,2520.3632058376784,2581.364750249454,2515.6225019684325,2543.196533203125,1937977,0.0,0.0
2021-04-08 00:00:00+05:30,2544.5512865266865,2572.0284758977973,2542.6162665369325,2564.5302734375,897483,0.0,0.0
2021-04-09 00:00:00+05:30,2549.3889343458654,2568.739134986062,2525.34621556702,2545.325439453125,1185017,0.0,0.0
2021-04-12 00:00:00+05:30,2494.4340585156115,2525.200921583497,2471.9878753432317,2517.654296875,1427691,0.0,0.0
2021-04-13 00:00:00+05:30,2515.5255756944694,2540.680831451414,2480.985521762202,2487.177490234375,1200230,0.0,0.0
2021-04-15 00:00:00+05:30,2505.8510527992676,2509.2857607504047,2454.573019672487,2503.625732421875,1209829,0.0,0.0
2021-04-16 00:00:00+05:30,2503.5288832894234,2605.9880942375316,2497.820432763142,2577.15625,2760777,0.0,0.0
2021-04-19 00:00:00+05:30,2563.9012408939693,2563.9012408939693,2483.452887007421,2488.338623046875,1552036,0.0,0.0
2021-04-20 00:00:00+05:30,2515.5258204067977,2520.0730698404523,2446.639160566584,2470.681640625,1489287,0.0,0.0
2021-04-22 00:00:00+05:30,2472.6165237618534,2473.922756579766,2407.164575037332,2429.6591796875,1690758,0.0,0.0
2021-04-23 00:00:00+05:30,2444.9944592218044,2481.66299139489,2415.098260407397,2436.1416015625,1614593,0.0,0.0
2021-04-26 00:00:00+05:30,2447.8000255412776,2491.3379706596006,2447.8000255412776,2474.79345703125,1103980,0.0,0.0
2021-04-27 00:00:00+05:30,2462.3129595625715,2496.078964210306,2451.67034952124,2490.70947265625,866331,0.0,0.0
2021-04-28 00:00:00+05:30,2503.9155925509635,2535.1177864689575,2491.337963994873,2529.60302734375,1065561,0.0,0.0
2021-04-29 00:00:00+05:30,2544.5509095031325,2556.161027721398,2486.5003184118063,2528.53857421875,1295346,0.0,0.0
2021-04-30 00:00:00+05:30,2510.687866526186,2521.1370193395437,2442.0430952206552,2453.99169921875,1384907,0.0,0.0
2021-05-03 00:00:00+05:30,2428.449632514996,2510.784812148586,2424.192683817872,2498.25537109375,1034774,0.0,0.0
2021-05-04 00:00:00+05:30,2520.3634087341607,2532.892615290202,2488.000248289808,2503.09326171875,1058140,0.0,0.0
2021-05-05 00:00:00+05:30,2531.973516733805,2531.973516733805,2463.377156369499,2484.226806640625,1220186,0.0,0.0
2021-05-06 00:00:00+05:30,2496.030306766622,2497.965326409069,2445.8648280528064,2466.23095703125,1518119,0.0,0.0
2021-05-07 00:00:00+05:30,2471.9875902712306,2505.850433973576,2458.926207700326,2468.746337890625,1416102,0.0,0.0
2021-05-10 00:00:00+05:30,2504.883005560729,2504.883005560729,2459.5550745340774,2473.874267578125,1526814,0.0,0.0
2021-05-11 00:00:00+05:30,2450.7024177681847,2478.760203048594,2439.3825999139863,2473.197021484375,1168363,0.0,0.0
2021-05-12 00:00:00+05:30,2493.2734264261553,2504.8351244098285,2447.8004535732143,2473.149169921875,2085630,0.0,0.0
2021-05-14 00:00:00+05:30,2534.8759225339027,2743.132427238262,2517.0254122295087,2684.356201171875,10543708,0.0,0.0
2021-05-17 00:00:00+05:30,2691.61250235126,2732.441372291171,2658.2818340264544,2692.338134765625,2134352,0.0,0.0
2021-05-18 00:00:00+05:30,2706.1250928678287,2752.5655663957714,2698.385013946505,2730.119384765625,1328605,0.0,0.0
2021-05-19 00:00:00+05:30,2714.010248275005,2756.4356510413554,2707.7214340483397,2724.36279296875,1219067,0.0,0.0
2021-05-20 00:00:00+05:30,2722.5724413729613,2752.5652436766436,2688.225845186487,2703.319091796875,1211975,0.0,0.0
2021-05-21 00:00:00+05:30,2715.800420189072,2761.2733876806597,2704.190300829518,2740.471923828125,1328308,0.0,0.0
2021-05-24 00:00:00+05:30,2753.5330713474837,2756.4356009378007,2716.9611512677957,2727.603759765625,813091,0.0,0.0
2021-05-25 00:00:00+05:30,2744.728915478756,2827.6928946829066,2731.038744006014,2819.7109375,2730112,0.0,0.0
2021-05-26 00:00:00+05:30,2844.3344453445743,2852.1227120896056,2815.8410861028055,2846.027587890625,1250531,0.0,0.0
2021-05-27 00:00:00+05:30,2854.1541775705687,2868.666825931097,2807.9555802895534,2853.525390625,2415085,0.0,0.0
2021-05-28 00:00:00+05:30,2862.039495712857,2867.506068715811,2835.916726774399,2845.156494140625,711383,0.0,0.0
2021-05-31 00:00:00+05:30,2842.5441009393367,2892.8061932632645,2840.705926603194,2880.7607421875,2093635,0.0,0.0
2021-06-01 00:00:00+05:30,2868.6668205977057,2885.695089125788,2820.3881716248284,2835.771484375,1194073,0.0,0.0
2021-06-02 00:00:00+05:30,2824.016560296182,2838.432364314118,2783.671205724995,2809.358642578125,2067842,0.0,0.0
2021-06-03 00:00:00+05:30,2824.741943978621,2846.4140708367513,2809.6971180824366,2839.980224609375,1404434,0.0,0.0
2021-06-04 00:00:00+05:30,2857.056751741805,2892.8546182553323,2813.518805982109,2829.86962890625,1509084,0.0,0.0
2021-06-07 00:00:00+05:30,2834.8038476514607,2845.446455953224,2809.6001689315026,2837.80322265625,802415,0.0,0.0
2021-06-08 00:00:00+05:30,2832.8691678235796,2848.5912047010156,2813.0352136089678,2831.176025390625,762931,0.0,0.0
2021-06-09 00:00:00+05:30,2835.5783101959646,2868.66710442862,2824.7422456098047,2847.9140625,1340352,0.0,0.0
2021-06-10 00:00:00+05:30,2863.421727637833,2877.3256565073525,2839.746142341056,2868.86669921875,1344559,14.5,0.0
2021-06-11 00:00:00+05:30,2878.006474630021,2889.2852436033413,2857.1993606091555,2874.3603515625,878445,0.0,0.0
2021-06-14 00:00:00+05:30,2873.242426738734,2887.729594737639,2835.7115700512877,2868.186279296875,746823,0.0,0.0
2021-06-15 00:00:00+05:30,2887.7294680756554,2965.5134268117004,2878.9301102680797,2957.929443359375,2262031,0.0,0.0
2021-06-16 00:00:00+05:30,2945.0948091708624,2957.9291134553123,2922.2457738405506,2935.080078125,859505,0.0,0.0
2021-06-17 00:00:00+05:30,2934.351339972802,2988.8001140403344,2917.3847605291076,2975.5283203125,1533864,0.0,0.0
2021-06-18 00:00:00+05:30,2976.743608526863,2992.543475544251,2932.5039808781776,2962.791015625,2293860,0.0,0.0
2021-06-21 00:00:00+05:30,2940.4277438591807,2993.8555474298005,2937.3650957566897,2983.54931640625,720491,0.0,0.0
2021-06-22 00:00:00+05:30,2999.5437401178715,3007.1763855908434,2920.9818987358226,2927.399169921875,1199238,0.0,0.0
2021-06-23 00:00:00+05:30,2946.0676014568594,2946.0676014568594,2900.8556729196503,2904.59912109375,1009007,0.0,0.0
2021-06-24 00:00:00+05:30,2904.5992322661027,2965.221968381121,2893.028724889184,2958.95068359375,985596,0.0,0.0
2021-06-25 00:00:00+05:30,2946.261461952213,2968.9160844293074,2902.3135785234917,2920.68994140625,786964,0.0,0.0
2021-06-28 00:00:00+05:30,2940.2334959846253,2954.6722375678096,2893.8061978916144,2900.320556640625,891695,0.0,0.0
2021-06-29 00:00:00+05:30,2906.2031899089516,2940.0879222532917,2890.69506044271,2918.35693359375,1242734,0.0,0.0
2021-06-30 00:00:00+05:30,2915.926071163237,2946.067354326311,2902.9457784628585,2909.800537109375,924522,0.0,0.0
2021-07-01 00:00:00+05:30,2924.6770219046234,2943.0533882945856,2913.9817269442005,2937.900390625,848235,0.0,0.0
2021-07-02 00:00:00+05:30,2948.935733429148,2954.6237804791494,2916.655437369196,2921.760009765625,805542,0.0,0.0
2021-07-05 00:00:00+05:30,2936.3444841330866,2965.513469074806,2923.80191555927,2931.28857421875,863343,0.0,0.0
2021-07-06 00:00:00+05:30,2919.815251287989,2945.581186738915,2913.0091551311407,2919.3291015625,762630,0.0,0.0
2021-07-07 00:00:00+05:30,2980.0978570137927,2983.987054869602,2927.836760826357,2955.8876953125,1234865,0.0,0.0
2021-07-08 00:00:00+05:30,2965.5136478259246,2974.2643438359028,2935.1779491335647,2944.414794921875,907391,0.0,0.0
2021-07-09 00:00:00+05:30,2938.288952819538,2954.9637935205883,2923.7044609954833,2927.204833984375,547082,0.0,0.0
2021-07-12 00:00:00+05:30,2950.8313256325296,2958.56129569016,2908.1961397806413,2916.314697265625,765566,0.0,0.0
2021-07-13 00:00:00+05:30,2936.344482219002,2937.4141066172906,2902.6543995844004,2910.9189453125,703484,0.0,0.0
2021-07-14 00:00:00+05:30,2919.8156397693,2924.4340627759284,2901.536360183291,2918.794677734375,470744,0.0,0.0
2021-07-15 00:00:00+05:30,2926.6212463871097,2927.593545804514,2888.7988940011955,2900.95263671875,635535,0.0,0.0
2021-07-16 00:00:00+05:30,2911.0643885871264,2922.731981326954,2882.8677061325416,2906.49462890625,1062548,0.0,0.0
2021-07-19 00:00:00+05:30,2906.4948848053377,2916.60670445236,2882.8679599514235,2899.348388671875,837836,0.0,0.0
2021-07-20 00:00:00+05:30,2913.0090151303734,3091.4259558100875,2897.014737406032,3071.54248046875,6755922,0.0,0.0
2021-07-22 00:00:00+05:30,3043.297369135753,3077.3278508992516,3004.4053899774685,3020.69140625,1982572,0.0,0.0
2021-07-23 00:00:00+05:30,3019.9622773738342,3042.9086407557447,2992.786553551071,2998.32861328125,815329,0.0,0.0
2021-07-26 00:00:00+05:30,2994.6336911491353,3032.6020327506694,2966.680081517336,2976.403076171875,1136884,0.0,0.0
2021-07-27 00:00:00+05:30,2994.0985876011755,2996.1405112310413,2937.608136582271,2944.75439453125,904289,0.0,0.0
2021-07-28 00:00:00+05:30,2946.407871525846,2948.9843702381363,2901.34169495239,2920.885009765625,996594,0.0,0.0
2021-07-29 00:00:00+05:30,2920.88512377812,2955.7419196302653,2907.467342739156,2914.419189453125,762683,0.0,0.0
2021-07-30 00:00:00+05:30,2924.6770011514454,2925.3089008980414,2870.130902289217,2876.49951171875,1067423,0.0,0.0
2021-08-02 00:00:00+05:30,2902.8970973996175,2904.0638091694195,2878.6380381876797,2891.6669921875,832285,0.0,0.0
2021-08-03 00:00:00+05:30,2936.344294577965,2980.097769166047,2911.258921671906,2943.150390625,2433031,0.0,0.0
2021-08-04 00:00:00+05:30,2956.3734958365367,2968.7216500946024,2928.5656395010556,2934.98291015625,659295,0.0,0.0
2021-08-05 00:00:00+05:30,2949.956579501827,2955.7903762971505,2897.5010707927713,2905.61962890625,693694,0.0,0.0
2021-08-06 00:00:00+05:30,2912.0367840084,2917.8705805706873,2879.4160907553855,2884.277587890625,744159,0.0,0.0
2021-08-09 00:00:00+05:30,2911.6964715876125,2931.4828604726013,2890.6949457601586,2909.65478515625,825462,0.0,0.0
2021-08-10 00:00:00+05:30,2914.9539362556898,2924.9686687023773,2878.5413670158496,2894.681396484375,724335,0.0,0.0
2021-08-11 00:00:00+05:30,2904.6471655999635,2918.3080198006805,2870.7626735517724,2890.25732421875,987941,0.0,0.0
2021-08-12 00:00:00+05:30,2891.6186991944633,2902.5570685172397,2876.0619072687364,2893.0771484375,438552,0.0,0.0
2021-08-13 00:00:00+05:30,2898.327393615637,2918.8430073727413,2890.7436476559496,2905.911376953125,572250,0.0,0.0
2021-08-16 00:00:00+05:30,2897.4524466401454,2901.487394525788,2878.0064570653794,2889.090576171875,461742,0.0,0.0
2021-08-17 00:00:00+05:30,2891.6188831552363,2959.679852160235,2890.7439085048723,2931.77490234375,2036757,0.0,0.0
2021-08-18 00:00:00+05:30,2963.568532502209,2963.568532502209,2909.654578951765,2918.4052734375,1375320,0.0,0.0
2021-08-20 00:00:00+05:30,2918.356757733708,3037.5121011147357,2918.356757733708,3026.719482421875,3931334,0.0,0.0
2021-08-23 00:00:00+05:30,3071.5426105574847,3076.209695371102,2966.4856080033414,2992.202880859375,1578949,0.0,0.0
2021-08-24 00:00:00+05:30,3007.1280111818514,3007.1280111818514,2950.491563986465,2961.57568359375,763704,0.0,0.0
2021-08-25 00:00:00+05:30,2942.178274847831,2984.9594526711303,2929.1495565527666,2953.89453125,797870,0.0,0.0
2021-08-26 00:00:00+05:30,2979.1255379141853,2999.057676793833,2942.3725709434702,2955.449951171875,1319516,0.0,0.0
2021-08-27 00:00:00+05:30,2956.2277530448005,2973.242993061609,2936.8304269011965,2952.678955078125,634375,0.0,0.0
2021-08-30 00:00:00+05:30,2972.0279913419117,3027.9838780015457,2963.6176951732796,3022.63623046875,1051747,0.0,0.0
2021-08-31 00:00:00+05:30,3022.6361126744773,3121.081438419002,3017.0940529229406,3112.671142578125,2283290,0.0,0.0
2021-09-01 00:00:00+05:30,3140.57584135486,3240.674020835502,3125.942687364578,3211.261962890625,2423168,0.0,0.0
2021-09-02 00:00:00+05:30,3221.1797445678894,3227.062204317065,3176.1622279570797,3210.144287109375,847517,0.0,0.0
2021-09-03 00:00:00+05:30,3210.14446705572,3252.2935124563564,3195.462648086299,3246.31396484375,832039,0.0,0.0
2021-09-06 00:00:00+05:30,3249.4245466641014,3254.9666056864467,3214.3244438929496,3223.707275390625,664394,0.0,0.0
2021-09-07 00:00:00+05:30,3241.160648812172,3300.568248080814,3231.778052819539,3243.83447265625,1285818,0.0,0.0
2021-09-08 00:00:00+05:30,3252.3417812796843,3268.4333852515615,3205.6714059429355,3244.174560546875,702598,0.0,0.0
2021-09-09 00:00:00+05:30,3213.450102687382,3265.9542798568577,3213.450102687382,3253.65478515625,591745,0.0,0.0
2021-09-13 00:00:00+05:30,3253.8975290038593,3280.538439757945,3238.0976624816108,3273.781005859375,610920,0.0,0.0
2021-09-14 00:00:00+05:30,3291.1365923092712,3294.734290481447,3263.863780327375,3269.357177734375,569412,0.0,0.0
2021-09-15 00:00:00+05:30,3268.7252050685724,3290.212881828821,3254.2377999321434,3259.439697265625,587855,0.0,0.0
2021-09-16 00:00:00+05:30,3257.2032878080468,3277.621577074903,3242.618795474578,3249.522216796875,516746,0.0,0.0
2021-09-17 00:00:00+05:30,3259.147968781517,3288.3169541823063,3194.052563837651,3211.553955078125,1545695,0.0,0.0
2021-09-20 00:00:00+05:30,3208.539478581717,3223.1726325792415,3174.5576607454673,3180.92626953125,689288,0.0,0.0
2021-09-21 00:00:00+05:30,3180.9262248000637,3242.6185757140274,3180.391412641854,3217.533203125,922057,0.0,0.0
2021-09-22 00:00:00+05:30,3236.2988098742467,3237.708596640632,3197.1637559167766,3225.603515625,825945,0.0,0.0
2021-09-23 00:00:00+05:30,3247.480350158535,3247.480350158535,3223.172862507648,3228.666259765625,694716,0.0,0.0
2021-09-24 00:00:00+05:30,3237.7574460198343,3407.9098643542097,3228.861000240906,3353.072265625,2775975,0.0,0.0
2021-09-27 00:00:00+05:30,3365.7119996544006,3373.879220395302,3322.979247292107,3335.619140625,902449,0.0,0.0
2021-09-28 00:00:00+05:30,3330.0284562468582,3334.6955413135174,3257.203318786895,3286.08056640625,961271,0.0,0.0
2021-09-29 00:00:00+05:30,3271.7879177998316,3288.025272472042,3218.3114436604583,3231.0,973387,0.0,0.0
2021-09-30 00:00:00+05:30,3237.6600169247517,3254.9669955368013,3130.804396600594,3154.771484375,2077896,0.0,0.0
2021-10-01 00:00:00+05:30,3158.02848605544,3162.841320663003,3082.1891320183945,3089.82177734375,1512332,0.0,0.0
2021-10-04 00:00:00+05:30,3114.08101861472,3141.0136684354457,3089.967942512876,3112.914306640625,921241,0.0,0.0
2021-10-05 00:00:00+05:30,3119.6716074612073,3169.6963692487902,3103.2396034884173,3164.591796875,909337,0.0,0.0
2021-10-06 00:00:00+05:30,3171.641190614299,3189.1425828371857,3111.9905171701625,3123.269287109375,786378,0.0,0.0
2021-10-07 00:00:00+05:30,3130.804380220311,3226.089730922668,3130.804380220311,3199.69189453125,1177283,0.0,0.0
2021-10-08 00:00:00+05:30,3215.394444041674,3236.7850330253195,3173.682890474687,3215.297119140625,882436,0.0,0.0
2021-10-11 00:00:00+05:30,3234.2571005122386,3251.7100671877515,3206.40081359407,3214.470947265625,460197,0.0,0.0
2021-10-12 00:00:00+05:30,3189.142382268863,3242.618855142274,3189.142382268863,3231.1943359375,564524,0.0,0.0
2021-10-13 00:00:00+05:30,3250.3970953325984,3265.8565617981076,3200.2263482369494,3231.437255859375,770144,0.0,0.0
2021-10-14 00:00:00+05:30,3249.424807568433,3260.0714392200052,3198.865235457853,3206.44921875,648597,0.0,0.0
2021-10-18 00:00:00+05:30,3162.4040344323016,3192.9828053680853,3142.471895245257,3151.708740234375,1576121,0.0,0.0
2021-10-19 00:00:00+05:30,3170.5716567497043,3178.5447033369173,3088.1208409344586,3095.558837890625,1042069,0.0,0.0
2021-10-20 00:00:00+05:30,3101.6353516168692,3130.7556736651095,3049.7630792335344,3081.800537109375,1205540,0.0,0.0
2021-10-21 00:00:00+05:30,3105.5242566153815,3106.934043257575,2839.5517105809217,2918.8427734375,5103543,0.0,0.0
2021-10-22 00:00:00+05:30,2892.590967435091,2919.7666905611472,2831.481849861013,2899.785888671875,2855592,0.0,0.0
2021-10-25 00:00:00+05:30,2868.283179526541,2868.283179526541,2778.1024117634606,2837.21826171875,2161537,0.0,0.0
2021-10-26 00:00:00+05:30,2837.2186561897006,2940.233742654017,2817.724003376766,2887.53515625,1988263,0.0,0.0
2021-10-27 00:00:00+05:30,2945.2895596983626,3057.88188781262,2945.2895596983626,3008.926513671875,4609951,0.0,0.0
2021-10-28 00:00:00+05:30,3020.6080304817356,3064.0238903401755,2980.6966771946745,3033.554931640625,1791065,3.65,0.0
2021-10-29 00:00:00+05:30,3042.023661581618,3061.200531212609,3001.4309453730925,3017.784912109375,1118903,0.0,0.0
2021-11-01 00:00:00+05:30,3044.9440188480503,3058.815646811153,3009.5591043841946,3038.90869140625,750393,0.0,0.0
2021-11-02 00:00:00+05:30,3037.156538084709,3056.4308482618685,2998.21863375029,3020.94873046875,881916,0.0,0.0
2021-11-03 00:00:00+05:30,3019.7322630758067,3098.386648615917,3012.8206892101643,3086.4619140625,879227,0.0,0.0
2021-11-04 00:00:00+05:30,3094.5900931262117,3105.2980173238802,3061.4928728788727,3075.364501953125,263595,0.0,0.0
2021-11-08 00:00:00+05:30,3080.961551119219,3096.5367121991267,3012.9661434665086,3054.678466796875,787824,0.0,0.0
2021-11-09 00:00:00+05:30,3056.6255117199767,3071.227225947938,3037.156559416028,3061.638671875,668840,0.0,0.0
2021-11-10 00:00:00+05:30,3048.8379954219413,3053.3644318653087,2998.705442176657,3025.767333984375,872975,0.0,0.0
2021-11-11 00:00:00+05:30,3007.9533460693956,3024.1611549582667,2970.962334046536,2982.156982421875,958143,0.0,0.0
2021-11-12 00:00:00+05:30,3006.979712772599,3044.9441701368373,2994.130251657864,3039.9794921875,682344,0.0,0.0
2021-11-15 00:00:00+05:30,3042.99706918756,3095.5632373693034,3042.99706918756,3084.563232421875,696377,0.0,0.0
2021-11-16 00:00:00+05:30,3080.9617937771213,3123.7934901203103,3037.254089617432,3068.014892578125,1400107,0.0,0.0
2021-11-17 00:00:00+05:30,3085.829027570186,3153.8729227363265,3081.0105092701147,3144.479248046875,1616452,0.0,0.0
2021-11-18 00:00:00+05:30,3163.558728040719,3173.439125961684,3128.660537067746,3141.16943359375,1609821,0.0,0.0
2021-11-22 00:00:00+05:30,3154.9439344576467,3220.5057308432424,3129.683014664626,3174.65625,2146970,0.0,0.0
2021-11-23 00:00:00+05:30,3174.656000591814,3200.9878058286126,3087.3377979883385,3100.966064453125,1482618,0.0,0.0
2021-11-24 00:00:00+05:30,3101.452772568648,3123.695907627022,3066.359939067697,3073.174072265625,1056213,0.0,0.0
2021-11-25 00:00:00+05:30,3072.6874287203327,3089.0901162670048,3030.3424570272123,3060.7626953125,728825,0.0,0.0
2021-11-26 00:00:00+05:30,3018.6613115379064,3083.249661364312,3008.926834557778,3059.6435546875,1029110,0.0,0.0
2021-11-29 00:00:00+05:30,3047.8646220339338,3094.4926698628688,2990.3337702916037,3060.8115234375,876651,0.0,0.0
2021-11-30 00:00:00+05:30,3033.4086576733553,3104.3244107238133,3033.4086576733553,3060.178466796875,2340489,0.0,0.0
2021-12-01 00:00:00+05:30,3072.103403153863,3114.7891784974818,3041.1479574099894,3054.82470703125,1741820,0.0,0.0
2021-12-02 00:00:00+05:30,3076.094830890827,3109.192053754842,3068.550610973294,3096.14794921875,939320,0.0,0.0
2021-12-03 00:00:00+05:30,3100.4306751521126,3102.8155742936847,3023.52831303688,3027.860107421875,1216263,0.0,0.0
2021-12-06 00:00:00+05:30,3032.2891118168545,3032.2891118168545,2947.8425370335117,2957.625732421875,1107363,0.0,0.0
2021-12-07 00:00:00+05:30,2959.2808818726307,2987.510863969442,2936.356141983079,2949.88720703125,2056459,0.0,0.0
2021-12-08 00:00:00+05:30,2951.395731620396,3040.0769044932244,2950.519723829319,3025.9619140625,1171484,0.0,0.0
2021-12-09 00:00:00+05:30,3068.696374164178,3098.5326881782325,3028.3957352387165,3094.298095703125,1287243,0.0,0.0
2021-12-10 00:00:00+05:30,3099.457368360076,3204.5897162818374,3094.298048198958,3195.974609375,2554394,0.0,0.0
2021-12-13 00:00:00+05:30,3197.8728069330236,3252.2884327286656,3184.0983807933803,3192.76220703125,1265832,0.0,0.0
2021-12-14 00:00:00+05:30,3187.067826300701,3217.2447055356806,3162.7316333692665,3209.94384765625,863179,0.0,0.0
2021-12-15 00:00:00+05:30,3191.1072892378893,3225.9567623168427,3179.7667192836384,3214.275390625,811946,0.0,0.0
2021-12-16 00:00:00+05:30,3236.71332632081,3236.71332632081,3183.757871022595,3211.014404296875,502930,0.0,0.0
2021-12-17 00:00:00+05:30,3188.040979753797,3205.8551188669444,3141.9968594458833,3157.572021484375,1019403,0.0,0.0
2021-12-20 00:00:00+05:30,3141.3151960311066,3188.0406777198245,3096.5366094127517,3153.4345703125,948872,0.0,0.0
2021-12-21 00:00:00+05:30,3160.784491975417,3208.483426409293,3153.970358484863,3184.488037109375,712026,0.0,0.0
2021-12-22 00:00:00+05:30,3188.7223031359113,3198.4080593681088,3154.9437184459734,3193.005615234375,619865,0.0,0.0
2021-12-23 00:00:00+05:30,3202.6429278706714,3220.0675466095126,3163.7050199330342,3181.129638671875,1051596,0.0,0.0
2021-12-24 00:00:00+05:30,3192.9079706249363,3212.3769216653322,3174.41246713656,3197.58056640625,651404,0.0,0.0
2021-12-27 00:00:00+05:30,3193.005502117236,3197.5319383008487,3140.536534962085,3185.509765625,640701,0.0,0.0
2021-12-28 00:00:00+05:30,3188.965573427623,3285.3856044009967,3186.0939505791002,3278.76611328125,1211648,0.0,0.0
2021-12-29 00:00:00+05:30,3282.6600089967446,3296.0936336531195,3257.350370935616,3278.0361328125,598421,0.0,0.0
2021-12-30 00:00:00+05:30,3273.9478644205274,3299.9875894999145,3261.3417646707285,3276.332763671875,691223,0.0,0.0
2021-12-31 00:00:00+05:30,3299.987364832102,3314.5890788357838,3272.1466684018396,3293.12451171875,570671,0.0,0.0
2022-01-03 00:00:00+05:30,3293.1731164240646,3349.535635443283,3293.1731164240646,3331.52685546875,696276,0.0,0.0
2022-01-04 00:00:00+05:30,3342.819236640812,3380.248251324925,3324.372451168841,3367.447509765625,790886,0.0,0.0
2022-01-05 00:00:00+05:30,3377.8631583093547,3446.0044900331745,3360.3898214917963,3433.155029296875,1024506,0.0,0.0
2022-01-06 00:00:00+05:30,3398.4518597949213,3443.619975895785,3360.487399304977,3421.327880859375,1312743,0.0,0.0
2022-01-07 00:00:00+05:30,3421.327631093484,3486.889424293572,3403.708371516461,3481.3408203125,964364,0.0,0.0
2022-01-10 00:00:00+05:30,3484.942357117103,3494.676832974972,3433.349635070397,3459.14599609375,657511,0.0,0.0
2022-01-11 00:00:00+05:30,3456.3232914133655,3469.3673947478806,3402.24822738953,3444.787841796875,734344,0.0,0.0
2022-01-12 00:00:00+05:30,3462.4558791448435,3487.327514334545,3440.164022843317,3449.703857421875,594543,0.0,0.0
2022-01-13 00:00:00+05:30,3465.4734601039786,3465.4734601039786,3358.39422397717,3364.478271484375,1153984,0.0,0.0
2022-01-14 00:00:00+05:30,3370.075723216915,3370.075723216915,3257.1557971934712,3275.067138671875,1558978,0.0,0.0
2022-01-17 00:00:00+05:30,3275.0668489462428,3308.7482293093044,3232.819320251898,3288.9384765625,1103159,0.0,0.0
2022-01-18 00:00:00+05:30,3289.328156905349,3306.2660500645666,3262.022904222004,3284.1201171875,558543,0.0,0.0
2022-01-19 00:00:00+05:30,3280.5183619744344,3280.5183619744344,3180.9833463922723,3193.29736328125,1495218,0.0,0.0
2022-01-20 00:00:00+05:30,3194.8551504118655,3275.5538646018626,3136.4482920862374,3218.607177734375,3075678,0.0,0.0
2022-01-21 00:00:00+05:30,3212.425851916752,3236.6646024859047,3155.673808386387,3187.89501953125,1441694,0.0,0.0
2022-01-24 00:00:00+05:30,3181.2267016953774,3183.1735968616536,3051.7581731380074,3071.373046875,1575665,0.0,0.0
2022-01-25 00:00:00+05:30,3017.687631268928,3073.1254258665845,2930.8074309170725,3063.537109375,2699779,0.0,0.0
2022-01-27 00:00:00+05:30,3056.7229549115077,3059.545857935446,2989.7009914681,3034.1875,1834684,0.0,0.0
2022-01-28 00:00:00+05:30,3046.8911835324357,3085.8290900312527,3020.608096645734,3028.249755859375,892060,0.0,0.0
2022-01-31 00:00:00+05:30,3056.625316304326,3108.6560404785882,3053.1208100504214,3068.550048828125,944530,0.0,0.0
2022-02-01 00:00:00+05:30,3109.191578876613,3127.0544370808634,3058.183020610757,3111.3818359375,1008915,0.0,0.0
2022-02-02 00:00:00+05:30,3119.704785625001,3158.0098044891974,3107.3905314048066,3112.793212890625,667265,0.0,0.0
2022-02-03 00:00:00+05:30,3127.5411905617852,3155.527808827681,3105.4924600113563,3117.95263671875,899753,0.0,0.0
2022-02-04 00:00:00+05:30,3103.3508551277114,3162.5365149528584,3091.7182041904553,3150.708984375,705765,0.0,0.0
2022-02-07 00:00:00+05:30,3148.1295430309106,3164.8727942439186,3059.643251123989,3090.404052734375,860393,0.0,0.0
2022-02-08 00:00:00+05:30,3094.590121047474,3137.9085420561596,3082.129943427958,3130.948486328125,799206,0.0,0.0
2022-02-09 00:00:00+05:30,3144.235732140532,3172.46571239814,3137.17823707613,3142.629638671875,472725,0.0,0.0
2022-02-10 00:00:00+05:30,3134.5012754486684,3161.7578082786567,3091.6695810015435,3152.75341796875,728666,0.0,0.0
2022-02-11 00:00:00+05:30,3144.1873684589277,3144.1873684589277,3097.997322370296,3130.89990234375,587840,0.0,0.0
2022-02-14 00:00:00+05:30,3056.6255399469273,3098.1917059680864,3037.1565874631888,3059.98388671875,681236,0.0,0.0
2022-02-15 00:00:00+05:30,3056.625331425039,3183.1735139362668,3049.6652764501596,3177.9169921875,676844,0.0,0.0
2022-02-16 00:00:00+05:30,3192.908256386339,3197.8729344092103,3137.4217409552352,3166.479248046875,624320,0.0,0.0
2022-02-17 00:00:00+05:30,3186.0940886849758,3207.461216602982,3150.465810411871,3179.134033203125,636735,0.0,0.0
2022-02-18 00:00:00+05:30,3150.2224899847483,3185.1206829958555,3144.284601966453,3171.930419921875,423801,0.0,0.0
2022-02-21 00:00:00+05:30,3149.103226441985,3191.39948035979,3119.0722706258034,3165.31103515625,547472,0.0,0.0
2022-02-22 00:00:00+05:30,3037.156607233883,3150.8553380106714,3037.156607233883,3141.46142578125,1147209,0.0,0.0
2022-02-23 00:00:00+05:30,3150.9525470848303,3209.359405044262,3144.235853482741,3151.24462890625,935896,0.0,0.0
2022-02-24 00:00:00+05:30,3046.890908308434,3112.8907013938274,2970.475273707088,2987.559326171875,1823450,0.0,0.0
2022-02-25 00:00:00+05:30,3022.5550202825666,3058.037140380346,3001.1878914228214,3036.3779296875,1239456,0.0,0.0
2022-02-28 00:00:00+05:30,3007.952983096838,3105.784463615036,2934.944415545944,3090.355224609375,1678348,0.0,0.0
2022-03-02 00:00:00+05:30,3024.5018054533807,3028.5902379935005,2911.679319489254,2948.524169921875,3014206,0.0,0.0
2022-03-03 00:00:00+05:30,2948.5727546568132,2969.9886016698374,2786.0070068761306,2795.64404296875,4406840,0.0,0.0
2022-03-04 00:00:00+05:30,2787.7591396849334,2787.7591396849334,2591.3660965806903,2665.4453125,6979253,0.0,0.0
2022-03-07 00:00:00+05:30,2579.5385346916787,2655.516162529109,2530.330951794976,2636.533935546875,3233760,0.0,0.0
2022-03-08 00:00:00+05:30,2618.5741026975593,2664.2774210104167,2567.9548263628853,2651.087158203125,2611102,0.0,0.0
2022-03-09 00:00:00+05:30,2676.9808110620133,2813.263470534261,2594.286487721008,2798.613037109375,4076068,0.0,0.0
2022-03-10 00:00:00+05:30,2920.3428361935285,2959.280740676109,2814.431688469288,2835.458251953125,3971987,0.0,0.0
2022-03-11 00:00:00+05:30,2839.546723119884,2861.8872985898392,2805.816857965061,2854.1484375,1265493,0.0,0.0
2022-03-14 00:00:00+05:30,2871.670438343163,2893.427087405378,2839.838749151455,2884.130615234375,1214217,0.0,0.0
2022-03-15 00:00:00+05:30,2918.395986192812,2951.4932055158793,2887.2456621240426,2907.833984375,1857685,0.0,0.0
2022-03-16 00:00:00+05:30,2962.200986642731,2969.0151197043474,2930.8073021802834,2961.2275390625,1287234,0.0,0.0
2022-03-17 00:00:00+05:30,3030.829182750842,3079.306922044466,2994.811620598351,3053.31591796875,2867519,0.0,0.0
2022-03-21 00:00:00+05:30,3034.528400572554,3034.528400572554,2949.6438132005205,2964.878173828125,1259015,0.0,0.0
2022-03-22 00:00:00+05:30,2943.70575642668,2981.3781337540877,2896.0068205586554,2970.134765625,1515772,0.0,0.0
2022-03-23 00:00:00+05:30,2978.749913913887,2998.12142776792,2925.21029127818,2936.697021484375,948403,0.0,0.0
2022-03-24 00:00:00+05:30,2890.6526321688943,2958.258520082342,2872.2058477828186,2945.019775390625,1243917,0.0,0.0
2022-03-25 00:00:00+05:30,2945.019574423799,2983.1786699965937,2911.581556767794,2966.0458984375,1083275,0.0,0.0
2022-03-28 00:00:00+05:30,2966.0464392448457,2977.3872476107235,2916.1085244125966,2947.064208984375,680332,0.0,0.0
2022-03-29 00:00:00+05:30,2987.5109354551137,3005.714359573215,2932.7057834379484,2961.81201171875,1120936,0.0,0.0
2022-03-30 00:00:00+05:30,2996.271752505085,3012.1877160392373,2974.758465196759,2999.7275390625,849545,0.0,0.0
2022-03-31 00:00:00+05:30,3032.2893081711154,3046.1609366274356,2984.6878150579323,2998.169921875,1464862,0.0,0.0
2022-04-01 00:00:00+05:30,3027.421957549799,3038.1298808723222,3005.6653091903413,3031.461669921875,637392,0.0,0.0
2022-04-04 00:00:00+05:30,3041.974885623336,3059.545661500511,3011.360007588874,3035.20947265625,873264,0.0,0.0
2022-04-05 00:00:00+05:30,3027.4223047424985,3073.17434600388,2998.218874150127,3057.404541015625,805874,0.0,0.0
2022-04-06 00:00:00+05:30,3053.70505327746,3080.961585471202,3030.34231139711,3070.253662109375,736379,0.0,0.0
2022-04-07 00:00:00+05:30,3070.253847284816,3123.744747409598,3061.9795423698124,3071.227294921875,1025244,0.0,0.0
2022-04-08 00:00:00+05:30,3083.8823245614035,3134.5016051413254,3067.5283556116487,3121.11669921875,678898,0.0,0.0
2022-04-11 00:00:00+05:30,3099.457387912934,3136.4483994520956,3066.3601670621047,3073.6123046875,672652,0.0,0.0
2022-04-12 00:00:00+05:30,3070.935263187497,3078.1389184140994,3031.461913329294,3045.576904296875,794265,0.0,0.0
2022-04-13 00:00:00+05:30,3034.4308764360435,3039.0060327227993,2984.68784560131,2998.851318359375,1121350,0.0,0.0
2022-04-18 00:00:00+05:30,2974.8560248650056,2976.8029201692366,2932.9977758240384,2941.32080078125,1032504,0.0,0.0
2022-04-19 00:00:00+05:30,2949.546428304707,2977.971052623412,2891.1395683382775,2911.776611328125,749782,0.0,0.0
2022-04-20 00:00:00+05:30,2911.8740565408334,3007.4665699976435,2900.8740503618633,3001.13916015625,838182,0.0,0.0
2022-04-21 00:00:00+05:30,3007.7584287461236,3090.1119527480464,3004.1080002622234,3074.390869140625,1069035,0.0,0.0
2022-04-22 00:00:00+05:30,3038.6166350933877,3089.0412675033795,3030.58569252106,3080.37744140625,681191,0.0,0.0
2022-04-25 00:00:00+05:30,3050.784968780166,3071.324809485169,3012.9179498403673,3047.475341796875,1096774,0.0,0.0
2022-04-26 00:00:00+05:30,3046.8908419202194,3065.0942636358554,3023.3334586612727,3042.65625,1703441,0.0,0.0
2022-04-27 00:00:00+05:30,3013.793828333634,3079.9882664236493,3004.0106322313554,3064.75390625,963536,0.0,0.0
2022-04-28 00:00:00+05:30,3105.2979395950215,3181.2268547324543,3085.8289869956793,3161.4658203125,2001838,0.0,0.0
2022-04-29 00:00:00+05:30,3162.7313585032275,3190.9613398502865,3135.766906610246,3151.24462890625,1088970,0.0,0.0
2022-05-02 00:00:00+05:30,3110.165232467651,3126.227118644714,3070.3025988507457,3115.032470703125,595522,0.0,0.0
2022-05-04 00:00:00+05:30,3093.6165252692645,3109.873052933362,2999.6301103635874,3018.51513671875,1120002,0.0,0.0
2022-05-05 00:00:00+05:30,3022.311527178127,3043.9220170177437,2988.484222058733,2994.8603515625,724601,0.0,0.0
2022-05-06 00:00:00+05:30,2939.812049963738,2971.3516603371836,2924.139446952004,2936.16162109375,923941,0.0,0.0
2022-05-09 00:00:00+05:30,2921.170538592087,2958.1128301750196,2896.0068212334145,2925.45361328125,998324,0.0,0.0
2022-05-10 00:00:00+05:30,2969.9886781751493,3055.408706529744,2955.3869639265004,3004.400146484375,2460016,0.0,0.0
2022-05-11 00:00:00+05:30,3008.3423138912076,3026.983977690921,2899.900348264076,2972.568115234375,1883969,0.0,0.0
2022-05-12 00:00:00+05:30,2961.227792976585,2996.271908869799,2908.6616191367643,2959.232177734375,1254245,0.0,0.0
2022-05-13 00:00:00+05:30,2992.767070062517,3033.505945330189,2954.7054132310086,2982.643310546875,1121729,0.0,0.0
2022-05-16 00:00:00+05:30,3007.855645362667,3007.855645362667,2905.9357291341043,2920.245361328125,733044,0.0,0.0
2022-05-17 00:00:00+05:30,2919.2718700206474,2975.439985848333,2872.643825723617,2969.01513671875,1179081,0.0,0.0
2022-05-18 00:00:00+05:30,2949.5461422695366,3045.722809885721,2945.6523519827124,3017.784912109375,1379763,0.0,0.0
2022-05-19 00:00:00+05:30,2920.8294421391747,2990.138861789794,2920.7807222289157,2965.997314453125,772390,0.0,0.0
2022-05-20 00:00:00+05:30,2998.2188249581677,3042.023970128011,2988.484348253758,3027.37353515625,778957,0.0,0.0
2022-05-23 00:00:00+05:30,3060.4706890813104,3103.351105558941,3046.9398618210726,3089.91748046875,813294,0.0,0.0
2022-05-24 00:00:00+05:30,3090.452915961245,3099.116504952508,2988.484274982604,3004.886962890625,691307,0.0,0.0
2022-05-25 00:00:00+05:30,2958.3073704651656,2958.3073704651656,2751.255105493353,2762.693115234375,3381427,0.0,0.0
2022-05-26 00:00:00+05:30,2774.325859299556,2784.060335998853,2646.366210618926,2764.7373046875,3212196,0.0,0.0
2022-05-27 00:00:00+05:30,2791.848066054253,2792.8215137760294,2707.1581142597206,2759.578369140625,1879534,0.0,0.0
2022-05-30 00:00:00+05:30,2803.5289754746836,2807.4227657183983,2742.201779136175,2768.48486328125,2525482,0.0,0.0
2022-05-31 00:00:00+05:30,2768.4848789298435,2801.5820961884983,2736.3611092376195,2783.71923828125,2408221,0.0,0.0
2022-06-01 00:00:00+05:30,2783.7195773689295,2861.8387540907947,2756.8525638575934,2776.759521484375,1770795,0.0,0.0
2022-06-02 00:00:00+05:30,2793.9894755784876,2841.493769757654,2772.37898467619,2831.3212890625,1164197,0.0,0.0
2022-06-03 00:00:00+05:30,2827.865100989096,2841.931370396993,2780.166171574822,2810.24560546875,1228489,0.0,0.0
2022-06-06 00:00:00+05:30,2794.8652501136985,2795.741257812314,2733.148535184133,2742.6396484375,1193698,0.0,0.0
2022-06-07 00:00:00+05:30,2725.6534811276456,2729.547271814971,2658.4855917712857,2671.82177734375,1403598,0.0,0.0
2022-06-08 00:00:00+05:30,2698.2992677632888,2701.3170503422275,2628.308481414059,2633.370361328125,1743575,0.0,0.0
2022-06-09 00:00:00+05:30,2623.873855954308,2641.105361962695,2578.5924507909176,2630.531494140625,1857501,15.5,0.0
2022-06-10 00:00:00+05:30,2609.1879673259405,2678.701042628057,2596.460221143863,2652.021728515625,1592920,0.0,0.0
2022-06-13 00:00:00+05:30,2614.034135322827,2626.810881602051,2587.159058752672,2605.02685546875,1674206,0.0,0.0
2022-06-14 00:00:00+05:30,2562.193445647536,2610.510028282962,2530.86360603702,2580.2080078125,2296040,0.0,0.0
2022-06-15 00:00:00+05:30,2594.5020628307893,2627.3984864837917,2572.081744389475,2605.41845703125,928842,0.0,0.0
2022-06-16 00:00:00+05:30,2638.51054894235,2668.3717980196284,2584.7113955414443,2601.7958984375,1280628,0.0,0.0
2022-06-17 00:00:00+05:30,2594.600073025084,2601.3554733742226,2506.386906977046,2526.163818359375,2043251,0.0,0.0
2022-06-20 00:00:00+05:30,2545.549289806498,2617.363247112692,2534.1433664844026,2604.97802734375,1595360,0.0,0.0
2022-06-21 00:00:00+05:30,2618.9296062665285,2653.245616753697,2584.7115971327526,2622.258544921875,1042074,0.0,0.0
2022-06-22 00:00:00+05:30,2631.7062624927094,2651.238409604111,2571.347470052192,2610.509765625,1871760,0.0,0.0
2022-06-23 00:00:00+05:30,2618.9295077446886,2709.981844672919,2618.9295077446886,2700.43603515625,1612872,0.0,0.0
2022-06-24 00:00:00+05:30,2716.884149968086,2726.4789598167517,2668.9103397524336,2703.079345703125,2215583,0.0,0.0
2022-06-27 00:00:00+05:30,2721.6814735304606,2768.4314627122685,2707.093614402077,2761.871826171875,1295734,0.0,0.0
2022-06-28 00:00:00+05:30,2721.7797202371403,2726.479243818629,2647.665118826151,2669.400146484375,1838358,0.0,0.0
2022-06-29 00:00:00+05:30,2649.818776719566,2662.056993866802,2621.9156416238675,2641.301025390625,1066354,0.0,0.0
2022-06-30 00:00:00+05:30,2657.993745875806,2669.840195518941,2623.873504138171,2638.755126953125,1291447,0.0,0.0
2022-07-01 00:00:00+05:30,2648.2520907688227,2721.779392264444,2628.7689454064866,2715.07275390625,1477191,0.0,0.0
2022-07-04 00:00:00+05:30,2717.030907272893,2739.4024633152535,2687.316660138525,2731.86376953125,653147,0.0,0.0
2022-07-05 00:00:00+05:30,2726.674961617523,2753.4032774489715,2702.1985256963603,2708.660400390625,1073043,0.0,0.0
2022-07-06 00:00:00+05:30,2771.2708335042553,2808.9155408558863,2746.402633364842,2801.474609375,2085735,0.0,0.0
2022-07-07 00:00:00+05:30,2840.6367644401344,2870.596013534885,2816.552098193376,2830.84619140625,1469087,0.0,0.0
2022-07-08 00:00:00+05:30,2819.685021466792,2827.517479859755,2781.0122581515357,2819.4892578125,1274148,0.0,0.0
2022-07-11 00:00:00+05:30,2813.8111212855447,2878.9674426198085,2791.635565575428,2871.62451171875,1081885,0.0,0.0
2022-07-12 00:00:00+05:30,2858.847180640691,2862.0291167150344,2824.971704053546,2832.6083984375,1115524,0.0,0.0
2022-07-13 00:00:00+05:30,2887.240455775658,2906.7726043393022,2864.7711348256703,2879.603759765625,2153712,0.0,0.0
2022-07-14 00:00:00+05:30,2890.275419984235,2892.96782780986,2851.406650333982,2877.596435546875,882479,0.0,0.0
2022-07-15 00:00:00+05:30,2888.170171648461,2922.486179450559,2878.8691268562397,2915.779541015625,1668006,0.0,0.0
2022-07-18 00:00:00+05:30,2932.0321161992356,2961.6486022214503,2925.8150061669703,2954.6484375,823390,0.0,0.0
2022-07-19 00:00:00+05:30,2920.968533203042,2959.6902982751258,2915.779481566593,2955.8720703125,638171,0.0,0.0
2022-07-20 00:00:00+05:30,2969.481082217521,2980.936005945761,2937.172188147894,2943.487060546875,867436,0.0,0.0
2022-07-21 00:00:00+05:30,2918.5698231336155,3020.3427820757315,2918.5698231336155,3001.8876953125,1184060,0.0,0.0
2022-07-22 00:00:00+05:30,3001.8878170659796,3027.9795996639623,2984.1667835343164,3003.160400390625,1268141,0.0,0.0
2022-07-25 00:00:00+05:30,3005.2165370000885,3051.917524807815,2987.740267684686,3039.924072265625,985844,0.0,0.0
2022-07-26 00:00:00+05:30,3031.161441787639,3083.8347730454248,2989.061977318366,3043.399658203125,2876310,0.0,0.0
2022-07-27 00:00:00+05:30,3053.630840517517,3126.1300842961577,3031.161522386754,3119.32568359375,1976407,0.0,0.0
2022-07-28 00:00:00+05:30,3131.025416021636,3211.3081189965496,3115.3604983679943,3203.8671875,1332572,0.0,0.0
2022-07-29 00:00:00+05:30,3216.5948555424993,3284.101049650748,3206.412754924189,3263.932373046875,1836550,0.0,0.0
2022-08-01 00:00:00+05:30,3270.1004372313223,3284.7372963050025,3245.085474993422,3254.925048828125,1076122,0.0,0.0
2022-08-02 00:00:00+05:30,3261.2399024343254,3333.4453791093574,3255.9530885668123,3325.025390625,1650536,0.0,0.0
2022-08-03 00:00:00+05:30,3332.71120320629,3375.7897263969708,3300.6470751495904,3367.614501953125,1169005,0.0,0.0
2022-08-04 00:00:00+05:30,3382.643260561719,3404.133522327624,3339.4667343310307,3388.028076171875,981434,0.0,0.0
2022-08-05 00:00:00+05:30,3402.2242754879544,3418.8192496880374,3379.2654285423546,3401.147216796875,792478,0.0,0.0
2022-08-08 00:00:00+05:30,3392.433625226258,3404.133312434131,3364.579492183974,3386.020751953125,724644,0.0,0.0
2022-08-10 00:00:00+05:30,3368.9363566988627,3377.601109896909,3324.878775748137,3340.200927734375,1089295,0.0,0.0
2022-08-11 00:00:00+05:30,3377.7475553494523,3405.112158028565,3319.0041196042444,3333.8857421875,1410533,0.0,0.0
2022-08-12 00:00:00+05:30,3327.81586796856,3362.8661682228358,3312.1509506730326,3356.061767578125,548472,0.0,0.0
2022-08-16 00:00:00+05:30,3397.3291524687143,3435.9529188029155,3382.9370566024095,3427.679931640625,911189,0.0,0.0
2022-08-17 00:00:00+05:30,3444.27471717698,3471.3945576558203,3431.204445120788,3449.904296875,817912,0.0,0.0
2022-08-18 00:00:00+05:30,3451.1772075481495,3468.506475082643,3441.925163265364,3461.310546875,599877,0.0,0.0
2022-08-19 00:00:00+05:30,3446.2821075360025,3464.394669748905,3391.454892188839,3409.616455078125,581829,0.0,0.0
2022-08-22 00:00:00+05:30,3389.594602802314,3412.553450231935,3263.393964894806,3279.597412109375,2336567,0.0,0.0
2022-08-23 00:00:00+05:30,3263.198106299142,3313.081029845526,3247.386425907591,3286.303955078125,831446,0.0,0.0
2022-08-24 00:00:00+05:30,3269.660132475847,3314.109242061104,3232.847479257242,3308.088134765625,1182154,0.0,0.0
2022-08-25 00:00:00+05:30,3304.318784125232,3333.8372696523415,3281.017169782752,3292.08056640625,615392,0.0,0.0
2022-08-26 00:00:00+05:30,3308.5774918756365,3313.619541526457,3236.4207752552147,3253.946044921875,1384783,0.0,0.0
2022-08-29 00:00:00+05:30,3178.9993681152087,3278.226930913987,3168.9150291203937,3273.233642578125,1031166,0.0,0.0
2022-08-30 00:00:00+05:30,3261.2403129457157,3338.341085880112,3261.2403129457157,3320.5712890625,1426459,0.0,0.0
2022-09-01 00:00:00+05:30,3245.575311348269,3401.636966756474,3245.575311348269,3374.370361328125,1417762,0.0,0.0
2022-09-02 00:00:00+05:30,3415.931399050534,3415.931399050534,3353.2717230576322,3359.195068359375,740821,0.0,0.0
2022-09-05 00:00:00+05:30,3353.320447932966,3377.7478811811907,3334.2288294741156,3353.07568359375,518438,0.0,0.0
2022-09-06 00:00:00+05:30,3348.376447046885,3362.6217806139834,3313.130379183234,3324.144775390625,540937,0.0,0.0
2022-09-07 00:00:00+05:30,3320.962714518281,3363.062182892186,3315.0393694182753,3329.137939453125,682921,0.0,0.0
2022-09-08 00:00:00+05:30,3377.7477682624467,3411.6720089326245,3355.6209771259505,3377.89453125,1143090,0.0,0.0
2022-09-09 00:00:00+05:30,3410.74220749241,3410.74220749241,3361.544573273413,3369.768798828125,702805,0.0,0.0
2022-09-12 00:00:00+05:30,3369.768603394127,3381.3212887912036,3351.313276912535,3360.320556640625,641280,0.0,0.0
2022-09-13 00:00:00+05:30,3360.1250840120706,3386.5596344981795,3343.1383420701054,3350.5302734375,776044,0.0,0.0
2022-09-14 00:00:00+05:30,3309.21381670047,3376.2792446424764,3309.21381670047,3366.92919921875,816678,0.0,0.0
2022-09-15 00:00:00+05:30,3367.957560917596,3386.314887739458,3318.1236333162587,3324.29150390625,590182,0.0,0.0
2022-09-16 00:00:00+05:30,3340.935451103215,3348.3763831212277,3240.2395386707017,3252.96728515625,1598265,0.0,0.0
2022-09-19 00:00:00+05:30,3251.1068291741053,3272.1078014290742,3163.628194722058,3246.799072265625,1013563,0.0,0.0
2022-09-20 00:00:00+05:30,3265.743889548669,3338.585662947357,3264.177302130935,3322.137451171875,708184,0.0,0.0
2022-09-21 00:00:00+05:30,3333.690189075947,3353.1733342174825,3277.883921593618,3285.765380859375,605378,0.0,0.0
2022-09-22 00:00:00+05:30,3285.765429204918,3367.957244979628,3246.211369306578,3364.041015625,829396,0.0,0.0
2022-09-23 00:00:00+05:30,3363.06230865674,3365.950480301139,3311.8575567048406,3324.144775390625,513370,0.0,0.0
2022-09-26 00:00:00+05:30,3299.423436008429,3395.3710611505135,3283.758517617884,3366.04833984375,1429914,0.0,0.0
2022-09-27 00:00:00+05:30,3382.4966599893155,3426.7010073733545,3359.195045333638,3397.965576171875,1455383,0.0,0.0
2022-09-28 00:00:00+05:30,3378.726975336439,3507.8645465022087,3348.3761969430952,3495.87109375,1843428,0.0,0.0
2022-09-29 00:00:00+05:30,3488.8220851704614,3488.8220851704614,3301.773118899654,3313.91357421875,2624894,0.0,0.0
2022-09-30 00:00:00+05:30,3330.7531083748613,3340.4456805394857,3216.448162636247,3272.4501953125,2159720,0.0,0.0
2022-10-03 00:00:00+05:30,3277.8840989489145,3282.2898571464266,3216.9377772166654,3233.728515625,934543,0.0,0.0
2022-10-04 00:00:00+05:30,3260.2611820100087,3297.80812937186,3242.687149269877,3267.848876953125,994382,0.0,0.0
2022-10-06 00:00:00+05:30,3267.8486626224326,3296.2413257086587,3242.3441709066847,3259.23291015625,922770,0.0,0.0
2022-10-07 00:00:00+05:30,3248.5123457236327,3289.2412278272004,3218.4063316696843,3273.674072265625,774544,0.0,0.0
2022-10-10 00:00:00+05:30,3211.3078964908386,3229.909984915633,3191.9225144321,3209.30078125,734377,0.0,0.0
2022-10-11 00:00:00+05:30,3221.5882325578814,3289.6327188556393,3205.4337861706435,3229.616455078125,1411316,0.0,0.0
2022-10-12 00:00:00+05:30,3265.1562990078564,3269.562057132455,3138.857899436038,3180.174072265625,1812549,0.0,0.0
2022-10-13 00:00:00+05:30,3162.4531268196783,3189.9644939374166,3127.011060816657,3141.794921875,779890,0.0,0.0
2022-10-14 00:00:00+05:30,3167.250446971629,3178.020077548658,3113.4022940864857,3118.787109375,845765,0.0,0.0
2022-10-17 00:00:00+05:30,3118.787099852871,3150.6064628242157,3103.7097127021316,3130.6337890625,1067773,0.0,0.0
2022-10-18 00:00:00+05:30,3150.6065405482236,3181.936375631363,3144.7321964701346,3158.292236328125,1015424,0.0,0.0
2022-10-19 00:00:00+05:30,3174.1039806909484,3177.7264451397486,3129.410107542444,3145.466552734375,943543,0.0,0.0
2022-10-20 00:00:00+05:30,3131.02561187508,3173.95737511615,3036.840336396571,3075.121337890625,2284352,0.0,0.0
2022-10-21 00:00:00+05:30,3074.240190045056,3098.4718603328315,3008.3005795296726,3027.636962890625,1738731,0.0,0.0
2022-10-24 00:00:00+05:30,3084.030786754363,3092.842303287947,3050.742835405268,3056.2744140625,178709,0.0,0.0
2022-10-25 00:00:00+05:30,3068.365757157272,3069.344814514374,3015.398658526991,3020.2939453125,1016316,0.0,0.0
2022-10-27 00:00:00+05:30,3057.596221184856,3057.596221184856,2969.481056309212,2979.712158203125,2005709,0.0,0.0
2022-10-28 00:00:00+05:30,2994.6426650355397,3007.2726482519442,2976.334340418108,2989.45361328125,715736,0.0,0.0
2022-10-31 00:00:00+05:30,3021.8092868653566,3052.20386437763,3001.2684831630377,3047.00732421875,814364,4.4,0.0
2022-11-01 00:00:00+05:30,3049.7526118735773,3102.5998608536715,3049.7526118735773,3097.697509765625,939335,0.0,0.0
2022-11-02 00:00:00+05:30,3096.3247417304074,3098.236610653347,3061.1259590031564,3070.734375,787012,0.0,0.0
2022-11-03 00:00:00+05:30,3044.3600547612396,3087.2556271914505,3044.3600547612396,3079.951171875,563798,0.0,0.0
2022-11-04 00:00:00+05:30,3086.5204585133233,3122.7978590739945,3064.8519694564116,3119.21923828125,609757,0.0,0.0
2022-11-07 00:00:00+05:30,3123.7782003833972,3135.5438433226946,3036.95751231931,3042.9384765625,1669943,0.0,0.0
2022-11-09 00:00:00+05:30,3084.559166746821,3084.559166746821,3019.848135276608,3026.22119140625,1391333,0.0,0.0
2022-11-10 00:00:00+05:30,3025.731014050102,3025.731014050102,2974.256328943936,2985.6787109375,1375007,0.0,0.0
2022-11-11 00:00:00+05:30,3030.339408085155,3037.496888912896,2988.473375534702,2995.728759765625,810288,0.0,0.0
2022-11-14 00:00:00+05:30,2996.316897606867,3017.83817038106,2981.658916155726,2993.571533203125,811702,0.0,0.0
2022-11-15 00:00:00+05:30,3008.5729827279606,3034.555444530891,2982.5905209250304,3019.162109375,873840,0.0,0.0
2022-11-16 00:00:00+05:30,3019.162103731694,3032.5944983490485,2991.414747644018,3022.8388671875,770953,0.0,0.0
2022-11-17 00:00:00+05:30,3031.61380063736,3036.0749878368806,3000.238754835162,3011.6123046875,706271,0.0,0.0
2022-11-18 00:00:00+05:30,3034.5554191726146,3054.0178493548046,2996.0719619181637,3035.045654296875,1258576,0.0,0.0
2022-11-21 00:00:00+05:30,3044.360122915058,3049.6057344958595,3006.3178293822075,3034.849609375,612194,0.0,0.0
2022-11-22 00:00:00+05:30,3043.3793966509274,3058.576684230853,3012.298540249083,3043.232421875,764079,0.0,0.0
2022-11-23 00:00:00+05:30,3050.2429361374025,3053.9687709477416,3029.6530609657902,3040.2421875,488341,0.0,0.0
2022-11-24 00:00:00+05:30,3057.056890411813,3059.3120196564823,3031.6137376100774,3054.458740234375,571872,0.0,0.0
2022-11-25 00:00:00+05:30,3054.4589921806264,3058.8711082687646,3015.1911111216714,3047.448486328125,898769,0.0,0.0
2022-11-28 00:00:00+05:30,3047.448183118411,3097.305185702836,3036.221847841205,3089.657470703125,914689,0.0,0.0
2022-11-29 00:00:00+05:30,3095.344515859737,3107.110158618786,3066.0773837475576,3073.8232421875,877720,0.0,0.0
2022-11-30 00:00:00+05:30,3078.5785590942314,3137.4558477163414,3072.107598822154,3113.14013671875,2547283,0.0,0.0
2022-12-01 00:00:00+05:30,3128.6804388334203,3134.56326009102,3099.511450097822,3117.258056640625,761717,0.0,0.0
2022-12-02 00:00:00+05:30,3111.1787534025843,3112.306437695988,3072.793442869446,3082.058837890625,932259,0.0,0.0
2022-12-05 00:00:00+05:30,3068.8717847547173,3106.815934346651,3051.7135559262165,3095.246337890625,926122,0.0,0.0
2022-12-06 00:00:00+05:30,3063.969427635125,3107.110117176228,3063.969427635125,3099.95263671875,958365,0.0,0.0
2022-12-07 00:00:00+05:30,3117.8954374418877,3171.527112972417,3114.365648744791,3163.4873046875,1832282,0.0,0.0
2022-12-08 00:00:00+05:30,3166.918957315765,3177.6059874598245,3140.102999807401,3158.535888671875,851312,0.0,0.0
2022-12-09 00:00:00+05:30,3171.821055537596,3179.027607162434,3143.3874201092835,3163.92822265625,847879,0.0,0.0
2022-12-12 00:00:00+05:30,3163.977385717271,3166.918796364049,3080.5392746212974,3104.511962890625,1323816,0.0,0.0
2022-12-13 00:00:00+05:30,3122.7976169079116,3122.7976169079116,3081.274607791191,3116.424560546875,886601,0.0,0.0
2022-12-14 00:00:00+05:30,3116.9148426901497,3132.6023662771404,3063.969450584057,3084.51025390625,1103870,0.0,0.0
2022-12-15 00:00:00+05:30,3080.6377150072785,3099.4626970907843,3055.831768281802,3069.46044921875,799124,0.0,0.0
2022-12-16 00:00:00+05:30,3054.164633825801,3056.1255742006488,2990.7282605739883,2996.21875,1192821,0.0,0.0
2022-12-19 00:00:00+05:30,3002.199921693059,3027.6921483305573,2981.610046332003,3020.77978515625,655594,0.0,0.0
2022-12-20 00:00:00+05:30,3014.99486006727,3028.3291108261815,2959.058988698629,3021.9560546875,739257,0.0,0.0
2022-12-21 00:00:00+05:30,3024.750508339666,3051.6643669331916,2990.48312338875,3009.7001953125,616324,0.0,0.0
2022-12-22 00:00:00+05:30,3013.9653122779523,3033.0844806544715,2978.717457427556,3028.231201171875,663202,0.0,0.0
2022-12-23 00:00:00+05:30,3018.8186328000065,3026.5644908967915,2976.707486165045,2998.1796875,1230858,0.0,0.0
2022-12-26 00:00:00+05:30,2998.179693021648,3011.906275657702,2969.648154165984,2996.365966796875,536884,0.0,0.0
2022-12-27 00:00:00+05:30,3000.238697142803,3067.891138352886,2996.6110054162027,3051.8115234375,729041,0.0,0.0
2022-12-28 00:00:00+05:30,3049.2131154258377,3082.402125973416,3044.3598360255337,3062.694580078125,972274,0.0,0.0
2022-12-29 00:00:00+05:30,3040.4379664213466,3063.9692502633693,3032.153041443154,3054.3115234375,596265,0.0,0.0
2022-12-30 00:00:00+05:30,3069.6072401703727,3069.6072401703727,3011.318331587777,3027.593994140625,836220,0.0,0.0
2023-01-02 00:00:00+05:30,3027.5940579272283,3027.5940579272283,2962.0006924628506,2987.738037109375,1015990,0.0,0.0
2023-01-03 00:00:00+05:30,2987.4927029908467,3000.1897442215864,2965.92235856492,2969.10888671875,860367,0.0,0.0
2023-01-04 00:00:00+05:30,2975.727079138349,2990.434132247764,2942.9303985788747,2957.931640625,836382,0.0,0.0
2023-01-05 00:00:00+05:30,2980.1885318867226,2987.10089533832,2936.9006247556717,2945.676025390625,1113920,0.0,0.0
2023-01-06 00:00:00+05:30,2951.215623459469,2964.4519726012304,2894.3483456652334,2920.232666015625,1045526,0.0,0.0
2023-01-09 00:00:00+05:30,2934.8415633422305,2958.7158696239976,2893.367625077742,2925.8701171875,808263,0.0,0.0
2023-01-10 00:00:00+05:30,2925.8701563474697,2926.7036517963575,2894.544180210303,2902.53515625,864325,0.0,0.0
2023-01-11 00:00:00+05:30,2916.8005857839357,2916.8005857839357,2877.679922114787,2882.974365234375,890426,0.0,0.0
2023-01-12 00:00:00+05:30,2881.6023306285115,2882.4358261669636,2839.442105988489,2859.00244140625,1558620,0.0,0.0
2023-01-13 00:00:00+05:30,2867.875264835709,2867.875264835709,2815.665227963059,2852.334716796875,1507864,0.0,0.0
2023-01-16 00:00:00+05:30,2867.8755027255625,2872.3857616583846,2839.4418652626423,2859.100341796875,644073,0.0,0.0
2023-01-17 00:00:00+05:30,2867.875705445974,2887.338137178996,2854.296095672841,2883.465087890625,716489,0.0,0.0
2023-01-18 00:00:00+05:30,2890.3772022478265,2902.191916539343,2872.140599368819,2887.72998046875,893808,0.0,0.0
2023-01-19 00:00:00+05:30,2897.1912905666795,2915.5262747562615,2788.0651490934492,2810.174560546875,2379947,0.0,0.0
2023-01-20 00:00:00+05:30,2792.3792409887214,2792.3792409887214,2726.6877349682704,2733.35498046875,3171005,0.0,0.0
2023-01-23 00:00:00+05:30,2745.3166726099107,2745.3166726099107,2713.7946501359547,2730.0703125,1402260,0.0,0.0
2023-01-24 00:00:00+05:30,2740.414285500848,2771.8874755484903,2730.070276727565,2755.709716796875,1061471,0.0,0.0
2023-01-25 00:00:00+05:30,2756.0037177099193,2756.1018604835303,2713.059312449146,2720.804931640625,857953,0.0,0.0
2023-01-27 00:00:00+05:30,2712.5691549487933,2718.6970941593763,2633.396180348064,2669.477294921875,1801498,0.0,0.0
2023-01-30 00:00:00+05:30,2670.8007207188125,2721.785169131947,2643.592673729111,2712.176513671875,1171912,0.0,0.0
2023-01-31 00:00:00+05:30,2706.0977071193925,2725.658039410463,2664.9670307860656,2672.61474609375,1961805,0.0,0.0
2023-02-01 00:00:00+05:30,2696.097176166808,2723.7463896996014,2651.97601434662,2690.165283203125,1176872,0.0,0.0
2023-02-02 00:00:00+05:30,2687.4687991040164,2687.4687991040164,2641.3867000314553,2652.80908203125,1308570,0.0,0.0
2023-02-03 00:00:00+05:30,2652.809004592195,2709.921391669192,2647.2694439123065,2706.48974609375,1278409,0.0,0.0
2023-02-06 00:00:00+05:30,2706.490000528804,2711.0002594581447,2664.9181573986393,2700.4111328125,1120284,0.0,0.0
2023-02-07 00:00:00+05:30,2708.05860029939,2720.3144773825697,2694.478992742187,2704.185791015625,732250,0.0,0.0
2023-02-08 00:00:00+05:30,2713.9416559012093,2729.6291799237597,2690.704558817331,2711.588623046875,811956,0.0,0.0
2023-02-09 00:00:00+05:30,2727.6190953182077,2765.2692955921834,2712.1276178844028,2759.631591796875,946372,0.0,0.0
2023-02-10 00:00:00+05:30,2774.7307524033217,2775.662151247803,2738.453353873667,2749.826904296875,700072,0.0,0.0
2023-02-13 00:00:00+05:30,2759.533236368192,2773.750053539035,2725.7070162030814,2736.2470703125,467228,0.0,0.0
2023-02-14 00:00:00+05:30,2749.9739184271402,2749.9739184271402,2711.000226205916,2722.765869140625,524746,0.0,0.0
2023-02-15 00:00:00+05:30,2722.7658536093804,2743.649917573886,2700.215038113156,2731.737060546875,817717,0.0,0.0
2023-02-16 00:00:00+05:30,2742.3749865898626,2778.9956421347997,2735.609838360541,2751.150146484375,788964,0.0,0.0
2023-02-17 00:00:00+05:30,2748.208700822109,2790.2710129891925,2731.099544941742,2778.26025390625,840526,0.0,0.0
2023-02-20 00:00:00+05:30,2789.4377736704855,2796.3010652049998,2757.180399207313,2770.36767578125,646218,0.0,0.0
2023-02-21 00:00:00+05:30,2781.593779514443,2783.2605308733314,2750.2187351209072,2762.08251953125,631934,0.0,0.0
2023-02-22 00:00:00+05:30,2755.072286402238,2758.9941673385915,2725.707250765813,2741.345703125,580270,0.0,0.0
2023-02-23 00:00:00+05:30,2750.2191450751748,2750.758451605597,2647.3679080903985,2653.103515625,1790570,0.0,0.0
2023-02-24 00:00:00+05:30,2659.1335030036053,2708.058873506539,2657.0744196968576,2685.017822265625,1429040,0.0,0.0
2023-02-27 00:00:00+05:30,2686.880600902729,2704.7741831220746,2671.83052605688,2696.195068359375,561317,0.0,0.0
2023-02-28 00:00:00+05:30,2696.292860863235,2783.5547025420815,2674.1832115296384,2773.553955078125,1815923,0.0,0.0
2023-03-01 00:00:00+05:30,2772.7697546459253,2797.5756988402995,2761.053183507711,2785.417724609375,816598,0.0,0.0
2023-03-02 00:00:00+05:30,2775.7109315973753,2793.3593938964755,2756.1015290428195,2778.55419921875,604523,0.0,0.0
2023-03-03 00:00:00+05:30,2781.6430793961367,2796.3010612783155,2755.7585220216065,2773.603271484375,679295,0.0,0.0
2023-03-06 00:00:00+05:30,2787.47677636368,2827.676054531429,2774.9757813237093,2808.60595703125,1050267,0.0,0.0
2023-03-08 00:00:00+05:30,2813.9494790149884,2813.9494790149884,2771.789260339851,2803.70361328125,580250,0.0,0.0
2023-03-09 00:00:00+05:30,2806.105971000863,2816.351837660565,2781.447238947444,2797.821044921875,774224,0.0,0.0
2023-03-10 00:00:00+05:30,2788.457294669596,2788.457294669596,2752.1798966728397,2774.9267578125,489978,0.0,0.0
2023-03-13 00:00:00+05:30,2768.357723632843,2793.800878495444,2718.0595524282803,2729.8251953125,813217,0.0,0.0
2023-03-14 00:00:00+05:30,2728.599421260134,2732.521301953836,2686.537346569218,2691.97900390625,1060450,0.0,0.0
2023-03-15 00:00:00+05:30,2718.059248992859,2810.370655440186,2711.1959580765933,2772.18115234375,2170346,0.0,0.0
2023-03-16 00:00:00+05:30,2794.340025848149,2843.363535073555,2773.455963043605,2836.745361328125,1755487,0.0,0.0
2023-03-17 00:00:00+05:30,2866.84554163729,2866.84554163729,2799.2912465392296,2806.74267578125,1848073,0.0,0.0
2023-03-20 00:00:00+05:30,2858.07064169443,2858.07064169443,2775.760216028558,2799.389404296875,1074367,0.0,0.0
2023-03-21 00:00:00+05:30,2802.3308422226773,2830.6175036035056,2779.6330525514163,2783.653076171875,691891,0.0,0.0
2023-03-22 00:00:00+05:30,2769.8283493348454,2797.428490057934,2759.876672430527,2784.388427734375,731807,0.0,0.0
2023-03-23 00:00:00+05:30,2762.0827913553962,2767.867469985704,2713.6964895688743,2743.15966796875,1016581,0.0,0.0
2023-03-24 00:00:00+05:30,2743.159421897433,2760.660670377068,2718.6967396333175,2743.845703125,784111,0.0,0.0
2023-03-27 00:00:00+05:30,2743.845939494051,2764.926049445497,2732.080296730453,2748.993408203125,791560,0.0,0.0
2023-03-28 00:00:00+05:30,2736.4924404479502,2755.7097529052667,2711.0002142022868,2730.0703125,558581,0.0,0.0
2023-03-29 00:00:00+05:30,2730.0703343516157,2739.188755533149,2701.1955334206086,2716.392822265625,1087648,0.0,0.0
2023-03-31 00:00:00+05:30,2702.2253300288394,2720.805195108294,2693.842260742356,2707.7158203125,1967803,0.0,0.0
2023-04-03 00:00:00+05:30,2693.3026904171006,2727.3249600287777,2655.7506321759633,2722.765869140625,1035295,0.0,0.0
2023-04-05 00:00:00+05:30,2706.09758879295,2756.640872429163,2698.4989452012305,2753.650390625,668643,0.0,0.0
2023-04-06 00:00:00+05:30,2752.6210930641705,2769.8283934359683,2732.37447860987,2754.974365234375,627554,0.0,0.0
2023-04-10 00:00:00+05:30,2755.1208959253177,2755.1208959253177,2701.293184846483,2722.128173828125,1215461,0.0,0.0
2023-04-11 00:00:00+05:30,2735.512018415604,2735.512018415604,2696.3422795031374,2700.01904296875,1246379,0.0,0.0
2023-04-12 00:00:00+05:30,2701.73505726782,2751.395783578161,2697.2738694057257,2732.32568359375,2235399,0.0,0.0
2023-04-13 00:00:00+05:30,2732.2763340930537,2758.35693788399,2727.6681719000244,2754.876220703125,602597,0.0,0.0
2023-04-17 00:00:00+05:30,2769.8283446130977,2790.026126698081,2751.1994106139296,2787.574951171875,754555,0.0,0.0
2023-04-18 00:00:00+05:30,2792.379386273629,2802.6252529309004,2774.829063829458,2798.8505859375,717724,0.0,0.0
2023-04-19 00:00:00+05:30,2780.9568236059717,2796.987368191003,2745.953845010205,2754.8271484375,799624,0.0,0.0
2023-04-20 00:00:00+05:30,2764.9259924745097,2795.320568987527,2758.2096757862987,2788.310302734375,761101,0.0,0.0
2023-04-21 00:00:00+05:30,2791.4970169224907,2830.6176851630507,2791.4970169224907,2825.8134765625,894930,0.0,0.0
2023-04-24 00:00:00+05:30,2825.8134628763783,2841.4028444311434,2796.3012119798555,2834.6376953125,782967,0.0,0.0
2023-04-25 00:00:00+05:30,2834.5883679991553,2845.079351073713,2808.2135764755735,2841.402587890625,636120,0.0,0.0
2023-04-26 00:00:00+05:30,2840.373029216028,2859.492197652924,2831.6469403964343,2853.168212890625,569221,0.0,0.0
2023-04-27 00:00:00+05:30,2858.560812311972,2862.972928125864,2837.333728645285,2843.314453125,599461,0.0,0.0
2023-04-28 00:00:00+05:30,2862.9238561655616,2862.9238561655616,2791.0065120371614,2845.667724609375,1080665,0.0,0.0
2023-05-02 00:00:00+05:30,2854.099627603819,2876.4053242379528,2836.500235716462,2842.92236328125,663800,0.0,0.0
2023-05-03 00:00:00+05:30,2861.011945365899,2904.544725002139,2840.422071872861,2872.4833984375,1237193,0.0,0.0
2023-05-04 00:00:00+05:30,2890.4262200728544,2927.831063365797,2865.080969035857,2924.595703125,1008540,0.0,0.0
2023-05-05 00:00:00+05:30,2912.977229396251,2965.9226250163783,2893.4168950000076,2954.10791015625,1326561,0.0,0.0
2023-05-08 00:00:00+05:30,2956.1176683524873,2976.4133537233706,2934.5473238404625,2960.480712890625,941879,0.0,0.0
2023-05-09 00:00:00+05:30,2957.147189640113,3014.7498137938005,2951.9506497142806,2975.531005859375,1025850,0.0,0.0
2023-05-10 00:00:00+05:30,2983.5219740657017,2997.297629297647,2959.9416160882624,2982.002197265625,751851,0.0,0.0
2023-05-11 00:00:00+05:30,2992.444442737026,3094.511257880565,2972.295730091468,3078.431640625,3229605,0.0,0.0
2023-05-12 00:00:00+05:30,3077.695813781005,3117.6499725613735,3025.7308956126735,3069.9501953125,1998170,0.0,0.0
2023-05-15 00:00:00+05:30,3072.989750305678,3106.1296919899423,3060.096662516319,3070.832763671875,810281,0.0,0.0
2023-05-16 00:00:00+05:30,3070.832512892439,3103.8743091061942,3061.371071684449,3076.8134765625,822404,0.0,0.0
2023-05-17 00:00:00+05:30,3074.7547030298006,3086.4712746390796,3015.4853243105263,3032.05517578125,835371,0.0,0.0
2023-05-18 00:00:00+05:30,3044.99731224012,3063.969507177611,3032.8395769846866,3048.3310546875,498067,0.0,0.0
2023-05-19 00:00:00+05:30,3062.989072184875,3066.861881811993,3008.131809371581,3024.21142578125,633262,0.0,0.0
2023-05-22 00:00:00+05:30,3010.0439198306394,3044.948759405744,2986.512631858022,3024.65283203125,659425,0.0,0.0
2023-05-23 00:00:00+05:30,3026.7116218632204,3066.861830197087,3024.7506813890623,3059.655517578125,581204,0.0,0.0
2023-05-24 00:00:00+05:30,3054.1645699094693,3071.9600076897577,3037.496577072082,3040.92822265625,439465,0.0,0.0
2023-05-25 00:00:00+05:30,3040.928434998082,3067.8913664707397,3025.731146349857,3062.5478515625,500313,0.0,0.0
2023-05-26 00:00:00+05:30,3062.0082912918338,3075.685802067177,3050.9780020580733,3067.302734375,568249,0.0,0.0
2023-05-29 00:00:00+05:30,3085.735608470344,3093.3833235155194,3055.1940590442605,3076.126953125,535712,0.0,0.0
2023-05-30 00:00:00+05:30,3085.4418984118834,3093.3838036091884,3066.469941686861,3082.99072265625,506026,0.0,0.0
2023-05-31 00:00:00+05:30,3090.393006854284,3156.4768421254707,3075.1957187157363,3130.59228515625,2349066,0.0,0.0
2023-06-01 00:00:00+05:30,3172.164296123505,3186.4299457602147,3144.367870740695,3177.40966796875,1104861,0.0,0.0
2023-06-02 00:00:00+05:30,3176.135259056342,3186.479268156154,3156.1337615356397,3174.02734375,781973,0.0,0.0
2023-06-05 00:00:00+05:30,3176.674375637722,3176.674375637722,3132.602288035808,3137.259521484375,492565,0.0,0.0
2023-06-06 00:00:00+05:30,3145.103264265214,3175.6448150540446,3132.6022692938536,3150.005615234375,577698,0.0,0.0
2023-06-07 00:00:00+05:30,3154.1725971533633,3166.18335696534,3143.6325426244857,3161.8203125,470038,0.0,0.0
2023-06-08 00:00:00+05:30,3157.1142695929643,3183.5869668845826,3130.6415723013465,3149.515625,561161,0.0,0.0
2023-06-09 00:00:00+05:30,3168.0709059988744,3196.7924456241662,3127.357178388282,3139.201171875,1239045,21.25,0.0
2023-06-12 00:00:00+05:30,3143.790903025459,3160.718089804831,3110.1835203196893,3153.216796875,1029156,0.0,0.0
2023-06-13 00:00:00+05:30,3168.2683768219918,3229.46234547089,3163.481332887787,3220.431396484375,1598821,0.0,0.0
2023-06-14 00:00:00+05:30,3222.5531979383845,3247.1293878085853,3210.709204561582,3227.685546875,741615,0.0,0.0
2023-06-15 00:00:00+05:30,3233.410435035481,3261.046421659716,3230.794982688074,3251.52197265625,806994,0.0,0.0
2023-06-16 00:00:00+05:30,3248.955465269003,3278.8121988679663,3243.823116281688,3273.729248046875,984671,0.0,0.0
2023-06-19 00:00:00+05:30,3275.7033089304964,3301.4638506868446,3260.306020710608,3266.672119140625,516915,0.0,0.0
2023-06-20 00:00:00+05:30,3271.903325843176,3283.599366245303,3234.496141370281,3275.55517578125,866290,0.0,0.0
2023-06-21 00:00:00+05:30,3275.555312026165,3289.669453584717,3257.0984688957597,3272.9892578125,742456,0.0,0.0
2023-06-22 00:00:00+05:30,3281.7732927651227,3283.5993382019014,3200.2964369574242,3205.82373046875,871640,0.0,0.0
2023-06-23 00:00:00+05:30,3222.553290316352,3261.19422342919,3210.7586947671803,3254.828125,1260659,0.0,0.0
2023-06-26 00:00:00+05:30,3252.1631436389566,3272.2486785606893,3228.8698605482323,3265.14208984375,592801,0.0,0.0
2023-06-27 00:00:00+05:30,3232.4232806803875,3301.0197441940627,3230.7948279332772,3282.76025390625,914141,0.0,0.0
2023-06-28 00:00:00+05:30,3287.695206553213,3311.6299434967486,3280.2927105912954,3304.720947265625,713110,0.0,0.0
2023-06-30 00:00:00+05:30,3309.4094029921084,3404.75365336895,3300.2796573978117,3318.341796875,1436363,0.0,0.0
2023-07-03 00:00:00+05:30,3321.253545861505,3336.0091412077295,3293.8149096815546,3315.035400390625,474224,0.0,0.0
2023-07-04 00:00:00+05:30,3315.0352173031256,3342.9673517243323,3287.6953789766017,3304.17822265625,473663,0.0,0.0
2023-07-05 00:00:00+05:30,3307.780860229807,3355.798289365977,3297.31856917629,3330.531005859375,632406,0.0,0.0
2023-07-06 00:00:00+05:30,3365.6683459324954,3365.6683459324954,3324.0170145955226,3355.2060546875,693995,0.0,0.0
2023-07-07 00:00:00+05:30,3340.9933527042426,3369.6163385915165,3293.7653296035687,3300.230224609375,620761,0.0,0.0
2023-07-10 00:00:00+05:30,3301.51354558229,3328.2119320141933,3251.1271695856703,3299.6875,548838,0.0,0.0
2023-07-11 00:00:00+05:30,3306.398794949799,3355.7487679813835,3301.513195813005,3348.445068359375,772158,0.0,0.0
2023-07-12 00:00:00+05:30,3363.6944427882145,3370.011143477199,3318.539213692686,3362.460693359375,1025127,0.0,0.0
2023-07-13 00:00:00+05:30,3380.4732759927992,3380.4732759927992,3340.3518428410434,3354.3671875,750126,0.0,0.0
2023-07-14 00:00:00+05:30,3354.367042185327,3394.2911219015373,3342.967150299653,3385.161376953125,832843,0.0,0.0
2023-07-17 00:00:00+05:30,3385.161646652506,3427.849376433896,3380.4733988730472,3415.4130859375,817694,0.0,0.0
2023-07-18 00:00:00+05:30,3415.0181205858544,3477.1990863653077,3410.675419362526,3467.773193359375,962485,0.0,0.0
2023-07-19 00:00:00+05:30,3474.2380629738554,3484.1080574709404,3437.2255836097875,3468.95751953125,620289,0.0,0.0
2023-07-20 00:00:00+05:30,3464.417319747361,3489.0429067801024,3449.5135323020354,3480.159912109375,589848,0.0,0.0
2023-07-21 00:00:00+05:30,3489.981003469296,3491.9550025652466,3459.4334156528034,3471.96826171875,857975,0.0,0.0
2023-07-24 00:00:00+05:30,3460.420293496484,3521.614263318727,3453.0177971470193,3497.630126953125,680246,0.0,0.0
2023-07-25 00:00:00+05:30,3501.7755463348644,3501.7755463348644,3306.4484351636606,3356.193115234375,2555630,0.0,0.0
2023-07-26 00:00:00+05:30,3355.650447824678,3368.6293952550586,3321.2534178239885,3329.1494140625,959076,0.0,0.0
2023-07-27 00:00:00+05:30,3345.9282329142497,3369.6162204039083,3307.4352532435546,3325.595947265625,874078,0.0,0.0
2023-07-28 00:00:00+05:30,3331.1232967416404,3354.8112846295808,3320.7598020406663,3346.619140625,553750,0.0,0.0
2023-07-31 00:00:00+05:30,3279.9969436004253,3343.954564334759,3279.947545428274,3333.443115234375,933890,0.0,0.0
2023-08-01 00:00:00+05:30,3328.162374423261,3340.9933681562097,3294.604390814011,3299.489990234375,698667,0.0,0.0
2023-08-02 00:00:00+05:30,3297.7628221901955,3328.1130581127063,3287.3499288266958,3319.1806640625,857218,0.0,0.0
2023-08-03 00:00:00+05:30,3326.188266380988,3336.008863069105,3274.8148949635793,3292.975830078125,711067,0.0,0.0
2023-08-04 00:00:00+05:30,3294.7524108494918,3329.445589184532,3279.7994642379094,3296.23291015625,519248,0.0,0.0
2023-08-07 00:00:00+05:30,3272.9399606576408,3306.448547746691,3272.890562485978,3299.53955078125,360358,0.0,0.0
2023-08-08 00:00:00+05:30,3299.5395298088115,3316.2691241611687,3289.323987973879,3304.52392578125,500258,0.0,0.0
2023-08-09 00:00:00+05:30,3289.2252099080974,3313.3079011602754,3260.059326684929,3287.6953125,643222,0.0,0.0
2023-08-10 00:00:00+05:30,3266.968426167195,3276.838421412413,3188.00846420545,3195.8056640625,1253219,0.0,0.0
2023-08-11 00:00:00+05:30,3195.80559597906,3206.7119886860123,3138.6584211133827,3143.93896484375,919023,0.0,0.0
2023-08-14 00:00:00+05:30,3143.9388587486396,3168.16950296841,3111.2690798987637,3160.964599609375,815534,0.0,0.0
2023-08-16 00:00:00+05:30,3153.364683921929,3167.133520059794,3135.598692483839,3152.52587890625,597686,0.0,0.0
2023-08-17 00:00:00+05:30,3181.98764489705,3182.0864412353726,3120.8924712116154,3141.8662109375,873392,0.0,0.0
2023-08-18 00:00:00+05:30,3133.624663194375,3144.0869544380685,3113.9834692362597,3122.42236328125,592652,0.0,0.0
2023-08-21 00:00:00+05:30,3118.819776474237,3146.0610603956316,3111.1705299744517,3140.9287109375,353330,0.0,0.0
2023-08-22 00:00:00+05:30,3157.0164944796993,3157.0164944796993,3129.7752136412855,3138.362060546875,377068,0.0,0.0
2023-08-23 00:00:00+05:30,3144.5803467878536,3154.450341598864,3124.1001075550075,3127.60400390625,370811,0.0,0.0
2023-08-24 00:00:00+05:30,3143.593494291351,3190.870675259955,3129.676704570453,3183.665771484375,1167742,0.0,0.0
2023-08-25 00:00:00+05:30,3182.974563153156,3222.553339141533,3174.3877157720553,3216.927490234375,1363431,0.0,0.0
2023-08-28 00:00:00+05:30,3222.5040130703314,3229.4624078331117,3189.0448259528634,3217.322265625,707315,0.0,0.0
2023-08-29 00:00:00+05:30,3218.6055342951195,3246.2415217101034,3212.7329351627727,3242.984375,533163,0.0,0.0
2023-08-30 00:00:00+05:30,3258.381235923003,3259.9111332185,3233.8048057662763,3251.866943359375,599080,0.0,0.0
2023-08-31 00:00:00+05:30,3257.1478685442016,3259.072469446995,3178.1385074558825,3213.769287109375,1601967,0.0,0.0
2023-09-01 00:00:00+05:30,3198.96422355296,3221.7637677630373,3175.276235199626,3217.17431640625,650131,0.0,0.0
2023-09-04 00:00:00+05:30,3217.1743164788686,3223.7871650343213,3174.2892357565547,3193.486328125,696213,0.0,0.0
2023-09-05 00:00:00+05:30,3202.813348575743,3206.613393003095,3178.13836129858,3181.3955078125,597022,0.0,0.0
2023-09-06 00:00:00+05:30,3167.281488391077,3188.008478498965,3153.463494985818,3183.36962890625,754106,0.0,0.0
2023-09-07 00:00:00+05:30,3183.3696079528313,3211.449696173211,3159.6322212445616,3204.14599609375,923108,0.0,0.0
2023-09-08 00:00:00+05:30,3208.2913514739607,3220.6288455260465,3189.982462107329,3195.953857421875,395918,0.0,0.0
2023-09-11 00:00:00+05:30,3199.8524278712516,3222.553416717963,3199.8524278712516,3217.026123046875,359345,0.0,0.0
2023-09-12 00:00:00+05:30,3217.6184736228283,3237.1611125455306,3200.839481582464,3214.509521484375,554905,0.0,0.0
2023-09-13 00:00:00+05:30,3202.8134608463315,3241.947895653051,3183.3696183836823,3235.1376953125,880907,0.0,0.0
2023-09-14 00:00:00+05:30,3239.3324747379156,3251.373820874805,3181.3462520411294,3198.125244140625,1102554,0.0,0.0
2023-09-15 00:00:00+05:30,3192.943323385887,3197.8783207945207,3143.593349299552,3155.091796875,1568607,0.0,0.0
2023-09-18 00:00:00+05:30,3158.3983102115626,3187.9094980359346,3148.5283154921513,3164.616455078125,673602,0.0,0.0
2023-09-20 00:00:00+05:30,3164.6166173688275,3186.034458814985,3153.463474570594,3172.56201171875,901084,0.0,0.0
2023-09-21 00:00:00+05:30,3168.2683474406663,3218.802672888753,3139.2012607953316,3202.023681640625,845739,0.0,0.0
2023-09-22 00:00:00+05:30,3192.8939662184057,3240.911636201007,3179.2733250023402,3232.275390625,896521,0.0,0.0
2023-09-25 00:00:00+05:30,3229.7585654154523,3291.4460351848443,3228.623371391688,3280.046142578125,1422084,0.0,0.0
2023-09-26 00:00:00+05:30,3279.799279530112,3281.6744821597267,3217.963858353566,3249.991943359375,834560,0.0,0.0
2023-09-27 00:00:00+05:30,3245.2543586953525,3265.9813482125674,3229.1662186386557,3258.875,516326,0.0,0.0
2023-09-28 00:00:00+05:30,3239.135081815565,3246.2414301857248,3113.983494142889,3129.134033203125,2104381,0.0,0.0
2023-09-29 00:00:00+05:30,3153.4631722285594,3153.4631722285594,3093.256207124978,3119.95458984375,1550585,0.0,0.0
2023-10-03 00:00:00+05:30,3124.9391937390174,3185.8370143137695,3120.8923994277266,3125.679443359375,1219145,0.0,0.0
2023-10-04 00:00:00+05:30,3123.803854051831,3147.5412389642256,3110.380806142047,3128.689453125,892584,0.0,0.0
2023-10-05 00:00:00+05:30,3168.2683867872806,3190.0811720674083,3133.0325529219535,3164.567138671875,1002610,0.0,0.0
2023-10-06 00:00:00+05:30,3172.9566035503085,3175.17735239796,3148.52836622614,3154.20361328125,814257,0.0,0.0
2023-10-09 00:00:00+05:30,3099.2277683366933,3121.879358231062,3091.973225765075,3111.81201171875,700012,0.0,0.0
2023-10-10 00:00:00+05:30,3109.048553423221,3123.7547501940094,3099.2279561859036,3110.529052734375,847367,0.0,0.0
2023-10-11 00:00:00+05:30,3127.8013718914876,3143.593363671312,3111.0717787930703,3122.767578125,1025317,0.0,0.0
2023-10-12 00:00:00+05:30,3144.580464082789,3147.047962877581,3109.0978796070176,3118.0302734375,992531,0.0,0.0
2023-10-13 00:00:00+05:30,3109.0483648556287,3130.762353435573,3087.5811261459116,3107.864013671875,854688,0.0,0.0
2023-10-16 00:00:00+05:30,3083.3863925327432,3087.3343904745266,3055.8492032754734,3071.591796875,853011,0.0,0.0
2023-10-17 00:00:00+05:30,3096.2173551358214,3096.2173551358214,3051.605027029462,3073.072265625,792640,0.0,0.0
2023-10-18 00:00:00+05:30,3069.5682264034253,3074.700575244595,3049.828237809191,3056.1943359375,481985,0.0,0.0
2023-10-19 00:00:00+05:30,3047.5583083179304,3070.45664852731,3036.109258696578,3061.47509765625,568124,0.0,0.0
2023-10-20 00:00:00+05:30,3052.2958727473874,3074.6021572420873,3024.7092856478225,3065.472412109375,711434,0.0,0.0
2023-10-23 00:00:00+05:30,3055.79964039822,3068.4824385225847,3024.1662604014077,3032.062255859375,374476,0.0,0.0
2023-10-25 00:00:00+05:30,3053.1840951092972,3067.594383904267,3012.322413023109,3021.008056640625,669290,0.0,0.0
2023-10-26 00:00:00+05:30,3011.434300955283,3015.2835026571106,2901.7785590219,2921.814697265625,1834111,0.0,0.0
2023-10-27 00:00:00+05:30,2894.6721512998847,2935.977935359751,2892.895504025266,2916.7314453125,1708185,0.0,0.0
2023-10-30 00:00:00+05:30,2935.3365674772213,2953.0531606376903,2900.8903806746007,2928.5263671875,878885,0.0,0.0
2023-10-31 00:00:00+05:30,2930.4015557129533,2973.5827844305154,2927.4405571723205,2956.75439453125,1152306,0.0,0.0
2023-11-01 00:00:00+05:30,2958.9750856116657,2969.782681880435,2891.9085181703003,2896.3994140625,1029990,0.0,0.0
2023-11-02 00:00:00+05:30,2922.5547187191287,2923.4923199869677,2895.8563358682522,2916.97802734375,900125,0.0,0.0
2023-11-03 00:00:00+05:30,2923.6523737189145,2949.2601893991286,2908.821536517094,2944.267333984375,715997,5.15,0.0
2023-11-06 00:00:00+05:30,2964.1899019609345,2999.8333945231516,2950.199575863177,2995.136962890625,620959,0.0,0.0
2023-11-07 00:00:00+05:30,2995.136983199001,3004.678058341163,2968.342508095771,2999.141357421875,757998,0.0,0.0
2023-11-08 00:00:00+05:30,3023.513349272575,3064.0014866238585,3011.846375710147,3060.34326171875,783400,0.0,0.0
2023-11-09 00:00:00+05:30,3065.0393980136646,3076.3107366643426,3039.3821003625912,3045.462646484375,849702,0.0,0.0
2023-11-10 00:00:00+05:30,3035.3779154408185,3050.2087521612134,3005.815210799758,3041.755126953125,364232,0.0,0.0
2023-11-13 00:00:00+05:30,3063.0620634313027,3063.0620634313027,3030.4342235045006,3050.802001953125,405941,0.0,0.0
2023-11-15 00:00:00+05:30,3050.900849704392,3083.6771441197307,3043.979792477224,3081.056884765625,700017,0.0,0.0
2023-11-16 00:00:00+05:30,3083.82543450331,3105.4783603964793,3062.666869853248,3094.998046875,675454,0.0,0.0
2023-11-17 00:00:00+05:30,3114.475839176124,3191.8433739112133,3110.1747997956645,3133.16259765625,1430175,0.0,0.0
2023-11-20 00:00:00+05:30,3133.162402494666,3136.128569775788,3096.6786414917847,3104.9345703125,406431,0.0,0.0
2023-11-21 00:00:00+05:30,3121.2977396730585,3121.2977396730585,3091.7350355997664,3097.91455078125,409069,0.0,0.0
2023-11-22 00:00:00+05:30,3104.588537718441,3121.396819610547,3086.000507113236,3097.66748046875,489889,0.0,0.0
2023-11-23 00:00:00+05:30,3112.4982584278137,3135.6342670975414,3080.0186295382773,3087.730712890625,792460,0.0,0.0
2023-11-24 00:00:00+05:30,3082.8365228127454,3104.390719966833,3075.9154658340126,3100.78173828125,756329,0.0,0.0
2023-11-28 00:00:00+05:30,3105.725243951585,3124.362757588959,3100.7816319933745,3112.84423828125,647883,0.0,0.0
2023-11-29 00:00:00+05:30,3112.84423828125,3134.2499815053798,3106.5657545394015,3112.84423828125,620725,0.0,0.0
2023-11-30 00:00:00+05:30,3112.844434818703,3118.381135729091,3073.2955366559986,3084.715087890625,1793116,0.0,0.0
2023-12-01 00:00:00+05:30,3111.4599130242404,3154.6177906807293,3104.8355212118618,3137.611572265625,960196,0.0,0.0
2023-12-04 00:00:00+05:30,3154.0247019517265,3168.311693468369,3130.7897237398565,3158.5234375,1018189,0.0,0.0
2023-12-05 00:00:00+05:30,3160.9458336612506,3211.0245317497165,3144.1375511550755,3189.865966796875,1005550,0.0,0.0
2023-12-06 00:00:00+05:30,3228.1786864197975,3251.9080243904177,3196.4900847274034,3215.869140625,1229158,0.0,0.0
2023-12-07 00:00:00+05:30,3246.9644999055135,3262.7345745797843,3210.233557735869,3215.127685546875,1071725,0.0,0.0
2023-12-08 00:00:00+05:30,3218.291642217353,3232.9247830615814,3191.3984392910347,3195.551025390625,895852,0.0,0.0
2023-12-11 00:00:00+05:30,3193.5736274660244,3208.4044647452783,3149.575476870904,3196.539794921875,910426,0.0,0.0
2023-12-12 00:00:00+05:30,3191.5961605550815,3220.318596832585,3173.799155942321,3188.3828125,1019030,0.0,0.0
2023-12-13 00:00:00+05:30,3203.460839576125,3218.2421923948523,3154.321380530462,3207.069580078125,1052079,0.0,0.0
2023-12-14 00:00:00+05:30,3218.2916193715696,3221.8511167958486,3181.7088882143503,3204.795654296875,923107,0.0,0.0
2023-12-15 00:00:00+05:30,3213.347834133187,3288.8368867299773,3205.4380548491667,3276.527099609375,1631687,0.0,0.0
2023-12-18 00:00:00+05:30,3275.6374454804145,3298.1803654019927,3258.8291639913814,3294.47265625,911936,0.0,0.0
2023-12-19 00:00:00+05:30,3298.3285214370694,3316.076040667027,3262.9322103871496,3298.427490234375,780448,0.0,0.0
2023-12-20 00:00:00+05:30,3298.4275118235264,3322.0578813523684,3245.6295892140197,3259.966064453125,979762,0.0,0.0
2023-12-21 00:00:00+05:30,3243.009552229848,3282.5584492082608,3234.9515610254202,3265.70068359375,1585879,0.0,0.0
2023-12-22 00:00:00+05:30,3272.572378086064,3313.0112715854293,3249.930730277332,3303.618408203125,930563,0.0,0.0
2023-12-26 00:00:00+05:30,3312.1706181805675,3353.647475366744,3307.4741866918366,3345.194091796875,600190,0.0,0.0
2023-12-27 00:00:00+05:30,3342.9201431857036,3371.4941259087655,3316.1751521930273,3366.05615234375,837182,0.0,0.0
2023-12-28 00:00:00+05:30,3366.6000993450584,3381.3814523848346,3335.0104638709604,3358.9375,779250,0.0,0.0
2023-12-29 00:00:00+05:30,3371.5436843393086,3384.347592282428,3345.7379308455934,3364.029296875,615676,0.0,0.0
2024-01-01 00:00:00+05:30,3364.62262571973,3373.323431889153,3350.9287227098425,3357.800537109375,283951,0.0,0.0
2024-01-02 00:00:00+05:30,3357.7014667802177,3360.5686653529883,3307.276621431045,3353.10400390625,552394,0.0,0.0
2024-01-03 00:00:00+05:30,3353.104022944824,3360.667653235218,3327.0510894782315,3335.55419921875,379131,0.0,0.0
2024-01-04 00:00:00+05:30,3333.972224042068,3362.8923567684114,3325.864747931293,3341.83251953125,777127,0.0,0.0
2024-01-05 00:00:00+05:30,3341.832495611715,3342.2773724499325,3310.242860675742,3317.707763671875,416956,0.0,0.0
2024-01-08 00:00:00+05:30,3317.1639376514686,3338.421471082022,3257.6923767251064,3261.2021484375,545884,0.0,0.0
2024-01-09 00:00:00+05:30,3272.6713392729052,3277.6149515678794,3225.459841855902,3230.650634765625,670704,0.0,0.0
2024-01-10 00:00:00+05:30,3254.874294749036,3255.8630171958007,3221.4554277709294,3249.782470703125,691087,0.0,0.0
2024-01-11 00:00:00+05:30,3249.782556993819,3271.880359433376,3233.8145442221867,3251.1171875,537469,0.0,0.0
2024-01-12 00:00:00+05:30,3257.7909660025066,3257.7909660025066,3207.415605798031,3240.83447265625,673004,0.0,0.0
2024-01-15 00:00:00+05:30,3245.18471594215,3250.128328098965,3221.851011394371,3236.978271484375,728116,0.0,0.0
2024-01-16 00:00:00+05:30,3238.016584339055,3282.558579607885,3236.9783774746666,3259.718994140625,748215,0.0,0.0
2024-01-17 00:00:00+05:30,3256.95073471425,3267.085139875336,3157.0402823853005,3205.73486328125,2239241,0.0,0.0
2024-01-18 00:00:00+05:30,3221.2083171645063,3221.2083171645063,3014.219413268319,3128.169677734375,1979174,0.0,0.0
2024-01-19 00:00:00+05:30,3141.9624023703154,3165.4445616974303,3113.091753706655,3130.147216796875,936201,0.0,0.0
2024-01-23 00:00:00+05:30,3052.729871289691,3073.937918331695,2987.4741933836467,3020.250244140625,2365225,0.0,0.0
2024-01-24 00:00:00+05:30,3020.547116101284,3020.547116101284,2942.5370105415172,2965.62353515625,2665932,0.0,0.0
2024-01-25 00:00:00+05:30,2976.1040428600445,2981.986893128375,2909.1180972335696,2915.940185546875,2001961,0.0,0.0
2024-01-29 00:00:00+05:30,2906.893298796886,2954.7473657171245,2906.893298796886,2942.4873046875,1862723,0.0,0.0
2024-01-30 00:00:00+05:30,2956.280196502577,2971.1110336087772,2917.769504427608,2920.78515625,1273188,0.0,0.0
2024-01-31 00:00:00+05:30,2932.5509116778594,2938.3842778265357,2914.8033912214687,2924.492919921875,1771244,0.0,0.0
2024-02-01 00:00:00+05:30,2927.607178010001,2939.323635611675,2887.0200731106834,2896.314208984375,3006472,0.0,0.0
2024-02-02 00:00:00+05:30,2916.7312403628976,2928.9420592291744,2891.0739409497114,2903.185791015625,1881911,0.0,0.0
2024-02-05 00:00:00+05:30,2916.7311535092867,2931.561989883063,2879.1597013623873,2884.449462890625,923435,0.0,0.0
2024-02-06 00:00:00+05:30,2897.9454804933644,2913.7650395816936,2869.915102678804,2897.89599609375,1471312,0.0,0.0
2024-02-07 00:00:00+05:30,2923.6522349495817,2969.0839824773043,2902.938548251666,2947.52978515625,1134012,0.0,0.0
2024-02-08 00:00:00+05:30,2965.920310039249,2965.920310039249,2886.8719946905335,2896.5615234375,1633654,0.0,0.0
2024-02-09 00:00:00+05:30,2896.956804151015,2925.629755454899,2877.7262006057017,2918.362548828125,1144765,0.0,0.0
2024-02-12 00:00:00+05:30,2918.36262721481,2931.512684546918,2887.1191415113612,2920.488525390625,614469,0.0,0.0
2024-02-13 00:00:00+05:30,2931.5124975440904,2947.6287213040705,2912.4795909159634,2938.087646484375,717118,0.0,0.0
2024-02-14 00:00:00+05:30,2936.4067999668127,2947.184019842841,2902.93868881508,2942.83349609375,750339,0.0,0.0
2024-02-15 00:00:00+05:30,2946.3929078102583,2990.391056936955,2933.984392756614,2982.53076171875,1068730,0.0,0.0
2024-02-16 00:00:00+05:30,3000.772501091283,3000.772501091283,2966.1672168941845,2973.97802734375,1179473,0.0,0.0
2024-02-19 00:00:00+05:30,2973.9781050779775,2984.6563556153674,2953.8082640308176,2964.288818359375,560700,0.0,0.0
2024-02-20 00:00:00+05:30,2964.288795283284,2983.074521335063,2938.58201226506,2977.685791015625,729371,0.0,0.0
2024-02-21 00:00:00+05:30,2978.081671307528,2992.6158438625653,2949.8535954948256,2967.947265625,927130,0.0,0.0
2024-02-22 00:00:00+05:30,2949.3588958733,2993.060377330201,2899.033022666253,2983.370849609375,2615821,0.0,0.0
2024-02-23 00:00:00+05:30,2965.1787557139146,2971.111090670328,2932.748609674723,2952.27587890625,1650523,0.0,0.0
2024-02-26 00:00:00+05:30,2887.069520053798,2896.956744437544,2815.6838082806153,2836.100830078125,3524491,0.0,0.0
2024-02-27 00:00:00+05:30,2822.8025342027813,2837.63337063467,2817.9578908566223,2827.30126953125,1296180,0.0,0.0
2024-02-28 00:00:00+05:30,2818.00718942636,2827.152872073002,2754.0863796996205,2762.836669921875,2472196,0.0,0.0
2024-02-29 00:00:00+05:30,2753.591923071,2805.994211014541,2745.43496315526,2790.07568359375,2284424,0.0,0.0
2024-03-01 00:00:00+05:30,2800.9516314873786,2813.8545072740894,2783.3030812209054,2799.814697265625,978174,0.0,0.0
2024-03-04 00:00:00+05:30,2827.746105475302,2828.6853434916175,2796.106988211243,2799.814697265625,971299,0.0,0.0
2024-03-05 00:00:00+05:30,2802.039495659674,2802.880006318806,2773.3665438692256,2788.5927734375,736381,0.0,0.0
2024-03-06 00:00:00+05:30,2796.057612101889,2806.9830434827286,2746.4237932490837,2795.4150390625,1723066,0.0,0.0
2024-03-07 00:00:00+05:30,2793.140890711192,2861.3627390152883,2793.140890711192,2838.17724609375,1564364,0.0,0.0
2024-03-11 00:00:00+05:30,2862.8953113630896,2863.8840338037608,2820.924092034058,2844.40625,866546,0.0,0.0
2024-03-12 00:00:00+05:30,2847.5207894940118,2867.1962706164873,2833.1348288946233,2843.714111328125,663186,0.0,0.0
2024-03-13 00:00:00+05:30,2846.1366542876626,2854.689007265278,2803.028257198741,2827.89453125,955841,0.0,0.0
2024-03-14 00:00:00+05:30,2827.746268651677,2865.3672069718673,2808.9605416921027,2859.632568359375,1381741,0.0,0.0
2024-03-15 00:00:00+05:30,2862.3515653036043,2864.27952585251,2817.859053925828,2835.211181640625,1356226,0.0,0.0
2024-03-18 00:00:00+05:30,2833.67852516248,2833.67852516248,2785.4783060062796,2814.3984375,940424,0.0,0.0
2024-03-19 00:00:00+05:30,2807.971876693855,2807.971876693855,2769.4116995139043,2783.352783203125,1199135,0.0,0.0
2024-03-20 00:00:00+05:30,2783.352705149501,2805.0551149583043,2766.000577627664,2793.0419921875,818910,0.0,0.0
2024-03-21 00:00:00+05:30,2812.9153553783804,2813.3107478013635,2774.3551800322443,2789.334228515625,1167680,0.0,0.0
2024-03-22 00:00:00+05:30,2789.3342356270264,2822.950798835004,2776.3326320000438,2809.454833984375,1652689,0.0,0.0
2024-03-26 00:00:00+05:30,2788.197476824573,2812.075028874362,2778.3102517294506,2782.90771484375,1372390,0.0,0.0
2024-03-27 00:00:00+05:30,2786.1703425623086,2810.7896760715403,2785.9231619531033,2798.578857421875,1156231,0.0,0.0
2024-03-28 00:00:00+05:30,2803.077747083018,2835.656104892092,2787.2087028210626,2814.645751953125,1864623,0.0,0.0
2024-04-01 00:00:00+05:30,2828.685604991314,2853.8980288918906,2820.1827362729296,2838.622314453125,558086,0.0,0.0
2024-04-02 00:00:00+05:30,2841.6376768660216,2859.7805881685695,2823.7911891751805,2841.785888671875,562473,0.0,0.0
2024-04-03 00:00:00+05:30,2812.915477665092,2852.0195003332974,2812.915477665092,2836.990966796875,816676,0.0,0.0
2024-04-04 00:00:00+05:30,2837.633330954643,2910.0572478509594,2819.0947856740163,2885.388671875,1831347,0.0,0.0
2024-04-05 00:00:00+05:30,2891.0243834125095,2894.732092522563,2847.520596521213,2850.931640625,1155672,0.0,0.0
2024-04-08 00:00:00+05:30,2875.2048127107105,2876.144050737263,2841.390554043638,2859.38525390625,570695,0.0,0.0
2024-04-09 00:00:00+05:30,2860.3740186822292,2883.559511620839,2812.9153415661744,2824.92822265625,1017670,0.0,0.0
2024-04-10 00:00:00+05:30,2850.783518294711,2866.4053814461986,2825.7687917696016,2864.081787109375,740495,0.0,0.0
2024-04-12 00:00:00+05:30,2857.407750851178,2860.3739180665943,2812.915242619931,2822.30810546875,1766311,0.0,0.0
2024-04-15 00:00:00+05:30,2798.2822110653965,2821.3194922743446,2780.633660282893,2812.322021484375,884519,0.0,0.0
2024-04-16 00:00:00+05:30,2795.760878394349,2809.4052961851175,2788.1972483712457,2798.08447265625,911249,0.0,0.0
2024-04-18 00:00:00+05:30,2822.802507386956,2826.955093270974,2768.5217431168207,2776.035888671875,1732434,0.0,0.0
2024-04-19 00:00:00+05:30,2758.5356152534014,2790.273702220383,2734.954488439051,2776.87646484375,1337807,0.0,0.0
2024-04-22 00:00:00+05:30,2814.497457085461,2814.497457085461,2782.314492667595,2809.801025390625,676040,0.0,0.0
2024-04-23 00:00:00+05:30,2819.836622368816,2845.493923442846,2811.9268422219184,2842.478271484375,929062,0.0,0.0
2024-04-24 00:00:00+05:30,2850.437223761471,2850.585676955362,2827.746092728402,2835.40869140625,718441,0.0,0.0
2024-04-25 00:00:00+05:30,2832.689944771123,2837.5345884358703,2797.1454193960503,2829.179931640625,1594152,0.0,0.0
2024-04-26 00:00:00+05:30,2837.633523891472,2845.7409999679826,2805.0551663807055,2812.074951171875,625507,0.0,0.0
2024-04-29 00:00:00+05:30,2812.0749359204046,2841.5389140073958,2806.983111719661,2835.853759765625,566219,0.0,0.0
2024-04-30 00:00:00+05:30,2822.8025942287427,2879.159773868336,2822.8025942287427,2843.466796875,1290649,0.0,0.0
2024-05-02 00:00:00+05:30,2842.6760564073575,2954.3027261796315,2842.6760564073575,2941.8447265625,2493406,0.0,0.0
2024-05-03 00:00:00+05:30,2949.40867382262,2963.2013042888416,2876.4409057398443,2896.709716796875,1594445,0.0,0.0
2024-05-06 00:00:00+05:30,2916.731312331985,2925.6298146407944,2878.368831878764,2899.08251953125,768806,0.0,0.0
2024-05-07 00:00:00+05:30,2913.765000107278,2934.4786867304765,2871.249935633368,2880.1484375,629534,0.0,0.0
2024-05-08 00:00:00+05:30,2867.295134352044,2872.238746652651,2789.186060002454,2811.234619140625,1652877,0.0,0.0
2024-05-09 00:00:00+05:30,2796.1071480113183,2821.764447856518,2673.3078653895586,2679.536865234375,3547959,0.0,0.0
2024-05-10 00:00:00+05:30,2668.561873801872,2761.106391026622,2639.987891752547,2739.9970703125,2478584,0.0,0.0
2024-05-13 00:00:00+05:30,2739.9970304385297,2862.3514309858524,2723.0405373418457,2846.779052734375,2748823,0.0,0.0
2024-05-14 00:00:00+05:30,2846.531839775123,2855.4303415319746,2809.949110330288,2833.82666015625,999330,0.0,0.0
2024-05-15 00:00:00+05:30,2833.8267050570607,2841.8354533200463,2774.503359071429,2781.96826171875,1230520,0.0,0.0
2024-05-16 00:00:00+05:30,2789.2355102611323,2805.598915053308,2755.124585804481,2782.314453125,1534319,0.0,0.0
2024-05-17 00:00:00+05:30,2782.858370375779,2806.192075917212,2754.6797798819634,2778.211181640625,1325150,0.0,0.0
2024-05-21 00:00:00+05:30,2783.2536382029134,2834.617720122482,2769.411524194089,2819.638671875,921822,0.0,0.0
2024-05-22 00:00:00+05:30,2819.638731641434,2862.3514932108474,2804.6101986764775,2853.205810546875,933846,0.0,0.0
2024-05-23 00:00:00+05:30,2852.464140440029,2888.305327646598,2844.851026193612,2871.002685546875,1181894,0.0,0.0
2024-05-24 00:00:00+05:30,2877.380243351153,2877.380243351153,2834.667478557918,2842.330078125,755822,0.0,0.0
2024-05-27 00:00:00+05:30,2855.331641173289,2865.6145001136465,2823.3466127948745,2839.90771484375,817091,0.0,0.0
2024-05-28 00:00:00+05:30,2843.417700908236,2888.058425271138,2831.7012427170625,2878.368896484375,1084544,0.0,0.0
2024-05-29 00:00:00+05:30,2863.340257701523,2888.7503767662306,2848.6083895327797,2867.443359375,1758297,0.0,0.0
2024-05-30 00:00:00+05:30,2842.824055010166,2878.0226686882456,2842.576874412391,2851.1787109375,1344426,0.0,0.0
2024-05-31 00:00:00+05:30,2851.178837337331,2873.2273959137883,2823.3958817481166,2848.70703125,2520363,0.0,0.0
2024-06-03 00:00:00+05:30,2916.731096273999,2916.731096273999,2827.795564175241,2834.123291015625,952701,0.0,0.0
2024-06-04 00:00:00+05:30,2847.520650693118,2864.328932311793,2744.4463354727163,2825.422607421875,2683847,0.0,0.0
2024-06-05 00:00:00+05:30,2832.1956134151183,2993.1596853839724,2832.1956134151183,2928.348876953125,2410576,0.0,0.0
2024-06-06 00:00:00+05:30,2926.6184464846833,2928.348710768923,2849.7452761420536,2872.041015625,1689408,0.0,0.0
2024-06-07 00:00:00+05:30,2872.0409700394675,2909.909087479518,2856.2708955194557,2894.6826171875,1600180,0.0,0.0
2024-06-10 00:00:00+05:30,2894.9795266952315,2918.6098982714516,2882.1261339879097,2904.421875,876867,0.0,0.0
2024-06-11 00:00:00+05:30,2910.0119721393103,2915.3529149289507,2890.0461953150266,2897.4833984375,855430,28.15,0.0
2024-06-12 00:00:00+05:30,2904.0223565358783,2913.0069564701594,2860.7464360299437,2900.827880859375,1701770,0.0,0.0
2024-06-13 00:00:00+05:30,2923.9879956641967,2923.9879956641967,2900.029063641001,2905.0205078125,726380,0.0,0.0
2024-06-14 00:00:00+05:30,2905.0205818161035,2926.3341464604987,2900.12906389257,2916.600830078125,982815,0.0,0.0
2024-06-18 00:00:00+05:30,2916.6008965404594,2922.9898478991777,2900.029203602155,2913.506103515625,741098,0.0,0.0
2024-06-19 00:00:00+05:30,2913.0069998462563,2915.00357763916,2877.7173898675364,2886.751953125,1018294,0.0,0.0
2024-06-20 00:00:00+05:30,2880.0634196200804,2919.495830391308,2867.48488223935,2910.51123046875,1129752,0.0,0.0
2024-06-21 00:00:00+05:30,2919.9950329036874,2922.9898996041015,2875.171958776641,2885.903564453125,1722379,0.0,0.0
2024-06-24 00:00:00+05:30,2878.0667641413866,2894.987711460704,2866.486515953649,2891.094482421875,892125,0.0,0.0
2024-06-25 00:00:00+05:30,2871.0788567100476,2889.9963824907354,2851.1130788469736,2853.558837890625,1217792,0.0,0.0
2024-06-26 00:00:00+05:30,2855.3056833822648,2868.9324722436054,2839.183416150813,2858.450439453125,960622,0.0,0.0
2024-06-27 00:00:00+05:30,2855.8549500625513,2898.032655783129,2840.131900001034,2875.920654296875,1628022,0.0,0.0
2024-06-28 00:00:00+05:30,2860.097609379526,2926.9829635953824,2857.302351802051,2912.05859375,1206712,0.0,0.0
2024-07-01 00:00:00+05:30,2884.3561606446665,2933.9710701119193,2883.0583363331825,2922.790283203125,1104110,0.0,0.0
2024-07-02 00:00:00+05:30,2922.7901808939437,2930.9761008233318,2907.017168119054,2920.593994140625,1064295,0.0,0.0
2024-07-03 00:00:00+05:30,2924.686746481987,2943.9038065250325,2911.010238208911,2920.5439453125,925189,0.0,0.0
2024-07-04 00:00:00+05:30,2934.969300452944,2963.3705702790794,2917.998389531958,2929.8779296875,968666,0.0,0.0
2024-07-05 00:00:00+05:30,2932.1240818011665,2941.857398365891,2908.115429253143,2930.876220703125,817429,0.0,0.0
2024-07-08 00:00:00+05:30,2930.8760771430766,2930.8760771430766,2885.7534707926598,2893.190673828125,828260,0.0,0.0
2024-07-09 00:00:00+05:30,2903.9722448704574,2908.214972400275,2885.054720276194,2900.029052734375,685431,0.0,0.0
2024-07-10 00:00:00+05:30,2895.087800526693,3009.3419174659725,2889.3976024875383,2991.32275390625,2299950,0.0,0.0
2024-07-11 00:00:00+05:30,2993.868299220322,3024.8152539638468,2967.912788790269,3016.87890625,1968980,0.0,0.0
2024-07-12 00:00:00+05:30,3019.8239320419407,3046.7777324271087,2965.816404892139,2994.01806640625,1879930,0.0,0.0
2024-07-15 00:00:00+05:30,2993.8684407799815,2993.8684407799815,2927.5321914619267,2951.441162109375,2425341,0.0,0.0
2024-07-16 00:00:00+05:30,2953.9368368971186,3010.7893406572043,2936.4667812547737,2969.3603515625,2085611,0.0,0.0
2024-07-18 00:00:00+05:30,2870.0804088800546,2952.838456050443,2837.136877230301,2926.53369140625,5384611,0.0,0.0
2024-07-19 00:00:00+05:30,2919.9950033235214,2974.9008922749035,2912.2582644258264,2941.009033203125,2164746,0.0,0.0
2024-07-22 00:00:00+05:30,2931.9743839137263,2968.262281489786,2912.158252539429,2929.279052734375,1616347,0.0,0.0
2024-07-23 00:00:00+05:30,2929.279119992241,2942.2568754794843,2881.0617181681373,2892.142822265625,1906312,0.0,0.0
2024-07-24 00:00:00+05:30,2896.0360603609356,2921.9915714155322,2881.2613360929754,2907.81591796875,1476148,0.0,0.0
2024-07-25 00:00:00+05:30,2887.1014477989784,2903.7228604131305,2880.313034567769,2896.435302734375,1239922,0.0,0.0
2024-07-26 00:00:00+05:30,2897.233904161355,2959.377386198566,2895.7364708592536,2945.101806640625,1359780,0.0,0.0
2024-07-29 00:00:00+05:30,2947.996963840532,2960.026393336161,2930.9760900498586,2949.64404296875,854408,0.0,0.0
2024-07-30 00:00:00+05:30,2968.411897006057,3027.6104745861635,2964.917886029255,2999.907958984375,2144591,0.0,0.0
2024-07-31 00:00:00+05:30,2999.9080787348225,3092.6989823496406,2999.9080787348225,3079.172119140625,3549501,0.0,0.0
2024-08-01 00:00:00+05:30,3082.7159549735493,3123.595834453124,3057.559124810954,3094.046630859375,1675122,0.0,0.0
2024-08-02 00:00:00+05:30,3064.7468798337263,3123.6958872930177,3054.763990974333,3101.384033203125,1348780,0.0,0.0
2024-08-05 00:00:00+05:30,3064.69686422285,3139.6184925756274,3050.0720297831476,3088.106689453125,2019141,0.0,0.0
2024-08-06 00:00:00+05:30,3096.392419626358,3129.635486456738,3080.7692969040027,3096.4423828125,885743,0.0,0.0
2024-08-07 00:00:00+05:30,3096.4426018214294,3113.163940930161,3054.8140033520276,3096.14306640625,1907105,0.0,0.0
2024-08-08 00:00:00+05:30,3074.7297726959237,3084.4131261575667,2985.282990910166,3000.25732421875,1280109,0.0,0.0
2024-08-09 00:00:00+05:30,3033.7998571256285,3047.526329003048,2960.9247700673295,3035.397216796875,1665414,0.0,0.0
2024-08-12 00:00:00+05:30,3014.8324435804616,3078.722932451041,2998.560285951661,3047.9755859375,1736881,0.0,0.0
2024-08-13 00:00:00+05:30,3049.672675754675,3054.564437618665,3007.8444681605442,3018.37646484375,502260,0.0,0.0
2024-08-14 00:00:00+05:30,3029.606999593386,3029.606999593386,2988.9267296424537,3020.67236328125,454671,0.0,0.0
2024-08-16 00:00:00+05:30,3048.7741693339535,3048.7741693339535,2997.861437626019,3042.93408203125,514229,0.0,0.0
2024-08-19 00:00:00+05:30,3048.7242788370145,3082.56641813055,3033.1511185299382,3071.0361328125,542858,0.0,0.0
2024-08-20 00:00:00+05:30,3090.7022616444547,3101.0346486710737,3072.7330624488472,3097.889892578125,668282,0.0,0.0
2024-08-21 00:00:00+05:30,3095.693677210704,3165.1746776130585,3078.7727302027056,3146.1572265625,1186536,0.0,0.0
2024-08-22 00:00:00+05:30,3161.5809012869286,3193.1766470329335,3150.6496867321375,3181.1474609375,1540888,0.0,0.0
2024-08-23 00:00:00+05:30,3184.5415629179583,3193.126944871401,3143.3621461560883,3149.251953125,779284,0.0,0.0
2024-08-26 00:00:00+05:30,3149.6014630653935,3172.013000008875,3136.124562985716,3165.923583984375,472874,0.0,0.0
2024-08-27 00:00:00+05:30,3148.6031508807127,3198.168096651306,3144.609995331086,3160.7822265625,1003501,0.0,0.0
2024-08-28 00:00:00+05:30,3147.554836137908,3160.083410169998,3113.463368800865,3120.15185546875,538366,0.0,0.0
2024-08-29 00:00:00+05:30,3120.151945046598,3138.5703264367567,3087.4080205069413,3110.5185546875,849866,0.0,0.0
2024-08-30 00:00:00+05:30,3124.6941458790916,3161.3312988932234,3105.377158634332,3121.44970703125,1567031,0.0,0.0
2024-09-02 00:00:00+05:30,3142.613446109343,3178.5518463825124,3134.227916868087,3145.558349609375,702358,0.0,0.0
2024-09-03 00:00:00+05:30,3159.534231257093,3169.117901658295,3142.114139656311,3149.45166015625,577471,0.0,0.0
2024-09-04 00:00:00+05:30,3150.1005175102996,3246.4353931052115,3150.1005175102996,3226.1201171875,2379110,0.0,0.0
2024-09-05 00:00:00+05:30,3234.455989925114,3251.426900983363,3211.4953455521886,3232.708984375,1482119,0.0,0.0
2024-09-06 00:00:00+05:30,3232.459281494063,3280.2772197008926,3219.831025088551,3268.09814453125,2131256,0.0,0.0
2024-09-09 00:00:00+05:30,3268.0982451472332,3308.329335601139,3252.4251585360626,3275.13623046875,1272289,0.0,0.0
2024-09-10 00:00:00+05:30,3284.370457580748,3304.336235438381,3265.3030422375577,3289.411865234375,928920,0.0,0.0
2024-09-11 00:00:00+05:30,3309.327542625557,3377.161221338422,3309.327542625557,3361.687744140625,2561892,0.0,0.0
2024-09-12 00:00:00+05:30,3364.2336095100864,3387.1942543227665,3334.5844777791576,3377.4609375,1643536,0.0,0.0
2024-09-13 00:00:00+05:30,3349.808232928117,3363.9339228080153,3315.2173776952886,3352.303955078125,1029400,0.0,0.0
2024-09-16 00:00:00+05:30,3354.2505827779646,3389.0907666396956,3324.900987667804,3330.092041015625,1019280,0.0,0.0
2024-09-17 00:00:00+05:30,3330.0919911828646,3344.1677177198103,3296.1501703174345,3307.13134765625,586834,0.0,0.0
2024-09-18 00:00:00+05:30,3307.131498417973,3319.1609283411776,3245.9863036303323,3269.046630859375,410510,0.0,0.0
2024-09-19 00:00:00+05:30,3288.363513027726,3314.319023452353,3269.396024640499,3288.2138671875,963456,0.0,0.0
2024-09-20 00:00:00+05:30,3298.3463564062636,3319.1108132056943,3260.4613433392087,3301.291259765625,1504277,0.0,0.0
2024-09-23 00:00:00+05:30,3311.2742071030652,3319.2105548474315,3267.5990691922334,3271.841796875,522775,0.0,0.0
2024-09-24 00:00:00+05:30,3271.841893911838,3292.1072072480697,3235.554238770848,3242.841552734375,1057933,0.0,0.0
2024-09-25 00:00:00+05:30,3246.435348086332,3246.435348086332,3201.2627775140973,3239.19775390625,740636,0.0,0.0
2024-09-26 00:00:00+05:30,3244.4388639714957,3280.227617852453,3221.5781460806606,3271.442626953125,951080,0.0,0.0
2024-09-27 00:00:00+05:30,3285.3187920610626,3332.2383701518465,3271.4426739020873,3305.0849609375,1315996,0.0,0.0
2024-09-30 00:00:00+05:30,3305.0848662554413,3352.254015218839,3299.494351111373,3323.403564453125,1088162,0.0,0.0
2024-10-01 00:00:00+05:30,3311.324244455426,3323.2537479331136,3238.499118755315,3271.7421875,968660,0.0,0.0
2024-10-03 00:00:00+05:30,3186.8375534821475,3220.3799127019206,3121.150098224486,3143.9111328125,1741363,0.0,0.0
2024-10-04 00:00:00+05:30,3129.635483545438,3151.3482656083133,3049.3231958781344,3067.242431640625,1551818,0.0,0.0
2024-10-07 00:00:00+05:30,3069.7381925150776,3093.2479435145215,3032.8015053205872,3057.010009765625,909812,0.0,0.0
2024-10-08 00:00:00+05:30,3052.76748282999,3093.69732808703,3040.438517318291,3082.76611328125,817718,0.0,0.0
2024-10-09 00:00:00+05:30,3090.2531625058464,3141.3155407540926,3066.4938386381064,3073.581787109375,1225598,0.0,0.0
2024-10-10 00:00:00+05:30,3084.7624692737722,3089.7039502719617,3037.792930752045,3053.865478515625,1161933,0.0,0.0
2024-10-11 00:00:00+05:30,3053.965284990248,3058.757120346331,3020.822143005221,3032.0029296875,976017,0.0,0.0
2024-10-14 00:00:00+05:30,3031.8032393509247,3049.7724386621912,3012.0370713639586,3033.949462890625,716011,0.0,0.0
2024-10-15 00:00:00+05:30,3069.7381910080535,3091.5009365213987,3042.434893673683,3061.851806640625,1242322,0.0,0.0
2024-10-16 00:00:00+05:30,3082.7159786196157,3098.2394190311365,3060.853550224121,3076.826171875,764001,0.0,0.0
2024-10-17 00:00:00+05:30,3077.624612288031,3079.7211163717902,3031.803251352067,3050.62109375,674481,0.0,0.0
2024-10-18 00:00:00+05:30,3051.769161835095,3063.7486286136427,2975.499987500823,2987.030029296875,899318,0.0,0.0
2024-10-21 00:00:00+05:30,3001.904642827151,3051.769123928912,2995.415765069369,3043.982421875,806970,0.0,0.0
2024-10-22 00:00:00+05:30,3048.77430229705,3052.7174947096696,2990.1248293894037,3001.705078125,541838,0.0,0.0
2024-10-23 00:00:00+05:30,2994.816689579249,3021.3213082008206,2966.964527197655,2984.584228515625,624689,0.0,0.0
2024-10-24 00:00:00+05:30,2984.584215209229,2997.162752583924,2945.9504843053396,2966.91455078125,571259,0.0,0.0
2024-10-25 00:00:00+05:30,2970.40853178219,3010.390049758112,2946.9487433443205,2952.9384765625,1047769,0.0,0.0
2024-10-28 00:00:00+05:30,2982.7872979549684,3016.52951141925,2957.9799650974296,2996.713623046875,504961,0.0,0.0
2024-10-29 00:00:00+05:30,3014.8324497985677,3022.818760923862,2936.067553814503,2987.72900390625,613459,0.0,0.0
2024-10-30 00:00:00+05:30,3000.856315133159,3000.856315133159,2958.4790017428677,2991.522216796875,812725,0.0,0.0
2024-10-31 00:00:00+05:30,2989.0765727678768,2991.372685980249,2914.005296304471,2930.626708984375,1031171,0.0,0.0
2024-11-01 00:00:00+05:30,2952.93842525918,2960.675163864913,2924.9863373933053,2934.819580078125,112249,0.0,0.0
2024-11-04 00:00:00+05:30,2957.081209670205,2957.081209670205,2880.5624670622037,2910.3115234375,1146008,0.0,0.0
2024-11-05 00:00:00+05:30,2890.046395004524,2913.805719811659,2867.784503562677,2882.359619140625,935417,0.0,0.0
2024-11-06 00:00:00+05:30,2885.553872345962,2902.874281091014,2855.106062933559,2892.34228515625,1817087,0.0,0.0
2024-11-07 00:00:00+05:30,2895.0377068155326,2899.979187949834,2820.1660419840964,2837.985595703125,1112489,0.0,0.0
2024-11-08 00:00:00+05:30,2837.9857340959034,2842.128535596117,2757.673196058693,2764.711181640625,2060410,0.0,0.0
2024-11-11 00:00:00+05:30,2560.660927214945,2594.3032135532935,2501.7119204096407,2538.74853515625,8854840,0.0,0.0
2024-11-12 00:00:00+05:30,2530.6622106413092,2530.6622106413092,2465.7734360094805,2470.615234375,3445898,0.0,0.0
2024-11-13 00:00:00+05:30,2465.773560632653,2493.7256495790957,2446.9059980829534,2466.272705078125,1803766,0.0,0.0
2024-11-14 00:00:00+05:30,2478.5516240398592,2497.469149144104,2461.97993151692,2478.90087890625,1206967,0.0,0.0
2024-11-18 00:00:00+05:30,2515.687884925493,2515.687884925493,2466.572122583425,2479.449951171875,945471,0.0,0.0
2024-11-19 00:00:00+05:30,2488.0,2503.199951171875,2472.35009765625,2483.699951171875,941508,4.25,0.0
2024-11-21 00:00:00+05:30,2454.699951171875,2465.949951171875,2425.0,2428.14990234375,1377572,0.0,0.0
2024-11-22 00:00:00+05:30,2430.0,2493.949951171875,2422.949951171875,2472.199951171875,3805843,0.0,0.0
2024-11-25 00:00:00+05:30,2505.0,2507.949951171875,2450.050048828125,2459.699951171875,1857124,0.0,0.0
2024-11-26 00:00:00+05:30,2459.89990234375,2518.0,2457.60009765625,2505.0,1152258,0.0,0.0
2024-11-27 00:00:00+05:30,2517.5,2517.64990234375,2480.0,2491.89990234375,864653,0.0,0.0
2024-11-28 00:00:00+05:30,2500.0,2506.0,2453.300048828125,2458.050048828125,1506133,0.0,0.0
2024-11-29 00:00:00+05:30,2458.050048828125,2491.5,2455.050048828125,2479.60009765625,1030854,0.0,0.0
2024-12-02 00:00:00+05:30,2479.60009765625,2486.0,2461.35009765625,2479.050048828125,914624,0.0,0.0
2024-12-03 00:00:00+05:30,2494.0,2494.0,2463.5,2469.39990234375,1341985,0.0,0.0
2024-12-04 00:00:00+05:30,2478.89990234375,2479.10009765625,2453.199951171875,2459.449951171875,1005012,0.0,0.0
2024-12-05 00:00:00+05:30,2465.0,2466.89990234375,2423.89990234375,2452.199951171875,3190834,0.0,0.0
2024-12-06 00:00:00+05:30,2468.0,2468.0,2427.0,2429.699951171875,1735948,0.0,0.0
2024-12-09 00:00:00+05:30,2438.14990234375,2439.0,2387.0,2391.85009765625,2301281,0.0,0.0
2024-12-10 00:00:00+05:30,2399.89990234375,2404.64990234375,2385.050048828125,2388.89990234375,1657888,0.0,0.0
2024-12-11 00:00:00+05:30,2399.75,2428.0,2392.64990234375,2417.300048828125,1337700,0.0,0.0
2024-12-12 00:00:00+05:30,2413.0,2415.0,2380.699951171875,2389.550048828125,1089028,0.0,0.0
2024-12-13 00:00:00+05:30,2389.550048828125,2412.0,2354.0,2407.64990234375,1150861,0.0,0.0
2024-12-16 00:00:00+05:30,2419.949951171875,2419.949951171875,2386.14990234375,2402.25,987775,0.0,0.0
2024-12-17 00:00:00+05:30,2388.0,2399.89990234375,2350.5,2356.0,1258218,0.0,0.0
2024-12-18 00:00:00+05:30,2356.800048828125,2372.699951171875,2341.0,2345.449951171875,855682,0.0,0.0
2024-12-19 00:00:00+05:30,2325.0,2325.0,2265.35009765625,2291.85009765625,2784409,0.0,0.0
2024-12-20 00:00:00+05:30,2297.0,2318.0,2276.0,2282.35009765625,1719502,0.0,0.0
2024-12-23 00:00:00+05:30,2300.0,2302.550048828125,2266.050048828125,2279.199951171875,855647,0.0,0.0
2024-12-24 00:00:00+05:30,2282.10009765625,2295.0,2277.14990234375,2284.0,601558,0.0,0.0
2024-12-26 00:00:00+05:30,2284.0,2287.449951171875,2256.5,2262.39990234375,1267334,0.0,0.0
2024-12-27 00:00:00+05:30,2270.25,2290.800048828125,2260.050048828125,2271.39990234375,821790,0.0,0.0
2024-12-30 00:00:00+05:30,2280.25,2298.800048828125,2256.800048828125,2288.25,1076940,0.0,0.0
2024-12-31 00:00:00+05:30,2280.0,2297.64990234375,2273.0,2281.35009765625,685486,0.0,0.0
2025-01-01 00:00:00+05:30,2280.0,2323.199951171875,2280.0,2304.64990234375,1067328,0.0,0.0
2025-01-02 00:00:00+05:30,2314.0,2347.949951171875,2294.0,2343.25,1342922,0.0,0.0
2025-01-03 00:00:00+05:30,2344.0,2348.949951171875,2322.14990234375,2335.949951171875,1355319,0.0,0.0
2025-01-06 00:00:00+05:30,2335.949951171875,2340.0,2256.699951171875,2267.14990234375,1190987,0.0,0.0
2025-01-07 00:00:00+05:30,2272.0,2316.0,2272.0,2292.60009765625,740798,0.0,0.0
2025-01-08 00:00:00+05:30,2287.050048828125,2338.0,2272.699951171875,2334.35009765625,1439632,0.0,0.0
2025-01-09 00:00:00+05:30,2341.89990234375,2361.39990234375,2321.300048828125,2350.199951171875,1362304,0.0,0.0
2025-01-10 00:00:00+05:30,2335.60009765625,2348.89990234375,2316.0,2320.75,1214334,0.0,0.0
2025-01-13 00:00:00+05:30,2291.75,2301.89990234375,2246.39990234375,2252.64990234375,1181928,0.0,0.0
2025-01-14 00:00:00+05:30,2269.0,2286.35009765625,2237.0,2239.949951171875,1316807,0.0,0.0
2025-01-15 00:00:00+05:30,2249.0,2253.75,2220.0,2229.699951171875,1308999,0.0,0.0
2025-01-16 00:00:00+05:30,2239.0,2239.85009765625,2207.800048828125,2215.60009765625,1936087,0.0,0.0
2025-01-17 00:00:00+05:30,2225.64990234375,2269.050048828125,2212.5,2261.0,878848,0.0,0.0
2025-01-20 00:00:00+05:30,2272.25,2286.89990234375,2251.0,2280.550048828125,555716,0.0,0.0
2025-01-21 00:00:00+05:30,2280.550048828125,2315.0,2255.0,2260.35009765625,1410294,0.0,0.0
2025-01-22 00:00:00+05:30,2270.0,2270.0,2244.89990234375,2262.10009765625,835523,0.0,0.0
2025-01-23 00:00:00+05:30,2262.10009765625,2301.800048828125,2246.199951171875,2276.35009765625,1142465,0.0,0.0
2025-01-24 00:00:00+05:30,2283.0,2296.550048828125,2255.050048828125,2262.39990234375,543202,0.0,0.0
2025-01-27 00:00:00+05:30,2255.300048828125,2277.75,2246.199951171875,2251.5,1097939,0.0,0.0
2025-01-28 00:00:00+05:30,2260.0,2267.050048828125,2234.10009765625,2241.800048828125,897501,0.0,0.0
2025-01-29 00:00:00+05:30,2241.800048828125,2246.800048828125,2212.050048828125,2223.14990234375,1281088,0.0,0.0
2025-01-30 00:00:00+05:30,2223.14990234375,2259.25,2215.0,2249.85009765625,1155718,0.0,0.0
2025-01-31 00:00:00+05:30,2255.0,2305.0,2234.85009765625,2300.800048828125,1292909,0.0,0.0
2025-02-01 00:00:00+05:30,2312.0,2389.0,2285.300048828125,2351.14990234375,1318619,0.0,0.0
2025-02-03 00:00:00+05:30,2351.14990234375,2364.449951171875,2277.699951171875,2292.25,1070382,0.0,0.0
2025-02-04 00:00:00+05:30,2304.64990234375,2418.60009765625,2263.75,2354.35009765625,5373733,0.0,0.0
2025-02-05 00:00:00+05:30,2269.0,2295.550048828125,2237.25,2275.199951171875,3474642,0.0,0.0
2025-02-06 00:00:00+05:30,2287.199951171875,2298.89990234375,2260.25,2263.39990234375,1285954,0.0,0.0
2025-02-07 00:00:00+05:30,2266.0,2276.300048828125,2243.199951171875,2271.0,1336756,0.0,0.0
2025-02-10 00:00:00+05:30,2271.050048828125,2278.0,2254.0,2270.14990234375,1181565,0.0,0.0
2025-02-11 00:00:00+05:30,2279.0,2282.89990234375,2226.0,2240.85009765625,1607942,0.0,0.0
2025-02-12 00:00:00+05:30,2241.85009765625,2247.949951171875,2185.699951171875,2228.25,1181706,0.0,0.0
2025-02-13 00:00:00+05:30,2228.25,2249.949951171875,2220.0,2236.39990234375,921923,0.0,0.0
2025-02-14 00:00:00+05:30,2236.39990234375,2250.550048828125,2203.0,2231.300048828125,1380052,0.0,0.0
2025-02-17 00:00:00+05:30,2231.300048828125,2260.0,2226.050048828125,2250.85009765625,923900,0.0,0.0
2025-02-18 00:00:00+05:30,2248.0,2251.949951171875,2218.75,2237.60009765625,735853,0.0,0.0
2025-02-19 00:00:00+05:30,2237.60009765625,2249.800048828125,2226.10009765625,2239.10009765625,645234,0.0,0.0
2025-02-20 00:00:00+05:30,2239.10009765625,2257.10009765625,2231.050048828125,2249.050048828125,637442,0.0,0.0
2025-02-21 00:00:00+05:30,2249.050048828125,2265.800048828125,2237.0,2257.60009765625,755585,0.0,0.0
2025-02-24 00:00:00+05:30,2245.89990234375,2259.0,2241.0,2246.199951171875,765042,0.0,0.0
2025-02-25 00:00:00+05:30,2246.199951171875,2257.10009765625,2217.699951171875,2224.75,947702,0.0,0.0
2025-02-27 00:00:00+05:30,2214.0,2228.39990234375,2198.0,2213.64990234375,1027196,0.0,0.0
2025-02-28 00:00:00+05:30,2210.0,2211.35009765625,2175.800048828125,2179.75,1701193,0.0,0.0
2025-03-03 00:00:00+05:30,2179.75,2193.35009765625,2129.0,2166.39990234375,959068,0.0,0.0
2025-03-04 00:00:00+05:30,2154.050048828125,2159.85009765625,2124.75,2132.10009765625,2180989,0.0,0.0
2025-03-05 00:00:00+05:30,2132.0,2182.800048828125,2124.75,2164.14990234375,1535212,0.0,0.0
2025-03-06 00:00:00+05:30,2189.85009765625,2275.0,2183.10009765625,2267.699951171875,1985096,0.0,0.0
2025-03-07 00:00:00+05:30,2267.699951171875,2277.949951171875,2248.0,2270.0,921429,0.0,0.0
2025-03-10 00:00:00+05:30,2270.0,2293.0,2261.85009765625,2278.60009765625,1072395,0.0,0.0
2025-03-11 00:00:00+05:30,2274.0,2290.89990234375,2257.89990234375,2287.39990234375,601228,0.0,0.0
2025-03-12 00:00:00+05:30,2287.39990234375,2295.949951171875,2247.0,2251.300048828125,749216,0.0,0.0
2025-03-13 00:00:00+05:30,2255.25,2257.199951171875,2222.5,2231.300048828125,747470,0.0,0.0
2025-03-17 00:00:00+05:30,2205.0,2239.25,2196.050048828125,2219.550048828125,838015,0.0,0.0
2025-03-18 00:00:00+05:30,2219.550048828125,2219.550048828125,2219.550048828125,2219.550048828125,0,0.0,0.0
2025-03-19 00:00:00+05:30,2274.0,2287.949951171875,2267.85009765625,2280.699951171875,663292,0.0,0.0
2025-03-20 00:00:00+05:30,2290.0,2307.0,2268.75,2287.199951171875,1166849,0.0,0.0
2025-03-21 00:00:00+05:30,2291.64990234375,2314.5,2277.85009765625,2300.39990234375,1624115,0.0,0.0
2025-03-24 00:00:00+05:30,2302.39990234375,2330.25,2302.10009765625,2322.5,1100353,0.0,0.0
2025-03-25 00:00:00+05:30,2325.0,2344.5,2308.0,2330.75,1828005,0.0,0.0
2025-03-26 00:00:00+05:30,2340.0,2340.949951171875,2304.0,2323.14990234375,1934287,0.0,0.0
2025-03-27 00:00:00+05:30,2315.0,2350.10009765625,2290.5,2338.10009765625,1497861,0.0,0.0
2025-03-28 00:00:00+05:30,2343.949951171875,2364.0,2325.0,2340.64990234375,1281871,0.0,0.0
2025-04-01 00:00:00+05:30,2342.0,2361.699951171875,2305.75,2316.0,970583,0.0,0.0
2025-04-02 00:00:00+05:30,2328.0,2328.39990234375,2292.14990234375,2306.64990234375,792693,0.0,0.0
2025-04-03 00:00:00+05:30,2295.0,2354.89990234375,2289.800048828125,2349.39990234375,608846,0.0,0.0
2025-04-04 00:00:00+05:30,2349.39990234375,2363.949951171875,2302.800048828125,2356.050048828125,1163188,0.0,0.0
2025-04-07 00:00:00+05:30,2190.0,2354.0,2190.0,2341.35009765625,1745817,0.0,0.0
2025-04-08 00:00:00+05:30,2356.0,2420.0,2356.0,2394.199951171875,1876867,0.0,0.0
2025-04-09 00:00:00+05:30,2400.0,2429.449951171875,2390.89990234375,2411.14990234375,1186937,0.0,0.0
2025-04-11 00:00:00+05:30,2439.5,2448.0,2380.25,2393.60009765625,968152,0.0,0.0
2025-04-15 00:00:00+05:30,2414.89990234375,2425.0,2385.0,2415.699951171875,1141122,0.0,0.0
2025-04-16 00:00:00+05:30,2405.10009765625,2468.5,2403.699951171875,2459.89990234375,1166695,0.0,0.0
2025-04-17 00:00:00+05:30,2459.89990234375,2476.39990234375,2431.0,2467.89990234375,885840,0.0,0.0
2025-04-21 00:00:00+05:30,2465.89990234375,2470.89990234375,2441.0,2445.0,541913,0.0,0.0
2025-04-22 00:00:00+05:30,2445.0,2450.0,2413.5,2432.0,543647,0.0,0.0
2025-04-23 00:00:00+05:30,2437.0,2456.60009765625,2425.60009765625,2453.10009765625,744684,0.0,0.0
2025-04-24 00:00:00+05:30,2450.0,2491.0,2435.89990234375,2464.39990234375,1203452,0.0,0.0
2025-04-25 00:00:00+05:30,2464.300048828125,2468.699951171875,2413.699951171875,2431.60009765625,702217,0.0,0.0
2025-04-28 00:00:00+05:30,2419.89990234375,2459.800048828125,2405.0,2452.199951171875,554920,0.0,0.0
2025-04-29 00:00:00+05:30,2460.0,2472.0,2441.60009765625,2451.10009765625,1235066,0.0,0.0
2025-04-30 00:00:00+05:30,2450.0,2462.199951171875,2401.5,2425.699951171875,1479669,0.0,0.0
2025-05-02 00:00:00+05:30,2425.0,2444.89990234375,2398.0,2410.0,744673,0.0,0.0
2025-05-05 00:00:00+05:30,2423.10009765625,2475.0,2423.10009765625,2436.89990234375,1229588,0.0,0.0
2025-05-06 00:00:00+05:30,2442.0,2449.89990234375,2391.10009765625,2418.0,702802,0.0,0.0
2025-05-07 00:00:00+05:30,2388.0,2405.699951171875,2318.5,2334.10009765625,1711738,0.0,0.0
2025-05-08 00:00:00+05:30,2322.0,2349.10009765625,2293.5,2302.60009765625,2292261,0.0,0.0
2025-05-09 00:00:00+05:30,2246.60009765625,2331.800048828125,2245.0,2299.60009765625,1503010,0.0,0.0
2025-05-12 00:00:00+05:30,2330.0,2378.5,2321.0,2356.39990234375,940135,0.0,0.0
2025-05-13 00:00:00+05:30,2354.0,2358.0,2315.10009765625,2324.60009765625,1220489,0.0,0.0
2025-05-14 00:00:00+05:30,2319.0,2319.0,2277.10009765625,2282.300048828125,1549845,0.0,0.0
2025-05-15 00:00:00+05:30,2285.0,2335.5,2268.0,2329.89990234375,1675015,0.0,0.0
2025-05-16 00:00:00+05:30,2333.89990234375,2355.0,2315.0,2353.60009765625,785113,0.0,0.0
2025-05-19 00:00:00+05:30,2353.60009765625,2378.89990234375,2326.60009765625,2331.39990234375,552961,0.0,0.0
2025-05-20 00:00:00+05:30,2347.5,2347.699951171875,2291.39990234375,2295.60009765625,1095824,0.0,0.0
2025-05-21 00:00:00+05:30,2296.0,2316.199951171875,2290.0,2312.39990234375,469330,0.0,0.0
2025-05-22 00:00:00+05:30,2309.199951171875,2310.0,2283.10009765625,2299.199951171875,916504,0.0,0.0
2025-05-23 00:00:00+05:30,2301.800048828125,2329.0,2295.0,2315.5,458035,0.0,0.0
2025-05-26 00:00:00+05:30,2316.0,2338.0,2302.800048828125,2327.199951171875,1258062,0.0,0.0
2025-05-27 00:00:00+05:30,2313.10009765625,2351.60009765625,2301.10009765625,2327.60009765625,2485428,0.0,0.0
2025-05-28 00:00:00+05:30,2327.60009765625,2333.0,2300.300048828125,2303.199951171875,774808,0.0,0.0
2025-05-29 00:00:00+05:30,2303.199951171875,2309.0,2286.5,2294.300048828125,1414643,0.0,0.0
