timestamp,Open,High,Low,Close,Volume,Dividends,Stock Splits
2020-06-01 00:00:00+05:30,2447.8375830689283,2501.6362112682455,2443.7578099823777,2473.212646484375,1008549,0.0,0.0
2020-06-02 00:00:00+05:30,2474.64727452924,2523.3799553490117,2444.4304205598523,2507.10595703125,1283507,0.0,0.0
2020-06-03 00:00:00+05:30,2533.018979096741,2579.1961392466465,2483.793317295935,2495.718505859375,750002,0.0,0.0
2020-06-04 00:00:00+05:30,2490.876794711987,2540.3714950155354,2471.1506285911573,2526.070068359375,709462,0.0,0.0
2020-06-05 00:00:00+05:30,2548.2617504380382,2549.0686423175976,2476.5302444440044,2489.352294921875,723898,0.0,0.0
2020-06-08 00:00:00+05:30,2510.6029137196647,2523.155928288263,2461.2874993430287,2511.54443359375,727119,0.0,0.0
2020-06-09 00:00:00+05:30,2515.1758377323513,2523.693954600417,2480.1169744282774,2502.66748046875,619517,0.0,0.0
2020-06-10 00:00:00+05:30,2501.815595954256,2514.144448741284,2423.942209876504,2436.360595703125,687626,0.0,0.0
2020-06-11 00:00:00+05:30,2436.360732249053,2472.9438467143013,2423.9870027951483,2437.5712890625,661173,0.0,0.0
2020-06-12 00:00:00+05:30,2340.4646625047408,2509.7510690027375,2340.4646625047408,2494.59765625,895700,0.0,0.0
2020-06-15 00:00:00+05:30,2487.290016473486,2487.290016473486,2428.0666469573425,2446.53759765625,517425,0.0,0.0
2020-06-16 00:00:00+05:30,2478.3238649452246,2498.901799709546,2423.4941752500054,2437.481689453125,611383,0.0,0.0
2020-06-17 00:00:00+05:30,2437.481431428182,2454.831577496937,2397.8049410465214,2411.478759765625,600388,0.0,0.0
2020-06-18 00:00:00+05:30,2411.478738353998,2418.382852159592,2372.654016193537,2401.526123046875,579578,0.0,0.0
2020-06-19 00:00:00+05:30,2411.972086712802,2429.904964680927,2380.5895502685835,2397.939697265625,929078,0.0,0.0
2020-06-22 00:00:00+05:30,2411.971863749398,2576.909449832907,2384.6691033482434,2560.590576171875,1872829,0.0,0.0
2020-06-23 00:00:00+05:30,2591.300473771782,2609.3231009619203,2550.9066284874352,2566.328857421875,1089848,0.0,0.0
2020-06-24 00:00:00+05:30,2600.088067289655,2671.909113503442,2515.6689113873285,2526.070068359375,1616696,0.0,0.0
2020-06-25 00:00:00+05:30,2501.457161392484,2591.30083514801,2486.124463351739,2528.939208984375,1341923,0.0,0.0
2020-06-26 00:00:00+05:30,2558.75234028455,2600.266991551795,2533.018707287524,2571.2158203125,1227656,0.0,0.0
2020-06-29 00:00:00+05:30,2533.0189117415634,2573.3678855569156,2524.0524731159294,2563.953125,680236,0.0,0.0
2020-06-30 00:00:00+05:30,2602.4190772577203,2612.327035789458,2524.052490687012,2533.96044921875,751691,0.0,0.0
2020-07-01 00:00:00+05:30,2544.7203091023057,2575.1613262632873,2536.2470678791547,2548.306884765625,525799,0.0,0.0
2020-07-02 00:00:00+05:30,2562.5185221443403,2603.3606956966487,2543.868504092626,2581.751708984375,754915,0.0,0.0
2020-07-03 00:00:00+05:30,2599.3705421064333,2654.065817397393,2589.148889696901,2629.318359375,1394992,0.0,0.0
2020-07-06 00:00:00+05:30,2637.970841640318,2641.5125407427718,2585.920627122252,2597.666748046875,1126381,0.0,0.0
2020-07-07 00:00:00+05:30,2601.1637523681766,2666.618751996883,2534.4086629666385,2552.87939453125,2168021,0.0,0.0
2020-07-08 00:00:00+05:30,2584.127706830965,2599.3706530544646,2521.004064150646,2557.6318359375,1348810,0.0,0.0
2020-07-09 00:00:00+05:30,2580.5408661926394,2595.7838108504834,2546.647686642586,2584.12744140625,700469,0.0,0.0
2020-07-10 00:00:00+05:30,2577.851052625054,2613.716806400707,2561.1733895565,2595.514892578125,688336,0.0,0.0
2020-07-13 00:00:00+05:30,2599.280694074384,2609.2335280845905,2579.4649969064367,2600.26708984375,481601,0.0,0.0
2020-07-14 00:00:00+05:30,2598.47388187888,2609.143856149806,2552.745045448299,2599.81884765625,612986,0.0,0.0
2020-07-15 00:00:00+05:30,2613.716930482596,2649.5826859609165,2600.267272178226,2637.97119140625,905297,0.0,0.0
2020-07-16 00:00:00+05:30,2639.719563303349,2645.0994265437766,2599.28083704992,2638.1953125,525135,0.0,0.0
2020-07-17 00:00:00+05:30,2645.099510740557,2689.9317058378547,2622.683413191908,2685.448486328125,687105,0.0,0.0
2020-07-20 00:00:00+05:30,2690.8279318239015,2707.864163314956,2666.6185502313506,2692.2177734375,766788,0.0,0.0
2020-07-21 00:00:00+05:30,2703.3811545999374,2741.0401955595385,2680.965058790651,2693.787109375,834544,0.0,0.0
2020-07-22 00:00:00+05:30,2699.7945010376834,2716.9651423671635,2606.1400992417744,2676.84033203125,2050770,0.0,0.0
2020-07-23 00:00:00+05:30,2658.5489781296837,2734.763704315526,2635.818969286678,2718.7138671875,1057181,0.0,0.0
2020-07-24 00:00:00+05:30,2716.830826533977,2716.830826533977,2670.205347002701,2676.93017578125,543609,0.0,0.0
2020-07-27 00:00:00+05:30,2680.965106763936,2721.3140799426574,2630.797927226497,2708.312744140625,621957,0.0,0.0
2020-07-28 00:00:00+05:30,2708.7607994078044,2806.4949692639616,2706.07086812736,2796.94580078125,1263659,0.0,0.0
2020-07-29 00:00:00+05:30,2803.8503742885887,2823.5316642736793,2762.4254695500413,2778.968505859375,582910,0.0,0.0
2020-07-30 00:00:00+05:30,2788.5624173089177,2806.450418616004,2725.214615874086,2733.822265625,570166,0.0,0.0
2020-07-31 00:00:00+05:30,2751.66529664375,2759.7797475643133,2682.3995660275586,2694.36962890625,561196,0.0,0.0
2020-08-03 00:00:00+05:30,2680.9651297607716,2752.606886300867,2609.233621272189,2615.91357421875,1246016,0.0,0.0
2020-08-04 00:00:00+05:30,2635.2364634689184,2689.0350983134695,2620.038392906774,2662.987548828125,706322,0.0,0.0
2020-08-05 00:00:00+05:30,2677.557698080868,2721.7174056646595,2664.825399777231,2698.001220703125,678314,0.0,0.0
2020-08-06 00:00:00+05:30,2712.168101639448,2757.1795748192917,2668.770412109373,2682.578857421875,853222,0.0,0.0
2020-08-07 00:00:00+05:30,2682.5791239624846,2706.9677929896984,2667.515463446291,2691.455810546875,515510,0.0,0.0
2020-08-10 00:00:00+05:30,2691.4559578593203,2712.34780456518,2663.929033839058,2684.37255859375,442147,0.0,0.0
2020-08-11 00:00:00+05:30,2708.581855533911,2743.7302515765905,2686.1208827322125,2696.611572265625,696792,0.0,0.0
2020-08-12 00:00:00+05:30,2696.611587274185,2721.314169896031,2674.240366298159,2710.554443359375,489280,0.0,0.0
2020-08-13 00:00:00+05:30,2725.7974086202807,2725.7974086202807,2689.9316532436983,2706.0263671875,462333,0.0,0.0
2020-08-14 00:00:00+05:30,2709.6576466218653,2715.2616705435685,2668.412030558131,2678.768310546875,542458,0.0,0.0
2020-08-17 00:00:00+05:30,2702.4843989318497,2802.908504001646,2682.7582354359965,2793.58349609375,1577193,0.0,0.0
2020-08-18 00:00:00+05:30,2801.1154206868914,2821.7382294819613,2773.31946100658,2783.89990234375,825757,0.0,0.0
2020-08-19 00:00:00+05:30,2788.5622568557533,2832.49780366795,2733.642823340507,2743.55078125,953142,0.0,0.0
2020-08-20 00:00:00+05:30,2742.833540699524,2748.213403806486,2712.661562670854,2723.0625,563069,0.0,0.0
2020-08-21 00:00:00+05:30,2745.523520550865,2757.179890821003,2724.0040677444576,2737.588134765625,395723,0.0,0.0
2020-08-24 00:00:00+05:30,2746.330387356833,2776.009386643841,2713.9167994264362,2725.214599609375,562548,0.0,0.0
2020-08-25 00:00:00+05:30,2738.7090835547633,2738.7090835547633,2682.4895539243803,2698.360107421875,652358,0.0,0.0
2020-08-26 00:00:00+05:30,2761.708045395103,2813.6685148175116,2753.862411391071,2763.6357421875,2026040,0.0,0.0
2020-08-27 00:00:00+05:30,2763.6354534310453,2769.508514053289,2712.5267572591188,2728.487060546875,711504,0.0,0.0
2020-08-28 00:00:00+05:30,2729.3838022128375,2745.9268369960614,2691.724761577838,2702.618896484375,679405,0.0,0.0
2020-08-31 00:00:00+05:30,2712.347379195236,2715.9339542421058,2641.602273958598,2660.342041015625,2787032,0.0,0.0
2020-09-01 00:00:00+05:30,2642.409451091247,2693.5181510275215,2627.1665054962177,2652.631103515625,755670,0.0,0.0
2020-09-02 00:00:00+05:30,2645.0992619292256,2662.763101354571,2552.78982468842,2582.827392578125,1946352,0.0,0.0
2020-09-03 00:00:00+05:30,2608.3817381228255,2621.5174824714363,2587.758930343705,2597.0390625,785527,0.0,0.0
2020-09-04 00:00:00+05:30,2582.3341527523357,2623.6695196353053,2546.4684006307757,2585.203369140625,1499317,0.0,0.0
2020-09-07 00:00:00+05:30,2598.7879482425005,2606.4094214309616,2537.5471257820122,2598.6533203125,807657,0.0,0.0
2020-09-08 00:00:00+05:30,2600.22242298666,2616.406889094404,2570.005567466359,2601.83642578125,798195,0.0,0.0
2020-09-09 00:00:00+05:30,2577.8509772756215,2619.7241998033232,2557.2281694574167,2609.367919921875,677328,0.0,0.0
2020-09-10 00:00:00+05:30,2615.5998304642894,2622.100498297423,2574.712783840599,2613.44775390625,686071,0.0,0.0
2020-09-11 00:00:00+05:30,2612.820045590886,2637.881196138299,2603.7638556050674,2614.92724609375,683992,0.0,0.0
2020-09-14 00:00:00+05:30,2619.9932769496727,2679.171769858187,2595.783893487099,2652.00341796875,1185683,0.0,0.0
2020-09-15 00:00:00+05:30,2651.7343695645095,2654.0657310803595,2619.1414977585596,2633.7568359375,632573,0.0,0.0
2020-09-16 00:00:00+05:30,2638.3746140437174,2733.867187160338,2633.8016426977892,2723.959228515625,1865973,0.0,0.0
2020-09-17 00:00:00+05:30,2703.381112400512,2716.785893703781,2676.7059588038564,2707.14697265625,687069,0.0,0.0
2020-09-18 00:00:00+05:30,2710.644078928269,2752.6965874406274,2686.344943313394,2735.615478515625,937014,0.0,0.0
2020-09-21 00:00:00+05:30,2731.132250844567,2731.132250844567,2654.1555088017117,2678.006103515625,779499,0.0,0.0
2020-09-22 00:00:00+05:30,2675.764302915004,2698.4045581774144,2638.015731425743,2677.243896484375,690800,0.0,0.0
2020-09-23 00:00:00+05:30,2683.655083381195,2732.6119258898166,2649.5826165691383,2677.557861328125,949248,0.0,0.0
2020-09-24 00:00:00+05:30,2658.4593444747056,2691.6351679376858,2611.7443298076378,2628.825439453125,736921,0.0,0.0
2020-09-25 00:00:00+05:30,2649.5378853365437,2688.5867715055338,2623.6249638293875,2651.734619140625,559314,0.0,0.0
2020-09-28 00:00:00+05:30,2669.2189387964277,2709.9267001574385,2647.6548297393215,2659.759521484375,902239,0.0,0.0
2020-09-29 00:00:00+05:30,2683.386088112637,2699.7947148504904,2591.300805685127,2598.025634765625,1189292,0.0,0.0
2020-09-30 00:00:00+05:30,2598.070549000241,2635.236394484325,2573.367966032669,2583.32080078125,1095715,0.0,0.0
2020-10-01 00:00:00+05:30,2636.132790784055,2792.103937124009,2636.132790784055,2676.84033203125,4741959,0.0,0.0
2020-10-05 00:00:00+05:30,2704.636359209087,2707.8643645575266,2627.211295891298,2647.16162109375,904969,0.0,0.0
2020-10-06 00:00:00+05:30,2676.481769108393,2683.6549195783655,2645.9958796110113,2665.049560546875,678723,0.0,0.0
2020-10-07 00:00:00+05:30,2667.5153053979243,2777.757616842934,2649.1789834666247,2759.33154296875,2126243,0.0,0.0
2020-10-08 00:00:00+05:30,2752.696593926464,2789.2797064480324,2735.660360934737,2756.7763671875,1009344,0.0,0.0
2020-10-09 00:00:00+05:30,2761.662942480939,2777.4886182085825,2714.6788942691355,2743.55078125,698666,0.0,0.0
2020-10-12 00:00:00+05:30,2735.6602657710278,2756.865804325981,2699.8842652957933,2710.330078125,632718,0.0,0.0
2020-10-13 00:00:00+05:30,2712.3475604482287,2735.7500517557955,2686.524174603682,2720.82080078125,456767,0.0,0.0
2020-10-14 00:00:00+05:30,2723.9590331237223,2757.1797302402483,2707.8643204310733,2738.484619140625,822555,0.0,0.0
2020-10-15 00:00:00+05:30,2743.685312901462,2806.495258555688,2707.371236872227,2714.49951171875,1076100,0.0,0.0
2020-10-16 00:00:00+05:30,2716.8306565733023,2772.4225709982347,2715.934012792255,2730.05615234375,548742,0.0,0.0
2020-10-19 00:00:00+05:30,2752.696729007183,2754.4451408028003,2663.2116254358684,2671.998779296875,598192,0.0,0.0
2020-10-20 00:00:00+05:30,2671.9987715765437,2706.564437050693,2651.375962265718,2693.697509765625,899774,0.0,0.0
2020-10-21 00:00:00+05:30,2716.831015857977,2725.0352199766476,2682.803423648721,2706.0712890625,982019,0.0,0.0
2020-10-22 00:00:00+05:30,2698.718728108547,2725.3041309404803,2669.308765779056,2695.49072265625,1701072,0.0,0.0
2020-10-23 00:00:00+05:30,2716.8307802297936,2775.560950561494,2687.3759431188846,2763.680419921875,1217651,0.0,0.0
2020-10-26 00:00:00+05:30,2777.7576195140446,2791.9246353512162,2586.817365873387,2595.918212890625,2140237,0.0,0.0
2020-10-27 00:00:00+05:30,2609.233652680266,2665.0497333948183,2558.169828241725,2642.723388671875,1812330,0.0,0.0
2020-10-28 00:00:00+05:30,2642.4094599069276,2660.3423371373788,2591.480044791009,2639.764404296875,1197897,0.0,0.0
2020-10-29 00:00:00+05:30,2617.258418555387,2630.7529517450585,2586.817404834524,2622.9970703125,714820,0.0,0.0
2020-10-30 00:00:00+05:30,2636.133119860036,2656.9352149836127,2582.424236715566,2588.521240234375,722940,0.0,0.0
2020-11-02 00:00:00+05:30,2616.406816225732,2631.5153530187004,2530.732450549033,2549.7861328125,926407,0.0,0.0
2020-11-03 00:00:00+05:30,2560.0975803694055,2627.1217108699925,2560.0975803694055,2613.58251953125,951287,0.0,0.0
2020-11-04 00:00:00+05:30,2604.7504047873285,2643.081929677056,2584.486166054678,2623.669677734375,710858,0.0,0.0
2020-11-05 00:00:00+05:30,2645.9959304101963,2663.032163103451,2624.4764785871384,2644.4716796875,507235,0.0,0.0
2020-11-06 00:00:00+05:30,2654.065721339879,2689.9314743309583,2649.582502215994,2669.667236328125,889565,0.0,0.0
2020-11-09 00:00:00+05:30,2680.965081534325,2709.657684413622,2671.9986431345446,2691.679931640625,550477,0.0,0.0
2020-11-10 00:00:00+05:30,2703.3809632213042,2710.105791488024,2660.3420623142983,2687.689697265625,664054,0.0,0.0
2020-11-11 00:00:00+05:30,2705.802034955063,2725.797236093369,2677.8716672862565,2710.64404296875,782511,0.0,0.0
2020-11-12 00:00:00+05:30,2712.34758555683,2726.6041348899407,2686.5690754461657,2705.577880859375,646257,0.0,0.0
2020-11-13 00:00:00+05:30,2698.8979287850448,2732.9703943311683,2685.9863451935985,2726.4697265625,557563,0.0,0.0
2020-11-14 00:00:00+05:30,2739.8295848742205,2748.213292104688,2716.8307585896264,2727.500732421875,59697,0.0,0.0
2020-11-17 00:00:00+05:30,2720.4173040601354,2733.777209190242,2686.7482854047844,2730.414794921875,501135,0.0,0.0
2020-11-18 00:00:00+05:30,2739.9643631491144,2739.9643631491144,2693.4284152673345,2723.914306640625,455293,0.0,0.0
2020-11-19 00:00:00+05:30,2719.5205527100757,2740.5916812919045,2698.8977460129663,2720.641357421875,888406,0.0,0.0
2020-11-20 00:00:00+05:30,2719.520638824581,2766.146116311847,2709.6575570484283,2742.429931640625,820220,0.0,0.0
2020-11-23 00:00:00+05:30,2750.9032305966207,2766.146175485846,2717.3688394031983,2759.6455078125,493600,0.0,0.0
2020-11-24 00:00:00+05:30,2758.973038694756,2799.322010661367,2737.4535869792294,2775.740234375,858928,0.0,0.0
2020-11-25 00:00:00+05:30,2779.5959087592178,2833.3945392513315,2726.693922108639,2735.884521484375,1219151,0.0,0.0
2020-11-26 00:00:00+05:30,2737.453615894201,2824.428067496473,2737.453615894201,2805.77783203125,1264680,0.0,0.0
2020-11-27 00:00:00+05:30,2819.8552113052306,2913.195925473778,2811.606131505765,2845.544189453125,2548347,0.0,0.0
2020-12-01 00:00:00+05:30,2846.9341609891,2913.151182276986,2834.291394318376,2908.39892578125,1400851,0.0,0.0
2020-12-02 00:00:00+05:30,2908.398747646823,3001.9636213161325,2888.5381738560095,2993.131591796875,1707284,0.0,0.0
2020-12-03 00:00:00+05:30,3020.5242497306767,3022.7658594714608,2941.888623805401,2953.903564453125,965142,0.0,0.0
2020-12-04 00:00:00+05:30,2957.4005807817143,2998.8703606186796,2948.34438994633,2969.146484375,739106,0.0,0.0
2020-12-07 00:00:00+05:30,2969.1463229253573,2990.3072051030545,2930.052782862625,2976.4541015625,481597,0.0,0.0
2020-12-08 00:00:00+05:30,2976.857599924839,3034.9152895619272,2959.417920718766,2982.416748046875,823352,0.0,0.0
2020-12-09 00:00:00+05:30,2990.307326049761,3007.029646771988,2958.9247903940663,2964.7978515625,397850,0.0,0.0
2020-12-10 00:00:00+05:30,2964.483810540019,2976.812663300566,2933.863511064881,2950.720458984375,469288,0.0,0.0
2020-12-11 00:00:00+05:30,2954.979536829914,2992.2349133842963,2945.9682224254843,2983.716796875,611154,0.0,0.0
2020-12-14 00:00:00+05:30,2983.7169665208376,2989.903940734203,2927.542314120577,2949.061767578125,425416,0.0,0.0
2020-12-15 00:00:00+05:30,2944.578522370286,3001.2463721984086,2924.8523568732867,2933.5048828125,746643,0.0,0.0
2020-12-16 00:00:00+05:30,2949.061652325422,2966.5013316019736,2915.885829541585,2962.06298828125,616704,0.0,0.0
2020-12-17 00:00:00+05:30,2965.2908379889586,2985.8238937192305,2921.265539260436,2932.4287109375,678073,0.0,0.0
2020-12-18 00:00:00+05:30,2937.3151587346943,3015.4129165416202,2932.831940006562,3001.559814453125,1362381,0.0,0.0
2020-12-21 00:00:00+05:30,3005.9986951773963,3008.240304942629,2867.915533639046,2903.55712890625,797760,0.0,0.0
2020-12-22 00:00:00+05:30,2909.6091222893065,2945.474874181933,2844.154125085264,2927.81103515625,825331,0.0,0.0
2020-12-23 00:00:00+05:30,2941.8886324362516,2975.9162246197475,2923.9557544573654,2967.577392578125,816586,0.0,0.0
2020-12-24 00:00:00+05:30,2975.0641937018486,3069.704992650624,2973.315782034907,3025.94873046875,1567636,0.0,0.0
2020-12-28 00:00:00+05:30,3037.8294278721273,3068.3153194151178,3025.2764137073664,3061.769775390625,536954,0.0,0.0
2020-12-29 00:00:00+05:30,3078.178263598164,3102.297895024743,3066.5667697991767,3076.878173828125,682613,0.0,0.0
2020-12-30 00:00:00+05:30,3081.9440012800937,3113.9094838423803,3053.296275877392,3091.76220703125,639180,0.0,0.0
2020-12-31 00:00:00+05:30,3106.825949852569,3106.825949852569,3072.663951770059,3088.086181640625,410959,0.0,0.0
2021-01-01 00:00:00+05:30,3089.8347105026933,3132.87361535009,3089.8347105026933,3121.44140625,421643,0.0,0.0
2021-01-04 00:00:00+05:30,3129.286765865294,3163.3592292185554,3106.870671553938,3158.3828125,647829,0.0,0.0
2021-01-05 00:00:00+05:30,3138.477666827393,3142.736725156778,3115.8374093922407,3131.6630859375,561562,0.0,0.0
2021-01-06 00:00:00+05:30,3131.6630330869575,3162.4628366804463,3080.778494957778,3104.80859375,591620,0.0,0.0
2021-01-07 00:00:00+05:30,3138.2537427806856,3144.8441632034087,3073.9195410536818,3082.616943359375,531361,0.0,0.0
2021-01-08 00:00:00+05:30,3110.457343824086,3178.2437027023507,3082.7062619810313,3164.390380859375,675643,0.0,0.0
2021-01-11 00:00:00+05:30,3166.049566278946,3258.8970845968297,3157.0831274053153,3243.474853515625,788461,0.0,0.0
2021-01-12 00:00:00+05:30,3238.632857455939,3266.294409048823,3190.3487152827315,3249.66162109375,863270,0.0,0.0
2021-01-13 00:00:00+05:30,3249.6613299111564,3257.5069632523227,3207.2949098688573,3228.724609375,515154,0.0,0.0
2021-01-14 00:00:00+05:30,3227.9176905330132,3280.5057620117423,3178.602281372092,3206.443115234375,743848,0.0,0.0
2021-01-15 00:00:00+05:30,3217.1582645347476,3248.5408005600307,3175.016001872224,3210.254150390625,684649,0.0,0.0
2021-01-18 00:00:00+05:30,3184.878985443704,3244.102356080029,3142.73672409352,3195.41455078125,602004,0.0,0.0
2021-01-19 00:00:00+05:30,3197.2077277648978,3285.3029838128264,3193.0384215300833,3264.68017578125,586410,0.0,0.0
2021-01-20 00:00:00+05:30,3263.7832521384876,3311.1260859509403,3254.234083757597,3267.324951171875,549040,0.0,0.0
2021-01-21 00:00:00+05:30,3292.476021010874,3413.5229335480385,3277.412361447036,3320.541015625,1533886,0.0,0.0
2021-01-22 00:00:00+05:30,3362.369494217578,3703.1390263699336,3353.492807843149,3666.824951171875,8537143,0.0,0.0
2021-01-25 00:00:00+05:30,3721.0721438602204,3774.8707772654284,3640.3741937524087,3738.063720703125,2368224,0.0,0.0
2021-01-27 00:00:00+05:30,3706.1876034186384,3798.766080965898,3683.502689130873,3717.79931640625,2062088,0.0,0.0
2021-01-28 00:00:00+05:30,3658.3070460175404,3756.9378732386017,3655.258544375405,3708.339599609375,1262871,0.0,0.0
2021-01-29 00:00:00+05:30,3737.211717604058,3770.7014543158125,3577.6091058637694,3591.776123046875,1406268,0.0,0.0
2021-02-01 00:00:00+05:30,3643.9603944793025,3713.0019669140725,3564.2039724416104,3689.42041015625,745011,0.0,0.0
2021-02-02 00:00:00+05:30,3726.2722051442734,3829.7001571530163,3691.706761072895,3767.204345703125,1167922,0.0,0.0
2021-02-03 00:00:00+05:30,3770.387199467038,3818.9403739377312,3730.1279801913674,3798.4970703125,681937,0.0,0.0
2021-02-04 00:00:00+05:30,3798.4970580745453,3910.622190386216,3765.9039683097553,3786.97509765625,1163598,0.0,0.0
2021-02-05 00:00:00+05:30,3819.702827271049,3831.179693504232,3730.9350855105245,3793.92431640625,729191,0.0,0.0
2021-02-08 00:00:00+05:30,3794.103779498982,3818.3578204217,3761.4209361674375,3799.483642578125,616236,0.0,0.0
2021-02-09 00:00:00+05:30,3791.368653011338,3799.9765212736515,3716.588645747826,3725.46533203125,721336,0.0,0.0
2021-02-10 00:00:00+05:30,3730.0384857217527,3779.3538983935546,3676.329605665704,3722.461669921875,989105,0.0,0.0
2021-02-11 00:00:00+05:30,3725.5551728401706,3768.0560034945333,3699.9561662127117,3749.6748046875,546983,0.0,0.0
2021-02-12 00:00:00+05:30,3747.074503549323,3762.1379445182483,3691.482587009467,3708.5634765625,360063,0.0,0.0
2021-02-15 00:00:00+05:30,3723.044865340824,3761.10713506865,3686.685693594769,3696.23486328125,287922,0.0,0.0
2021-02-16 00:00:00+05:30,3703.1390575723735,3745.8193919004893,3697.759194534738,3705.694580078125,318280,0.0,0.0
2021-02-17 00:00:00+05:30,3691.482925277746,3770.3875882421476,3686.1030618938094,3735.149658203125,554383,0.0,0.0
2021-02-18 00:00:00+05:30,3765.9040781202502,3765.9040781202502,3678.122734909797,3690.093017578125,440460,0.0,0.0
2021-02-19 00:00:00+05:30,3681.619869681837,3682.2476955403754,3566.132091069656,3587.56201171875,762200,0.0,0.0
2021-02-22 00:00:00+05:30,3595.5418301396485,3622.4411455771024,3520.9859817483816,3561.06591796875,762310,0.0,0.0
2021-02-23 00:00:00+05:30,3543.536367140073,3585.409589640378,3488.123735431193,3507.894775390625,802871,0.0,0.0
2021-02-24 00:00:00+05:30,3521.120428009983,3541.743236730184,3456.875983190146,3525.46923828125,399843,0.0,0.0
2021-02-25 00:00:00+05:30,3529.1900570501084,3568.6423849236357,3505.9221938243163,3537.08056640625,632973,0.0,0.0
2021-02-26 00:00:00+05:30,3506.325884003156,3535.5565619811996,3383.082226785686,3406.0810546875,732210,0.0,0.0
2021-03-01 00:00:00+05:30,3406.080911912229,3459.969294269952,3363.311044517057,3419.844482421875,724589,0.0,0.0
2021-03-02 00:00:00+05:30,3426.9727779848367,3552.637325386528,3390.6587022369595,3536.408203125,735847,0.0,0.0
2021-03-03 00:00:00+05:30,3573.1257934679634,3573.1257934679634,3464.273316080524,3497.8974609375,615104,0.0,0.0
2021-03-04 00:00:00+05:30,3474.494769485195,3521.6583215319174,3444.0088798948727,3478.126220703125,611769,0.0,0.0
2021-03-05 00:00:00+05:30,3453.961794469427,3508.791477259694,3426.748566592279,3454.63427734375,719936,0.0,0.0
2021-03-08 00:00:00+05:30,3450.285440831688,3450.285440831688,3380.347222436451,3406.125732421875,818275,0.0,0.0
2021-03-09 00:00:00+05:30,3409.219109838689,3433.876815042138,3385.727085389931,3406.125732421875,526071,0.0,0.0
2021-03-10 00:00:00+05:30,3425.1794828578254,3478.081469634949,3409.039893671584,3467.81494140625,545219,0.0,0.0
2021-03-12 00:00:00+05:30,3477.1849448695993,3477.1849448695993,3348.785585838938,3359.1865234375,1119478,0.0,0.0
2021-03-15 00:00:00+05:30,3384.8304769371325,3384.8304769371325,3246.7922023279816,3285.8857421875,1024257,0.0,0.0
2021-03-16 00:00:00+05:30,3293.5071860200674,3308.6157220699,3259.300311578343,3276.739990234375,858553,0.0,0.0
2021-03-17 00:00:00+05:30,3272.749988680728,3297.856015991156,3188.286183439227,3200.659912109375,773240,0.0,0.0
2021-03-18 00:00:00+05:30,3226.124407719974,3311.260693152827,3196.5351621794625,3285.751220703125,1285600,0.0,0.0
2021-03-19 00:00:00+05:30,3276.2919897215506,3293.373100085247,3201.1980618336825,3272.795166015625,1132705,0.0,0.0
2021-03-22 00:00:00+05:30,3272.9293739930517,3304.132624102514,3258.672824181918,3285.9755859375,502724,0.0,0.0
2021-03-23 00:00:00+05:30,3286.692837061797,3326.50373557786,3264.9043481966173,3298.169921875,581531,0.0,0.0
2021-03-24 00:00:00+05:30,3282.613220971263,3315.78904429165,3219.80327384947,3231.10107421875,507559,0.0,0.0
2021-03-25 00:00:00+05:30,3241.367306687498,3241.367306687498,3135.563339276952,3139.68798828125,808505,0.0,0.0
2021-03-26 00:00:00+05:30,3153.586084970272,3245.1781641456673,3153.586084970272,3227.962646484375,691000,0.0,0.0
2021-03-30 00:00:00+05:30,3231.7285137337512,3294.9419035425126,3211.195457656616,3287.723876953125,749230,0.0,0.0
2021-03-31 00:00:00+05:30,3272.7499967076333,3302.8773171169123,3238.722406961658,3291.220947265625,694645,0.0,0.0
2021-04-01 00:00:00+05:30,3321.1688746324326,3375.2365434517587,3308.79514551894,3356.182861328125,861229,0.0,0.0
2021-04-05 00:00:00+05:30,3317.626976695378,3353.4478531636446,3206.443144130594,3226.57275390625,723573,0.0,0.0
2021-04-06 00:00:00+05:30,3263.7388168492766,3263.783692824298,3229.935386669321,3241.81591796875,501882,0.0,0.0
2021-04-07 00:00:00+05:30,3232.400801202115,3311.7088991311734,3224.5551681894885,3299.828369140625,346982,0.0,0.0
2021-04-08 00:00:00+05:30,3316.640758893901,3316.640758893901,3268.266866476057,3272.57080078125,414020,0.0,0.0
2021-04-09 00:00:00+05:30,3263.7834086946636,3312.202173548925,3250.333751790702,3273.91552734375,484807,0.0,0.0
2021-04-12 00:00:00+05:30,3209.536904120371,3227.0214605194064,3120.3657102667316,3175.01611328125,724230,0.0,0.0
2021-04-13 00:00:00+05:30,3200.121809803509,3249.1681832247205,3151.882328261515,3230.114501953125,412122,0.0,0.0
2021-04-15 00:00:00+05:30,3230.1146128336695,3277.7264891142972,3161.65598582393,3225.67626953125,614450,0.0,0.0
2021-04-16 00:00:00+05:30,3209.985072066373,3279.474972369486,3200.973757342401,3258.986572265625,526787,0.0,0.0
2021-04-19 00:00:00+05:30,3160.848814537973,3193.8453515640927,3090.73131017446,3152.1962890625,601819,0.0,0.0
2021-04-20 00:00:00+05:30,3214.7819732487283,3249.7062058831134,3187.658497983553,3228.724609375,676558,0.0,0.0
2021-04-22 00:00:00+05:30,3223.255554307527,3312.202585925048,3203.70867339204,3300.90478515625,1005711,0.0,0.0
2021-04-23 00:00:00+05:30,3299.649389465623,3326.1901351611577,3263.783635232301,3292.924560546875,631762,0.0,0.0
2021-04-26 00:00:00+05:30,3301.6217456014497,3361.517595023746,3296.062597841368,3352.416748046875,480016,0.0,0.0
2021-04-27 00:00:00+05:30,3352.417012460952,3405.4534096748694,3341.970980057469,3394.245361328125,518487,0.0,0.0
2021-04-28 00:00:00+05:30,3416.257987030598,3545.3298270645205,3413.5231794725923,3487.720458984375,1252958,0.0,0.0
2021-04-29 00:00:00+05:30,3535.466643680939,3545.5987628043986,3413.6128339888705,3439.92919921875,1335444,0.0,0.0
2021-04-30 00:00:00+05:30,3411.7300328471433,3556.403613392911,3407.2468133558855,3437.508544921875,1340273,0.0,0.0
2021-05-03 00:00:00+05:30,3420.696136850329,3503.0080824306797,3393.796822536958,3453.737548828125,796444,0.0,0.0
2021-05-04 00:00:00+05:30,3476.2883102258033,3486.151392870241,3420.7412658415246,3434.4599609375,408324,0.0,0.0
2021-05-05 00:00:00+05:30,3445.085057625713,3454.410285283246,3392.9901797587054,3446.519775390625,371452,0.0,0.0
2021-05-06 00:00:00+05:30,3453.8719550174674,3559.675924563693,3453.8719550174674,3533.8525390625,938078,0.0,0.0
2021-05-07 00:00:00+05:30,3545.7779055244127,3557.7033118405493,3455.620327693039,3467.097412109375,486456,0.0,0.0
2021-05-10 00:00:00+05:30,3496.9108967000484,3500.363062968638,3447.1471647085477,3468.801025390625,306598,0.0,0.0
2021-05-11 00:00:00+05:30,3461.0450726521785,3492.158568772564,3417.3336873434237,3478.350341796875,453808,0.0,0.0
2021-05-12 00:00:00+05:30,3466.42503873238,3496.9109288816044,3449.568090986078,3474.718994140625,499840,0.0,0.0
2021-05-14 00:00:00+05:30,3479.246965118589,3491.6653503478774,3419.799437667166,3451.002685546875,481619,0.0,0.0
2021-05-17 00:00:00+05:30,3447.5956750263545,3518.7891106356724,3437.0152335946395,3464.990478515625,427552,0.0,0.0
2021-05-18 00:00:00+05:30,3495.745344801758,3656.513631375144,3467.6803484303146,3646.829833984375,1371585,0.0,0.0
2021-05-19 00:00:00+05:30,3653.823753229941,3686.999576265403,3629.4350838609857,3672.6083984375,788882,0.0,0.0
2021-05-20 00:00:00+05:30,3672.6081942107003,3702.2423161097017,3642.256932384674,3650.416259765625,465579,0.0,0.0
2021-05-21 00:00:00+05:30,3660.2795455393975,3704.9324538419714,3635.9806281181964,3699.14892578125,378016,0.0,0.0
2021-05-24 00:00:00+05:30,3698.6559607965173,3752.3201839360427,3682.874941134241,3714.167724609375,500267,0.0,0.0
2021-05-25 00:00:00+05:30,3735.0147505337436,3754.247936943821,3713.0023183387543,3721.161865234375,297915,0.0,0.0
2021-05-26 00:00:00+05:30,3721.161644369477,3747.9712073086434,3713.8987417876556,3735.68701171875,261524,0.0,0.0
2021-05-27 00:00:00+05:30,3739.004818070074,3832.2557775615105,3723.537711808274,3807.239501953125,878610,0.0,0.0
2021-05-28 00:00:00+05:30,3801.9493900039165,3816.1161875669723,3754.8304934673956,3765.455810546875,285520,0.0,0.0
2021-05-31 00:00:00+05:30,3756.937814477805,3791.638107364967,3736.3150054723183,3759.4482421875,321021,0.0,0.0
2021-06-01 00:00:00+05:30,3770.297627578859,3897.7108058981476,3770.297627578859,3800.82861328125,1248169,0.0,0.0
2021-06-02 00:00:00+05:30,3790.9203375677107,3860.8585558699847,3765.904062430155,3851.1298828125,351583,0.0,0.0
2021-06-03 00:00:00+05:30,3850.4575217295646,3855.5685668159804,3803.563223356602,3831.673095703125,323999,0.0,0.0
2021-06-04 00:00:00+05:30,3823.647932623469,3851.4889867544525,3801.76991032504,3810.781005859375,374317,0.0,0.0
2021-06-07 00:00:00+05:30,3818.4024977968734,3842.029150841313,3801.769929481146,3810.51220703125,159646,0.0,0.0
2021-06-08 00:00:00+05:30,3810.7362213120896,3833.1523167315722,3796.3899202436205,3828.579345703125,150816,0.0,0.0
2021-06-09 00:00:00+05:30,3826.8755857756832,3830.9104827147626,3766.800453571613,3787.87158203125,262617,0.0,0.0
2021-06-10 00:00:00+05:30,3791.9068929908353,3795.941790370466,3735.418329676004,3747.881591796875,332571,0.0,0.0
2021-06-11 00:00:00+05:30,3752.454385637451,3781.0125788592377,3731.831577783291,3741.246337890625,188155,0.0,0.0
2021-06-14 00:00:00+05:30,3741.694654942421,3761.8691408605146,3700.5834482975665,3717.93359375,200657,0.0,0.0
2021-06-15 00:00:00+05:30,3725.555293505037,3740.6187354504923,3704.12559249637,3710.402099609375,138010,0.0,0.0
2021-06-16 00:00:00+05:30,3710.401732219294,3728.289513031542,3678.0328040358263,3685.609619140625,216236,0.0,0.0
2021-06-17 00:00:00+05:30,3694.172540981286,3694.172540981286,3624.279198944885,3634.904296875,357704,0.0,0.0
2021-06-18 00:00:00+05:30,3635.8909190422887,3759.9416869133056,3613.4748221308073,3736.40478515625,701993,0.0,0.0
2021-06-21 00:00:00+05:30,3723.7620088075423,3762.317695390428,3682.0234115976405,3750.347412109375,374649,0.0,0.0
2021-06-22 00:00:00+05:30,3750.930006700486,3793.341523088435,3725.8239791406327,3785.271728515625,591793,0.0,0.0
2021-06-23 00:00:00+05:30,3792.803454881085,3819.388857256088,3758.058505974078,3764.64892578125,418053,0.0,0.0
2021-06-24 00:00:00+05:30,3756.9378541985616,3798.3629765472247,3727.1244452123797,3790.02392578125,314542,0.0,0.0
2021-06-25 00:00:00+05:30,3783.8369471177484,3809.839618081354,3746.177906411837,3762.451904296875,175051,0.0,0.0
2021-06-28 00:00:00+05:30,3762.4520557704727,3770.611602481458,3735.4183308811016,3751.06494140625,158954,0.0,0.0
2021-06-29 00:00:00+05:30,3752.4543382765796,3755.9065045019042,3691.482559303388,3698.341796875,332405,0.0,0.0
2021-06-30 00:00:00+05:30,3703.139142169529,3733.6250334125707,3693.9931996708624,3706.59130859375,331122,0.0,0.0
2021-07-01 00:00:00+05:30,3713.001861822398,3810.736033022263,3713.001861822398,3769.9833984375,755502,0.0,0.0
2021-07-02 00:00:00+05:30,3792.35517906608,3792.35517906608,3739.9015136268163,3743.802001953125,375525,0.0,0.0
2021-07-05 00:00:00+05:30,3758.372824280798,3810.646990826623,3754.1137655682755,3767.24951171875,375703,0.0,0.0
2021-07-06 00:00:00+05:30,3769.042199190683,3809.839491937959,3740.7979195964144,3761.779296875,515181,0.0,0.0
2021-07-07 00:00:00+05:30,3765.9042177147376,3787.423670387393,3739.004901873918,3755.36865234375,392794,0.0,0.0
2021-07-08 00:00:00+05:30,3774.3389938934974,3820.443269449276,3738.949148056433,3782.31689453125,625491,140.0,0.0
2021-07-09 00:00:00+05:30,3782.038603839898,3784.775132957257,3701.332849968406,3706.805908203125,656635,0.0,0.0
2021-07-12 00:00:00+05:30,3727.307027293221,3738.4388551497464,3661.350856652262,3669.931640625,512870,0.0,0.0
2021-07-13 00:00:00+05:30,3696.694403054303,3728.883892460408,3668.447435909925,3679.161865234375,614101,0.0,0.0
2021-07-14 00:00:00+05:30,3681.8519372990504,3713.4849709643945,3654.950020901552,3667.798095703125,527932,0.0,0.0
2021-07-15 00:00:00+05:30,3667.9373279861993,3682.733337415354,3645.9520129698185,3654.9501953125,310788,0.0,0.0
2021-07-16 00:00:00+05:30,3671.6480553846145,3674.0600421211934,3641.0355273836813,3647.482666015625,323569,0.0,0.0
2021-07-19 00:00:00+05:30,3638.25255791663,3654.0226480452843,3594.652896972703,3601.93505859375,408067,0.0,0.0
2021-07-20 00:00:00+05:30,3606.619355922251,3647.946311977353,3601.053442015237,3622.853271484375,467908,0.0,0.0
2021-07-22 00:00:00+05:30,3636.396904536085,3723.2714491771358,3508.009920742486,3574.4296875,1707977,0.0,0.0
2021-07-23 00:00:00+05:30,3592.797342623374,3641.0352620182657,3548.31646032303,3563.947265625,709478,0.0,0.0
2021-07-26 00:00:00+05:30,3573.3167404982532,3591.2204755891084,3552.908389436218,3558.799072265625,408134,0.0,0.0
2021-07-27 00:00:00+05:30,3571.461612345259,3579.810483646845,3536.2108224052276,3544.9306640625,391373,0.0,0.0
2021-07-28 00:00:00+05:30,3556.619089859606,3563.53005453264,3507.4535155866383,3542.240478515625,235770,0.0,0.0
2021-07-29 00:00:00+05:30,3550.8678406448707,3550.8678406448707,3478.6964398767022,3491.45166015625,355185,0.0,0.0
2021-07-30 00:00:00+05:30,3502.815099436811,3578.8825883546656,3481.618153702193,3552.537353515625,511767,0.0,0.0
2021-08-02 00:00:00+05:30,3593.725075117625,3599.2909890181686,3537.32376896326,3563.622802734375,351187,0.0,0.0
2021-08-03 00:00:00+05:30,3552.9085890984147,3560.329808083477,3530.3201632215805,3551.23876953125,408981,0.0,0.0
2021-08-04 00:00:00+05:30,3557.5466288206226,3585.2371410206115,3539.9212348316805,3554.763671875,363955,0.0,0.0
2021-08-05 00:00:00+05:30,3564.040083623159,3578.882520202537,3537.694849285806,3542.47216796875,333818,0.0,0.0
2021-08-06 00:00:00+05:30,3555.691313584836,3592.1945226704197,3522.5277434150844,3569.467041015625,504011,0.0,0.0
2021-08-09 00:00:00+05:30,3579.0217265057818,3616.823558743174,3559.4483983381447,3576.23876953125,396098,0.0,0.0
2021-08-10 00:00:00+05:30,3577.9551634140616,3582.361512137478,3511.257049118032,3523.17724609375,253258,0.0,0.0
2021-08-11 00:00:00+05:30,3525.078829948581,3530.876656971523,3427.8608211323703,3457.499267578125,497724,0.0,0.0
2021-08-12 00:00:00+05:30,3475.7276358571926,3503.7426896422094,3465.7089458573723,3496.646240234375,316454,0.0,0.0
2021-08-13 00:00:00+05:30,3506.525727185846,3580.7379118881922,3487.9726810102597,3548.9658203125,581862,0.0,0.0
2021-08-16 00:00:00+05:30,3549.197783641168,3551.9807406069085,3473.130293244258,3477.25830078125,294567,0.0,0.0
2021-08-17 00:00:00+05:30,3477.768513813283,3543.168001736419,3470.8575493921057,3531.98974609375,319770,0.0,0.0
2021-08-18 00:00:00+05:30,3534.3553615619394,3577.0737964637433,3501.887530156515,3555.73779296875,493285,0.0,0.0
2021-08-20 00:00:00+05:30,3506.5257373613053,3548.2700913775116,3456.247027375087,3480.087646484375,301943,0.0,0.0
2021-08-23 00:00:00+05:30,3513.8541043149353,3513.8541043149353,3383.287041316172,3402.860595703125,455643,0.0,0.0
2021-08-24 00:00:00+05:30,3423.037186269685,3452.722061597769,3389.3633605238647,3445.99658203125,276602,0.0,0.0
2021-08-25 00:00:00+05:30,3461.488068960031,3487.9261590473384,3413.7604042558346,3422.712158203125,398715,0.0,0.0
2021-08-26 00:00:00+05:30,3422.7123017946806,3450.5418714751577,3404.4840242450155,3424.335693359375,283891,0.0,0.0
2021-08-27 00:00:00+05:30,3439.178013074203,3478.603235441839,3412.8327786007567,3431.80322265625,274822,0.0,0.0
2021-08-30 00:00:00+05:30,3448.918418063006,3484.818743489136,3436.951793906039,3451.237548828125,561903,0.0,0.0
2021-08-31 00:00:00+05:30,3462.879572435485,3468.4919140883844,3437.5084181775424,3458.148681640625,693952,0.0,0.0
2021-09-01 00:00:00+05:30,3482.4068016902957,3534.355331497077,3460.236001881662,3486.395751953125,585605,0.0,0.0
2021-09-02 00:00:00+05:30,3514.874587453549,3514.874587453549,3448.083621421177,3451.747802734375,474397,0.0,0.0
2021-09-03 00:00:00+05:30,3456.43251660741,3533.8914847063684,3455.5048642948477,3485.653564453125,740269,0.0,0.0
2021-09-06 00:00:00+05:30,3510.653641843806,3551.980596402776,3497.249111631879,3507.546142578125,779715,0.0,0.0
2021-09-07 00:00:00+05:30,3522.110252810847,3525.6815782335248,3489.966965141094,3497.8984375,450262,0.0,0.0
2021-09-08 00:00:00+05:30,3497.017261413796,3497.017261413796,3449.011254840903,3455.82958984375,396710,0.0,0.0
2021-09-09 00:00:00+05:30,3455.41213214811,3459.169169443982,3427.675417600793,3432.870361328125,479537,0.0,0.0
2021-09-13 00:00:00+05:30,3431.3857420504246,3450.866439693858,3413.7603489444614,3431.89599609375,342427,0.0,0.0
2021-09-14 00:00:00+05:30,3448.454772536143,3494.4664199171834,3423.0371886101425,3479.67041015625,741880,0.0,0.0
2021-09-15 00:00:00+05:30,3490.3848980041507,3526.5633404346804,3486.164034425063,3505.691162109375,510406,0.0,0.0
2021-09-16 00:00:00+05:30,3523.22344011202,3556.6189229566835,3506.5721266002724,3537.60205078125,558125,0.0,0.0
2021-09-17 00:00:00+05:30,3562.1848638048264,3598.7342741601115,3534.7726927995554,3545.672607421875,1304667,0.0,0.0
2021-09-20 00:00:00+05:30,3537.509250373132,3537.509250373132,3464.7813994076696,3502.861572265625,399648,0.0,0.0
2021-09-21 00:00:00+05:30,3503.7428259957906,3519.3738582384212,3428.602987789368,3459.030029296875,354217,0.0,0.0
2021-09-22 00:00:00+05:30,3461.9984919378326,3497.2492804409508,3452.768396559514,3485.328857421875,245919,0.0,0.0
2021-09-23 00:00:00+05:30,3485.328602898664,3543.631638111514,3485.328602898664,3524.33642578125,228970,0.0,0.0
2021-09-24 00:00:00+05:30,3525.078883668961,3570.626704046364,3513.065831189877,3534.169921875,363519,0.0,0.0
2021-09-27 00:00:00+05:30,3553.8359552633847,3640.8497861511037,3546.229251711828,3630.2744140625,962801,0.0,0.0
2021-09-28 00:00:00+05:30,3644.7461834405735,3659.403136269406,3595.0239255213423,3625.914794921875,478682,0.0,0.0
2021-09-29 00:00:00+05:30,3617.8439325771783,3651.1465592116524,3571.461318056958,3617.148193359375,379896,0.0,0.0
2021-09-30 00:00:00+05:30,3610.654622097197,3614.5042885057555,3536.2105259000614,3555.366455078125,576711,0.0,0.0
2021-10-01 00:00:00+05:30,3543.6319779471173,3599.9868582246795,3527.5371190792657,3573.87353515625,407091,0.0,0.0
2021-10-04 00:00:00+05:30,3577.444763097204,3603.5583119299445,3544.7914465559547,3549.1513671875,237249,0.0,0.0
2021-10-05 00:00:00+05:30,3547.7600342182454,3593.6323982709805,3543.632026498609,3584.44873046875,287612,0.0,0.0
2021-10-06 00:00:00+05:30,3595.5801207411546,3603.00133874062,3487.972459748901,3497.29541015625,383507,0.0,0.0
2021-10-07 00:00:00+05:30,3538.9937418300688,3588.762200190311,3511.164171121051,3551.5634765625,343916,0.0,0.0
2021-10-08 00:00:00+05:30,3565.477925654811,3597.945755086606,3530.7373934583115,3539.503662109375,215542,0.0,0.0
2021-10-11 00:00:00+05:30,3566.823002075902,3599.197975925028,3553.2329868202833,3573.409423828125,239321,0.0,0.0
2021-10-12 00:00:00+05:30,3580.7380137154414,3705.507252794386,3578.8827090451227,3690.896728515625,1353877,0.0,0.0
2021-10-13 00:00:00+05:30,3705.924316996956,3756.9916187397907,3670.3489890369306,3680.599365234375,648769,0.0,0.0
2021-10-14 00:00:00+05:30,3682.7795391449295,3719.0044058519397,3668.1225878749774,3678.97607421875,272066,0.0,0.0
2021-10-18 00:00:00+05:30,3581.6656859145583,3682.5014500101015,3581.6656859145583,3632.64013671875,463126,0.0,0.0
2021-10-19 00:00:00+05:30,3645.859219480786,3668.8650430487783,3610.654858105337,3628.55859375,275481,0.0,0.0
2021-10-20 00:00:00+05:30,3621.3227174200574,3627.027688554822,3551.0530546997065,3570.208984375,321450,0.0,0.0
2021-10-21 00:00:00+05:30,3590.0146060787165,3594.7919251055746,3496.785544603029,3528.78955078125,373336,0.0,0.0
2021-10-22 00:00:00+05:30,3561.6747808257096,3627.120699614275,3537.1848493017173,3586.767822265625,408499,0.0,0.0
2021-10-25 00:00:00+05:30,3575.172287809283,3603.6975986162715,3464.7816541171956,3491.45166015625,306195,0.0,0.0
2021-10-26 00:00:00+05:30,3506.3865655545483,3536.025010642265,3490.059794814992,3517.425537109375,170050,0.0,0.0
2021-10-27 00:00:00+05:30,3520.4403756423358,3538.9934211002665,3487.972546090957,3503.27880859375,251226,0.0,0.0
2021-10-28 00:00:00+05:30,3576.0532607889527,3580.737950294058,3421.970346534631,3432.962890625,706705,0.0,0.0
2021-10-29 00:00:00+05:30,3450.866874557455,3483.1956507878435,3399.8459933476,3439.039306640625,316325,0.0,0.0
2021-11-01 00:00:00+05:30,3452.536625433133,3478.6963768918336,3415.245045568378,3456.57177734375,228051,0.0,0.0
2021-11-02 00:00:00+05:30,3464.781477231311,3515.8023557447573,3457.406686450801,3471.135986328125,250053,0.0,0.0
2021-11-03 00:00:00+05:30,3456.6181262163054,3491.6370022762517,3422.155932154984,3430.829345703125,261709,0.0,0.0
2021-11-04 00:00:00+05:30,3449.4751848223746,3492.5181622898876,3449.4751848223746,3487.369873046875,65679,0.0,0.0
2021-11-08 00:00:00+05:30,3516.72978701085,3525.078657515492,3472.7591596107786,3504.02099609375,261609,0.0,0.0
2021-11-09 00:00:00+05:30,3506.525888737965,3566.823291586634,3499.1046699258213,3519.930419921875,521920,0.0,0.0
2021-11-10 00:00:00+05:30,3515.8022544413084,3526.5631118269503,3473.1302481868756,3498.826171875,373526,0.0,0.0
2021-11-11 00:00:00+05:30,3501.423812948024,3508.242148346378,3456.4326737433666,3478.64990234375,446382,0.0,0.0
2021-11-12 00:00:00+05:30,3508.3809586367,3508.3809586367,3354.112337608422,3372.0625,745428,0.0,0.0
2021-11-15 00:00:00+05:30,3386.858547989839,3408.101695073121,3321.0416625869557,3340.614990234375,551238,0.0,0.0
2021-11-16 00:00:00+05:30,3351.5149909498386,3387.6008022417464,3323.871132875403,3347.618896484375,473529,0.0,0.0
2021-11-17 00:00:00+05:30,3348.824953871946,3380.365133492901,3317.6557445966596,3324.5205078125,348752,0.0,0.0
2021-11-18 00:00:00+05:30,3330.7354415614045,3334.8170209168525,3269.974218494346,3290.892822265625,384426,0.0,0.0
2021-11-22 00:00:00+05:30,3311.718724647691,3311.718724647691,3178.136792897196,3195.02001953125,422572,0.0,0.0
2021-11-23 00:00:00+05:30,3191.1239985710577,3199.0090433349687,3131.8006776722154,3186.3466796875,713102,0.0,0.0
2021-11-24 00:00:00+05:30,3208.749311919144,3208.749311919144,3140.7059249912186,3160.604248046875,287005,0.0,0.0
2021-11-25 00:00:00+05:30,3155.8729787784014,3166.9119500472852,3132.728100258366,3146.318115234375,264226,0.0,0.0
2021-11-26 00:00:00+05:30,3126.1881651616477,3138.711470867785,3079.8055514352136,3093.349365234375,341506,0.0,0.0
2021-11-29 00:00:00+05:30,3080.7330355314107,3111.6703277891065,3011.344603889084,3059.58251953125,403739,0.0,0.0
2021-11-30 00:00:00+05:30,3057.541766219476,3082.5419486544224,2989.869580979282,3005.87158203125,682518,0.0,0.0
2021-12-01 00:00:00+05:30,3042.6996045200667,3055.872222146551,2993.8123726332096,3014.45263671875,551434,0.0,0.0
2021-12-02 00:00:00+05:30,3024.1001441951335,3095.9005698611722,3002.346742522588,3087.597900390625,502905,0.0,0.0
2021-12-03 00:00:00+05:30,3093.7204045820336,3101.280680197089,3043.2562103127293,3049.981689453125,315536,0.0,0.0
2021-12-06 00:00:00+05:30,3059.2119237032384,3061.252713550081,3008.098189319278,3014.63818359375,251407,0.0,0.0
2021-12-07 00:00:00+05:30,3047.2913828757114,3077.0226844378094,3025.074155547693,3048.682861328125,286908,0.0,0.0
2021-12-08 00:00:00+05:30,3063.8967268973975,3096.457189262134,3058.4698699311266,3090.984130859375,334037,0.0,0.0
2021-12-09 00:00:00+05:30,3107.635247768024,3107.635247768024,3066.8185460062946,3099.286376953125,237723,0.0,0.0
2021-12-10 00:00:00+05:30,3079.9909843293813,3120.8076837160133,3079.805499173144,3102.764892578125,220039,0.0,0.0
2021-12-13 00:00:00+05:30,3123.4053958295526,3128.4610557336932,3056.6144280541657,3066.308349609375,214515,0.0,0.0
2021-12-14 00:00:00+05:30,3061.2528238252007,3065.8910856794814,3031.567947957805,3053.5068359375,181626,0.0,0.0
2021-12-15 00:00:00+05:30,3051.6514303246404,3088.9432355824943,3038.061414131863,3056.150634765625,295667,0.0,0.0
2021-12-16 00:00:00+05:30,3086.9951941672816,3086.9951941672816,2993.8589862099466,3017.792236328125,324140,0.0,0.0
2021-12-17 00:00:00+05:30,3013.061132024867,3025.8163512925903,2921.269981208302,2949.145751953125,3170631,0.0,0.0
2021-12-20 00:00:00+05:30,2922.011663610328,2941.678072034243,2808.049723239341,2880.545654296875,595625,0.0,0.0
2021-12-21 00:00:00+05:30,2886.85403630153,2931.4277758272237,2868.3009897957363,2904.2939453125,326850,0.0,0.0
2021-12-22 00:00:00+05:30,2905.406963727969,2943.950961559537,2899.8410500043524,2908.978515625,294578,0.0,0.0
2021-12-23 00:00:00+05:30,2922.1049134712607,2960.092232050862,2910.9730852294656,2944.46142578125,224147,0.0,0.0
2021-12-24 00:00:00+05:30,2951.1404226324153,2963.849214343623,2908.1900741681557,2924.006591796875,123753,0.0,0.0
2021-12-27 00:00:00+05:30,2917.4664766238516,2944.5074505140738,2896.130473774138,2925.908203125,94069,0.0,0.0
2021-12-28 00:00:00+05:30,2932.4947788126096,2956.9385106206882,2922.105117025381,2946.2705078125,214640,0.0,0.0
2021-12-29 00:00:00+05:30,2958.05145885716,3032.495560644157,2924.0066625877907,3026.4658203125,563709,0.0,0.0
2021-12-30 00:00:00+05:30,3040.844203609068,3041.9109131504674,2956.4278453026536,2969.2294921875,594987,0.0,0.0
2021-12-31 00:00:00+05:30,2996.3170091535544,3028.506499529123,2984.2575289309552,3014.17431640625,248103,0.0,0.0
2022-01-03 00:00:00+05:30,3022.940582836693,3054.3881325059633,3016.261531399608,3040.009521484375,266680,0.0,0.0
2022-01-04 00:00:00+05:30,3046.4101812021327,3076.0950550749917,3034.025932292254,3051.1875,244503,0.0,0.0
2022-01-05 00:00:00+05:30,3051.1874454434223,3121.549962378116,3043.6271698551554,3115.566650390625,312215,0.0,0.0
2022-01-06 00:00:00+05:30,3102.8115331755935,3180.919813424049,3091.8651904760445,3170.901123046875,410181,0.0,0.0
2022-01-07 00:00:00+05:30,3188.80490195514,3188.80490195514,3132.6819356807296,3147.060546875,263996,0.0,0.0
2022-01-10 00:00:00+05:30,3167.747225663636,3201.5601078380714,3158.1459334453157,3186.57861328125,318473,0.0,0.0
2022-01-11 00:00:00+05:30,3166.0773881204764,3196.643486961656,3166.0773881204764,3188.109130859375,225782,0.0,0.0
2022-01-12 00:00:00+05:30,3196.782710725674,3202.2557687544577,3167.2368941106333,3191.216796875,198452,0.0,0.0
2022-01-13 00:00:00+05:30,3196.5970076232397,3222.942469140061,3181.8474264705883,3201.328125,291271,0.0,0.0
2022-01-14 00:00:00+05:30,3201.3280505896237,3211.7177109349605,3177.2090910662014,3184.44482421875,127752,0.0,0.0
2022-01-17 00:00:00+05:30,3200.400237414034,3271.8294601041443,3185.604229438031,3237.2744140625,646271,0.0,0.0
2022-01-18 00:00:00+05:30,3236.5325755700414,3244.185707349557,3147.1534087952414,3154.899169921875,656590,0.0,0.0
2022-01-19 00:00:00+05:30,3154.898849941174,3211.810405629545,3138.29396538564,3188.1552734375,694189,0.0,0.0
2022-01-20 00:00:00+05:30,3152.9973953747867,3198.545215102002,3056.614409443474,3069.36962890625,874508,0.0,0.0
2022-01-21 00:00:00+05:30,3069.3696610301863,3222.6177813567815,3033.4231330770563,3172.385498046875,1609260,0.0,0.0
2022-01-24 00:00:00+05:30,3173.4984870326416,3204.296497793677,3107.6351743815694,3137.598388671875,788137,0.0,0.0
2022-01-25 00:00:00+05:30,3115.9840445439277,3237.50649462885,3087.9225627495084,3218.11865234375,571406,0.0,0.0
2022-01-27 00:00:00+05:30,3195.762323867791,3280.9208543102136,3148.6375395149416,3247.8037109375,664333,0.0,0.0
2022-01-28 00:00:00+05:30,3251.4212800405126,3304.5758016117325,3232.961090040171,3244.185546875,575466,0.0,0.0
2022-01-31 00:00:00+05:30,3265.336031449223,3326.2363131492707,3234.723506154386,3306.755615234375,470500,0.0,0.0
2022-02-01 00:00:00+05:30,3318.212374475094,3332.451928289008,3257.497574953901,3278.74072265625,487464,0.0,0.0
2022-02-02 00:00:00+05:30,3283.8892381983733,3325.633592921234,3266.6812422337593,3279.2509765625,212256,0.0,0.0
2022-02-03 00:00:00+05:30,3293.165657206912,3386.81211137478,3266.2637405705736,3359.121826171875,760774,0.0,0.0
2022-02-04 00:00:00+05:30,3359.121890023162,3359.121890023162,3293.1657198044823,3307.4052734375,296588,0.0,0.0
2022-02-07 00:00:00+05:30,3311.7188511399595,3311.7188511399595,3217.0983125359608,3224.51953125,286849,0.0,0.0
2022-02-08 00:00:00+05:30,3224.6125198561635,3258.796374078736,3196.5972368749717,3208.4248046875,397493,0.0,0.0
2022-02-09 00:00:00+05:30,3202.2556936856813,3311.7186635161884,3202.2556936856813,3305.7353515625,352729,0.0,0.0
2022-02-10 00:00:00+05:30,3305.5498090326514,3322.433035062046,3289.130182660952,3311.11572265625,239918,0.0,0.0
2022-02-11 00:00:00+05:30,3274.612475133476,3316.3568267994833,3254.2041254300943,3308.61083984375,339577,0.0,0.0
2022-02-14 00:00:00+05:30,3214.315161721336,3282.0337784040657,3210.9293214782433,3235.604736328125,282645,0.0,0.0
2022-02-15 00:00:00+05:30,3237.5064795012545,3340.4758832905495,3222.4321298474165,3329.529541015625,357052,0.0,0.0
2022-02-16 00:00:00+05:30,3338.620679689588,3376.654424581856,3312.739270707603,3327.39599609375,244587,0.0,0.0
2022-02-17 00:00:00+05:30,3330.3646498331696,3395.2074557327574,3330.3646498331696,3337.043701171875,513917,0.0,0.0
2022-02-18 00:00:00+05:30,3336.7654256965952,3378.973606644384,3305.781928514981,3369.372314453125,277299,0.0,0.0
2022-02-21 00:00:00+05:30,3361.951079820951,3374.7527271891495,3309.2606089937735,3320.531494140625,344326,0.0,0.0
2022-02-22 00:00:00+05:30,3265.3362549477174,3353.4632277375,3260.6979932219397,3340.19775390625,432562,0.0,0.0
2022-02-23 00:00:00+05:30,3353.556028012821,3376.5616246095033,3311.71881734827,3321.273681640625,209392,0.0,0.0
2022-02-24 00:00:00+05:30,3233.332068383237,3301.792852926122,3186.48562757034,3227.20947265625,628362,0.0,0.0
2022-02-25 00:00:00+05:30,3237.59933963105,3302.4421439449934,3237.59933963105,3254.5751953125,327777,0.0,0.0
2022-02-28 00:00:00+05:30,3244.6495154816485,3303.369953377223,3198.5916678010935,3274.9375,387040,0.0,0.0
2022-03-02 00:00:00+05:30,3245.2062159509987,3245.2062159509987,3091.8652393433085,3128.322021484375,982580,0.0,0.0
2022-03-03 00:00:00+05:30,3153.0901791213605,3158.470607776372,3041.771902718135,3058.5625,536758,0.0,0.0
2022-03-04 00:00:00+05:30,3015.7975184873208,3048.218919907005,2923.032291834373,3007.54150390625,509620,0.0,0.0
2022-03-07 00:00:00+05:30,2954.5725257650956,3041.7718404972525,2898.913388702017,3000.63037109375,335205,0.0,0.0
2022-03-08 00:00:00+05:30,2995.3894594490757,3111.763402288542,2945.945543546974,3077.11572265625,557492,0.0,0.0
2022-03-09 00:00:00+05:30,3079.805515194482,3116.911605738994,3054.7589040769362,3097.430908203125,508262,0.0,0.0
2022-03-10 00:00:00+05:30,3153.090446988453,3191.1241946573346,3140.474283999918,3174.751220703125,350154,0.0,0.0
2022-03-11 00:00:00+05:30,3154.017757289841,3196.2259361006313,3141.448023579238,3175.353759765625,156038,0.0,0.0
2022-03-14 00:00:00+05:30,3155.8732424693167,3214.268911639825,3124.3330630913165,3202.76611328125,245299,0.0,0.0
2022-03-15 00:00:00+05:30,3192.051806116136,3241.217381740709,3178.4617894826597,3204.15771484375,229544,0.0,0.0
2022-03-16 00:00:00+05:30,3237.5529327073573,3332.3125239114506,3229.15763415441,3311.533203125,262987,0.0,0.0
2022-03-17 00:00:00+05:30,3320.9953275906496,3399.7067180549,3316.959949380882,3386.348388671875,429272,0.0,0.0
2022-03-21 00:00:00+05:30,3386.348387209514,3449.0113471089126,3321.2272392379464,3329.390625,432309,0.0,0.0
2022-03-22 00:00:00+05:30,3320.995331518662,3397.06282235233,3306.6167204464446,3391.914306640625,213667,0.0,0.0
2022-03-23 00:00:00+05:30,3399.799189327178,3416.868127221153,3330.2716960109938,3340.939697265625,281347,0.0,0.0
2022-03-24 00:00:00+05:30,3330.5501478047513,3374.706262058682,3311.440419547858,3324.613037109375,385957,0.0,0.0
2022-03-25 00:00:00+05:30,3332.1270964920473,3394.4188584982844,3332.1270964920473,3389.96630859375,492945,0.0,0.0
2022-03-28 00:00:00+05:30,3389.966453295935,3466.636829375445,3381.3392411518175,3420.949951171875,688267,0.0,0.0
2022-03-29 00:00:00+05:30,3430.2726780527328,3464.7812978928505,3395.995971284763,3422.2021484375,376929,0.0,0.0
2022-03-30 00:00:00+05:30,3459.8182568046905,3459.8182568046905,3400.077540196054,3408.287353515625,343930,0.0,0.0
2022-03-31 00:00:00+05:30,3413.760479400493,3446.3673673015473,3373.0366338378203,3388.7138671875,511249,0.0,0.0
2022-04-01 00:00:00+05:30,3372.943679167132,3474.9854296369845,3372.943679167132,3469.32666015625,391985,0.0,0.0
2022-04-04 00:00:00+05:30,3478.69603545947,3499.1043855341654,3447.5268283907103,3491.3583984375,419517,0.0,0.0
2022-04-05 00:00:00+05:30,3492.6111332663572,3543.585585121691,3492.6111332663572,3534.0771484375,339228,0.0,0.0
2022-04-06 00:00:00+05:30,3526.006612115085,3534.3554833355624,3470.9041526509827,3526.748779296875,240470,0.0,0.0
2022-04-07 00:00:00+05:30,3526.79504528995,3543.260873885477,3498.2233086850047,3527.166015625,224527,0.0,0.0
2022-04-08 00:00:00+05:30,3536.4890525443607,3558.4743676537882,3494.4663563482327,3534.68017578125,229962,0.0,0.0
2022-04-11 00:00:00+05:30,3543.631670780212,3548.269932129401,3495.5328099980825,3513.158203125,135225,0.0,0.0
2022-04-12 00:00:00+05:30,3495.8576252501143,3503.4643286681526,3410.096217061657,3443.49169921875,266145,0.0,0.0
2022-04-13 00:00:00+05:30,3443.49195420604,3476.377184747553,3403.6493310332776,3429.80908203125,198206,0.0,0.0
2022-04-18 00:00:00+05:30,3423.0370840569067,3486.3493553270646,3381.5246424548614,3445.857421875,373718,0.0,0.0
2022-04-19 00:00:00+05:30,3469.4198089332444,3501.516671018704,3356.5709904984315,3392.563720703125,211918,0.0,0.0
2022-04-20 00:00:00+05:30,3400.7735335617817,3464.7351181459853,3388.0647415933145,3451.5625,174080,0.0,0.0
2022-04-21 00:00:00+05:30,3436.951840396982,3468.955845388533,3413.8533882549964,3434.49365234375,216475,0.0,0.0
2022-04-22 00:00:00+05:30,3404.4838260606125,3427.4432197104766,3360.7451121833283,3378.973388671875,228316,0.0,0.0
2022-04-25 00:00:00+05:30,3341.4036602234896,3455.2729826256086,3339.5483555815,3416.4970703125,444222,0.0,0.0
2022-04-26 00:00:00+05:30,3436.905360323155,3622.4822491372183,3436.905360323155,3610.515625,1107122,0.0,0.0
2022-04-27 00:00:00+05:30,3590.01449035108,3635.4694541823987,3567.750834596965,3623.085205078125,541564,0.0,0.0
2022-04-28 00:00:00+05:30,3710.609051413302,3710.609051413302,3529.7168601569033,3556.98974609375,1628318,0.0,0.0
2022-04-29 00:00:00+05:30,3529.7169047586785,3562.184734368811,3442.842359835752,3459.7255859375,594650,0.0,0.0
2022-05-02 00:00:00+05:30,3450.8666347160433,3450.8666347160433,3345.1142701037775,3361.3017578125,376660,0.0,0.0
2022-05-04 00:00:00+05:30,3362.7395763909744,3416.5434096132303,3233.239225147742,3243.9072265625,575428,0.0,0.0
2022-05-05 00:00:00+05:30,3282.7762577853778,3334.9102757717355,3256.4307945463893,3268.9541015625,323081,0.0,0.0
2022-05-06 00:00:00+05:30,3235.929695557931,3297.804061199684,3209.6770891001142,3246.55126953125,436366,0.0,0.0
2022-05-09 00:00:00+05:30,3237.5067035628285,3325.3553358682775,3228.2301800569176,3310.559326171875,502719,0.0,0.0
2022-05-10 00:00:00+05:30,3307.0339545263187,3382.869528513453,3283.889075406195,3333.10107421875,507087,0.0,0.0
2022-05-11 00:00:00+05:30,3339.548327185528,3365.476164041348,3281.384572449236,3351.46875,437746,0.0,0.0
2022-05-12 00:00:00+05:30,3325.633544921875,3389.641554573091,3283.147023654965,3325.633544921875,777332,0.0,0.0
2022-05-13 00:00:00+05:30,3356.292455908122,3465.708999612684,3356.292455908122,3378.6025390625,633218,0.0,0.0
2022-05-16 00:00:00+05:30,3385.9310917481475,3455.505018290918,3385.9310917481475,3447.01708984375,401803,0.0,0.0
2022-05-17 00:00:00+05:30,3455.597832761479,3513.019422189852,3455.597832761479,3472.10986328125,402398,0.0,0.0
2022-05-18 00:00:00+05:30,3472.2027295813477,3552.4446574757603,3465.8946483357417,3516.91552734375,507061,0.0,0.0
2022-05-19 00:00:00+05:30,3424.7994820943804,3504.6704367955635,3413.80693807729,3430.968505859375,261026,0.0,0.0
2022-05-20 00:00:00+05:30,3487.9726950261584,3570.5337508392777,3464.7813872134843,3513.761474609375,396832,0.0,0.0
2022-05-23 00:00:00+05:30,3558.4742712665084,3594.1888853029423,3497.2492186326217,3512.230712890625,339483,0.0,0.0
2022-05-24 00:00:00+05:30,3541.219967245621,3564.0403054981102,3498.223416989603,3509.587158203125,369304,0.0,0.0
2022-05-25 00:00:00+05:30,3538.576258582922,3542.704266176763,3471.506949489393,3517.47216796875,225253,0.0,0.0
2022-05-26 00:00:00+05:30,3526.099341893572,3590.0144964722763,3482.453254722332,3578.27978515625,419826,0.0,0.0
2022-05-27 00:00:00+05:30,3594.6527627434425,3608.567547631482,3546.4612697100574,3555.73779296875,422591,0.0,0.0
2022-05-30 00:00:00+05:30,3580.7378115005445,3620.7659169111203,3565.014150603078,3577.676513671875,271827,0.0,0.0
2022-05-31 00:00:00+05:30,3595.580476180668,3671.6479681948103,3561.2573395401405,3584.54150390625,1154256,0.0,0.0
2022-06-01 00:00:00+05:30,3596.6937701194393,3621.5548992520444,3439.0857210119975,3450.959716796875,784215,0.0,0.0
2022-06-02 00:00:00+05:30,3450.959227094224,3478.6030829723827,3401.097918638256,3421.830810546875,346754,0.0,0.0
2022-06-03 00:00:00+05:30,3449.938871778741,3463.7608003298055,3385.930863670988,3406.988525390625,409815,0.0,0.0
2022-06-06 00:00:00+05:30,3395.207229786154,3589.782288924855,3386.3945334246873,3540.8486328125,1136609,0.0,0.0
2022-06-07 00:00:00+05:30,3492.6110470175568,3574.8473360594717,3492.6110470175568,3556.7119140625,561644,0.0,0.0
2022-06-08 00:00:00+05:30,3556.155063774553,3571.4613266028514,3495.440266517827,3519.65185546875,346603,0.0,0.0
2022-06-09 00:00:00+05:30,3519.651953312912,3613.2057802158374,3505.969081616331,3598.03857421875,627869,0.0,0.0
2022-06-10 00:00:00+05:30,3670.0710168556893,3683.7074610280856,3571.4615273125482,3600.21875,1412838,0.0,0.0
2022-06-13 00:00:00+05:30,3548.26999830163,3613.2520863111467,3519.9301756340524,3600.450439453125,519745,0.0,0.0
2022-06-14 00:00:00+05:30,3603.9293729867973,3632.454682695766,3342.284982864779,3415.384033203125,1733394,0.0,0.0
2022-06-15 00:00:00+05:30,3432.313474151172,3471.877753741898,3381.2925981840604,3430.551025390625,753821,0.0,0.0
2022-06-16 00:00:00+05:30,3466.4511590077805,3466.4511590077805,3370.1608049980287,3393.53759765625,438590,0.0,0.0
2022-06-17 00:00:00+05:30,3404.4839812545315,3445.2542550260755,3354.019786128889,3366.40380859375,727356,0.0,0.0
2022-06-20 00:00:00+05:30,3358.333432837544,3375.5414292908995,3316.1716786655,3354.344482421875,268242,0.0,0.0
2022-06-21 00:00:00+05:30,3368.3053693055176,3409.122068906025,3354.4370132595022,3381.5244140625,424763,0.0,0.0
2022-06-22 00:00:00+05:30,3381.2927805983795,3452.2581846356293,3352.6746153073414,3372.619140625,585483,0.0,0.0
2022-06-23 00:00:00+05:30,3413.8533638576673,3521.368176223498,3400.0776364339235,3510.978515625,1186420,0.0,0.0
2022-06-24 00:00:00+05:30,3525.8208092875666,3563.437154304167,3508.3344733267995,3537.462890625,558798,0.0,0.0
2022-06-27 00:00:00+05:30,3590.0144598881793,3672.0652618735626,3540.8488871817003,3581.85107421875,1819576,0.0,0.0
2022-06-28 00:00:00+05:30,3562.1385007331137,3624.5231196006575,3509.355174022105,3607.639892578125,799053,0.0,0.0
2022-06-29 00:00:00+05:30,3599.290925061634,3617.8439710671064,3577.0736977656034,3587.74169921875,524392,0.0,0.0
2022-06-30 00:00:00+05:30,3609.3497505044384,3627.011595943723,3553.5251410299697,3567.57763671875,715926,140.0,0.0
2022-07-01 00:00:00+05:30,3530.37701694997,3540.723819233923,3466.034485132535,3488.653076171875,756589,0.0,0.0
2022-07-04 00:00:00+05:30,3507.7103879675446,3556.556921542213,3472.675726845404,3541.734619140625,536505,0.0,0.0
2022-07-05 00:00:00+05:30,3561.2250791273505,3561.2250791273505,3525.6128283360767,3544.6220703125,294980,0.0,0.0
2022-07-06 00:00:00+05:30,3543.899861741756,3635.6255080931887,3537.306689515547,3631.534912109375,333226,0.0,0.0
2022-07-07 00:00:00+05:30,3644.2881756580455,3692.220385665464,3643.0368874582155,3653.14306640625,534547,0.0,0.0
2022-07-08 00:00:00+05:30,3686.349087265114,3686.349087265114,3650.448042629996,3681.53662109375,326804,0.0,0.0
2022-07-11 00:00:00+05:30,3676.724140413829,3713.2988831718726,3652.6618096519587,3704.203369140625,372417,0.0,0.0
2022-07-12 00:00:00+05:30,3708.486531452667,3718.1114640544124,3688.3223446487505,3703.52978515625,244636,0.0,0.0
2022-07-13 00:00:00+05:30,3713.2989443538336,3733.4631308677754,3703.6740118905004,3715.94580078125,308508,0.0,0.0
2022-07-14 00:00:00+05:30,3714.164943149936,3740.2004314005885,3696.9364087350928,3718.3037109375,377688,0.0,0.0
2022-07-15 00:00:00+05:30,3718.1113696342686,3772.010990835283,3716.1863831628034,3766.572998046875,281730,0.0,0.0
2022-07-18 00:00:00+05:30,3782.598529941382,3840.3481258183497,3777.882406938246,3834.621337890625,513318,0.0,0.0
2022-07-19 00:00:00+05:30,3827.8837898604156,3884.6227194020175,3817.2481925541133,3851.89794921875,512451,0.0,0.0
2022-07-20 00:00:00+05:30,3867.2977648113333,3902.910014014424,3849.010393598935,3851.946044921875,377717,0.0,0.0
2022-07-21 00:00:00+05:30,3854.448513311859,3917.9251313618215,3843.6686358703046,3904.88330078125,371547,0.0,0.0
2022-07-22 00:00:00+05:30,3912.535134392053,3937.559959359874,3893.525892349189,3902.428955078125,280291,0.0,0.0
2022-07-25 00:00:00+05:30,3902.4288333233153,3921.1492798049667,3848.3367603465026,3870.32958984375,372987,0.0,0.0
2022-07-26 00:00:00+05:30,3863.4478331027462,3878.847724814167,3770.085989602256,3778.363525390625,882407,0.0,0.0
2022-07-27 00:00:00+05:30,3785.4858918485693,3811.473209183914,3700.930767191754,3738.179443359375,514997,0.0,0.0
2022-07-28 00:00:00+05:30,3738.323751761647,3766.9097540510347,3702.711501809232,3713.53955078125,423758,0.0,0.0
2022-07-29 00:00:00+05:30,3752.7611183324107,3804.0138830287947,3732.5487604239775,3767.631591796875,412805,0.0,0.0
2022-08-01 00:00:00+05:30,3772.9253060295673,3838.6636409156163,3768.161011517492,3824.2744140625,459482,0.0,0.0
2022-08-02 00:00:00+05:30,3824.274428536576,3854.7854171764134,3793.522816587302,3846.3154296875,398168,0.0,0.0
2022-08-03 00:00:00+05:30,3849.01040917407,3859.597834655669,3814.4088247104924,3853.29345703125,312355,0.0,0.0
2022-08-04 00:00:00+05:30,3860.560432579924,3883.6602706207914,3826.873168770326,3861.234130859375,310996,0.0,0.0
2022-08-05 00:00:00+05:30,3874.0353628844205,3886.788398551059,3843.2837502925513,3862.581787109375,287542,0.0,0.0
2022-08-08 00:00:00+05:30,3862.485227933575,3888.3762011295853,3849.9728162806628,3871.773193359375,238574,0.0,0.0
2022-08-10 00:00:00+05:30,3863.4477914769186,3913.4974389997888,3863.4477914769186,3883.515869140625,218912,0.0,0.0
2022-08-11 00:00:00+05:30,3898.193789651229,3906.0380152102607,3871.4846034448387,3882.21630859375,277432,0.0,0.0
2022-08-12 00:00:00+05:30,3882.216387948522,3907.7224581804885,3863.207146926585,3886.547607421875,217139,0.0,0.0
2022-08-16 00:00:00+05:30,3886.5476801522914,3946.222260679642,3886.5476801522914,3937.7041015625,302627,0.0,0.0
2022-08-17 00:00:00+05:30,3941.5061760894064,3965.9054738095683,3907.7225692435977,3915.326171875,313179,0.0,0.0
2022-08-18 00:00:00+05:30,3926.009989765772,3926.009989765772,3888.9539994235356,3908.34814453125,451908,0.0,0.0
2022-08-19 00:00:00+05:30,3900.022537477028,3935.1053684395774,3898.0975510320736,3921.726806640625,223883,0.0,0.0
2022-08-22 00:00:00+05:30,3878.8476799573573,3920.619791748035,3858.442870672435,3890.0126953125,388178,0.0,0.0
2022-08-23 00:00:00+05:30,3874.0353037877794,3920.0906994672837,3865.4210362580848,3912.005615234375,172256,0.0,0.0
2022-08-24 00:00:00+05:30,3898.5306425741996,3930.7741656643816,3898.5306425741996,3913.2568359375,245586,0.0,0.0
2022-08-25 00:00:00+05:30,3920.234871402164,3942.0352487657347,3899.1563639510787,3910.561767578125,374693,0.0,0.0
2022-08-26 00:00:00+05:30,3922.159974376795,3969.6591100231585,3889.868279002057,3902.33251953125,453561,0.0,0.0
2022-08-29 00:00:00+05:30,3873.9871864911825,3898.0976895678427,3836.0168745117626,3878.89599609375,608621,0.0,0.0
2022-08-30 00:00:00+05:30,3898.3382647365643,3974.086671089002,3861.0898231596843,3931.640625,740581,0.0,0.0
2022-09-01 00:00:00+05:30,3859.597785766799,3976.7813344992446,3859.597785766799,3923.4111328125,510034,0.0,0.0
2022-09-02 00:00:00+05:30,3926.972378778535,3948.9170364376914,3874.42015442199,3879.7138671875,556543,0.0,0.0
2022-09-05 00:00:00+05:30,3898.0976171321545,3903.7282965726035,3796.362128787939,3808.248779296875,799837,0.0,0.0
2022-09-06 00:00:00+05:30,3813.3981248130613,3840.347934882411,3772.4921631006546,3782.020751953125,508096,0.0,0.0
2022-09-07 00:00:00+05:30,3768.1608623710003,3789.8169592811787,3668.2540216286407,3701.411865234375,724097,0.0,0.0
2022-09-08 00:00:00+05:30,3719.9400987904,3734.4256693198063,3695.974110660071,3702.32666015625,493973,0.0,0.0
2022-09-09 00:00:00+05:30,3720.854717963898,3734.473903799994,3691.1617064621078,3704.251708984375,485613,0.0,0.0
2022-09-12 00:00:00+05:30,3695.974102661942,3743.9063138025804,3681.536703823419,3725.1376953125,369281,0.0,0.0
2022-09-13 00:00:00+05:30,3720.0362406599556,3744.0985708065273,3710.411308601327,3721.47998046875,507487,0.0,0.0
2022-09-14 00:00:00+05:30,3671.9117128783237,3771.962838241662,3668.6393298537737,3705.839599609375,576311,0.0,0.0
2022-09-15 00:00:00+05:30,3720.0364056564945,3738.9013673216105,3610.6491419519525,3626.674560546875,351737,0.0,0.0
2022-09-16 00:00:00+05:30,3657.474323894482,3657.474323894482,3538.2215050641403,3551.1669921875,579176,0.0,0.0
2022-09-19 00:00:00+05:30,3561.2249581802403,3591.880461611028,3523.78406545123,3569.16552734375,454942,0.0,0.0
2022-09-20 00:00:00+05:30,3587.019931960553,3665.0779944345786,3585.287397094075,3627.252197265625,268923,0.0,0.0
2022-09-21 00:00:00+05:30,3632.305324198729,3664.644957109135,3584.3249406532677,3590.677490234375,197924,0.0,0.0
2022-09-22 00:00:00+05:30,3580.474919622611,3618.974649941134,3561.22505446335,3589.041015625,149651,0.0,0.0
2022-09-23 00:00:00+05:30,3590.0996482405358,3628.5993763718016,3544.8624676862987,3560.166015625,158122,0.0,0.0
2022-09-26 00:00:00+05:30,3531.2913978918564,3548.4719964317014,3432.2509362651244,3440.43212890625,517637,0.0,0.0
2022-09-27 00:00:00+05:30,3455.3507059944077,3460.115000500362,3378.447590681772,3409.0546875,344198,0.0,0.0
2022-09-28 00:00:00+05:30,3392.788769847658,3439.854596661423,3373.53890448682,3412.90478515625,181128,0.0,0.0
2022-09-29 00:00:00+05:30,3429.3635088725077,3430.181722142595,3335.0873404064196,3346.30029296875,350931,0.0,0.0
2022-09-30 00:00:00+05:30,3355.7327004973954,3420.6528229108226,3331.4297460480743,3395.435546875,276996,0.0,0.0
2022-10-03 00:00:00+05:30,3395.4353096985224,3426.3793713869436,3344.6637945439347,3383.50048828125,442640,0.0,0.0
2022-10-04 00:00:00+05:30,3417.332173649482,3464.8792446688985,3406.455953279348,3445.3408203125,317554,0.0,0.0
2022-10-06 00:00:00+05:30,3462.5696158896626,3481.482515072614,3436.101050375565,3459.826416015625,353529,0.0,0.0
2022-10-07 00:00:00+05:30,3445.773744331336,3531.291122093147,3445.7255726757626,3468.392333984375,591544,0.0,0.0
2022-10-10 00:00:00+05:30,3423.9253401675146,3488.9415690018036,3396.686735124273,3481.289794921875,240975,0.0,0.0
2022-10-11 00:00:00+05:30,3498.711025475696,3498.711025475696,3387.591230251449,3396.39794921875,258827,0.0,0.0
2022-10-12 00:00:00+05:30,3413.3858269094058,3515.987697117706,3383.9818473226005,3488.556640625,496229,0.0,0.0
2022-10-13 00:00:00+05:30,3481.19354878916,3511.9451588643838,3455.350512937089,3469.595458984375,336605,0.0,0.0
2022-10-14 00:00:00+05:30,3522.6770025126957,3525.6126538212434,3418.9201867248207,3436.58203125,499983,0.0,0.0
2022-10-17 00:00:00+05:30,3445.7257710780345,3536.970176482092,3443.8007846137452,3492.887939453125,921084,0.0,0.0
2022-10-18 00:00:00+05:30,3510.3570475304045,3527.3933654832176,3466.9969160279925,3475.851806640625,496519,0.0,0.0
2022-10-19 00:00:00+05:30,3493.272823196582,3577.5391521958536,3487.8348304588867,3518.73095703125,456361,0.0,0.0
2022-10-20 00:00:00+05:30,3493.2247902204776,3564.978470310101,3451.5006159973623,3553.380615234375,310251,0.0,0.0
2022-10-21 00:00:00+05:30,3560.2623851485628,3580.811709183382,3505.1596488550363,3531.002685546875,207556,0.0,0.0
2022-10-24 00:00:00+05:30,3575.6623206846916,3580.474786795977,3541.975057905697,3561.032470703125,29986,0.0,0.0
2022-10-25 00:00:00+05:30,3560.262483201594,3587.2122938341013,3507.3253551734547,3517.046630859375,351456,0.0,0.0
2022-10-27 00:00:00+05:30,3552.1777911077343,3552.1777911077343,3470.8950456717607,3486.439453125,333703,0.0,0.0
2022-10-28 00:00:00+05:30,3503.9085049687255,3579.5123967530303,3494.8129907529583,3533.02392578125,500485,0.0,0.0
2022-10-31 00:00:00+05:30,3550.7338675868905,3567.3368757987814,3521.8590706966456,3534.130859375,314769,0.0,0.0
2022-11-01 00:00:00+05:30,3548.279517093127,3603.76715863858,3525.6127541910632,3592.698486328125,514106,0.0,0.0
2022-11-02 00:00:00+05:30,3605.4996661752016,3605.4996661752016,3555.0651145446614,3596.644775390625,317571,0.0,0.0
2022-11-03 00:00:00+05:30,3613.199643432407,3670.9492381596165,3591.11047044599,3631.96826171875,637882,0.0,0.0
2022-11-04 00:00:00+05:30,3637.695125041761,3667.0029979774363,3621.7658145021132,3629.658447265625,230932,0.0,0.0
2022-11-07 00:00:00+05:30,3647.8494675256093,3675.4248055227886,3617.5309297348294,3628.455322265625,272013,0.0,0.0
2022-11-09 00:00:00+05:30,3647.849486430187,3651.6994595029364,3578.4056911239504,3599.291748046875,249436,0.0,0.0
2022-11-10 00:00:00+05:30,3599.291570402474,3628.599441975537,3577.5873012793295,3584.90234375,291055,0.0,0.0
2022-11-11 00:00:00+05:30,3602.8528794074373,3642.0263079177776,3569.406238771784,3587.837890625,268871,0.0,0.0
2022-11-14 00:00:00+05:30,3605.788415320941,3626.6744713038443,3571.282939215933,3586.249755859375,200313,0.0,0.0
2022-11-15 00:00:00+05:30,3586.298141079629,3646.88704619639,3586.298141079629,3622.968994140625,296104,0.0,0.0
2022-11-16 00:00:00+05:30,3616.087121157584,3656.0305908216883,3599.387769364773,3606.895263671875,329588,0.0,0.0
2022-11-17 00:00:00+05:30,3608.387333210938,3626.0491790220863,3540.4352131505834,3555.594482421875,185433,0.0,0.0
2022-11-18 00:00:00+05:30,3555.5942353440605,3567.8180872273365,3485.187950281182,3496.689697265625,327528,0.0,0.0
2022-11-21 00:00:00+05:30,3479.4129212209905,3509.057758805172,3471.135385699851,3483.744140625,226673,0.0,0.0
2022-11-22 00:00:00+05:30,3499.625416744413,3506.3628694169133,3450.5382615590543,3483.359375,322261,0.0,0.0
2022-11-23 00:00:00+05:30,3486.343131797545,3517.0947452730234,3460.163361428266,3472.531494140625,340707,0.0,0.0
2022-11-24 00:00:00+05:30,3481.5305649332563,3493.5135589954916,3463.483816350461,3484.369873046875,397640,0.0,0.0
2022-11-25 00:00:00+05:30,3496.016118428642,3515.699058456986,3465.9382042705042,3503.716064453125,224797,0.0,0.0
2022-11-28 00:00:00+05:30,3494.042892722829,3570.8498998291007,3494.042892722829,3538.798828125,185431,0.0,0.0
2022-11-29 00:00:00+05:30,3542.31202093406,3558.3374390749054,3515.025244117272,3522.821533203125,134922,0.0,0.0
2022-11-30 00:00:00+05:30,3537.114572767916,3631.3907409593944,3533.312771372687,3610.0234375,1267676,0.0,0.0
2022-12-01 00:00:00+05:30,3603.622870746784,3603.622870746784,3459.5376793745436,3568.5400390625,514227,0.0,0.0
2022-12-02 00:00:00+05:30,3567.962563993217,3573.111996998668,3504.245556299818,3522.099853515625,349992,0.0,0.0
2022-12-05 00:00:00+05:30,3534.275168418279,3534.275168418279,3501.550398340332,3522.62890625,163476,0.0,0.0
2022-12-06 00:00:00+05:30,3515.025455498883,3561.0326812395588,3505.4968660286654,3556.22021484375,251515,0.0,0.0
2022-12-07 00:00:00+05:30,3556.2200365638446,3569.45431848886,3493.417353246952,3498.325927734375,167024,0.0,0.0
2022-12-08 00:00:00+05:30,3498.711173794233,3521.3297654173857,3482.300616704949,3499.769775390625,141912,0.0,0.0
2022-12-09 00:00:00+05:30,3513.1002427467733,3531.6764088352966,3465.938075104419,3481.289794921875,166035,0.0,0.0
2022-12-12 00:00:00+05:30,3481.2897277246084,3488.6529416842086,3439.517616898304,3461.847412109375,171844,0.0,0.0
2022-12-13 00:00:00+05:30,3479.17256009414,3505.400501794829,3456.602139829188,3500.347412109375,126272,0.0,0.0
2022-12-14 00:00:00+05:30,3513.100328188156,3530.3770348601765,3504.4378890227604,3515.073486328125,132320,0.0,0.0
2022-12-15 00:00:00+05:30,3498.662854368328,3518.875211986412,3474.6005238706093,3483.5517578125,161541,0.0,0.0
2022-12-16 00:00:00+05:30,3478.2099111867656,3491.8290964027756,3406.263542217908,3416.466064453125,228381,0.0,0.0
2022-12-19 00:00:00+05:30,3433.5503786622235,3499.9624127049,3416.8510268333735,3493.60986328125,238078,0.0,0.0
2022-12-20 00:00:00+05:30,3497.7004419745126,3497.7004419745126,3447.073203443921,3478.065673828125,152284,0.0,0.0
2022-12-21 00:00:00+05:30,3479.4131294993576,3519.982126351905,3457.8533745023046,3475.611328125,149348,0.0,0.0
2022-12-22 00:00:00+05:30,3493.0323165524755,3511.0790651568973,3447.2177784189407,3465.7939453125,158182,0.0,0.0
2022-12-23 00:00:00+05:30,3445.725689696567,3464.975553884816,3400.488508854182,3408.95849609375,122024,0.0,0.0
2022-12-26 00:00:00+05:30,3409.1511216193803,3440.7209474950364,3391.8744146259837,3418.968505859375,140091,0.0,0.0
2022-12-27 00:00:00+05:30,3421.663309204706,3464.975502992107,3416.850843228328,3456.264892578125,115917,0.0,0.0
2022-12-28 00:00:00+05:30,3445.725675206024,3469.7398336831375,3416.8508790450796,3452.31884765625,229748,0.0,0.0
2022-12-29 00:00:00+05:30,3444.7634293247174,3464.9757880885677,3407.2261916204247,3434.946044921875,748244,0.0,0.0
2022-12-30 00:00:00+05:30,3445.725898823071,3506.45931801648,3433.839012971916,3480.423828125,287867,0.0,0.0
2023-01-02 00:00:00+05:30,3481.3379679031873,3484.225447555858,3388.4092007513327,3439.902587890625,471328,0.0,0.0
2023-01-03 00:00:00+05:30,3428.882128820599,3484.2254894963,3428.882128820599,3466.61181640625,218996,0.0,0.0
2023-01-04 00:00:00+05:30,3453.425782035412,3467.4301058238516,3410.5948323975704,3419.59423828125,250071,0.0,0.0
2023-01-05 00:00:00+05:30,3434.1758540691453,3496.2566675745993,3424.887888367623,3485.332275390625,294998,0.0,0.0
2023-01-06 00:00:00+05:30,3482.3004089644537,3511.175205058686,3463.050544901632,3505.640869140625,173591,0.0,0.0
2023-01-09 00:00:00+05:30,3523.206370453722,3531.387562681247,3470.7504908772353,3484.947265625,200031,0.0,0.0
2023-01-10 00:00:00+05:30,3494.4280705750516,3499.625440106481,3429.652228165999,3440.143310546875,247609,0.0,0.0
2023-01-11 00:00:00+05:30,3450.538129941009,3455.302424295235,3398.6116686782448,3405.34912109375,308958,0.0,0.0
2023-01-12 00:00:00+05:30,3405.3492415679193,3445.7257858325406,3388.02436331513,3436.3896484375,182941,0.0,0.0
2023-01-13 00:00:00+05:30,3445.725778474602,3482.15624138296,3421.8077276109843,3470.076904296875,180876,0.0,0.0
2023-01-16 00:00:00+05:30,3474.552434258773,3485.139859927774,3426.4759437858215,3448.757568359375,226147,0.0,0.0
2023-01-17 00:00:00+05:30,3455.3505822059697,3477.199130812595,3434.3200118277578,3471.664794921875,106465,0.0,0.0
2023-01-18 00:00:00+05:30,3489.0378918785486,3502.2721735373984,3444.7632041471243,3474.504150390625,306275,0.0,0.0
2023-01-19 00:00:00+05:30,3464.9274743588658,3492.8397781740055,3438.025835437221,3441.82763671875,226186,0.0,0.0
2023-01-20 00:00:00+05:30,3448.6612854879104,3452.0781833230803,3418.0539549243736,3438.74755859375,191361,0.0,0.0
2023-01-23 00:00:00+05:30,3449.0946751936945,3490.9631329503363,3437.063509171671,3487.642578125,173482,0.0,0.0
2023-01-24 00:00:00+05:30,3490.0006023879355,3557.4714747121952,3475.996278291154,3548.2314453125,212778,0.0,0.0
2023-01-25 00:00:00+05:30,3550.63769704994,3599.724854152013,3535.911502922576,3577.972412109375,375571,0.0,0.0
2023-01-27 00:00:00+05:30,3705.5989273254427,3845.16044536757,3686.349062767908,3789.09521484375,2375899,0.0,0.0
2023-01-30 00:00:00+05:30,3792.2233612040664,3800.8376286953408,3675.6173993067164,3697.080810546875,654472,0.0,0.0
2023-01-31 00:00:00+05:30,3732.54876571912,3732.54876571912,3658.436786616394,3675.039794921875,359118,0.0,0.0
2023-02-01 00:00:00+05:30,3685.819744503978,3740.633688322097,3619.0709783298366,3668.3505859375,328212,0.0,0.0
2023-02-02 00:00:00+05:30,3656.511689825795,3714.357625503539,3599.724590668195,3648.52294921875,309024,0.0,0.0
2023-02-03 00:00:00+05:30,3643.036760034588,3713.298763596682,3627.8293204860543,3708.05322265625,242350,0.0,0.0
2023-02-06 00:00:00+05:30,3702.2785053404823,3724.5601303707112,3661.4207133498994,3704.73291015625,205412,0.0,0.0
2023-02-07 00:00:00+05:30,3727.7363015644773,3748.911152748164,3674.9916252556454,3733.9443359375,246673,0.0,0.0
2023-02-08 00:00:00+05:30,3752.616747220865,3752.616747220865,3691.6427083508324,3734.762451171875,309039,0.0,0.0
2023-02-09 00:00:00+05:30,3734.377350250472,3744.579872375857,3688.5146423113683,3701.50830078125,249061,0.0,0.0
2023-02-10 00:00:00+05:30,3700.786635048671,3704.588436480653,3657.5707810802082,3687.937255859375,170034,0.0,0.0
2023-02-13 00:00:00+05:30,3706.4172187373647,3765.8511768123185,3680.5741810303207,3737.842529296875,372862,0.0,0.0
2023-02-14 00:00:00+05:30,3748.863071783928,3760.4129908908144,3717.6783841888164,3730.72021484375,251160,0.0,0.0
2023-02-15 00:00:00+05:30,3721.5763497761423,3765.177104319305,3705.5988684537474,3758.9208984375,214072,0.0,0.0
2023-02-16 00:00:00+05:30,3763.3485548857684,3783.5127411946182,3746.0236766279822,3760.076171875,166844,0.0,0.0
2023-02-17 00:00:00+05:30,3744.098780814031,3772.9735786095125,3726.773902136743,3748.237548828125,167844,0.0,0.0
2023-02-20 00:00:00+05:30,3748.862944470096,3787.362673518909,3747.323096298362,3757.381103515625,169828,0.0,0.0
2023-02-21 00:00:00+05:30,3779.7109085828242,3779.7109085828242,3681.247804303675,3693.182861328125,177954,0.0,0.0
2023-02-22 00:00:00+05:30,3693.182870436957,3744.339291667988,3671.8635043813956,3696.647705078125,477992,0.0,0.0
2023-02-23 00:00:00+05:30,3703.1927228392515,3727.495677030724,3672.1041443421323,3688.177734375,299446,0.0,0.0
2023-02-24 00:00:00+05:30,3689.7659861973243,3729.5649404545757,3689.7659861973243,3705.55078125,263732,0.0,0.0
2023-02-27 00:00:00+05:30,3657.426078829667,3657.426078829667,3490.048601202148,3503.3310546875,822866,0.0,0.0
2023-02-28 00:00:00+05:30,3510.2127702379426,3602.612119276287,3489.6155093416232,3523.880126953125,723245,0.0,0.0
2023-03-01 00:00:00+05:30,3532.3501308944196,3607.761568962988,3500.4915111972336,3591.687744140625,432887,0.0,0.0
2023-03-02 00:00:00+05:30,3591.1102714635153,3616.4238894130617,3541.9749470089496,3575.90283203125,276614,0.0,0.0
2023-03-03 00:00:00+05:30,3580.5231547041017,3607.4247947439376,3558.770712695353,3592.02490234375,281411,0.0,0.0
2023-03-06 00:00:00+05:30,3582.1111846128733,3632.4496300332344,3578.6942864803023,3583.41064453125,186747,0.0,0.0
2023-03-08 00:00:00+05:30,3584.1323361001896,3674.606699700739,3571.860547420328,3668.254150390625,478922,0.0,0.0
2023-03-09 00:00:00+05:30,3668.2539921077596,3694.770726441118,3658.436608584224,3670.4677734375,295897,0.0,0.0
2023-03-10 00:00:00+05:30,3686.3490234310875,3701.171324988742,3655.5492404676943,3678.552734375,530973,0.0,0.0
2023-03-13 00:00:00+05:30,3679.5633697146677,3694.048939520103,3626.9632097881936,3636.732421875,247745,0.0,0.0
2023-03-14 00:00:00+05:30,3636.732373179899,3652.13226433178,3595.778240651126,3612.140625,278919,0.0,0.0
2023-03-15 00:00:00+05:30,3633.315706820494,3645.4432158687478,3581.0043392212874,3590.099853515625,317890,0.0,0.0
2023-03-16 00:00:00+05:30,3600.639023820167,3668.061721991268,3600.639023820167,3657.666748046875,377544,0.0,0.0
2023-03-17 00:00:00+05:30,3674.606846617986,3684.3760592974963,3649.8226449598983,3671.334228515625,396793,0.0,0.0
2023-03-20 00:00:00+05:30,3647.84946629127,3691.1134914607005,3643.1333432966717,3662.286865234375,331370,0.0,0.0
2023-03-21 00:00:00+05:30,3663.730436510841,3774.8984032564085,3654.3461276297217,3759.209716796875,803886,0.0,0.0
2023-03-22 00:00:00+05:30,3774.6579524441095,3797.5171674299063,3742.7513947837333,3776.775390625,311063,0.0,0.0
2023-03-23 00:00:00+05:30,3756.1298872445013,3765.6584763730502,3708.534643293326,3718.063232421875,256313,0.0,0.0
2023-03-24 00:00:00+05:30,3700.8827077925794,3737.2647628686423,3669.0240887888945,3684.32763671875,281359,0.0,0.0
2023-03-27 00:00:00+05:30,3691.11343192136,3700.112837777547,3657.4743399232802,3664.7412109375,198811,0.0,0.0
2023-03-28 00:00:00+05:30,3677.6866111059385,3690.006571377254,3628.1663816982286,3649.389404296875,144400,0.0,0.0
2023-03-29 00:00:00+05:30,3667.5804673468133,3747.94865236806,3657.6185683836343,3733.800048828125,429300,0.0,0.0
2023-03-31 00:00:00+05:30,3730.286871725209,3761.2793423734397,3715.223946350714,3739.045654296875,248433,0.0,0.0
2023-04-03 00:00:00+05:30,3758.3435509580063,3845.160391908744,3742.3660696039065,3843.957275390625,497915,0.0,0.0
2023-04-05 00:00:00+05:30,3844.1980543269415,3875.9121600317712,3811.52145536865,3872.254638671875,584697,0.0,0.0
2023-04-06 00:00:00+05:30,3876.922688117985,3912.534937239228,3869.270914019755,3882.312744140625,321813,0.0,0.0
2023-04-10 00:00:00+05:30,3883.7084524163547,3919.2725311628524,3878.944157804732,3909.2626953125,218632,0.0,0.0
2023-04-11 00:00:00+05:30,3926.9724890316725,4026.638477819029,3917.876974748671,4020.71923828125,685931,0.0,0.0
2023-04-12 00:00:00+05:30,4020.7192321920643,4145.79541875178,4014.078122721506,4125.24609375,992142,0.0,0.0
2023-04-13 00:00:00+05:30,4109.845968268181,4144.447786831069,4100.268972931282,4127.5078125,371608,0.0,0.0
2023-04-17 00:00:00+05:30,4149.308103699924,4149.308103699924,4062.7316540734923,4094.782958984375,718984,0.0,0.0
2023-04-18 00:00:00+05:30,4094.6867058215817,4106.092344262137,4018.457056213644,4051.37451171875,235015,0.0,0.0
2023-04-19 00:00:00+05:30,4027.1678117655715,4135.736854572507,4023.2694324029203,4105.80322265625,406755,0.0,0.0
2023-04-20 00:00:00+05:30,4105.033580475949,4168.076886342578,4092.5691052985662,4152.53271484375,409146,0.0,0.0
2023-04-21 00:00:00+05:30,4160.858311389784,4174.333216862709,4122.40651814258,4146.70947265625,237639,0.0,0.0
2023-04-24 00:00:00+05:30,4146.709565701573,4191.61025270528,4122.070113972138,4169.6171875,279716,0.0,0.0
2023-04-25 00:00:00+05:30,4177.220634928131,4210.907898113035,4154.217140632491,4179.6748046875,367525,0.0,0.0
2023-04-26 00:00:00+05:30,4182.032988344855,4199.020899470891,4120.4334230389695,4137.75830078125,964051,0.0,0.0
2023-04-27 00:00:00+05:30,4138.720838759972,4256.674194677675,4132.945879450075,4242.86279296875,667011,0.0,0.0
2023-04-28 00:00:00+05:30,4232.419322894845,4273.181001557259,4225.392840959691,4265.7216796875,457064,0.0,0.0
2023-05-02 00:00:00+05:30,4273.4218910626705,4337.475625831533,4258.117873138086,4329.29443359375,522701,0.0,0.0
2023-05-03 00:00:00+05:30,4316.301164032351,4321.546940455932,4268.657746121859,4281.02587890625,351550,0.0,0.0
2023-05-04 00:00:00+05:30,4280.014795259417,4302.344826641926,4270.823172710713,4290.50634765625,191019,0.0,0.0
2023-05-05 00:00:00+05:30,4295.70361328125,4335.358052233495,4261.342417107477,4295.70361328125,180033,0.0,0.0
2023-05-08 00:00:00+05:30,4307.1569521675965,4387.043885582102,4297.724707052591,4378.6220703125,365732,0.0,0.0
2023-05-09 00:00:00+05:30,4401.33749736499,4405.331750490696,4350.13266678984,4358.98779296875,329083,0.0,0.0
2023-05-10 00:00:00+05:30,4384.156732492472,4404.850337267134,4359.468874743157,4385.0712890625,229527,0.0,0.0
2023-05-11 00:00:00+05:30,4421.69378465915,4421.69378465915,4365.003028866727,4377.32275390625,293197,0.0,0.0
2023-05-12 00:00:00+05:30,4374.531947519205,4455.2371028547095,4347.582135741308,4368.66064453125,620213,0.0,0.0
2023-05-15 00:00:00+05:30,4397.631427254751,4435.649908624101,4371.692047548709,4393.34814453125,534604,0.0,0.0
2023-05-16 00:00:00+05:30,4411.587824024877,4422.656496431615,4360.094435002224,4368.13134765625,321308,0.0,0.0
2023-05-17 00:00:00+05:30,4379.344140953928,4427.468801843532,4339.881919024453,4359.46875,346510,0.0,0.0
2023-05-18 00:00:00+05:30,4369.671309570197,4400.952339416661,4343.972552447835,4349.169921875,194233,0.0,0.0
2023-05-19 00:00:00+05:30,4363.944272421542,4379.488443977161,4296.617683495924,4315.0498046875,398571,0.0,0.0
2023-05-22 00:00:00+05:30,4326.359284866629,4395.369769912793,4326.359284866629,4353.59765625,368479,0.0,0.0
2023-05-23 00:00:00+05:30,4364.859084614223,4382.616803635495,4322.653660326666,4329.39111328125,239196,0.0,0.0
2023-05-24 00:00:00+05:30,4336.560855166217,4381.461536910345,4323.567197547821,4348.1591796875,395343,0.0,0.0
2023-05-25 00:00:00+05:30,4336.6573329914445,4476.940714963646,4335.646903132283,4469.818359375,1016606,0.0,0.0
2023-05-26 00:00:00+05:30,4439.355731169305,4489.597595656628,4432.569871936037,4442.82080078125,484972,0.0,0.0
2023-05-29 00:00:00+05:30,4485.170433992533,4488.250130292386,4435.265066926299,4445.27490234375,301343,0.0,0.0
2023-05-30 00:00:00+05:30,4442.002883913873,4461.493373068147,4414.668168426798,4419.6728515625,229574,0.0,0.0
2023-05-31 00:00:00+05:30,4417.650962237412,4455.33294580451,4381.8944349770545,4395.8505859375,719613,0.0,0.0
2023-06-01 00:00:00+05:30,4414.956383707289,4494.650634039705,4395.947142683042,4469.43359375,698733,0.0,0.0
2023-06-02 00:00:00+05:30,4498.885860047394,4530.455448716038,4472.946480570557,4493.97705078125,606833,0.0,0.0
2023-06-05 00:00:00+05:30,4512.168325250343,4540.032692634914,4493.880953624967,4533.39111328125,234925,0.0,0.0
2023-06-06 00:00:00+05:30,4540.5620704778,4566.982699129236,4533.391307519964,4548.98388671875,353149,0.0,0.0
2023-06-07 00:00:00+05:30,4559.2824381528235,4608.321185641974,4559.2824381528235,4601.439453125,239491,0.0,0.0
2023-06-08 00:00:00+05:30,4620.7859483613465,4648.746190104403,4597.63770304158,4620.59326171875,295499,0.0,0.0
2023-06-09 00:00:00+05:30,4620.592971082656,4640.949608641438,4557.40538534063,4565.490234375,208197,0.0,0.0
2023-06-12 00:00:00+05:30,4571.794537968819,4610.34220074173,4555.817057642923,4590.75537109375,137778,0.0,0.0
2023-06-13 00:00:00+05:30,4591.09266599221,4615.15499652676,4568.42613861562,4577.56982421875,247078,0.0,0.0
2023-06-14 00:00:00+05:30,4572.901658956395,4589.601010417009,4535.268079835251,4552.78564453125,191238,0.0,0.0
2023-06-15 00:00:00+05:30,4564.046793190796,4585.943515324,4526.124651929412,4544.4599609375,178304,0.0,0.0
2023-06-16 00:00:00+05:30,4518.905781745407,4537.915023319309,4446.71878842679,4467.845703125,658995,0.0,0.0
2023-06-19 00:00:00+05:30,4470.781166609118,4480.406099152949,4414.6195912223875,4424.91845703125,193043,0.0,0.0
2023-06-20 00:00:00+05:30,4413.031574054523,4494.84350072729,4397.679618650728,4487.1435546875,453523,0.0,0.0
2023-06-21 00:00:00+05:30,4502.543323378667,4527.231180698711,4463.081101006173,4475.73779296875,274821,0.0,0.0
2023-06-22 00:00:00+05:30,4489.11598319935,4493.880512273411,4429.008568030166,4439.11474609375,180102,0.0,0.0
2023-06-23 00:00:00+05:30,4440.07750594235,4480.4058773107035,4432.666120263604,4449.22119140625,348409,0.0,0.0
2023-06-26 00:00:00+05:30,4451.290951200385,4483.245917192626,4427.998425028849,4434.1103515625,298624,0.0,0.0
2023-06-27 00:00:00+05:30,4460.097408989781,4503.168982234456,4437.093914144207,4444.841796875,444793,0.0,0.0
2023-06-28 00:00:00+05:30,4456.343758586568,4562.218016349963,4446.815169381343,4539.40673828125,769406,0.0,0.0
2023-06-30 00:00:00+05:30,4598.625564954611,4696.827448244194,4597.6336267395645,4653.7275390625,587936,140.0,0.0
2023-07-03 00:00:00+05:30,4647.429267370221,4650.206500723158,4551.062079223428,4573.47998046875,457367,0.0,0.0
2023-07-04 00:00:00+05:30,4574.769561700095,4637.112489909885,4574.769561700095,4588.11083984375,286373,0.0,0.0
2023-07-05 00:00:00+05:30,4610.479578768447,4860.497420723004,4595.649908206057,4850.62744140625,891033,0.0,0.0
2023-07-06 00:00:00+05:30,4850.577805579137,4898.190839253533,4793.045389889241,4878.0546875,888595,0.0,0.0
2023-07-07 00:00:00+05:30,4836.194732501875,4873.54110915946,4781.6875342411295,4795.029296875,405959,0.0,0.0
2023-07-10 00:00:00+05:30,4809.908298891775,4911.085994599543,4805.989949290654,4858.4638671875,659388,0.0,0.0
2023-07-11 00:00:00+05:30,4898.686891534965,4914.508499856271,4865.4569612187925,4878.0048828125,400593,0.0,0.0
2023-07-12 00:00:00+05:30,4889.263375900029,4907.614232555365,4827.763207649715,4839.12109375,295827,0.0,0.0
2023-07-13 00:00:00+05:30,4881.327807683548,4949.7715424387125,4810.751502699903,4827.2177734375,501038,0.0,0.0
2023-07-14 00:00:00+05:30,4855.488454746955,4866.7465666964845,4810.900635531252,4820.42333984375,419873,0.0,0.0
2023-07-17 00:00:00+05:30,4844.576786540668,4866.845508619902,4782.233373532584,4794.18603515625,250127,0.0,0.0
2023-07-18 00:00:00+05:30,4806.486078151518,4954.830730484347,4791.06163247228,4821.4150390625,270028,0.0,0.0
2023-07-19 00:00:00+05:30,4841.650449066109,4869.57341307426,4779.356922623475,4784.7626953125,247325,0.0,0.0
2023-07-20 00:00:00+05:30,4789.07762856207,4849.585858748956,4743.4978745440185,4829.44970703125,450566,0.0,0.0
2023-07-21 00:00:00+05:30,4803.064023221611,4840.063124098199,4796.269149727728,4823.498046875,367833,0.0,0.0
2023-07-24 00:00:00+05:30,4822.803512884965,4879.343990103073,4812.040886580624,4843.38623046875,288534,0.0,0.0
2023-07-25 00:00:00+05:30,4845.122095683565,4870.317228875071,4738.83601534862,4809.85888671875,743269,0.0,0.0
2023-07-26 00:00:00+05:30,4850.577744734118,4863.968910287065,4801.923370296338,4831.185546875,387130,0.0,0.0
2023-07-27 00:00:00+05:30,4859.505615385358,4868.433059871676,4785.407632410981,4811.892578125,321326,0.0,0.0
2023-07-28 00:00:00+05:30,4815.859934889179,4860.497153647164,4790.714204786551,4853.0576171875,255158,0.0,0.0
2023-07-31 00:00:00+05:30,4856.033557727124,4898.587610511206,4826.820783399861,4891.64404296875,325463,0.0,0.0
2023-08-01 00:00:00+05:30,4901.91070111808,4938.513124585281,4859.654036056139,4884.25439453125,391794,0.0,0.0
2023-08-02 00:00:00+05:30,4873.789407282192,4898.1417824592445,4782.382392414376,4793.14501953125,249850,0.0,0.0
2023-08-03 00:00:00+05:30,4798.005045697899,4874.03701141995,4767.2549616754395,4787.39111328125,418377,0.0,0.0
2023-08-04 00:00:00+05:30,4791.0619008399435,4824.98638381365,4662.109924212781,4674.01318359375,451353,0.0,0.0
2023-08-07 00:00:00+05:30,4705.30825375963,4705.30825375963,4627.391701905982,4632.45068359375,436583,0.0,0.0
2023-08-08 00:00:00+05:30,4632.450983196875,4660.1259638912425,4599.717020487549,4612.66162109375,487053,0.0,0.0
2023-08-09 00:00:00+05:30,4613.008784207836,4651.99176329419,4578.886205627551,4628.92919921875,282034,0.0,0.0
2023-08-10 00:00:00+05:30,4632.351341762432,4670.441671343934,4591.483294645358,4599.220703125,330123,0.0,0.0
2023-08-11 00:00:00+05:30,4599.220714217953,4612.512589111159,4544.664113701585,4561.97314453125,274197,0.0,0.0
2023-08-14 00:00:00+05:30,4539.10936539199,4596.344395315049,4504.391527151448,4579.4814453125,154258,0.0,0.0
2023-08-16 00:00:00+05:30,4540.101390793851,4577.795044464415,4522.990455903925,4563.51123046875,188763,0.0,0.0
2023-08-17 00:00:00+05:30,4539.158962946572,4630.814447302445,4539.158962946572,4620.2998046875,311184,0.0,0.0
2023-08-18 00:00:00+05:30,4612.066232059665,4612.066232059665,4558.25358274962,4578.34033203125,243546,0.0,0.0
2023-08-21 00:00:00+05:30,4565.891898577796,4592.624828936787,4555.773934393296,4573.6787109375,118491,0.0,0.0
2023-08-22 00:00:00+05:30,4580.721449923875,4599.171113956794,4564.552565790437,4591.0869140625,96290,0.0,0.0
2023-08-23 00:00:00+05:30,4602.593550528349,4628.731220685342,4581.762846959147,4623.17626953125,263771,0.0,0.0
2023-08-24 00:00:00+05:30,4651.198416311567,4688.99136019727,4537.5720844388225,4592.82275390625,433867,0.0,0.0
2023-08-25 00:00:00+05:30,4586.72236420997,4609.437652751991,4532.909715365162,4547.09423828125,293384,0.0,0.0
2023-08-28 00:00:00+05:30,4549.5245730026845,4582.75450283929,4549.028603900646,4563.3623046875,283469,0.0,0.0
2023-08-29 00:00:00+05:30,4577.794966564423,4633.343507870513,4567.924987362279,4626.9453125,320941,0.0,0.0
2023-08-30 00:00:00+05:30,4651.148766635446,4682.741610490014,4624.019160288081,4637.31103515625,370694,0.0,0.0
2023-08-31 00:00:00+05:30,4637.311306667265,4665.13498076933,4565.098395993358,4576.6044921875,479472,0.0,0.0
2023-09-01 00:00:00+05:30,4585.1354047623445,4661.117973815672,4581.762911482142,4630.814453125,456071,0.0,0.0
2023-09-04 00:00:00+05:30,4645.246576481989,4651.59488407373,4585.135024875718,4599.76611328125,328037,0.0,0.0
2023-09-05 00:00:00+05:30,4601.60134863079,4696.827416634359,4597.9808710392035,4663.69677734375,353620,0.0,0.0
2023-09-06 00:00:00+05:30,4663.597539286741,4672.029014153047,4629.078282983798,4646.0400390625,224928,0.0,0.0
2023-09-07 00:00:00+05:30,4641.279151182311,4686.908311463223,4617.472632774879,4679.17138671875,319934,0.0,0.0
2023-09-08 00:00:00+05:30,4679.171004519458,4746.027541383784,4664.787900823127,4721.17919921875,209769,0.0,0.0
2023-09-11 00:00:00+05:30,4740.472844586792,4771.222929998425,4724.601832761434,4767.65185546875,151600,0.0,0.0
2023-09-12 00:00:00+05:30,4804.899158143312,4810.751496557536,4724.204890039225,4781.7373046875,305478,0.0,0.0
2023-09-13 00:00:00+05:30,4781.14249266659,4803.957073025788,4761.551711705975,4769.53662109375,207142,0.0,0.0
2023-09-14 00:00:00+05:30,4776.133242839408,4818.835990515985,4748.953747471366,4805.44482421875,249498,0.0,0.0
2023-09-15 00:00:00+05:30,4855.4384130323715,5107.4900176677775,4853.5538272379945,5089.13916015625,1689829,0.0,0.0
2023-09-18 00:00:00+05:30,5082.691540731042,5232.37492424777,5053.181378097015,5134.9169921875,804973,0.0,0.0
2023-09-20 00:00:00+05:30,5134.272339388029,5220.918241675379,5124.452247663501,5141.16650390625,622924,0.0,0.0
2023-09-21 00:00:00+05:30,5126.336883323139,5143.745205897568,5032.2020401326345,5044.20458984375,640829,0.0,0.0
2023-09-22 00:00:00+05:30,5010.279929506988,5043.162584501644,4955.921909002794,4960.732421875,498375,0.0,0.0
2023-09-25 00:00:00+05:30,4959.6913988872675,5019.356389546909,4952.599137055831,4965.09765625,539731,0.0,0.0
2023-09-26 00:00:00+05:30,4970.602497061663,5061.811411534945,4959.839870339747,5028.33349609375,450923,0.0,0.0
2023-09-27 00:00:00+05:30,5024.365494788173,5026.696162050033,4977.5458186587175,4992.37548828125,257406,0.0,0.0
2023-09-28 00:00:00+05:30,5007.105847711053,5087.502735778139,4940.00132004973,4966.23828125,580065,0.0,0.0
2023-09-29 00:00:00+05:30,4988.45747854145,5041.526175121678,4964.551669755031,5022.8779296875,248079,0.0,0.0
2023-10-03 00:00:00+05:30,5024.167196985698,5032.102702923681,4956.814687206033,4976.0087890625,464531,0.0,0.0
2023-10-04 00:00:00+05:30,4970.850241822609,4978.736344150707,4863.522336203374,4878.947265625,256544,0.0,0.0
2023-10-05 00:00:00+05:30,4895.215147091924,4998.67411036345,4885.395055519917,4970.65185546875,657876,0.0,0.0
2023-10-06 00:00:00+05:30,5078.723528104118,5078.723528104118,4957.21109994147,4974.17333984375,279352,0.0,0.0
2023-10-09 00:00:00+05:30,4917.087232612265,5027.837523993081,4917.087232612265,4966.93212890625,244083,0.0,0.0
2023-10-10 00:00:00+05:30,4966.931944560768,5023.175034119106,4961.873447227384,4996.888671875,307502,0.0,0.0
2023-10-11 00:00:00+05:30,5014.247655032241,5053.925183459795,5009.287963978796,5023.57177734375,575680,0.0,0.0
2023-10-12 00:00:00+05:30,5044.005678925204,5109.473599241637,5010.379071267999,5065.431640625,472168,0.0,0.0
2023-10-13 00:00:00+05:30,5048.916026990324,5082.14595663874,4999.368520239309,5011.66845703125,387366,0.0,0.0
2023-10-16 00:00:00+05:30,4994.408931756045,5058.289656179052,4991.4331170995865,5035.77294921875,158560,0.0,0.0
2023-10-17 00:00:00+05:30,5042.021846223104,5108.481705301787,5029.126649685449,5099.80224609375,318565,0.0,0.0
2023-10-18 00:00:00+05:30,5108.48200406547,5156.838993909779,5084.328210730676,5095.93408203125,360985,0.0,0.0
2023-10-19 00:00:00+05:30,5257.27285317141,5450.700816637151,5202.716248091329,5438.40087890625,2838352,0.0,0.0
2023-10-20 00:00:00+05:30,5406.0634076273745,5465.579702023272,5393.068919815301,5445.04638671875,763919,0.0,0.0
2023-10-23 00:00:00+05:30,5409.088513188435,5449.113317207433,5351.5560964672,5361.82275390625,451167,0.0,0.0
2023-10-25 00:00:00+05:30,5341.587181669341,5380.2233681140515,5289.3118450393085,5304.19091796875,620266,0.0,0.0
2023-10-26 00:00:00+05:30,5290.850085366022,5304.34054282698,5193.7888279142735,5216.95068359375,746266,0.0,0.0
2023-10-27 00:00:00+05:30,5222.554790854727,5379.975581992216,5222.554790854727,5330.2294921875,843465,0.0,0.0
2023-10-30 00:00:00+05:30,5344.562994021592,5354.234391421687,5232.473977999981,5266.1005859375,360967,0.0,0.0
2023-10-31 00:00:00+05:30,5296.949974336531,5322.889061330657,5249.932200646778,5271.208984375,400987,0.0,0.0
2023-11-01 00:00:00+05:30,5262.232270791228,5405.567343954155,5262.232270791228,5301.26513671875,619765,0.0,0.0
2023-11-02 00:00:00+05:30,5340.496370941639,5349.37441222261,5242.393772614476,5275.5244140625,304362,0.0,0.0
2023-11-03 00:00:00+05:30,5313.813136515391,5333.701304432697,5273.738928602724,5325.6669921875,448715,0.0,0.0
2023-11-06 00:00:00+05:30,5336.627592547757,5383.744657723596,5333.75106859546,5363.26123046875,394137,0.0,0.0
2023-11-07 00:00:00+05:30,5363.261523470181,5401.103871541393,5361.7237285472165,5375.3134765625,202689,0.0,0.0
2023-11-08 00:00:00+05:30,5390.192392542801,5391.432315341969,5337.867650417915,5354.0859375,202145,0.0,0.0
2023-11-09 00:00:00+05:30,5378.090391126404,5411.022933423393,5338.760137984327,5375.2138671875,232773,0.0,0.0
2023-11-10 00:00:00+05:30,5366.336648952952,5383.298405930188,5305.927220705413,5348.58056640625,149325,0.0,0.0
2023-11-13 00:00:00+05:30,5391.184179641268,5395.945289318659,5352.052023458654,5381.46337890625,93497,0.0,0.0
2023-11-15 00:00:00+05:30,5480.458582389069,5510.216728537788,5417.073827961263,5492.064453125,640468,0.0,0.0
2023-11-16 00:00:00+05:30,5475.499107469817,5538.288604583842,5452.635124681093,5506.14990234375,324712,0.0,0.0
2023-11-17 00:00:00+05:30,5512.101409419946,5629.200007143658,5435.176794035401,5586.10009765625,531539,0.0,0.0
2023-11-20 00:00:00+05:30,5564.822790079128,5630.191905932377,5560.805634045764,5604.599609375,679425,0.0,0.0
2023-11-21 00:00:00+05:30,5595.027542189123,5661.3387092106195,5594.531573078035,5640.111328125,746193,0.0,0.0
2023-11-22 00:00:00+05:30,5634.209142338844,5718.424601136173,5615.659703713279,5705.18212890625,497403,0.0,0.0
2023-11-23 00:00:00+05:30,5753.241671633054,5897.07271342388,5736.4780125967445,5877.48193359375,1118718,0.0,0.0
2023-11-24 00:00:00+05:30,5892.113205701585,5911.951970703947,5852.435675696861,5882.4912109375,297211,0.0,0.0
2023-11-28 00:00:00+05:30,5921.672886787945,5990.9598717728895,5864.339048555907,5949.79443359375,380535,0.0,0.0
2023-11-29 00:00:00+05:30,5961.548734649381,6047.252100454907,5925.144408039295,6021.015625,406974,0.0,0.0
2023-11-30 00:00:00+05:30,6045.863537630259,6079.490146901679,5982.379490639555,6041.44921875,501833,0.0,0.0
2023-12-01 00:00:00+05:30,6001.226455322149,6040.9039856052705,5954.902744978664,5997.30810546875,439023,0.0,0.0
2023-12-04 00:00:00+05:30,6041.449289774569,6167.574625215509,6038.374668688183,6151.70361328125,359158,0.0,0.0
2023-12-05 00:00:00+05:30,6144.11487521476,6144.11487521476,6061.833888633135,6090.60009765625,565826,0.0,0.0
2023-12-06 00:00:00+05:30,6039.961257629256,6046.8554220337155,5939.5773998257555,6021.015625,699201,0.0,0.0
2023-12-07 00:00:00+05:30,6021.015854599952,6104.834637842457,6014.220980627891,6044.47509765625,427407,0.0,0.0
2023-12-08 00:00:00+05:30,6065.702216597656,6070.661907698717,5999.291759016515,6026.71923828125,233266,0.0,0.0
2023-12-11 00:00:00+05:30,6035.944169257261,6095.460463448787,5969.781695143078,6088.91357421875,175955,0.0,0.0
2023-12-12 00:00:00+05:30,6114.307251330005,6249.16144747195,6100.37071293277,6203.7802734375,810900,0.0,0.0
2023-12-13 00:00:00+05:30,6209.434030071167,6277.977058643767,6174.170819727134,6265.18115234375,373989,0.0,0.0
2023-12-14 00:00:00+05:30,6274.009097045247,6308.726933945893,6233.5382123389945,6283.77978515625,419212,0.0,0.0
2023-12-15 00:00:00+05:30,6317.605046892517,6350.487701635995,6205.7141263645435,6224.61083984375,553522,0.0,0.0
2023-12-18 00:00:00+05:30,6224.610962855078,6434.455301276553,6211.66587837117,6413.5751953125,851061,0.0,0.0
2023-12-19 00:00:00+05:30,6417.840314307378,6418.088298863572,6344.337594982433,6367.25146484375,377109,0.0,0.0
2023-12-20 00:00:00+05:30,6382.130713249883,6413.872737313296,6298.807900083425,6313.1416015625,385863,0.0,0.0
2023-12-21 00:00:00+05:30,6282.143587164962,6293.8482649047,6181.759241432008,6195.99365234375,397717,0.0,0.0
2023-12-22 00:00:00+05:30,6237.307392816018,6343.444780066545,6213.748860599196,6320.7294921875,237213,0.0,0.0
2023-12-26 00:00:00+05:30,6328.417204674775,6422.800030258173,6318.695919427482,6412.43408203125,302139,0.0,0.0
2023-12-27 00:00:00+05:30,6417.84021061084,6685.911511525458,6413.079100946772,6655.55810546875,1017894,0.0,0.0
2023-12-28 00:00:00+05:30,6655.558181910623,6684.324390294757,6612.260175470366,6649.25927734375,406228,0.0,0.0
2023-12-29 00:00:00+05:30,6675.694899152178,6778.856475295103,6612.260255468664,6742.4521484375,345626,0.0,0.0
2024-01-01 00:00:00+05:30,6715.421593338256,6740.716017360431,6628.180435178746,6647.0771484375,253274,0.0,0.0
2024-01-02 00:00:00+05:30,6656.897627637523,6682.489440872173,6508.057486249997,6611.31787109375,361379,0.0,0.0
2024-01-03 00:00:00+05:30,6590.486837476426,7002.935033740102,6550.759906102394,6930.17626953125,1256275,0.0,0.0
2024-01-04 00:00:00+05:30,6968.366160048808,6972.284509848268,6831.47868245639,6866.34521484375,619987,0.0,0.0
2024-01-05 00:00:00+05:30,6893.970483980932,7026.890202664881,6864.708307106481,6922.24072265625,659306,0.0,0.0
2024-01-08 00:00:00+05:30,6962.364980038638,6993.015774242651,6905.3779354223,6927.5478515625,312733,0.0,0.0
2024-01-09 00:00:00+05:30,7281.818480501548,7339.350897320659,7018.855561240406,7036.71044921875,2125908,0.0,0.0
2024-01-10 00:00:00+05:30,7067.559876104798,7082.3895463547005,6963.406362141149,6996.88427734375,721432,0.0,0.0
2024-01-11 00:00:00+05:30,7032.841908757968,7265.848097413296,7017.9628356082685,7240.00830078125,1031594,0.0,0.0
2024-01-12 00:00:00+05:30,7300.665316160588,7301.607851209711,7193.53598815171,7243.08349609375,434753,0.0,0.0
2024-01-15 00:00:00+05:30,7243.08349609375,7243.08349609375,7243.08349609375,7243.08349609375,0,0.0,0.0
2024-01-16 00:00:00+05:30,7279.8345721418045,7296.846215688731,7185.6004415581465,7235.14794921875,272181,0.0,0.0
2024-01-17 00:00:00+05:30,7054.664912857613,7151.874862444233,7023.914826763886,7108.18017578125,619338,0.0,0.0
2024-01-18 00:00:00+05:30,7090.374376663526,7131.291828123706,7014.143827801472,7026.49365234375,557084,0.0,0.0
2024-01-19 00:00:00+05:30,7081.2484625863035,7122.116511515666,7047.721144055545,7079.0166015625,327976,0.0,0.0
2024-01-23 00:00:00+05:30,7017.9629239568985,7151.874583989998,6880.628883318352,7038.6943359375,953921,0.0,0.0
2024-01-24 00:00:00+05:30,7018.062170863832,7178.656871210419,6971.540365389317,7154.70166015625,467134,0.0,0.0
2024-01-25 00:00:00+05:30,7300.665165350444,7563.677482692439,7151.874435078356,7536.25048828125,2065788,0.0,0.0
2024-01-29 00:00:00+05:30,7532.779162560895,7578.408322618546,7419.69820067889,7487.943359375,457853,0.0,0.0
2024-01-30 00:00:00+05:30,7513.8328421880915,7598.246882886518,7482.834772332974,7505.4013671875,266287,0.0,0.0
2024-01-31 00:00:00+05:30,7505.40138398117,7624.037294065099,7454.515146131084,7605.73583984375,336874,0.0,0.0
2024-02-01 00:00:00+05:30,7618.085752538942,7702.400503706364,7574.787744837817,7594.03125,394564,0.0,0.0
2024-02-02 00:00:00+05:30,7613.125718000328,7734.638148027043,7603.801595748875,7675.81640625,197720,0.0,0.0
2024-02-05 00:00:00+05:30,7737.117982445402,7774.811634154752,7571.960271666279,7596.5107421875,252401,0.0,0.0
2024-02-06 00:00:00+05:30,7613.125770054592,7685.2398717381875,7608.761338794797,7658.15966796875,131992,0.0,0.0
2024-02-07 00:00:00+05:30,7682.5617173141945,7715.097098053713,7603.801917429808,7639.80908203125,159783,0.0,0.0
2024-02-08 00:00:00+05:30,7666.690635423717,7720.701866177933,7606.331096820302,7694.712890625,282537,0.0,0.0
2024-02-09 00:00:00+05:30,7716.08881520641,7727.694686093087,7607.174192625362,7722.09033203125,173555,0.0,0.0
2024-02-12 00:00:00+05:30,7712.319947482305,7810.720416305808,7703.441906345011,7766.8271484375,219911,0.0,0.0
2024-02-13 00:00:00+05:30,7766.876471453455,7871.178681222204,7748.972179838938,7853.57177734375,258767,0.0,0.0
2024-02-14 00:00:00+05:30,7835.320251267956,8071.252861336582,7816.473424483035,8018.13427734375,513900,0.0,0.0
2024-02-15 00:00:00+05:30,8055.13351855684,8091.0912786406,7980.440280796641,8057.5634765625,394525,0.0,0.0
2024-02-16 00:00:00+05:30,8119.858029529613,8387.28468547862,8071.501038598041,8257.935546875,938756,0.0,0.0
2024-02-19 00:00:00+05:30,8332.280865597659,8580.265415169017,8293.694082208496,8441.0966796875,1044959,0.0,0.0
2024-02-20 00:00:00+05:30,8436.43461809911,8436.43461809911,8172.281662066346,8228.326171875,547082,0.0,0.0
2024-02-21 00:00:00+05:30,8233.087114274273,8309.317177970937,8138.852984653061,8165.88330078125,439817,0.0,0.0
2024-02-22 00:00:00+05:30,8193.409639372436,8481.07172114217,8153.732110852473,8429.9375,548486,0.0,0.0
2024-02-23 00:00:00+05:30,8428.995260918044,8462.22519222028,8333.322623177099,8368.93359375,340749,0.0,0.0
2024-02-26 00:00:00+05:30,8390.607270861665,8479.038955385486,8307.483037312824,8379.89453125,345968,0.0,0.0
2024-02-27 00:00:00+05:30,8391.797747311986,8421.5558953521,8315.914469809697,8395.26953125,392445,0.0,0.0
2024-02-28 00:00:00+05:30,8401.716679223548,8418.23283797557,8006.776575876119,8122.634765625,537728,0.0,0.0
2024-02-29 00:00:00+05:30,7932.926883454766,8077.849159009971,7826.392812008187,7845.5869140625,1042536,0.0,0.0
2024-03-01 00:00:00+05:30,7890.868755975183,8028.748172327233,7881.246761240015,7975.23291015625,399007,0.0,0.0
2024-03-04 00:00:00+05:30,8003.7014320836715,8158.691777399003,7981.779500773306,8141.13427734375,410053,0.0,0.0
2024-03-05 00:00:00+05:30,8094.265173819298,8320.377681885533,8094.265173819298,8284.419921875,615117,0.0,0.0
2024-03-06 00:00:00+05:30,8302.225645028451,8611.165002273376,8296.571403347058,8536.421875,959543,0.0,0.0
2024-03-07 00:00:00+05:30,8568.362238753949,8900.512360151293,8431.52416925356,8807.46875,1243547,0.0,0.0
2024-03-11 00:00:00+05:30,8950.704743616321,8952.242054053884,8560.426473848755,8589.58984375,631957,0.0,0.0
2024-03-12 00:00:00+05:30,8567.321404045804,8629.81351483137,8406.924792624908,8458.9521484375,324864,0.0,0.0
2024-03-13 00:00:00+05:30,8458.952304256087,8547.730780737596,8230.062545059343,8317.3037109375,430048,0.0,0.0
2024-03-14 00:00:00+05:30,8263.34173584453,8332.28144542273,8135.92707167033,8315.9638671875,392634,0.0,0.0
2024-03-15 00:00:00+05:30,8317.203612969419,8364.12209827657,8044.619176652594,8283.37890625,676870,0.0,0.0
2024-03-18 00:00:00+05:30,8275.740279038491,8478.244847020842,8227.333889339156,8453.0986328125,367524,0.0,0.0
2024-03-19 00:00:00+05:30,8431.474987750868,8617.860569367725,8374.487942478074,8570.544921875,673456,0.0,0.0
2024-03-20 00:00:00+05:30,8570.346361027787,8713.185467044916,8492.97517860184,8565.9814453125,790885,0.0,0.0
2024-03-21 00:00:00+05:30,8538.803258260084,8699.29867752366,8515.790096526867,8680.0546875,720691,0.0,0.0
2024-03-22 00:00:00+05:30,8629.912286496636,8977.041275179216,8612.007994597343,8873.1357421875,851210,0.0,0.0
2024-03-26 00:00:00+05:30,8873.13506292175,8947.282442363734,8779.694292014126,8888.3115234375,534067,0.0,0.0
2024-03-27 00:00:00+05:30,8886.774364661494,9212.923452216197,8854.734954428159,9088.6337890625,1034030,0.0,0.0
2024-03-28 00:00:00+05:30,9088.634317195692,9169.080122693842,8907.654987722706,9074.400390625,847202,0.0,0.0
2024-04-01 00:00:00+05:30,9120.67367627319,9137.338045224617,8940.438301543709,8969.2548828125,419820,0.0,0.0
2024-04-02 00:00:00+05:30,9076.234365534914,9282.50810422508,9065.819014623645,9201.3173828125,803845,0.0,0.0
2024-04-03 00:00:00+05:30,9174.387692916565,9174.387692916565,8992.11903507172,9007.24609375,453210,0.0,0.0
2024-04-04 00:00:00+05:30,9065.323269972061,9107.728628303532,8915.590003950261,9072.416015625,617929,0.0,0.0
2024-04-05 00:00:00+05:30,9056.395740260281,9056.395740260281,8927.939743725372,8936.8671875,356305,0.0,0.0
2024-04-08 00:00:00+05:30,8976.049099557576,9016.718567242608,8879.136540140915,8957.6982421875,376197,0.0,0.0
2024-04-09 00:00:00+05:30,9016.71859939872,9059.074555974317,8864.357273247791,8906.5146484375,237944,0.0,0.0
2024-04-10 00:00:00+05:30,8961.963412254592,8976.84248584669,8829.589060458955,8932.94921875,319824,0.0,0.0
2024-04-12 00:00:00+05:30,8876.90425922933,9045.484348239022,8858.008030461067,8991.7705078125,480474,0.0,0.0
2024-04-15 00:00:00+05:30,8986.067151004358,9103.711605236864,8872.887387456327,8924.517578125,386707,0.0,0.0
2024-04-16 00:00:00+05:30,8875.863123699117,8956.656684829235,8713.284063226572,8847.24609375,487529,0.0,0.0
2024-04-18 00:00:00+05:30,8895.603344734905,9055.404207988235,8877.847262733563,8948.572265625,819240,0.0,0.0
2024-04-19 00:00:00+05:30,9001.889213317974,9016.718884208714,8629.912361659199,8733.5205078125,1385007,0.0,0.0
2024-04-22 00:00:00+05:30,8812.37937045235,8812.37937045235,8674.499954368055,8724.8408203125,323734,0.0,0.0
2024-04-23 00:00:00+05:30,8773.693200623211,8790.060180590457,8690.370393517236,8724.8896484375,295346,0.0,0.0
2024-04-24 00:00:00+05:30,8748.796137754049,8797.499916010074,8610.023595779394,8626.9853515625,319824,0.0,0.0
2024-04-25 00:00:00+05:30,8626.886599732708,8699.298088956635,8571.735222813362,8664.4814453125,524667,0.0,0.0
2024-04-26 00:00:00+05:30,8676.781190930065,8922.435084049172,8664.13397834395,8901.951171875,521344,0.0,0.0
2024-04-29 00:00:00+05:30,8901.950897703175,8917.325939981385,8658.628648160795,8689.4775390625,299443,0.0,0.0
2024-04-30 00:00:00+05:30,8728.461534622105,8893.71805410746,8724.096618991201,8831.87109375,360403,0.0,0.0
2024-05-02 00:00:00+05:30,8871.895259947525,9072.713342256158,8754.945358702902,9037.2021484375,638239,0.0,0.0
2024-05-03 00:00:00+05:30,9096.073592464458,9183.958932392332,8991.274930719897,9032.1923828125,396042,0.0,0.0
2024-05-06 00:00:00+05:30,9046.476740464288,9111.696679684192,8739.521258641189,8979.5703125,458431,0.0,0.0
2024-05-07 00:00:00+05:30,8982.150114501135,9001.790298293672,8572.87580757646,8607.94140625,588285,0.0,0.0
2024-05-08 00:00:00+05:30,8581.258119473812,8714.524640835198,8523.527117441636,8678.865234375,451581,0.0,0.0
2024-05-09 00:00:00+05:30,8729.056401830894,8934.834180859718,8715.516057549912,8775.5283203125,645689,0.0,0.0
2024-05-10 00:00:00+05:30,8877.84718293711,8975.007726570988,8834.697869813337,8909.390625,482797,0.0,0.0
2024-05-13 00:00:00+05:30,8950.159554134832,8952.242236874758,8798.987785285046,8919.8056640625,435605,0.0,0.0
2024-05-14 00:00:00+05:30,8880.078949642004,9015.726501527122,8811.139243199477,8992.16796875,408162,0.0,0.0
2024-05-15 00:00:00+05:30,8995.887563500719,9051.436102871767,8805.782219409475,8831.375,274392,0.0,0.0
2024-05-16 00:00:00+05:30,8877.847511671727,8883.352575329289,8639.7823270012,8800.3271484375,680474,0.0,0.0
2024-05-17 00:00:00+05:30,8819.322701143321,8886.129352686912,8694.834454715081,8709.912109375,323961,0.0,0.0
2024-05-21 00:00:00+05:30,8704.258072358865,8788.572822917327,8704.258072358865,8749.58984375,417798,0.0,0.0
2024-05-22 00:00:00+05:30,8778.653371680657,8778.653371680657,8665.572412994601,8734.5615234375,302838,0.0,0.0
2024-05-23 00:00:00+05:30,8778.652896261761,8912.564550611516,8680.649597779273,8891.1884765625,731514,0.0,0.0
2024-05-24 00:00:00+05:30,8907.604964205333,8951.250244653555,8798.590569428121,8876.0615234375,455920,0.0,0.0
2024-05-27 00:00:00+05:30,8929.42749913209,8996.333923131786,8810.09752977897,8926.154296875,301747,0.0,0.0
2024-05-28 00:00:00+05:30,8926.154407749458,8949.514358447945,8844.319506857557,8917.2763671875,259094,0.0,0.0
2024-05-29 00:00:00+05:30,8877.846958699425,9065.769845881558,8830.977878386737,8997.078125,339934,0.0,0.0
2024-05-30 00:00:00+05:30,8994.89609858463,9055.305525805084,8855.627580071994,8896.1982421875,305109,0.0,0.0
2024-05-31 00:00:00+05:30,8917.524595862917,9051.932224643719,8851.064735137352,9011.5107421875,560005,0.0,0.0
2024-06-03 00:00:00+05:30,9105.993429991795,9367.86513647522,9049.00638194524,9260.1904296875,438422,0.0,0.0
2024-06-04 00:00:00+05:30,9152.614297548802,9297.288104859686,8736.992167856273,9172.205078125,738601,0.0,0.0
2024-06-05 00:00:00+05:30,9166.501181668847,9600.970126325374,9102.025196731236,9524.8388671875,489543,0.0,0.0
2024-06-06 00:00:00+05:30,9517.944628068568,9661.47828253367,9377.783951034222,9623.2392578125,570095,0.0,0.0
2024-06-07 00:00:00+05:30,9565.855000640346,9661.577038567388,9537.485955114002,9647.14453125,246783,0.0,0.0
2024-06-10 00:00:00+05:30,9700.16373878346,9843.994778984257,9603.449763476026,9654.583984375,201452,0.0,0.0
2024-06-11 00:00:00+05:30,9661.478668080517,9820.188789938104,9621.899943966398,9733.5927734375,457442,0.0,0.0
2024-06-12 00:00:00+05:30,9774.55940039945,9863.833841848196,9716.729594843366,9824.404296875,277175,0.0,0.0
2024-06-13 00:00:00+05:30,9824.156401151713,9859.866178054122,9746.041264177691,9843.400390625,277783,0.0,0.0
2024-06-14 00:00:00+05:30,9826.0,9995.0,9813.0498046875,9961.75,320933,80.0,0.0
2024-06-18 00:00:00+05:30,9922.0,10038.7998046875,9908.0,9918.2001953125,206100,0.0,0.0
2024-06-19 00:00:00+05:30,9939.5,9948.0,9670.0,9685.7998046875,279789,0.0,0.0
2024-06-20 00:00:00+05:30,9692.0,9735.900390625,9565.0,9632.0,324597,0.0,0.0
2024-06-21 00:00:00+05:30,9675.0,9728.9501953125,9571.099609375,9602.25,334018,0.0,0.0
2024-06-24 00:00:00+05:30,9580.0,9758.9501953125,9510.5498046875,9745.25,283754,0.0,0.0
2024-06-25 00:00:00+05:30,9755.0,9825.0,9645.0,9659.9501953125,282048,0.0,0.0
2024-06-26 00:00:00+05:30,9659.900390625,9660.2998046875,9441.5,9474.650390625,431217,0.0,0.0
2024-06-27 00:00:00+05:30,9564.650390625,9564.650390625,9365.650390625,9417.4501953125,637626,0.0,0.0
2024-06-28 00:00:00+05:30,9465.0,9523.7001953125,9382.25,9501.650390625,237516,0.0,0.0
2024-07-01 00:00:00+05:30,9505.0,9693.9501953125,9505.0,9532.400390625,289355,0.0,0.0
2024-07-02 00:00:00+05:30,9520.0,9532.400390625,9381.099609375,9401.25,287884,0.0,0.0
2024-07-03 00:00:00+05:30,9474.0,9554.9501953125,9384.599609375,9422.400390625,318120,0.0,0.0
2024-07-04 00:00:00+05:30,9479.900390625,9499.0,9420.349609375,9460.849609375,234656,0.0,0.0
2024-07-05 00:00:00+05:30,9522.0,9660.0,9493.2998046875,9635.7998046875,608628,0.0,0.0
2024-07-08 00:00:00+05:30,9640.0,9666.150390625,9470.0,9529.400390625,316215,0.0,0.0
2024-07-09 00:00:00+05:30,9565.0,9565.0,9481.2001953125,9534.099609375,262913,0.0,0.0
2024-07-10 00:00:00+05:30,9550.0,9650.0,9451.9501953125,9542.4501953125,239607,0.0,0.0
2024-07-11 00:00:00+05:30,9542.4501953125,9569.5,9383.0,9466.7998046875,294900,0.0,0.0
2024-07-12 00:00:00+05:30,9499.9501953125,9554.349609375,9412.0,9430.75,171581,0.0,0.0
2024-07-15 00:00:00+05:30,9430.75,9738.5,9403.9501953125,9673.349609375,504086,0.0,0.0
2024-07-16 00:00:00+05:30,9715.0,9909.9501953125,9633.650390625,9718.349609375,1041123,0.0,0.0
2024-07-18 00:00:00+05:30,9745.0,9745.0,9291.5,9626.2001953125,1055384,0.0,0.0
2024-07-19 00:00:00+05:30,9635.0,9675.0,9340.0,9386.0498046875,380782,0.0,0.0
2024-07-22 00:00:00+05:30,9350.0,9435.0,9263.2001953125,9409.7001953125,247040,0.0,0.0
2024-07-23 00:00:00+05:30,9435.0,9508.0,8744.599609375,9382.5,431989,0.0,0.0
2024-07-24 00:00:00+05:30,9360.0,9372.7001953125,9250.0,9260.2001953125,283213,0.0,0.0
2024-07-25 00:00:00+05:30,9260.0,9309.9501953125,9171.0,9278.25,262328,0.0,0.0
2024-07-26 00:00:00+05:30,9319.0,9505.0,9268.4501953125,9492.900390625,250956,0.0,0.0
2024-07-29 00:00:00+05:30,9549.2001953125,9621.0498046875,9509.0,9557.650390625,302363,0.0,0.0
2024-07-30 00:00:00+05:30,9550.650390625,9654.0,9512.0,9564.349609375,301885,0.0,0.0
2024-07-31 00:00:00+05:30,9600.0,9680.0,9580.0498046875,9664.2001953125,315292,0.0,0.0
2024-08-01 00:00:00+05:30,9844.0,9844.0,9662.0,9730.5,308658,0.0,0.0
2024-08-02 00:00:00+05:30,9714.7998046875,9730.0,9581.75,9616.2001953125,230615,0.0,0.0
2024-08-05 00:00:00+05:30,9396.2001953125,9520.0,9369.2998046875,9485.0498046875,310757,0.0,0.0
2024-08-06 00:00:00+05:30,9515.25,9620.0,9400.0,9427.400390625,246541,0.0,0.0
2024-08-07 00:00:00+05:30,9570.0,9725.0,9497.5,9708.2001953125,270583,0.0,0.0
2024-08-08 00:00:00+05:30,9735.0,9777.7001953125,9610.150390625,9641.2998046875,365016,0.0,0.0
2024-08-09 00:00:00+05:30,9761.0,9775.0,9614.0,9765.9501953125,161640,0.0,0.0
2024-08-12 00:00:00+05:30,9741.0,9750.9501953125,9615.0,9710.849609375,307698,0.0,0.0
2024-08-13 00:00:00+05:30,9700.0,9789.849609375,9650.0,9671.599609375,161706,0.0,0.0
2024-08-14 00:00:00+05:30,9704.0,9785.0,9671.599609375,9749.599609375,282934,0.0,0.0
2024-08-16 00:00:00+05:30,9788.0,9925.0,9693.9501953125,9888.150390625,240190,0.0,0.0
2024-08-19 00:00:00+05:30,9926.9501953125,9944.0,9759.2998046875,9770.650390625,148301,0.0,0.0
2024-08-20 00:00:00+05:30,9772.2001953125,9876.650390625,9755.0498046875,9779.7001953125,132844,0.0,0.0
2024-08-21 00:00:00+05:30,9779.099609375,9869.0,9735.0,9852.0,134985,0.0,0.0
2024-08-22 00:00:00+05:30,9900.0,10011.0,9841.099609375,9914.2001953125,388874,0.0,0.0
2024-08-23 00:00:00+05:30,9970.0,10444.349609375,9930.0,10406.4501953125,1229549,0.0,0.0
2024-08-26 00:00:00+05:30,10375.099609375,10517.150390625,10339.650390625,10432.5498046875,309223,0.0,0.0
2024-08-27 00:00:00+05:30,10401.0,10568.4501953125,10350.0,10501.599609375,262396,0.0,0.0
2024-08-28 00:00:00+05:30,10500.0,10715.0,10461.2998046875,10656.75,338792,0.0,0.0
2024-08-29 00:00:00+05:30,10582.0498046875,10850.0,10555.400390625,10807.849609375,693506,0.0,0.0
2024-08-30 00:00:00+05:30,10835.0,10921.349609375,10705.0,10891.5498046875,498560,0.0,0.0
2024-09-02 00:00:00+05:30,10926.0,11154.099609375,10912.150390625,11126.099609375,787108,0.0,0.0
2024-09-03 00:00:00+05:30,11105.9501953125,11118.7001953125,11015.0,11043.650390625,217394,0.0,0.0
2024-09-04 00:00:00+05:30,11012.0,11029.849609375,10908.900390625,10963.7001953125,324246,0.0,0.0
2024-09-05 00:00:00+05:30,10964.0,11015.849609375,10825.5498046875,10855.75,297298,0.0,0.0
2024-09-06 00:00:00+05:30,10855.75,10913.9501953125,10796.25,10830.099609375,216847,0.0,0.0
2024-09-09 00:00:00+05:30,10830.099609375,10902.400390625,10780.0,10847.599609375,193055,0.0,0.0
2024-09-10 00:00:00+05:30,10793.400390625,11035.7001953125,10780.0498046875,10987.75,466892,0.0,0.0
2024-09-11 00:00:00+05:30,11067.75,11501.2998046875,10986.599609375,11420.75,1283385,0.0,0.0
2024-09-12 00:00:00+05:30,11480.75,11779.25,11443.349609375,11723.5,1409151,0.0,0.0
2024-09-13 00:00:00+05:30,11723.5,11893.9501953125,11688.400390625,11737.150390625,417878,0.0,0.0
2024-09-16 00:00:00+05:30,11734.0,11751.7998046875,11640.0498046875,11688.349609375,172602,0.0,0.0
2024-09-17 00:00:00+05:30,11680.0,11972.849609375,11643.099609375,11950.2998046875,444755,0.0,0.0
2024-09-18 00:00:00+05:30,11840.5,12054.0,11740.0,11764.650390625,446416,0.0,0.0
2024-09-19 00:00:00+05:30,11811.2001953125,12040.25,11811.2001953125,11868.0,500633,0.0,0.0
2024-09-20 00:00:00+05:30,11925.0,12015.0,11868.25,11941.7001953125,772831,0.0,0.0
2024-09-23 00:00:00+05:30,12000.0,12380.0,12000.0,12338.9501953125,735579,0.0,0.0
2024-09-24 00:00:00+05:30,12230.5498046875,12477.5,12230.5498046875,12443.650390625,503848,0.0,0.0
2024-09-25 00:00:00+05:30,12390.0,12430.7001953125,12310.0,12397.25,262012,0.0,0.0
2024-09-26 00:00:00+05:30,12460.0,12676.5,12391.0498046875,12621.650390625,641805,0.0,0.0
2024-09-27 00:00:00+05:30,12621.650390625,12774.0,12551.599609375,12666.400390625,480852,0.0,0.0
2024-09-30 00:00:00+05:30,12553.599609375,12651.150390625,12281.650390625,12345.9501953125,479000,0.0,0.0
2024-10-01 00:00:00+05:30,12414.25,12500.0,12112.099609375,12157.4501953125,670828,0.0,0.0
2024-10-03 00:00:00+05:30,11732.0,12018.849609375,11700.0,11806.4501953125,670365,0.0,0.0
2024-10-04 00:00:00+05:30,11661.2001953125,11948.2998046875,11639.0,11774.400390625,650553,0.0,0.0
2024-10-07 00:00:00+05:30,11774.400390625,11817.0,11525.0,11617.0498046875,341323,0.0,0.0
2024-10-08 00:00:00+05:30,11585.0,11936.849609375,11562.2001953125,11889.099609375,359432,0.0,0.0
2024-10-09 00:00:00+05:30,11944.0,11988.7998046875,11802.0,11818.099609375,193883,0.0,0.0
2024-10-10 00:00:00+05:30,11821.5,12030.9501953125,11803.099609375,11832.0,251378,0.0,0.0
2024-10-11 00:00:00+05:30,11890.0,11930.650390625,11705.599609375,11876.9501953125,200855,0.0,0.0
2024-10-14 00:00:00+05:30,11928.7998046875,11990.099609375,11861.599609375,11899.2998046875,177045,0.0,0.0
2024-10-15 00:00:00+05:30,11950.0,11950.0,11467.0,11521.5,476945,0.0,0.0
2024-10-16 00:00:00+05:30,11537.900390625,11680.0,11381.150390625,11616.9501953125,504602,0.0,0.0
2024-10-17 00:00:00+05:30,11222.2001953125,11287.349609375,10071.0,10119.4501953125,3668914,0.0,0.0
2024-10-18 00:00:00+05:30,10049.5498046875,10149.099609375,9841.099609375,10063.9501953125,1543331,0.0,0.0
2024-10-21 00:00:00+05:30,10063.0,10829.849609375,9881.400390625,10500.5,2110278,0.0,0.0
2024-10-22 00:00:00+05:30,10500.5,10614.9501953125,10320.0,10368.349609375,1191148,0.0,0.0
2024-10-23 00:00:00+05:30,10368.0,10735.099609375,10342.4501953125,10586.75,1323887,0.0,0.0
2024-10-24 00:00:00+05:30,10504.0,10593.4501953125,10210.0,10302.5,653421,0.0,0.0
2024-10-25 00:00:00+05:30,10300.0,10368.2001953125,9925.0,10206.099609375,644769,0.0,0.0
2024-10-28 00:00:00+05:30,10206.099609375,10292.75,9985.0,10011.25,340768,0.0,0.0
2024-10-29 00:00:00+05:30,10073.9501953125,10073.9501953125,9640.0,9850.849609375,1100706,0.0,0.0
2024-10-30 00:00:00+05:30,9820.0,10057.75,9770.0,9940.650390625,604822,0.0,0.0
2024-10-31 00:00:00+05:30,9940.0,10030.900390625,9805.0,9836.2998046875,361801,0.0,0.0
2024-11-01 00:00:00+05:30,9905.0,9950.0,9838.7998046875,9875.9501953125,53757,0.0,0.0
2024-11-04 00:00:00+05:30,9896.5,9896.5,9365.0,9525.5498046875,1125992,0.0,0.0
2024-11-05 00:00:00+05:30,9530.0,10007.2998046875,9500.2001953125,9874.849609375,1019901,0.0,0.0
2024-11-06 00:00:00+05:30,9883.400390625,10054.0,9848.7998046875,10020.5,514045,0.0,0.0
2024-11-07 00:00:00+05:30,10070.599609375,10079.7998046875,9789.9501953125,9856.650390625,473407,0.0,0.0
2024-11-08 00:00:00+05:30,9856.650390625,9991.0498046875,9777.25,9910.400390625,273163,0.0,0.0
2024-11-11 00:00:00+05:30,9850.0498046875,10032.900390625,9800.0,9919.349609375,359768,0.0,0.0
2024-11-12 00:00:00+05:30,9900.0,9999.0,9662.0,9678.7001953125,316606,0.0,0.0
2024-11-13 00:00:00+05:30,9678.7001953125,9710.0,9416.099609375,9452.150390625,494123,0.0,0.0
2024-11-14 00:00:00+05:30,9410.0,9516.9501953125,9400.0,9482.9501953125,275791,0.0,0.0
2024-11-18 00:00:00+05:30,9459.0498046875,9603.0,9435.849609375,9516.5,292519,0.0,0.0
2024-11-19 00:00:00+05:30,9560.0,9698.599609375,9500.4501953125,9545.7001953125,365397,0.0,0.0
2024-11-21 00:00:00+05:30,9473.5,9554.0,9414.349609375,9505.0,282212,0.0,0.0
2024-11-22 00:00:00+05:30,9545.0,9602.900390625,9444.099609375,9481.650390625,619823,0.0,0.0
2024-11-25 00:00:00+05:30,9560.0,9636.349609375,9392.0,9420.9501953125,1090141,0.0,0.0
2024-11-26 00:00:00+05:30,9465.0,9484.0,9120.099609375,9137.4501953125,750430,0.0,0.0
2024-11-27 00:00:00+05:30,9175.0,9256.9501953125,9103.0,9190.349609375,461513,0.0,0.0
2024-11-28 00:00:00+05:30,9165.099609375,9272.400390625,8992.25,9013.5,687966,0.0,0.0
2024-11-29 00:00:00+05:30,9059.099609375,9090.900390625,8993.0,9033.650390625,423101,0.0,0.0
2024-12-02 00:00:00+05:30,9078.7998046875,9175.0,9056.9501953125,9130.349609375,298320,0.0,0.0
2024-12-03 00:00:00+05:30,9105.0,9225.0498046875,9105.0,9161.7998046875,398985,0.0,0.0
2024-12-04 00:00:00+05:30,9161.7998046875,9240.0,8951.0,8999.150390625,456462,0.0,0.0
2024-12-05 00:00:00+05:30,9044.150390625,9044.150390625,8746.5,8891.9501953125,1803653,0.0,0.0
2024-12-06 00:00:00+05:30,8953.900390625,9148.9501953125,8930.099609375,9099.900390625,746013,0.0,0.0
2024-12-09 00:00:00+05:30,9096.0,9171.0,9026.400390625,9077.4501953125,304202,0.0,0.0
2024-12-10 00:00:00+05:30,9075.099609375,9094.900390625,8980.0,9013.2998046875,393944,0.0,0.0
2024-12-11 00:00:00+05:30,9045.0498046875,9108.400390625,9013.650390625,9069.849609375,254311,0.0,0.0
2024-12-12 00:00:00+05:30,9095.0,9095.0,8944.0,8963.25,599056,0.0,0.0
2024-12-13 00:00:00+05:30,8964.150390625,9051.0,8903.75,9021.400390625,243931,0.0,0.0
2024-12-16 00:00:00+05:30,9064.0,9078.75,8970.0,8998.349609375,228470,0.0,0.0
2024-12-17 00:00:00+05:30,8989.7998046875,8990.0,8851.400390625,8895.0,456493,0.0,0.0
2024-12-18 00:00:00+05:30,8825.0,9006.25,8800.0,8956.75,303382,0.0,0.0
2024-12-19 00:00:00+05:30,8823.0,9003.0,8762.5498046875,8982.650390625,516640,0.0,0.0
2024-12-20 00:00:00+05:30,8950.0,9066.75,8759.400390625,8787.25,316335,0.0,0.0
2024-12-23 00:00:00+05:30,8849.9501953125,8874.9501953125,8719.900390625,8768.4501953125,514460,0.0,0.0
2024-12-24 00:00:00+05:30,8745.0,8854.0,8731.0,8778.0498046875,297827,0.0,0.0
2024-12-26 00:00:00+05:30,8810.0,8898.650390625,8797.599609375,8878.5,240675,0.0,0.0
2024-12-27 00:00:00+05:30,8896.25,9179.150390625,8896.25,8928.2998046875,713799,0.0,0.0
2024-12-30 00:00:00+05:30,8928.0,8962.4501953125,8737.5498046875,8779.900390625,1065253,0.0,0.0
2024-12-31 00:00:00+05:30,8770.0,8839.75,8740.150390625,8798.599609375,294554,0.0,0.0
2025-01-01 00:00:00+05:30,8754.0498046875,8767.0,8551.0,8740.5498046875,558535,0.0,0.0
2025-01-02 00:00:00+05:30,8740.5,9107.2998046875,8677.5498046875,9079.5,734590,0.0,0.0
2025-01-03 00:00:00+05:30,9100.0,9109.9501953125,8945.0,8965.7001953125,337802,0.0,0.0
2025-01-06 00:00:00+05:30,9004.9501953125,9093.900390625,8795.0,8823.849609375,238306,0.0,0.0
2025-01-07 00:00:00+05:30,8870.0,8887.9501953125,8735.099609375,8810.2998046875,270785,0.0,0.0
2025-01-08 00:00:00+05:30,8776.0,8830.9501953125,8612.0,8642.25,415288,0.0,0.0
2025-01-09 00:00:00+05:30,8719.9501953125,8898.0,8692.099609375,8835.849609375,612457,0.0,0.0
2025-01-10 00:00:00+05:30,8832.4501953125,8855.0,8642.099609375,8764.0,350859,0.0,0.0
2025-01-13 00:00:00+05:30,8704.5,8749.900390625,8551.0,8596.25,341577,0.0,0.0
2025-01-14 00:00:00+05:30,8620.0,8698.0,8525.0,8611.2001953125,355464,0.0,0.0
2025-01-15 00:00:00+05:30,8623.900390625,8799.0,8561.2998046875,8578.0,347402,0.0,0.0
2025-01-16 00:00:00+05:30,8621.0,8639.900390625,8549.7001953125,8581.9501953125,290855,0.0,0.0
2025-01-17 00:00:00+05:30,8565.849609375,8666.599609375,8531.2998046875,8581.400390625,183057,0.0,0.0
2025-01-20 00:00:00+05:30,8600.0,8609.599609375,8462.7001953125,8544.400390625,294136,0.0,0.0
2025-01-21 00:00:00+05:30,8582.4501953125,8608.7998046875,8412.099609375,8468.5498046875,343149,0.0,0.0
2025-01-22 00:00:00+05:30,8480.7998046875,8534.9501953125,8395.0,8460.849609375,344305,0.0,0.0
2025-01-23 00:00:00+05:30,8439.150390625,8502.2001953125,8375.650390625,8399.9501953125,347894,0.0,0.0
2025-01-24 00:00:00+05:30,8414.400390625,8489.9501953125,8360.0,8401.5,232317,0.0,0.0
2025-01-27 00:00:00+05:30,8378.0498046875,8418.9501953125,8290.349609375,8384.599609375,324406,0.0,0.0
2025-01-28 00:00:00+05:30,8426.4501953125,8489.0,8361.349609375,8398.400390625,651069,0.0,0.0
2025-01-29 00:00:00+05:30,8420.150390625,8807.0,8420.150390625,8625.849609375,802600,0.0,0.0
2025-01-30 00:00:00+05:30,8659.9501953125,8824.2998046875,8602.5,8747.7998046875,322587,0.0,0.0
2025-01-31 00:00:00+05:30,8800.0,8959.900390625,8744.0498046875,8847.7998046875,315913,0.0,0.0
2025-02-01 00:00:00+05:30,8887.900390625,9178.0,8806.2998046875,9155.599609375,418755,0.0,0.0
2025-02-03 00:00:00+05:30,9150.0,9150.0,8886.5498046875,8926.5498046875,667412,0.0,0.0
2025-02-04 00:00:00+05:30,8950.0,9059.650390625,8877.599609375,8911.400390625,440468,0.0,0.0
2025-02-05 00:00:00+05:30,8930.0,8968.0,8895.0,8927.7998046875,329075,0.0,0.0
2025-02-06 00:00:00+05:30,8922.0,8961.650390625,8811.0,8846.349609375,580590,0.0,0.0
2025-02-07 00:00:00+05:30,8890.5498046875,9026.0,8851.0498046875,8989.400390625,244178,0.0,0.0
2025-02-10 00:00:00+05:30,8989.400390625,9069.7998046875,8845.849609375,8880.5498046875,192650,0.0,0.0
2025-02-11 00:00:00+05:30,8830.0,8877.4501953125,8732.5498046875,8762.0,282926,0.0,0.0
2025-02-12 00:00:00+05:30,8732.0,8819.400390625,8647.0,8711.599609375,411042,0.0,0.0
2025-02-13 00:00:00+05:30,8715.0498046875,8777.0498046875,8651.4501953125,8691.349609375,206920,0.0,0.0
2025-02-14 00:00:00+05:30,8700.0,8722.7001953125,8419.900390625,8506.5,369356,0.0,0.0
2025-02-17 00:00:00+05:30,8494.0,8552.0498046875,8382.650390625,8537.150390625,224417,0.0,0.0
2025-02-18 00:00:00+05:30,8510.099609375,8550.0,8390.4501953125,8446.599609375,206278,0.0,0.0
2025-02-19 00:00:00+05:30,8440.0498046875,8527.7001953125,8405.0498046875,8479.5,200819,0.0,0.0
2025-02-20 00:00:00+05:30,8459.9501953125,8640.0,8459.900390625,8630.2001953125,188845,0.0,0.0
2025-02-21 00:00:00+05:30,8550.0,8614.0,8450.0,8506.0498046875,222132,0.0,0.0
2025-02-24 00:00:00+05:30,8450.5,8488.4501953125,8341.599609375,8446.9501953125,275998,0.0,0.0
2025-02-25 00:00:00+05:30,8450.0,8468.099609375,8365.0498046875,8417.900390625,237383,0.0,0.0
2025-02-27 00:00:00+05:30,8360.099609375,8413.9501953125,8183.39990234375,8232.349609375,350992,0.0,0.0
2025-02-28 00:00:00+05:30,8234.75,8234.75,7886.2998046875,7902.89990234375,580155,0.0,0.0
2025-03-03 00:00:00+05:30,7934.9501953125,7998.2998046875,7679.60009765625,7714.7998046875,497052,0.0,0.0
2025-03-04 00:00:00+05:30,7652.10009765625,7680.0,7317.0498046875,7333.2998046875,1078953,0.0,0.0
2025-03-05 00:00:00+05:30,7332.2001953125,7443.2998046875,7301.0,7420.2998046875,749464,0.0,0.0
2025-03-06 00:00:00+05:30,7481.0,7500.0,7376.9501953125,7462.25,917093,0.0,0.0
2025-03-07 00:00:00+05:30,7462.25,7624.0,7451.10009765625,7574.75,942308,0.0,0.0
2025-03-10 00:00:00+05:30,7573.0,7573.0,7352.0,7383.39990234375,495241,0.0,0.0
2025-03-11 00:00:00+05:30,7355.5,7515.9501953125,7328.0,7499.9501953125,412703,0.0,0.0
2025-03-12 00:00:00+05:30,7499.9501953125,7569.0,7429.85009765625,7515.0498046875,529286,0.0,0.0
2025-03-13 00:00:00+05:30,7545.25,7545.25,7415.0,7504.7001953125,454776,0.0,0.0
2025-03-17 00:00:00+05:30,7500.0,7611.0,7433.0,7486.0498046875,286383,0.0,0.0
2025-03-18 00:00:00+05:30,7486.0498046875,7486.0498046875,7486.0498046875,7486.0498046875,0,0.0,0.0
2025-03-19 00:00:00+05:30,7674.0,7767.64990234375,7619.25,7721.85009765625,409356,0.0,0.0
2025-03-20 00:00:00+05:30,7734.9501953125,7951.9501953125,7722.0,7920.0,606109,0.0,0.0
2025-03-21 00:00:00+05:30,7969.0,8151.0,7938.0,8067.85009765625,703280,0.0,0.0
2025-03-24 00:00:00+05:30,8117.7998046875,8213.9501953125,8070.0,8125.5498046875,453508,0.0,0.0
2025-03-25 00:00:00+05:30,8160.0,8167.9501953125,7952.0,8006.0,824076,0.0,0.0
2025-03-26 00:00:00+05:30,8014.35009765625,8047.4501953125,7910.0,7977.10009765625,391366,0.0,0.0
2025-03-27 00:00:00+05:30,7901.0,8039.10009765625,7852.25,7974.2998046875,651971,0.0,0.0
2025-03-28 00:00:00+05:30,7970.39990234375,8024.89990234375,7810.75,7878.85009765625,392400,0.0,0.0
2025-04-01 00:00:00+05:30,7631.0,8048.0,7631.0,7993.0498046875,283618,0.0,0.0
2025-04-02 00:00:00+05:30,7962.0,8083.7998046875,7945.0,8072.9501953125,237191,0.0,0.0
2025-04-03 00:00:00+05:30,7940.0498046875,7940.0498046875,7840.0,7912.2001953125,470005,0.0,0.0
2025-04-04 00:00:00+05:30,7880.0,7889.85009765625,7652.25,7685.10009765625,461228,0.0,0.0
2025-04-07 00:00:00+05:30,7300.0,7357.5498046875,7089.35009765625,7306.7998046875,469629,0.0,0.0
2025-04-08 00:00:00+05:30,7384.5,7529.85009765625,7345.75,7498.0498046875,259199,0.0,0.0
2025-04-09 00:00:00+05:30,7525.4501953125,7631.2998046875,7460.5,7572.2998046875,261256,0.0,0.0
2025-04-11 00:00:00+05:30,7719.5,7779.9501953125,7636.35009765625,7768.85009765625,290737,0.0,0.0
2025-04-15 00:00:00+05:30,8000.0,8040.0,7828.5,7995.5,387999,0.0,0.0
2025-04-16 00:00:00+05:30,7999.0,7999.5,7864.5,7961.5,294161,0.0,0.0
2025-04-17 00:00:00+05:30,7994.0,8055.0,7864.5,8018.0,274331,0.0,0.0
2025-04-21 00:00:00+05:30,8010.0,8275.0,7950.0,8247.5,285132,0.0,0.0
2025-04-22 00:00:00+05:30,8186.0,8186.5,8075.0,8141.0,394636,0.0,0.0
2025-04-23 00:00:00+05:30,8111.0,8294.5,8051.0,8261.5,598686,0.0,0.0
2025-04-24 00:00:00+05:30,8260.0,8328.0,8169.0,8201.5,322100,0.0,0.0
2025-04-25 00:00:00+05:30,8225.0,8259.5,7965.0,8034.0,508224,0.0,0.0
2025-04-28 00:00:00+05:30,8034.0,8134.5,7971.0,8096.0,282481,0.0,0.0
2025-04-29 00:00:00+05:30,8136.5,8169.5,8020.0,8078.5,228383,0.0,0.0
2025-04-30 00:00:00+05:30,8060.0,8077.5,7977.5,8030.0,447067,0.0,0.0
2025-05-02 00:00:00+05:30,8000.0,8086.0,7803.0,7820.5,379515,0.0,0.0
2025-05-05 00:00:00+05:30,7869.5,7964.5,7850.0,7920.5,250175,0.0,0.0
2025-05-06 00:00:00+05:30,7930.0,8044.0,7910.0,7945.5,270568,0.0,0.0
2025-05-07 00:00:00+05:30,7915.5,7978.0,7811.5,7849.0,459640,0.0,0.0
2025-05-08 00:00:00+05:30,7850.5,7869.5,7670.0,7724.5,461725,0.0,0.0
2025-05-09 00:00:00+05:30,7620.0,7743.5,7612.0,7682.5,248982,0.0,0.0
2025-05-12 00:00:00+05:30,7800.0,8048.5,7778.0,8039.5,296774,0.0,0.0
2025-05-13 00:00:00+05:30,8039.5,8109.0,7950.0,8063.0,407395,0.0,0.0
2025-05-14 00:00:00+05:30,8090.0,8208.0,8032.0,8102.5,225717,0.0,0.0
2025-05-15 00:00:00+05:30,8135.0,8366.0,8077.0,8326.0,497959,0.0,0.0
2025-05-16 00:00:00+05:30,8350.0,8495.0,8280.0,8482.5,483122,0.0,0.0
2025-05-19 00:00:00+05:30,8500.0,8861.5,8492.0,8851.0,858221,0.0,0.0
2025-05-20 00:00:00+05:30,8850.0,8850.0,8526.5,8565.0,449936,0.0,0.0
2025-05-21 00:00:00+05:30,8608.0,8765.0,8535.5,8687.5,572628,0.0,0.0
2025-05-22 00:00:00+05:30,8660.0,8775.5,8512.5,8733.5,916615,0.0,0.0
2025-05-23 00:00:00+05:30,8765.0,8838.0,8714.0,8741.0,321989,0.0,0.0
2025-05-26 00:00:00+05:30,8784.5,8978.5,8770.0,8958.5,440577,0.0,0.0
2025-05-27 00:00:00+05:30,8945.0,9004.5,8900.5,8963.0,401273,0.0,0.0
2025-05-28 00:00:00+05:30,8990.0,9007.0,8775.0,8849.0,312080,0.0,0.0
2025-05-29 00:00:00+05:30,8907.0,8940.0,8802.0,8874.5,330341,0.0,0.0
