timestamp,Close,High,Low,Open,Volume,Dividends,Stock Splits
2020-06-01 00:00:00+05:30,2116.689697265625,2180.8998876857277,1956.2371623386723,1956.2371623386723,18915983,0.0,0.0
2020-06-02 00:00:00+05:30,2298.251708984375,2326.463184057082,2116.68976777407,2120.9997512756195,23442470,0.0,0.0
2020-06-03 00:00:00+05:30,2362.608642578125,2445.8227367612953,2348.992808282339,2367.6045111002554,18705176,0.0,0.0
2020-06-04 00:00:00+05:30,2265.779296875,2403.5057751242534,2230.27012163976,2364.6661798033047,16315350,0.0,0.0
2020-06-05 00:00:00+05:30,2341.49951171875,2359.768273802727,2228.506775799586,2296.0966516370245,15850039,0.0,0.0
2020-06-08 00:00:00+05:30,2456.010498046875,2495.633792382744,2424.9583840312407,2453.806480250243,14992503,0.0,0.0
2020-06-09 00:00:00+05:30,2393.660888671875,2483.1928753821817,2365.9392004576866,2483.1928753821817,12373077,0.0,0.0
2020-06-10 00:00:00+05:30,2385.87353515625,2419.521634108902,2351.931758500192,2390.1347316703323,8961443,0.0,0.0
2020-06-11 00:00:00+05:30,2291.100341796875,2408.745981319259,2272.6847444033806,2360.7473830741824,10042767,0.0,0.0
2020-06-12 00:00:00+05:30,2400.076904296875,2419.5213313040676,2154.0596791650382,2155.039242457064,16802457,0.0,0.0
2020-06-15 00:00:00+05:30,2303.344970703125,2380.289713167564,2283.361975713852,2370.543106489714,12070346,0.0,0.0
2020-06-16 00:00:00+05:30,2316.667236328125,2405.219664204247,2238.3021712514865,2401.8892445989695,12914351,0.0,0.0
2020-06-17 00:00:00+05:30,2347.03369140625,2375.441027404072,2284.390665544741,2299.0350892030337,9650279,0.0,0.0
2020-06-18 00:00:00+05:30,2474.328125,2489.7562485662133,2324.5039506427956,2326.4630774448547,12738268,0.0,0.0
2020-06-19 00:00:00+05:30,2643.449462890625,2659.07344878429,2507.681901767283,2509.6410282530383,18603826,0.0,0.0
2020-06-22 00:00:00+05:30,2782.25390625,2805.077780753897,2672.2488912330023,2684.003651751623,13939326,0.0,0.0
2020-06-23 00:00:00+05:30,2963.669189453125,3045.7076276011003,2775.1032271428535,2840.6849516589587,16186953,0.0,0.0
2020-06-24 00:00:00+05:30,2874.479736328125,3061.135587757468,2851.5090227078367,3061.135587757468,20108807,0.0,0.0
2020-06-25 00:00:00+05:30,2943.9306640625,2983.749816611229,2792.734972803222,2819.2322079411874,15982130,0.0,0.0
2020-06-26 00:00:00+05:30,2844.162109375,2996.288341323008,2813.3548906855767,2980.3214113220038,12572499,0.0,0.0
2020-06-29 00:00:00+05:30,2799.543212890625,2835.2972775230755,2713.390658407883,2776.082716941495,11613999,0.0,0.0
2020-06-30 00:00:00+05:30,2773.14404296875,2876.634822666666,2758.450591663723,2850.529553175225,9703057,0.0,0.0
2020-07-01 00:00:00+05:30,2893.5322265625,2908.029812687507,2748.6548956151883,2773.143980572558,12704896,0.0,0.0
2020-07-02 00:00:00+05:30,2903.67041015625,2954.362809152821,2865.2225519801063,2919.098531589989,11619734,0.0,0.0
2020-07-03 00:00:00+05:30,2871.58984375,2928.3554897438476,2861.3044289932627,2919.098664293024,8543597,0.0,0.0
2020-07-06 00:00:00+05:30,3045.2666015625,3070.588170762838,2894.609709945581,2909.3031602498736,11437583,0.0,0.0
2020-07-07 00:00:00+05:30,3283.447265625,3349.76365542686,3061.429331901204,3085.6244983916854,22876401,0.0,0.0
2020-07-08 00:00:00+05:30,3142.48828125,3339.1356255429555,3115.109533199853,3283.4473529307675,19126183,0.0,0.0
2020-07-09 00:00:00+05:30,3261.946044921875,3310.8261617663743,3129.803041044835,3168.8875241208,18757786,0.0,0.0
2020-07-10 00:00:00+05:30,3246.419677734375,3325.6174677294434,3205.180205498613,3208.069869459183,16150413,0.0,0.0
2020-07-13 00:00:00+05:30,3168.49560546875,3308.9648896717786,3150.471496918835,3291.3327499399575,13136467,0.0,0.0
2020-07-14 00:00:00+05:30,3125.737548828125,3153.9980464577984,3058.539648121738,3153.9980464577984,12404422,0.0,0.0
2020-07-15 00:00:00+05:30,3084.8896484375,3230.30576899991,3058.441439972687,3163.9893830128203,10980262,0.0,0.0
2020-07-16 00:00:00+05:30,3139.3046875,3149.296185889376,3038.8994436263883,3115.0114684691184,9999925,0.0,0.0
2020-07-17 00:00:00+05:30,3233.8330078125,3255.0894877839096,3139.50099559056,3144.39881305638,8425626,0.0,0.0
2020-07-20 00:00:00+05:30,3371.167236328125,3383.362752087099,3248.7218187657204,3276.590347972682,10555495,0.0,0.0
2020-07-21 00:00:00+05:30,3225.1630859375,3447.572977355937,3152.8712677623635,3428.471493321716,25960048,0.0,0.0
2020-07-22 00:00:00+05:30,3186.519775390625,3271.7417921317824,3128.3338044485313,3252.1505239154244,17069659,0.0,0.0
2020-07-23 00:00:00+05:30,3230.404052734375,3252.1503112019295,3150.3247491377615,3186.5195669698423,8718035,0.0,0.0
2020-07-24 00:00:00+05:30,3185.39306640625,3222.763311270072,3154.1938791153893,3178.6829620277763,6637683,0.0,0.0
2020-07-27 00:00:00+05:30,3106.342041015625,3212.96760112187,3087.779364443041,3196.3150251404454,7089867,0.0,0.0
2020-07-28 00:00:00+05:30,3173.393798828125,3193.376797236228,3096.5958820541605,3110.11390528375,8211697,0.0,0.0
2020-07-29 00:00:00+05:30,3217.130859375,3260.966318294702,3173.3934524485608,3178.6829987582782,8070022,0.0,0.0
2020-07-30 00:00:00+05:30,3152.528564453125,3256.068355732677,3139.549350941254,3228.052750152238,6508278,0.0,0.0
2020-07-31 00:00:00+05:30,3184.854248046875,3206.110724113138,3116.235790126771,3169.8668815246306,7235397,0.0,0.0
2020-08-03 00:00:00+05:30,3109.6240234375,3177.7036799594425,3104.236424719936,3177.7036799594425,4463920,0.0,0.0
2020-08-04 00:00:00+05:30,3169.4755859375,3193.3768383925835,3078.6210761948887,3136.5621584457213,6679145,0.0,0.0
2020-08-05 00:00:00+05:30,3195.482666015625,3261.9461387065153,3181.5729134946287,3189.4584467352597,6985380,0.0,0.0
2020-08-06 00:00:00+05:30,3276.83544921875,3309.7488752334316,3188.478878062441,3224.7227239881886,8172906,0.0,0.0
2020-08-07 00:00:00+05:30,3393.50146484375,3410.300881148677,3242.3547874937817,3264.8847452316536,10151267,0.0,0.0
2020-08-10 00:00:00+05:30,3372.58740234375,3484.1598052558406,3343.4453942859286,3422.5941564379145,7129245,0.0,0.0
2020-08-11 00:00:00+05:30,3386.74267578125,3423.1336025076803,3335.1197282811977,3391.5426803178852,5571818,0.0,0.0
2020-08-12 00:00:00+05:30,3348.392333984375,3379.493469537364,3293.2918969810485,3355.004386424774,5662527,0.0,0.0
2020-08-13 00:00:00+05:30,3349.763671875,3401.0439082605512,3331.4949112886334,3379.493514832633,4663359,0.0,0.0
2020-08-14 00:00:00+05:30,3263.023681640625,3378.318244020181,3238.6324099067006,3355.00458766833,5531335,0.0,0.0
2020-08-17 00:00:00+05:30,3315.6259765625,3330.025509550141,3244.7054486354123,3281.5371251633983,4670572,0.0,0.0
2020-08-18 00:00:00+05:30,3350.0087890625,3367.6899563316897,3297.7982509598874,3329.536009583157,4706298,0.0,0.0
2020-08-19 00:00:00+05:30,3340.261962890625,3394.186972579598,3331.4949188292103,3376.554832462302,4198849,0.0,0.0
2020-08-20 00:00:00+05:30,3324.4423828125,3344.719297777391,3284.5251734452636,3308.965232945388,3677459,0.0,0.0
2020-08-21 00:00:00+05:30,3320.0341796875,3369.697994744922,3310.924192510999,3359.9023610392683,2627380,0.0,0.0
2020-08-24 00:00:00+05:30,3420.684326171875,3443.165257762872,3331.5440591856955,3333.454159933728,6205575,0.0,0.0
2020-08-25 00:00:00+05:30,3568.451416015625,3585.2020458246384,3438.2675357498583,3452.9609867573363,9854059,0.0,0.0
2020-08-26 00:00:00+05:30,3571.047119140625,3631.2412374943688,3556.794424964136,3590.0995779381874,6665085,0.0,0.0
2020-08-27 00:00:00+05:30,3558.263671875,3593.429898532571,3522.9013412373197,3582.2139466262734,4611062,0.0,0.0
2020-08-28 00:00:00+05:30,3595.78125,3612.6296920567906,3543.1297191030226,3575.406284166834,4251328,0.0,0.0
2020-08-31 00:00:00+05:30,3416.52099609375,3673.215611987656,3394.1869045624926,3639.0777346175064,8529766,0.0,0.0
2020-09-01 00:00:00+05:30,3569.382080078125,3598.9158200119127,3428.667658540388,3445.124370980375,6065182,0.0,0.0
2020-09-02 00:00:00+05:30,3593.6748046875,3604.792943802369,3500.4204263628517,3568.2551848841326,4281011,0.0,0.0
2020-09-03 00:00:00+05:30,3545.7255859375,3601.6097256555936,3531.3260518089114,3593.0385459181934,3221366,0.0,0.0
2020-09-04 00:00:00+05:30,3523.293701171875,3575.210561610906,3448.797856428644,3469.123797072227,4914649,0.0,0.0
2020-09-07 00:00:00+05:30,3433.516357421875,3554.8353731611705,3406.5295786324546,3533.2849796065975,4665168,0.0,0.0
2020-09-08 00:00:00+05:30,3428.471435546875,3501.8406286071026,3403.9823538643973,3448.0627008928573,4448703,0.0,0.0
2020-09-09 00:00:00+05:30,3352.8984375,3422.055465060849,3323.11956879727,3405.941696123408,4563247,0.0,0.0
2020-09-10 00:00:00+05:30,3427.198486328125,3451.442680949104,3348.147766242693,3385.8609578753267,4762282,0.0,0.0
2020-09-11 00:00:00+05:30,3471.96435546875,3484.9925962794746,3386.056694698374,3418.676203148921,4608384,0.0,0.0
2020-09-14 00:00:00+05:30,3370.3837890625,3501.988229329186,3350.106874232914,3484.3070618849342,4531509,0.0,0.0
2020-09-15 00:00:00+05:30,3441.59765625,3452.1769878852815,3384.391254298033,3403.9825206036653,3893637,0.0,0.0
2020-09-16 00:00:00+05:30,3449.532470703125,3494.494334550028,3410.496774032409,3446.0549728456213,3907718,0.0,0.0
2020-09-17 00:00:00+05:30,3400.994873046875,3445.124249117878,3385.5667505209703,3417.5006109017377,2781156,0.0,0.0
2020-09-18 00:00:00+05:30,3403.787109375,3432.1944493038586,3358.9230557260735,3420.047719084918,3769087,0.0,0.0
2020-09-21 00:00:00+05:30,3262.093017578125,3396.1463668598344,3246.5180549077604,3392.032248338533,3627419,0.0,0.0
2020-09-22 00:00:00+05:30,3235.497802734375,3285.259669631801,3151.3043791310665,3260.9664502884452,4224968,0.0,0.0
2020-09-23 00:00:00+05:30,3177.556640625,3275.65981360462,3134.798557282649,3261.945926825175,4244328,0.0,0.0
2020-09-24 00:00:00+05:30,2966.99951171875,3129.4601986446646,2945.4491167363,3125.786835863565,5963777,0.0,0.0
2020-09-25 00:00:00+05:30,3074.80029296875,3102.4239312789477,2966.901486914006,3017.055082005413,6232593,0.0,0.0
2020-09-28 00:00:00+05:30,3266.990478515625,3281.5370893332984,3098.113859489221,3113.0521999705143,5588695,0.0,0.0
2020-09-29 00:00:00+05:30,3227.41650390625,3303.0877763629637,3187.989077156959,3289.373888797993,4643446,0.0,0.0
2020-09-30 00:00:00+05:30,3211.596435546875,3275.512942951739,3193.3764619135127,3226.583563203604,3603536,0.0,0.0
2020-10-01 00:00:00+05:30,3372.440673828125,3389.2891152412803,3247.301458662786,3257.048065947184,5382106,0.0,0.0
2020-10-05 00:00:00+05:30,3313.76513671875,3447.0838194278754,3301.373754596987,3394.187392531284,4207190,0.0,0.0
2020-10-06 00:00:00+05:30,3403.297119140625,3408.8805826094836,3321.89530611955,3369.5999951781228,4758757,0.0,0.0
2020-10-07 00:00:00+05:30,3263.072509765625,3330.515545216752,3218.1596715657133,3330.515545216752,6571080,0.0,0.0
2020-10-08 00:00:00+05:30,3258.468505859375,3318.760678771791,3234.5182294287056,3285.4555243803384,4461810,0.0,0.0
2020-10-09 00:00:00+05:30,3250.093017578125,3348.5881564406873,3237.456746512429,3256.9499607628713,5684099,0.0,0.0
2020-10-12 00:00:00+05:30,3259.203369140625,3310.3365319276795,3237.457109007191,3281.537462987622,3204652,0.0,0.0
2020-10-13 00:00:00+05:30,3205.71923828125,3271.7417149524376,3177.3606868860625,3252.1014211986026,3777657,0.0,0.0
2020-10-14 00:00:00+05:30,3303.13671875,3313.2262693190733,3166.6344671034913,3201.2131019901144,5304447,0.0,0.0
2020-10-15 00:00:00+05:30,3149.05126953125,3301.1284791415546,3135.5822735110137,3299.3652172868456,5268019,0.0,0.0
2020-10-16 00:00:00+05:30,3165.311767578125,3202.632983488305,3105.3135191974307,3170.2095837724673,5076236,0.0,0.0
2020-10-19 00:00:00+05:30,3200.429443359375,3227.3674364444983,3131.272411875207,3188.576869892651,4206637,0.0,0.0
2020-10-20 00:00:00+05:30,3195.482666015625,3222.273820803328,3160.8552431390085,3188.4788833302423,3252090,0.0,0.0
2020-10-21 00:00:00+05:30,3166.78125,3227.661012279793,3037.968678493234,3203.171930244286,7536460,0.0,0.0
2020-10-22 00:00:00+05:30,3246.71337890625,3276.639084141728,3085.624249640192,3095.419882178732,7085769,0.0,0.0
2020-10-23 00:00:00+05:30,3249.11376953125,3288.19849296746,3235.4979338322873,3263.3174389349947,3204777,0.0,0.0
2020-10-26 00:00:00+05:30,3226.58349609375,3261.9458272994275,3170.5034965102986,3261.9458272994275,3546245,0.0,0.0
2020-10-27 00:00:00+05:30,3382.67724609375,3394.1871158227304,3211.0087635402338,3258.0278058373456,6020946,0.0,0.0
2020-10-28 00:00:00+05:30,3301.911865234375,3418.57770532407,3279.479723221487,3378.464637893034,4649105,0.0,0.0
2020-10-29 00:00:00+05:30,3310.972900390625,3361.8611647718963,3265.6190728608126,3298.9732502541283,3780349,0.0,0.0
2020-10-30 00:00:00+05:30,3241.375244140625,3321.6994417893197,3186.3728556794754,3296.1817677548265,4287623,0.0,0.0
2020-11-02 00:00:00+05:30,3349.91064453125,3376.9464483090696,3207.7268870539965,3257.586802862418,4288551,0.0,0.0
2020-11-03 00:00:00+05:30,3419.460205078125,3448.063410539856,3346.041970914065,3359.9026983385525,4446045,0.0,0.0
2020-11-04 00:00:00+05:30,3488.665771484375,3496.9920597838523,3391.2482462107287,3398.105189516181,4371143,0.0,0.0
2020-11-05 00:00:00+05:30,3660.530029296875,3673.3624042896727,3514.330205606146,3536.223541196192,6332141,0.0,0.0
2020-11-06 00:00:00+05:30,3703.484375,3749.083099721404,3628.4009350276788,3657.7878374279962,5744050,0.0,0.0
2020-11-09 00:00:00+05:30,3786.01220703125,3799.432176597214,3708.6757312534387,3732.136224783716,4149898,0.0,0.0
2020-11-10 00:00:00+05:30,4122.541015625,4157.217939765986,3803.4485035524667,3819.2683554967853,11421448,0.0,0.0
2020-11-11 00:00:00+05:30,4181.56005859375,4339.024875444808,4049.466316493153,4124.9414852864775,13896654,0.0,0.0
2020-11-12 00:00:00+05:30,4210.45703125,4236.6115644835045,4114.21493039208,4172.939945595313,5590038,0.0,0.0
2020-11-13 00:00:00+05:30,4286.6171875,4319.87354819993,4163.143442142789,4172.939073771361,6088459,0.0,0.0
2020-11-14 00:00:00+05:30,4285.3935546875,4344.363459711884,4251.304941409149,4310.078742442456,789479,0.0,0.0
2020-11-17 00:00:00+05:30,4396.2802734375,4411.904500043966,4256.202715705423,4308.8054584264755,5851523,0.0,0.0
2020-11-18 00:00:00+05:30,4558.64306640625,4582.3974783021085,4372.770915592264,4383.546112740901,7513019,0.0,0.0
2020-11-19 00:00:00+05:30,4443.83837890625,4687.211109441608,4420.328856100273,4534.301159197241,8351005,0.0,0.0
2020-11-20 00:00:00+05:30,4619.47412109375,4664.82771485448,4422.9736088589625,4478.515044545655,8736410,0.0,0.0
2020-11-23 00:00:00+05:30,4713.12060546875,4769.787966637584,4636.812232457542,4671.537946995337,7325039,0.0,0.0
2020-11-24 00:00:00+05:30,4712.33544921875,4762.6361134571725,4672.516302178263,4736.187907973144,4297385,0.0,0.0
2020-11-25 00:00:00+05:30,4593.90673828125,4726.39266745712,4579.458180385915,4723.453977715696,4763321,0.0,0.0
2020-11-26 00:00:00+05:30,4722.7197265625,4754.800425768084,4545.173872180451,4559.867322198275,6273208,0.0,0.0
2020-11-27 00:00:00+05:30,4808.48046875,4858.634304504566,4687.357553976616,4759.698404352356,12364707,0.0,0.0
2020-12-01 00:00:00+05:30,4761.755859375,4851.189808727351,4726.638414939713,4850.0146195992065,4017427,0.0,0.0
2020-12-02 00:00:00+05:30,4725.31494140625,4784.186786839251,4687.2100276465635,4764.59552235588,3654970,0.0,0.0
2020-12-03 00:00:00+05:30,4767.9755859375,4790.064547078016,4718.556426027568,4765.575464526493,2876844,0.0,0.0
2020-12-04 00:00:00+05:30,4775.71435546875,4856.675172065468,4716.597610628323,4770.473595796456,3679378,0.0,0.0
2020-12-07 00:00:00+05:30,4730.75244140625,4824.30074191317,4716.597559589733,4770.47354417487,3115124,0.0,0.0
2020-12-08 00:00:00+05:30,4694.21435546875,4765.575640316709,4677.414939879195,4750.882190243789,2971076,0.0,0.0
2020-12-09 00:00:00+05:30,4745.1513671875,4753.673759044517,4693.283778492536,4721.495009635797,1965992,0.0,0.0
2020-12-10 00:00:00+05:30,4696.810546875,4760.67827388681,4687.211016573741,4750.882639578401,1925963,0.0,0.0
2020-12-11 00:00:00+05:30,4744.857421875,4789.084605812077,4706.801294932917,4706.801294932917,2670019,0.0,0.0
2020-12-14 00:00:00+05:30,4798.53857421875,4814.260855147871,4748.92377932177,4758.22963243719,1786348,0.0,0.0
2020-12-15 00:00:00+05:30,5017.8134765625,5044.751469848097,4769.347317790566,4790.0162010265485,5936796,0.0,0.0
2020-12-16 00:00:00+05:30,5041.419921875,5118.217578978537,5015.363445812462,5092.7489364802705,3269184,0.0,0.0
2020-12-17 00:00:00+05:30,5178.6572265625,5194.770755048143,4997.339973275679,5034.80826759879,3733152,0.0,0.0
2020-12-18 00:00:00+05:30,5145.15625,5176.94327050944,5059.444460970966,5142.707341742028,3255043,0.0,0.0
2020-12-21 00:00:00+05:30,4938.8115234375,5127.720409293406,4804.95428863283,5121.157143591786,3551570,0.0,0.0
2020-12-22 00:00:00+05:30,4908.98388671875,5020.262383703874,4727.715872360817,4966.386397147051,5473521,0.0,0.0
2020-12-23 00:00:00+05:30,4984.900390625,5060.424828971067,4868.773333886654,4897.81729478423,3431457,0.0,0.0
2020-12-24 00:00:00+05:30,5078.93798828125,5112.292407793363,5001.650534553511,5033.927338705177,2625559,0.0,0.0
2020-12-28 00:00:00+05:30,5097.74609375,5137.61403799434,5069.240702544766,5078.938284750013,1932606,0.0,0.0
2020-12-29 00:00:00+05:30,5094.2197265625,5139.769427030755,5061.894132681803,5118.2190311102895,1969529,0.0,0.0
2020-12-30 00:00:00+05:30,5225.1376953125,5238.704743234351,5068.260722044602,5094.219150559133,3864700,0.0,0.0
2020-12-31 00:00:00+05:30,5186.984375,5262.704435491679,5164.258312501095,5225.970807510118,2869212,0.0,0.0
2021-01-01 00:00:00+05:30,5172.2412109375,5228.909045125617,5142.707472257303,5201.677375926817,1447187,0.0,0.0
2021-01-04 00:00:00+05:30,5109.59912109375,5215.195870961655,5090.007851856479,5215.195870961655,2333659,0.0,0.0
2021-01-05 00:00:00+05:30,5014.384765625,5117.435020892782,4959.039436604134,5111.361536829703,3953400,0.0,0.0
2021-01-06 00:00:00+05:30,4927.4970703125,5062.726070684488,4888.314538363046,5025.159722517471,3607923,0.0,0.0
2021-01-07 00:00:00+05:30,4977.16064453125,5026.677373222327,4918.680529872678,4961.487633251482,3035750,0.0,0.0
2021-01-08 00:00:00+05:30,4978.14111328125,5033.731335276274,4938.95857795436,5025.160155673517,2998451,0.0,0.0
2021-01-11 00:00:00+05:30,4882.388671875,5006.499540775657,4856.920024542152,5003.609637545769,2924164,0.0,0.0
2021-01-12 00:00:00+05:30,4939.154296875,4994.793301380361,4849.817931973754,4882.3884119249005,3335908,0.0,0.0
2021-01-13 00:00:00+05:30,4802.70068359375,4970.30405554589,4727.61725425273,4962.467549348735,3269373,0.0,0.0
2021-01-14 00:00:00+05:30,4777.6728515625,4865.294496165947,4735.208689561012,4802.700500956964,2680811,0.0,0.0
2021-01-15 00:00:00+05:30,4783.7958984375,4826.308854181821,4743.4376951838485,4777.330684360612,2544916,0.0,0.0
2021-01-18 00:00:00+05:30,4623.392578125,4780.26956670801,4590.234260162651,4770.473932350002,3703413,0.0,0.0
2021-01-19 00:00:00+05:30,4857.80126953125,4892.869922840357,4654.884826510813,4667.7172014699645,4767465,0.0,0.0
2021-01-20 00:00:00+05:30,4880.1357421875,4929.7505293844115,4800.83989899475,4866.47064235991,3314707,0.0,0.0
2021-01-21 00:00:00+05:30,5013.69921875,5118.218826098678,4888.021424350699,4890.96011458578,7061809,0.0,0.0
2021-01-22 00:00:00+05:30,4870.92724609375,5032.0166204461175,4844.528302411172,5030.057493866228,3084796,0.0,0.0
2021-01-25 00:00:00+05:30,4808.38330078125,5057.486094921943,4790.065272935948,4945.815861565155,3673060,0.0,0.0
2021-01-27 00:00:00+05:30,4745.98486328125,4844.52904093268,4712.679706345943,4820.725362376852,2800493,0.0,0.0
2021-01-28 00:00:00+05:30,4711.94482421875,4808.67670954521,4626.5759699430255,4681.872036649447,3477329,0.0,0.0
2021-01-29 00:00:00+05:30,4637.79150390625,4848.838620644989,4610.902776718671,4786.832451423164,4260795,0.0,0.0
2021-02-01 00:00:00+05:30,4955.21923828125,4976.181798227473,4571.13235461191,4677.414977664603,4290745,0.0,0.0
2021-02-02 00:00:00+05:30,5067.47705078125,5228.860104325688,4990.776957471867,4995.772825958304,4347993,0.0,0.0
2021-02-03 00:00:00+05:30,5137.90771484375,5162.298746086028,5034.955513260376,5111.949286613905,2650783,0.0,0.0
2021-02-04 00:00:00+05:30,5392.349609375,5429.719856947881,5099.655782206632,5107.443502458281,5325888,0.0,0.0
2021-02-05 00:00:00+05:30,5425.36083984375,5512.003416483366,5358.211958088505,5413.0675101274355,4437987,0.0,0.0
2021-02-08 00:00:00+05:30,5385.345703125,5549.226462769855,5363.403101106883,5428.740168873881,2800809,0.0,0.0
2021-02-09 00:00:00+05:30,5289.93603515625,5425.801669991918,5272.598049966049,5424.3323248926245,2263904,0.0,0.0
2021-02-10 00:00:00+05:30,5363.990234375,5389.8998733172375,5284.743664154089,5323.632515987901,2638012,0.0,0.0
2021-02-11 00:00:00+05:30,5453.2783203125,5473.80036518585,5344.253103500841,5358.211882170114,2028947,0.0,0.0
2021-02-12 00:00:00+05:30,5463.46533203125,5503.186431166655,5418.992777090494,5456.167394374915,1625268,0.0,0.0
2021-02-15 00:00:00+05:30,5661.7294921875,5680.488035236235,5485.554922800986,5490.795682539505,3168826,0.0,0.0
2021-02-16 00:00:00+05:30,5642.52978515625,5703.213925991635,5574.0091375232,5673.043087839174,2126810,0.0,0.0
2021-02-17 00:00:00+05:30,5588.5556640625,5680.487778697067,5554.124108503599,5612.897908593584,2346395,0.0,0.0
2021-02-18 00:00:00+05:30,5449.6533203125,5597.959101185467,5409.344388104077,5582.530979947675,2317513,0.0,0.0
2021-02-19 00:00:00+05:30,5385.59033203125,5507.056183384587,5314.130996708468,5446.372044552826,2744456,0.0,0.0
2021-02-22 00:00:00+05:30,5266.9658203125,5425.508260009915,5225.726103496898,5368.007694299264,2000563,0.0,0.0
2021-02-23 00:00:00+05:30,5273.67578125,5392.153690045024,5240.664302639496,5309.233742113283,2190245,0.0,0.0
2021-02-24 00:00:00+05:30,5449.2138671875,5464.886883672709,5272.990483742435,5332.743859092293,1908795,0.0,0.0
2021-02-25 00:00:00+05:30,5416.9365234375,5505.09722468986,5398.716549518196,5486.534307938536,1584595,0.0,0.0
2021-02-26 00:00:00+05:30,5157.30322265625,5342.538756310564,5114.300485276394,5319.029234830649,3713326,0.0,0.0
2021-03-01 00:00:00+05:30,5159.16357421875,5260.15664174585,5088.831123638402,5206.378714559789,2031881,0.0,0.0
2021-03-02 00:00:00+05:30,5207.65234375,5299.437619158796,5154.511033058805,5191.685652780337,2208634,0.0,0.0
2021-03-03 00:00:00+05:30,5429.6220703125,5459.449968240833,5230.96679693823,5254.525106238158,2252413,0.0,0.0
2021-03-04 00:00:00+05:30,5373.78662109375,5453.376145280535,5290.621786250137,5319.029124113727,2234698,0.0,0.0
2021-03-05 00:00:00+05:30,5333.6240234375,5406.944430823533,5291.6989062500525,5328.824259011735,2075760,0.0,0.0
2021-03-08 00:00:00+05:30,5211.91357421875,5381.672187530639,5202.460883675603,5357.231890947444,1721042,0.0,0.0
2021-03-09 00:00:00+05:30,5304.3837890625,5333.721899740145,5225.969942169637,5261.234219192712,1811496,0.0,0.0
2021-03-10 00:00:00+05:30,5431.7275390625,5447.351765748272,5328.824600911814,5328.824600911814,2191250,0.0,0.0
2021-03-12 00:00:00+05:30,5444.26611328125,5554.124044353439,5408.169109149089,5485.5546117071,2508013,0.0,0.0
2021-03-15 00:00:00+05:30,5327.89404296875,5471.498131007846,5241.202683313178,5457.196409912654,2087008,0.0,0.0
2021-03-16 00:00:00+05:30,5344.4482421875,5394.454754189851,5309.232752443979,5376.284047437394,1561305,0.0,0.0
2021-03-17 00:00:00+05:30,5250.26416015625,5348.808342118215,5235.228243347663,5348.416612385862,1134758,0.0,0.0
2021-03-18 00:00:00+05:30,5262.06689453125,5431.678174137114,5196.582996176266,5312.171458673683,2339058,0.0,0.0
2021-03-19 00:00:00+05:30,5341.80419921875,5367.027957185079,5083.982916762323,5207.359120349676,3220310,0.0,0.0
2021-03-22 00:00:00+05:30,5279.2099609375,5384.659862400428,5227.929722690756,5335.191912054563,1938461,0.0,0.0
2021-03-23 00:00:00+05:30,5268.87548828125,5333.722777466002,5240.664253341251,5299.438058051621,1849038,0.0,0.0
2021-03-24 00:00:00+05:30,5162.591796875,5264.172693122779,5152.502487127989,5264.172693122779,1737643,0.0,0.0
2021-03-25 00:00:00+05:30,5017.51953125,5191.685701773435,4998.858562642366,5172.0944349742895,2343271,0.0,0.0
2021-03-26 00:00:00+05:30,5077.12548828125,5140.748317410097,5030.0576619475705,5064.342378241274,2347460,0.0,0.0
2021-03-30 00:00:00+05:30,5087.4111328125,5152.503309863591,5044.751339505227,5127.867386846687,1845280,0.0,0.0
2021-03-31 00:00:00+05:30,5044.60498046875,5112.145594058649,5018.254819053534,5079.03654042949,1845975,0.0,0.0
2021-04-01 00:00:00+05:30,5164.404296875,5180.420251685528,5056.456713621809,5103.524536500255,2148234,0.0,0.0
2021-04-05 00:00:00+05:30,4861.08251953125,5151.5230166679785,4820.038915933614,5151.5230166679785,3739680,0.0,0.0
2021-04-06 00:00:00+05:30,4891.05810546875,4956.052232682938,4851.385787790908,4946.795167237132,2070906,0.0,0.0
2021-04-07 00:00:00+05:30,4973.34130859375,5004.589284606576,4839.0430741742975,4878.225609187854,2402782,0.0,0.0
2021-04-08 00:00:00+05:30,4926.7138671875,5010.466533584663,4912.510198617221,4995.773083339547,1407879,0.0,0.0
2021-04-09 00:00:00+05:30,4772.72607421875,4907.612131920024,4745.984187455592,4897.81649892218,2902646,0.0,0.0
2021-04-12 00:00:00+05:30,4418.810546875,4643.130567986588,4310.079008257592,4643.130567986588,4500046,0.0,0.0
2021-04-13 00:00:00+05:30,4632.11083984375,4677.317599115061,4421.798367832414,4442.418466218338,3175019,0.0,0.0
2021-04-15 00:00:00+05:30,4565.05859375,4652.925611889156,4472.78401912302,4611.882005836337,2897185,0.0,0.0
2021-04-16 00:00:00+05:30,4522.25244140625,4594.152298563364,4496.195959574806,4565.744960256682,2142648,0.0,0.0
2021-04-19 00:00:00+05:30,4388.05224609375,4411.95349708711,4272.855496068822,4359.0570741646625,3426507,0.0,0.0
2021-04-20 00:00:00+05:30,4519.3623046875,4602.968131356988,4462.107114487032,4469.747517212585,3394597,0.0,0.0
2021-04-22 00:00:00+05:30,4592.87890625,4617.661667877121,4413.667598650262,4457.013277225477,2563539,0.0,0.0
2021-04-23 00:00:00+05:30,4572.40625,4662.526090739006,4516.277453556374,4526.660922171582,2729525,0.0,0.0
2021-04-26 00:00:00+05:30,4639.7509765625,4730.311807055628,4594.152490182418,4594.152490182418,2903989,0.0,0.0
2021-04-27 00:00:00+05:30,4765.62451171875,4789.91796991846,4649.546254083123,4649.9872489141,2644997,0.0,0.0
2021-04-28 00:00:00+05:30,5172.97607421875,5201.481463776769,4814.553934927084,4814.553934927084,8576454,0.0,0.0
2021-04-29 00:00:00+05:30,5372.7587890625,5412.088166685703,5221.073290214443,5240.66455959611,7258486,0.0,0.0
2021-04-30 00:00:00+05:30,5340.4814453125,5411.74468053431,5218.819961647238,5240.664033493915,4124888,0.0,0.0
2021-05-03 00:00:00+05:30,5437.703125,5465.963623985212,5183.11469989458,5207.652571079133,4033591,0.0,0.0
2021-05-04 00:00:00+05:30,5500.9833984375,5632.441003651608,5446.372736555669,5495.350908646997,4838347,0.0,0.0
2021-05-05 00:00:00+05:30,5402.4384765625,5583.510849509257,5340.970879052552,5566.858273291423,4378693,0.0,0.0
2021-05-06 00:00:00+05:30,5415.8095703125,5505.047885710504,5361.493070417485,5454.208644330619,2223111,0.0,0.0
2021-05-07 00:00:00+05:30,5381.5244140625,5498.435384100001,5346.45624088661,5475.758590428023,1851033,0.0,0.0
2021-05-10 00:00:00+05:30,5385.1494140625,5461.065572241644,5333.72233916695,5461.065572241644,1997339,0.0,0.0
2021-05-11 00:00:00+05:30,5313.837890625,5346.555213283818,5279.846848535157,5300.66257126825,1617248,0.0,0.0
2021-05-12 00:00:00+05:30,5248.89208984375,5328.824553811403,5220.484753067917,5302.474395703957,1539336,0.0,0.0
2021-05-14 00:00:00+05:30,5221.416015625,5294.540329886062,5159.360576782588,5294.540329886062,1525762,0.0,0.0
2021-05-17 00:00:00+05:30,5319.12646484375,5377.80220747614,5206.427426683801,5240.663353369281,2411583,0.0,0.0
2021-05-18 00:00:00+05:30,5572.49169921875,5588.409605632691,5388.578657420759,5388.578657420759,3147883,0.0,0.0
2021-05-19 00:00:00+05:30,5516.11767578125,5605.943353660736,5480.657288953547,5558.973575046973,2250906,0.0,0.0
2021-05-20 00:00:00+05:30,5474.53515625,5542.369924233952,5431.679255899127,5512.983021136211,1488827,0.0,0.0
2021-05-21 00:00:00+05:30,5516.65625,5578.613635859191,5472.134901567555,5544.328916411418,1856966,0.0,0.0
2021-05-24 00:00:00+05:30,5488.3955078125,5571.756446225051,5475.75923600528,5518.860024267218,1215060,0.0,0.0
2021-05-25 00:00:00+05:30,5503.8232421875,5543.152613038478,5467.922342887957,5524.73701431173,1315546,0.0,0.0
2021-05-26 00:00:00+05:30,5653.20654296875,5676.373118942797,5471.938548836486,5524.736914110505,2916746,0.0,0.0
2021-05-27 00:00:00+05:30,5566.07568359375,5663.982764436819,5535.513112321527,5661.828011806355,2152590,0.0,0.0
2021-05-28 00:00:00+05:30,5496.08544921875,5632.4896552168275,5477.816687127972,5607.021006341064,1526375,0.0,0.0
2021-05-31 00:00:00+05:30,5512.93408203125,5548.933037331777,5446.372557032154,5505.146361604443,1795811,0.0,0.0
2021-06-01 00:00:00+05:30,5666.578125,5699.0998209714135,5510.43581580266,5528.655790574538,2853451,0.0,0.0
2021-06-02 00:00:00+05:30,5689.94091796875,5725.548143658665,5625.191680769195,5638.856781688812,2013195,0.0,0.0
2021-06-03 00:00:00+05:30,5780.89306640625,5794.11717153147,5662.022959120181,5720.649920835805,2230378,0.0,0.0
2021-06-04 00:00:00+05:30,5870.96435546875,5887.17593815384,5779.423965908097,5794.11741666888,2445367,0.0,0.0
2021-06-07 00:00:00+05:30,5612.65283203125,5724.421100497657,5566.319679147822,5681.467154026136,2835805,0.0,0.0
2021-06-08 00:00:00+05:30,5637.77880859375,5698.120006610639,5603.249200508307,5633.46882551449,1789007,0.0,0.0
2021-06-09 00:00:00+05:30,5558.5322265625,5676.569610173528,5512.296645146591,5676.569610173528,1538112,0.0,0.0
2021-06-10 00:00:00+05:30,5962.0146484375,5990.0302576497115,5560.981483675783,5598.20489328996,5296120,0.0,0.0
2021-06-11 00:00:00+05:30,5994.92724609375,6102.679206399356,5921.656104406889,5980.57673976807,3702721,0.0,0.0
2021-06-14 00:00:00+05:30,6067.5625,6121.291647810012,5853.479111607601,5945.656122623973,2633601,0.0,0.0
2021-06-15 00:00:00+05:30,6035.23681640625,6112.279380498253,6024.314780391717,6091.9046535375755,1523661,0.0,0.0
2021-06-16 00:00:00+05:30,5957.31298828125,6034.992176134308,5938.896909011357,6014.519396325221,1481658,0.0,0.0
2021-06-17 00:00:00+05:30,5926.603515625,5990.030246361204,5799.015381595802,5799.015381595802,1871857,0.0,0.0
2021-06-18 00:00:00+05:30,5962.6513671875,6022.355949386016,5843.144629089729,5965.443218615029,2709615,0.0,0.0
2021-06-21 00:00:00+05:30,5991.00927734375,6009.620980461724,5864.743660798605,5877.379931991906,1271962,0.0,0.0
2021-06-22 00:00:00+05:30,5893.8369140625,6062.517924015813,5877.380440151055,6024.314951154832,1540611,0.0,0.0
2021-06-23 00:00:00+05:30,5892.6611328125,5990.029629992787,5878.359412851466,5927.337578264325,1238215,0.0,0.0
2021-06-24 00:00:00+05:30,5920.08935546875,5983.173141655449,5888.155493531583,5903.8285076551065,1082421,0.0,0.0
2021-06-25 00:00:00+05:30,5951.63037109375,5982.192936677736,5906.962668274299,5933.214772794669,961994,0.0,0.0
2021-06-28 00:00:00+05:30,5913.6728515625,5992.675019995275,5892.0736705748795,5975.336557025232,828481,0.0,0.0
2021-06-29 00:00:00+05:30,5928.70947265625,6012.217253156382,5879.43762457363,5916.562982062174,1310079,0.0,0.0
2021-06-30 00:00:00+05:30,5892.90673828125,5999.825990683303,5877.380562302011,5926.358733654528,1225794,0.0,0.0
2021-07-01 00:00:00+05:30,5845.20166015625,5916.562949671636,5818.6066094452835,5916.562949671636,1120601,0.0,0.0
2021-07-02 00:00:00+05:30,5875.17529296875,5906.766206761129,5843.094597567187,5877.379310210079,811298,0.0,0.0
2021-07-05 00:00:00+05:30,5948.5947265625,5971.369575137988,5883.306444670823,5905.787615553406,863179,0.0,0.0
2021-07-06 00:00:00+05:30,6075.6435546875,6213.174151744169,5929.29688758486,5931.256014261742,3491393,0.0,0.0
2021-07-07 00:00:00+05:30,6071.921875,6157.53562174171,6034.502361256092,6092.884436403664,1947925,0.0,0.0
2021-07-08 00:00:00+05:30,6002.4560546875,6103.612324126304,5965.761282476099,6063.483540201197,1130560,10.0,0.0
2021-07-09 00:00:00+05:30,6020.46044921875,6054.6534917503095,5946.77627023557,5968.31262199273,1447544,0.0,0.0
2021-07-12 00:00:00+05:30,6033.60693359375,6082.026590454699,5988.523556802652,6058.577293990175,978740,0.0,0.0
2021-07-13 00:00:00+05:30,6038.26806640625,6107.63529666679,6024.237866913107,6068.38944737094,1002127,0.0,0.0
2021-07-14 00:00:00+05:30,6018.2529296875,6065.4461604618355,6004.615092530967,6034.049480239451,776574,0.0,0.0
2021-07-15 00:00:00+05:30,6014.13232421875,6060.736770814498,5986.954381626471,6018.25285099887,870990,0.0,0.0
2021-07-16 00:00:00+05:30,6009.9619140625,6073.2947068144385,5982.24453515014,6009.520206662106,963121,0.0,0.0
2021-07-19 00:00:00+05:30,5901.986328125,6007.557747412464,5823.10227517442,5973.217632900062,1290532,0.0,0.0
2021-07-20 00:00:00+05:30,5829.82373046875,5914.300515352649,5757.365986712532,5906.500211317219,1401837,0.0,0.0
2021-07-22 00:00:00+05:30,6078.740234375,6126.276960072305,5809.513809074774,5818.19704888353,3488591,0.0,0.0
2021-07-23 00:00:00+05:30,6064.3662109375,6107.634852454279,6024.237428766148,6072.313590656953,953739,0.0,0.0
2021-07-26 00:00:00+05:30,6046.2646484375,6081.438356776634,6014.426262319247,6034.049186502997,733502,0.0,0.0
2021-07-27 00:00:00+05:30,6113.96337890625,6207.711702075144,6058.577487010275,6063.483217768988,2068528,0.0,0.0
2021-07-28 00:00:00+05:30,6143.9375,6165.522716384542,6040.917149073779,6139.9147047678225,1149153,0.0,0.0
2021-07-29 00:00:00+05:30,6279.43408203125,6308.770258491289,6145.948850003214,6171.360920618813,1484664,0.0,0.0
2021-07-30 00:00:00+05:30,6110.6767578125,6295.868103480041,6095.076629012386,6295.868103480041,1406885,0.0,0.0
2021-08-02 00:00:00+05:30,6083.59716796875,6165.474012073188,6053.6722081069565,6151.786830604638,1012435,0.0,0.0
2021-08-03 00:00:00+05:30,6212.51953125,6222.429203690298,6088.9933204197405,6097.82363622441,1091710,0.0,0.0
2021-08-04 00:00:00+05:30,6239.255859375,6355.325744093241,6195.93834978342,6223.410443812546,1632091,0.0,0.0
2021-08-05 00:00:00+05:30,6130.44677734375,6235.674707863514,6114.503151507422,6234.202988555546,866567,0.0,0.0
2021-08-06 00:00:00+05:30,6106.94873046875,6180.731123943567,6093.8996762939105,6166.504502577239,729789,0.0,0.0
2021-08-09 00:00:00+05:30,6076.38525390625,6151.737566549996,6020.361712272978,6107.634854963165,881179,0.0,0.0
2021-08-10 00:00:00+05:30,6053.77001953125,6130.642917006434,6026.248582289447,6107.634847917103,731009,0.0,0.0
2021-08-11 00:00:00+05:30,6051.513671875,6083.057907191368,5942.802858596348,6059.657473225813,791929,0.0,0.0
2021-08-12 00:00:00+05:30,6082.61572265625,6136.971125032202,6035.275419628882,6064.46451838669,794602,0.0,0.0
2021-08-13 00:00:00+05:30,6040.47509765625,6111.412251270839,6015.4070053219175,6092.917550652276,667932,0.0,0.0
2021-08-16 00:00:00+05:30,6256.91650390625,6274.430059700302,5988.769434345426,6033.068090241932,1423335,0.0,0.0
2021-08-17 00:00:00+05:30,6289.24462890625,6315.49028673689,6186.126079334181,6289.097552808228,1602776,0.0,0.0
2021-08-18 00:00:00+05:30,6420.71923828125,6514.811067369918,6285.271711701962,6312.694940882237,2153730,0.0,0.0
2021-08-20 00:00:00+05:30,6535.5126953125,6605.762855249698,6333.9360277900105,6349.928997430576,2164732,0.0,0.0
2021-08-23 00:00:00+05:30,6624.8955078125,6690.926454889632,6570.736046395757,6612.925332642587,1738340,0.0,0.0
2021-08-24 00:00:00+05:30,6848.4990234375,6916.099904128961,6601.103092748645,6647.2658321001145,2622990,0.0,0.0
2021-08-25 00:00:00+05:30,6814.01171875,6921.005523769589,6790.513074852471,6872.929358379071,1509667,0.0,0.0
2021-08-26 00:00:00+05:30,6801.25634765625,6861.4004159190135,6725.756958656538,6769.908536065662,1234588,0.0,0.0
2021-08-27 00:00:00+05:30,6835.25341796875,6891.914612720046,6742.436888846804,6818.966294744658,935906,0.0,0.0
2021-08-30 00:00:00+05:30,7030.40283203125,7061.308936170387,6848.400218767445,6864.049691699753,1504382,0.0,0.0
2021-08-31 00:00:00+05:30,7382.634765625,7455.533738469054,6995.572580092531,7025.006966825038,2946438,0.0,0.0
2021-09-01 00:00:00+05:30,7377.82763671875,7529.8070991363,7342.261084194978,7383.125730796881,2227789,0.0,0.0
2021-09-02 00:00:00+05:30,7357.07568359375,7443.367201724162,7304.682094901624,7358.596268525801,1183378,0.0,0.0
2021-09-03 00:00:00+05:30,7381.5556640625,7412.559981640614,7321.0680930518665,7358.596937432774,880247,0.0,0.0
2021-09-06 00:00:00+05:30,7364.82763671875,7471.429086570908,7343.978277810066,7407.654576967873,897071,0.0,0.0
2021-09-07 00:00:00+05:30,7316.70166015625,7423.59773457936,7267.546616817798,7386.951826719158,836013,0.0,0.0
2021-09-08 00:00:00+05:30,7322.49072265625,7372.332759423615,7271.323563590317,7316.407424410686,859256,0.0,0.0
2021-09-09 00:00:00+05:30,7290.5537109375,7319.35044691569,7240.858753114985,7289.916061740425,700436,0.0,0.0
2021-09-13 00:00:00+05:30,7305.17236328125,7353.690230951453,7213.386334617089,7290.553381785938,802565,0.0,0.0
2021-09-14 00:00:00+05:30,7277.70068359375,7388.030763585779,7268.330929169117,7338.973454398622,719258,0.0,0.0
2021-09-15 00:00:00+05:30,7274.36474609375,7338.973316897805,7240.858700361739,7304.633201110181,657283,0.0,0.0
2021-09-16 00:00:00+05:30,7271.76513671875,7304.633534759643,7192.2922936945015,7304.633534759643,577129,0.0,0.0
2021-09-17 00:00:00+05:30,7288.73876953125,7535.1540233083515,7221.236101947512,7305.124102860082,3474969,0.0,0.0
2021-09-20 00:00:00+05:30,7302.1318359375,7438.069452330113,7182.726149999429,7221.236138919619,1083806,0.0,0.0
2021-09-21 00:00:00+05:30,7666.52978515625,7699.152898240145,7261.463456658896,7340.102233435537,1993133,0.0,0.0
2021-09-22 00:00:00+05:30,7646.7099609375,7746.149223799048,7624.4870953948575,7701.997644942689,1500541,0.0,0.0
2021-09-23 00:00:00+05:30,7750.12255859375,7848.188311131172,7657.502454812509,7715.341213881201,2109147,0.0,0.0
2021-09-24 00:00:00+05:30,7646.46435546875,7799.964863187261,7579.991703407458,7799.964863187261,1129346,0.0,0.0
2021-09-27 00:00:00+05:30,7648.4755859375,7711.808375303051,7594.119708530765,7701.015768162042,650774,0.0,0.0
2021-09-28 00:00:00+05:30,7401.080078125,7677.469159497014,7285.059537791387,7667.657697312353,1572301,0.0,0.0
2021-09-29 00:00:00+05:30,7373.7060546875,7491.885306091952,7315.573142345206,7387.04973882079,945879,0.0,0.0
2021-09-30 00:00:00+05:30,7523.52734375,7554.825812013281,7349.66804382264,7402.748149563663,1490707,0.0,0.0
2021-10-01 00:00:00+05:30,7380.91748046875,7495.172145609295,7334.067750025444,7476.333947183128,937740,0.0,0.0
2021-10-04 00:00:00+05:30,7549.96875,7622.524701921931,7417.612225620789,7444.937242654603,1090198,0.0,0.0
2021-10-05 00:00:00+05:30,7578.56982421875,7618.60039836497,7490.168453980936,7538.146408324284,773243,0.0,0.0
2021-10-06 00:00:00+05:30,7589.3134765625,7732.021393201495,7540.1090869241825,7662.752370706293,1764631,0.0,0.0
2021-10-07 00:00:00+05:30,7601.822265625,7736.337500478172,7592.109014419797,7697.974589663917,940550,0.0,0.0
2021-10-08 00:00:00+05:30,7586.41845703125,7681.393212775864,7566.599113159723,7603.882666881204,756571,0.0,0.0
2021-10-11 00:00:00+05:30,7669.71826171875,7755.372135647901,7605.845546569111,7627.332553110843,908648,0.0,0.0
2021-10-12 00:00:00+05:30,7707.63916015625,7775.583533620377,7603.882950859044,7662.7517220915015,1099449,0.0,0.0
2021-10-13 00:00:00+05:30,7779.8017578125,7858.980441531439,7713.083821479898,7758.805326605232,1052438,0.0,0.0
2021-10-14 00:00:00+05:30,7714.654296875,7818.7540036560395,7665.057548502002,7818.7540036560395,1134849,0.0,0.0
2021-10-18 00:00:00+05:30,7717.25439453125,7898.2270049264225,7653.725177317711,7898.2270049264225,855098,0.0,0.0
2021-10-19 00:00:00+05:30,7593.384765625,7765.478196254197,7526.37267028078,7741.24369293643,1244989,0.0,0.0
2021-10-20 00:00:00+05:30,7615.01904296875,7685.857510119686,7432.182355478007,7595.052622277921,1102899,0.0,0.0
2021-10-21 00:00:00+05:30,7591.42236328125,7682.374808390009,7540.108608234639,7682.374808390009,639461,0.0,0.0
2021-10-22 00:00:00+05:30,7564.8330078125,7785.394464009667,7520.48501154809,7609.769308488844,1517376,0.0,0.0
2021-10-25 00:00:00+05:30,7502.48193359375,7689.97907920448,7211.915565269692,7603.883495114633,1169729,0.0,0.0
2021-10-26 00:00:00+05:30,7707.541015625,7746.100348557129,7506.84775294579,7549.919975117431,1660575,0.0,0.0
2021-10-27 00:00:00+05:30,7341.0830078125,7770.629105321383,7320.331861318635,7721.6206605786965,3112233,0.0,0.0
2021-10-28 00:00:00+05:30,7343.1435546875,7452.786644140194,7214.760476725817,7397.842456137054,1572302,0.0,0.0
2021-10-29 00:00:00+05:30,7260.67822265625,7407.359577976161,7175.170948987122,7338.973496942716,948334,0.0,0.0
2021-11-01 00:00:00+05:30,7274.1689453125,7358.792803715255,7083.875451221929,7289.916149941681,1037314,0.0,0.0
2021-11-02 00:00:00+05:30,7314.7880859375,7412.559204514218,7260.726836956498,7325.924190617046,687116,0.0,0.0
2021-11-03 00:00:00+05:30,7374.5400390625,7396.664693982309,7310.520250265051,7344.860366861383,668704,0.0,0.0
2021-11-04 00:00:00+05:30,7383.22314453125,7426.295365607484,7373.313472392686,7418.446196242328,94033,0.0,0.0
2021-11-08 00:00:00+05:30,7528.97265625,7567.727932253801,7344.8606623913065,7401.668933174222,900301,0.0,0.0
2021-11-09 00:00:00+05:30,7434.63525390625,7608.199919083078,7407.653733684222,7554.825662168014,800247,0.0,0.0
2021-11-10 00:00:00+05:30,7438.51171875,7466.523253649655,7363.502893382478,7402.748744912831,464989,0.0,0.0
2021-11-11 00:00:00+05:30,7312.1884765625,7457.643400716327,7270.293342191281,7427.473155065533,634400,0.0,0.0
2021-11-12 00:00:00+05:30,7436.205078125,7456.956223931753,7312.4824495198645,7358.596319790552,497128,0.0,0.0
2021-11-15 00:00:00+05:30,7392.20068359375,7483.643700151487,7348.784964676934,7436.106975605671,402518,0.0,0.0
2021-11-16 00:00:00+05:30,7413.2470703125,7505.768972023786,7359.3328910990085,7383.125688167188,598049,0.0,0.0
2021-11-17 00:00:00+05:30,7464.21630859375,7546.976081012206,7379.445378225826,7386.068114646371,645574,0.0,0.0
2021-11-18 00:00:00+05:30,7343.83056640625,7552.569424011661,7299.727852334939,7476.334171343042,772539,0.0,0.0
2021-11-22 00:00:00+05:30,6925.22412109375,7372.8232149332725,6858.260892080616,7350.747425148723,1935243,0.0,0.0
2021-11-23 00:00:00+05:30,6980.16845703125,7042.66766373239,6793.554730873496,6868.023634177588,1187589,0.0,0.0
2021-11-24 00:00:00+05:30,7041.98046875,7181.793803026701,6932.779087713474,7025.006831025824,1099380,0.0,0.0
2021-11-25 00:00:00+05:30,6991.45166015625,7069.158633714225,6953.186956934202,7015.195590708773,615486,0.0,0.0
2021-11-26 00:00:00+05:30,6678.7109375,6915.0200916370895,6647.265393945472,6888.627355113086,1689082,0.0,0.0
2021-11-29 00:00:00+05:30,6775.55029296875,6848.400397483529,6552.38840070717,6639.416259279518,1491815,0.0,0.0
2021-11-30 00:00:00+05:30,6865.32470703125,7064.055662553126,6720.115080872312,6779.719707826066,2195539,0.0,0.0
2021-12-01 00:00:00+05:30,6905.99365234375,6973.692737230056,6819.946942676989,6899.616202318229,1136768,0.0,0.0
2021-12-02 00:00:00+05:30,7045.12060546875,7074.064419668503,6890.001288467892,6956.326870381372,847704,0.0,0.0
2021-12-03 00:00:00+05:30,6935.9677734375,7097.415188996142,6921.986440089339,7025.006791075785,816411,0.0,0.0
2021-12-06 00:00:00+05:30,6820.68310546875,6962.115234583143,6807.2905556349215,6935.967784131328,858253,0.0,0.0
2021-12-07 00:00:00+05:30,6969.228515625,7034.818234730397,6826.815240900154,6915.118398658276,1079608,0.0,0.0
2021-12-08 00:00:00+05:30,7222.70751953125,7247.089097633931,6985.760719834612,6985.760719834612,1402691,0.0,0.0
2021-12-09 00:00:00+05:30,7300.0224609375,7327.29861491246,7198.670242045176,7260.48245756226,1076950,0.0,0.0
2021-12-10 00:00:00+05:30,7311.9921875,7326.218807656826,7221.236162361623,7234.972209409594,679145,0.0,0.0
2021-12-13 00:00:00+05:30,7082.64990234375,7336.030936079545,7063.272262784091,7329.162911931819,1298599,0.0,0.0
2021-12-14 00:00:00+05:30,6932.6806640625,7044.629538476465,6902.36334306155,7044.629538476465,1276481,0.0,0.0
2021-12-15 00:00:00+05:30,6718.1533203125,6939.156501940218,6702.209694556893,6939.156501940218,1817528,0.0,0.0
2021-12-16 00:00:00+05:30,6896.3291015625,6930.276853622722,6802.187938350776,6814.059902390295,1768318,0.0,0.0
2021-12-17 00:00:00+05:30,6770.98828125,6892.552202211307,6735.568806858451,6868.023546687424,1680511,0.0,0.0
2021-12-20 00:00:00+05:30,6509.0712890625,6735.421920235183,6370.190229209103,6720.851802629019,2226319,0.0,0.0
2021-12-21 00:00:00+05:30,6453.5380859375,6622.736942110882,6416.69623724521,6598.355362886718,1375591,0.0,0.0
2021-12-22 00:00:00+05:30,6643.53759765625,6662.718814976948,6498.916258930462,6509.905288424998,1267898,0.0,0.0
2021-12-23 00:00:00+05:30,6787.32421875,6861.646044426023,6709.323094773183,6711.0401006468865,1339399,0.0,0.0
2021-12-24 00:00:00+05:30,6722.81396484375,6856.200986380544,6630.193856589744,6853.208202935247,980774,0.0,0.0
2021-12-27 00:00:00+05:30,6760.8330078125,6778.542504647507,6528.595516476374,6623.717829806943,912360,0.0,0.0
2021-12-28 00:00:00+05:30,6776.4326171875,6848.399779452816,6732.379253103204,6848.399779452816,862464,0.0,0.0
2021-12-29 00:00:00+05:30,6781.33935546875,6818.917544136392,6723.844089637087,6755.093693387794,532379,0.0,0.0
2021-12-30 00:00:00+05:30,6741.55322265625,6814.01095966663,6727.620756077283,6769.810039373141,658992,0.0,0.0
2021-12-31 00:00:00+05:30,6845.7509765625,6867.042040069954,6745.919353819663,6752.247938242809,769907,0.0,0.0
2022-01-03 00:00:00+05:30,7083.48291015625,7107.3739149592275,6843.494463686331,6843.494463686331,1269725,0.0,0.0
2022-01-04 00:00:00+05:30,7204.556640625,7235.9533194347505,7099.083422748493,7113.310042834161,959173,0.0,0.0
2022-01-05 00:00:00+05:30,7526.17578125,7546.142201444274,7275.198784860251,7329.063613291835,2583262,0.0,0.0
2022-01-06 00:00:00+05:30,7602.16650390625,7632.680248386688,7379.201016471965,7383.125601509312,1535986,0.0,0.0
2022-01-07 00:00:00+05:30,7514.9423828125,7638.22330932456,7441.994065668181,7617.570373059847,1165951,0.0,0.0
2022-01-10 00:00:00+05:30,7585.53564453125,7612.713586689961,7525.146285799114,7541.089912011733,639060,0.0,0.0
2022-01-11 00:00:00+05:30,7525.24462890625,7613.646001464863,7428.258226697181,7593.090795985931,1037912,0.0,0.0
2022-01-12 00:00:00+05:30,7627.92138671875,7720.639705716104,7546.780401638033,7580.335794429104,1458404,0.0,0.0
2022-01-13 00:00:00+05:30,7661.13330078125,7701.556238222834,7627.430831789961,7680.412728486213,616374,0.0,0.0
2022-01-14 00:00:00+05:30,7684.53369140625,7698.171528183167,7582.788635762595,7628.411935440794,569635,0.0,0.0
2022-01-17 00:00:00+05:30,7704.54833984375,7760.866032940299,7654.460541528602,7672.072306520438,679774,0.0,0.0
2022-01-18 00:00:00+05:30,7597.99609375,7795.206477898211,7570.572866115196,7751.006033678193,1130024,0.0,0.0
2022-01-19 00:00:00+05:30,7429.04248046875,7893.321046123163,7332.105429170714,7701.997540343918,5000317,0.0,0.0
2022-01-20 00:00:00+05:30,7388.2763671875,7505.7686277327275,7261.463217496721,7466.522778698831,2910383,0.0,0.0
2022-01-21 00:00:00+05:30,7234.72705078125,7357.615616722644,7168.107317235668,7262.935005039254,1370450,0.0,0.0
2022-01-24 00:00:00+05:30,6801.060546875,7211.42496765337,6689.161008224737,7211.42496765337,2502582,0.0,0.0
2022-01-25 00:00:00+05:30,6832.45654296875,6864.098506495691,6624.895265323677,6769.908475531772,2525934,0.0,0.0
2022-01-27 00:00:00+05:30,6708.0966796875,6772.21468072672,6581.627028243277,6694.949416206406,1761028,0.0,0.0
2022-01-28 00:00:00+05:30,6737.7763671875,6912.763891025115,6715.945863831728,6829.807690828003,1467522,0.0,0.0
2022-01-31 00:00:00+05:30,6868.2685546875,6942.492167477438,6799.4412458939605,6848.302134085773,1251249,0.0,0.0
2022-02-01 00:00:00+05:30,6882.34814453125,6981.6398512881815,6756.17264896925,6942.492214211303,1383449,0.0,0.0
2022-02-02 00:00:00+05:30,7110.80859375,7142.74471261377,6961.232656043228,6966.138387301891,1339821,0.0,0.0
2022-02-03 00:00:00+05:30,6976.58740234375,7149.661502934813,6966.138290722728,7116.253665156612,839856,0.0,0.0
2022-02-04 00:00:00+05:30,7023.43701171875,7052.871398345093,6921.986588295015,6956.3267060257485,823208,0.0,0.0
2022-02-07 00:00:00+05:30,6799.93212890625,7029.912708437706,6751.267180287488,7029.912708437706,1183012,0.0,0.0
2022-02-08 00:00:00+05:30,6921.986328125,7012.251777053066,6784.331710139815,6868.023288004962,1640542,0.0,0.0
2022-02-09 00:00:00+05:30,6983.16064453125,7022.945929272326,6936.70327852691,6994.149193962963,649166,0.0,0.0
2022-02-10 00:00:00+05:30,7002.4404296875,7103.49848829165,6931.7979032846,7000.4781372874195,1244200,0.0,0.0
2022-02-11 00:00:00+05:30,6879.40478515625,6946.466223677177,6790.561709386036,6907.269241394544,1276461,0.0,0.0
2022-02-14 00:00:00+05:30,6658.0087890625,6799.342697810403,6616.898382853048,6681.605161917582,1169766,0.0,0.0
2022-02-15 00:00:00+05:30,7007.39453125,7059.3464105015155,6658.008777362245,6671.793688868701,1346820,0.0,0.0
2022-02-16 00:00:00+05:30,6935.330078125,7088.732381270244,6917.080663113642,7049.535399215818,1054041,0.0,0.0
2022-02-17 00:00:00+05:30,6948.9189453125,6993.609962124414,6850.362620027028,6985.76079269442,903616,0.0,0.0
2022-02-18 00:00:00+05:30,6897.55615234375,6981.83651701372,6877.835017462926,6887.6464796846985,762517,0.0,0.0
2022-02-21 00:00:00+05:30,6874.25341796875,6947.397671758377,6780.701036831474,6868.023044106542,816664,0.0,0.0
2022-02-22 00:00:00+05:30,6879.15966796875,6903.491902674414,6661.001709421352,6671.79431787674,1258732,0.0,0.0
2022-02-23 00:00:00+05:30,6911.73291015625,6983.160637226376,6894.955694273787,6926.891809783689,795228,0.0,0.0
2022-02-24 00:00:00+05:30,6502.84033203125,6770.104929456857,6468.15719851193,6671.793892528025,1930040,0.0,0.0
2022-02-25 00:00:00+05:30,6838.0,6858.162841175616,6631.566942292588,6671.793935136795,1413281,0.0,0.0
2022-02-28 00:00:00+05:30,6870.279296875,6892.551505469395,6678.269288288785,6730.662395376519,1580891,0.0,0.0
2022-03-02 00:00:00+05:30,6702.74951171875,6805.5739267647,6634.510981262688,6787.569797156947,1608009,0.0,0.0
2022-03-03 00:00:00+05:30,6621.1181640625,6813.373477686187,6598.208304098636,6789.5318162620915,1333999,0.0,0.0
2022-03-04 00:00:00+05:30,6414.6357421875,6571.717346998447,6377.450396460124,6562.298247520923,1996509,0.0,0.0
2022-03-07 00:00:00+05:30,6009.52099609375,6249.9018359374995,5984.9923389668365,6230.278910235969,2843588,0.0,0.0
2022-03-08 00:00:00+05:30,6045.67529296875,6100.128902427277,5801.41877566837,6012.463401114579,2885783,0.0,0.0
2022-03-09 00:00:00+05:30,6350.46875,6401.978925260718,6006.429932383231,6102.238762553109,2280131,0.0,0.0
2022-03-10 00:00:00+05:30,6460.7490234375,6665.906774013551,6378.430959355622,6665.906774013551,2091561,0.0,0.0
2022-03-11 00:00:00+05:30,6503.037109375,6558.962443598653,6367.6877974614945,6426.5077046478955,1264771,0.0,0.0
2022-03-14 00:00:00+05:30,6539.78076171875,6562.886561795968,6377.44994045056,6476.545701063715,1266846,0.0,0.0
2022-03-15 00:00:00+05:30,6540.85986328125,6622.736703490066,6480.470507637317,6551.309453340316,1479270,0.0,0.0
2022-03-16 00:00:00+05:30,6711.62841796875,6769.319619687566,6616.211955329589,6652.170865743074,1633596,0.0,0.0
2022-03-17 00:00:00+05:30,6862.52880859375,6923.850445406851,6799.441300270548,6816.709569012174,1670678,0.0,0.0
2022-03-21 00:00:00+05:30,6740.8662109375,6886.419333738861,6720.850925892957,6868.022843978205,962019,0.0,0.0
2022-03-22 00:00:00+05:30,6854.0908203125,6877.834749594566,6639.416226891074,6740.474283839469,1273796,0.0,0.0
2022-03-23 00:00:00+05:30,6872.73291015625,6970.062807659089,6838.589213032637,6917.080911317086,1176750,0.0,0.0
2022-03-24 00:00:00+05:30,6865.61962890625,6902.903185748342,6751.512513674918,6837.60809559317,783716,0.0,0.0
2022-03-25 00:00:00+05:30,6842.0234375,6934.202320168076,6809.155037821754,6925.911442648957,702373,0.0,0.0
2022-03-28 00:00:00+05:30,6869.39697265625,6902.3635810974465,6740.474456594095,6858.212001687441,936973,0.0,0.0
2022-03-29 00:00:00+05:30,6906.63134765625,6926.891920134506,6852.815384727969,6907.268996848006,715950,0.0,0.0
2022-03-30 00:00:00+05:30,7115.12548828125,7137.299489219797,6965.157189009351,6966.138335253752,1272254,0.0,0.0
2022-03-31 00:00:00+05:30,7123.07275390625,7304.633671877322,7104.136344249214,7150.544848306863,1633011,0.0,0.0
2022-04-01 00:00:00+05:30,7268.4296875,7308.558473624963,7084.170132858302,7093.638577505387,871513,0.0,0.0
2022-04-04 00:00:00+05:30,7349.4228515625,7447.782760312021,7289.916429016877,7308.558207233745,1049759,0.0,0.0
2022-04-05 00:00:00+05:30,7249.14990234375,7338.924780502268,7191.8017147752125,7294.822066760396,1072082,0.0,0.0
2022-04-06 00:00:00+05:30,7208.4326171875,7285.010890201172,7162.367609221354,7211.424921613281,767031,0.0,0.0
2022-04-07 00:00:00+05:30,7152.75244140625,7217.3116717446965,7132.933095919514,7172.178945140529,718266,0.0,0.0
2022-04-08 00:00:00+05:30,7227.7119140625,7285.01075808205,7123.121630124671,7190.133726006603,881973,0.0,0.0
2022-04-11 00:00:00+05:30,7198.326171875,7244.783540256574,7157.4615284631245,7206.567704139324,597508,0.0,0.0
2022-04-12 00:00:00+05:30,7137.34814453125,7162.318507345413,7083.875675787425,7162.318507345413,805598,0.0,0.0
2022-04-13 00:00:00+05:30,7190.28076171875,7240.858654593286,7144.755196673555,7175.121861929634,672317,0.0,0.0
2022-04-18 00:00:00+05:30,7124.5439453125,7235.952899683622,7095.25663674415,7128.517395613743,758222,0.0,0.0
2022-04-19 00:00:00+05:30,7122.6796875,7302.965301317683,7016.176459375508,7162.367242824948,1191110,0.0,0.0
2022-04-20 00:00:00+05:30,6899.91015625,7157.166863055184,6828.777061855671,7137.789226996038,1558181,0.0,0.0
2022-04-21 00:00:00+05:30,7003.52001953125,7051.497974495768,6914.431654155883,6965.157106017178,875343,0.0,0.0
2022-04-22 00:00:00+05:30,6976.685546875,7071.1208714028935,6938.077346954249,6946.515300337517,807987,0.0,0.0
2022-04-25 00:00:00+05:30,6873.42041015625,6941.561212375974,6818.966790462628,6868.024105501928,684953,0.0,0.0
2022-04-26 00:00:00+05:30,7104.0380859375,7126.016144570127,6963.1947374021875,6996.553708949556,1012419,0.0,0.0
2022-04-27 00:00:00+05:30,6587.51416015625,6966.1384037804655,6562.740217241397,6966.1384037804655,3984357,0.0,0.0
2022-04-28 00:00:00+05:30,6600.80810546875,6676.6998594957095,6455.941965537365,6620.774526359596,2499094,0.0,0.0
2022-04-29 00:00:00+05:30,6546.0107421875,6694.94901634592,6525.603093740957,6671.793871213126,1337517,0.0,0.0
2022-05-02 00:00:00+05:30,6501.2216796875,6524.475035836892,6402.469412259296,6426.507493724373,1238741,0.0,0.0
2022-05-04 00:00:00+05:30,6220.2216796875,6542.086501980877,6171.409655780492,6504.901156467784,1649115,0.0,0.0
2022-05-05 00:00:00+05:30,6190.4931640625,6374.948652071326,6171.409678593169,6279.335762002589,1486028,0.0,0.0
2022-05-06 00:00:00+05:30,5887.17041015625,6088.060062459594,5862.347606898548,6084.086612615548,3064865,0.0,0.0
2022-05-09 00:00:00+05:30,5923.13037109375,6019.576844856149,5722.583717169981,5848.612130261604,1935648,0.0,0.0
2022-05-10 00:00:00+05:30,5816.6767578125,5997.795974804797,5788.762954984184,5886.877581339848,1177933,0.0,0.0
2022-05-11 00:00:00+05:30,5697.515625,5883.541028633203,5628.835395320303,5844.6875457422075,1861339,0.0,0.0
2022-05-12 00:00:00+05:30,5487.9423828125,5656.061859274887,5402.0921008945415,5641.589954608717,2494044,0.0,0.0
2022-05-13 00:00:00+05:30,5411.75732421875,5640.609682624048,5396.304271078842,5592.533517299891,2105315,0.0,0.0
2022-05-16 00:00:00+05:30,5538.96240234375,5604.257966341941,5384.530093508966,5469.889808912625,1414955,0.0,0.0
2022-05-17 00:00:00+05:30,5727.2451171875,5738.724720551344,5545.438899052179,5553.288069468389,1401770,0.0,0.0
2022-05-18 00:00:00+05:30,5705.5615234375,5844.393709510334,5680.836447785932,5778.902201239227,1655094,0.0,0.0
2022-05-19 00:00:00+05:30,5599.4013671875,5636.684922812719,5505.211331923789,5544.457179950335,1065025,0.0,0.0
2022-05-20 00:00:00+05:30,5660.8212890625,5731.807313422251,5604.307171351459,5729.893886675862,1098610,0.0,0.0
2022-05-23 00:00:00+05:30,5684.76123046875,5794.894894279609,5662.39128815778,5715.176763458831,968021,0.0,0.0
2022-05-24 00:00:00+05:30,5689.47021484375,5723.02560546355,5617.061819180322,5673.968296999093,1084069,0.0,0.0
2022-05-25 00:00:00+05:30,5717.53125,5766.883191131981,5692.413811553088,5728.912641695117,867598,0.0,0.0
2022-05-26 00:00:00+05:30,5708.11279296875,5764.676260824944,5546.812435920528,5739.705895682818,1259546,0.0,0.0
2022-05-27 00:00:00+05:30,5880.49951171875,5962.425216103253,5750.546511157774,5788.762345731313,1625805,0.0,0.0
2022-05-30 00:00:00+05:30,5995.98095703125,6011.482875640254,5927.202511357796,5973.218173151276,817484,0.0,0.0
2022-05-31 00:00:00+05:30,5967.47900390625,6052.888078643906,5903.017978024482,5994.804024776973,1548966,0.0,0.0
2022-06-01 00:00:00+05:30,5896.83544921875,6014.425911342848,5864.5558366352425,5945.745680707611,887620,0.0,0.0
2022-06-02 00:00:00+05:30,5943.63671875,5965.369011686396,5837.035277867737,5893.745337697398,750809,0.0,0.0
2022-06-03 00:00:00+05:30,5914.54541015625,6051.709450228799,5900.612943202983,6009.520165799513,1043465,0.0,0.0
2022-06-06 00:00:00+05:30,5907.4814453125,5935.9346859559255,5799.5553601133015,5894.922965210353,737657,0.0,0.0
2022-06-07 00:00:00+05:30,5767.76611328125,5877.016837825064,5723.6634002199935,5867.254241562247,896982,0.0,0.0
2022-06-08 00:00:00+05:30,5842.03857421875,5939.859041104585,5692.855487487459,5788.762527670475,1334146,0.0,0.0
2022-06-09 00:00:00+05:30,5787.33935546875,5819.7665227456655,5744.610632827355,5793.667939683268,1237674,0.0,0.0
2022-06-10 00:00:00+05:30,5560.64599609375,5724.987981862731,5545.830592904892,5715.176520025777,2151891,0.0,0.0
2022-06-13 00:00:00+05:30,5257.22705078125,5449.28643494407,5224.60393699625,5420.882058529704,1932785,0.0,0.0
2022-06-14 00:00:00+05:30,5274.396484375,5358.039194748989,5184.57274480583,5246.188532196089,1884541,0.0,0.0
2022-06-15 00:00:00+05:30,5381.53857421875,5396.206423916035,5294.412495586047,5315.850637993985,1659943,0.0,0.0
2022-06-16 00:00:00+05:30,5184.2783203125,5509.087057890917,5155.776214777928,5460.078613476762,2179686,0.0,0.0
2022-06-17 00:00:00+05:30,5317.37060546875,5371.775352956663,5121.583076243613,5121.583076243613,1937939,0.0,0.0
2022-06-20 00:00:00+05:30,5367.3115234375,5406.11566475494,5251.094562208427,5325.6616748257375,1119456,0.0,0.0
2022-06-21 00:00:00+05:30,5444.52734375,5459.097460645321,5352.152524769991,5420.832758818368,1002359,0.0,0.0
2022-06-22 00:00:00+05:30,5337.04345703125,5427.210705303205,5303.09569956862,5427.210705303205,898346,0.0,0.0
2022-06-23 00:00:00+05:30,5345.43115234375,5391.397944005325,5242.26373336132,5342.929421361075,1101857,0.0,0.0
2022-06-24 00:00:00+05:30,5482.3994140625,5510.754442056924,5352.1522623078945,5406.115300699634,1304933,0.0,0.0
2022-06-27 00:00:00+05:30,5534.84228515625,5617.062147315656,5482.399827714071,5592.533491650523,1049008,0.0,0.0
2022-06-28 00:00:00+05:30,5471.11669921875,5513.060700813299,5420.832954617098,5501.286945979741,739500,0.0,0.0
2022-06-29 00:00:00+05:30,5408.86279296875,5449.286209632519,5357.058463196535,5381.5871191635515,755982,0.0,0.0
2022-06-30 00:00:00+05:30,5317.97314453125,5450.614940889918,5294.832255928994,5428.556858162253,1198275,20.0,0.0
2022-07-01 00:00:00+05:30,5528.6044921875,5547.8560309825,5253.523231205246,5282.031029480816,1221890,0.0,0.0
2022-07-04 00:00:00+05:30,5544.26123046875,5562.626617972484,5456.326047229459,5527.127222098879,789818,0.0,0.0
2022-07-05 00:00:00+05:30,5574.5908203125,5667.05580496282,5540.470415409191,5573.507533638499,1228453,0.0,0.0
2022-07-06 00:00:00+05:30,5826.28515625,5848.0965786607585,5559.62305150419,5593.20205436776,2222952,0.0,0.0
2022-07-07 00:00:00+05:30,5771.140625,5895.411826706182,5727.123510232769,5844.305026346541,1335247,0.0,0.0
2022-07-08 00:00:00+05:30,5783.4501953125,5837.412588996263,5712.353311195568,5837.412588996263,803282,0.0,0.0
2022-07-11 00:00:00+05:30,5771.9287109375,5813.730212448909,5724.957436205513,5760.6044457876615,761337,0.0,0.0
2022-07-12 00:00:00+05:30,5783.79443359375,5868.480243339008,5695.61306472758,5760.407364042007,975446,0.0,0.0
2022-07-13 00:00:00+05:30,5789.06201171875,5887.6324385566195,5776.950165412339,5839.332184135648,886934,0.0,0.0
2022-07-14 00:00:00+05:30,5741.7470703125,5836.3786325946985,5706.14958582945,5834.458238821141,692920,0.0,0.0
2022-07-15 00:00:00+05:30,5824.80810546875,5837.658491864593,5724.022052801238,5765.527848836873,569859,0.0,0.0
2022-07-18 00:00:00+05:30,5967.19775390625,5975.371207016297,5840.710934540719,5878.671645349487,966432,0.0,0.0
2022-07-19 00:00:00+05:30,5973.25390625,6004.961556265516,5910.330003873314,5947.700266584755,978560,0.0,0.0
2022-07-20 00:00:00+05:30,5981.57470703125,6055.625739804299,5949.718963415168,6055.034812466606,827092,0.0,0.0
2022-07-21 00:00:00+05:30,6171.1328125,6187.134489527843,5943.761387080605,5986.104286292743,1325493,0.0,0.0
2022-07-22 00:00:00+05:30,6162.61572265625,6228.345695010711,6122.685572227963,6175.170885914968,953295,0.0,0.0
2022-07-25 00:00:00+05:30,6131.8427734375,6237.207664517926,6090.484591891912,6144.6441153444675,724023,0.0,0.0
2022-07-26 00:00:00+05:30,6168.720703125,6286.148397641287,6117.564378888373,6203.727257464266,1530406,0.0,0.0
2022-07-27 00:00:00+05:30,6298.60498046875,6331.149738218093,6100.331792079605,6183.04815536204,1444989,0.0,0.0
2022-07-28 00:00:00+05:30,6968.4609375,7001.301404613064,6422.335811999233,6422.335811999233,6485782,0.0,0.0
2022-07-29 00:00:00+05:30,7098.93505859375,7149.057139898256,7016.120126966263,7065.356057681815,2606762,0.0,0.0
2022-08-01 00:00:00+05:30,7150.04248046875,7198.293696767189,7082.0968901709475,7140.244337076196,1227077,0.0,0.0
2022-08-02 00:00:00+05:30,7229.7060546875,7243.590684381857,7072.446768370198,7091.402603154639,1249124,0.0,0.0
2022-08-03 00:00:00+05:30,7184.85205078125,7263.678586744535,7107.699248038787,7214.04886272266,1218621,0.0,0.0
2022-08-04 00:00:00+05:30,7204.84130859375,7272.146921628811,7094.897572151061,7226.800822048606,949481,0.0,0.0
2022-08-05 00:00:00+05:30,7193.07470703125,7255.35816330666,7164.862132299778,7227.78604037051,758078,0.0,0.0
2022-08-08 00:00:00+05:30,7230.00146484375,7284.948573189581,7152.996274080713,7188.446145483096,957482,0.0,0.0
2022-08-10 00:00:00+05:30,7040.14794921875,7256.3922771736125,6996.426534036982,7256.3922771736125,1906523,0.0,0.0
2022-08-11 00:00:00+05:30,7207.1064453125,7213.063800560536,7107.058938617932,7133.301593346147,1027051,0.0,0.0
2022-08-12 00:00:00+05:30,7197.70263671875,7230.789280591779,7160.923297788902,7190.415814637228,1036941,0.0,0.0
2022-08-16 00:00:00+05:30,7174.7587890625,7271.162650576169,7160.9727276990025,7226.850310479212,804464,0.0,0.0
2022-08-17 00:00:00+05:30,7412.076171875,7521.281378788792,7184.507585708697,7188.446460481563,2344414,0.0,0.0
2022-08-18 00:00:00+05:30,7373.8193359375,7472.832602592516,7338.517076625524,7375.542593552816,835354,0.0,0.0
2022-08-19 00:00:00+05:30,7190.12060546875,7423.498933517614,7159.889549549743,7395.237314966107,1100427,0.0,0.0
2022-08-22 00:00:00+05:30,6993.66943359375,7168.555092311721,6980.523342615404,7150.0425728410255,1060862,0.0,0.0
2022-08-23 00:00:00+05:30,7097.556640625,7139.210046221997,6942.266320808976,6976.731472756255,1088603,0.0,0.0
2022-08-24 00:00:00+05:30,7067.22705078125,7125.817809359917,7030.891029440089,7055.508995229446,953096,0.0,0.0
2022-08-25 00:00:00+05:30,6939.46044921875,7128.378832297492,6917.747593715135,7102.579009439683,1354296,0.0,0.0
2022-08-26 00:00:00+05:30,6954.18212890625,7032.368698663178,6918.3384638671705,7011.197246304254,759139,0.0,0.0
2022-08-29 00:00:00+05:30,6857.92529296875,6908.293554773127,6756.49927399054,6775.84889892294,996735,0.0,0.0
2022-08-30 00:00:00+05:30,7194.6005859375,7222.911246925792,6893.030501497006,6893.030501497006,1731381,0.0,0.0
2022-09-01 00:00:00+05:30,7071.56005859375,7221.779181597141,7032.860806829151,7118.137540611596,1462579,0.0,0.0
2022-09-02 00:00:00+05:30,7080.47216796875,7201.247819801347,7063.830518179637,7106.813393071948,906370,0.0,0.0
2022-09-05 00:00:00+05:30,7086.23291015625,7143.14945875977,7048.616463441196,7080.816957299457,707025,0.0,0.0
2022-09-06 00:00:00+05:30,7010.55712890625,7144.134123556995,6996.42631948621,7118.285257844608,791905,0.0,0.0
2022-09-07 00:00:00+05:30,7056.986328125,7097.803109206201,6961.960976745099,6969.838726082293,791994,0.0,0.0
2022-09-08 00:00:00+05:30,7146.7431640625,7168.210318974266,7065.356264372715,7109.668603313032,772251,0.0,0.0
2022-09-09 00:00:00+05:30,7071.16650390625,7212.0798477786975,7055.509572547019,7188.446598687124,649607,0.0,0.0
2022-09-12 00:00:00+05:30,7175.54638671875,7208.042102858003,7078.010194695309,7106.567036151017,834716,0.0,0.0
2022-09-13 00:00:00+05:30,7290.3154296875,7330.245578332421,7200.656508752512,7217.987653032865,1382700,0.0,0.0
2022-09-14 00:00:00+05:30,7369.09326171875,7444.473284994897,7161.021914348716,7161.021914348716,1493388,0.0,0.0
2022-09-15 00:00:00+05:30,7273.42724609375,7417.738054209807,7257.081300993334,7375.493719859369,717420,0.0,0.0
2022-09-16 00:00:00+05:30,7162.94189453125,7365.842976251534,7084.410583658456,7272.147094615509,1187036,0.0,0.0
2022-09-19 00:00:00+05:30,7381.5498046875,7409.466675472456,7081.062995186359,7163.82840804004,1648117,0.0,0.0
2022-09-20 00:00:00+05:30,7518.720703125,7597.104404027831,7449.396606153019,7454.27115581075,1613450,0.0,0.0
2022-09-21 00:00:00+05:30,7573.1259765625,7616.79834247286,7470.124315224345,7523.250075823225,1239262,0.0,0.0
2022-09-22 00:00:00+05:30,7601.58447265625,7659.141468640838,7483.861553313239,7552.791857093755,1281039,0.0,0.0
2022-09-23 00:00:00+05:30,7392.4306640625,7613.3523937433865,7360.772054999911,7596.907399633782,1412331,0.0,0.0
2022-09-26 00:00:00+05:30,7148.56494140625,7346.001028017167,7020.059159347773,7323.352499378509,1875205,0.0,0.0
2022-09-27 00:00:00+05:30,7132.169921875,7267.174951608592,7099.870860071124,7213.06446679602,1142829,0.0,0.0
2022-09-28 00:00:00+05:30,7092.43603515625,7185.984306359283,7050.6840608043,7069.295147016553,869069,0.0,0.0
2022-09-29 00:00:00+05:30,6996.18017578125,7205.088151582126,6979.735181182286,7200.755485471042,969632,0.0,0.0
2022-09-30 00:00:00+05:30,7223.64990234375,7249.498767141013,6919.420880335336,6972.7928239779285,1618665,0.0,0.0
2022-10-03 00:00:00+05:30,7062.205078125,7284.94863086119,7035.421019122955,7224.880792731624,820198,0.0,0.0
2022-10-04 00:00:00+05:30,7374.2626953125,7390.313416868044,7194.699154569504,7222.911247531926,1191495,0.0,0.0
2022-10-06 00:00:00+05:30,7291.00439453125,7482.876916971248,7234.6292526051275,7434.625703794305,1510060,0.0,0.0
2022-10-07 00:00:00+05:30,7232.90576171875,7294.549242524713,7161.119871614234,7272.590209972095,991196,0.0,0.0
2022-10-10 00:00:00+05:30,7181.947265625,7225.865815779637,7110.6537279564955,7153.981350727591,653113,0.0,0.0
2022-10-11 00:00:00+05:30,7092.7314453125,7240.144022567722,7062.993229964577,7195.339323074103,732206,0.0,0.0
2022-10-12 00:00:00+05:30,7115.77392578125,7147.580145065381,7035.814581041833,7094.8976985873205,740731,0.0,0.0
2022-10-13 00:00:00+05:30,7042.36328125,7115.577211579578,7005.978214362912,7110.16125881682,608655,0.0,0.0
2022-10-14 00:00:00+05:30,7161.3662109375,7232.758311355921,7110.65320167476,7188.445973165177,839012,0.0,0.0
2022-10-17 00:00:00+05:30,7242.80224609375,7259.640549049461,7106.7139468714,7144.084209073679,617401,0.0,0.0
2022-10-18 00:00:00+05:30,7277.46435546875,7316.459308783124,7209.124979757907,7286.917750335816,906975,0.0,0.0
2022-10-19 00:00:00+05:30,7267.61767578125,7326.307005483736,7237.682323965788,7303.658475762483,627177,0.0,0.0
2022-10-20 00:00:00+05:30,7318.8232421875,7335.169668933299,7150.042551500159,7257.327847255376,1026054,0.0,0.0
2022-10-21 00:00:00+05:30,7082.8349609375,7375.542575151629,7043.741438805434,7375.542575151629,2386960,0.0,0.0
2022-10-24 00:00:00+05:30,7096.375,7198.293380975508,7080.127142163325,7198.293380975508,227884,0.0,0.0
2022-10-25 00:00:00+05:30,6994.3583984375,7131.874269522305,6981.655623298115,7131.874269522305,909899,0.0,0.0
2022-10-27 00:00:00+05:30,6864.57275390625,7099.821959564785,6825.085437135024,7076.188710323515,1641458,0.0,0.0
2022-10-28 00:00:00+05:30,6899.7763671875,6981.6556314973295,6873.336573744903,6893.030947881708,839669,0.0,0.0
2022-10-31 00:00:00+05:30,7034.92822265625,7040.344174937953,6938.327232158693,6985.593724799002,818986,0.0,0.0
2022-11-01 00:00:00+05:30,7099.3291015625,7125.42414576687,7050.585528426035,7086.971074842631,762742,0.0,0.0
2022-11-02 00:00:00+05:30,7046.84375,7129.362980009822,7030.940159249368,7096.867264769446,585914,0.0,0.0
2022-11-03 00:00:00+05:30,7012.77294921875,7085.0512072749625,6983.723746909561,6996.426522263879,632313,0.0,0.0
2022-11-04 00:00:00+05:30,7101.79052734375,7114.493301091463,7012.772062266428,7012.772062266428,921925,0.0,0.0
2022-11-07 00:00:00+05:30,7080.17578125,7139.849824604671,7002.333968207746,7137.338984501229,722494,0.0,0.0
2022-11-09 00:00:00+05:30,7034.82958984375,7124.438981315724,7005.928003133645,7124.438981315724,689634,0.0,0.0
2022-11-10 00:00:00+05:30,6868.5107421875,7055.508706507278,6858.1216725577415,7048.615676368331,1008182,0.0,0.0
2022-11-11 00:00:00+05:30,6943.6943359375,7048.468301403458,6888.1067772655915,7039.753445414112,1233342,0.0,0.0
2022-11-14 00:00:00+05:30,6918.4365234375,6998.395875052593,6894.0647353542645,6947.091934075059,855060,0.0,0.0
2022-11-15 00:00:00+05:30,6918.38720703125,6954.477050181653,6874.321046476911,6927.6434663804075,719521,0.0,0.0
2022-11-16 00:00:00+05:30,6789.68408203125,6927.348036711886,6747.88306415883,6903.862400929902,1336204,0.0,0.0
2022-11-17 00:00:00+05:30,6789.68408203125,6843.7945637516505,6727.597763964212,6765.017072370336,733944,0.0,0.0
2022-11-18 00:00:00+05:30,6687.716796875,6822.130894316425,6646.850972378156,6804.307390359893,1327689,0.0,0.0
2022-11-21 00:00:00+05:30,6577.03466796875,6643.896970544997,6509.335258345959,6643.896970544997,1071748,0.0,0.0
2022-11-22 00:00:00+05:30,6582.8935546875,6624.941235515465,6558.521766856648,6578.167097254236,958769,0.0,0.0
2022-11-23 00:00:00+05:30,6676.44140625,6701.010328584941,6587.767685265725,6615.832166436139,893667,0.0,0.0
2022-11-24 00:00:00+05:30,6667.87451171875,6735.327737067537,6634.34455427622,6709.823621019295,754611,0.0,0.0
2022-11-25 00:00:00+05:30,6644.38916015625,6674.4230792944145,6572.997057286842,6666.545330012273,859058,0.0,0.0
2022-11-28 00:00:00+05:30,6673.8818359375,6728.385630430824,6625.7287076432995,6626.172023378884,604054,0.0,0.0
2022-11-29 00:00:00+05:30,6631.2431640625,6704.850884962973,6618.294209659995,6671.469018069702,681860,0.0,0.0
2022-11-30 00:00:00+05:30,6618.24462890625,6650.986522167803,6575.950772951823,6632.07973282877,1482831,0.0,0.0
2022-12-01 00:00:00+05:30,6644.63525390625,6666.545243813911,6604.507969019187,6651.380672805797,981616,0.0,0.0
2022-12-02 00:00:00+05:30,6573.7353515625,6638.9239167733185,6545.42469113372,6627.353472945904,1438602,0.0,0.0
2022-12-05 00:00:00+05:30,6558.669921875,6596.630635803317,6530.654482258188,6572.554071025021,1029250,0.0,0.0
2022-12-06 00:00:00+05:30,6596.18701171875,6632.080199334773,6530.654176984145,6572.406152156782,840980,0.0,0.0
2022-12-07 00:00:00+05:30,6523.9580078125,6622.183690372211,6500.127624828554,6622.183690372211,961027,0.0,0.0
2022-12-08 00:00:00+05:30,6481.36962890625,6577.921107930558,6459.754860482703,6577.921107930558,1137784,0.0,0.0
2022-12-09 00:00:00+05:30,6417.85498046875,6516.868251834131,6390.824260260428,6501.605112229503,1131292,0.0,0.0
2022-12-12 00:00:00+05:30,6407.072265625,6439.075623595155,6294.321973699377,6408.647911719774,1100048,0.0,0.0
2022-12-13 00:00:00+05:30,6518.935546875,6546.40909900564,6407.563779667524,6407.563779667524,958636,0.0,0.0
2022-12-14 00:00:00+05:30,6553.5,6586.339983565484,6525.336949379487,6556.257019996552,678283,0.0,0.0
2022-12-15 00:00:00+05:30,6524.15478515625,6611.400952875854,6503.081902411698,6530.654024348029,857706,0.0,0.0
2022-12-16 00:00:00+05:30,6496.08984375,6592.986054955832,6459.753824650265,6489.29538177519,880233,0.0,0.0
2022-12-19 00:00:00+05:30,6584.81396484375,6602.538901492051,6496.189281602246,6499.242005744501,659559,0.0,0.0
2022-12-20 00:00:00+05:30,6541.33837890625,6596.482623294362,6484.3723088521,6558.226207586179,607716,0.0,0.0
2022-12-21 00:00:00+05:30,6426.9638671875,6591.608548808689,6405.595278618882,6591.608548808689,622390,0.0,0.0
2022-12-22 00:00:00+05:30,6391.4638671875,6474.524979630028,6309.092250112485,6469.601386489625,849706,0.0,0.0
2022-12-23 00:00:00+05:30,6277.1875,6367.190686977071,6243.165182706008,6351.435188834226,994303,0.0,0.0
2022-12-26 00:00:00+05:30,6335.384765625,6371.031293359221,6203.727685744119,6277.236839062852,530535,0.0,0.0
2022-12-27 00:00:00+05:30,6405.2998046875,6430.212995020277,6331.7411267963835,6367.190999356985,781035,0.0,0.0
2022-12-28 00:00:00+05:30,6377.13623046875,6469.601210973069,6365.270082830514,6376.052943843321,755934,0.0,0.0
2022-12-29 00:00:00+05:30,6411.4052734375,6420.858669690242,6304.563288058865,6341.58880957061,521880,0.0,0.0
2022-12-30 00:00:00+05:30,6474.72216796875,6617.2106661108655,6415.441913751735,6449.907066012873,1520266,0.0,0.0
2023-01-02 00:00:00+05:30,6453.599609375,6508.990031351325,6385.654025084041,6464.677693770265,579340,0.0,0.0
2023-01-03 00:00:00+05:30,6505.2978515625,6558.226481196783,6430.213051383633,6464.678205564096,742081,0.0,0.0
2023-01-04 00:00:00+05:30,6470.5869140625,6536.563070392159,6449.907820287533,6494.220164091034,671253,0.0,0.0
2023-01-05 00:00:00+05:30,6006.83251953125,6390.823730947382,5932.978624335402,6390.823730947382,5102300,0.0,0.0
2023-01-06 00:00:00+05:30,5889.01123046875,6046.123377224909,5850.80433974642,6036.325234475675,2931922,0.0,0.0
2023-01-09 00:00:00+05:30,5901.763671875,5985.120010206624,5863.999615133342,5928.0063279769465,1400548,0.0,0.0
2023-01-10 00:00:00+05:30,5813.9267578125,5923.082920770687,5785.222304160896,5907.327421729568,1120375,0.0,0.0
2023-01-11 00:00:00+05:30,5805.6552734375,5858.091544193646,5775.916576380322,5839.381888900373,1108891,0.0,0.0
2023-01-12 00:00:00+05:30,5808.26416015625,5873.747947801255,5767.49690581637,5816.289520673628,1476949,0.0,0.0
2023-01-13 00:00:00+05:30,5886.451171875,5893.541338745721,5782.268127170405,5829.534624122752,1108490,0.0,0.0
2023-01-16 00:00:00+05:30,5919.044921875,5979.408460396853,5883.250304689977,5908.311585325584,908339,0.0,0.0
2023-01-17 00:00:00+05:30,5893.4921875,5927.957340898278,5849.22889102206,5927.957340898278,817005,0.0,0.0
2023-01-18 00:00:00+05:30,5906.98291015625,5956.563594347198,5893.541595663412,5912.202207914066,796281,0.0,0.0
2023-01-19 00:00:00+05:30,5920.57177734375,5937.50864945409,5869.563063317641,5891.571621077942,548142,0.0,0.0
2023-01-20 00:00:00+05:30,5770.84521484375,5927.760231543666,5748.000030122905,5920.621021164715,833090,0.0,0.0
2023-01-23 00:00:00+05:30,5773.4052734375,5844.305014131258,5751.741463781074,5791.130208610939,856064,0.0,0.0
2023-01-24 00:00:00+05:30,5765.5771484375,5830.519540340695,5753.3667324750695,5802.307445180403,608145,0.0,0.0
2023-01-25 00:00:00+05:30,5707.33056640625,5765.576576747097,5688.719480610072,5760.652983635958,827837,0.0,0.0
2023-01-27 00:00:00+05:30,5672.66845703125,5771.976940133876,5593.201476125356,5726.138483040307,1621352,0.0,0.0
2023-01-30 00:00:00+05:30,5929.77880859375,5973.500703037412,5681.875878658843,5681.875878658843,2448160,0.0,0.0
2023-01-31 00:00:00+05:30,5796.44775390625,5957.547820896404,5784.237338833963,5957.547820896404,1996788,0.0,0.0
2023-02-01 00:00:00+05:30,5728.3056640625,5889.011463205145,5621.66034315152,5853.167799627083,2634866,0.0,0.0
2023-02-02 00:00:00+05:30,5630.27685546875,5730.078193235088,5558.73713710467,5730.078193235088,2025044,0.0,0.0
2023-02-03 00:00:00+05:30,5922.34375,5937.853067714179,5659.226751752876,5681.8262356071,1486892,0.0,0.0
2023-02-06 00:00:00+05:30,6010.919921875,6030.4171592914145,5864.590630761572,5908.312043721176,1073820,0.0,0.0
2023-02-07 00:00:00+05:30,6066.40869140625,6087.531100184944,6006.784165501158,6029.3836523533355,1472193,0.0,0.0
2023-02-08 00:00:00+05:30,6254.58837890625,6279.551093892543,6068.624157905933,6070.790731354481,1903208,0.0,0.0
2023-02-09 00:00:00+05:30,6356.359375,6388.657956878165,6238.4393075861735,6277.483308899966,1838154,0.0,0.0
2023-02-10 00:00:00+05:30,6337.15673828125,6427.849420195424,6321.893599528495,6355.324989318033,1291282,0.0,0.0
2023-02-13 00:00:00+05:30,6248.53271484375,6374.231964838476,6200.822899943313,6336.6159977622465,736557,0.0,0.0
2023-02-14 00:00:00+05:30,6360.001953125,6373.443265299426,6213.57411098674,6256.704591568757,1034090,0.0,0.0
2023-02-15 00:00:00+05:30,6390.77490234375,6396.732257762114,6299.540336086792,6351.435200518109,618979,0.0,0.0
2023-02-16 00:00:00+05:30,6338.9287109375,6425.0425429264715,6321.893271862975,6405.594351007579,529048,0.0,0.0
2023-02-17 00:00:00+05:30,6318.64453125,6376.8410204438,6270.196179981405,6312.046723781831,616044,0.0,0.0
2023-02-20 00:00:00+05:30,6270.09765625,6345.083887919454,6246.070616509342,6326.817548647725,465732,0.0,0.0
2023-02-21 00:00:00+05:30,6281.7666015625,6310.323443110537,6254.933017694087,6297.275920679106,448509,0.0,0.0
2023-02-22 00:00:00+05:30,6103.92626953125,6262.810722628534,6090.484955889541,6234.253881283215,934700,0.0,0.0
2023-02-23 00:00:00+05:30,6107.56982421875,6166.751511337093,6029.087555367318,6119.041700344651,809768,0.0,0.0
2023-02-24 00:00:00+05:30,6140.9521484375,6189.941905003508,6105.256094658248,6158.1847261240355,607761,0.0,0.0
2023-02-27 00:00:00+05:30,6099.83935546875,6145.628770276934,6041.2485988862345,6120.026086728272,595004,0.0,0.0
2023-02-28 00:00:00+05:30,6018.69873046875,6151.143383912575,5996.9363529582915,6124.949772643772,977852,0.0,0.0
2023-03-01 00:00:00+05:30,6060.7958984375,6109.145682066057,6006.8825503990465,6006.8825503990465,544804,0.0,0.0
2023-03-02 00:00:00+05:30,5990.04345703125,6114.7089323929695,5977.291158379448,6070.987521160518,582298,0.0,0.0
2023-03-03 00:00:00+05:30,6006.83251953125,6047.156938636035,5980.196073658466,6028.250149138046,712037,0.0,0.0
2023-03-06 00:00:00+05:30,6041.10107421875,6088.51517923225,6026.52695026641,6046.172278907652,608477,0.0,0.0
2023-03-08 00:00:00+05:30,5905.2099609375,6035.340430592265,5893.540949109921,6035.340430592265,1342795,0.0,0.0
2023-03-09 00:00:00+05:30,5811.1201171875,5947.700789567181,5800.0915565330815,5908.312042616406,940858,0.0,0.0
2023-03-10 00:00:00+05:30,5784.384765625,5797.432287295149,5692.658322651241,5775.3746864469,770861,0.0,0.0
2023-03-13 00:00:00+05:30,5744.4052734375,5856.6141556409875,5722.200060265621,5779.313741817059,793356,0.0,0.0
2023-03-14 00:00:00+05:30,5643.96435546875,5760.604479523035,5628.799783430181,5750.757292378551,1372565,0.0,0.0
2023-03-15 00:00:00+05:30,5631.35986328125,5731.062628073771,5613.8811069842895,5711.368254781421,679473,0.0,0.0
2023-03-16 00:00:00+05:30,5627.76611328125,5667.05629446731,5578.431608715433,5642.143102911604,884963,0.0,0.0
2023-03-17 00:00:00+05:30,5644.751953125,5727.862109602224,5601.178153606386,5652.333998108768,1047151,0.0,0.0
2023-03-20 00:00:00+05:30,5465.97607421875,5652.728350304637,5401.871274945635,5651.300315938423,1712756,0.0,0.0
2023-03-21 00:00:00+05:30,5622.84228515625,5627.667310570932,5500.786211263155,5516.19696259011,1130114,0.0,0.0
2023-03-22 00:00:00+05:30,5745.0458984375,5767.497291948189,5647.361613338376,5661.935257432027,1242534,0.0,0.0
2023-03-23 00:00:00+05:30,5743.91357421875,5809.8406875691335,5684.289045592004,5720.723639734387,1054419,0.0,0.0
2023-03-24 00:00:00+05:30,5562.92138671875,5740.663088768179,5541.208534558009,5715.208017546207,1278042,0.0,0.0
2023-03-27 00:00:00+05:30,5507.580078125,5637.51388747509,5499.209970169796,5610.926485735034,1118743,0.0,0.0
2023-03-28 00:00:00+05:30,5449.87646484375,5538.451621195215,5438.306020408971,5535.152717469025,948136,0.0,0.0
2023-03-29 00:00:00+05:30,5539.23974609375,5559.7217024394095,5470.1123019927245,5477.1529444353155,1109612,0.0,0.0
2023-03-31 00:00:00+05:30,5530.91845703125,5606.98797246378,5500.83549471233,5606.98797246378,1267828,0.0,0.0
2023-04-03 00:00:00+05:30,5627.7158203125,5646.376430036443,5546.13226928133,5568.583660944556,745386,0.0,0.0
2023-04-05 00:00:00+05:30,5673.25927734375,5856.170763725557,5655.386730289215,5742.879077139677,2433329,0.0,0.0
2023-04-06 00:00:00+05:30,5841.5478515625,5867.938117625716,5618.3609969689105,5672.9638354827575,1740502,0.0,0.0
2023-04-10 00:00:00+05:30,5739.7275390625,5878.671428614289,5722.199740445602,5854.102988225644,928257,0.0,0.0
2023-04-11 00:00:00+05:30,5748.54150390625,5790.145868351462,5722.347890718821,5768.482057279399,811620,0.0,0.0
2023-04-12 00:00:00+05:30,5767.4482421875,5786.945479645993,5697.582259791844,5747.802912271862,1023069,0.0,0.0
2023-04-13 00:00:00+05:30,5814.22265625,5846.275058355249,5760.998320780908,5767.448516908265,833006,0.0,0.0
2023-04-17 00:00:00+05:30,5870.3515625,5906.342839123437,5809.840405273138,5906.342839123437,672857,0.0,0.0
2023-04-18 00:00:00+05:30,5825.2509765625,5902.403781481704,5780.544844551714,5883.694126518716,640889,0.0,0.0
2023-04-19 00:00:00+05:30,5856.8603515625,5868.923155027111,5790.145663013324,5825.250786728037,554928,0.0,0.0
2023-04-20 00:00:00+05:30,5822.345703125,5874.781967175256,5796.20113650113,5868.9226993338125,436731,0.0,0.0
2023-04-21 00:00:00+05:30,5847.1611328125,5854.1527318184735,5738.940642731382,5822.641733093798,643101,0.0,0.0
2023-04-24 00:00:00+05:30,5843.07421875,5873.551452926658,5787.191436038551,5849.228710238045,544892,0.0,0.0
2023-04-25 00:00:00+05:30,5982.41259765625,5999.596132205291,5838.102256888947,5868.825193457307,1494475,0.0,0.0
2023-04-26 00:00:00+05:30,5963.4072265625,6026.281129035276,5921.408590598534,6006.783891681945,974007,0.0,0.0
2023-04-27 00:00:00+05:30,6105.3046875,6158.873766837643,5973.303344494933,5982.165812365103,2827136,0.0,0.0
2023-04-28 00:00:00+05:30,6184.13232421875,6199.789256195455,6017.6162872634095,6148.485313105247,1489668,0.0,0.0
2023-05-02 00:00:00+05:30,6153.654296875,6237.84773927994,6129.676302201595,6233.2688938393885,991254,0.0,0.0
2023-05-03 00:00:00+05:30,6085.8076171875,6159.415338458447,6061.879145610565,6142.72416451797,668251,0.0,0.0
2023-05-04 00:00:00+05:30,6292.59814453125,6301.214432433077,6087.678104096449,6102.301271728048,1245141,0.0,0.0
2023-05-05 00:00:00+05:30,6292.20458984375,6349.4658834319225,6234.893771831064,6282.455971329335,1160040,0.0,0.0
2023-05-08 00:00:00+05:30,6556.20751953125,6592.789720051077,6290.382536092234,6296.734163510539,2224735,0.0,0.0
2023-05-09 00:00:00+05:30,6452.1220703125,6636.85536505563,6442.028705251536,6548.378307845111,2130770,0.0,0.0
2023-05-10 00:00:00+05:30,6530.162109375,6563.150186079224,6425.2895670167945,6490.231958110147,835321,0.0,0.0
2023-05-11 00:00:00+05:30,6561.6240234375,6577.920925618459,6523.761397039265,6557.241832888221,567494,0.0,0.0
2023-05-12 00:00:00+05:30,6611.794921875,6630.750756215708,6503.771572591438,6548.379135880928,912078,0.0,0.0
2023-05-15 00:00:00+05:30,6609.7265625,6646.850646587312,6583.631519220806,6611.7945677539765,739076,0.0,0.0
2023-05-16 00:00:00+05:30,6680.92236328125,6744.338149262522,6597.615067901723,6617.309441238743,1265133,0.0,0.0
2023-05-17 00:00:00+05:30,6602.58740234375,6706.377129730446,6560.195458005866,6681.315848479407,740785,0.0,0.0
2023-05-18 00:00:00+05:30,6685.6484375,6726.268080180301,6642.074638988404,6656.5006704673,1106718,0.0,0.0
2023-05-19 00:00:00+05:30,6680.5283203125,6715.781054929876,6609.431442916323,6696.086682334773,592834,0.0,0.0
2023-05-22 00:00:00+05:30,6689.24267578125,6713.811597848962,6658.568786718866,6680.52830058936,419792,0.0,0.0
2023-05-23 00:00:00+05:30,6676.93408203125,6768.907191794115,6653.842717377846,6705.983283216049,790196,0.0,0.0
2023-05-24 00:00:00+05:30,6682.25146484375,6743.894465367641,6626.9100864600905,6665.560292023976,553936,0.0,0.0
2023-05-25 00:00:00+05:30,6736.60791015625,6743.353329086572,6643.010594608867,6674.423023444624,530260,0.0,0.0
2023-05-26 00:00:00+05:30,6798.98974609375,6814.252884780759,6736.657249461112,6741.974633872012,694073,0.0,0.0
2023-05-29 00:00:00+05:30,6826.11865234375,6865.359786290178,6796.330913500073,6834.144493911071,640728,0.0,0.0
2023-05-30 00:00:00+05:30,6898.7421875,6911.4944871987345,6824.149744770838,6841.825638049056,881923,0.0,0.0
2023-05-31 00:00:00+05:30,6883.03564453125,6918.633127009706,6821.441205442472,6897.8554676547865,2147627,0.0,0.0
2023-06-01 00:00:00+05:30,6932.9111328125,6949.454212557837,6844.877388301267,6916.6632763120515,590026,0.0,0.0
2023-06-02 00:00:00+05:30,6916.56494140625,6991.502123713073,6897.953855860575,6967.622697445461,664209,0.0,0.0
2023-06-05 00:00:00+05:30,6935.57080078125,6983.231088739469,6905.881147917191,6961.961069083004,577162,0.0,0.0
2023-06-06 00:00:00+05:30,7005.23974609375,7023.013726194063,6917.64882592727,6917.64882592727,690586,0.0,0.0
2023-06-07 00:00:00+05:30,6971.7587890625,7031.87566851208,6954.082897497872,7011.196577482987,534483,0.0,0.0
2023-06-08 00:00:00+05:30,6902.9765625,7002.334581834177,6888.254825804473,6971.80830254338,455360,0.0,0.0
2023-06-09 00:00:00+05:30,6929.6123046875,6974.2693887483165,6904.895772002914,6905.585267341299,447361,0.0,0.0
2023-06-12 00:00:00+05:30,6989.23779296875,7001.349640102669,6933.994980235232,6942.414132411291,513255,0.0,0.0
2023-06-13 00:00:00+05:30,7057.232421875,7089.974317159103,6991.502451643004,6991.502451643004,800134,0.0,0.0
2023-06-14 00:00:00+05:30,6988.40087890625,7072.249578567296,6973.826753911692,7072.249578567296,401520,0.0,0.0
2023-06-15 00:00:00+05:30,7017.6962890625,7032.56563739616,6948.175053614947,6986.579082397682,437018,0.0,0.0
2023-06-16 00:00:00+05:30,7093.12548828125,7108.2900591483185,7022.02861026261,7060.432637159292,1414858,0.0,0.0
2023-06-19 00:00:00+05:30,7273.3291015625,7285.785696349507,7092.1899131536065,7101.741876408275,1184590,0.0,0.0
2023-06-20 00:00:00+05:30,7138.0283203125,7263.432335895472,7090.958961417508,7263.432335895472,863826,0.0,0.0
2023-06-21 00:00:00+05:30,7096.0302734375,7174.5615865486225,7067.325820671159,7163.828249321818,546804,0.0,0.0
2023-06-22 00:00:00+05:30,6922.572265625,7094.060926226159,6912.725078902916,7090.073007931581,827194,0.0,0.0
2023-06-23 00:00:00+05:30,6882.83837890625,6947.1898366327505,6849.801261663725,6913.660360082172,815226,0.0,0.0
2023-06-26 00:00:00+05:30,6891.75048828125,6927.495582327019,6838.870905367612,6883.183243847316,563539,0.0,0.0
2023-06-27 00:00:00+05:30,6911.986328125,6922.572053526908,6847.733436732023,6922.572053526908,709789,0.0,0.0
2023-06-28 00:00:00+05:30,6981.8525390625,7016.120556611135,6932.419469269107,6946.550278413723,709782,0.0,0.0
2023-06-30 00:00:00+05:30,7081.13818359375,7115.156346691275,7012.50841908772,7021.2105714396175,887908,30.0,0.0
2023-07-03 00:00:00+05:30,7251.625,7273.380863902905,7080.544797490795,7081.138235806151,1209227,0.0,0.0
2023-07-04 00:00:00+05:30,7773.22216796875,7832.111143840784,7528.171734129412,7565.107354846212,4162208,0.0,0.0
2023-07-05 00:00:00+05:30,7751.7626953125,7911.12430288278,7693.664649278425,7792.505688399794,1978666,0.0,0.0
2023-07-06 00:00:00+05:30,7680.0673828125,7737.1765270400765,7649.164166239135,7689.709186383389,1045984,0.0,0.0
2023-07-07 00:00:00+05:30,7537.76416015625,7662.909629732821,7521.200036485069,7634.330432329422,1094915,0.0,0.0
2023-07-10 00:00:00+05:30,7449.6533203125,7545.280430933365,7349.8233720569715,7537.764671767059,1451518,0.0,0.0
2023-07-11 00:00:00+05:30,7361.39306640625,7594.774146963999,7299.092184731936,7483.028121103721,1675043,0.0,0.0
2023-07-12 00:00:00+05:30,7349.47705078125,7424.682922669319,7316.051843271088,7387.005625863193,1131755,0.0,0.0
2023-07-13 00:00:00+05:30,7391.654296875,7439.418117573385,7333.704485784246,7387.05599459927,747052,0.0,0.0
2023-07-14 00:00:00+05:30,7399.31787109375,7435.46207972867,7317.782632072784,7391.060435126858,726600,0.0,0.0
2023-07-17 00:00:00+05:30,7427.6005859375,7458.305828482452,7359.415536404986,7436.549964225409,506744,0.0,0.0
2023-07-18 00:00:00+05:30,7337.65966796875,7471.1615621972915,7291.280217583385,7436.549959989892,1309709,0.0,0.0
2023-07-19 00:00:00+05:30,7500.5322265625,7514.673345279154,7347.548750549297,7359.366333676778,975943,0.0,0.0
2023-07-20 00:00:00+05:30,7512.2998046875,7552.399623806319,7418.749494547346,7467.205736247269,649436,0.0,0.0
2023-07-21 00:00:00+05:30,7497.61474609375,7572.722116337256,7449.504715400504,7512.30005109173,673394,0.0,0.0
2023-07-24 00:00:00+05:30,7497.46630859375,7559.964682034242,7476.452122009725,7497.515560593557,584342,0.0,0.0
2023-07-25 00:00:00+05:30,7522.04052734375,7564.513616449848,7457.365892507052,7564.513616449848,850869,0.0,0.0
2023-07-26 00:00:00+05:30,7350.66357421875,7648.175111480316,7249.6472384616245,7550.2737233193975,2228866,0.0,0.0
2023-07-27 00:00:00+05:30,7203.26806640625,7493.807559637928,7187.050154617404,7493.807559637928,2147172,0.0,0.0
2023-07-28 00:00:00+05:30,7299.685546875,7312.541284229223,7129.989717226711,7237.7801304275035,1007050,0.0,0.0
2023-07-31 00:00:00+05:30,7219.28759765625,7288.115335591451,7200.2512169632755,7263.491750124775,749315,0.0,0.0
2023-08-01 00:00:00+05:30,7189.02783203125,7248.658485637021,7163.612833554513,7219.287875435516,752765,0.0,0.0
2023-08-02 00:00:00+05:30,7123.5126953125,7209.102047046955,7065.711128415705,7209.102047046955,898536,0.0,0.0
2023-08-03 00:00:00+05:30,7029.46875,7144.131763350533,6940.1705192123845,7095.3790385028715,1081898,0.0,0.0
2023-08-04 00:00:00+05:30,7069.3701171875,7125.045155444424,6992.828649005382,7059.7775662342465,731349,0.0,0.0
2023-08-07 00:00:00+05:30,7043.11474609375,7103.042358860928,6993.1258972646165,7082.52262353026,718409,0.0,0.0
2023-08-08 00:00:00+05:30,7093.994140625,7125.045595990561,7006.525483501359,7055.822391032985,807362,0.0,0.0
2023-08-09 00:00:00+05:30,7046.27978515625,7133.945935770563,7011.3219690342785,7120.101294364853,511572,0.0,0.0
2023-08-10 00:00:00+05:30,7064.57421875,7094.38954520336,7013.299505796241,7021.259981153911,616130,0.0,0.0
2023-08-11 00:00:00+05:30,6982.248046875,7079.555997537778,6953.025675899178,7064.574214886597,630396,0.0,0.0
2023-08-14 00:00:00+05:30,6940.17041015625,6980.567193720901,6863.530428714702,6961.8770238515835,693785,0.0,0.0
2023-08-16 00:00:00+05:30,6904.025390625,6916.3866765066605,6843.2078640872305,6916.3866765066605,598795,0.0,0.0
2023-08-17 00:00:00+05:30,6846.421875,6942.09822879428,6826.396591647709,6942.09822879428,710118,0.0,0.0
2023-08-18 00:00:00+05:30,6785.95068359375,6839.054479582088,6769.040347438849,6817.002138067159,745533,0.0,0.0
2023-08-21 00:00:00+05:30,6969.9853515625,6984.620920788593,6725.5283707041235,6725.5283707041235,1230831,0.0,0.0
2023-08-22 00:00:00+05:30,6991.494140625,7074.116783470534,6971.765334936362,6972.803489819875,1248780,0.0,0.0
2023-08-23 00:00:00+05:30,7037.47802734375,7069.666622639969,6925.286803517653,7021.21038197563,803248,0.0,0.0
2023-08-24 00:00:00+05:30,7058.24560546875,7106.207398896052,7041.977958676649,7070.656144437304,910360,0.0,0.0
2023-08-25 00:00:00+05:30,7131.4736328125,7197.334665937132,7022.199856701319,7036.044498018573,1303276,0.0,0.0
2023-08-28 00:00:00+05:30,7155.30615234375,7180.4241902474805,7058.888116460384,7144.774432689042,703626,0.0,0.0
2023-08-29 00:00:00+05:30,7212.4150390625,7229.819826619003,7155.701361357577,7169.546001912996,1418305,0.0,0.0
2023-08-30 00:00:00+05:30,7187.44482421875,7249.547729393195,7177.456808967429,7244.702202052272,460268,0.0,0.0
2023-08-31 00:00:00+05:30,7083.51123046875,7204.157380143074,7055.821950215626,7199.212865812159,1412980,0.0,0.0
2023-09-01 00:00:00+05:30,7239.36279296875,7248.064945495901,7075.600373291098,7088.99981467543,676076,0.0,0.0
2023-09-04 00:00:00+05:30,7189.57080078125,7288.21385808711,7177.85220567162,7288.21385808711,581363,0.0,0.0
2023-09-05 00:00:00+05:30,7263.5908203125,7276.792770659938,7199.213144657914,7202.179853371372,1221353,0.0,0.0
2023-09-06 00:00:00+05:30,7305.81689453125,7314.914994659031,7209.794806036898,7234.121431896023,605157,0.0,0.0
2023-09-07 00:00:00+05:30,7281.48974609375,7305.816370207,7222.65002580903,7298.103121029051,549622,0.0,0.0
2023-09-08 00:00:00+05:30,7328.41357421875,7367.2777500006705,7288.214765740106,7307.992824805886,624642,0.0,0.0
2023-09-11 00:00:00+05:30,7309.6240234375,7361.3931868195605,7280.303149028157,7342.604031721552,406849,0.0,0.0
2023-09-12 00:00:00+05:30,7348.833984375,7376.226788061634,7224.430191739411,7338.6484775714425,963517,0.0,0.0
2023-09-13 00:00:00+05:30,7392.939453125,7424.930560068574,7298.7464473185155,7346.856479171006,579846,0.0,0.0
2023-09-14 00:00:00+05:30,7411.13525390625,7428.34255168636,7344.631529900779,7392.939536029724,650372,0.0,0.0
2023-09-15 00:00:00+05:30,7409.05859375,7481.198771495061,7372.814915718766,7415.782940409512,787494,0.0,0.0
2023-09-18 00:00:00+05:30,7464.88232421875,7476.106469525315,7382.160687170169,7405.795371632224,706618,0.0,0.0
2023-09-20 00:00:00+05:30,7455.3388671875,7562.140379013505,7399.960305499942,7405.5475102405135,844190,0.0,0.0
2023-09-21 00:00:00+05:30,7401.1474609375,7499.493567064687,7342.604214660025,7446.439021736025,675725,0.0,0.0
2023-09-22 00:00:00+05:30,7388.4404296875,7492.917933708356,7370.887401665417,7410.789733769865,526304,0.0,0.0
2023-09-25 00:00:00+05:30,7733.0732421875,7762.789584273331,7426.661550230274,7490.94024540537,2347533,0.0,0.0
2023-09-26 00:00:00+05:30,7783.30859375,7812.283738737094,7688.720126960013,7733.121771056339,1246820,0.0,0.0
2023-09-27 00:00:00+05:30,7750.576171875,7767.832721607256,7656.828364764428,7767.832721607256,744110,0.0,0.0
2023-09-28 00:00:00+05:30,7653.11962890625,7742.120890904126,7632.401919773866,7718.139995310254,777505,0.0,0.0
2023-09-29 00:00:00+05:30,7724.07373046875,7760.910365421854,7639.275302355228,7653.119943679884,573005,0.0,0.0
2023-10-03 00:00:00+05:30,7879.1826171875,7886.994853301441,7668.941770089986,7694.455271034942,944555,0.0,0.0
2023-10-04 00:00:00+05:30,7766.89306640625,7953.746473038952,7733.221113908318,7935.946219835582,1176384,0.0,0.0
2023-10-05 00:00:00+05:30,7763.7783203125,7827.018859119869,7740.044648758253,7827.018859119869,795061,0.0,0.0
2023-10-06 00:00:00+05:30,8077.90283203125,8101.092798874303,7757.943482320424,7762.887996968174,2145034,0.0,0.0
2023-10-09 00:00:00+05:30,7938.6162109375,8044.725301735385,7929.023659411717,8012.140757183745,747800,0.0,0.0
2023-10-10 00:00:00+05:30,7993.8955078125,8044.725019847223,7931.990090251331,7965.61278855186,965024,0.0,0.0
2023-10-11 00:00:00+05:30,8012.0419921875,8082.303349634787,8005.614123378908,8049.471580421188,712372,0.0,0.0
2023-10-12 00:00:00+05:30,7925.36474609375,8036.814302084299,7914.190335865713,8034.836496177548,764092,0.0,0.0
2023-10-13 00:00:00+05:30,7962.30029296875,7993.203509970627,7867.761074944054,7910.778353010667,662282,0.0,0.0
2023-10-16 00:00:00+05:30,7946.82373046875,7979.457526275802,7894.065664008133,7955.031431420577,438246,0.0,0.0
2023-10-17 00:00:00+05:30,8003.19091796875,8068.458507315832,7968.134118121324,7990.3351806731125,838283,0.0,0.0
2023-10-18 00:00:00+05:30,7779.25390625,7994.8844730742685,7762.88775641819,7960.668336199546,1544642,0.0,0.0
2023-10-19 00:00:00+05:30,7754.53125,7835.077583390859,7645.208228852042,7756.26183005439,1061453,0.0,0.0
2023-10-20 00:00:00+05:30,7682.98486328125,7745.433986952622,7636.802903146577,7723.331909818681,771153,0.0,0.0
2023-10-23 00:00:00+05:30,7712.35546875,7797.401126293723,7675.2223544443395,7713.4433586167215,882230,0.0,0.0
2023-10-25 00:00:00+05:30,7609.064453125,7769.761181578201,7590.819000657053,7712.355075942337,708774,0.0,0.0
2023-10-26 00:00:00+05:30,7339.43994140625,7571.041212391231,7319.0689263151735,7540.484206891832,1324630,0.0,0.0
2023-10-27 00:00:00+05:30,7423.89208984375,7465.228038173769,7334.297389978242,7426.611572835534,911944,0.0,0.0
2023-10-30 00:00:00+05:30,7419.7880859375,7443.324265865432,7270.9089399584,7422.507569050032,799276,0.0,0.0
2023-10-31 00:00:00+05:30,7409.50341796875,7495.587707464963,7377.710285444453,7485.797182199367,749410,0.0,0.0
2023-11-01 00:00:00+05:30,7388.9833984375,7465.22790773844,7374.891532271747,7436.54972396252,462778,0.0,0.0
2023-11-02 00:00:00+05:30,7366.4365234375,7530.495414288521,7328.957200942215,7446.438669677289,855030,0.0,0.0
2023-11-03 00:00:00+05:30,7329.25390625,7454.300872173257,7290.637440818689,7444.461095088714,1138755,0.0,0.0
2023-11-06 00:00:00+05:30,7478.13330078125,7487.923826199062,7360.009134055285,7373.260336907969,634043,0.0,0.0
2023-11-07 00:00:00+05:30,7412.42041015625,7555.217887264463,7363.370731488375,7555.217887264463,1563007,0.0,0.0
2023-11-08 00:00:00+05:30,7377.16650390625,7452.372377548913,7324.457688747601,7443.4722513018405,916717,0.0,0.0
2023-11-09 00:00:00+05:30,7304.7294921875,7401.9384574075475,7284.9514335170725,7401.9384574075475,771791,0.0,0.0
2023-11-10 00:00:00+05:30,7362.18408203125,7371.282181813412,7264.925868565427,7288.214338605426,496261,0.0,0.0
2023-11-13 00:00:00+05:30,7279.166015625,7367.326612679345,7237.780332644313,7365.15083315198,732240,0.0,0.0
2023-11-15 00:00:00+05:30,7144.13134765625,7393.236385625914,7040.148299631366,7356.844467556513,1923440,0.0,0.0
2023-11-16 00:00:00+05:30,7280.74853515625,7298.796013542073,6854.333400643096,6867.4856164038265,4557043,0.0,0.0
2023-11-17 00:00:00+05:30,7140.8681640625,7179.435378907873,7029.1713833075255,7061.261477009872,2080034,0.0,0.0
2023-11-20 00:00:00+05:30,6990.15966796875,7158.668638391909,6971.864962925201,7071.6451765631355,1902940,0.0,0.0
2023-11-21 00:00:00+05:30,7024.3251953125,7049.740191749289,6951.987048274619,7006.376705124563,1666225,0.0,0.0
2023-11-22 00:00:00+05:30,7049.24609375,7098.19678736918,6987.093449824613,7007.811158753991,1041404,0.0,0.0
2023-11-23 00:00:00+05:30,6995.15283203125,7080.544693164517,6977.698792593413,7055.822120911848,606158,0.0,0.0
2023-11-24 00:00:00+05:30,6942.8896484375,7037.82433177728,6933.198592658338,7029.122178949575,726499,0.0,0.0
2023-11-28 00:00:00+05:30,7048.455078125,7055.822598299868,6951.888800945069,6956.932302598399,728158,0.0,0.0
2023-11-29 00:00:00+05:30,7050.97705078125,7089.049814520473,7035.104868647626,7054.833675730331,682430,0.0,0.0
2023-11-30 00:00:00+05:30,7042.86767578125,7084.105121079171,7007.0199445932485,7052.855691939976,1271934,0.0,0.0
2023-12-01 00:00:00+05:30,7178.79248046875,7199.064990248534,7062.744626693389,7080.544879182956,900477,0.0,0.0
2023-12-04 00:00:00+05:30,7325.44677734375,7337.659825242684,7233.874268396875,7258.547589930095,1101426,0.0,0.0
2023-12-05 00:00:00+05:30,7268.23876953125,7357.4380095121105,7238.818906522783,7347.548979929433,1522242,0.0,0.0
2023-12-06 00:00:00+05:30,7344.68115234375,7376.227059686466,7283.319434947642,7307.992756546854,701800,0.0,0.0
2023-12-07 00:00:00+05:30,7309.1796875,7357.437958382996,7244.703021923901,7307.992810813217,668862,0.0,0.0
2023-12-08 00:00:00+05:30,7226.50732421875,7316.003041568082,7193.280088387217,7308.536534546691,1144388,0.0,0.0
2023-12-11 00:00:00+05:30,7211.82177734375,7271.106700604619,7189.37348789126,7243.713896546978,590055,0.0,0.0
2023-12-12 00:00:00+05:30,7233.3798828125,7272.392297351477,7199.213479020771,7199.213479020771,633312,0.0,0.0
2023-12-13 00:00:00+05:30,7177.45703125,7223.441014710061,7127.022984874448,7218.842712936601,682955,0.0,0.0
2023-12-14 00:00:00+05:30,7391.2587890625,7427.8974510428525,7219.090685004298,7286.73155174029,1729567,0.0,0.0
2023-12-15 00:00:00+05:30,7431.6552734375,7445.351676516625,7362.3828116522955,7445.302424511898,1173938,0.0,0.0
2023-12-18 00:00:00+05:30,7503.39990234375,7525.55123120866,7442.483385818184,7464.239250087117,1082798,0.0,0.0
2023-12-19 00:00:00+05:30,7547.94970703125,7556.800581229752,7451.383434345166,7556.207142910606,791408,0.0,0.0
2023-12-20 00:00:00+05:30,7410.7890625,7609.607796914308,7377.363854843991,7565.1071665229965,874546,0.0,0.0
2023-12-21 00:00:00+05:30,7285.39599609375,7394.027077616979,7224.43022810363,7344.186467393769,913082,0.0,0.0
2023-12-22 00:00:00+05:30,7214.34326171875,7357.437707042487,7162.623832272679,7336.621493771829,1129485,0.0,0.0
2023-12-26 00:00:00+05:30,7082.81884765625,7262.502692660885,7065.958246832134,7243.713538091093,1225844,0.0,0.0
2023-12-27 00:00:00+05:30,7152.53662109375,7242.131319393158,7111.1016866248465,7139.779870400553,1605279,0.0,0.0
2023-12-28 00:00:00+05:30,7178.10009765625,7209.10230083114,7120.101037857917,7194.26875700227,1856064,0.0,0.0
2023-12-29 00:00:00+05:30,7246.43310546875,7261.513874444002,7125.193515364018,7151.399441780029,912802,0.0,0.0
2024-01-01 00:00:00+05:30,7218.0517578125,7255.531565252213,7192.291029560649,7255.531565252213,331489,0.0,0.0
2024-01-02 00:00:00+05:30,7347.59814453125,7362.481423593805,7199.262702555563,7242.725180199546,1112990,0.0,0.0
2024-01-03 00:00:00+05:30,7302.85009765625,7402.779027538223,7286.434695458302,7362.3329946429785,553405,0.0,0.0
2024-01-04 00:00:00+05:30,7620.041015625,7648.126245998908,7476.1063828412025,7476.1063828412025,2911879,0.0,0.0
2024-01-05 00:00:00+05:30,7625.5791015625,7702.565294965596,7587.951536398017,7649.115282154503,1052601,0.0,0.0
2024-01-08 00:00:00+05:30,7650.15283203125,7743.109704602468,7546.614505288212,7591.807560949316,1121209,0.0,0.0
2024-01-09 00:00:00+05:30,7639.72021484375,7723.331763129197,7612.574636692517,7687.731258203121,1247083,0.0,0.0
2024-01-10 00:00:00+05:30,7595.31787109375,7649.4110521256325,7574.9961099230595,7630.374671562184,559072,0.0,0.0
2024-01-11 00:00:00+05:30,7584.63818359375,7706.816946422833,7566.145505813138,7594.7744385410215,651741,0.0,0.0
2024-01-12 00:00:00+05:30,7576.0341796875,7633.292042457672,7532.473201175539,7598.729693820774,808638,0.0,0.0
2024-01-15 00:00:00+05:30,7395.015625,7612.52500331743,7371.281956238299,7612.52500331743,997220,0.0,0.0
2024-01-16 00:00:00+05:30,7373.90234375,7530.000755276969,7345.471386797579,7392.048807629568,1194723,0.0,0.0
2024-01-17 00:00:00+05:30,7277.1884765625,7395.21413869921,7221.16722173824,7222.254628679037,1380271,0.0,0.0
2024-01-18 00:00:00+05:30,7184.9228515625,7270.166469700022,7153.723160038081,7215.035136250738,1686996,0.0,0.0
2024-01-19 00:00:00+05:30,7237.87939453125,7306.805637729904,7180.671264541079,7278.325427030103,830810,0.0,0.0
2024-01-23 00:00:00+05:30,6992.23583984375,7273.380737617012,6964.447572132244,7271.303944980698,2533297,0.0,0.0
2024-01-24 00:00:00+05:30,6977.0068359375,7025.1666030647675,6919.156012981519,7025.1666030647675,2063675,0.0,0.0
2024-01-25 00:00:00+05:30,7006.87158203125,7046.7241762343765,6957.920887893851,6977.006520947777,1168349,0.0,0.0
2024-01-29 00:00:00+05:30,7111.84375,7144.774507703568,7006.4763346196205,7006.871799224075,1860361,0.0,0.0
2024-01-30 00:00:00+05:30,6741.54931640625,6910.948196900561,6729.484507391904,6910.948196900561,4153147,0.0,0.0
2024-01-31 00:00:00+05:30,6786.74169921875,6844.19705498719,6736.406637562887,6744.317860860084,1810512,0.0,0.0
2024-02-01 00:00:00+05:30,6668.46923828125,6803.603216107431,6658.283730783696,6789.708839590785,1911137,0.0,0.0
2024-02-02 00:00:00+05:30,6772.3037109375,6833.319214580375,6678.061455291067,6680.0392611418865,1367508,0.0,0.0
2024-02-05 00:00:00+05:30,6534.86865234375,6818.485824608009,6526.759455027246,6817.496921660278,1771222,0.0,0.0
2024-02-06 00:00:00+05:30,6524.93017578125,6624.661139031115,6462.481048450268,6574.227086472437,2439533,0.0,0.0
2024-02-07 00:00:00+05:30,6634.74755859375,6662.832304502978,6551.728966633679,6567.304187376214,1538237,0.0,0.0
2024-02-08 00:00:00+05:30,6502.6796875,6662.733729013686,6464.162206717468,6657.14652383204,2193209,0.0,0.0
2024-02-09 00:00:00+05:30,6580.65478515625,6603.597527105271,6499.0702904871705,6506.981514212657,1209874,0.0,0.0
2024-02-12 00:00:00+05:30,6496.251953125,6597.812482920052,6478.797911996765,6595.439212326496,544784,0.0,0.0
2024-02-13 00:00:00+05:30,6530.36865234375,6565.326467037975,6480.379803026316,6526.759253268659,948014,0.0,0.0
2024-02-14 00:00:00+05:30,6572.7431640625,6582.137741668547,6477.314033643177,6491.010435462437,636126,0.0,0.0
2024-02-15 00:00:00+05:30,6545.9443359375,6603.300709186674,6512.568860124403,6572.249251965713,880859,0.0,0.0
2024-02-16 00:00:00+05:30,6545.74658203125,6586.09362913671,6528.737258192276,6576.2538516657905,1029431,0.0,0.0
2024-02-19 00:00:00+05:30,6638.30712890625,6731.362987456666,6551.778126004407,6575.116330788194,1315881,0.0,0.0
2024-02-20 00:00:00+05:30,6688.5439453125,6716.628691915804,6607.107692559255,6637.417470752195,1106709,0.0,0.0
2024-02-21 00:00:00+05:30,6614.57373046875,6714.6509002120065,6591.0872858619705,6714.6509002120065,854944,0.0,0.0
2024-02-22 00:00:00+05:30,6600.8779296875,6632.423837174259,6488.192245553097,6616.798880869227,1022374,0.0,0.0
2024-02-23 00:00:00+05:30,6623.52392578125,6644.439127250269,6558.998006291285,6599.938493119258,1280311,0.0,0.0
2024-02-26 00:00:00+05:30,6569.529296875,6633.56076068754,6550.690889469848,6615.760508199112,892056,0.0,0.0
2024-02-27 00:00:00+05:30,6483.4951171875,6568.293547128217,6419.068185064572,6557.415614424452,1150306,0.0,0.0
2024-02-28 00:00:00+05:30,6426.58349609375,6523.5452326967725,6403.146304121212,6499.069885820016,535321,0.0,0.0
2024-02-29 00:00:00+05:30,6423.2705078125,6466.436022554295,6295.553795650855,6426.879906802319,1699098,0.0,0.0
2024-03-01 00:00:00+05:30,6498.5263671875,6535.363001413291,6429.94585226438,6439.488668987905,919080,0.0,0.0
2024-03-04 00:00:00+05:30,6529.1826171875,6566.266478617968,6484.6819834709395,6514.892776104515,397118,0.0,0.0
2024-03-05 00:00:00+05:30,6254.0693359375,6562.607049154482,6202.399158002925,6529.182323367746,1717558,0.0,0.0
2024-03-06 00:00:00+05:30,6241.2138671875,6275.479258513229,6119.13360243941,6262.2280552925085,2104792,0.0,0.0
2024-03-07 00:00:00+05:30,6349.794921875,6396.817545590863,6255.206453843371,6279.533562326667,1469421,0.0,0.0
2024-03-11 00:00:00+05:30,6362.35400390625,6479.291771298815,6332.9341427652025,6477.31396550782,1203971,0.0,0.0
2024-03-12 00:00:00+05:30,6364.62841796875,6413.035408841342,6270.979601561918,6333.923175578843,1094677,0.0,0.0
2024-03-13 00:00:00+05:30,6384.505859375,6442.653644149277,6320.622630478348,6367.793495633668,1132183,0.0,0.0
2024-03-14 00:00:00+05:30,6326.45703125,6398.201743278763,6227.91247127855,6384.505341583431,1219865,0.0,0.0
2024-03-15 00:00:00+05:30,6442.06005859375,6505.003635078776,6289.422790985256,6304.305587306238,1970500,0.0,0.0
2024-03-18 00:00:00+05:30,6432.46728515625,6482.258643775191,6384.456241511834,6442.05983663005,676425,0.0,0.0
2024-03-19 00:00:00+05:30,6523.05078125,6593.213635441858,6432.813391249763,6437.461428044189,1408087,0.0,0.0
2024-03-20 00:00:00+05:30,6575.7099609375,6656.305548848833,6532.69268395415,6536.64829563078,1490831,0.0,0.0
2024-03-21 00:00:00+05:30,6641.224609375,6696.504184568682,6583.2748032228255,6633.066160500735,1806092,0.0,0.0
2024-03-22 00:00:00+05:30,6685.87353515625,6727.506443912944,6612.10128207688,6630.5939594937945,1125238,0.0,0.0
2024-03-26 00:00:00+05:30,6833.41796875,6867.930583099001,6670.150004752018,6679.544582223499,1850321,0.0,0.0
2024-03-27 00:00:00+05:30,6944.818359375,6970.777062437703,6828.37503420802,6868.672830391072,1551275,0.0,0.0
2024-03-28 00:00:00+05:30,7164.84912109375,7267.744280220793,6954.064553208745,6954.064553208745,3574518,0.0,0.0
2024-04-01 00:00:00+05:30,7170.48583984375,7261.959360185171,7139.928353244898,7180.6713468015305,1125238,0.0,0.0
2024-04-02 00:00:00+05:30,7127.41845703125,7174.490330271046,7055.82198573176,7170.485466787938,967615,0.0,0.0
2024-04-03 00:00:00+05:30,7228.138671875,7242.082299627007,7106.404625785356,7117.134319045645,958943,0.0,0.0
2024-04-04 00:00:00+05:30,7202.57568359375,7268.436716948449,7174.490936253197,7263.492202175015,1040589,0.0,0.0
2024-04-05 00:00:00+05:30,7096.02099609375,7178.446149361335,7076.589150686005,7154.465254042144,1200494,0.0,0.0
2024-04-08 00:00:00+05:30,7098.888671875,7146.751958203079,7063.5353934379245,7134.934375482513,518210,0.0,0.0
2024-04-09 00:00:00+05:30,7113.7724609375,7155.05915969921,7045.439169528198,7139.8794026238465,710281,0.0,0.0
2024-04-10 00:00:00+05:30,7150.01513671875,7173.50158040978,7080.544708537914,7155.602341487437,567986,0.0,0.0
2024-04-12 00:00:00+05:30,7149.32275390625,7183.390651891333,7076.885616619488,7143.834535966821,1092588,0.0,0.0
2024-04-15 00:00:00+05:30,6997.724609375,7118.914474647682,6985.066844562152,7065.760940253913,758448,0.0,0.0
2024-04-16 00:00:00+05:30,6877.078125,6956.239610527113,6854.08613213143,6932.16021073776,963293,0.0,0.0
2024-04-18 00:00:00+05:30,6816.7060546875,6917.376182540624,6789.807701118502,6851.218671305892,1385133,0.0,0.0
2024-04-19 00:00:00+05:30,7040.494140625,7070.655678835416,6734.477947505691,6764.1450342700355,1218375,0.0,0.0
2024-04-22 00:00:00+05:30,7211.2783203125,7224.924987943962,7087.763954964769,7087.763954964769,1165272,0.0,0.0
2024-04-23 00:00:00+05:30,7179.33642578125,7258.448661733302,7156.492671077541,7227.891657169375,1081567,0.0,0.0
2024-04-24 00:00:00+05:30,7247.81787109375,7337.1160961081705,7169.546300127668,7202.180097079973,886929,0.0,0.0
2024-04-25 00:00:00+05:30,7213.94775390625,7283.121705723984,7046.0322326465875,7248.658342679078,1173354,0.0,0.0
2024-04-26 00:00:00+05:30,6656.50341796875,6922.320325315777,6617.2437795500755,6922.320325315777,5814723,0.0,0.0
2024-04-29 00:00:00+05:30,6750.8447265625,6763.700464439316,6638.554511005434,6714.601531351566,1681030,0.0,0.0
2024-04-30 00:00:00+05:30,6846.71875,6897.597999355404,6746.24659769028,6754.157821202086,1798675,0.0,0.0
2024-05-02 00:00:00+05:30,6806.32275390625,6892.6045391687785,6788.818977962892,6860.860656843475,1139572,0.0,0.0
2024-05-03 00:00:00+05:30,6854.5810546875,7317.882104117074,6830.303679500713,7247.669992037032,6818601,0.0,0.0
2024-05-06 00:00:00+05:30,6783.7255859375,6942.0490351850085,6769.040281449755,6930.182200506061,1229988,0.0,0.0
2024-05-07 00:00:00+05:30,6796.28466796875,6866.052059701173,6712.673118018907,6813.491965315754,1298126,0.0,0.0
2024-05-08 00:00:00+05:30,6723.99609375,6803.206830659243,6709.706253535837,6795.2463553679445,725925,0.0,0.0
2024-05-09 00:00:00+05:30,6531.85205078125,6756.877200817043,6511.9257534385715,6724.440895197675,1381115,0.0,0.0
2024-05-10 00:00:00+05:30,6609.97509765625,6623.67149913519,6527.94589336773,6565.227242276156,824908,0.0,0.0
2024-05-13 00:00:00+05:30,6644.19189453125,6669.458172516224,6546.537725290697,6609.827515988372,512256,0.0,0.0
2024-05-14 00:00:00+05:30,6601.619140625,6667.034969479868,6583.7199019475975,6635.538316220048,755840,0.0,0.0
2024-05-15 00:00:00+05:30,6605.87158203125,6657.245282464755,6571.309231432255,6617.738417208551,595059,0.0,0.0
2024-05-16 00:00:00+05:30,6672.2763671875,6687.060659268188,6549.553415905533,6625.995902795131,1059851,0.0,0.0
2024-05-17 00:00:00+05:30,6652.74560546875,6704.761997181681,6626.687916178536,6672.128199850265,480158,0.0,0.0
2024-05-21 00:00:00+05:30,6668.0244140625,6709.706577214276,6630.594340489568,6630.594340489568,761624,0.0,0.0
2024-05-22 00:00:00+05:30,6669.70458984375,6702.239880220983,6652.596763514493,6702.239880220983,416046,0.0,0.0
2024-05-23 00:00:00+05:30,6750.89404296875,6777.446183024808,6655.365924030955,6684.5385602605065,709317,0.0,0.0
2024-05-24 00:00:00+05:30,6761.02978515625,6833.318679920134,6717.617046700068,6744.317423597006,742043,0.0,0.0
2024-05-27 00:00:00+05:30,6818.97998046875,6882.319018379995,6734.428782103138,6782.885024441324,655471,0.0,0.0
2024-05-28 00:00:00+05:30,6796.77880859375,6867.930564607603,6780.808123507779,6837.225323047001,752867,0.0,0.0
2024-05-29 00:00:00+05:30,6731.16552734375,6831.341197444327,6710.052353966709,6801.674110599606,721331,0.0,0.0
2024-05-30 00:00:00+05:30,6543.02685546875,6723.501636639025,6520.875043982856,6704.66274647593,1155575,0.0,0.0
2024-05-31 00:00:00+05:30,6623.37548828125,6696.801532395477,6568.688865371443,6590.988916634907,2841733,0.0,0.0
2024-06-03 00:00:00+05:30,6838.8076171875,6911.146254423169,6757.124619635003,6871.73837520979,1148212,0.0,0.0
2024-06-04 00:00:00+05:30,6437.31298828125,6839.20353240598,6304.9487150583,6839.20353240598,3299387,0.0,0.0
2024-06-05 00:00:00+05:30,6760.783203125,6785.851989281974,6463.024430660171,6530.7150301979245,1218517,0.0,0.0
2024-06-06 00:00:00+05:30,6848.94384765625,6935.127125909246,6746.592392485303,6773.9851973041805,1465716,0.0,0.0
2024-06-07 00:00:00+05:30,7111.59619140625,7218.002239613601,6863.975002761749,6917.375759158397,2984052,0.0,0.0
2024-06-10 00:00:00+05:30,7010.1845703125,7169.546179509319,6996.735394010111,7169.546179509319,872318,0.0,0.0
2024-06-11 00:00:00+05:30,7058.8876953125,7089.44469751989,6972.754158489712,7004.399050430099,1205213,0.0,0.0
2024-06-12 00:00:00+05:30,7137.65380859375,7196.24630461525,7036.044037012162,7068.677832264643,1268508,0.0,0.0
2024-06-13 00:00:00+05:30,7213.99755859375,7243.713898232524,7151.894165420944,7171.721958709867,1345495,0.0,0.0
2024-06-14 00:00:00+05:30,7260.080078125,7288.214559495019,7166.579499682552,7215.08499502364,1187488,0.0,0.0
2024-06-18 00:00:00+05:30,7253.30615234375,7347.004700291734,7218.991029237759,7283.269716484397,946904,0.0,0.0
2024-06-19 00:00:00+05:30,7153.6748046875,7267.398645787781,7098.246503720523,7253.306778521007,520400,0.0,0.0
2024-06-20 00:00:00+05:30,7127.12255859375,7184.280956047472,7032.0888883785055,7139.879310096021,900158,0.0,0.0
2024-06-21 00:00:00+05:30,7090.498046875,7220.446201148947,7031.611407175334,7194.9036164809595,1499818,36.0,0.0
2024-06-24 00:00:00+05:30,7038.41943359375,7063.3656005829835,6977.4950752175355,7032.605212667809,635654,0.0,0.0
2024-06-25 00:00:00+05:30,7031.06494140625,7096.2127509080665,6955.083589755553,7057.451924957728,1560811,0.0,0.0
2024-06-26 00:00:00+05:30,7114.30126953125,7135.221982577209,6991.856621155506,7026.641977479663,912552,0.0,0.0
2024-06-27 00:00:00+05:30,7122.798828125,7194.605744137423,7039.611936844334,7106.151550018314,1137606,0.0,0.0
2024-06-28 00:00:00+05:30,7071.91259765625,7181.6854401047,7061.725457362716,7121.059532016354,829584,0.0,0.0
2024-07-01 00:00:00+05:30,7232.1240234375,7259.206907917339,7031.611291554652,7031.611291554652,772745,0.0,0.0
2024-07-02 00:00:00+05:30,7121.65576171875,7231.329117483734,7078.323049530877,7230.384749415492,1281027,0.0,0.0
2024-07-03 00:00:00+05:30,7214.2841796875,7239.9757479333175,7126.028952466234,7145.856800360827,836393,0.0,0.0
2024-07-04 00:00:00+05:30,7063.46435546875,7280.077926242086,7056.4577851629765,7256.2746104436255,1897977,0.0,0.0
2024-07-05 00:00:00+05:30,7094.22509765625,7106.052021986131,7033.599189704859,7090.249628282389,931079,0.0,0.0
2024-07-08 00:00:00+05:30,7054.71875,7103.815698869456,7003.7830495192475,7101.1325482601,677705,0.0,0.0
2024-07-09 00:00:00+05:30,7024.70361328125,7098.597744489451,6998.813564092266,7066.247557815859,973503,0.0,0.0
2024-07-10 00:00:00+05:30,7011.6845703125,7085.628203202075,6977.942580072808,7024.654344958639,809714,0.0,0.0
2024-07-11 00:00:00+05:30,6907.67578125,7044.43202037463,6887.5004689405405,7044.43202037463,971801,0.0,0.0
2024-07-12 00:00:00+05:30,6961.3447265625,7001.795320898728,6872.642067600085,6954.040189936197,1068833,0.0,0.0
2024-07-15 00:00:00+05:30,7020.43017578125,7041.5498560127635,6952.350265387901,6976.997980437501,533373,0.0,0.0
2024-07-16 00:00:00+05:30,7015.80908203125,7046.519485977659,6962.239729117635,7036.580812513656,558200,0.0,0.0
2024-07-18 00:00:00+05:30,7066.396484375,7074.2479389669525,6928.397913076372,7003.882328427123,864605,0.0,0.0
2024-07-19 00:00:00+05:30,6889.7861328125,7066.396547242972,6867.6230859984435,7066.396547242972,938598,0.0,0.0
2024-07-22 00:00:00+05:30,6842.03125,6915.925383944093,6807.3948760697085,6889.488415586303,575193,0.0,0.0
2024-07-23 00:00:00+05:30,6685.84521484375,6902.259832494445,6579.401923525131,6891.476274580552,1932212,0.0,0.0
2024-07-24 00:00:00+05:30,6566.630859375,6613.8895451617645,6500.936127532567,6589.340826399668,3100626,0.0,0.0
2024-07-25 00:00:00+05:30,6606.9814453125,6625.119523816799,6511.27221696343,6519.76958839457,950965,0.0,0.0
2024-07-26 00:00:00+05:30,6748.11083984375,6766.64636886439,6626.213106420335,6634.114060680971,1110184,0.0,0.0
2024-07-29 00:00:00+05:30,6770.671875,6812.960736954929,6724.258075281227,6782.001865820291,748565,0.0,0.0
2024-07-30 00:00:00+05:30,6781.7529296875,6856.690426214225,6741.40182070026,6770.671406473467,1179413,0.0,0.0
2024-07-31 00:00:00+05:30,6765.205078125,6812.96020683134,6751.34043544935,6785.082423732094,889659,0.0,0.0
2024-08-01 00:00:00+05:30,6730.12158203125,6802.027980135184,6708.604451477571,6789.604638558374,839523,0.0,0.0
2024-08-02 00:00:00+05:30,6683.7578125,6708.604495817844,6632.176194989513,6683.7578125,622218,0.0,0.0
2024-08-05 00:00:00+05:30,6556.2451171875,6609.218054244391,6492.538121291483,6609.218054244391,944041,0.0,0.0
2024-08-06 00:00:00+05:30,6498.25244140625,6655.929393517409,6471.567007001435,6585.364814311834,891828,0.0,0.0
2024-08-07 00:00:00+05:30,6596.44677734375,6618.510827271842,6540.740704866609,6559.524701271982,464284,0.0,0.0
2024-08-08 00:00:00+05:30,6541.833984375,6637.095783377252,6531.050426373833,6584.420812868335,690389,0.0,0.0
2024-08-09 00:00:00+05:30,6577.61279296875,6658.910944414203,6550.579408154331,6658.910944414203,699490,0.0,0.0
2024-08-12 00:00:00+05:30,6567.62451171875,6604.248621069021,6523.794863993348,6578.507553448324,674887,0.0,0.0
2024-08-13 00:00:00+05:30,6425.40185546875,6604.1989782509,6412.631048372986,6604.1989782509,1072327,0.0,0.0
2024-08-14 00:00:00+05:30,6418.89208984375,6450.1494111901075,6391.511239277003,6442.744905537216,774276,0.0,0.0
2024-08-16 00:00:00+05:30,6550.48046875,6559.52475903573,6385.5979661825095,6465.107357201125,753419,0.0,0.0
2024-08-19 00:00:00+05:30,6575.77392578125,6615.180666679705,6553.163444986934,6597.291055501784,528730,0.0,0.0
2024-08-20 00:00:00+05:30,6680.97509765625,6732.357746966927,6575.7741446975715,6606.584031640803,957159,0.0,0.0
2024-08-21 00:00:00+05:30,6694.04443359375,6705.92085704254,6653.94178967851,6680.726708398427,633111,0.0,0.0
2024-08-22 00:00:00+05:30,6702.244140625,6723.5128054355355,6682.664759183289,6708.604794780468,728260,0.0,0.0
2024-08-23 00:00:00+05:30,6694.541015625,6720.5305479418985,6663.830613727692,6713.573476981296,618045,0.0,0.0
2024-08-26 00:00:00+05:30,6736.78076171875,6777.181371915885,6714.617228928593,6734.445076419129,898343,0.0,0.0
2024-08-27 00:00:00+05:30,6821.50830078125,6831.198507813465,6688.72752069785,6736.781105961118,2035902,0.0,0.0
2024-08-28 00:00:00+05:30,6857.6845703125,6874.580314906024,6809.9789385190215,6833.831754415761,848986,0.0,0.0
2024-08-29 00:00:00+05:30,7020.2314453125,7114.1024095561015,6839.3475896909285,6846.801594730278,2639159,0.0,0.0
2024-08-30 00:00:00+05:30,7155.994140625,7170.802667574287,7027.685764422788,7027.685764422788,2044367,0.0,0.0
2024-09-02 00:00:00+05:30,7394.42236328125,7404.311537234281,7184.6668594183375,7229.390888837874,2296378,0.0,0.0
2024-09-03 00:00:00+05:30,7308.701171875,7414.250073469936,7161.907262530773,7414.250073469936,1898656,0.0,0.0
2024-09-04 00:00:00+05:30,7254.734375,7331.7590909480095,7200.817073836392,7210.457780785883,886746,0.0,0.0
2024-09-05 00:00:00+05:30,7200.4697265625,7281.718385354329,7148.888106295141,7275.109264295903,673447,0.0,0.0
2024-09-06 00:00:00+05:30,7272.2763671875,7349.649037274175,7211.054041503219,7211.054041503219,1842827,0.0,0.0
2024-09-09 00:00:00+05:30,7302.39111328125,7332.704068528932,7218.259850897171,7279.084728984292,878938,0.0,0.0
2024-09-10 00:00:00+05:30,7197.43798828125,7324.752486198298,7148.887473721976,7324.752486198298,1308932,0.0,0.0
2024-09-11 00:00:00+05:30,7300.501953125,7386.421977698817,7162.105927775893,7205.538124100703,1104890,0.0,0.0
2024-09-12 00:00:00+05:30,7382.74462890625,7394.373070995516,7251.852590313525,7374.495724030474,1446764,0.0,0.0
2024-09-13 00:00:00+05:30,7551.90087890625,7613.023719473827,7306.912582972791,7382.744465854927,2208438,0.0,0.0
2024-09-16 00:00:00+05:30,7300.70068359375,7632.900827008814,7277.0963353331435,7632.900827008814,2679555,0.0,0.0
2024-09-17 00:00:00+05:30,7320.330078125,7409.281207307295,7241.466605641775,7292.501791900372,1567786,0.0,0.0
2024-09-18 00:00:00+05:30,7584.30126953125,7625.447280969444,7333.250278609717,7341.94661796566,2974993,0.0,0.0
2024-09-19 00:00:00+05:30,7543.80078125,7700.483864528595,7513.636811543131,7627.9315514012615,1720644,0.0,0.0
2024-09-20 00:00:00+05:30,7535.94970703125,7608.054589397366,7441.333340883792,7588.177242331664,1645004,0.0,0.0
2024-09-23 00:00:00+05:30,7548.52197265625,7589.1215507761635,7485.510880010645,7578.983909737627,573497,0.0,0.0
2024-09-24 00:00:00+05:30,7507.87255859375,7556.820523163206,7438.00339616823,7550.409884957678,1069540,0.0,0.0
2024-09-25 00:00:00+05:30,7577.14501953125,7593.146380558107,7452.0667193334175,7498.728984464779,1272038,0.0,0.0
2024-09-26 00:00:00+05:30,7720.7587890625,7731.691329578864,7541.017787242932,7593.146322274303,1668165,0.0,0.0
2024-09-27 00:00:00+05:30,7708.43505859375,7762.103894741773,7663.711028470398,7732.287874659538,1178131,0.0,0.0
2024-09-30 00:00:00+05:30,7655.76025390625,7776.018204149357,7629.074818303209,7698.496550273635,961952,0.0,0.0
2024-10-01 00:00:00+05:30,7655.76025390625,7766.725447300485,7604.079151322435,7613.123441331962,788288,0.0,0.0
2024-10-03 00:00:00+05:30,7388.2607421875,7652.778434795174,7335.734756782231,7563.330375167698,1040662,0.0,0.0
2024-10-04 00:00:00+05:30,7167.12548828125,7384.434489630029,7111.1209654512595,7374.495816023528,1768111,0.0,0.0
2024-10-07 00:00:00+05:30,7224.8193359375,7279.084591197947,7146.204330201309,7167.125529435202,936227,0.0,0.0
2024-10-08 00:00:00+05:30,7142.875,7250.659620744426,7116.139580599032,7220.297167933838,903805,0.0,0.0
2024-10-09 00:00:00+05:30,7255.67919921875,7381.253952562076,7161.907716269895,7171.746906126428,1054375,0.0,0.0
2024-10-10 00:00:00+05:30,7274.81103515625,7322.8146340415615,7228.397235801341,7275.109001246502,559427,0.0,0.0
2024-10-11 00:00:00+05:30,7257.2197265625,7285.048013654221,7181.73530371148,7280.078676673556,361587,0.0,0.0
2024-10-14 00:00:00+05:30,7164.5908203125,7268.996877501887,7155.844981671841,7247.976679925585,445181,0.0,0.0
2024-10-15 00:00:00+05:30,6973.86767578125,7211.650438062547,6936.200200464685,7200.469430431765,1485567,0.0,0.0
2024-10-16 00:00:00+05:30,6913.689453125,7016.057793371677,6877.562276766991,6967.010341060203,1125698,0.0,0.0
2024-10-17 00:00:00+05:30,6857.1875,6955.878329691364,6828.862281687079,6938.13818645111,689755,0.0,0.0
2024-10-18 00:00:00+05:30,6857.2373046875,6896.097615266489,6778.8712520939025,6850.727667636829,744929,0.0,0.0
2024-10-21 00:00:00+05:30,6739.31494140625,6908.123405978693,6676.055382341528,6866.678943831131,2209966,0.0,0.0
2024-10-22 00:00:00+05:30,6636.94677734375,6791.095702658438,6602.906820104463,6758.298079624964,1700619,0.0,0.0
2024-10-23 00:00:00+05:30,6952.896484375,7055.31479817754,6560.517878542914,6565.238748096479,2637391,0.0,0.0
2024-10-24 00:00:00+05:30,6997.720703125,7079.168328615674,6947.729368280473,6969.494966734197,895125,0.0,0.0
2024-10-25 00:00:00+05:30,6867.7724609375,7016.654083077449,6851.025698814662,6997.720618641432,1022324,0.0,0.0
2024-10-28 00:00:00+05:30,6868.96484375,7001.795111005766,6832.837670427912,6877.561698816167,714981,0.0,0.0
2024-10-29 00:00:00+05:30,6979.43359375,7016.70362006052,6760.48480663252,6866.7291312443485,1409750,0.0,0.0
2024-10-30 00:00:00+05:30,6912.34716796875,6977.395977776278,6889.48821974973,6956.077329779048,566044,0.0,0.0
2024-10-31 00:00:00+05:30,6847.49755859375,6928.050313007504,6837.558885117073,6906.384198943064,730153,0.0,0.0
2024-11-01 00:00:00+05:30,6881.1396484375,6901.9608769374945,6859.672017971255,6887.500302019819,45011,0.0,0.0
2024-11-04 00:00:00+05:30,6801.73046875,6932.225063281711,6711.487018331177,6932.225063281711,716239,0.0,0.0
2024-11-05 00:00:00+05:30,6887.8486328125,6971.9299070290035,6670.837601562477,6803.021958089267,1223430,0.0,0.0
2024-11-06 00:00:00+05:30,6963.23388671875,6981.024015903518,6850.032003015636,6892.470334590637,696262,0.0,0.0
2024-11-07 00:00:00+05:30,6862.15673828125,6995.782390207805,6827.868316603981,6963.233236296775,459047,0.0,0.0
2024-11-08 00:00:00+05:30,6853.65966796875,6908.918303767379,6799.046463596091,6862.157039599358,424840,0.0,0.0
2024-11-11 00:00:00+05:30,6737.2275390625,6861.858888190665,6710.741072260592,6817.929758894738,762316,0.0,0.0
2024-11-12 00:00:00+05:30,6597.49072265625,6794.9223832281805,6574.432805022775,6777.1817532048835,1057233,0.0,0.0
2024-11-13 00:00:00+05:30,6525.73291015625,6661.147334312325,6486.574634283336,6594.309756150887,867347,0.0,0.0
2024-11-14 00:00:00+05:30,6508.98583984375,6598.732346952557,6489.95337837188,6531.993770460105,527703,0.0,0.0
2024-11-18 00:00:00+05:30,6527.6708984375,6616.174586998506,6514.800122844405,6592.321771903424,596535,0.0,0.0
2024-11-19 00:00:00+05:30,6554.85302734375,6604.049460328178,6520.7635719359205,6553.909144549452,804046,0.0,0.0
2024-11-21 00:00:00+05:30,6425.99853515625,6573.43885819072,6411.438475081392,6573.43885819072,1101080,0.0,0.0
2024-11-22 00:00:00+05:30,6642.9599609375,6681.1738699067055,6416.457200479228,6430.3218443201085,969855,0.0,0.0
2024-11-25 00:00:00+05:30,6644.400390625,6820.911321231938,6626.41129532864,6748.259524104345,1132751,0.0,0.0
2024-11-26 00:00:00+05:30,6577.36474609375,6698.467096727347,6567.923006092118,6680.776451681115,663278,0.0,0.0
2024-11-27 00:00:00+05:30,6664.07958984375,6692.006874319079,6571.69942498498,6609.217917675544,642010,0.0,0.0
2024-11-28 00:00:00+05:30,6469.47998046875,6685.000210689154,6455.168387797964,6672.82533574681,1576882,0.0,0.0
2024-11-29 00:00:00+05:30,6535.57177734375,6568.468881509281,6470.423970976848,6479.020825928129,709643,0.0,0.0
2024-12-02 00:00:00+05:30,6609.86376953125,6624.125863007837,6451.19294475377,6554.555148767695,920249,0.0,0.0
2024-12-03 00:00:00+05:30,6634.51220703125,6681.173989428203,6590.135640210589,6655.084970659572,1313666,0.0,0.0
2024-12-04 00:00:00+05:30,6698.666015625,6722.916282185037,6625.96471519824,6660.650589052648,1130441,0.0,0.0
2024-12-05 00:00:00+05:30,6808.388671875,6847.6464314763125,6644.450546686654,6718.543162148594,1348243,0.0,0.0
2024-12-06 00:00:00+05:30,6808.2890625,6892.469818055123,6737.078566556108,6833.782147316747,833207,0.0,0.0
2024-12-09 00:00:00+05:30,6826.228515625,6882.531000688805,6786.026389527931,6808.090437536542,840910,0.0,0.0
2024-12-10 00:00:00+05:30,6893.66259765625,6916.173595065638,6802.077337236535,6842.577429930563,1204563,0.0,0.0
2024-12-11 00:00:00+05:30,7071.46533203125,7121.05921330522,6850.82679115843,6917.216932765814,1993104,0.0,0.0
2024-12-12 00:00:00+05:30,7082.099609375,7104.561108037631,7031.611343244227,7078.174124602783,966796,0.0,0.0
2024-12-13 00:00:00+05:30,7138.75048828125,7172.9894139503185,6937.7907933782035,7055.464595189762,1250436,0.0,0.0
2024-12-16 00:00:00+05:30,7164.193359375,7203.550603770842,7112.214290716924,7138.750257977611,796074,0.0,0.0
2024-12-17 00:00:00+05:30,7108.93408203125,7212.892702364089,7066.396754193855,7155.844814373524,1031856,0.0,0.0
2024-12-18 00:00:00+05:30,7031.06494140625,7134.7746092772795,7017.1008142187375,7105.1575568966055,727514,0.0,0.0
2024-12-19 00:00:00+05:30,6876.12060546875,6981.3715436943285,6845.609169682538,6907.377927037466,907675,0.0,0.0
2024-12-20 00:00:00+05:30,6806.251953125,6980.924136640748,6762.969224951743,6870.952813464719,2700019,0.0,0.0
2024-12-23 00:00:00+05:30,6824.5888671875,6934.11275382612,6813.904793580741,6854.702852634167,582928,0.0,0.0
2024-12-24 00:00:00+05:30,6766.44775390625,6867.623254040645,6752.33464369785,6839.794968785487,601427,0.0,0.0
2024-12-26 00:00:00+05:30,6773.951171875,6815.942066055643,6758.347260869495,6788.51123102466,329096,0.0,0.0
2024-12-27 00:00:00+05:30,6865.38671875,6933.91406197372,6788.510987412989,6804.8602983202,555418,0.0,0.0
2024-12-30 00:00:00+05:30,6846.00634765625,6952.101680667146,6822.898933206569,6857.684288292109,490876,0.0,0.0
2024-12-31 00:00:00+05:30,6781.15673828125,6834.825573671428,6750.346851297999,6827.819003165755,615398,0.0,0.0
2025-01-01 00:00:00+05:30,6892.76806640625,6905.340876664378,6764.261211642713,6781.156956661509,418721,0.0,0.0
2025-01-02 00:00:00+05:30,7343.884765625,7384.434359108079,6928.249248632896,6937.194054720645,3171651,0.0,0.0
2025-01-03 00:00:00+05:30,7361.82373046875,7454.00492470426,7314.118098950643,7344.431052311107,1505928,0.0,0.0
2025-01-06 00:00:00+05:30,7304.27880859375,7553.292068890036,7271.878637244644,7454.004821722053,1905976,0.0,0.0
2025-01-07 00:00:00+05:30,7308.85107421875,7401.230754260192,7256.673037761409,7309.844941579842,1042538,0.0,0.0
2025-01-08 00:00:00+05:30,7310.2919921875,7343.139600099603,7212.197573458222,7316.702630870243,844466,0.0,0.0
2025-01-09 00:00:00+05:30,7232.8203125,7310.291983104108,7191.624315747395,7293.446222292785,668141,0.0,0.0
2025-01-10 00:00:00+05:30,7243.3544921875,7321.870010085686,7200.618197635323,7232.819886876151,808963,0.0,0.0
2025-01-13 00:00:00+05:30,7107.095703125,7210.606887402771,7090.249457943266,7195.599393819632,664274,0.0,0.0
2025-01-14 00:00:00+05:30,7290.0166015625,7342.691568145025,7147.048694261825,7185.660535691462,998011,0.0,0.0
2025-01-15 00:00:00+05:30,7133.38330078125,7304.924899561646,7061.62637049096,7295.483159895546,681750,0.0,0.0
2025-01-16 00:00:00+05:30,7215.228515625,7244.299135698973,7149.931236421049,7155.844941285856,860849,0.0,0.0
2025-01-17 00:00:00+05:30,7138.0546875,7240.274040015653,7112.412619071498,7176.716029794396,665274,0.0,0.0
2025-01-20 00:00:00+05:30,7394.47216796875,7424.188703069601,7138.054405533414,7138.054405533414,1067971,0.0,0.0
2025-01-21 00:00:00+05:30,7246.9326171875,7439.096962432748,7232.968975320626,7404.311605894986,1003206,0.0,0.0
2025-01-22 00:00:00+05:30,7351.78564453125,7374.744076978683,7215.824787504737,7293.992356180257,727368,0.0,0.0
2025-01-23 00:00:00+05:30,7397.60302734375,7477.857814494257,7280.078215200749,7295.98009253088,1030295,0.0,0.0
2025-01-24 00:00:00+05:30,7392.9814453125,7458.974137425708,7293.2962632698445,7397.6028312316985,679687,0.0,0.0
2025-01-27 00:00:00+05:30,7250.7099609375,7428.661720951669,7215.477168253276,7334.840737474166,692810,0.0,0.0
2025-01-28 00:00:00+05:30,7559.951171875,7659.53638509343,7299.955386708333,7344.679415626219,2478933,0.0,0.0
2025-01-29 00:00:00+05:30,7712.0625,7739.244868426492,7522.532292082697,7610.290582863588,1514920,0.0,0.0
2025-01-30 00:00:00+05:30,7853.19189453125,8200.052086975971,7801.858742663948,7801.858742663948,5648883,0.0,0.0
2025-01-31 00:00:00+05:30,7836.74365234375,7931.707484900551,7743.220636293296,7876.398863127245,1833546,0.0,0.0
2025-02-01 00:00:00+05:30,7951.0380859375,8060.214508675595,7736.660709762383,7831.674523115403,1615378,0.0,0.0
2025-02-03 00:00:00+05:30,8374.126953125,8387.544161756552,7872.472430400838,7873.6157660322015,4336926,0.0,0.0
2025-02-04 00:00:00+05:30,8423.373046875,8437.933591419418,8252.080401596635,8373.33221527781,1966300,0.0,0.0
2025-02-05 00:00:00+05:30,8457.2646484375,8536.028635299763,8393.706637794814,8447.87240793984,1867493,0.0,0.0
2025-02-06 00:00:00+05:30,8455.1279296875,8609.674310237291,8410.105930625985,8481.912850206194,1709473,0.0,0.0
2025-02-07 00:00:00+05:30,8422.2802734375,8532.351080917006,8332.484747845047,8532.351080917006,966540,0.0,0.0
2025-02-10 00:00:00+05:30,8235.9794921875,8435.945790574548,8169.5893494960865,8426.802017139233,1243838,0.0,0.0
2025-02-11 00:00:00+05:30,8140.96630859375,8303.86058245665,8089.4341902164715,8248.105013192391,963059,0.0,0.0
2025-02-12 00:00:00+05:30,8163.67578125,8233.19699538246,7975.785355859999,8099.6708219936645,1483731,0.0,0.0
2025-02-13 00:00:00+05:30,8357.4306640625,8445.884859460473,8146.78028214328,8146.78028214328,1800313,0.0,0.0
2025-02-14 00:00:00+05:30,8340.83203125,8403.743634838622,8231.208666333478,8356.982374262307,863315,0.0,0.0
2025-02-17 00:00:00+05:30,8374.9228515625,8435.946699659908,8169.838696734137,8169.838696734137,862799,0.0,0.0
2025-02-18 00:00:00+05:30,8413.9814453125,8427.994585816583,8309.426412703939,8378.30122151342,868977,0.0,0.0
2025-02-19 00:00:00+05:30,8387.6943359375,8476.69496656849,8348.486073299955,8407.273717628892,896198,0.0,0.0
2025-02-20 00:00:00+05:30,8347.9384765625,8403.743540368981,8294.468612566763,8304.605282069431,790070,0.0,0.0
2025-02-21 00:00:00+05:30,8345.2060546875,8368.660935588745,8237.172481144646,8308.730929339918,608647,0.0,0.0
2025-02-24 00:00:00+05:30,8303.7119140625,8347.491575155027,8260.080750723031,8276.926995819866,355260,0.0,0.0
2025-02-25 00:00:00+05:30,8436.7412109375,8474.359673568779,8286.915703585268,8303.712450516225,1098541,0.0,0.0
2025-02-27 00:00:00+05:30,8652.013671875,8685.407228361526,8490.211282327951,8490.211282327951,1838283,0.0,0.0
2025-02-28 00:00:00+05:30,8477.986328125,8616.829788848965,8457.860514604332,8611.860452177194,1754580,0.0,0.0
2025-03-03 00:00:00+05:30,8574.9375,8597.746948394146,8386.351181937966,8483.651177747208,874996,0.0,0.0
2025-03-04 00:00:00+05:30,8533.2958984375,8566.440987614647,8461.439480363411,8469.936852420393,765506,0.0,0.0
2025-03-05 00:00:00+05:30,8247.8076171875,8447.872931437281,8170.583925805398,8403.148898270849,1630092,0.0,0.0
2025-03-06 00:00:00+05:30,8359.2685546875,8407.918554084172,8224.798500494768,8313.700126324931,881422,0.0,0.0
2025-03-07 00:00:00+05:30,8352.9580078125,8418.05631818334,8315.141549872093,8358.32527964502,472946,0.0,0.0
2025-03-10 00:00:00+05:30,8291.4375,8584.927309661258,8274.989189206155,8386.004368111615,1016453,0.0,0.0
2025-03-11 00:00:00+05:30,8289.30078125,8323.638702618931,8160.89293097071,8254.067991074653,813567,0.0,0.0
2025-03-12 00:00:00+05:30,8432.41796875,8472.222161705058,8221.817090630804,8289.946502848998,2088223,0.0,0.0
2025-03-13 00:00:00+05:30,8368.810546875,8507.504541874605,8341.528693919809,8447.87250069324,1217351,0.0,0.0
2025-03-17 00:00:00+05:30,8527.7294921875,8577.02589603879,8334.571757233267,8347.691000620045,1102085,0.0,0.0
2025-03-18 00:00:00+05:30,8527.7294921875,8527.7294921875,8527.7294921875,8527.7294921875,0,0.0,0.0
2025-03-19 00:00:00+05:30,8678.0517578125,8824.548193310084,8629.352257703007,8646.645937808056,1289820,0.0,0.0
2025-03-20 00:00:00+05:30,8626.4208984375,8714.2781874479,8488.770274199907,8671.492393306811,792433,0.0,0.0
2025-03-21 00:00:00+05:30,8861.419921875,9033.25996775934,8776.84220214355,8984.510970387792,2744801,0.0,0.0
2025-03-24 00:00:00+05:30,9034.3037109375,9059.100895435224,8872.253833631403,9040.167916532053,1433217,0.0,0.0
2025-03-25 00:00:00+05:30,9011.6435546875,9203.260981940208,8921.996527339688,9069.03939303796,1748260,0.0,0.0
2025-03-26 00:00:00+05:30,8811.6767578125,9070.92761879368,8795.675882917285,9046.22943467027,886211,0.0,0.0
2025-03-27 00:00:00+05:30,8948.6318359375,8999.866472484613,8768.145919762836,8806.658278219104,2092044,0.0,0.0
2025-03-28 00:00:00+05:30,8890.7392578125,8973.529183407836,8806.658469367905,8942.420359314265,977099,0.0,0.0
2025-04-01 00:00:00+05:30,8644.857421875,8870.266349102169,8617.8240350773,8729.435147517666,1183424,0.0,0.0
2025-04-02 00:00:00+05:30,8616.0849609375,8706.128959184494,8559.18605226447,8676.462405511938,646495,0.0,0.0
2025-04-03 00:00:00+05:30,8541.8916015625,8711.246979559975,8408.316417329004,8596.952238812753,1396633,0.0,0.0
2025-04-04 00:00:00+05:30,8665.3798828125,8743.051003785575,8531.158292448274,8602.915708624296,1849658,0.0,0.0
2025-04-07 00:00:00+05:30,8515.455078125,8547.755765571203,8256.205179574665,8288.853332348564,1398124,0.0,0.0
2025-04-08 00:00:00+05:30,8768.146484375,8818.585253859206,8596.952828342402,8596.952828342402,1477563,0.0,0.0
2025-04-09 00:00:00+05:30,8682.2265625,8787.775473567091,8572.106249662538,8760.941054002931,1048774,0.0,0.0
2025-04-11 00:00:00+05:30,8866.3896484375,8918.468685927826,8756.667275086947,8770.92888336312,1009722,0.0,0.0
2025-04-15 00:00:00+05:30,9084.94140625,9233.027640746363,9019.843095112337,9198.739217322709,1263361,0.0,0.0
2025-04-16 00:00:00+05:30,9000.9599609375,9115.25471006882,8909.027227940567,9093.389627626308,719822,0.0,0.0
2025-04-17 00:00:00+05:30,9106.3095703125,9133.640922365279,8897.100493690314,8984.560820259208,1141513,0.0,0.0
2025-04-21 00:00:00+05:30,9216.62890625,9257.874401436216,9085.438415537215,9113.76363512293,782415,0.0,0.0
2025-04-22 00:00:00+05:30,9203.7080078125,9335.395423290624,9173.395055570365,9237.996429201143,1129358,0.0,0.0
2025-04-23 00:00:00+05:30,9265.8251953125,9291.168812440084,9093.886145780261,9225.076634440697,1081871,0.0,0.0
2025-04-24 00:00:00+05:30,9243.9599609375,9600.758329497501,9216.131675924464,9561.003636621734,1849671,0.0,0.0
2025-04-25 00:00:00+05:30,9056.119140625,9287.193295606927,8934.867325967818,9253.401806276237,1089354,0.0,0.0
2025-04-28 00:00:00+05:30,9037.2353515625,9069.039105136679,8945.302626387142,9024.31507667299,994656,0.0,0.0
2025-04-29 00:00:00+05:30,9037.2353515625,9089.910318419732,8905.051000769823,9074.008441632643,1176818,0.0,0.0
2025-04-30 00:00:00+05:30,8581.5478515625,8833.493231187387,8503.52926260568,8785.787597175575,3969057,0.0,0.0
2025-05-02 00:00:00+05:30,8814.1123046875,8860.327134948308,8513.467441162893,8522.909180678542,1893303,0.0,0.0
2025-05-05 00:00:00+05:30,8877.2236328125,8977.604240393564,8811.628384294181,8823.057859414797,893061,0.0,0.0
2025-05-06 00:00:00+05:30,8743.5478515625,8918.965435626244,8696.33915330172,8856.351793722471,1204087,0.0,0.0
2025-05-07 00:00:00+05:30,8931.388671875,8942.321212395851,8669.504633034621,8696.33905067671,1163557,0.0,0.0
2025-05-08 00:00:00+05:30,8778.333984375,9018.849899938969,8721.186607743066,8921.947826519601,1201809,0.0,0.0
2025-05-09 00:00:00+05:30,8599.69140625,8739.022131498814,8563.863505471732,8608.648381444566,1215134,12.0,0.0
2025-05-12 00:00:00+05:30,8975.38671875,8986.831742563896,8783.309362568956,8806.697019927788,1063822,0.0,0.0
2025-05-13 00:00:00+05:30,8998.7744140625,9119.693579214965,8948.018221282453,8960.956074344034,1336300,0.0,0.0
2025-05-14 00:00:00+05:30,9037.587890625,9066.946864611724,8968.917748079783,9001.759990166625,759400,0.0,0.0
2025-05-15 00:00:00+05:30,9144.57421875,9170.947535047206,8984.841491742396,9055.999684770706,1038500,0.0,0.0
2025-05-16 00:00:00+05:30,9123.1767578125,9241.607873137,9089.83690601947,9144.57397612743,625192,0.0,0.0
2025-05-19 00:00:00+05:30,9211.25390625,9245.091368603466,9123.176982182891,9123.176982182891,716274,0.0,0.0
2025-05-20 00:00:00+05:30,9035.59765625,9265.493356062067,9025.645461452941,9253.550722305596,810616,0.0,0.0
2025-05-21 00:00:00+05:30,9153.53125,9235.636857841804,8985.339156360424,9056.497349823321,732150,0.0,0.0
2025-05-22 00:00:00+05:30,9095.310546875,9155.023713831177,9027.13801460003,9153.530884657272,615974,0.0,0.0
2025-05-23 00:00:00+05:30,9199.3115234375,9242.105962287265,9067.444938609733,9095.311084837487,425169,0.0,0.0
2025-05-26 00:00:00+05:30,9225.1865234375,9291.866225370755,9205.779744516627,9210.755841675826,547679,0.0,0.0
2025-05-27 00:00:00+05:30,9127.158203125,9245.589325813024,9099.292056610171,9225.68493544529,715000,0.0,0.0
2025-05-28 00:00:00+05:30,9223.1962890625,9250.067214317929,9097.301028143545,9200.803851349643,650740,0.0,0.0
2025-05-29 00:00:00+05:30,9160.0,9235.139069969578,9116.210343328987,9205.780095610604,708175,0.0,0.0
2025-05-30 00:00:00+05:30,,,,,0,44.0,0.0
