timestamp,Open,High,Low,Close,Volume,Dividends,Stock Splits
2020-06-01 00:00:00+05:30,21.24917038897651,21.55273056149855,21.00632294575165,21.067035675048828,47417268,0.0,0.0
2020-06-02 00:00:00+05:30,21.12774925074632,21.370594966717913,20.839366814750182,21.142925262451172,21847401,0.0,0.0
2020-06-03 00:00:00+05:30,21.34024233645482,22.52412599988856,21.097394850874114,22.341989517211914,72952329,0.0,0.0
2020-06-04 00:00:00+05:30,22.34198570402071,22.706256870220237,21.765222589959315,22.099138259887695,30651105,0.0,0.0
2020-06-05 00:00:00+05:30,22.28127583322917,22.569658295750887,22.114318845335028,22.44823455810547,28620174,0.0,0.0
2020-06-08 00:00:00+05:30,22.827679692435844,23.49551100596717,22.508941783207458,22.660722732543945,45790467,0.0,0.0
2020-06-09 00:00:00+05:30,22.87321268798592,23.116060101481256,22.023245003770537,22.175025939941406,35356647,0.0,0.0
2020-06-10 00:00:00+05:30,22.357162558719672,22.630367225187964,21.78039946770687,22.296451568603516,28261539,0.0,0.0
2020-06-11 00:00:00+05:30,22.417877071479143,22.675902273989134,21.340239541261184,21.44648551940918,31884348,0.0,0.0
2020-06-12 00:00:00+05:30,20.459915288327235,21.93217942973809,20.459915288327235,21.8259334564209,42305706,0.0,0.0
2020-06-15 00:00:00+05:30,21.841112039247154,22.023246745280275,21.082212509327228,21.537551879882812,27797562,0.0,0.0
2020-06-16 00:00:00+05:30,22.114316885773157,22.129494634511154,21.006323858079195,21.44648551940918,31937172,0.0,0.0
2020-06-17 00:00:00+05:30,21.598262920487613,22.099137271468752,21.446483708938526,21.750043869018555,35644017,0.0,0.0
2020-06-18 00:00:00+05:30,21.84111409291432,23.449979788557563,21.75004586284391,23.328556060791016,100177014,0.0,0.0
2020-06-19 00:00:00+05:30,23.510690734002026,24.7401074948857,23.20713228372157,24.299945831298828,85894965,0.0,0.0
2020-06-22 00:00:00+05:30,24.861530392350176,25.165090569477773,24.345480001913405,24.67939567565918,68067777,0.0,0.0
2020-06-23 00:00:00+05:30,24.846352633521587,25.423115753932464,24.43654648142193,25.286514282226562,66445521,0.0,0.0
2020-06-24 00:00:00+05:30,25.529359788954025,25.984699151358587,24.90706347092597,25.043664932250977,69841656,0.0,0.0
2020-06-25 00:00:00+05:30,24.87670999555057,25.787388857854694,24.588329282211376,25.407939910888672,60786960,0.0,0.0
2020-06-26 00:00:00+05:30,25.78738691373624,26.242726310560133,25.43829349197005,25.893632888793945,46124379,0.0,0.0
2020-06-29 00:00:00+05:30,25.78738974064629,26.92573835749606,25.590077254179235,26.576644897460938,69975135,0.0,0.0
2020-06-30 00:00:00+05:30,28.261399195095695,28.595314881508028,26.713244491094684,26.910558700561523,186678036,0.0,0.0
2020-07-01 00:00:00+05:30,26.91055963157152,27.10787384786473,26.576643933606885,26.925737380981445,35384595,0.0,0.0
2020-07-02 00:00:00+05:30,27.305183259428475,27.472140210541337,26.865021656064872,27.031978607177734,27362040,0.0,0.0
2020-07-03 00:00:00+05:30,27.623922710862097,29.733664498968725,27.472143488378894,29.50599479675293,205331484,0.0,0.0
2020-07-06 00:00:00+05:30,29.809553110992393,31.43359651648113,29.445280199459017,31.02379035949707,132074268,0.0,0.0
2020-07-07 00:00:00+05:30,30.872008187633874,31.38805850565545,30.264887918573333,30.978252410888672,93081504,0.0,0.0
2020-07-08 00:00:00+05:30,30.659518470366613,31.995181225244075,30.522918729459363,31.433597564697266,68150529,0.0,0.0
2020-07-09 00:00:00+05:30,31.145214840859495,31.251459076899796,30.204177094683363,30.3104248046875,54329937,0.0,0.0
2020-07-10 00:00:00+05:30,30.310427733891242,30.811300414413306,29.85508830178679,30.264894485473633,36404634,0.0,0.0
2020-07-13 00:00:00+05:30,30.568448909932048,30.765763100968417,29.657770166049556,29.900617599487305,32371863,0.0,0.0
2020-07-14 00:00:00+05:30,30.14346687992976,30.40149207664482,29.00512011730767,29.475635528564453,57521871,0.0,0.0
2020-07-15 00:00:00+05:30,30.204175994250622,30.234534963119902,28.959583333303755,29.172075271606445,37963695,0.0,0.0
2020-07-16 00:00:00+05:30,29.293498227512455,29.369390441269395,28.5801353885476,28.67120361328125,36942912,0.0,0.0
2020-07-17 00:00:00+05:30,28.656019397203206,29.88543588567483,28.54977517903387,29.74883270263672,30369327,0.0,0.0
2020-07-20 00:00:00+05:30,29.7488376611998,30.325602506430208,29.23278728186364,29.3693904876709,34037145,0.0,0.0
2020-07-21 00:00:00+05:30,29.627415638348573,30.59880540381211,29.32385720513217,30.12828826904297,42519072,0.0,0.0
2020-07-22 00:00:00+05:30,30.325607221479853,30.340784971822305,29.29350282837128,29.718486785888672,26700693,0.0,0.0
2020-07-23 00:00:00+05:30,29.748840342003927,31.41842056225441,29.612240597850874,31.114858627319336,63984771,0.0,0.0
2020-07-24 00:00:00+05:30,31.25145912147952,31.767509502339077,30.720230992592555,31.00861167907715,68255931,0.0,0.0
2020-07-27 00:00:00+05:30,31.190746944634537,31.190746944634537,29.82472883027098,30.17382049560547,34955964,0.0,0.0
2020-07-28 00:00:00+05:30,29.505991858808606,30.11310868829013,28.94440479648004,29.308677673339844,64748145,0.0,0.0
2020-07-29 00:00:00+05:30,29.30868054836449,30.41667356070733,29.293499325872816,29.53635025024414,52234014,0.0,0.0
2020-07-30 00:00:00+05:30,29.68812857461824,29.855087287105917,28.82298472521256,29.035476684570312,36716154,0.0,0.0
2020-07-31 00:00:00+05:30,29.08100620021298,29.36938860433543,28.45870988792193,29.0961856842041,44032875,0.0,0.0
2020-08-03 00:00:00+05:30,29.141717935528384,30.113107606989065,28.853335541199904,29.384565353393555,31139499,0.0,0.0
2020-08-04 00:00:00+05:30,29.733662606402472,30.659515630920698,29.414922959209957,30.47738265991211,51828114,0.0,0.0
2020-08-05 00:00:00+05:30,30.64434135730039,31.03896626844941,30.0068655368791,30.47738265991211,34169139,0.0,0.0
2020-08-06 00:00:00+05:30,30.47738543948073,30.765766143842022,29.930976054730646,30.06757926940918,20002308,0.0,0.0
2020-08-07 00:00:00+05:30,30.143470811422343,30.583632520275373,29.85509008030068,30.113115310668945,23311572,0.0,0.0
2020-08-10 00:00:00+05:30,32.010368881262785,34.57544718962486,31.69162914049454,32.875511169433594,197460327,0.0,0.0
2020-08-11 00:00:00+05:30,33.209420015823625,33.497800703464314,31.94964608071537,32.13178253173828,64308066,0.0,0.0
2020-08-12 00:00:00+05:30,32.16213802361183,33.75582589041232,31.98000157261329,33.5888671875,86740731,0.0,0.0
2020-08-13 00:00:00+05:30,33.69511160813831,35.03077415309749,33.28530550189528,34.742393493652344,89867817,0.0,0.0
2020-08-14 00:00:00+05:30,34.90935435405897,35.95663640900601,33.25495538879151,34.34777069091797,102780930,0.0,0.0
2020-08-17 00:00:00+05:30,34.87899196074471,34.89416970680404,33.361193037067736,33.6343994140625,45730728,0.0,0.0
2020-08-18 00:00:00+05:30,33.695116077616966,34.36294743868085,33.30048766563286,33.90760803222656,44837076,0.0,0.0
2020-08-19 00:00:00+05:30,34.19598498185167,34.93970500448738,33.93795980967045,34.08974075317383,50101056,0.0,0.0
2020-08-20 00:00:00+05:30,33.69511220681673,34.30222902970257,33.28530609329246,33.96831512451172,34004268,0.0,0.0
2020-08-21 00:00:00+05:30,34.15045148016216,34.45400989088686,33.63440113974111,34.02902603149414,29551281,0.0,0.0
2020-08-24 00:00:00+05:30,33.69511801644534,34.90935534553639,33.57369254655415,34.787933349609375,53662929,0.0,0.0
2020-08-25 00:00:00+05:30,34.954884664049835,35.19773557652862,33.78618071482818,34.12009811401367,43986726,0.0,0.0
2020-08-26 00:00:00+05:30,34.18080901625253,34.362945463156024,33.57368868456216,33.93796157836914,36546204,0.0,0.0
2020-08-27 00:00:00+05:30,33.95313733975295,34.19598476342903,33.330839296723916,33.48262023925781,27418104,0.0,0.0
2020-08-28 00:00:00+05:30,34.590619895744915,34.83346736692323,33.63440776085752,34.01385498046875,48606249,0.0,0.0
2020-08-31 00:00:00+05:30,34.15045519120101,34.332591647013544,31.87375817845428,32.207672119140625,42730581,0.0,0.0
2020-09-01 00:00:00+05:30,32.4808762269969,32.9969301159075,31.69162285554714,32.76926040649414,34287075,0.0,0.0
2020-09-02 00:00:00+05:30,32.76926122496931,33.30048940221424,32.25320732316927,33.08799743652344,17392587,0.0,0.0
2020-09-03 00:00:00+05:30,33.239775767566655,33.49780096101468,32.7237253806706,32.92103958129883,26656869,0.0,0.0
2020-09-04 00:00:00+05:30,32.02553776304691,32.936216627853256,31.980004514599432,32.298744201660156,29954895,0.0,0.0
2020-09-07 00:00:00+05:30,32.45051399650967,32.82996459146296,31.782686229816175,32.05588912963867,19157754,0.0,0.0
2020-09-08 00:00:00+05:30,32.20767324672939,32.359454210881005,30.841654991257133,31.1603946685791,30300756,0.0,0.0
2020-09-09 00:00:00+05:30,30.750588528496337,31.403242158860373,30.264893611472885,30.674699783325195,34565667,0.0,0.0
2020-09-10 00:00:00+05:30,30.85683538887134,31.17557509355232,30.052404199936856,30.841657638549805,23708142,0.0,0.0
2020-09-11 00:00:00+05:30,30.963082197905905,31.19075191994933,30.750590225734424,31.038970947265625,14088816,0.0,0.0
2020-09-14 00:00:00+05:30,32.17731594358626,33.285308929618665,31.691621054304846,32.496055603027344,53551527,0.0,0.0
2020-09-15 00:00:00+05:30,32.619083006808026,32.91128508741643,31.97316335914694,32.2346076965332,26941557,0.466667,0.0
2020-09-16 00:00:00+05:30,32.29612812470995,32.44991686435235,31.465654850646537,31.81937599182129,14635695,0.0,0.0
2020-09-17 00:00:00+05:30,31.527172389052573,32.265372467156276,31.49641463913139,31.850135803222656,21721305,0.0,0.0
2020-09-18 00:00:00+05:30,31.98854239947889,32.173092400090965,31.43489591764117,31.95778465270996,27984618,0.0,0.0
2020-09-21 00:00:00+05:30,31.896267491016555,31.927025236176874,29.251062687247792,29.620159149169922,40827702,0.0,0.0
2020-09-22 00:00:00+05:30,29.635543626515524,29.712441523957793,27.98997930923614,28.359079360961914,48561300,0.0,0.0
2020-09-23 00:00:00+05:30,28.620519288495053,29.374094629589646,28.405211545325397,28.86658477783203,48748803,0.0,0.0
2020-09-24 00:00:00+05:30,28.359079767815974,28.589766423454392,27.574744786645457,27.820810317993164,30841869,0.0,0.0
2020-09-25 00:00:00+05:30,28.266800805823443,29.035755043893122,28.097631436647877,28.697416305541992,19431048,0.0,0.0
2020-09-28 00:00:00+05:30,28.912722781591782,30.235327050111007,28.86658616013151,29.9738826751709,21869313,0.0,0.0
2020-09-29 00:00:00+05:30,30.358360583919875,30.54290706382335,29.158789104555694,29.52788734436035,27336762,0.0,0.0
2020-09-30 00:00:00+05:30,29.527886802093402,29.666300179477577,28.881963574297927,29.450990676879883,14189412,0.0,0.0
2020-10-01 00:00:00+05:30,29.604781868634635,30.020018490625567,29.220304753457317,29.558645248413086,12637821,0.0,0.0
2020-10-05 00:00:00+05:30,29.650918646421445,29.743195407353397,29.097272160823785,29.58940315246582,11784675,0.0,0.0
2020-10-06 00:00:00+05:30,29.712436798606166,29.835467782949074,29.11265018993928,29.450990676879883,19176597,0.0,0.0
2020-10-07 00:00:00+05:30,29.481754776969094,29.66630480223943,28.88196807484025,28.958864212036133,13131330,0.0,0.0
2020-10-08 00:00:00+05:30,29.220305445034786,29.31258044766107,28.482108944023103,28.774311065673828,13561056,0.0,0.0
2020-10-09 00:00:00+05:30,28.66665379884986,28.928099902036116,28.23604010418836,28.543621063232422,12672492,0.0,0.0
2020-10-12 00:00:00+05:30,28.62052056796288,29.220305445034786,28.482108944023103,28.774311065673828,21410115,0.0,0.0
2020-10-13 00:00:00+05:30,28.774310932237057,28.897343681835125,27.98997605354983,28.143768310546875,19966965,0.0,0.0
2020-10-14 00:00:00+05:30,28.28218384387795,28.835832173611188,28.036118310663067,28.159151077270508,22321728,0.0,0.0
2020-10-15 00:00:00+05:30,28.22066220125857,28.435969949409756,27.02109247298681,27.190261840820312,15857307,0.0,0.0
2020-10-16 00:00:00+05:30,26.974957108673784,28.097632522022064,26.974957108673784,27.98997688293457,21800793,0.0,0.0
2020-10-19 00:00:00+05:30,28.11300977127819,28.282180907800846,27.20564387174513,27.69777488708496,22512567,0.0,0.0
2020-10-20 00:00:00+05:30,27.42094593597702,28.0207325048507,27.390188191931934,27.66701316833496,14685903,0.0,0.0
2020-10-21 00:00:00+05:30,27.68239486204853,28.543624103090384,27.42094873101861,28.420591354370117,28952280,0.0,0.0
2020-10-22 00:00:00+05:30,28.405213862365876,29.266443145296595,28.18990610163336,28.635900497436523,28783392,0.0,0.0
2020-10-23 00:00:00+05:30,28.866590061990884,28.989622829181073,28.343699481432935,28.482112884521484,17663049,0.0,0.0
2020-10-26 00:00:00+05:30,28.482105705523324,28.52824232159095,27.390188191931934,27.66701316833496,18531900,0.0,0.0
2020-10-27 00:00:00+05:30,27.651633899325535,27.82080501991051,27.282535672593557,27.590118408203125,12329295,0.0,0.0
2020-10-28 00:00:00+05:30,27.590119350609374,27.69777322374994,26.97495561837703,27.14412498474121,13325832,0.0,0.0
2020-10-29 00:00:00+05:30,26.959573770106616,27.344052625424165,26.559717802175385,26.651992797851562,16816755,0.0,0.0
2020-10-30 00:00:00+05:30,26.72889167366395,27.63626115100864,26.590480036780658,26.75965118408203,27632397,0.0,0.0
2020-11-02 00:00:00+05:30,27.021093008394985,27.55936238943847,26.836543003465994,27.26715850830078,14246079,0.0,0.0
2020-11-03 00:00:00+05:30,27.328673431942164,27.80542551733913,27.328673431942164,27.49784278869629,10505982,0.0,0.0
2020-11-04 00:00:00+05:30,27.75928811874113,27.790047624689283,27.036470528945454,27.344053268432617,10174500,0.0,0.0
2020-11-05 00:00:00+05:30,27.497845755578144,28.743553916988414,27.39019187693778,28.574382781982422,21741264,0.0,0.0
2020-11-06 00:00:00+05:30,28.328312490585134,28.758926145643688,28.143762524132242,28.435964584350586,20163741,0.0,0.0
2020-11-09 00:00:00+05:30,29.066515940002706,29.18954869437313,28.220663773706764,28.620521545410156,24865398,0.0,0.0
2020-11-10 00:00:00+05:30,28.60513965690996,29.60478046083479,28.312935796070946,29.34333610534668,31640469,0.0,0.0
2020-11-11 00:00:00+05:30,29.512509762192,29.958504148134363,29.066515376249637,29.43561363220215,24266727,0.0,0.0
2020-11-12 00:00:00+05:30,29.558645420771647,29.681676408746515,28.91272217390805,28.9896183013916,32573475,0.0,0.0
2020-11-13 00:00:00+05:30,28.88196546077981,29.912364101947766,28.528246077692472,29.743196487426758,23221539,0.0,0.0
2020-11-14 00:00:00+05:30,29.896988590972345,29.896988590972345,29.650919567508836,29.712438583374023,2843181,0.0,0.0
2020-11-17 00:00:00+05:30,30.00464163210308,30.066157129862727,29.450993352269425,29.574026107788086,13608048,0.0,0.0
2020-11-18 00:00:00+05:30,29.574025119939304,30.235327258762506,29.435613494604038,29.697059631347656,31608804,0.0,0.0
2020-11-19 00:00:00+05:30,29.681672953020524,33.295764123983375,29.435609245719807,31.711715698242188,127231584,0.0,0.0
2020-11-20 00:00:00+05:30,32.34226463163856,33.8032787730397,32.14233575081549,33.3265266418457,111976335,0.0,0.0
2020-11-23 00:00:00+05:30,33.38804685200439,33.54183559660222,32.1423369007696,32.60371017456055,32719695,0.0,0.0
2020-11-24 00:00:00+05:30,32.60370613136944,33.4956948194161,32.60370613136944,33.1265983581543,32900253,0.0,0.0
2020-11-25 00:00:00+05:30,33.21887156001133,33.9570680017897,32.57294835345589,32.865150451660156,37300935,0.0,0.0
2020-11-26 00:00:00+05:30,33.03432377457688,33.61873152999235,32.86515264537786,33.495697021484375,28747059,0.0,0.0
2020-11-27 00:00:00+05:30,33.66486866469167,35.00285180515195,33.54183415430515,34.17237854003906,42740469,0.0,0.0
2020-12-01 00:00:00+05:30,34.172383712038375,34.69527254032363,33.92631817402184,34.387691497802734,32351613,0.0,0.0
2020-12-02 00:00:00+05:30,34.449204559967455,35.37195114210943,34.31079468464548,34.92595672607422,48411381,0.0,0.0
2020-12-03 00:00:00+05:30,35.095121209396474,35.92559438367594,35.01822684881437,35.371944427490234,48553872,0.0,0.0
2020-12-04 00:00:00+05:30,35.64876723104714,36.294690412420344,35.18739403292316,35.602630615234375,46007778,0.0,0.0
2020-12-07 00:00:00+05:30,35.633394459778465,35.910217722047165,35.17202118266438,35.356571197509766,26587011,0.0,0.0
2020-12-08 00:00:00+05:30,35.54111776290296,35.69491001368089,34.17237693897474,34.802921295166016,36642735,0.0,0.0
2020-12-09 00:00:00+05:30,35.602629325437604,37.67880864178058,35.310427249211024,35.97172927856445,147504747,0.0,0.0
2020-12-10 00:00:00+05:30,35.92559699848391,35.92559699848391,34.58761390698245,35.18739700317383,38748615,0.0,0.0
2020-12-11 00:00:00+05:30,35.18739959351345,35.802565128224785,34.86443971178926,35.26429748535156,41079909,0.0,0.0
2020-12-14 00:00:00+05:30,35.57187467519749,36.679171110845324,35.433464820740475,36.463863372802734,75008775,0.0,0.0
2020-12-15 00:00:00+05:30,36.11013770801453,36.69454535759809,36.0486222248998,36.37158203125,32266752,0.0,0.0
2020-12-16 00:00:00+05:30,36.60227797674684,37.12517027698518,36.09476807122029,36.32545471191406,38725125,0.0,0.0
2020-12-17 00:00:00+05:30,36.29469742466587,37.17130737446476,35.618016368680664,37.00213623046875,56242236,0.0,0.0
2020-12-18 00:00:00+05:30,37.35585342471954,37.740332296591404,36.46386469477584,37.294334411621094,97760322,0.0,0.0
2020-12-21 00:00:00+05:30,37.12516365159951,37.894117810017676,33.5725879069115,34.43381881713867,86979072,0.0,0.0
2020-12-22 00:00:00+05:30,34.433823100704515,35.09512523760932,32.71136458597458,34.52609634399414,73882653,0.0,0.0
2020-12-23 00:00:00+05:30,34.818297115255284,35.66414914036908,34.60298939104447,35.51035690307617,39047973,0.0,0.0
2020-12-24 00:00:00+05:30,35.72566922080328,36.34083120907464,35.15664033365393,35.341190338134766,28256172,0.0,0.0
2020-12-28 00:00:00+05:30,35.741055353945306,35.84870749175874,35.03361645974496,35.248924255371094,28341882,0.0,0.0
2020-12-29 00:00:00+05:30,35.433464949666,35.74104592513241,35.04898609033423,35.29505157470703,20782080,0.0,0.0
2020-12-30 00:00:00+05:30,35.37194700200135,35.46422376141433,34.87981601846026,35.18739700317383,18996630,0.0,0.0
2020-12-31 00:00:00+05:30,35.58725625839849,37.14054716115447,35.49498301506587,36.89448165893555,112170381,0.0,0.0
2021-01-01 00:00:00+05:30,37.21743700382134,39.370510766357036,37.094406027675504,38.878379821777344,201696168,0.0,0.0
2021-01-04 00:00:00+05:30,39.67809748117543,40.53932844268888,39.03217426004034,40.385536193847656,105614565,0.0,0.0
2021-01-05 00:00:00+05:30,39.98567500063318,40.985315731649635,39.678094049550744,40.44704818725586,64361523,0.0,0.0
2021-01-06 00:00:00+05:30,40.6008417488739,41.646619128709496,39.87802420222325,40.954559326171875,74098809,0.0,0.0
2021-01-07 00:00:00+05:30,41.339039173559414,41.52358916272674,40.385535002859534,40.52394485473633,46011027,0.0,0.0
2021-01-08 00:00:00+05:30,40.92380535699231,41.1391131056423,40.46243211274212,40.6316032409668,19906347,0.0,0.0
2021-01-11 00:00:00+05:30,40.846904445879346,41.69275643149739,39.84726375014743,41.400550842285156,42426342,0.0,0.0
2021-01-12 00:00:00+05:30,41.50821578762321,41.81579679697245,41.031463639132454,41.35442352294922,32608233,0.0,0.0
2021-01-13 00:00:00+05:30,41.38517682017356,42.354063407400375,40.73925712202016,41.231388092041016,38455479,0.0,0.0
2021-01-14 00:00:00+05:30,41.446694459811624,43.369085341100565,41.38517896536995,42.80005645751953,94302666,0.0,0.0
2021-01-15 00:00:00+05:30,42.661643089418455,42.90770856696389,40.72387349375017,41.046836853027344,44817729,0.0,0.0
2021-01-18 00:00:00+05:30,41.16986799151824,41.60048345889287,39.46278851442437,41.07759475708008,53634528,0.0,0.0
2021-01-19 00:00:00+05:30,41.38517889844338,42.50785427018095,41.24676903617346,42.154136657714844,64391526,0.0,0.0
2021-01-20 00:00:00+05:30,42.24641620514585,42.738547273338426,41.492840726975906,41.67738723754883,39771243,0.0,0.0
2021-01-21 00:00:00+05:30,41.98496871036447,42.38482649389143,40.693122111276814,41.18525314331055,31082454,0.0,0.0
2021-01-22 00:00:00+05:30,41.06222105835761,41.67738307211663,40.26250551247268,40.708499908447266,30823161,0.0,0.0
2021-01-25 00:00:00+05:30,41.139110251729605,41.44669121989264,39.64733850814086,40.200984954833984,22702206,0.0,0.0
2021-01-27 00:00:00+05:30,40.293265971807735,41.33904709754879,40.23175047029324,40.816158294677734,55897923,0.0,0.0
2021-01-28 00:00:00+05:30,40.29326308738264,41.43132090392562,39.939545458996534,40.35478210449219,49918659,0.0,0.0
2021-01-29 00:00:00+05:30,40.23175095398888,41.90807303040533,39.06293881116651,40.00106430053711,77617473,0.0,0.0
2021-02-01 00:00:00+05:30,39.98567559392214,41.46207192501965,38.63231375708197,41.12372970581055,47400000,0.0,0.0
2021-02-02 00:00:00+05:30,41.44669305967308,42.077237416394944,40.41629448258959,41.062217712402344,32215686,0.0,0.0
2021-02-03 00:00:00+05:30,41.27752493428382,43.430598819798426,41.26214606138718,42.78467559814453,63440358,0.0,0.0
2021-02-04 00:00:00+05:30,42.9846063541325,43.61515073058986,42.15413662123605,43.35370635986328,55032168,0.0,0.0
2021-02-05 00:00:00+05:30,43.6766666663124,44.04576667577361,42.6616469202919,43.12302017211914,29863140,0.0,0.0
2021-02-08 00:00:00+05:30,43.868656971641414,44.427887732553714,43.34049419127953,43.72884750366211,31927191,0.466667,0.0
2021-02-09 00:00:00+05:30,43.94634130384479,44.1172152389635,42.68806644858692,42.858943939208984,48306774,0.0,0.0
2021-02-10 00:00:00+05:30,43.15408841403314,44.22595166115664,42.98321094308532,43.44923782348633,33662136,0.0,0.0
2021-02-11 00:00:00+05:30,43.278357270513204,43.651176584353585,41.818137328506005,42.06668472290039,35392794,0.0,0.0
2021-02-12 00:00:00+05:30,42.20650426548104,42.56378967470017,41.67834137072063,42.33077621459961,24806265,0.0,0.0
2021-02-15 00:00:00+05:30,42.67252514039286,42.858936593165595,41.88028091048712,42.2841682434082,23422254,0.0,0.0
2021-02-16 00:00:00+05:30,42.28416490830449,43.01427667036975,41.18123738110452,41.367645263671875,48715293,0.0,0.0
2021-02-17 00:00:00+05:30,41.04143010986223,43.41816629480303,41.04143010986223,43.21622085571289,46231716,0.0,0.0
2021-02-18 00:00:00+05:30,43.293899199300135,44.70751387522898,42.82787230491693,43.9774055480957,43649379,0.0,0.0
2021-02-19 00:00:00+05:30,43.62010860449209,44.33468280781374,41.32104253971723,42.06668472290039,51636933,0.0,0.0
2021-02-22 00:00:00+05:30,42.09776897700818,42.423990002669925,40.155991040988646,40.48221206665039,28665003,0.0,0.0
2021-02-23 00:00:00+05:30,40.77735826530764,42.128837136058536,40.46667126056965,41.693878173828125,32119296,0.0,0.0
2021-02-24 00:00:00+05:30,42.14436366653356,43.16962135627595,42.004554183612846,42.36184310913086,22656720,0.0,0.0
2021-02-25 00:00:00+05:30,42.59485358345044,44.42788939294749,42.579319592594686,44.02400207519531,59326020,0.0,0.0
2021-02-26 00:00:00+05:30,43.293900438487505,44.22595425393179,42.25310511497305,42.5948600769043,38633409,0.0,0.0
2021-03-01 00:00:00+05:30,43.09194947226188,45.67063112890101,42.85893604813483,45.34441375732422,62059455,0.0,0.0
2021-03-02 00:00:00+05:30,45.965782928341625,47.705618482658245,45.51529004770627,47.0687141418457,106691166,0.0,0.0
2021-03-03 00:00:00+05:30,47.4881433746894,47.84542878010979,46.82017098876941,47.50367736816406,39659358,0.0,0.0
2021-03-04 00:00:00+05:30,47.068711958506476,48.1405751381785,46.61821909876779,47.47260284423828,30333900,0.0,0.0
2021-03-05 00:00:00+05:30,46.85124035441787,47.53474675392618,44.971598644645844,45.67063903808594,29141961,0.0,0.0
2021-03-08 00:00:00+05:30,45.98131618645145,46.820165966107794,44.800715031510975,45.064796447753906,34685358,0.0,0.0
2021-03-09 00:00:00+05:30,45.37547918449472,45.794900479901614,43.262820939581005,43.49583435058594,37113744,0.0,0.0
2021-03-10 00:00:00+05:30,43.93079593942956,44.319152833894314,43.20068768001787,43.41816711425781,24247668,0.0,0.0
2021-03-12 00:00:00+05:30,44.19488204447617,44.58323898021339,43.26282824310932,43.51137924194336,39599325,0.0,0.0
2021-03-15 00:00:00+05:30,43.91526727844827,43.91526727844827,41.445326800822805,42.5948600769043,30156603,0.0,0.0
2021-03-16 00:00:00+05:30,42.71913933269722,43.045360357226805,42.097768830905814,42.827880859375,29273370,0.0,0.0
2021-03-17 00:00:00+05:30,42.719131877890675,43.01428485914986,41.27444917994969,41.58513259887695,35855832,0.0,0.0
2021-03-18 00:00:00+05:30,41.740469183645615,42.097754523003715,39.78315792372092,40.32685470581055,45353232,0.0,0.0
2021-03-19 00:00:00+05:30,39.89190019943587,40.40452905611087,38.835570945996935,39.75209426879883,56393928,0.0,0.0
2021-03-22 00:00:00+05:30,39.98510770869682,40.994831429753816,39.56568280577985,39.75209426879883,38945382,0.0,0.0
2021-03-23 00:00:00+05:30,40.176158717181664,40.757285710062945,39.62644700607643,39.76780319213867,38253711,0.466667,0.0
2021-03-24 00:00:00+05:30,39.73637467897141,39.7992016267663,38.19718096246159,38.46418380737305,32029023,0.0,0.0
2021-03-25 00:00:00+05:30,38.52702289367235,38.74690831365956,36.39099566725196,37.45901107788086,60718449,0.0,0.0
2021-03-26 00:00:00+05:30,37.694598884107535,39.02961353136162,37.67889304089496,38.448490142822266,36092943,0.0,0.0
2021-03-30 00:00:00+05:30,38.951073763977625,39.87773264184834,38.605541712063925,39.51649475097656,42697440,0.0,0.0
2021-03-31 00:00:00+05:30,39.516504811513116,39.893448637309376,39.10814570496656,39.2966194152832,24134520,0.0,0.0
2021-04-01 00:00:00+05:30,39.5793251634073,39.89344559340939,39.04531935395271,39.61073684692383,30019032,0.0,0.0
2021-04-05 00:00:00+05:30,39.84632818659152,41.46405505635954,39.26520125529778,41.27558135986328,61276776,0.0,0.0
2021-04-06 00:00:00+05:30,41.55829677367562,42.39072090221701,40.45887329161981,41.13423538208008,61173012,0.0,0.0
2021-04-07 00:00:00+05:30,41.44835068813839,42.233653590815905,41.14993249356122,41.244171142578125,38346498,0.0,0.0
2021-04-08 00:00:00+05:30,41.57399623616161,41.98235531558474,40.67874886774814,40.85151672363281,25322349,0.0,0.0
2021-04-09 00:00:00+05:30,41.14993353326568,41.32270139846447,40.52169263318514,40.80440139770508,15591087,0.0,0.0
2021-04-12 00:00:00+05:30,40.176161534184,40.36463526386968,37.85166058934782,38.29143142700195,35499102,0.0,0.0
2021-04-13 00:00:00+05:30,38.354254736814184,39.64215184278762,38.21289855434184,39.453678131103516,19430589,0.0,0.0
2021-04-15 00:00:00+05:30,39.265204657051925,40.741579078481514,39.076734539064255,40.36463165283203,42679908,0.0,0.0
2021-04-16 00:00:00+05:30,40.286098109847195,40.67874774165049,39.45367413213124,40.20756530761719,21451458,0.0,0.0
2021-04-19 00:00:00+05:30,38.98249295710244,39.720681909787444,38.36995792997832,38.76260757446289,30034584,0.0,0.0
2021-04-20 00:00:00+05:30,39.2180866911123,40.0976282779483,38.84114286449474,39.04532241821289,26634339,0.0,0.0
2021-04-22 00:00:00+05:30,38.66837267803908,39.79921127975593,38.49560482066253,39.59503173828125,23128215,0.0,0.0
2021-04-23 00:00:00+05:30,39.53221135591275,40.5216938590858,39.375149328722536,39.862037658691406,27613263,0.0,0.0
2021-04-26 00:00:00+05:30,40.20756881198739,40.741578253314685,40.113333754902165,40.63163375854492,16704927,0.0,0.0
2021-04-27 00:00:00+05:30,40.537400901517394,40.86722721405312,40.31751549488118,40.58451843261719,19097265,0.0,0.0
2021-04-28 00:00:00+05:30,40.9614641004283,41.00858162949132,40.27039622299292,40.45886993408203,19394331,0.0,0.0
2021-04-29 00:00:00+05:30,40.83581763729487,41.22847093976221,40.56881468575854,40.788700103759766,16660074,0.0,0.0
2021-04-30 00:00:00+05:30,40.25468969221573,42.86189913236566,40.144745198110066,41.38552474975586,53187741,0.0,0.0
2021-05-03 00:00:00+05:30,41.1499398748411,41.73106693103503,40.474581342401244,40.91434860229492,19524450,0.0,0.0
2021-05-04 00:00:00+05:30,41.275580355227866,43.113192560375126,41.008577456205586,41.71535110473633,52932507,0.0,0.0
2021-05-05 00:00:00+05:30,41.96665556376231,43.505849863664416,41.621119801849716,43.301673889160156,51816273,0.0,0.0
2021-05-06 00:00:00+05:30,43.88279282007712,44.95080808999111,43.16031327669061,44.73092269897461,61565505,0.0,0.0
2021-05-07 00:00:00+05:30,44.840867427642635,45.04504699351713,43.12890527585418,43.317378997802734,32525013,0.0,0.0
2021-05-10 00:00:00+05:30,43.66290057960468,45.830338869755366,43.55295969876147,45.46910095214844,67119504,0.0,0.0
2021-05-11 00:00:00+05:30,44.84086284953061,47.03971312820203,44.43250735431068,46.66276931762695,70482693,0.0,0.0
2021-05-12 00:00:00+05:30,47.88784467184182,48.877327152191995,45.79893521619311,46.12876510620117,136024881,0.0,0.0
2021-05-14 00:00:00+05:30,46.42717651018592,46.70988525721896,44.77803795851698,45.029335021972656,47657991,0.0,0.0
2021-05-17 00:00:00+05:30,45.390568868736445,46.83553134633991,45.20209878433447,46.537113189697266,51486270,0.0,0.0
2021-05-18 00:00:00+05:30,47.275308773926696,48.68885628400764,46.89836492814077,48.563209533691406,97548693,0.0,0.0
2021-05-19 00:00:00+05:30,48.46897044109453,49.5998054792684,48.076317189328265,48.7359733581543,83953914,0.0,0.0
2021-05-20 00:00:00+05:30,48.98726954869612,49.85110524905818,48.060610479533,49.2542724609375,67499931,0.0,0.0
2021-05-21 00:00:00+05:30,49.78828588499605,49.94534792580917,49.08151209359309,49.505577087402344,58163772,0.0,0.0
2021-05-24 00:00:00+05:30,49.74116001824656,50.25945999281233,49.065798029179696,49.26997756958008,74623869,0.0,0.0
2021-05-25 00:00:00+05:30,49.58410137701797,49.58410137701797,46.741300649653134,46.86695098876953,53594838,0.0,0.0
2021-05-26 00:00:00+05:30,47.11823998036278,48.43755213774751,46.80411598393608,47.03970718383789,45070683,0.0,0.0
2021-05-27 00:00:00+05:30,47.369543006646715,47.41666053361399,44.668098583983934,46.66276931762695,360249207,0.0,0.0
2021-05-28 00:00:00+05:30,46.64706325718845,46.99259538150301,45.359162623750386,45.500518798828125,44625315,0.0,0.0
2021-05-31 00:00:00+05:30,45.720407783140445,45.92458734328214,45.13928438452243,45.67329025268555,29061186,0.0,0.0
2021-06-01 00:00:00+05:30,48.06061100936422,48.06061100936422,45.861757128717734,46.16017532348633,74882883,0.0,0.0
2021-06-02 00:00:00+05:30,45.94029420717332,47.43237094040927,45.861761393167,47.22819137573242,24742749,0.0,0.0
2021-06-03 00:00:00+05:30,47.51089954493604,47.730788545439246,46.866952766405745,47.49519729614258,26792298,0.0,0.0
2021-06-04 00:00:00+05:30,47.62084007024048,48.123434214143174,47.385248840608796,47.99778747558594,23574183,0.0,0.0
2021-06-07 00:00:00+05:30,48.06061113691568,48.45326079212994,47.872137433097656,48.15484619140625,16889640,0.0,0.0
2021-06-08 00:00:00+05:30,48.24908233715219,48.311905703552746,46.56852852724364,48.04490280151367,31918326,0.0,0.0
2021-06-09 00:00:00+05:30,48.18626109724373,48.84591730728306,46.976893176256866,47.338134765625,31016931,0.0,0.0
2021-06-10 00:00:00+05:30,47.416659871218116,48.04490433984938,47.14965696062996,47.7621955871582,17381064,0.0,0.0
2021-06-11 00:00:00+05:30,47.74648774755662,48.68885268461152,47.16536438063002,48.390438079833984,25835898,0.0,0.0
2021-06-14 00:00:00+05:30,48.060602858934054,48.17054373690344,46.34864116669961,47.66794967651367,26533281,0.0,0.0
2021-06-15 00:00:00+05:30,47.746490290550845,48.02920266259423,47.13395520574351,47.338134765625,22951029,0.0,0.0
2021-06-16 00:00:00+05:30,47.118248578509295,47.58943106429439,46.56853328186864,47.02401351928711,19709055,0.0,0.0
2021-06-17 00:00:00+05:30,46.55282864929895,47.03971335851486,45.43769586476253,45.908878326416016,22419540,0.0,0.0
2021-06-18 00:00:00+05:30,46.03452815392672,46.17588433984068,44.13409233741902,45.92458724975586,34091544,0.0,0.0
2021-06-21 00:00:00+05:30,44.60527364337078,47.11824807216527,44.60527364337078,46.86695098876953,23199468,0.0,0.0
2021-06-22 00:00:00+05:30,47.11824316714406,47.74648401281487,46.80411914947199,47.558013916015625,28261329,0.0,0.0
2021-06-23 00:00:00+05:30,48.72026616893345,53.40067540159966,47.90354800300945,52.92949295043945,363893778,0.0,0.0
2021-06-24 00:00:00+05:30,53.070853043226066,54.50010634431257,52.39549100070654,53.76192092895508,169690515,0.0,0.0
2021-06-25 00:00:00+05:30,53.7619189176101,55.25399553571291,53.667683861878665,54.97128677368164,71399592,0.0,0.0
2021-06-28 00:00:00+05:30,55.3325310312508,55.63094565039846,54.343044923825,54.578636169433594,38881053,0.0,0.0
2021-06-29 00:00:00+05:30,54.484392199821734,55.238283343525325,54.201683470287456,54.8613395690918,49605246,0.0,0.0
2021-06-30 00:00:00+05:30,55.23828850990848,56.19635926867107,54.90846222707624,55.91365051269531,43091670,0.0,0.0
2021-07-01 00:00:00+05:30,55.85082692369129,58.3952129071306,55.6309415377231,58.002559661865234,87835578,0.0,0.0
2021-07-02 00:00:00+05:30,58.25386102480732,58.25386102480732,56.62042814932601,56.74607849121094,40351092,0.0,0.0
2021-07-05 00:00:00+05:30,56.95026372463433,57.17014555387744,56.102133718203866,56.29060745239258,22985568,0.0,0.0
2021-07-06 00:00:00+05:30,56.07071440716695,57.23296474938028,56.039302721544566,56.87172317504883,41588856,0.0,0.0
2021-07-07 00:00:00+05:30,56.57331627458414,57.60991642070165,56.1963688060846,57.452857971191406,17834940,0.0,0.0
2021-07-08 00:00:00+05:30,57.73556100356088,58.86639970117673,56.259190156726454,56.74607849121094,44887437,0.0,0.0
2021-07-09 00:00:00+05:30,56.74607174502875,57.39002203160493,56.60471557656779,56.808895111083984,18512454,0.0,0.0
2021-07-12 00:00:00+05:30,56.85601903312422,58.09680222134938,56.85601903312422,57.75126647949219,18021216,0.0,0.0
2021-07-13 00:00:00+05:30,57.79838130705924,58.04967838264404,56.58901345677543,57.06019592285156,15530661,0.0,0.0
2021-07-14 00:00:00+05:30,56.88742638486056,58.00255914702707,56.79319133235501,57.845497131347656,18423249,0.0,0.0
2021-07-15 00:00:00+05:30,57.84550049746012,57.92403330728818,56.369129686606705,56.52619171142578,14669931,0.0,0.0
2021-07-16 00:00:00+05:30,56.69895635774037,56.91884535083716,56.133538816407956,56.43195343017578,21219636,0.0,0.0
2021-07-19 00:00:00+05:30,56.38483246574352,58.97633596283648,55.8037091167132,58.4266242980957,45407127,0.0,0.0
2021-07-20 00:00:00+05:30,58.630804286320405,58.662215970848635,56.62042412298191,56.91884231567383,21901098,0.0,0.0
2021-07-22 00:00:00+05:30,57.201560626213904,58.033981189770124,57.1701453416012,57.95545196533203,14278368,0.0,0.0
2021-07-23 00:00:00+05:30,57.86121292651272,58.17533339755275,57.04449466903655,57.37432098388672,12770211,0.0,0.0
2021-07-26 00:00:00+05:30,57.37431213983892,58.11249746963851,56.60471512726106,57.98685073852539,13753260,0.0,0.0
2021-07-27 00:00:00+05:30,57.98685012057538,58.19102965129499,57.107308632809904,57.499961853027344,14436747,0.0,0.0
2021-07-28 00:00:00+05:30,57.48426342462178,60.18570800633031,57.32720139731373,59.66740798950195,48274629,0.0,0.0
2021-07-29 00:00:00+05:30,59.98152190309812,60.217113106810466,59.039157088248736,59.30615997314453,27425199,0.0,0.0
2021-07-30 00:00:00+05:30,59.196221645048134,59.196221645048134,57.32719766173703,58.002559661865234,28756776,0.0,0.0
2021-08-02 00:00:00+05:30,58.11249369042014,58.740738089639244,57.6256090441836,57.73554992675781,21084204,0.0,0.0
2021-08-03 00:00:00+05:30,57.735560818273505,58.08109296638319,57.02878708388645,57.24867248535156,17656980,0.0,0.0
2021-08-04 00:00:00+05:30,57.32719644076157,58.049675952173146,54.90846084146355,55.112640380859375,38353227,0.0,0.0
2021-08-05 00:00:00+05:30,55.28541086380087,56.259191144707756,54.688581615168495,55.47388458251953,33065568,0.0,0.0
2021-08-06 00:00:00+05:30,55.56811772483571,56.47907094587719,54.971284940594565,55.0969352722168,23813595,0.0,0.0
2021-08-09 00:00:00+05:30,51.83007345549057,54.311632630961554,50.99764938603902,53.76192092895508,110821485,0.0,0.0
2021-08-10 00:00:00+05:30,53.76192148622296,54.719992311281324,52.67820391418625,53.16508865356445,32690748,0.0,0.0
2021-08-11 00:00:00+05:30,53.16508743253512,54.24880857451939,51.92430786043503,54.107452392578125,27235548,0.0,0.0
2021-08-12 00:00:00+05:30,53.99751153891534,54.735696945619004,53.40067871944004,54.610050201416016,17966661,0.0,0.0
2021-08-13 00:00:00+05:30,54.719989188308475,55.15975996730838,54.20168919692892,54.81422424316406,27821241,0.0,0.0
2021-08-16 00:00:00+05:30,54.70428173448583,55.144052500532034,54.1702759163598,54.76710510253906,12560913,0.0,0.0
2021-08-17 00:00:00+05:30,54.68857452099396,55.44246570323703,54.12315703302084,55.30111312866211,18039039,0.0,0.0
2021-08-18 00:00:00+05:30,55.31682020797321,57.12301719847828,54.421572836287694,54.688575744628906,34210602,0.0,0.0
2021-08-20 00:00:00+05:30,53.99750214740807,54.939866944377975,53.49490806833565,53.730499267578125,15542163,0.0,0.0
2021-08-23 00:00:00+05:30,54.15457376026935,55.568121206698066,53.133675985735024,55.01840591430664,26688300,0.0,0.0
2021-08-24 00:00:00+05:30,54.971279381732096,56.05500035110118,54.782805700776194,55.80370330810547,14925912,0.0,0.0
2021-08-25 00:00:00+05:30,55.69376765317281,56.71466542224127,55.69376765317281,56.52619171142578,16571559,0.0,0.0
2021-08-26 00:00:00+05:30,56.65183814266373,57.23296511490027,56.35342353250821,56.95025634765625,21301485,0.0,0.0
2021-08-27 00:00:00+05:30,57.01307930619777,58.42662672701258,56.95025593500697,58.20674133300781,28167945,0.0,0.0
2021-08-30 00:00:00+05:30,58.08108599879154,58.662212916820195,57.70414220924009,57.814083099365234,13619223,0.0,0.0
2021-08-31 00:00:00+05:30,57.76697024056927,58.8663972047992,57.68844102699462,58.63080596923828,21603702,0.0,0.0
2021-09-01 00:00:00+05:30,58.80358103655205,60.42130819819746,58.599401461411865,59.63600158691406,26940252,0.0,0.0
2021-09-02 00:00:00+05:30,59.91869830186836,60.45270769640565,59.60457787760389,59.730224609375,25664589,0.0,0.0
2021-09-03 00:00:00+05:30,60.31135952359384,62.68297425370053,59.85588287086922,62.384559631347656,52170660,0.0,0.0
2021-09-06 00:00:00+05:30,63.21699110115111,63.73528756430317,61.17519536850739,61.395084381103516,36365391,0.0,0.0
2021-09-07 00:00:00+05:30,61.39507388145519,62.196082598194195,60.73541414615508,61.03382873535156,15882570,0.0,0.0
2021-09-08 00:00:00+05:30,61.56784351005474,62.63585516314458,61.01812824641204,61.91337203979492,19285563,0.0,0.0
2021-09-09 00:00:00+05:30,61.80344330861179,62.5887427202228,61.41078641313156,61.89767837524414,11581218,0.0,0.0
2021-09-13 00:00:00+05:30,62.03902331344563,62.40026126482937,61.45789639014246,61.72489929199219,10518984,0.0,0.0
2021-09-14 00:00:00+05:30,61.772317145723115,64.47455821226099,61.535278328766275,63.968875885009766,29010315,0.4,0.0
2021-09-15 00:00:00+05:30,64.42714887120704,65.99160654184523,64.06369127347669,65.67555236816406,35238519,0.0,0.0
2021-09-16 00:00:00+05:30,65.70717554183129,66.0548272351456,64.7116094263467,64.96444702148438,12378501,0.0,0.0
2021-09-17 00:00:00+05:30,65.05925117060245,65.53332877012815,63.43158426330757,64.88542175292969,16039149,0.0,0.0
2021-09-20 00:00:00+05:30,64.00046426343755,65.09084399025106,63.54218547609113,63.71601486206055,12243591,0.0,0.0
2021-09-21 00:00:00+05:30,63.7160162485717,65.50171355812108,63.7160162485717,64.61676788330078,20777913,0.0,0.0
2021-09-22 00:00:00+05:30,64.60096730597321,65.3752930274959,64.41133917436137,65.09085083007812,9672642,0.0,0.0
2021-09-23 00:00:00+05:30,65.42271666238766,66.59210484045931,65.28049191852533,65.56494140625,19379646,0.0,0.0
2021-09-24 00:00:00+05:30,65.73875531008176,66.52887972908768,64.34812736265823,64.94862365722656,17282355,0.0,0.0
2021-09-27 00:00:00+05:30,65.13826944801943,66.27606020477663,64.07950128198375,64.47456359863281,10315860,0.0,0.0
2021-09-28 00:00:00+05:30,64.79060718305148,67.14518920018003,64.52196369430325,66.48148345947266,29934006,0.0,0.0
2021-09-29 00:00:00+05:30,66.65530718422362,67.12938473963388,64.37973347148444,64.83800506591797,27378225,0.0,0.0
2021-09-30 00:00:00+05:30,65.10664637188775,65.59652987202342,63.747623126949115,64.14269256591797,34237251,0.0,0.0
2021-10-01 00:00:00+05:30,63.21034243508055,64.55356708563238,62.941698951740165,63.76343536376953,22069932,0.0,0.0
2021-10-04 00:00:00+05:30,63.84245659700931,65.13826348110376,63.763441247377116,65.04344940185547,16627587,0.0,0.0
2021-10-05 00:00:00+05:30,65.35949038921278,65.62813384317955,64.648374087445,65.05924224853516,18733530,0.0,0.0
2021-10-06 00:00:00+05:30,65.07505144802344,65.89678790245247,62.57824462678939,62.989112854003906,15618651,0.0,0.0
2021-10-07 00:00:00+05:30,63.52638835265249,64.41133403053597,63.36836492226221,64.19009399414062,7587423,0.0,0.0
2021-10-08 00:00:00+05:30,64.1584998312783,64.36393394140525,63.020716478152245,63.257755279541016,9881742,0.0,0.0
2021-10-11 00:00:00+05:30,63.25774702425912,66.68690983252978,63.25774702425912,65.92838287353516,21749220,0.0,0.0
2021-10-12 00:00:00+05:30,65.95999134839573,66.9081464846618,64.64837867225425,66.44987487792969,18331041,0.0,0.0
2021-10-13 00:00:00+05:30,66.71851668982919,67.61926115331589,65.4543074616668,65.9441909790039,16863453,0.0,0.0
2021-10-14 00:00:00+05:30,66.14960833825288,67.2083833244106,66.07060024610716,66.544677734375,15404877,0.0,0.0
2021-10-18 00:00:00+05:30,64.86960725356325,70.0054520617749,64.79059915327326,68.63062286376953,40084623,0.0,0.0
2021-10-19 00:00:00+05:30,69.27853834625263,69.27853834625263,65.02764594773451,65.37529754638672,15424062,0.0,0.0
2021-10-20 00:00:00+05:30,65.3753011516336,66.43407643599676,64.11109898275411,64.7273941040039,16082943,0.0,0.0
2021-10-21 00:00:00+05:30,65.0592539269652,65.42271150630678,64.17430807251142,64.6009750366211,15707487,0.0,0.0
2021-10-22 00:00:00+05:30,64.82220645095283,65.39109807165963,63.21033841945925,63.668617248535156,10288875,0.0,0.0
2021-10-25 00:00:00+05:30,64.00047552959768,64.00047552959768,61.235025294540385,63.621212005615234,13207770,0.0,0.0
2021-10-26 00:00:00+05:30,63.62121679961975,65.50172859888562,63.55800741316804,65.16986846923828,9505146,0.0,0.0
2021-10-27 00:00:00+05:30,65.2488713276319,66.29184047211457,65.12245257893079,65.4384994506836,9492999,0.0,0.0
2021-10-28 00:00:00+05:30,65.4385097963924,65.69135456761815,63.17874175377324,63.30516052246094,11429706,0.0,0.0
2021-10-29 00:00:00+05:30,62.515033244027514,69.16791831157464,57.9796913945803,65.37529754638672,95295024,0.0,0.0
2021-11-01 00:00:00+05:30,65.64393443385181,65.99159323139351,62.04094940954902,63.3841667175293,23954010,0.0,0.0
2021-11-02 00:00:00+05:30,63.84244769833325,64.34812995102355,62.341199667676364,63.39997482299805,19613109,0.0,0.0
2021-11-03 00:00:00+05:30,63.82664326331752,65.18566661049817,63.03651155978582,63.320960998535156,25307715,0.0,0.0
2021-11-04 00:00:00+05:30,63.90566016325597,63.93726485346048,63.62121071756548,63.795040130615234,1434759,0.0,0.0
2021-11-08 00:00:00+05:30,63.700232774934115,67.41383851930645,63.700232774934115,67.14519500732422,35893830,0.0,0.0
2021-11-09 00:00:00+05:30,67.14518647343957,70.85879174582752,67.14518647343957,69.78421783447266,51756600,0.0,0.0
2021-11-10 00:00:00+05:30,69.81582510658322,69.97385579387513,69.1995227873848,69.43656158447266,15949584,0.0,0.0
2021-11-11 00:00:00+05:30,69.45237141258733,71.1116430845604,69.37335606454323,70.57435607910156,23431827,0.0,0.0
2021-11-12 00:00:00+05:30,71.26965523055361,72.05978688398567,70.19508139025749,70.66915893554688,23132022,0.0,0.0
2021-11-15 00:00:00+05:30,71.032617422038,71.42768687104095,69.76841544000676,70.36891174316406,8602539,0.0,0.0
2021-11-16 00:00:00+05:30,70.30571067729726,70.79558701392718,68.48840835832436,68.83606719970703,8030718,0.0,0.0
2021-11-17 00:00:00+05:30,68.80445433991146,68.83605902775334,67.33481103679168,68.09333801269531,18084606,0.0,0.0
2021-11-18 00:00:00+05:30,68.12494356021985,68.74124583168764,65.86517579868745,66.00740051269531,28766142,0.0,0.0
2021-11-22 00:00:00+05:30,66.33925267753982,66.49727611712683,63.44737671307658,64.15849304199219,17243226,0.0,0.0
2021-11-23 00:00:00+05:30,64.31652473595743,66.89234662826858,64.06367999475687,66.6869125366211,17089326,0.0,0.0
2021-11-24 00:00:00+05:30,67.03456681188526,67.3032102912015,65.42270593598778,65.84937286376953,11478315,0.0,0.0
2021-11-25 00:00:00+05:30,65.84938780389744,67.19261273908378,64.99605375472669,66.89236450195312,9875469,0.0,0.0
2021-11-26 00:00:00+05:30,65.8967785920418,66.48147615845568,62.135762928752584,62.64144515991211,22881369,0.0,0.0
2021-11-29 00:00:00+05:30,62.025147650881316,63.62120980170764,59.670565712216096,62.34120178222656,14850591,0.0,0.0
2021-11-30 00:00:00+05:30,62.34118970030577,64.88540651824074,62.32538374156934,64.39552307128906,32274063,0.0,0.0
2021-12-01 00:00:00+05:30,64.4745446936108,65.20145972180943,63.68441305814135,65.05924224853516,14136084,0.0,0.0
2021-12-02 00:00:00+05:30,64.50615867736717,65.35949980924735,63.92146103817238,65.0750503540039,13228377,0.0,0.0
2021-12-03 00:00:00+05:30,65.05923528727277,66.3076383633964,64.98021996202564,65.31207275390625,12481431,0.0,0.0
2021-12-06 00:00:00+05:30,65.31208931427463,66.75012808884718,65.31208931427463,65.69135284423828,14751723,0.0,0.0
2021-12-07 00:00:00+05:30,66.18122942607992,67.85629959201192,65.80196593614362,66.49727630615234,23275224,0.0,0.0
2021-12-08 00:00:00+05:30,66.70270711419936,67.30320339064956,65.83356738597672,66.03900146484375,9462426,0.0,0.0
2021-12-09 00:00:00+05:30,65.13825603566109,66.16542652806953,64.53775970187603,65.65974426269531,12294123,0.0,0.0
2021-12-10 00:00:00+05:30,65.61235420980266,66.63952502467947,64.82222949114544,64.96444702148438,18276354,0.0,0.0
2021-12-13 00:00:00+05:30,65.35948985533729,66.8133271337083,65.16985450277208,66.03900146484375,27024840,0.0,0.0
2021-12-14 00:00:00+05:30,66.18122895395102,67.28740749401193,65.944190178663,66.30764770507812,19438713,0.0,0.0
2021-12-15 00:00:00+05:30,66.21283180992135,66.48147526555898,65.2330720480931,65.73875427246094,14031681,0.0,0.0
2021-12-16 00:00:00+05:30,66.05481548883749,66.62370721058514,64.96443546907491,65.48592376708984,23209956,0.0,0.0
2021-12-17 00:00:00+05:30,65.65974711740206,65.78616588077952,63.305157863321526,63.621212005615234,12549333,0.0,0.0
2021-12-20 00:00:00+05:30,63.49479297426065,63.49479297426065,60.57131206346991,61.709102630615234,16835343,0.0,0.0
2021-12-21 00:00:00+05:30,61.75650458307272,63.66862087800033,61.75650458307272,63.05231857299805,10884186,0.0,0.0
2021-12-22 00:00:00+05:30,63.368376831942726,64.5377649043077,63.368376831942726,64.28492736816406,8943987,0.0,0.0
2021-12-23 00:00:00+05:30,64.60097574376312,66.2918521232942,64.60097574376312,66.02320861816406,8703837,0.0,0.0
2021-12-24 00:00:00+05:30,65.80197652719565,65.95999999266627,63.96887539233416,64.4903564453125,9183225,0.0,0.0
2021-12-27 00:00:00+05:30,64.47455684348984,65.56493682511307,63.684425059124365,65.40690612792969,8676960,0.0,0.0
2021-12-28 00:00:00+05:30,65.9915923270248,66.08640638855064,64.94862318254215,65.4384994506836,10372101,0.0,0.0
2021-12-29 00:00:00+05:30,65.3911085049851,67.28741903246876,65.3911085049851,66.27605438232422,24965061,0.0,0.0
2021-12-30 00:00:00+05:30,66.30764571997194,67.12938204539587,64.79059905031563,66.35504913330078,42195855,0.0,0.0
2021-12-31 00:00:00+05:30,66.37085509364314,67.31901016640948,65.92838224409559,66.35504913330078,12683187,0.0,0.0
2022-01-03 00:00:00+05:30,66.29183739750148,67.06616304815645,66.21282930015226,66.76591491699219,8974341,0.0,0.0
2022-01-04 00:00:00+05:30,67.16100855454334,69.23114153338587,66.75014025832986,68.3145980834961,31336737,0.0,0.0
2022-01-05 00:00:00+05:30,68.1881671213063,68.551631962457,67.19260838385252,67.4138412475586,11957511,0.0,0.0
2022-01-06 00:00:00+05:30,66.68691703796,67.36642873560697,66.56049104190129,66.97135925292969,8820915,0.0,0.0
2022-01-07 00:00:00+05:30,66.97137662320233,67.6192837983439,65.58074817667084,65.75457763671875,12974964,0.0,0.0
2022-01-10 00:00:00+05:30,66.03901471149568,66.84494522847314,65.73876651304431,66.63951110839844,9408897,0.0,0.0
2022-01-11 00:00:00+05:30,66.68692146752396,67.05037904994114,65.91258841293671,66.51309204101562,10022118,0.0,0.0
2022-01-12 00:00:00+05:30,66.68691182602161,66.98715997972637,65.99159422051633,66.56048583984375,7794744,0.0,0.0
2022-01-13 00:00:00+05:30,66.97134333878485,67.0977620709532,65.5017074927072,66.22862243652344,12144687,0.0,0.0
2022-01-14 00:00:00+05:30,66.08642164783288,70.1950970339508,65.86518878652349,69.56299591064453,27463650,0.0,0.0
2022-01-17 00:00:00+05:30,70.16349627430046,70.41633384426194,68.20397617169387,68.42520904541016,28842888,0.0,0.0
2022-01-18 00:00:00+05:30,68.9940865082566,69.0573031214926,65.61233407414639,65.84937286376953,17939775,0.0,0.0
2022-01-19 00:00:00+05:30,66.10221746011759,66.4972796972796,64.79060475630592,65.78616333007812,30378717,0.0,0.0
2022-01-20 00:00:00+05:30,66.05481116903177,67.25581115537973,65.5649348306762,67.11358642578125,20278191,0.0,0.0
2022-01-21 00:00:00+05:30,66.8133402700692,66.89235561866089,64.79061100400611,65.40690612792969,17723898,0.0,0.0
2022-01-24 00:00:00+05:30,65.40689792338162,65.97579678771916,61.64588209703115,62.356998443603516,20025537,0.0,0.0
2022-01-25 00:00:00+05:30,62.040951306868344,64.94862605885872,61.37723837909584,64.53775787353516,29718342,0.0,0.0
2022-01-27 00:00:00+05:30,63.8108399732444,65.20146067658347,62.62564611960946,64.75899505615234,23800311,0.0,0.0
2022-01-28 00:00:00+05:30,65.3437027634904,66.68692764406406,64.90122979153749,65.4543228149414,24666333,0.0,0.0
2022-01-31 00:00:00+05:30,67.85631074394375,69.45237306908925,65.62814732092056,66.27605438232422,53776260,0.0,0.0
2022-02-01 00:00:00+05:30,66.89234253609548,67.1451800279791,64.26911015470884,65.54911804199219,29395494,0.0,0.0
2022-02-02 00:00:00+05:30,66.22863900164073,67.06617416251282,65.8967861297716,66.60790252685547,30206025,0.0,0.0
2022-02-03 00:00:00+05:30,66.68692265341949,66.82914015595496,65.59654265292725,65.72296142578125,11555226,0.0,0.0
2022-02-04 00:00:00+05:30,66.19703762510056,66.24444828081997,64.58517660454652,64.7273941040039,17933076,0.0,0.0
2022-02-07 00:00:00+05:30,64.75899972747338,65.04344193255417,63.083922251043134,63.874053955078125,18325029,0.0,0.0
2022-02-08 00:00:00+05:30,63.90565966962814,64.44294663280454,62.072558716526416,63.05231857299805,26278878,0.0,0.0
2022-02-09 00:00:00+05:30,63.49813979857996,64.72415654613918,63.084158981692234,64.51716613769531,15305202,0.5,0.0
2022-02-10 00:00:00+05:30,64.62862614534552,65.201827567328,63.84843430866779,64.58085632324219,12104241,0.0,0.0
2022-02-11 00:00:00+05:30,63.95988358325282,64.85153345821662,63.64144240551671,63.800662994384766,11505933,0.0,0.0
2022-02-14 00:00:00+05:30,62.733868372987764,63.49814179568742,61.41231923119399,62.383583068847656,31961610,0.0,0.0
2022-02-15 00:00:00+05:30,62.47911513567221,63.49814150212629,61.33270500692274,63.35483932495117,10746255,0.0,0.0
2022-02-16 00:00:00+05:30,63.60960022092141,64.1191134094353,62.59056655524205,63.370765686035156,13420629,0.0,0.0
2022-02-17 00:00:00+05:30,63.450369298464175,65.16998078271402,63.195616360739,64.00765228271484,19166469,0.0,0.0
2022-02-18 00:00:00+05:30,63.68918991088867,64.1987029637022,63.37074880828624,63.68918991088867,10616886,0.0,0.0
2022-02-21 00:00:00+05:30,63.05232401396,64.2783409394324,62.68611296459026,63.100093841552734,10470885,0.0,0.0
2022-02-22 00:00:00+05:30,62.09698153160744,63.72105351774258,61.571542618571556,62.84532928466797,20409699,0.0,0.0
2022-02-23 00:00:00+05:30,62.861252497521264,63.86435317085257,62.861252497521264,63.370765686035156,10145349,0.0,0.0
2022-02-24 00:00:00+05:30,62.3198911419954,62.65426533914351,59.549412579856764,59.820091247558594,24915339,0.0,0.0
2022-02-25 00:00:00+05:30,61.41232319035943,64.0554289329958,61.109800400227634,63.73698043823242,22461840,0.0,0.0
2022-02-28 00:00:00+05:30,62.749804817172894,67.3513499786453,62.47912611877174,67.01698303222656,35587689,0.0,0.0
2022-03-02 00:00:00+05:30,66.09347202384863,69.93074265440454,66.09347202384863,68.78433990478516,51608091,0.0,0.0
2022-03-03 00:00:00+05:30,69.42123153213569,70.04220274319293,67.71754577173833,68.48181915283203,28625697,0.0,0.0
2022-03-04 00:00:00+05:30,68.14745445311873,71.57074449707089,67.68570381147269,68.43405151367188,46128378,0.0,0.0
2022-03-07 00:00:00+05:30,67.76532265363443,69.54862253627005,65.77503234574104,68.22706604003906,38244033,0.0,0.0
2022-03-08 00:00:00+05:30,68.92765036202036,69.34163120713964,66.30047039685338,67.82901000976562,20461842,0.0,0.0
2022-03-09 00:00:00+05:30,68.27482646489477,71.76181180541359,67.89268978713297,70.83831787109375,30245265,0.0,0.0
2022-03-10 00:00:00+05:30,71.76182387790169,72.1280349150661,68.67289310904819,69.02318572998047,37328694,0.0,0.0
2022-03-11 00:00:00+05:30,69.50085444425561,69.67600075373609,68.17930520373277,68.40221405029297,29348391,0.0,0.0
2022-03-14 00:00:00+05:30,68.78434683910699,68.81619095821497,66.61891029650506,66.80998229980469,28491564,0.0,0.0
2022-03-15 00:00:00+05:30,66.23678024820647,66.92143973560749,64.72415909443183,65.45658111572266,23328489,0.0,0.0
2022-03-16 00:00:00+05:30,66.52339269023706,66.84184124058221,65.79097049969249,66.55523681640625,23656146,0.0,0.0
2022-03-17 00:00:00+05:30,66.9373548666958,67.44686803131677,65.91832853745387,66.68260192871094,36269526,0.0,0.0
2022-03-21 00:00:00+05:30,66.87367672548861,68.27483996183757,65.88649436449869,66.52338409423828,38413833,0.0,0.0
2022-03-22 00:00:00+05:30,66.65075441561305,67.08066095654847,65.28144271666598,66.80998229980469,19632078,0.0,0.0
2022-03-23 00:00:00+05:30,68.1156039830164,68.1156039830164,65.87055379713432,66.04570007324219,33279774,0.0,0.0
2022-03-24 00:00:00+05:30,66.0457044338938,67.05612007158363,65.51644504318695,66.55892944335938,15609300,0.5,0.0
2022-03-25 00:00:00+05:30,66.75140226840543,66.78347837689417,65.74098649663354,66.07778930664062,22413369,0.0,0.0
2022-03-28 00:00:00+05:30,66.07779036607202,66.33440657984693,65.29191468287193,65.77306365966797,13461477,0.0,0.0
2022-03-29 00:00:00+05:30,66.07777507547922,66.91176840007068,65.91739456757665,66.52684783935547,12104067,0.0,0.0
2022-03-30 00:00:00+05:30,67.97029902393434,67.97029902393434,66.60704626036602,66.86365509033203,22181898,0.0,0.0
2022-03-31 00:00:00+05:30,67.42500551404805,68.11465283489596,66.31836145578042,67.61746215820312,21738033,0.0,0.0
2022-04-01 00:00:00+05:30,67.6655732016956,69.60621054011185,67.44104047270716,68.99674987792969,45845880,0.0,0.0
2022-04-04 00:00:00+05:30,69.76660232874356,70.68078245704056,69.22130112852246,70.39209747314453,29426580,0.0,0.0
2022-04-05 00:00:00+05:30,71.01757607732272,71.75533376164836,69.76658607988038,70.11943054199219,29299197,0.0,0.0
2022-04-06 00:00:00+05:30,69.92698272373886,70.88928068480752,69.67037384972097,70.56851959228516,27765654,0.0,0.0
2022-04-07 00:00:00+05:30,71.21003978158608,76.31022124318339,71.06569363800317,75.17150115966797,162897504,0.0,0.0
2022-04-08 00:00:00+05:30,76.56683747013959,77.68951593856447,75.36396506048773,76.85552978515625,86792331,0.0,0.0
2022-04-11 00:00:00+05:30,77.57724891694133,79.6141073667334,77.32063272433555,78.2508544921875,53098242,0.0,0.0
2022-04-12 00:00:00+05:30,78.25085304900784,79.03672865288453,76.16587680725846,77.75366973876953,34166946,0.0,0.0
2022-04-13 00:00:00+05:30,78.28292903697587,80.27167695843654,78.28292903697587,79.26126861572266,35185764,0.0,0.0
2022-04-18 00:00:00+05:30,78.90842221451153,82.21231241621423,78.3470793653291,81.7792739868164,58066713,0.0,0.0
2022-04-19 00:00:00+05:30,81.79532651278272,83.2387734512436,79.5660038867266,80.28772735595703,39192846,0.0,0.0
2022-04-20 00:00:00+05:30,81.05755128576466,81.9877730204246,80.38394573455396,81.25001525878906,31402827,0.0,0.0
2022-04-21 00:00:00+05:30,81.61888736194366,82.9821400746412,80.80093573432515,81.1217041015625,32102493,0.0,0.0
2022-04-22 00:00:00+05:30,80.9773650860601,82.32458353676057,80.46414005842419,80.72074890136719,14025423,0.0,0.0
2022-04-25 00:00:00+05:30,80.19149497097125,80.19149497097125,77.86593679328307,78.84427642822266,15988692,0.0,0.0
2022-04-26 00:00:00+05:30,79.24523124280232,81.28209710554401,79.22919685993843,80.35187530517578,16455561,0.0,0.0
2022-04-27 00:00:00+05:30,79.40561231092464,79.85468516037118,77.89801322412214,79.06880950927734,13818495,0.0,0.0
2022-04-28 00:00:00+05:30,80.19148833995358,80.19148833995358,78.10650481224341,79.1169204711914,9256521,0.0,0.0
2022-04-29 00:00:00+05:30,79.46977598710787,80.14338162531651,75.94134522403644,76.51872253417969,21932493,0.0,0.0
2022-05-02 00:00:00+05:30,75.37999548004106,76.79136605180712,74.96299879500229,76.3904037475586,13942155,0.0,0.0
2022-05-04 00:00:00+05:30,76.6630599904353,76.9357105598641,73.39124581553973,74.16108703613281,16041333,0.0,0.0
2022-05-05 00:00:00+05:30,75.33188155543813,76.47060163699663,74.41770155056714,75.3479232788086,18857412,0.0,0.0
2022-05-06 00:00:00+05:30,74.49788952922225,75.13942632448841,72.8940622245568,73.18275451660156,16795458,0.0,0.0
2022-05-09 00:00:00+05:30,72.17233737082259,72.86198463959377,71.0496590145264,72.33271789550781,23472795,0.0,0.0
2022-05-10 00:00:00+05:30,72.17234678317837,73.58371760972169,71.24212493518957,71.49874114990234,13234959,0.0,0.0
2022-05-11 00:00:00+05:30,72.14026125727783,72.23648957207747,69.20524993451465,70.24774169921875,17541396,0.0,0.0
2022-05-12 00:00:00+05:30,70.56852482881274,71.57893335786157,69.3335761765855,70.0232162475586,23454804,0.0,0.0
2022-05-13 00:00:00+05:30,70.69681588763692,72.39687150747429,69.6382897207146,70.16754913330078,12118287,0.0,0.0
2022-05-16 00:00:00+05:30,70.18359528897614,72.99029508218835,69.3816779158796,72.76576232910156,15258537,0.0,0.0
2022-05-17 00:00:00+05:30,73.39124751780002,75.02715831406664,72.54121968408559,74.65827941894531,17055900,0.0,0.0
2022-05-18 00:00:00+05:30,75.2196111394487,76.10172237664972,74.4177011769475,74.77053833007812,18878982,0.0,0.0
2022-05-19 00:00:00+05:30,73.61578789626613,74.03278462359816,71.91572488035477,72.97425842285156,11176905,0.0,0.0
2022-05-20 00:00:00+05:30,74.09693572078345,76.45456255701743,73.63182116970663,75.36396026611328,17729133,0.0,0.0
2022-05-23 00:00:00+05:30,75.78095950848763,77.04798409597288,73.87239809415517,74.2252426147461,15413691,0.0,0.0
2022-05-24 00:00:00+05:30,70.56851370158674,74.8507363341839,70.27982140066437,74.30543518066406,36815832,0.0,0.0
2022-05-25 00:00:00+05:30,74.41770256238357,75.52433921224747,72.33271900086478,72.6053695678711,12376107,0.0,0.0
2022-05-26 00:00:00+05:30,72.87802394197249,73.63182347151493,71.40250098999044,72.49311065673828,11313504,0.0,0.0
2022-05-27 00:00:00+05:30,73.77617279422475,74.62620802334872,72.87802707325454,74.06486511230469,11187723,0.0,0.0
2022-05-30 00:00:00+05:30,75.02715670889025,75.4762295314194,73.45540550091317,73.98466491699219,8326164,0.0,0.0
2022-05-31 00:00:00+05:30,74.22524434733042,75.6847329536377,73.66390878792419,75.29981231689453,13674072,0.0,0.0
2022-06-01 00:00:00+05:30,75.49226200579177,79.45372337315098,75.29980537603538,78.94049835205078,34360020,0.0,0.0
2022-06-02 00:00:00+05:30,79.61409972506816,80.04713813194758,78.31499918792879,78.8282241821289,26049855,0.0,0.0
2022-06-03 00:00:00+05:30,79.229199631495,79.53392633407279,77.54517823385417,77.70555877685547,11056728,0.0,0.0
2022-06-06 00:00:00+05:30,77.27252992200113,78.69993515124544,76.43853639026241,78.0744400024414,13057254,0.0,0.0
2022-06-07 00:00:00+05:30,78.90842864334158,79.72638039873345,77.6734801479263,78.84427642822266,28241430,0.0,0.0
2022-06-08 00:00:00+05:30,79.2131581022259,80.33583658951281,78.28293626701654,78.68389129638672,24623397,0.0,0.0
2022-06-09 00:00:00+05:30,78.65179857597384,79.37352188145826,77.97819309422137,78.76406860351562,6650814,0.0,0.0
2022-06-10 00:00:00+05:30,77.9461268543535,79.37353192409596,77.46497792315378,79.1329574584961,9887892,0.0,0.0
2022-06-13 00:00:00+05:30,77.94612704720467,77.94612704720467,75.3318840251015,75.5403823852539,13056528,0.0,0.0
2022-06-14 00:00:00+05:30,75.0752625726652,77.75366496086315,75.0752625726652,77.41685485839844,11702244,0.0,0.0
2022-06-15 00:00:00+05:30,77.97820810527305,78.15463037058652,76.6149551575106,77.03195190429688,9599067,0.0,0.0
2022-06-16 00:00:00+05:30,77.36874651141844,78.23481602129527,74.12900854642534,74.54600524902344,12906030,0.0,0.0
2022-06-17 00:00:00+05:30,73.7761761374121,76.55080736813379,73.39125547644626,75.28377532958984,20333781,0.0,0.0
2022-06-20 00:00:00+05:30,75.38002253591826,75.7809776423307,71.75536282465264,72.86200714111328,12914700,0.0,0.0
2022-06-21 00:00:00+05:30,73.72807219680641,74.54602408546921,73.21484705048358,73.85637664794922,12811437,0.0,0.0
2022-06-22 00:00:00+05:30,73.50351053135186,73.76012670020866,72.18836826717836,72.44498443603516,11056173,0.0,0.0
2022-06-23 00:00:00+05:30,72.74972320767462,73.23087218039966,72.1883802922452,72.78179931640625,9004842,0.0,0.0
2022-06-24 00:00:00+05:30,73.43936103317944,75.02715390559051,73.23086268259013,74.89884948730469,9668958,0.0,0.0
2022-06-27 00:00:00+05:30,75.38000098016869,77.40082500440332,75.28376532140753,76.99986267089844,14977953,0.0,0.0
2022-06-28 00:00:00+05:30,76.80740588392197,77.14420866366537,75.31584127709411,75.84510803222656,9497565,0.0,0.0
2022-06-29 00:00:00+05:30,75.34792820663237,76.24606654687199,75.12338811525974,75.73284149169922,20182623,0.0,0.0
2022-06-30 00:00:00+05:30,75.5403814143255,76.72721200615005,74.35354348075097,75.09130859375,19573899,0.0,0.0
2022-07-01 00:00:00+05:30,74.73847103305022,75.54038843180581,72.89406909183809,73.71202087402344,15324042,0.0,0.0
2022-07-04 00:00:00+05:30,73.35917846227125,74.62621048519749,72.7978428744599,73.67994689941406,13538427,0.0,0.0
2022-07-05 00:00:00+05:30,74.35354018940649,75.34792144518123,73.16670965011835,73.5195541381836,14922519,0.0,0.0
2022-07-06 00:00:00+05:30,73.7120134566683,74.32146680068527,71.89968780643368,74.11296844482422,21103464,0.0,0.0
2022-07-07 00:00:00+05:30,74.25732586606054,76.29419190502507,74.12902142504733,75.90927124023438,19351467,0.0,0.0
2022-07-08 00:00:00+05:30,76.37437277114935,77.76970168257238,74.88280820369734,75.70075988769531,21179418,0.0,0.0
2022-07-11 00:00:00+05:30,75.63661512088837,76.47060861020682,74.99508562081675,75.29981231689453,10090566,0.0,0.0
2022-07-12 00:00:00+05:30,74.8988566451961,75.9573828807142,73.84032306792757,74.49789428710938,12953874,0.0,0.0
2022-07-13 00:00:00+05:30,74.38562917682394,75.47623148472644,74.0969368756732,74.8828125,12866319,0.0,0.0
2022-07-14 00:00:00+05:30,75.05923141978857,76.32625592853033,74.94696138080518,76.14983367919922,16879224,0.0,0.0
2022-07-15 00:00:00+05:30,76.18191425983993,79.13296015969874,76.1498381527817,78.748046875,24300105,0.0,0.0
2022-07-18 00:00:00+05:30,80.11129747083095,83.65576226175371,79.91884083402748,81.618896484375,114055476,0.0,0.0
2022-07-19 00:00:00+05:30,81.34625411636877,82.966123335645,80.84906340851877,81.84344482421875,30352653,0.0,0.0
2022-07-20 00:00:00+05:30,82.78969473374988,82.91799916141777,81.15379125573352,81.76324462890625,16157313,0.0,0.0
2022-07-21 00:00:00+05:30,81.79531907252684,86.57473232346959,81.60286243493859,86.18981170654297,56209248,0.0,0.0
2022-07-22 00:00:00+05:30,86.55869268992394,86.63888662839753,85.13128757229615,85.58036041259766,28925541,0.0,0.0
2022-07-25 00:00:00+05:30,86.51057056329145,88.01816941659854,85.98130385571056,86.62283325195312,27481563,0.0,0.0
2022-07-26 00:00:00+05:30,86.84738283183857,86.92757676831468,84.36144421858023,85.61243438720703,16387791,0.0,0.0
2022-07-27 00:00:00+05:30,86.04546704581459,87.84175839470939,85.90112089425156,87.61722564697266,26434413,0.0,0.0
2022-07-28 00:00:00+05:30,87.88988542183405,88.82010730043118,86.97569792744927,87.3606185913086,26787639,0.0,0.0
2022-07-29 00:00:00+05:30,87.88987462799527,88.6276324131825,87.24833781976713,88.27478790283203,14660187,0.0,0.0
2022-08-01 00:00:00+05:30,88.59555690395204,92.31644398644826,87.53703070751783,91.16168212890625,24181113,0.0,0.0
2022-08-02 00:00:00+05:30,91.70699147020709,92.0758703686978,89.52577950251153,90.45600128173828,32577612,0.0,0.0
2022-08-03 00:00:00+05:30,90.77676782260204,91.12960498958091,87.88987422409262,88.8040542602539,15700254,0.0,0.0
2022-08-04 00:00:00+05:30,89.2531404899497,92.22022847010948,88.51537525561628,91.14566040039062,39839988,0.0,0.0
2022-08-05 00:00:00+05:30,91.38622870202457,91.41830481075372,85.72471108119386,88.57952880859375,80363784,0.0,0.0
2022-08-08 00:00:00+05:30,88.83752237290842,91.46604279736336,88.627885321765,90.9016342163086,21774303,0.5,0.0
2022-08-10 00:00:00+05:30,90.8855256819017,92.98188912098344,90.54688343601232,92.6916275024414,28967340,0.0,0.0
2022-08-11 00:00:00+05:30,93.04639065516213,94.25583250675369,92.12721780069144,92.70774841308594,23053884,0.0,0.0
2022-08-12 00:00:00+05:30,92.88514385471137,94.22359100773612,92.62712612136366,93.88494873046875,13774848,0.0,0.0
2022-08-16 00:00:00+05:30,94.33645634652532,95.25562912229128,93.57854000988146,94.7396011352539,18326535,0.0,0.0
2022-08-17 00:00:00+05:30,95.22339133910481,95.36852584582107,93.72368778796377,93.965576171875,12973041,0.0,0.0
2022-08-18 00:00:00+05:30,93.86881653880337,94.98150460043826,92.48199617795815,93.12702941894531,16134525,0.0,0.0
2022-08-19 00:00:00+05:30,93.36891573511653,94.23971538932652,91.38542804396309,91.94983673095703,17598678,0.0,0.0
2022-08-22 00:00:00+05:30,91.91758124394543,93.61079984580759,91.20803808332275,93.23990631103516,18811092,0.0,0.0
2022-08-23 00:00:00+05:30,92.65937292410952,96.62634832277061,92.53036775461254,96.25544738769531,30535758,0.0,0.0
2022-08-24 00:00:00+05:30,96.75534978719165,97.04561878929216,94.0139457492721,94.83636474609375,20796507,0.0,0.0
2022-08-25 00:00:00+05:30,95.32014672722569,96.52958866595279,95.158890262678,95.69104766845703,22580238,0.0,0.0
2022-08-26 00:00:00+05:30,95.94906018074863,99.30324639209937,95.94906018074863,98.48082733154297,31345068,0.0,0.0
2022-08-29 00:00:00+05:30,97.33587759220264,100.3997944528309,96.96498406391305,99.60962677001953,27834195,0.0,0.0
2022-08-30 00:00:00+05:30,100.39979923707685,100.57718503258478,97.77128574174303,98.85171508789062,25458348,0.0,0.0
2022-09-01 00:00:00+05:30,98.96459974656379,103.4637251379722,98.6904600718208,103.14120483398438,33768936,0.0,0.0
2022-09-02 00:00:00+05:30,103.52821752286314,106.33412396013256,103.36696107767992,104.67315673828125,37018653,0.0,0.0
2022-09-05 00:00:00+05:30,105.73747173760282,106.07611398806333,104.60866177545199,105.75360107421875,24073551,0.0,0.0
2022-09-06 00:00:00+05:30,106.25350271288808,107.65645238143462,104.75379178567134,105.02793884277344,28364094,0.0,0.0
2022-09-07 00:00:00+05:30,105.269814936651,106.35024417447964,105.06017787041777,106.1889877319336,14016204,0.0,0.0
2022-09-08 00:00:00+05:30,106.7534011042644,106.88240626404212,105.49557865089042,105.83422088623047,13824843,0.0,0.0
2022-09-09 00:00:00+05:30,106.10836054168165,107.3339317051112,105.689086390557,105.83422088623047,16733637,0.0,0.0
2022-09-12 00:00:00+05:30,106.38250878459611,109.59156037511552,105.15694490408308,109.18841552734375,39074646,0.0,0.0
2022-09-13 00:00:00+05:30,109.81732363523243,110.17209522486681,108.05960240564023,108.3014907836914,18851928,0.0,0.0
2022-09-14 00:00:00+05:30,108.04345601500248,109.47866410188718,107.41454485496917,108.33372497558594,48838458,0.0,0.0
2022-09-15 00:00:00+05:30,110.92999564822595,110.92999564822595,105.07629479108502,107.49517822265625,25552945,0.0,3.0
2022-09-16 00:00:00+05:30,107.73708739892845,109.81732902870522,105.89873415908276,107.39844512939453,27675466,0.0,0.0
2022-09-19 00:00:00+05:30,108.70463777892977,110.05921419929057,106.4308884564568,106.91466522216797,18503444,0.0,0.0
2022-09-20 00:00:00+05:30,107.8822043952237,108.46273496044302,106.43087429125208,106.62438201904297,13735873,0.0,0.0
2022-09-21 00:00:00+05:30,106.8179090059947,106.963043508899,104.15713685285638,104.9311752319336,16931740,0.0,0.0
2022-09-22 00:00:00+05:30,105.07630893456358,108.36599232066762,104.10875543170047,106.4308853149414,20701188,0.0,0.0
2022-09-23 00:00:00+05:30,106.96304297204244,107.39843909672263,102.65742544401132,103.18958282470703,15215768,0.0,0.0
2022-09-26 00:00:00+05:30,101.59310740627095,101.59310740627095,96.27156368499008,97.43262481689453,41567351,0.0,0.0
2022-09-27 00:00:00+05:30,97.96478070710835,98.54531126455893,95.25562826321018,96.5134506225586,28782718,0.0,0.0
2022-09-28 00:00:00+05:30,95.78779549283233,97.67452184525526,95.40077262053224,95.93292999267578,24892912,0.0,0.0
2022-09-29 00:00:00+05:30,96.65859564251826,97.43263400953516,95.15888477228653,95.78779602050781,74476855,0.0,0.0
2022-09-30 00:00:00+05:30,96.12643828375843,98.06154527440016,93.12702392463322,97.67452239990234,28502920,0.0,0.0
2022-10-03 00:00:00+05:30,98.15829073021544,99.65800147209734,94.91698827521074,95.25563049316406,21407465,0.0,0.0
2022-10-04 00:00:00+05:30,96.997246427866,99.12586135184806,96.61022351936526,98.73884582519531,14768228,0.0,0.0
2022-10-06 00:00:00+05:30,99.60962551798862,101.59311305902264,99.07747554535912,101.25447082519531,20520361,0.0,0.0
2022-10-07 00:00:00+05:30,101.78662477589158,103.04444727280561,100.62556353400736,102.80255889892578,20045623,0.0,0.0
2022-10-10 00:00:00+05:30,101.68987010583334,102.17364684980195,100.57718211833607,101.06095886230469,11511957,0.0,0.0
2022-10-11 00:00:00+05:30,101.59310896522314,101.98013180907905,99.22260604210663,99.70638275146484,11739022,0.0,0.0
2022-10-12 00:00:00+05:30,99.31937169996215,100.09341009773007,97.7229068931598,99.89990234375,6659580,0.0,0.0
2022-10-13 00:00:00+05:30,99.89989677745365,101.0125847554606,97.77128207488602,98.10992431640625,7795689,0.0,0.0
2022-10-14 00:00:00+05:30,99.65800301512452,100.23853359515394,97.19073882269096,97.52938842773438,7476515,0.0,0.0
2022-10-17 00:00:00+05:30,97.23912575235346,99.41612110501808,96.70696838007429,98.4969482421875,9943468,0.0,0.0
2022-10-18 00:00:00+05:30,99.02909981117278,103.43147121391975,98.73883818863237,102.51229095458984,21766333,0.0,0.0
2022-10-19 00:00:00+05:30,103.18958574281478,105.65684282218662,101.8833899499888,102.46392059326172,22878764,0.0,0.0
2022-10-20 00:00:00+05:30,103.33471966484299,105.60846897755066,103.09283128302626,104.49578094482422,25579790,0.0,0.0
2022-10-21 00:00:00+05:30,105.02792190889892,105.41493735378992,99.36772875428737,100.19015502929688,19880033,0.0,0.0
2022-10-24 00:00:00+05:30,101.20608206287761,101.93174709781485,100.96419371789854,101.39959716796875,3728536,0.0,0.0
2022-10-25 00:00:00+05:30,101.59312175060792,102.07689852084891,100.19017206964813,101.6415023803711,13217298,0.0,0.0
2022-10-27 00:00:00+05:30,102.22203215452969,105.36658113421753,101.78662863592587,104.35064697265625,29990758,0.0,0.0
2022-10-28 00:00:00+05:30,104.49578102080359,105.02793841392635,100.52881303249445,101.9317626953125,20059496,0.0,0.0
2022-10-31 00:00:00+05:30,102.4639067496341,103.72172174314412,101.73824169812374,103.3830795288086,12793983,0.0,0.0
2022-11-01 00:00:00+05:30,103.8184844472731,106.81789855928265,103.28632711595104,104.97954559326172,26521676,0.0,0.0
2022-11-02 00:00:00+05:30,104.97955347169156,106.67277207607368,103.33471549445927,103.6249771118164,19881462,0.0,0.0
2022-11-03 00:00:00+05:30,103.33472703094253,108.55951054514847,103.04445799933193,106.38251495361328,34173239,0.0,0.0
2022-11-04 00:00:00+05:30,107.01141221021153,107.7854579382602,105.07630527193702,105.41494750976562,22356935,0.0,0.0
2022-11-07 00:00:00+05:30,105.85035862456938,106.72115828588755,105.26982797763984,106.09224700927734,15333789,0.0,0.0
2022-11-09 00:00:00+05:30,106.6243852799885,107.5919387122274,104.1571284568874,104.54415130615234,17033165,0.0,0.0
2022-11-10 00:00:00+05:30,104.54415628727061,104.9795523997843,101.3028462293571,103.23795318603516,12937603,0.0,0.0
2022-11-11 00:00:00+05:30,104.49578122224746,104.93117735793444,103.2379586807221,103.81849670410156,11075218,0.0,0.0
2022-11-14 00:00:00+05:30,103.81849673417406,104.1571389933451,102.02851679798158,103.14120483398438,10547759,0.0,0.0
2022-11-15 00:00:00+05:30,103.23794951025492,103.91524135008564,102.02850770539322,103.57659912109375,11675691,0.0,0.0
2022-11-16 00:00:00+05:30,105.4149450948196,106.23737143022306,103.8668610560344,104.78604125976562,27372424,0.0,0.0
2022-11-17 00:00:00+05:30,104.68927627848322,107.73707100419035,104.59252241360375,107.01140594482422,26985734,0.0,0.0
2022-11-18 00:00:00+05:30,107.25330432575849,107.78546170512055,102.94769419036511,103.86686706542969,23962357,0.0,0.0
2022-11-21 00:00:00+05:30,103.62497202626824,103.72172589397228,101.10933455672858,102.36715698242188,16407321,0.0,0.0
2022-11-22 00:00:00+05:30,101.78662015146844,104.3022650310044,101.64149303921191,103.96361541748047,11999335,0.0,0.0
2022-11-23 00:00:00+05:30,104.49577246619354,105.5600797834613,102.89930779936842,103.43146514892578,21024176,0.0,0.0
2022-11-24 00:00:00+05:30,103.5282211303711,103.91524399414378,102.60904828802721,103.5282211303711,12820212,0.0,0.0
2022-11-25 00:00:00+05:30,103.81848959845048,104.49577407024098,103.18957837073239,103.67335510253906,8834584,0.0,0.0
2022-11-28 00:00:00+05:30,103.62497605989451,105.22144077561816,103.4798415617656,103.91524505615234,11289089,0.0,0.0
2022-11-29 00:00:00+05:30,104.39902925505572,104.39902925505572,101.83501087772679,102.705810546875,8717535,0.0,0.0
2022-11-30 00:00:00+05:30,103.04444913629227,103.09282976468211,100.77069985707223,101.68987274169922,27869373,0.0,0.0
2022-12-01 00:00:00+05:30,102.2220365373011,102.89932108614877,100.48043715190998,100.77070617675781,19098551,0.0,0.0
2022-12-02 00:00:00+05:30,101.15772634719359,102.99607218202591,100.91583796031063,102.705810546875,13020973,0.0,0.0
2022-12-05 00:00:00+05:30,102.89930809713287,104.10874991158401,101.59311241389506,103.96361541748047,17476086,0.0,0.0
2022-12-06 00:00:00+05:30,103.77009638155924,104.88278420607574,102.07687802568299,102.2703857421875,13880227,0.0,0.0
2022-12-07 00:00:00+05:30,102.80254303534423,103.67334252330699,102.02849740563374,102.2703857421875,11943855,0.0,0.0
2022-12-08 00:00:00+05:30,101.59310809931573,102.07688480455056,100.86744304146347,101.88337707519531,15789329,0.0,0.0
2022-12-09 00:00:00+05:30,102.56066471782995,103.43146429086016,101.10933455672858,102.36715698242188,12630851,0.0,0.0
2022-12-12 00:00:00+05:30,102.56067211059768,103.0928294940992,100.625565089643,101.15772247314453,19335542,0.0,0.0
2022-12-13 00:00:00+05:30,101.68986247951992,101.98013145687105,101.01257804149627,101.73824310302734,7421330,0.0,0.0
2022-12-14 00:00:00+05:30,101.73825704148668,102.22203381545299,101.44798802436779,102.02851867675781,6168426,0.0,0.0
2022-12-15 00:00:00+05:30,101.83500941094128,102.22203230074906,99.41612557695218,99.89990234375,10186774,0.0,0.0
2022-12-16 00:00:00+05:30,98.93234299518761,99.07747749306589,94.67510622122575,96.22319030761719,38364152,0.0,0.0
2022-12-19 00:00:00+05:30,96.22318902880903,97.5777653545919,94.57835109297442,97.19074249267578,22872344,0.0,0.0
2022-12-20 00:00:00+05:30,97.48101097985072,98.30342994350983,95.78779242685083,98.01316833496094,10478941,0.0,0.0
2022-12-21 00:00:00+05:30,98.54531850136998,98.88396073626427,95.25563525843882,95.9813003540039,11606766,0.0,0.0
2022-12-22 00:00:00+05:30,96.27157569477576,96.65859858097353,93.65918413117414,95.0621337890625,14577136,0.0,0.0
2022-12-23 00:00:00+05:30,95.73941995687404,95.93293509423857,92.88513996283841,93.41729736328125,23099245,0.0,0.0
2022-12-26 00:00:00+05:30,93.46565284202948,96.61020125336277,91.57892674796803,96.02967071533203,12096095,0.0,0.0
2022-12-27 00:00:00+05:30,96.56182684759119,97.67450728960002,95.20725068732622,96.99722290039062,10240049,0.0,0.0
2022-12-28 00:00:00+05:30,96.36831613773431,97.6261384970827,96.02967392770867,96.5134506225586,9470020,0.0,0.0
2022-12-29 00:00:00+05:30,95.30402477169481,96.56184734071009,95.11051701423759,95.69104766845703,11367064,0.0,0.0
2022-12-30 00:00:00+05:30,96.17482308486125,98.06154952987427,96.0296885778954,96.65859985351562,9236774,0.0,0.0
2023-01-02 00:00:00+05:30,97.14235737860584,97.91639562600996,96.65858070578594,96.99722290039062,6973552,0.0,0.0
2023-01-03 00:00:00+05:30,97.04562089379083,97.62615152873369,96.56184413436384,97.093994140625,8833881,0.0,0.0
2023-01-04 00:00:00+05:30,97.43264017856526,97.62615531895759,95.25564467662451,95.54591369628906,8927128,0.0,0.0
2023-01-05 00:00:00+05:30,95.78780489145345,96.90049299029953,95.11052033485915,96.70697784423828,10448282,0.0,0.0
2023-01-06 00:00:00+05:30,96.56183673386376,97.23912119241542,95.49752203921547,95.73941040039062,7215940,0.0,0.0
2023-01-09 00:00:00+05:30,96.65860195549554,98.40019393141614,96.27157905578613,96.75535583496094,11920266,0.0,0.0
2023-01-10 00:00:00+05:30,96.75534898265892,96.85210285527212,95.11051100269263,95.93292999267578,10397112,0.0,0.0
2023-01-11 00:00:00+05:30,97.09397939181929,97.4810022169407,96.3199411234229,96.94884490966797,11130194,0.0,0.0
2023-01-12 00:00:00+05:30,97.19073898821452,97.2391196124022,95.69103560240497,96.17481231689453,9299447,0.0,0.0
2023-01-13 00:00:00+05:30,96.27158168383453,96.85211235832222,94.2397206322036,96.70697784423828,11684608,0.0,0.0
2023-01-16 00:00:00+05:30,97.19074384319558,99.65800816307865,96.94885547386772,98.7872085571289,16485682,0.0,0.0
2023-01-17 00:00:00+05:30,99.02909144350072,99.6580026453016,98.2066725096904,99.56124877929688,11762030,0.0,0.0
2023-01-18 00:00:00+05:30,99.75475967454447,100.62555925989373,98.78720622012241,99.36773681640625,13005273,0.0,0.0
2023-01-19 00:00:00+05:30,98.69045939934372,99.6580129228667,98.54532489444577,99.51287841796875,4842895,0.0,0.0
2023-01-20 00:00:00+05:30,99.56125560489852,100.0450323499351,98.30343311506448,98.4969482421875,7912700,0.0,0.0
2023-01-23 00:00:00+05:30,99.02909663906874,99.17423113661371,97.81965479593931,98.25505828857422,9725869,0.0,0.0
2023-01-24 00:00:00+05:30,98.25505402116853,98.54531562180468,96.90047773932598,97.3842544555664,10169994,0.0,0.0
2023-01-25 00:00:00+05:30,96.94885672788531,97.62614859987231,95.59428774760593,95.93292999267578,9232812,0.0,0.0
2023-01-27 00:00:00+05:30,96.36832438533546,96.70696662434351,89.45031558054042,91.24029541015625,24624255,0.0,0.0
2023-01-30 00:00:00+05:30,89.93409492257538,89.93409492257538,84.17715454709356,86.06388092041016,62828817,0.0,0.0
2023-01-31 00:00:00+05:30,87.37008380102158,93.12702415999118,86.1606419288139,91.86920166015625,59004021,0.0,0.0
2023-02-01 00:00:00+05:30,93.8526867465291,94.09457511443253,86.16063959993903,87.99898529052734,44092961,0.0,0.0
2023-02-02 00:00:00+05:30,86.64442069430216,90.46625414669072,85.43497879394533,90.07923126220703,24502896,0.0,0.0
2023-02-03 00:00:00+05:30,90.36949737621002,91.33705086550168,88.72465201530584,90.80489349365234,15906920,0.0,0.0
2023-02-06 00:00:00+05:30,90.46626140453198,91.91759180139611,90.17599237241988,91.4338150024414,7015869,0.0,0.0
2023-02-07 00:00:00+05:30,91.43379474545125,92.01432529921179,90.70812970778893,91.38541412353516,10315670,0.0,0.0
2023-02-08 00:00:00+05:30,91.86919230252416,93.17539529693883,91.28866173936575,92.98188018798828,11577350,0.0,0.0
2023-02-09 00:00:00+05:30,93.22377749402546,93.56241973991482,92.44973912939938,92.6916275024414,6577385,0.0,0.0
2023-02-10 00:00:00+05:30,93.03241322192594,94.10342849476154,92.83767844517352,93.7139663696289,10685751,0.6,0.0
2023-02-13 00:00:00+05:30,93.71395352961257,94.63891945024469,91.96137792082719,92.15611267089844,13582939,0.0,0.0
2023-02-14 00:00:00+05:30,92.30215661396889,92.64293312170105,90.64694476040157,92.107421875,9624926,0.0,0.0
2023-02-15 00:00:00+05:30,91.57192327742703,92.30216187635908,90.93904833934502,92.15611267089844,11575131,0.0,0.0
2023-02-16 00:00:00+05:30,93.37318460487992,95.80731346617307,91.76665807075207,95.1744384765625,32927840,0.0,0.0
2023-02-17 00:00:00+05:30,94.97971408109233,96.05072932756265,93.66527851258074,93.90869140625,20383244,0.0,0.0
2023-02-20 00:00:00+05:30,94.15210451419655,94.20079006439,91.71797557196425,92.3995361328125,17505922,0.0,0.0
2023-02-21 00:00:00+05:30,93.42185668851863,93.66526955891953,92.10742867402801,93.03240203857422,11933886,0.0,0.0
2023-02-22 00:00:00+05:30,93.1784479322929,93.61659557538314,92.30216750285564,92.49689483642578,14589841,0.0,0.0
2023-02-23 00:00:00+05:30,92.59426172955237,93.17845117898983,91.1824699410475,92.88636016845703,16196352,0.0,0.0
2023-02-24 00:00:00+05:30,93.12976779495563,93.37318067082934,92.49689283200969,92.8376693725586,8061923,0.0,0.0
2023-02-27 00:00:00+05:30,92.8376746191823,93.17845117898983,90.69564416178764,92.88636016845703,13928820,0.0,0.0
2023-02-28 00:00:00+05:30,92.64293312170105,93.61658453143333,91.91269456440183,92.107421875,10965145,0.0,0.0
2023-03-01 00:00:00+05:30,92.69162054331721,94.5415598932548,92.30216588301161,94.49288177490234,14285091,0.0,0.0
2023-03-02 00:00:00+05:30,94.63891770361712,94.9797016528596,93.66526625634381,94.15209197998047,10048980,0.0,0.0
2023-03-03 00:00:00+05:30,94.68761471453527,95.12575494752112,93.08108814630066,93.32450103759766,7938348,0.0,0.0
2023-03-06 00:00:00+05:30,93.8113277344567,94.68761563734041,93.37318749720083,93.90869140625,8289319,0.0,0.0
2023-03-08 00:00:00+05:30,93.71395845385751,93.86000766699239,92.01006830015102,93.56790924072266,14292676,0.0,0.0
2023-03-09 00:00:00+05:30,93.6165962346045,94.3468348831921,92.74030837062504,92.9350357055664,7884249,0.0,0.0
2023-03-10 00:00:00+05:30,91.81534667235115,92.98372559327385,91.08510798968146,92.3995361328125,9620249,0.0,0.0
2023-03-13 00:00:00+05:30,91.57192959135996,92.39953190820566,89.47857731107612,89.91671752929688,11482697,0.0,0.0
2023-03-14 00:00:00+05:30,90.40354653237753,90.50091020342695,88.79701996076038,90.30618286132812,14285446,0.0,0.0
2023-03-15 00:00:00+05:30,91.03642125529578,91.7666599284666,89.77067125045092,90.1601333618164,8318506,0.0,0.0
2023-03-16 00:00:00+05:30,90.25749342336815,90.25749342336815,87.28786072824565,89.47857666015625,12278142,0.0,0.0
2023-03-17 00:00:00+05:30,90.6469655645721,92.20480669200604,90.45223820928253,90.9390640258789,13158718,0.0,0.0
2023-03-20 00:00:00+05:30,90.54958542290767,90.89036194688956,89.33252110270729,90.20880889892578,6579446,0.0,0.0
2023-03-21 00:00:00+05:30,90.54959372858842,90.98773395270062,89.91671873835942,90.64695739746094,5886671,0.0,0.0
2023-03-22 00:00:00+05:30,91.03641115098782,91.47455133491151,90.06275969482752,90.20880889892578,6096408,0.0,0.0
2023-03-23 00:00:00+05:30,89.86803645387067,90.30617665768067,88.4562373213369,89.67330169677734,9969670,0.0,0.0
2023-03-24 00:00:00+05:30,92.07439371616877,92.61341659192833,89.37929429153593,89.7223129272461,16650432,0.6,0.0
2023-03-27 00:00:00+05:30,91.24135931083306,91.8783842705251,89.52629613778326,89.9183120727539,15959308,0.0,0.0
2023-03-28 00:00:00+05:30,89.91831812495681,90.65334524859406,88.2032548364699,88.49726867675781,14999850,0.0,0.0
2023-03-29 00:00:00+05:30,88.399258137124,90.21233100445205,88.1052517770499,89.7223129272461,36103221,0.0,0.0
2023-03-31 00:00:00+05:30,92.36839433668224,96.48454260541536,92.36839433668224,95.6025161743164,64455094,0.0,0.0
2023-04-03 00:00:00+05:30,96.97456142878254,97.02356622073671,93.88745393978792,94.67147827148438,24154016,0.0,0.0
2023-04-05 00:00:00+05:30,93.15243865465318,96.48455556890508,93.15243865465318,96.2885513305664,24875169,0.0,0.0
2023-04-06 00:00:00+05:30,95.65152144762158,97.02357347705696,95.6025241290844,96.778564453125,11440418,0.0,0.0
2023-04-10 00:00:00+05:30,96.92558057141669,98.54264177841463,96.77857364767456,97.9056167602539,10870304,0.0,0.0
2023-04-11 00:00:00+05:30,98.39563995366858,98.93465539921192,96.82758346568677,98.00362396240234,8458648,0.0,0.0
2023-04-12 00:00:00+05:30,98.15062604232665,99.08165743311676,97.5136010226416,98.78765106201172,8938731,0.0,0.0
2023-04-13 00:00:00+05:30,98.7876485135921,99.76768467949249,98.49363467298896,98.88565063476562,9153834,0.0,0.0
2023-04-17 00:00:00+05:30,98.98364781511525,99.47366587360591,98.00361169813391,99.37566375732422,8323162,0.0,0.0
2023-04-18 00:00:00+05:30,99.37566287390095,101.77674834832735,99.17965116599785,100.89471435546875,19758227,0.0,0.0
2023-04-19 00:00:00+05:30,100.94372004907792,101.04172216535962,99.22865684436059,99.37566375732422,11271768,0.0,0.0
2023-04-20 00:00:00+05:30,99.47366749859336,101.2377355288102,99.32666058322825,100.79671478271484,13241812,0.0,0.0
2023-04-21 00:00:00+05:30,100.64970921475813,101.43374112247983,100.15969114170268,100.74771881103516,5625649,0.0,0.0
2023-04-24 00:00:00+05:30,100.74772110494868,101.13972959065272,99.47367109516283,99.76768493652344,5994078,0.0,0.0
2023-04-25 00:00:00+05:30,99.76767834414771,99.9636825740483,98.73863744446437,99.13065338134766,5696053,0.0,0.0
2023-04-26 00:00:00+05:30,98.78765248361915,99.86569081401672,98.39563650608835,99.62068176269531,4576455,0.0,0.0
2023-04-27 00:00:00+05:30,99.17965831367387,100.06169237009887,99.13066099097855,99.42466735839844,5362153,0.0,0.0
2023-04-28 00:00:00+05:30,99.9146772193751,101.38473136665623,99.22865494147672,101.23773193359375,11812226,0.0,0.0
2023-05-02 00:00:00+05:30,101.92375960166223,103.00179787126332,101.43374152665425,102.2177734375,13598952,0.0,0.0
2023-05-03 00:00:00+05:30,102.07076821263256,104.42285650710157,101.58075012949662,104.22684478759766,16034319,0.0,0.0
2023-05-04 00:00:00+05:30,104.81485763986949,106.0889075574897,104.37384438681435,105.10887145996094,15414305,0.0,0.0
2023-05-05 00:00:00+05:30,104.91286826692577,105.79489478174287,103.68782313292188,104.17784118652344,9315810,0.0,0.0
2023-05-08 00:00:00+05:30,104.17784653293111,105.3538869310964,103.88383269484855,105.15788269042969,6721354,0.0,0.0
2023-05-09 00:00:00+05:30,105.05987442526597,105.9909132729455,104.4718542187267,105.40289306640625,10063354,0.0,0.0
2023-05-10 00:00:00+05:30,105.74590689375144,106.43192923914478,105.10888187183889,105.89291381835938,10360986,0.0,0.0
2023-05-11 00:00:00+05:30,106.08891176029032,106.82393886255561,105.35388465802504,106.43192291259766,9435021,0.0,0.0
2023-05-12 00:00:00+05:30,106.48093000763626,106.48093000763626,104.47185289393119,105.15788269042969,6855025,0.0,0.0
2023-05-15 00:00:00+05:30,104.96187735830463,106.431931683987,104.7658731057135,105.50090026855469,7833289,0.0,0.0
2023-05-16 00:00:00+05:30,105.54989261062566,106.92194474524406,105.25588624561769,106.28491973876953,9051577,0.0,0.0
2023-05-17 00:00:00+05:30,106.62792816765146,107.55895944996189,105.79489152054207,106.08890533447266,9456088,0.0,0.0
2023-05-18 00:00:00+05:30,106.33392577915721,107.06895291587949,105.10888055128673,105.64790344238281,7220608,0.0,0.0
2023-05-19 00:00:00+05:30,105.64790831560869,105.696905640734,103.5898262561869,104.86387634277344,9255095,0.0,0.0
2023-05-22 00:00:00+05:30,106.38293232198423,109.07803186745328,105.45189344729978,108.2449951171875,27946526,0.0,0.0
2023-05-23 00:00:00+05:30,108.73500881280887,108.83301841034117,105.5988960959208,105.74590301513672,15214733,0.0,0.0
2023-05-24 00:00:00+05:30,105.74590327650141,107.11795539743709,105.15788307526684,106.62793731689453,10722681,0.0,0.0
2023-05-25 00:00:00+05:30,105.84390049737945,108.53899981559977,105.84390049737945,107.41195678710938,11158044,0.0,0.0
2023-05-26 00:00:00+05:30,107.36296983294605,108.78401934709748,106.9219490520459,108.49000549316406,7958341,0.0,0.0
2023-05-29 00:00:00+05:30,108.784008104067,109.56803998213637,107.99997622599763,109.22502136230469,10330215,0.0,0.0
2023-05-30 00:00:00+05:30,109.22503410002551,110.35207725227914,108.78402079035726,109.0290298461914,7803617,0.0,0.0
2023-05-31 00:00:00+05:30,108.34300016254879,110.20506287944688,107.99998152588415,109.91105651855469,15741522,0.0,0.0
2023-06-01 00:00:00+05:30,109.96005024328362,111.18509539963519,109.76404600910027,110.64608001708984,9185292,0.0,0.0
2023-06-02 00:00:00+05:30,111.13610331800004,111.23410543971103,109.76405118279854,111.03810119628906,9939324,0.0,0.0
2023-06-05 00:00:00+05:30,111.08709282481111,116.28128725717207,111.08709282481111,113.34117889404297,35214281,0.0,0.0
2023-06-06 00:00:00+05:30,113.92920731529982,116.13428874720886,113.58619614353053,115.69327545166016,18999553,0.0,0.0
2023-06-07 00:00:00+05:30,116.37929779519874,116.62430684318863,115.15425255524929,115.69327545166016,11262532,0.0,0.0
2023-06-08 00:00:00+05:30,116.13427837871832,116.33028260877784,114.07620405476506,115.2032470703125,11188999,0.0,0.0
2023-06-09 00:00:00+05:30,115.64426608361653,119.02538782149944,114.37021609355725,117.94734954833984,19873573,0.0,0.0
2023-06-12 00:00:00+05:30,118.53537070056727,121.42648186221679,116.37929413686467,116.72230529785156,24331332,0.0,0.0
2023-06-13 00:00:00+05:30,117.50633797321431,120.00542571397382,116.5263018057598,119.66241455078125,16552079,0.0,0.0
2023-06-14 00:00:00+05:30,119.90741066238189,120.69144250263216,118.68236558516695,118.97637939453125,8660080,0.0,0.0
2023-06-15 00:00:00+05:30,118.9763883592191,120.29943564688446,117.65334107155374,119.5154037475586,13948239,0.0,0.0
2023-06-16 00:00:00+05:30,119.85842451415986,124.70960048113938,119.22139951923263,122.70052337646484,32649860,0.0,0.0
2023-06-19 00:00:00+05:30,123.82755995084793,123.82755995084793,121.96548986225461,122.35750579833984,10053869,0.0,0.0
2023-06-20 00:00:00+05:30,122.5045204847869,124.21958377157391,121.42648219993728,122.65152740478516,15471361,0.0,0.0
2023-06-21 00:00:00+05:30,123.63156951861193,123.7785764456851,119.31940869460193,120.34844970703125,14141162,0.0,0.0
2023-06-22 00:00:00+05:30,121.08346796959363,124.80760081170754,120.34844086531139,120.98545837402344,25032998,0.0,0.0
2023-06-23 00:00:00+05:30,121.27948184178726,121.42648876973935,117.11432791994811,117.65335083007812,12413343,0.0,0.0
2023-06-26 00:00:00+05:30,118.58436347440612,120.10342236098535,117.60432741263416,118.97637939453125,17369553,0.0,0.0
2023-06-27 00:00:00+05:30,119.662416281588,120.15243437240292,115.5462673095757,116.03628540039062,19093714,0.0,0.0
2023-06-28 00:00:00+05:30,116.77129925195105,119.95641647988842,115.74225838747701,118.33935546875,61890385,0.0,0.0
2023-06-30 00:00:00+05:30,118.97639190782488,124.17057909526369,118.3393669052579,123.23954772949219,27973500,0.0,0.0
2023-07-03 00:00:00+05:30,123.48456143465908,123.48456143465908,120.25043897768012,121.27947998046875,15492508,0.0,0.0
2023-07-04 00:00:00+05:30,121.52447838509131,121.7204826174602,119.12339289170262,119.61341094970703,7595425,0.0,0.0
2023-07-05 00:00:00+05:30,120.1034365348275,121.27947695690993,118.63338226868314,119.31940460205078,15615891,0.0,0.0
2023-07-06 00:00:00+05:30,119.85842702205585,122.60252382188497,119.46641105719951,122.30851745605469,16906327,0.0,0.0
2023-07-07 00:00:00+05:30,121.8674926842874,123.38655169424814,121.18147037615941,121.573486328125,22837962,0.0,0.0
2023-07-10 00:00:00+05:30,121.72048156131797,122.1615022959446,120.05442316939191,120.54444122314453,9068813,0.0,0.0
2023-07-11 00:00:00+05:30,120.98545829678726,126.08164322572448,120.93646097611581,124.85660552978516,46215137,0.0,0.0
2023-07-12 00:00:00+05:30,125.7386408979798,125.93464513693193,124.0235776373601,125.10161590576172,18031857,0.0,0.0
2023-07-13 00:00:00+05:30,125.199618700491,126.22865965324584,122.50451927640998,122.99453735351562,12374030,0.0,0.0
2023-07-14 00:00:00+05:30,123.48455211134416,124.95460630314588,121.62248197297886,124.6115951538086,9577719,0.0,0.0
2023-07-17 00:00:00+05:30,125.24862013233913,125.68963339904674,123.87656805790775,124.6115951538086,9411535,0.0,0.0
2023-07-18 00:00:00+05:30,125.1506040742748,125.73863170229164,122.74951867583964,124.56258392333984,8994063,0.0,0.0
2023-07-19 00:00:00+05:30,125.1996139821008,125.1996139821008,124.17057306812737,124.36658477783203,8975718,0.0,0.0
2023-07-20 00:00:00+05:30,124.46459428090897,124.70960332476903,123.04354481735369,123.48455810546875,10187180,0.0,0.0
2023-07-21 00:00:00+05:30,123.82757281012533,124.12158666199261,122.25951638002654,122.45552062988281,9926528,0.0,0.0
2023-07-24 00:00:00+05:30,122.84753309601606,125.19962141248915,122.50452193002852,123.48455810546875,13121674,0.0,0.0
2023-07-25 00:00:00+05:30,124.02357750710655,124.66059502157319,122.84752964338156,124.51359558105469,7151050,0.0,0.0
2023-07-26 00:00:00+05:30,124.51359908051404,124.80760544689653,123.14154693948119,123.48455810546875,12681896,0.0,0.0
2023-07-27 00:00:00+05:30,123.68054625602468,126.22864596226869,123.48454203727437,124.70958709716797,11597763,0.0,0.0
2023-07-28 00:00:00+05:30,126.66967023897035,129.07075577491094,125.44462507224917,127.55169677734375,37245053,0.0,0.0
2023-07-31 00:00:00+05:30,127.69870504808418,128.3847273177278,126.2776557136444,128.09071350097656,16197160,0.0,0.0
2023-08-01 00:00:00+05:30,128.3847336192012,130.58981492182107,127.4537022822613,127.84571075439453,17079508,0.0,0.0
2023-08-02 00:00:00+05:30,127.84570928330187,128.09071831410702,121.23046545156244,122.84752655029297,20816954,0.0,0.0
2023-08-03 00:00:00+05:30,123.0435483609414,123.97457976358976,121.03447115259554,122.16151428222656,12415922,0.0,0.0
2023-08-04 00:00:00+05:30,123.77856223347071,125.49362540587464,122.99453036382467,125.05260467529297,10589274,0.0,0.0
2023-08-07 00:00:00+05:30,125.88564061074918,126.62066772403206,124.07257522673456,125.98365020751953,8339894,0.0,0.0
2023-08-08 00:00:00+05:30,126.13064202296331,127.4046919331274,125.0526038174071,126.5716552734375,12505272,0.0,0.0
2023-08-09 00:00:00+05:30,127.20867730558605,129.75676196343014,126.42464550541757,129.07073974609375,13111006,0.0,0.0
2023-08-10 00:00:00+05:30,128.97274927858743,130.49179318235585,126.52265917036323,126.81665802001953,11116731,0.0,0.0
2023-08-11 00:00:00+05:30,127.60071482511123,130.58982833313823,126.96369725393312,129.41378784179688,10967883,0.0,0.0
2023-08-14 00:00:00+05:30,129.31575603219787,129.31575603219787,126.86566586503172,127.89470672607422,8529502,0.0,0.0
2023-08-16 00:00:00+05:30,128.1397186153852,129.2667541358817,126.86566870906483,128.67874145507812,7062446,0.0,0.0
2023-08-17 00:00:00+05:30,129.41715048012597,129.56483977546358,126.26664080951969,126.70967864990234,7162118,0.6,0.0
2023-08-18 00:00:00+05:30,126.26664202539271,127.59577058215453,124.78983919468637,125.18365478515625,8997702,0.0,0.0
2023-08-21 00:00:00+05:30,125.23286724862565,127.69420510737542,125.18364499829488,127.25116729736328,5063202,0.0,0.0
2023-08-22 00:00:00+05:30,127.69419319552975,131.63233340216328,127.34961494113692,131.238525390625,20596242,0.0,0.0
2023-08-23 00:00:00+05:30,131.8784877238349,133.30606076672376,130.7462782470508,131.3369903564453,19426832,0.0,0.0
2023-08-24 00:00:00+05:30,132.96145947193924,133.4044972330955,131.53388667585236,132.32150268554688,17543374,0.0,0.0
2023-08-25 00:00:00+05:30,135.1274569053573,135.81662854439176,130.9924120483356,131.3369903564453,33919926,0.0,0.0
2023-08-28 00:00:00+05:30,133.99525129558535,134.29059984739865,132.518448445257,132.8137969970703,13346571,0.0,0.0
2023-08-29 00:00:00+05:30,133.20760912799244,133.74910646639034,132.02616994964237,132.46920776367188,11118400,0.0,0.0
2023-08-30 00:00:00+05:30,133.40451315391508,133.40451315391508,132.1738442133808,132.46920776367188,12555619,0.0,0.0
2023-08-31 00:00:00+05:30,132.46921952529564,132.9614871452166,130.15555570254088,131.1400909423828,14954352,0.0,0.0
2023-09-01 00:00:00+05:30,131.97694860247177,136.25966777491396,131.82925930650225,135.7181854248047,23415545,0.0,0.0
2023-09-04 00:00:00+05:30,137.34266929465963,140.14860080550486,137.04730571096815,138.37643432617188,28262276,0.0,0.0
2023-09-05 00:00:00+05:30,139.1148129539924,139.70552500166073,137.0472832301197,137.53955078125,11695197,0.0,0.0
2023-09-06 00:00:00+05:30,138.32719885158582,138.57333265737157,135.6197269879427,136.16122436523438,10151022,0.0,0.0
2023-09-07 00:00:00+05:30,136.30888243832405,138.8194499635033,135.47203661180663,137.68724060058594,18438943,0.0,0.0
2023-09-08 00:00:00+05:30,138.3764211055965,142.06842799196346,138.03182778707648,141.08389282226562,16579557,0.0,0.0
2023-09-11 00:00:00+05:30,142.1176409832405,144.8743271148173,140.83774240911544,142.46221923828125,19902175,0.0,0.0
2023-09-12 00:00:00+05:30,142.36379873800283,142.70837705111248,131.53391132432617,132.0753936767578,48752780,0.0,0.0
2023-09-13 00:00:00+05:30,132.91225404821216,134.8320947132344,131.23854718698288,133.74911499023438,19282289,0.0,0.0
2023-09-14 00:00:00+05:30,135.8658569544328,136.5550285865952,133.40451896612782,134.68441772460938,13197189,0.0,0.0
2023-09-15 00:00:00+05:30,135.37357609463822,136.0627476592846,133.01069786647534,133.60140991210938,9651337,0.0,0.0
2023-09-18 00:00:00+05:30,142.75760087325213,142.75760087325213,136.8503898026348,137.73646545410156,51859825,0.0,0.0
2023-09-20 00:00:00+05:30,137.83491705972818,137.9333765810392,134.14291035277117,134.78285217285156,19080613,0.0,0.0
2023-09-21 00:00:00+05:30,134.88132283603858,135.86585803922137,132.51844435752596,133.15838623046875,9531884,0.0,0.0
2023-09-22 00:00:00+05:30,132.07538854636337,134.7828602946123,131.97694404193402,133.94601440429688,12604969,0.0,0.0
2023-09-25 00:00:00+05:30,134.19215473723983,134.73365211783351,131.53391262310717,134.48751831054688,14984591,0.0,0.0
2023-09-26 00:00:00+05:30,134.48750561837198,136.16121234540304,133.79831900475864,135.52125549316406,12315581,0.0,0.0
2023-09-27 00:00:00+05:30,135.27513447561182,135.42282377367303,133.60142759062572,134.48751831054688,8713378,0.0,0.0
2023-09-28 00:00:00+05:30,134.78285252410774,135.86584717009634,132.5184337561905,132.9614715576172,22012674,0.0,0.0
2023-09-29 00:00:00+05:30,133.8967903474425,136.50580267964523,133.65065654165676,136.16122436523438,8504659,0.0,0.0
2023-10-03 00:00:00+05:30,135.76740343100008,138.4256605942006,135.0782317683544,137.04730224609375,19010910,0.0,0.0
2023-10-04 00:00:00+05:30,135.86586728271806,136.99807683428097,134.43829414554253,136.70272827148438,14912053,0.0,0.0
2023-10-05 00:00:00+05:30,137.34264476385223,139.16404068561644,135.96430164989945,136.8011474609375,15996620,0.0,0.0
2023-10-06 00:00:00+05:30,136.8503875732422,138.3271903168383,136.50579425727733,136.8503875732422,4987359,0.0,0.0
2023-10-09 00:00:00+05:30,134.09367253929102,135.472030640801,132.9614632262764,133.650634765625,10489249,0.0,0.0
2023-10-10 00:00:00+05:30,135.27512268750553,138.81945521270012,134.38904706761394,137.7856903076172,15593722,0.0,0.0
2023-10-11 00:00:00+05:30,137.78567933857596,138.32717662887435,135.37357143395175,135.6197052001953,10778916,0.0,0.0
2023-10-12 00:00:00+05:30,135.81662560345896,136.55502699132427,135.07822421559368,136.06275939941406,7567439,0.0,0.0
2023-10-13 00:00:00+05:30,134.19214664300208,136.0627574564224,134.19214664300208,135.32435607910156,8303230,0.0,0.0
2023-10-16 00:00:00+05:30,134.8813079381466,135.7673835140164,134.4382701502117,135.27511596679688,7785480,0.0,0.0
2023-10-17 00:00:00+05:30,135.37358371623478,136.7519269231289,135.37358371623478,136.4073486328125,6076896,0.0,0.0
2023-10-18 00:00:00+05:30,136.60424870144422,136.8011527220367,134.2905851467447,134.9305419921875,6806231,0.0,0.0
2023-10-19 00:00:00+05:30,133.8967668296647,135.0782058853639,132.96146153652,134.8813018798828,7775836,0.0,0.0
2023-10-20 00:00:00+05:30,134.58594094428702,134.78284495354865,131.4354317276622,132.12460327148438,8982112,0.0,0.0
2023-10-23 00:00:00+05:30,132.22305870190354,133.79830575013523,129.36789807598754,130.64779663085938,19333777,0.0,0.0
2023-10-25 00:00:00+05:30,130.45090391463543,132.5676484218606,127.25116476201231,129.17100524902344,10225867,0.0,0.0
2023-10-26 00:00:00+05:30,127.98957795742791,128.1864819958763,125.0359723122565,126.85736846923828,18167694,0.0,0.0
2023-10-27 00:00:00+05:30,127.25117231247646,130.79550497788793,127.25117231247646,130.15554809570312,8761931,0.0,0.0
2023-10-30 00:00:00+05:30,131.4354256011148,131.87846335700553,128.77718404295805,129.90939331054688,9052085,0.0,0.0
2023-10-31 00:00:00+05:30,130.45089922076542,131.58310856336752,128.72796281596285,131.18930053710938,8098744,0.0,0.0
2023-11-01 00:00:00+05:30,131.6815759679132,132.46920709041495,130.00786922185583,130.35244750976562,10431945,0.0,0.0
2023-11-02 00:00:00+05:30,131.63234229905942,132.9122409572849,131.23853426090406,132.66610717773438,4885035,0.0,0.0
2023-11-03 00:00:00+05:30,133.059918320972,134.8813143412754,132.66611027362674,133.84754943847656,9154983,0.0,0.0
2023-11-06 00:00:00+05:30,134.83208390236467,135.86584879997073,133.8967785275074,135.52125549316406,7070089,0.0,0.0
2023-11-07 00:00:00+05:30,135.42281724801495,136.80116049327535,134.58595633444025,135.9150848388672,8587321,0.0,0.0
2023-11-08 00:00:00+05:30,135.61970213516548,138.96711527130046,135.5704723784668,138.2287139892578,9755483,0.0,0.0
2023-11-09 00:00:00+05:30,137.7856901576081,137.7856901576081,135.4720415869371,135.81661987304688,5481774,0.0,0.0
2023-11-10 00:00:00+05:30,135.37358940028673,136.9488517224342,134.9305515668124,136.6534881591797,5781314,0.0,0.0
2023-11-13 00:00:00+05:30,136.99805309729695,141.96995835473373,136.89960860102707,141.1823272705078,20245049,0.0,0.0
2023-11-15 00:00:00+05:30,142.2653262292765,143.1514018368039,140.29625597004775,140.83775329589844,11440473,0.0,0.0
2023-11-16 00:00:00+05:30,141.03467150375252,142.11766626439092,140.0009065091096,140.3947296142578,11453235,0.0,0.0
2023-11-17 00:00:00+05:30,140.64085219301862,144.2343994815563,139.6070872809088,143.84059143066406,13496261,0.0,0.0
2023-11-20 00:00:00+05:30,144.1359339799744,144.4805272773251,140.9361948750251,141.62538146972656,7741502,0.0,0.0
2023-11-21 00:00:00+05:30,141.92073757401164,142.31456065244708,140.05012677558994,140.64085388183594,9972235,0.0,0.0
2023-11-22 00:00:00+05:30,141.0346695861851,141.23157362467433,137.98260440974892,139.6563262939453,7445272,0.0,0.0
2023-11-23 00:00:00+05:30,139.65631463939116,140.34548622799852,136.94884302336555,137.19497680664062,13138745,0.0,0.0
2023-11-24 00:00:00+05:30,137.78569656440754,139.95167097357617,135.22591408914087,138.1795196533203,19614754,0.0,0.0
2023-11-28 00:00:00+05:30,139.45940068316514,139.60708997220746,138.22873172188477,139.1148223876953,8595693,0.0,0.0
2023-11-29 00:00:00+05:30,139.85322293371016,140.44393501792712,138.32719042622452,138.8194580078125,14680789,0.0,0.0
2023-11-30 00:00:00+05:30,138.8194603847725,144.08672960707943,138.57332658976404,143.6436767578125,27591484,0.0,0.0
2023-12-01 00:00:00+05:30,145.66197583844522,147.97563950408383,144.48053663542711,145.16970825195312,34466616,0.0,0.0
2023-12-04 00:00:00+05:30,149.64933683644517,155.06427994565863,149.25552880126415,151.1753692626953,51416976,0.0,0.0
2023-12-05 00:00:00+05:30,151.32304446271922,152.70140264006517,147.63103777435026,149.6493377685547,29109123,0.0,0.0
2023-12-06 00:00:00+05:30,150.24006553550595,154.71968831964705,149.50166419445233,153.7351531982422,26688698,0.0,0.0
2023-12-07 00:00:00+05:30,159.29778162566302,159.29778162566302,155.80267902836297,157.87020874023438,51346222,0.0,0.0
2023-12-08 00:00:00+05:30,158.85474974797583,159.83928488115743,154.8673794540276,156.29495239257812,22869782,0.0,0.0
2023-12-11 00:00:00+05:30,157.32871371495514,160.72535684275073,156.6887568792285,158.75628662109375,22941648,0.0,0.0
2023-12-12 00:00:00+05:30,159.93774000801727,160.28233333665327,157.5256317760101,158.31326293945312,16306341,0.0,0.0
2023-12-13 00:00:00+05:30,157.7225310168667,161.36530813639425,156.93489987736532,160.33155822753906,16804086,0.0,0.0
2023-12-14 00:00:00+05:30,160.5776847732827,161.8083536785874,160.08541721116083,161.46376037597656,13887946,0.0,0.0
2023-12-15 00:00:00+05:30,163.4328337543002,167.5678783507498,162.69443239697654,166.4356689453125,39766631,0.0,0.0
2023-12-18 00:00:00+05:30,169.09391517562142,171.65371262263142,166.8294812836994,170.0292205810547,35901409,0.0,0.0
2023-12-19 00:00:00+05:30,170.2261205290427,171.7029232462622,168.45396928663058,170.37380981445312,14732129,0.0,0.0
2023-12-20 00:00:00+05:30,171.06297617001383,173.57354371692784,163.5805032895669,164.6634979248047,24511237,0.0,0.0
2023-12-21 00:00:00+05:30,162.44829268763752,169.1923641810679,161.51298734036232,168.0109100341797,22646625,0.0,0.0
2023-12-22 00:00:00+05:30,169.29080964204016,172.5397785188552,166.7802420998279,172.09674072265625,19640046,0.0,0.0
2023-12-26 00:00:00+05:30,175.2472585545033,181.64673709722393,175.2472585545033,179.13616943359375,52736391,0.0,0.0
2023-12-27 00:00:00+05:30,181.1544596775484,182.0405352646719,176.33024366265215,177.41322326660156,26206240,0.0,0.0
2023-12-28 00:00:00+05:30,178.693133553159,181.4006052736614,178.00396193795765,179.87457275390625,20453485,0.0,0.0
2023-12-29 00:00:00+05:30,180.12071040430936,182.33591458670872,178.2993293124699,181.35137939453125,19305150,0.0,0.0
2024-01-01 00:00:00+05:30,181.94209319716668,184.10806745680162,181.59749989600977,182.0897674560547,18008785,0.0,0.0
2024-01-02 00:00:00+05:30,183.12353512688125,183.3204391493366,176.970190532564,179.33306884765625,22790965,0.0,0.0
2024-01-03 00:00:00+05:30,179.52999877929688,181.8436474733672,177.80706218841232,179.52999877929688,18738690,0.0,0.0
2024-01-04 00:00:00+05:30,179.67764949817442,184.74799907762787,179.67764949817442,184.0095977783203,25403124,0.0,0.0
2024-01-05 00:00:00+05:30,184.797231433216,185.7325367542575,181.20368440186235,183.0742950439453,22023938,0.0,0.0
2024-01-08 00:00:00+05:30,183.8619301951978,184.60033152128292,180.36682758049884,180.76065063476562,11472441,0.0,0.0
2024-01-09 00:00:00+05:30,182.040536855058,183.8127030676009,181.35136527873956,181.79440307617188,11550790,0.0,0.0
2024-01-10 00:00:00+05:30,181.54826692785105,183.1235291012886,179.23461845020563,182.72972106933594,8701594,0.0,0.0
2024-01-11 00:00:00+05:30,184.10808147158454,184.74802333923148,180.95757185203485,181.4990692138672,10942508,0.0,0.0
2024-01-12 00:00:00+05:30,182.48358156083646,182.63125581247607,180.26837764936437,180.6621856689453,8853157,0.0,0.0
2024-01-15 00:00:00+05:30,182.0405372539309,186.9632128424397,181.25292117802042,185.7325439453125,24570393,0.0,0.0
2024-01-16 00:00:00+05:30,185.97869349769982,187.30782202844685,182.23747175138885,183.9111785888672,16471601,0.0,0.0
2024-01-17 00:00:00+05:30,183.41888747649836,185.58486163692908,180.95754978900592,182.7789306640625,16350370,0.0,0.0
2024-01-18 00:00:00+05:30,182.7789374656544,186.07713609875242,177.21632009404993,185.2895050048828,24831623,0.0,0.0
2024-01-19 00:00:00+05:30,187.06167588821899,190.70445288779518,187.06167588821899,188.88307189941406,22303305,0.0,0.0
2024-01-23 00:00:00+05:30,192.23048296145438,192.47661674245498,181.54827085690363,184.20652770996094,26628471,0.0,0.0
2024-01-24 00:00:00+05:30,183.9111646495223,187.25857807076542,181.1544632905383,186.32327270507812,14742783,0.0,0.0
2024-01-25 00:00:00+05:30,187.80006119603007,189.0307300112072,185.38795332284545,186.76629638671875,12592882,0.0,0.0
2024-01-29 00:00:00+05:30,187.0616782814111,190.70445532759155,184.64957017129257,187.94775390625,28919512,0.0,0.0
2024-01-30 00:00:00+05:30,189.03074057345438,189.37533387008347,184.10806503768734,184.994140625,20894159,0.0,0.0
2024-01-31 00:00:00+05:30,185.28951938629484,186.175610069228,181.9913355200189,183.02508544921875,23757415,0.0,0.0
2024-02-01 00:00:00+05:30,184.79724000505627,185.48641158816923,178.74235499388794,180.56373596191406,27835431,0.0,0.0
2024-02-02 00:00:00+05:30,182.13900152968114,184.84647317404128,181.00679212389255,181.7451934814453,27710061,0.0,0.0
2024-02-05 00:00:00+05:30,184.10806878532563,184.10806878532563,176.0348837468955,178.7423553466797,23880364,0.0,0.0
2024-02-06 00:00:00+05:30,179.57921543764715,180.7114399374315,177.90550859319967,180.26840209960938,12134363,0.0,0.0
2024-02-07 00:00:00+05:30,181.30213796834286,181.30213796834286,176.8717298885242,178.89002990722656,14192151,0.0,0.0
2024-02-08 00:00:00+05:30,179.38231062250148,184.20654212122128,178.93927278660246,181.94210815429688,29094709,0.0,0.0
2024-02-09 00:00:00+05:30,183.32568921329855,183.5233419269215,174.4311813808474,178.53253173828125,21081134,0.7,0.0
2024-02-12 00:00:00+05:30,179.1255045928389,180.95382611996754,171.61458085104087,172.6028594970703,19640568,0.0,0.0
2024-02-13 00:00:00+05:30,172.70169252020406,174.82648556644705,169.73685659711043,174.53001403808594,13961795,0.0,0.0
2024-02-14 00:00:00+05:30,175.1723720685859,180.01493090620937,173.245231922182,179.4713897705078,23449380,0.0,0.0
2024-02-15 00:00:00+05:30,180.85498217318803,184.11630453983898,180.45967676871774,183.77040100097656,17335763,0.0,0.0
2024-02-16 00:00:00+05:30,186.78465700017398,188.1682410200532,184.6598640239449,186.09286499023438,29843059,0.0,0.0
2024-02-19 00:00:00+05:30,187.72352903595822,190.24364264279802,186.09287527385138,186.53759765625,25343215,0.0,0.0
2024-02-20 00:00:00+05:30,186.88349391674325,189.20593963625552,184.0668938050675,188.41531372070312,17809897,0.0,0.0
2024-02-21 00:00:00+05:30,189.05768943905244,190.2930376252983,184.80808866237993,186.4881591796875,17870782,0.0,0.0
2024-02-22 00:00:00+05:30,187.52586170828238,193.70260287126928,186.48816617691367,192.46725463867188,31992371,0.0,0.0
2024-02-23 00:00:00+05:30,193.99912220556064,204.57370184534724,193.65321861007922,202.8936309814453,76179371,0.0,0.0
2024-02-26 00:00:00+05:30,203.23949531229349,204.474843606387,200.42291024972135,201.8559112548828,27013630,0.0,0.0
2024-02-27 00:00:00+05:30,201.16413424810824,206.5502501965772,200.719411845012,202.9430389404297,28877205,0.0,0.0
2024-02-28 00:00:00+05:30,203.78307353587195,206.5502570288002,199.08874951249012,203.23951721191406,38996363,0.0,0.0
2024-02-29 00:00:00+05:30,203.04185712705998,203.48657952876252,197.40867151897632,202.6959686279297,24059731,0.0,0.0
2024-03-01 00:00:00+05:30,203.5359977542253,205.61138908174465,202.39948326721105,203.1901092529297,12949604,0.0,0.0
2024-03-04 00:00:00+05:30,205.51255011131462,210.4539435502976,203.9313132588017,207.14321899414062,34272251,0.0,0.0
2024-03-05 00:00:00+05:30,208.5268090588625,211.24457552763917,207.3902945675305,208.2797393798828,24964592,0.0,0.0
2024-03-06 00:00:00+05:30,209.31742810381496,210.94808189901204,203.19010328437,207.98324584960938,26236957,0.0,0.0
2024-03-07 00:00:00+05:30,208.9715215199971,214.25881843051252,208.6750349033441,212.6775665283203,41484038,0.0,0.0
2024-03-11 00:00:00+05:30,213.91292040284006,213.91292040284006,209.41624932699762,210.0586395263672,22800967,0.0,0.0
2024-03-12 00:00:00+05:30,208.5267920429879,208.87269559730817,199.13814500787706,201.8559112548828,34719550,0.0,0.0
2024-03-13 00:00:00+05:30,201.7076756861721,203.19009364051456,185.99403632218085,188.06942749023438,41620003,0.0,0.0
2024-03-14 00:00:00+05:30,186.78465405804857,194.8391185582075,184.06688792757433,192.96139526367188,34622781,0.0,0.0
2024-03-15 00:00:00+05:30,194.44382412551428,194.44382412551428,177.0007120084906,186.6364288330078,88781999,0.0,0.0
2024-03-18 00:00:00+05:30,187.77293667658583,189.7494939047604,184.85751778101528,187.67410278320312,22999225,0.0,0.0
2024-03-19 00:00:00+05:30,187.77294015805603,190.19421979147552,182.3868246274041,183.2268524169922,27819341,0.0,0.0
2024-03-20 00:00:00+05:30,184.7092666231767,185.7469621821701,180.36084676064735,185.25282287597656,16235947,0.0,0.0
2024-03-21 00:00:00+05:30,187.77294860567153,195.18503868221117,187.77294860567153,194.54266357421875,43152810,0.0,0.0
2024-03-22 00:00:00+05:30,194.88978626878958,197.31970678584864,191.17051553846915,195.881591796875,31321524,0.7,0.0
2024-03-26 00:00:00+05:30,195.3856793734989,198.8569985501854,194.3442805937428,197.76600646972656,25723863,0.0,0.0
2024-03-27 00:00:00+05:30,198.36109356824244,202.27872213946515,196.37748263256,197.8155975341797,37817130,0.0,0.0
2024-03-28 00:00:00+05:30,198.85699519685124,200.79101282164163,197.36928700335858,199.8488006591797,17425093,0.0,0.0
2024-04-01 00:00:00+05:30,203.32014290206112,211.00663610933418,202.08038593314612,209.3701629638672,45840349,0.0,0.0
2024-04-02 00:00:00+05:30,211.9984356634218,220.8254989778952,210.85786533791455,219.18902587890625,93873385,0.0,0.0
2024-04-03 00:00:00+05:30,219.8832946131868,223.6025655475565,217.05665778331712,219.6849365234375,47658754,0.0,0.0
2024-04-04 00:00:00+05:30,221.66854097649738,222.0652571439837,216.46156182604273,218.49476623535156,18279026,0.0,0.0
2024-04-05 00:00:00+05:30,218.54436747555752,224.14806299698114,216.95747248048508,222.6603546142578,25365958,0.0,0.0
2024-04-08 00:00:00+05:30,223.70175080139379,223.85051558436467,220.28002458929464,221.7181396484375,16422350,0.0,0.0
2024-04-09 00:00:00+05:30,222.95788657413024,227.02428017423642,219.38738060616987,226.28042602539062,29048035,0.0,0.0
2024-04-10 00:00:00+05:30,227.12347018549352,230.9419275936411,224.64395631883966,226.87551879882812,37218693,0.0,0.0
2024-04-12 00:00:00+05:30,229.40462446632264,233.47101810073772,228.66077031120082,231.5865936279297,57174716,0.0,0.0
2024-04-15 00:00:00+05:30,228.11527691497156,236.04972132940534,224.14805470775465,232.52880859375,51676313,0.0,0.0
2024-04-16 00:00:00+05:30,230.59479031795996,235.0083219876179,228.1152764435733,231.53700256347656,32508661,0.0,0.0
2024-04-18 00:00:00+05:30,233.6693908684867,235.4546287303606,227.32182634334654,229.25584411621094,18623078,0.0,0.0
2024-04-19 00:00:00+05:30,226.6771681282194,232.57840829706618,223.85051617430645,231.38824462890625,27227241,0.0,0.0
2024-04-22 00:00:00+05:30,234.06611666570413,234.21488144906706,230.3964390498143,231.38824462890625,17549094,0.0,0.0
2024-04-23 00:00:00+05:30,232.33045511298667,234.1653014736765,229.85094118435288,232.4296417236328,19202860,0.0,0.0
2024-04-24 00:00:00+05:30,233.32225478577564,237.19029036315501,232.18168446093986,234.56201171875,33392337,0.0,0.0
2024-04-25 00:00:00+05:30,234.4628211354517,238.08292039861146,233.52060890911608,235.6529998779297,16197834,0.0,0.0
2024-04-26 00:00:00+05:30,236.54561863933748,239.66980000182818,235.95052926850525,236.99192810058594,20473627,0.0,0.0
2024-04-29 00:00:00+05:30,238.18209998549253,238.2316932904105,232.9255426067282,233.4710235595703,19876408,0.0,0.0
2024-04-30 00:00:00+05:30,234.36365614731142,235.3554617043176,231.28905286709156,231.8345489501953,14514418,0.0,0.0
2024-05-02 00:00:00+05:30,232.7767616757673,235.45463365837693,228.85913274437982,232.82635498046875,19171145,0.0,0.0
2024-05-03 00:00:00+05:30,235.15710306537233,236.04972201107316,229.2558479080941,232.1816864013672,15782582,0.0,0.0
2024-05-06 00:00:00+05:30,233.1734870027532,233.91734115295284,228.11527272789496,229.9501190185547,32422021,0.0,0.0
2024-05-07 00:00:00+05:30,230.59478966020407,233.86775099180892,223.60255752762822,225.5365753173828,26418769,0.0,0.0
2024-05-08 00:00:00+05:30,225.33822531192982,230.74356270967678,222.75953987774201,229.70217895507812,18952985,0.0,0.0
2024-05-09 00:00:00+05:30,232.57840966989005,236.24808730744067,223.45380131513522,224.34642028808594,35229412,0.0,0.0
2024-05-10 00:00:00+05:30,226.03247651445878,226.62756589196454,221.32140019941792,225.23904418945312,18478580,0.0,0.0
2024-05-13 00:00:00+05:30,226.52837883813248,226.8259235262991,219.18902391003024,222.90829467773438,32874369,0.0,0.0
2024-05-14 00:00:00+05:30,223.90010914048057,229.99970738914564,223.90010914048057,229.0574951171875,23191411,0.0,0.0
2024-05-15 00:00:00+05:30,229.90052620955862,232.57839812928626,227.66896375416036,230.94192504882812,33045920,0.0,0.0
2024-05-16 00:00:00+05:30,232.82634962036465,238.03332868535682,225.6357594829945,235.95053100585938,55556781,0.0,0.0
2024-05-17 00:00:00+05:30,239.02514066888457,247.60425273482718,235.90095919911982,246.1661376953125,82231249,0.0,0.0
2024-05-21 00:00:00+05:30,280.6809576653334,280.6809576653334,268.82886978412506,271.9034729003906,127035921,0.0,0.0
2024-05-22 00:00:00+05:30,274.7301094748147,282.1686503450714,262.1341681608465,281.2760314941406,85801218,0.0,0.0
2024-05-23 00:00:00+05:30,283.95391050719076,290.89654920191424,280.8793375849582,286.1358947753906,70631009,0.0,0.0
2024-05-24 00:00:00+05:30,285.63999486581815,297.44247471128716,283.6563837903611,294.7646179199219,63609206,0.0,0.0
2024-05-27 00:00:00+05:30,299.2773078936933,300.71543796737456,287.2764553596174,292.0371398925781,49890427,0.0,0.0
2024-05-28 00:00:00+05:30,293.2769101636195,293.32648833359775,282.7141569529888,286.7309875488281,33893805,0.0,0.0
2024-05-29 00:00:00+05:30,283.06129407369866,291.54124957157796,282.6645779125851,289.7559814453125,31645904,0.0,0.0
2024-05-30 00:00:00+05:30,290.5989983850305,293.87194428031904,287.2764440564797,288.26824951171875,42769599,0.0,0.0
2024-05-31 00:00:00+05:30,291.78918173399404,294.7645981475936,283.9538942975145,293.52484130859375,51397345,0.0,0.0
2024-06-03 00:00:00+05:30,320.35317836296485,320.35317836296485,306.76543082694667,316.038818359375,67256146,0.0,0.0
2024-06-04 00:00:00+05:30,309.4433389609634,309.4433389609634,228.16487523178125,253.45591735839844,268052657,0.0,0.0
2024-06-05 00:00:00+05:30,262.3325392628824,262.3325392628824,228.11525153294122,258.216552734375,193487058,0.0,0.0
2024-06-06 00:00:00+05:30,264.8120618987722,279.19324129027854,264.8120618987722,271.4075622558594,95502477,0.0,0.0
2024-06-07 00:00:00+05:30,271.75471066600085,282.21824672515436,266.49815355209006,280.87933349609375,60109827,0.0,0.0
2024-06-10 00:00:00+05:30,286.5325973813318,289.60720042565237,278.79652673723615,281.0776672363281,42363741,0.0,0.0
2024-06-11 00:00:00+05:30,284.6481685935108,288.11948772269994,283.0116956289646,283.854736328125,32269277,0.0,0.0
2024-06-12 00:00:00+05:30,285.54080640111704,290.59902066412974,283.7059601147542,288.1195068359375,33990756,0.0,0.0
2024-06-13 00:00:00+05:30,291.4916267241846,300.51706271397927,284.69775308127583,298.43426513671875,49511492,0.0,0.0
2024-06-14 00:00:00+05:30,302.50067693625203,307.9556071760861,299.0293576927213,307.06298828125,67366844,0.0,0.0
2024-06-18 00:00:00+05:30,310.43511114247843,318.3695548777494,309.69125704229674,315.64208984375,64859245,0.0,0.0
2024-06-19 00:00:00+05:30,317.2785866884659,317.2785866884659,301.6080712389711,306.76544189453125,58698689,0.0,0.0
2024-06-20 00:00:00+05:30,307.2613186962148,310.782246231639,299.77319959739106,309.3441162109375,39505506,0.0,0.0
2024-06-21 00:00:00+05:30,310.1376037573041,311.42693884936074,301.60807007926684,302.45111083984375,37620968,0.0,0.0
2024-06-24 00:00:00+05:30,302.3023120171666,309.3441373005936,295.0125656199068,307.2117614746094,39139609,0.0,0.0
2024-06-25 00:00:00+05:30,308.3523188301004,312.3691491996027,306.6662676683042,307.16217041015625,29124110,0.0,0.0
2024-06-26 00:00:00+05:30,307.45969138708136,308.9473995712124,303.3437047978189,304.33551025390625,24238007,0.0,0.0
2024-06-27 00:00:00+05:30,303.59165552208333,305.6248445957777,298.73181485099644,302.0047607421875,39996580,0.0,0.0
2024-06-28 00:00:00+05:30,303.4924666274464,307.26131521712705,300.2690989263379,303.3932800292969,24256902,0.0,0.0
2024-07-01 00:00:00+05:30,308.4019437164773,309.9392301912246,303.34372942625595,305.12896728515625,39495237,0.0,0.0
2024-07-02 00:00:00+05:30,306.4679047504632,306.4679047504632,300.51707164851246,303.5916748046875,23974162,0.0,0.0
2024-07-03 00:00:00+05:30,304.48428000251516,312.8650483506271,303.24452316211404,311.9228210449219,44919849,0.0,0.0
2024-07-04 00:00:00+05:30,314.79905936912746,315.89005147166654,310.4846993944285,314.7494812011719,35591681,0.0,0.0
2024-07-05 00:00:00+05:30,315.04701258948677,324.1220269061527,311.9228313024381,321.3945617675781,63125211,0.0,0.0
2024-07-08 00:00:00+05:30,325.7585260551115,333.0482722095639,322.93187434853724,331.8581237792969,70983243,0.0,0.0
2024-07-09 00:00:00+05:30,335.2302471140014,336.5691905450279,326.0064683980425,332.05645751953125,52225572,0.0,0.0
2024-07-10 00:00:00+05:30,337.21385531843634,337.7097580468458,321.4937327743562,331.1142578125,46779965,0.0,0.0
2024-07-11 00:00:00+05:30,332.750732421875,335.4286192756385,330.2712187674646,332.750732421875,31919433,0.0,0.0
2024-07-12 00:00:00+05:30,334.13927120487585,334.7343605660493,325.41139479933975,330.37042236328125,24517961,0.0,0.0
2024-07-15 00:00:00+05:30,333.2466373799821,333.29621554640136,328.28761003801804,328.684326171875,22021426,0.0,0.0
2024-07-16 00:00:00+05:30,330.5191810210322,331.65975128613405,321.840882944711,323.47735595703125,26585927,0.0,0.0
2024-07-18 00:00:00+05:30,323.82448367331403,324.02285687291663,309.7408339915479,310.9805908203125,48043715,0.0,0.0
2024-07-19 00:00:00+05:30,307.360514351432,314.3031527600623,302.5006735188911,303.7900085449219,43313606,0.0,0.0
2024-07-22 00:00:00+05:30,303.4924822000331,312.12120213428966,294.8637622657766,309.7408447265625,39386992,0.0,0.0
2024-07-23 00:00:00+05:30,314.4023295809217,314.4023295809217,278.7965197607464,298.9797668457031,76513131,0.0,0.0
2024-07-24 00:00:00+05:30,300.02116578569746,303.98838781261577,296.84737605716197,297.6408386230469,24099148,0.0,0.0
2024-07-25 00:00:00+05:30,295.50844774938383,300.91376932458076,290.9957147636684,298.9797668457031,27820556,0.0,0.0
2024-07-26 00:00:00+05:30,301.3104848273077,307.9555934763087,299.5252471170539,307.3605041503906,24512844,0.0,0.0
2024-07-29 00:00:00+05:30,310.2367500877083,322.93187872165026,308.30274751202126,318.7167053222656,51391698,0.0,0.0
2024-07-30 00:00:00+05:30,322.5351725295885,323.87408578966523,314.99744439979133,315.49334716796875,41111245,0.0,0.0
2024-07-31 00:00:00+05:30,317.2785707216997,317.97284667284737,312.8650544444087,313.4601135253906,25709971,0.0,0.0
2024-08-01 00:00:00+05:30,315.09662506279443,315.09662506279443,305.525677603519,308.60028076171875,28141436,0.0,0.0
2024-08-02 00:00:00+05:30,302.7982175713348,306.1703806025869,299.22774186119034,300.4674987792969,26155604,0.0,0.0
2024-08-05 00:00:00+05:30,287.4748353600906,295.0125633481437,282.6645725457243,287.8715515136719,50390560,0.0,0.0
2024-08-06 00:00:00+05:30,289.60719409540906,300.1203380167562,284.00349930425483,284.8961181640625,39171936,0.0,0.0
2024-08-07 00:00:00+05:30,293.0785228333893,298.5334530384101,287.42521942300345,297.7400207519531,22199473,0.0,0.0
2024-08-08 00:00:00+05:30,298.53346496735514,300.2195464778264,294.7150076177605,295.8059997558594,21963656,0.0,0.0
2024-08-09 00:00:00+05:30,300.02116235411495,302.5006760925787,298.1863161341514,299.7236328125,15551076,0.0,0.0
2024-08-12 00:00:00+05:30,296.5498486018261,301.16173818711655,295.80599446653724,298.93017578125,15361379,0.0,0.0
2024-08-13 00:00:00+05:30,299.5252740476511,300.16994159723316,292.97935140900313,293.72320556640625,14746085,0.0,0.0
2024-08-14 00:00:00+05:30,294.51879304319147,295.4138297529726,289.04908716737856,292.0823059082031,16641055,0.8,0.0
2024-08-16 00:00:00+05:30,294.8668614505922,302.22609576765757,294.3696154785001,301.62939453125,21353408,0.0,0.0
2024-08-19 00:00:00+05:30,303.12114599095577,303.8670149824193,299.4415438427616,300.4857482910156,12232725,0.0,0.0
2024-08-20 00:00:00+05:30,300.4857630893584,302.82282544760375,296.1597166559235,301.4802551269531,14183642,0.0,0.0
2024-08-21 00:00:00+05:30,301.33105987031325,305.06040467068846,300.883526354474,303.71783447265625,11862616,0.0,0.0
2024-08-22 00:00:00+05:30,304.7123436773829,305.2095896789287,301.8283229383146,302.82281494140625,13074829,0.0,0.0
2024-08-23 00:00:00+05:30,303.8172986896989,307.4969311409563,302.42501599309674,304.3145446777344,21891698,0.0,0.0
2024-08-26 00:00:00+05:30,306.9996956903335,307.1985758826821,304.11564458114657,305.0107116699219,15280637,0.0,0.0
2024-08-27 00:00:00+05:30,304.91126196512,305.75658625912376,297.949817766599,299.2426452636719,16873099,0.0,0.0
2024-08-28 00:00:00+05:30,299.39179898046643,302.8228084574639,297.85034854847436,298.2978820800781,14005947,0.0,0.0
2024-08-29 00:00:00+05:30,297.7011862099404,299.39180439990747,290.49111921139246,294.56854248046875,19185385,0.0,0.0
2024-08-30 00:00:00+05:30,295.16519834993284,300.48573634745816,292.7287112843553,297.65142822265625,28684991,0.0,0.0
2024-09-02 00:00:00+05:30,300.28688193868874,300.28688193868874,293.4248626214681,295.2646789550781,11713172,0.0,0.0
2024-09-03 00:00:00+05:30,298.3475832573261,299.6901534518812,295.11548443870504,295.5132751464844,13971488,0.0,0.0
2024-09-04 00:00:00+05:30,295.5133018904788,300.23713905289435,293.6734855573245,297.30340576171875,17937646,0.0,0.0
2024-09-05 00:00:00+05:30,297.3531166207275,297.8503626351434,288.40268836124073,288.9993896484375,26342723,0.0,0.0
2024-09-06 00:00:00+05:30,288.75075425630206,288.75075425630206,280.49645256134335,282.0379333496094,30062372,0.0,0.0
2024-09-09 00:00:00+05:30,280.44674007650264,282.93297004171984,274.23116516345954,279.99920654296875,29170063,0.0,0.0
2024-09-10 00:00:00+05:30,280.9439874550593,286.7617716722562,280.7450769170662,284.17608642578125,19982334,0.0,0.0
2024-09-11 00:00:00+05:30,284.8722464980655,288.85021451144684,282.78380722114287,286.4634094238281,21650737,0.0,0.0
2024-09-12 00:00:00+05:30,289.29771096008227,290.8889041982435,287.40818226766623,290.09332275390625,16102095,0.0,0.0
2024-09-13 00:00:00+05:30,291.3861547558478,292.38064675160155,288.0048880401825,288.35296630859375,12330463,0.0,0.0
2024-09-16 00:00:00+05:30,289.29772208342,290.59057991703617,286.81149203741353,288.80047607421875,9184637,0.0,0.0
2024-09-17 00:00:00+05:30,288.8999325028,289.2480107805323,282.3362790851624,282.73406982421875,15946216,0.0,0.0
2024-09-18 00:00:00+05:30,283.3307495738047,284.42469678518336,278.8555358131987,281.29205322265625,10450571,0.0,0.0
2024-09-19 00:00:00+05:30,282.4357144503803,283.2810386797241,265.6288065265753,271.1979675292969,44560220,0.0,0.0
2024-09-20 00:00:00+05:30,272.49080296934324,277.86105360030155,271.34714326035464,275.8223571777344,38501362,0.0,0.0
2024-09-23 00:00:00+05:30,278.457765396881,285.12087406581577,277.1151951009627,284.7230529785156,19445968,0.0,0.0
2024-09-24 00:00:00+05:30,284.72304310706403,291.7839422690071,282.9826821336725,290.1927490234375,25346532,0.0,0.0
2024-09-25 00:00:00+05:30,292.3806452122359,293.3751372027537,286.0656150025504,288.2535095214844,19263084,0.0,0.0
2024-09-26 00:00:00+05:30,288.9993881335876,290.29221562449715,287.4579072872853,288.8999328613281,18343882,0.0,0.0
2024-09-27 00:00:00+05:30,290.7397319680833,293.2259618799884,287.60708834898,291.83367919921875,208588855,0.0,0.0
2024-09-30 00:00:00+05:30,291.8336769989913,292.97733667994794,282.03792515004113,283.5296630859375,32695169,0.0,0.0
2024-10-01 00:00:00+05:30,283.5296765810946,285.0214145879932,280.9937037596745,282.3860168457031,13883476,0.0,0.0
2024-10-03 00:00:00+05:30,273.53499711621856,284.7230314886241,273.53499711621856,277.1649169921875,27321529,0.0,0.0
2024-10-04 00:00:00+05:30,277.16492521644415,280.3472813226664,272.0432672721806,275.6731872558594,17451235,0.0,0.0
2024-10-07 00:00:00+05:30,275.8720738339896,277.36381182914397,263.540379143944,265.87744140625,21704629,0.0,0.0
2024-10-08 00:00:00+05:30,265.52937103189817,279.9495054137803,264.0873454539147,278.7063903808594,29190708,0.0,0.0
2024-10-09 00:00:00+05:30,280.4467527145678,285.021422126618,276.9660306064083,280.84454345703125,18984175,0.0,0.0
2024-10-10 00:00:00+05:30,282.3859996408832,288.0048730546316,281.83901086198745,285.3197326660156,19155691,0.0,0.0
2024-10-11 00:00:00+05:30,285.6181141556096,287.06010934397756,282.5848953499972,284.32525634765625,9677338,0.0,0.0
2024-10-14 00:00:00+05:30,284.5241640165697,287.6070952512161,283.0821384932633,284.1263732910156,11386559,0.0,0.0
2024-10-15 00:00:00+05:30,285.5683845872122,287.85573449988766,284.1761017944251,287.259033203125,14701531,0.0,0.0
2024-10-16 00:00:00+05:30,286.56286045346377,289.4468811505896,283.18159376202357,284.1263732910156,11835439,0.0,0.0
2024-10-17 00:00:00+05:30,284.4744345863027,286.31425092168996,280.14841851190454,282.9826965332031,11695551,0.0,0.0
2024-10-18 00:00:00+05:30,281.34176855786325,286.2147730771355,276.269853507402,285.568359375,10095514,0.0,0.0
2024-10-21 00:00:00+05:30,284.7230547720787,285.8667448810392,279.5517144489677,280.7450866699219,8393942,0.0,0.0
2024-10-22 00:00:00+05:30,280.4467458981577,280.59591362926983,269.1592555518627,270.15374755859375,15240897,0.0,0.0
2024-10-23 00:00:00+05:30,269.5073197318724,273.18695210416837,264.8331954048463,267.1702575683594,13503954,0.0,0.0
2024-10-24 00:00:00+05:30,267.51834546707414,271.6454811581,266.871931743092,269.85540771484375,10700271,0.0,0.0
2024-10-25 00:00:00+05:30,269.5073442200089,274.47980444547034,256.031989148804,270.84991455078125,40406841,0.0,0.0
2024-10-28 00:00:00+05:30,275.17595732590564,276.4190723655972,265.9271632209079,268.56256103515625,24479817,0.0,0.0
2024-10-29 00:00:00+05:30,269.706239436529,282.9329707445461,269.3581611706366,282.087646484375,34271117,0.0,0.0
2024-10-30 00:00:00+05:30,281.8887777732463,293.1265255616853,280.4964646529896,286.9606628417969,40787587,0.0,0.0
2024-10-31 00:00:00+05:30,286.36396815848957,286.8612141317813,282.18708984304493,283.33074951171875,18720310,0.0,0.0
2024-11-01 00:00:00+05:30,285.07113556031936,288.6513129536734,284.4247218079263,287.06011962890625,5265231,0.0,0.0
2024-11-04 00:00:00+05:30,287.408192243455,287.408192243455,278.75609957591575,282.58489990234375,15157659,0.0,0.0
2024-11-05 00:00:00+05:30,280.9439962754381,285.6181209196388,275.6234578866959,284.7727966308594,18761867,0.0,0.0
2024-11-06 00:00:00+05:30,285.91644254925757,302.62389557408045,285.61810709682686,300.1874084472656,52804364,0.0,0.0
2024-11-07 00:00:00+05:30,299.3420924419945,300.3365844434629,294.46908770469673,298.6956787109375,24357284,0.0,0.0
2024-11-08 00:00:00+05:30,298.6956705546724,302.8228061781722,294.1210014029374,296.1099853515625,22935845,0.0,0.0
2024-11-11 00:00:00+05:30,295.86136156961857,302.1266488512983,292.77843038756725,298.0989685058594,20155408,0.0,0.0
2024-11-12 00:00:00+05:30,298.3476016906413,299.1929259653289,285.7175410792758,288.5518493652344,14292965,0.0,0.0
2024-11-13 00:00:00+05:30,286.413691993024,287.2590162510952,277.9107976517758,279.99920654296875,20001842,0.0,0.0
2024-11-14 00:00:00+05:30,280.446731268269,282.8832486974508,273.98253356173086,279.40252685546875,20541591,0.0,0.0
2024-11-18 00:00:00+05:30,281.44124128457224,285.12087389345896,275.72291217720016,276.51849365234375,12999925,0.0,0.0
2024-11-19 00:00:00+05:30,278.45774879592295,283.6291191276417,275.4742729159666,277.4632568359375,13160982,0.0,0.0
2024-11-21 00:00:00+05:30,276.9163067808219,276.9163067808219,268.76146032227535,273.9328308105469,14858108,0.0,0.0
2024-11-22 00:00:00+05:30,274.4797780437086,281.9384676644616,273.98253206899176,279.3030700683594,13268900,0.0,0.0
2024-11-25 00:00:00+05:30,288.40268379311516,297.3531119108325,286.3639873060968,290.73974609375,49366681,0.0,0.0
2024-11-26 00:00:00+05:30,292.38064261477155,299.3420864865518,291.53531836044374,296.2591552734375,27347402,0.0,0.0
2024-11-27 00:00:00+05:30,297.2039526574348,306.25383630453376,295.81166986930157,305.6571350097656,39464505,0.0,0.0
2024-11-28 00:00:00+05:30,306.30352488757154,307.79526283345257,302.67363528915826,304.06591796875,27772319,0.0,0.0
2024-11-29 00:00:00+05:30,304.0162084328204,308.88921303297815,303.32005191158936,306.30352783203125,23241947,0.0,0.0
2024-12-02 00:00:00+05:30,306.10463147424986,307.6958247754095,301.6294173863252,305.2095947265625,15549685,0.0,0.0
2024-12-03 00:00:00+05:30,307.2980197406974,311.02736464046313,306.1046172329778,310.3809509277344,21405136,0.0,0.0
2024-12-04 00:00:00+05:30,314.2594748128293,319.0827671258984,309.48592530989777,311.1268310546875,41441172,0.0,0.0
2024-12-05 00:00:00+05:30,312.27048471811656,313.66276743358657,308.88921802355026,312.7677307128906,17911694,0.0,0.0
2024-12-06 00:00:00+05:30,312.76771955148155,314.11028975935807,311.37543688569644,312.0218505859375,8359798,0.0,0.0
2024-12-09 00:00:00+05:30,311.87269550562587,315.3534174859353,311.5246172376975,312.8671875,11830104,0.0,0.0
2024-12-10 00:00:00+05:30,315.8009244159205,316.54679342053964,312.27048993385193,313.1158142089844,15811501,0.0,0.0
2024-12-11 00:00:00+05:30,313.16551551883555,314.7567087419306,311.2759868443105,312.36993408203125,9281006,0.0,0.0
2024-12-12 00:00:00+05:30,311.82295877045465,314.25947634392895,310.3809635602147,311.2262878417969,10978047,0.0,0.0
2024-12-13 00:00:00+05:30,311.27597936387116,314.60753345571385,306.45268735175426,313.911376953125,15557064,0.0,0.0
2024-12-16 00:00:00+05:30,314.0605529546217,315.6020337225667,312.2704795428965,314.4583740234375,10543307,0.0,0.0
2024-12-17 00:00:00+05:30,313.81193838046295,316.894869649577,308.2925199216604,308.88922119140625,18053073,0.0,0.0
2024-12-18 00:00:00+05:30,308.4914208284447,308.88921154602474,299.9884962864255,302.12664794921875,16598070,0.0,0.0
2024-12-19 00:00:00+05:30,293.37514343772904,298.79513704103465,293.37514343772904,296.8558654785156,13349532,0.0,0.0
2024-12-20 00:00:00+05:30,296.3586283846732,300.43605182496407,287.7562782950829,289.2480163574219,14964305,0.0,0.0
2024-12-23 00:00:00+05:30,292.38065097460816,293.67347844796615,286.41369891390184,292.7287292480469,10201072,0.0,0.0
2024-12-24 00:00:00+05:30,294.6182604104643,295.71220770045136,289.89442332371425,290.8392028808594,10685518,0.0,0.0
2024-12-26 00:00:00+05:30,291.386141215745,294.36961706437035,290.8888952409741,293.57403564453125,9172485,0.0,0.0
2024-12-27 00:00:00+05:30,294.2204635326447,294.51879899210223,289.7452495438586,290.4413757324219,9495184,0.0,0.0
2024-12-30 00:00:00+05:30,290.44136085989305,290.88889437564984,281.292053161017,283.33074951171875,25876258,0.0,0.0
2024-12-31 00:00:00+05:30,282.93295954721344,292.3806330646072,282.6843365599136,291.5353088378906,15725947,0.0,0.0
2025-01-01 00:00:00+05:30,291.53531997445225,292.97734549567053,288.6512992815026,292.28118896484375,6954271,0.0,0.0
2025-01-02 00:00:00+05:30,292.82819017861306,296.1597141973076,289.7452588177651,295.16522216796875,13361957,0.0,0.0
2025-01-03 00:00:00+05:30,294.86687589072756,295.6127448853921,289.89441592629703,290.3419494628906,8167968,0.0,0.0
2025-01-06 00:00:00+05:30,290.93862766310986,290.93862766310986,279.00472344969387,280.5959167480469,12638091,0.0,0.0
2025-01-07 00:00:00+05:30,280.59589742905484,286.6125919320961,279.50195021491226,285.419189453125,13247733,0.0,0.0
2025-01-08 00:00:00+05:30,285.41920841882705,285.41920841882705,278.557219582488,280.54620361328125,10996122,0.0,0.0
2025-01-09 00:00:00+05:30,279.70086669921875,282.5351748850015,278.059961017814,279.70086669921875,12715512,0.0,0.0
2025-01-10 00:00:00+05:30,278.4577519603321,279.452243931619,268.5128322474631,269.50732421875,15317565,0.0,0.0
2025-01-13 00:00:00+05:30,263.54038635770246,267.41889918137105,256.87727765716534,258.1701354980469,19429753,0.0,0.0
2025-01-14 00:00:00+05:30,261.5514022199927,269.50733840919406,259.7613287172177,268.41339111328125,18938129,0.0,0.0
2025-01-15 00:00:00+05:30,270.50183065587214,270.70074120056137,264.8332139765972,266.37469482421875,11376064,0.0,0.0
2025-01-16 00:00:00+05:30,271.8941142099203,276.51849606723977,269.9051301552033,274.62896728515625,17234302,0.0,0.0
2025-01-17 00:00:00+05:30,273.9328384385823,282.3362777791701,272.5405253340935,280.5959167480469,12741720,0.0,0.0
2025-01-20 00:00:00+05:30,281.64014465741826,286.21478354725326,279.15391467403526,284.2257995605469,10483849,0.0,0.0
2025-01-21 00:00:00+05:30,284.22579002404404,285.31973724992525,276.7173878659484,277.4632568359375,13020489,0.0,0.0
2025-01-22 00:00:00+05:30,277.46328154657914,277.7616170213498,264.83322039014723,268.8609313964844,21272549,0.0,0.0
2025-01-23 00:00:00+05:30,267.3194428905865,275.4245771348257,265.6288246659353,272.44110107421875,11978782,0.0,0.0
2025-01-24 00:00:00+05:30,272.4411057739177,275.1759588766511,267.31944750193514,268.6620178222656,10164897,0.0,0.0
2025-01-27 00:00:00+05:30,265.529358848867,265.529358848867,260.357988409394,261.5016784667969,13710372,0.0,0.0
2025-01-28 00:00:00+05:30,262.04862788478266,264.2365223067269,251.3081118283705,256.8275451660156,29049716,0.0,0.0
2025-01-29 00:00:00+05:30,257.57342503834684,266.5238529354323,257.57342503834684,265.728271484375,14361301,0.0,0.0
2025-01-30 00:00:00+05:30,267.36916592507686,278.95499103357974,266.42438643597103,277.2146301269531,46735932,0.0,0.0
2025-01-31 00:00:00+05:30,282.3362806921054,292.5795667906628,280.04896116739695,291.0380859375,50252116,0.0,0.0
2025-02-01 00:00:00+05:30,294.319919321086,297.9498090484912,267.8166832611907,280.2478332519531,61832253,0.0,0.0
2025-02-03 00:00:00+05:30,276.3196167840335,276.3196167840335,261.849739528486,272.6399841308594,41786023,0.0,0.0
2025-02-04 00:00:00+05:30,274.4798011176406,284.4247214479899,274.38034584443943,282.9329833984375,29035155,0.0,0.0
2025-02-05 00:00:00+05:30,284.0766178464622,290.1927372345928,283.43020415250277,287.35845947265625,18818511,0.0,0.0
2025-02-06 00:00:00+05:30,287.35847550146514,288.3529675013325,277.46326796299013,278.2091369628906,16834939,0.0,0.0
2025-02-07 00:00:00+05:30,279.2036192274079,280.7450696336597,271.5957617635931,275.52398681640625,26682639,0.0,0.0
2025-02-10 00:00:00+05:30,277.3638108090177,280.64565259597936,270.5018221264429,271.94384765625,21789085,0.0,0.0
2025-02-11 00:00:00+05:30,272.29189273977113,272.49080327611773,261.30276847007275,263.590087890625,23839025,0.0,0.0
2025-02-12 00:00:00+05:30,263.49066701300416,264.28624847161865,252.60096749498075,257.72259521484375,27997028,0.0,0.0
2025-02-13 00:00:00+05:30,257.7226002282401,264.0376306083564,257.1756417584887,260.109375,18016813,0.0,0.0
2025-02-14 00:00:00+05:30,260.7558051829571,263.04312456108505,246.83290250781627,248.9710693359375,25683310,0.0,0.0
2025-02-17 00:00:00+05:30,247.5787744578892,248.62299406792314,241.26375951340995,247.13125610351562,24947159,0.0,0.0
2025-02-18 00:00:00+05:30,247.62850526378304,248.37437425554143,239.2250509915873,243.25274658203125,21180375,0.0,0.0
2025-02-19 00:00:00+05:30,239.37422680866607,252.60097374440457,238.92670843343777,252.0042724609375,21516255,0.0,0.0
2025-02-20 00:00:00+05:30,250.61196978566284,259.5126848206225,248.8716088843735,258.8165283203125,18922988,0.0,0.0
2025-02-21 00:00:00+05:30,258.07067407978064,261.054150080703,252.99875880831524,254.6894073486328,16594628,0.0,0.0
2025-02-24 00:00:00+05:30,249.61749570867028,257.02647335854346,249.1202497012825,254.9380340576172,15409569,0.0,0.0
2025-02-25 00:00:00+05:30,254.93802319065736,257.12588732021135,253.94353121827288,255.23635864257812,14770656,0.0,0.0
2025-02-27 00:00:00+05:30,255.68389076966238,256.9767181868873,250.51252040179014,251.0594940185547,11087361,0.0,0.0
2025-02-28 00:00:00+05:30,248.6229911068369,249.56775543809428,242.15879333805916,244.89364624023438,17754591,0.0,0.0
2025-03-03 00:00:00+05:30,246.13676504797874,257.4739675499883,243.01406083779412,255.97230529785156,24644079,0.0,0.0
2025-03-04 00:00:00+05:30,252.49155821748573,265.03210219671,251.1092150269016,263.251953125,24998454,0.0,0.0
2025-03-05 00:00:00+05:30,263.5403874462332,274.28088920990706,261.87957240553305,273.40576171875,28499877,0.0,0.0
2025-03-06 00:00:00+05:30,274.68861740953724,279.4522424241611,270.33273774287983,271.44659423828125,22586087,0.0,0.0
2025-03-07 00:00:00+05:30,274.2808770621892,278.1892536251298,272.49080363068737,275.4643249511719,25542382,0.0,0.0
2025-03-10 00:00:00+05:30,277.0654706878045,281.90864175683,270.05428404467307,270.8299865722656,20986855,0.0,0.0
2025-03-11 00:00:00+05:30,271.95001220703125,278.5,269.04998779296875,277.17999267578125,20980143,1.5,0.0
2025-03-12 00:00:00+05:30,278.7799987792969,280.3999938964844,274.1199951171875,276.8299865722656,15308721,0.0,0.0
2025-03-13 00:00:00+05:30,283.0,285.79998779296875,279.4200134277344,280.07000732421875,38015489,0.0,0.0
2025-03-17 00:00:00+05:30,281.0,283.3800048828125,276.7200012207031,279.92999267578125,13883681,0.0,0.0
2025-03-18 00:00:00+05:30,279.92999267578125,279.92999267578125,279.92999267578125,279.92999267578125,0,0.0,0.0
2025-03-19 00:00:00+05:30,286.0,292.989990234375,284.760009765625,290.0,21095205,0.0,0.0
2025-03-20 00:00:00+05:30,294.80999755859375,297.7799987792969,291.1000061035156,297.04998779296875,27889890,0.0,0.0
2025-03-21 00:00:00+05:30,301.0,301.0,292.75,295.739990234375,41751586,0.0,0.0
2025-03-24 00:00:00+05:30,296.8999938964844,304.8999938964844,296.3500061035156,302.1000061035156,29935092,0.0,0.0
2025-03-25 00:00:00+05:30,304.0,304.5,298.6499938964844,300.0299987792969,19364944,0.0,0.0
2025-03-26 00:00:00+05:30,301.07000732421875,305.5,298.489990234375,299.5400085449219,23869923,0.0,0.0
2025-03-27 00:00:00+05:30,297.0,302.0,296.6300048828125,300.6499938964844,14453677,0.0,0.0
2025-03-28 00:00:00+05:30,304.0,306.5799865722656,299.07000732421875,301.32000732421875,20850848,0.0,0.0
2025-04-01 00:00:00+05:30,302.0,305.79998779296875,290.0,292.0,33171384,0.0,0.0
2025-04-02 00:00:00+05:30,289.8999938964844,290.75,274.45001220703125,282.3999938964844,52653587,0.0,0.0
2025-04-03 00:00:00+05:30,283.0,288.25,282.6000061035156,287.5,20968721,0.0,0.0
2025-04-04 00:00:00+05:30,287.1000061035156,288.0,278.29998779296875,280.0,19699594,0.0,0.0
2025-04-07 00:00:00+05:30,257.0,274.5,256.20001220703125,272.1000061035156,24954083,0.0,0.0
2025-04-08 00:00:00+05:30,282.45001220703125,288.0,276.6000061035156,281.45001220703125,26787606,0.0,0.0
2025-04-09 00:00:00+05:30,281.0,282.79998779296875,276.6000061035156,280.1499938964844,11389916,0.0,0.0
2025-04-11 00:00:00+05:30,283.0,287.0,282.6499938964844,285.0,13883110,0.0,0.0
2025-04-15 00:00:00+05:30,289.8999938964844,294.1499938964844,287.54998779296875,293.70001220703125,19512440,0.0,0.0
2025-04-16 00:00:00+05:30,293.5,295.3500061035156,291.29998779296875,293.6000061035156,12479078,0.0,0.0
2025-04-17 00:00:00+05:30,293.0,296.6000061035156,291.1499938964844,295.1499938964844,13609937,0.0,0.0
2025-04-21 00:00:00+05:30,297.5,301.6000061035156,295.1499938964844,299.95001220703125,14064356,0.0,0.0
2025-04-22 00:00:00+05:30,301.0,304.75,299.75,303.3500061035156,11962358,0.0,0.0
2025-04-23 00:00:00+05:30,305.6000061035156,310.29998779296875,301.79998779296875,305.8500061035156,21918666,0.0,0.0
2025-04-24 00:00:00+05:30,305.0,308.6000061035156,303.45001220703125,305.70001220703125,17241517,0.0,0.0
2025-04-25 00:00:00+05:30,306.79998779296875,307.79998779296875,293.70001220703125,297.6000061035156,20307004,0.0,0.0
2025-04-28 00:00:00+05:30,296.0,307.8500061035156,295.8500061035156,305.04998779296875,29913417,0.0,0.0
2025-04-29 00:00:00+05:30,306.54998779296875,319.45001220703125,305.79998779296875,317.1000061035156,57882724,0.0,0.0
2025-04-30 00:00:00+05:30,319.0,320.45001220703125,312.6000061035156,314.1000061035156,24863436,0.0,0.0
2025-05-02 00:00:00+05:30,310.79998779296875,317.75,310.6000061035156,311.1499938964844,15451259,0.0,0.0
2025-05-05 00:00:00+05:30,313.95001220703125,316.8999938964844,313.20001220703125,315.29998779296875,10955241,0.0,0.0
2025-05-06 00:00:00+05:30,315.6499938964844,319.29998779296875,309.20001220703125,310.5,17029890,0.0,0.0
2025-05-07 00:00:00+05:30,305.0,315.20001220703125,305.0,309.95001220703125,19274367,0.0,0.0
2025-05-08 00:00:00+05:30,310.5,313.70001220703125,304.79998779296875,307.1499938964844,17110997,0.0,0.0
2025-05-09 00:00:00+05:30,305.0,321.79998779296875,305.0,315.8500061035156,44244945,0.0,0.0
2025-05-12 00:00:00+05:30,325.0,325.0,316.20001220703125,322.79998779296875,39927141,0.0,0.0
2025-05-13 00:00:00+05:30,323.70001220703125,337.75,322.79998779296875,335.75,57985762,0.0,0.0
2025-05-14 00:00:00+05:30,339.0,346.0,334.5,344.3500061035156,43684324,0.0,0.0
2025-05-15 00:00:00+05:30,346.5,351.0,340.79998779296875,350.3999938964844,35959338,0.0,0.0
2025-05-16 00:00:00+05:30,351.6000061035156,371.1499938964844,349.6000061035156,363.8999938964844,68855818,0.0,0.0
2025-05-19 00:00:00+05:30,372.8999938964844,373.5,362.54998779296875,363.75,52003735,0.0,0.0
2025-05-20 00:00:00+05:30,369.3999938964844,371.0,358.5,363.79998779296875,67088831,0.0,0.0
2025-05-21 00:00:00+05:30,366.8999938964844,383.8999938964844,364.0,383.0,88688170,0.0,0.0
2025-05-22 00:00:00+05:30,383.0,386.75,379.0,383.3999938964844,43486783,0.0,0.0
2025-05-23 00:00:00+05:30,389.1499938964844,389.8999938964844,381.1000061035156,383.79998779296875,37666187,0.0,0.0
2025-05-26 00:00:00+05:30,384.8999938964844,385.79998779296875,378.5,384.54998779296875,26722908,0.0,0.0
2025-05-27 00:00:00+05:30,384.5,388.79998779296875,383.45001220703125,385.3999938964844,16859142,0.0,0.0
2025-05-28 00:00:00+05:30,385.45001220703125,393.5,384.1000061035156,390.45001220703125,27549144,0.0,0.0
2025-05-29 00:00:00+05:30,391.54998779296875,392.1000061035156,385.54998779296875,386.79998779296875,18562683,0.0,0.0
