timestamp,Open,High,Low,Close,Volume,Dividends,Stock Splits
2020-06-01 00:00:00+05:30,91.34200413227383,96.25942668041584,90.98846170533102,95.48806762695312,21204876,0.0,0.0
2020-06-02 00:00:00+05:30,95.87372409851858,95.87372409851858,91.92050356772636,92.17761993408203,16679738,0.0,0.0
2020-06-03 00:00:00+05:30,93.20612174661773,93.27040575392589,90.6992023953985,91.08487701416016,11560484,0.0,0.0
2020-06-04 00:00:00+05:30,90.63492506710602,91.6634104096525,89.57430752690004,90.15282440185547,6295232,0.0,0.0
2020-06-05 00:00:00+05:30,90.63490854734438,93.68821220408117,90.31350816242472,93.10969543457031,11872471,0.0,0.0
2020-06-08 00:00:00+05:30,95.13451688977402,95.74517567840766,93.04541432293776,94.29887390136719,11258686,0.0,0.0
2020-06-09 00:00:00+05:30,95.10236026114119,95.10236026114119,92.3383153284783,92.75614166259766,6957064,0.0,0.0
2020-06-10 00:00:00+05:30,92.56330678679936,93.04540734298061,90.12066200714219,90.44206237792969,8914993,0.0,0.0
2020-06-11 00:00:00+05:30,90.53849256020055,91.85622629466555,88.38510605301882,88.51366424560547,9259185,0.0,0.0
2020-06-12 00:00:00+05:30,85.55678254295253,87.13164239659245,85.2996563615585,86.55311584472656,8424817,0.0,0.0
2020-06-15 00:00:00+05:30,86.58527011372837,86.77811232501196,83.8855085808449,84.91399383544922,8217803,0.0,0.0
2020-06-16 00:00:00+05:30,86.45670063894946,86.77810101307195,83.27483889680902,84.30331420898438,7130557,0.0,0.0
2020-06-17 00:00:00+05:30,84.30333081465334,86.07103322052063,82.98559686787898,83.2105712890625,9071758,0.0,0.0
2020-06-18 00:00:00+05:30,82.92131056136594,89.79927777028732,82.37492590951574,88.44940185546875,34586616,0.0,0.0
2020-06-19 00:00:00+05:30,89.99210545274077,89.99210545274077,86.90665987554601,88.22440338134766,17468335,0.0,0.0
2020-06-22 00:00:00+05:30,88.22443370663993,92.53119827199426,88.12801748385824,92.3383560180664,19716275,0.0,0.0
2020-06-23 00:00:00+05:30,93.17398640505255,94.33102996079282,92.04908485526455,92.46691131591797,10955603,0.0,0.0
2020-06-24 00:00:00+05:30,93.65607616742224,94.13817677549926,90.47421411578634,90.98845672607422,10639459,0.0,0.0
2020-06-25 00:00:00+05:30,90.21709723747348,92.33833205509904,88.93149562273706,90.24922943115234,33546602,0.0,0.0
2020-06-26 00:00:00+05:30,90.57061132260172,91.9204966655091,89.7349782905123,91.34197998046875,8095985,0.0,0.0
2020-06-29 00:00:00+05:30,90.34567262700573,90.53851486757995,86.23174079208968,86.68170928955078,14575190,0.0,0.0
2020-06-30 00:00:00+05:30,87.64589820951736,88.16013103337337,85.0746948567877,85.3960952758789,9576074,0.0,0.0
2020-07-01 00:00:00+05:30,85.39609382605116,86.55312746844584,84.46402477982112,86.03889465332031,8412734,0.0,0.0
2020-07-02 00:00:00+05:30,86.16744747946035,86.77810626558286,85.36394649551977,85.87818908691406,7744251,0.0,0.0
2020-07-03 00:00:00+05:30,86.39241246413268,87.35661353988576,85.52463738097123,86.93879699707031,9092987,0.0,0.0
2020-07-06 00:00:00+05:30,87.61374415453027,88.38510309257506,86.93880140560566,87.3244857788086,9489759,0.0,0.0
2020-07-07 00:00:00+05:30,87.74231441189977,87.87087261786377,85.2353950663333,85.3960952758789,9903888,0.0,0.0
2020-07-08 00:00:00+05:30,85.46036947467971,86.42457073195332,84.59259422815089,85.3960952758789,12308795,0.0,0.0
2020-07-09 00:00:00+05:30,85.81389899055617,86.97094228693248,82.98557965129045,83.82121276855469,19347175,0.0,0.0
2020-07-10 00:00:00+05:30,83.24269752950663,85.01039960059654,82.40705458877372,84.33545684814453,17079028,0.0,0.0
2020-07-13 00:00:00+05:30,84.72115639605207,85.13897303706463,83.7569550936881,83.88551330566406,7748516,0.0,0.0
2020-07-14 00:00:00+05:30,83.82121913076412,83.82121913076412,82.2785011574074,82.43920135498047,7234601,0.0,0.0
2020-07-15 00:00:00+05:30,82.82489570813232,83.21057034364912,81.98925261863496,82.27851104736328,7037060,0.0,0.0
2020-07-16 00:00:00+05:30,82.11780528902403,82.27850549506908,80.09298171202009,81.08932495117188,11776854,0.0,0.0
2020-07-17 00:00:00+05:30,81.3785827722696,84.88185018124288,81.3785827722696,83.94979095458984,11331564,0.0,0.0
2020-07-20 00:00:00+05:30,85.81390834033937,86.52099315637611,84.65686491789835,85.49250793457031,16601999,0.0,0.0
2020-07-21 00:00:00+05:30,85.81391727031166,86.45671814874098,84.84971595266772,85.55680084228516,10375549,0.0,0.0
2020-07-22 00:00:00+05:30,85.94245877454098,87.87086103488983,85.33180002043608,86.1995849609375,14123342,0.0,0.0
2020-07-23 00:00:00+05:30,86.71382804062307,87.13165446512583,85.62106859133374,85.78176879882812,5534003,0.0,0.0
2020-07-24 00:00:00+05:30,85.42821583173115,85.42821583173115,83.56409757832826,84.59258270263672,8426361,0.0,0.0
2020-07-27 00:00:00+05:30,84.59258670741436,84.72114490194885,83.14628495008793,83.5319595336914,5361430,0.0,0.0
2020-07-28 00:00:00+05:30,83.62837342256215,84.04618994637023,82.63203039460429,83.85334777832031,5274135,0.0,0.0
2020-07-29 00:00:00+05:30,83.56409790606843,85.17109978887744,83.37125571845912,84.33545684814453,5729989,0.0,0.0
2020-07-30 00:00:00+05:30,84.39975251133296,84.65686892477294,82.47134998544583,82.66419219970703,5755341,0.0,0.0
2020-07-31 00:00:00+05:30,82.88916614862714,83.56410899060839,81.98924889822709,83.0820083618164,5309957,0.0,0.0
2020-08-03 00:00:00+05:30,83.4998151577959,83.4998151577959,82.34278163153607,82.53561401367188,4101202,0.0,0.0
2020-08-04 00:00:00+05:30,83.30698947401228,84.6568652993068,82.5999046547899,82.76060485839844,8225015,0.0,0.0
2020-08-05 00:00:00+05:30,83.01771522856852,83.62838380459802,82.40705646090035,82.56775665283203,6357451,0.0,0.0
2020-08-06 00:00:00+05:30,82.92130633702158,84.33546618884873,82.4713477216714,82.82489013671875,7904721,0.0,0.0
2020-08-07 00:00:00+05:30,83.24271164969443,83.78909630587536,82.63205279231516,83.40341186523438,6553466,0.0,0.0
2020-08-10 00:00:00+05:30,83.75695120379766,84.30332603141112,82.92130815221908,83.0820083618164,7123506,0.0,0.0
2020-08-11 00:00:00+05:30,83.66051964427027,84.20690424400738,83.37126124785252,83.62838745117188,5667893,0.0,0.0
2020-08-12 00:00:00+05:30,83.56411293970241,83.69267115178323,82.59991163655201,82.72846984863281,10656110,0.0,0.0
2020-08-13 00:00:00+05:30,82.76060195953859,83.66051914488015,82.47134356484749,82.88916015625,7332156,0.0,0.0
2020-08-14 00:00:00+05:30,83.14627880581635,86.29599847678291,82.98557862243314,84.75328063964844,23946105,0.0,0.0
2020-08-17 00:00:00+05:30,85.81390411713544,88.06370684679817,85.07468714359086,87.42090606689453,23263111,0.0,0.0
2020-08-18 00:00:00+05:30,87.83871459960938,89.06004185450215,87.19591387862178,87.83871459960938,14886444,0.0,0.0
2020-08-19 00:00:00+05:30,88.38510996379681,88.70651036366516,86.4245655629275,86.84239196777344,7439983,0.0,0.0
2020-08-20 00:00:00+05:30,86.19958880716189,89.349308716261,85.71748822056335,89.02790832519531,16864753,0.0,0.0
2020-08-21 00:00:00+05:30,89.67071533203125,91.14915919523538,89.3493149186548,89.67071533203125,18104009,0.0,0.0
2020-08-24 00:00:00+05:30,90.44207271841965,90.89203132729497,89.18861309070913,89.86355590820312,7621483,0.0,0.0
2020-08-25 00:00:00+05:30,90.53850593121496,90.63492213780366,89.4778786169251,90.28137969970703,8785149,0.0,0.0
2020-08-26 00:00:00+05:30,90.34565016729991,92.53116886152303,89.95996578203166,91.24556732177734,20083642,0.0,0.0
2020-08-27 00:00:00+05:30,91.72767519036776,92.08121760357223,89.99211493542835,90.34565734863281,9356533,0.0,0.0
2020-08-28 00:00:00+05:30,90.69919034623776,91.53482348005744,89.12432065166729,89.3814468383789,9056278,0.0,0.0
2020-08-31 00:00:00+05:30,89.51000258439694,91.37412079746015,86.07101471974902,86.36028289794922,18667357,0.0,0.0
2020-09-01 00:00:00+05:30,86.84239605330839,87.03522845561183,84.01406651638993,85.78176879882812,10566870,0.0,0.0
2020-09-02 00:00:00+05:30,87.09951923620525,88.38512099614925,86.61741857622626,87.61376190185547,16748685,0.0,0.0
2020-09-03 00:00:00+05:30,88.38511660829833,88.73865903640404,86.03889743622307,87.22807312011719,17375778,0.0,0.0
2020-09-04 00:00:00+05:30,86.19958896952363,87.71016492536069,84.43188681533279,85.13896179199219,9952446,0.0,0.0
2020-09-07 00:00:00+05:30,85.49250104799377,86.0067436174735,84.04619933853523,84.81755828857422,8781574,0.0,0.0
2020-09-08 00:00:00+05:30,84.91398709793134,85.2675196808108,83.14628495008793,83.5319595336914,7292289,0.0,0.0
2020-09-09 00:00:00+05:30,82.8891630297727,82.92130503215525,80.18940157179354,81.60356140136719,13115790,0.0,0.0
2020-09-10 00:00:00+05:30,82.27850090862985,82.47134310680678,80.67149893775817,81.41072082519531,12007280,0.0,0.0
2020-09-11 00:00:00+05:30,81.57141091308812,81.63569000312067,80.12510931854465,80.41436767578125,12588367,0.0,0.0
2020-09-14 00:00:00+05:30,80.99289779370972,81.53927747259304,79.77157533820652,80.31795501708984,12397073,0.0,0.0
2020-09-15 00:00:00+05:30,80.76790365041708,80.83218273537466,79.57872341407258,79.77156066894531,11537811,0.0,0.0
2020-09-16 00:00:00+05:30,80.09298626566192,80.09298626566192,79.12878497457245,79.61088562011719,8007948,0.0,0.0
2020-09-17 00:00:00+05:30,79.61086795991798,80.92861139376245,79.4180306869863,79.90013122558594,13049746,0.0,0.0
2020-09-18 00:00:00+05:30,80.51079530004621,80.51079530004621,79.00021449281759,79.48231506347656,14611915,0.0,0.0
2020-09-21 00:00:00+05:30,79.48232563066648,79.80372605383603,77.84318151082927,78.19672393798828,9573596,0.0,0.0
2020-09-22 00:00:00+05:30,78.42168437881669,78.42168437881669,76.3968612193473,76.8468246459961,10042777,0.0,0.0
2020-09-23 00:00:00+05:30,76.97539219372725,78.74309431091096,76.46114961614698,77.81103515625,9281239,0.0,0.0
2020-09-24 00:00:00+05:30,77.8110354808938,77.84317257701373,74.05064703803296,74.3720474243164,15979042,0.0,0.0
2020-09-25 00:00:00+05:30,74.5648927574893,75.59337305606677,73.21501205909507,75.27197265625,15988801,0.0,0.0
2020-09-28 00:00:00+05:30,75.78621249054073,77.97173611033358,75.78621249054073,77.13609313964844,9441818,0.0,0.0
2020-09-29 00:00:00+05:30,77.87531385247729,78.13243513994699,75.30411078614164,75.6255111694336,12065137,0.0,0.0
2020-09-30 00:00:00+05:30,75.20770414944353,75.27198325762383,73.69712303838932,74.56490325927734,14036702,0.0,0.0
2020-10-01 00:00:00+05:30,75.27197184459443,76.94325292478405,74.78987125006776,75.36839294433594,9963165,0.0,0.0
2020-10-05 00:00:00+05:30,75.81834931910264,76.81469248031033,75.56123293288968,76.10761260986328,8141288,0.0,0.0
2020-10-06 00:00:00+05:30,76.71827110505203,76.71827110505203,74.75773169429728,75.07913208007812,11221801,0.0,0.0
2020-10-07 00:00:00+05:30,75.27196541649639,75.33624450944112,73.43998429457929,73.56854248046875,11939558,0.0,0.0
2020-10-08 00:00:00+05:30,73.72925533800135,73.92209755416299,72.41151654150113,72.82933807373047,11663333,0.0,0.0
2020-10-09 00:00:00+05:30,72.86146779844015,74.50061175735247,72.18652991855568,73.8578109741211,15958362,0.0,0.0
2020-10-12 00:00:00+05:30,74.11493847661617,74.24349668235904,72.50793638392442,72.76505279541016,7949842,0.0,0.0
2020-10-13 00:00:00+05:30,72.82933146554322,73.69711155116977,72.21866777256096,73.18286895751953,9702168,0.0,0.0
2020-10-14 00:00:00+05:30,72.76505625429829,73.24715690502248,70.45097411165847,71.06163787841797,19663164,0.0,0.0
2020-10-15 00:00:00+05:30,71.25446545372492,72.44364591541415,70.41882738256689,71.09376525878906,15481671,0.0,0.0
2020-10-16 00:00:00+05:30,71.54372197638688,72.47578105713467,70.45095781173121,71.57585906982422,12231039,0.0,0.0
2020-10-19 00:00:00+05:30,72.315088282141,74.14706953778575,71.51158730122832,73.729248046875,18111350,0.0,0.0
2020-10-20 00:00:00+05:30,73.98637288043557,74.66131569835763,72.70077124948384,73.05431365966797,16554127,0.0,0.0
2020-10-21 00:00:00+05:30,73.0543146677382,75.1434173468621,72.99003556613982,73.98637390136719,20421726,0.0,0.0
2020-10-22 00:00:00+05:30,73.92208253739688,75.01484179584281,73.34356091061598,74.43632507324219,13653932,0.0,0.0
2020-10-23 00:00:00+05:30,75.07912942856926,75.97904655362943,74.69344505590858,75.65764617919922,11876035,0.0,0.0
2020-10-26 00:00:00+05:30,75.78621713959367,75.78621713959367,73.4078511793802,73.6328353881836,11243128,0.0,0.0
2020-10-27 00:00:00+05:30,73.40784680075888,74.01851048165882,72.54006673230182,73.24714660644531,10985477,0.0,0.0
2020-10-28 00:00:00+05:30,73.24715030412246,73.27929230628006,72.25081199158952,72.44364929199219,9366165,0.0,0.0
2020-10-29 00:00:00+05:30,71.9936850499173,72.28294342996348,71.06162591049686,71.25446319580078,11414157,0.0,0.0
2020-10-30 00:00:00+05:30,71.73656355482436,74.05064530094502,71.3830260807143,73.40784454345703,17773808,0.0,0.0
2020-11-02 00:00:00+05:30,73.66496755532897,74.7577318112011,72.99002968664216,74.3720474243164,12785804,0.0,0.0
2020-11-03 00:00:00+05:30,74.30776981617296,75.3683920929872,74.30776981617296,74.88629150390625,12319486,0.0,0.0
2020-11-04 00:00:00+05:30,74.88629271646711,74.88629271646711,73.08644852641615,73.79353332519531,7382741,0.0,0.0
2020-11-05 00:00:00+05:30,74.78987011135895,77.52177343874898,74.08279023098828,77.0396728515625,14904921,0.0,0.0
2020-11-06 00:00:00+05:30,77.29679343070312,78.67881608202585,76.04333387728293,78.29313659667969,18908916,0.0,0.0
2020-11-09 00:00:00+05:30,79.00022352729816,79.00022352729816,77.55392164992192,78.26100158691406,14950332,0.0,0.0
2020-11-10 00:00:00+05:30,78.58239834535065,80.60722186023882,77.77889733977446,80.22154235839844,15808417,0.0,0.0
2020-11-11 00:00:00+05:30,80.99290548140935,81.12146368716768,79.41804539205442,80.896484375,16757799,0.0,0.0
2020-11-12 00:00:00+05:30,81.02503541447439,81.31429378642981,77.77888970875895,78.48596954345703,35738360,0.0,0.0
2020-11-13 00:00:00+05:30,78.74308832311789,81.21787011815124,77.9074454241392,80.9286117553711,23377931,0.0,0.0
2020-11-14 00:00:00+05:30,81.86068953580218,81.95711064681119,81.34645178405654,81.69998931884766,3308333,0.0,0.0
2020-11-17 00:00:00+05:30,82.47135342447119,83.11415429323813,81.76426854548241,82.72846984863281,20369194,0.0,0.0
2020-11-18 00:00:00+05:30,82.76060175012658,82.82488575250048,80.89647847744291,82.43920135498047,18943803,0.0,0.0
2020-11-19 00:00:00+05:30,83.12193172389055,84.86288597082219,82.50747697739772,83.32675170898438,29186699,7.5,0.0
2020-11-20 00:00:00+05:30,84.18015444400417,84.31669761979218,82.02956556821944,82.91710662841797,17573909,0.0,0.0
2020-11-23 00:00:00+05:30,82.78057502389197,84.28257100266553,81.75648543596753,83.8046646118164,17269543,0.0,0.0
2020-11-24 00:00:00+05:30,84.48737448175828,85.06769075967337,83.83878661975695,84.14601135253906,18199200,0.0,0.0
2020-11-25 00:00:00+05:30,84.62393188476562,86.53556781347025,84.1460255069839,84.62393188476562,22813211,0.0,0.0
2020-11-26 00:00:00+05:30,85.06770135561091,85.57974611321947,84.21429342626331,85.37493133544922,13694237,0.0,0.0
2020-11-27 00:00:00+05:30,85.64802415783335,86.97934375317953,85.34079936363985,85.71630096435547,25297333,0.0,0.0
2020-12-01 00:00:00+05:30,86.02352400642681,86.70625038743019,85.13597762760683,86.29661560058594,8927107,0.0,0.0
2020-12-02 00:00:00+05:30,86.70625031752392,89.53956062937252,86.29661553100995,88.58374786376953,21081119,0.0,0.0
2020-12-03 00:00:00+05:30,89.67611362509082,91.48533435386373,88.242384068932,91.10983276367188,25834042,0.0,0.0
2020-12-04 00:00:00+05:30,91.62187294116704,92.13391769726624,89.50542753317005,91.0074234008789,19371235,0.0,0.0
2020-12-07 00:00:00+05:30,91.00742284628755,93.67005139474665,90.8026028615806,93.39696502685547,14127211,0.0,0.0
2020-12-08 00:00:00+05:30,93.84072793787085,94.01140951302797,90.80259798358938,91.656005859375,21479953,0.0,0.0
2020-12-09 00:00:00+05:30,92.44114796106022,93.87487753037344,91.75842157902115,91.96324157714844,18755465,0.0,0.0
2020-12-10 00:00:00+05:30,92.30461420632992,92.4752958192919,90.66607488892635,92.06566619873047,11912807,0.0,0.0
2020-12-11 00:00:00+05:30,91.96323650809776,96.05959457453933,91.82669332273184,94.38691711425781,30559578,0.0,0.0
2020-12-14 00:00:00+05:30,95.34273195513552,98.44913897496221,94.96724079140168,97.86882781982422,35605748,0.0,0.0
2020-12-15 00:00:00+05:30,98.0736264979946,98.55154323070181,96.12786283976685,97.69813537597656,18775793,0.0,0.0
2020-12-16 00:00:00+05:30,98.55153889708298,99.6780330487543,97.97121741435782,99.336669921875,16119571,0.0,0.0
2020-12-17 00:00:00+05:30,99.16599746583898,99.16599746583898,97.28850009557353,97.93708801269531,12374964,0.0,0.0
2020-12-18 00:00:00+05:30,97.93709598010423,98.073639170989,95.2061904920981,96.74232482910156,13628707,0.0,0.0
2020-12-21 00:00:00+05:30,96.53750663147467,96.60578343697719,88.31066202973787,90.76847076416016,20132655,0.0,0.0
2020-12-22 00:00:00+05:30,90.46122828972734,92.9190469612333,88.61786949488581,92.50940704345703,17257059,0.0,0.0
2020-12-23 00:00:00+05:30,92.50941132824677,93.32868078416985,91.55359869926589,92.20218658447266,10091831,0.0,0.0
2020-12-24 00:00:00+05:30,93.08973065113665,94.96722788495617,92.57768595100406,93.02145385742188,14518171,0.0,0.0
2020-12-28 00:00:00+05:30,95.51339847102761,95.51339847102761,93.6700396744659,93.97726440429688,15223089,0.0,0.0
2020-12-29 00:00:00+05:30,94.8306797542272,95.30859650257855,91.89496497193572,92.236328125,21146540,0.0,0.0
2020-12-30 00:00:00+05:30,93.36283658794137,93.36283658794137,91.62188215854454,92.57770538330078,14180071,0.0,0.0
2020-12-31 00:00:00+05:30,92.5777112390552,93.3287040871747,91.99738958669015,92.47529602050781,15237166,0.0,0.0
2021-01-01 00:00:00+05:30,92.44114092189403,93.02146246946833,92.20219295692236,92.40701293945312,6995084,0.0,0.0
2021-01-04 00:00:00+05:30,93.43109152334758,94.0455409816054,92.71422687699621,93.70417785644531,11669647,0.0,0.0
2021-01-05 00:00:00+05:30,93.36282836317162,93.36282836317162,91.75841727362912,92.27046203613281,12371842,0.0,0.0
2021-01-06 00:00:00+05:30,92.44113768277722,93.73832391496751,91.34878184351753,92.236328125,14133415,0.0,0.0
2021-01-07 00:00:00+05:30,93.192138671875,93.87486496251144,92.50941238123855,93.192138671875,17298525,0.0,0.0
2021-01-08 00:00:00+05:30,93.60179442606918,96.23028483852221,93.60179442606918,95.37687683105469,27964099,0.0,0.0
2021-01-11 00:00:00+05:30,95.92305526621526,97.62987119621909,95.78651207533049,96.74232482910156,24790683,0.0,0.0
2021-01-12 00:00:00+05:30,97.28850084498214,100.73627085317935,96.74231770409142,100.12181091308594,28433070,0.0,0.0
2021-01-13 00:00:00+05:30,101.38486296759999,101.5896829561005,97.97123121784914,99.54150390625,21154236,0.0,0.0
2021-01-14 00:00:00+05:30,100.08768293106152,101.18003879526604,98.89291186805296,100.12181091308594,14755992,0.0,0.0
2021-01-15 00:00:00+05:30,100.22421742492008,100.7704005184702,97.18608764011614,97.800537109375,10647008,0.0,0.0
2021-01-18 00:00:00+05:30,97.83468278152081,98.2443123189636,93.26041856582727,94.69413757324219,17085592,0.0,0.0
2021-01-19 00:00:00+05:30,96.1620157986716,96.87887017112841,95.30860781472023,95.64997100830078,8951075,0.0,0.0
2021-01-20 00:00:00+05:30,95.92303245733146,96.91298337782447,94.65998480242904,96.60575866699219,11820498,0.0,0.0
2021-01-21 00:00:00+05:30,96.94713404737278,97.04953882475841,93.22627781709808,93.7724609375,10828875,0.0,0.0
2021-01-22 00:00:00+05:30,93.77246855889317,94.07969333359638,90.46124158661625,90.93914794921875,14810848,0.0,0.0
2021-01-25 00:00:00+05:30,92.0997626865533,92.5094025845853,89.33472983635107,90.0174560546875,10157077,0.0,0.0
2021-01-27 00:00:00+05:30,90.11987702230654,90.49537859341493,87.86687801323343,88.17410278320312,11638766,0.0,0.0
2021-01-28 00:00:00+05:30,87.38896189646995,88.72027602934627,87.25241872702193,87.52550506591797,11970139,0.0,0.0
2021-01-29 00:00:00+05:30,88.242370302567,88.51545664324276,85.51146522550496,85.95523834228516,15268785,0.0,0.0
2021-02-01 00:00:00+05:30,86.2966135432718,88.58374582335006,85.92111195915635,88.07170104980469,12808349,0.0,0.0
2021-02-02 00:00:00+05:30,89.43715227399554,90.70020019451422,88.51546753009515,89.60783386230469,15485139,0.0,0.0
2021-02-03 00:00:00+05:30,89.60782035452421,94.21622254418546,89.60782035452421,93.70417785644531,25483402,0.0,0.0
2021-02-04 00:00:00+05:30,94.1479565957811,98.48327295167236,93.39696388447749,98.03950500488281,30751754,0.0,0.0
2021-02-05 00:00:00+05:30,98.38087862723198,98.51742182402197,95.13792821997346,96.16201782226562,19930467,0.0,0.0
2021-02-08 00:00:00+05:30,96.29855229646475,97.22022660449682,95.78650754169898,96.6399154663086,11810439,0.0,0.0
2021-02-09 00:00:00+05:30,96.60575984495974,97.93707388651656,94.69412435108504,95.06962585449219,8579689,0.0,0.0
2021-02-10 00:00:00+05:30,95.51339915629629,95.95717747374795,93.39695401082818,94.4210433959961,8709612,0.0,0.0
2021-02-11 00:00:00+05:30,94.42103616107084,95.24030552291423,92.85076380728555,93.63589477539062,14150298,0.0,0.0
2021-02-12 00:00:00+05:30,93.19213983730495,93.53350298689215,90.63191621540096,91.38291931152344,16453706,0.0,0.0
2021-02-15 00:00:00+05:30,91.82667659766733,92.06563494171742,90.11986104752481,90.29054260253906,10557047,0.0,0.0
2021-02-16 00:00:00+05:30,90.32468524830782,92.4411303795526,90.32468524830782,91.31463623046875,11735144,0.0,0.0
2021-02-17 00:00:00+05:30,91.0074201123845,92.68009750501864,90.7343233351201,92.30459594726562,8950258,0.0,0.0
2021-02-18 00:00:00+05:30,92.16806054626575,96.40096198413426,91.51947257408534,95.54755401611328,22069738,0.0,0.0
2021-02-19 00:00:00+05:30,95.54753212356702,97.76639233202016,93.70417341852102,95.06962585449219,22944780,0.0,0.0
2021-02-22 00:00:00+05:30,94.79654631824532,95.17203743094834,92.23632281758232,93.02145385742188,20401387,0.0,0.0
2021-02-23 00:00:00+05:30,93.94314962665489,94.62587597447192,92.98732648916464,93.4652328491211,19178437,0.0,0.0
2021-02-24 00:00:00+05:30,95.54754800895665,98.9953180665127,95.24032324330014,98.58567810058594,38775957,0.0,0.0
2021-02-25 00:00:00+05:30,100.29249486768703,107.66594140031718,99.50736374615475,106.5735855102539,85580477,0.0,0.0
2021-02-26 00:00:00+05:30,106.6077167402875,111.28439646425178,102.7503169807969,103.91094970703125,94115857,0.0,0.0
2021-03-01 00:00:00+05:30,106.1639535071092,107.25631989672158,104.93504392318978,105.37882232666016,22306110,0.0,0.0
2021-03-02 00:00:00+05:30,105.37880766405873,106.60770665940892,104.11575985291084,104.73020935058594,17565134,0.0,0.0
2021-03-03 00:00:00+05:30,105.82259504630142,107.39286789502029,105.00332542623283,105.75431823730469,17610904,0.0,0.0
2021-03-04 00:00:00+05:30,105.13986232869489,105.75431190254575,103.56958957403648,103.80854797363281,17162557,0.0,0.0
2021-03-05 00:00:00+05:30,103.77439977217851,104.2523061086666,102.20412716579466,103.15995025634766,17323282,0.0,0.0
2021-03-08 00:00:00+05:30,105.07156157409268,106.50529080971518,104.01334426228726,104.55951690673828,18727656,0.0,0.0
2021-03-09 00:00:00+05:30,105.78843281280297,105.78843281280297,101.3848504814666,103.56957244873047,14621175,0.0,0.0
2021-03-10 00:00:00+05:30,104.49126266623632,104.62780584320151,101.99930541192077,103.05753326416016,10788943,0.0,0.0
2021-03-12 00:00:00+05:30,103.77439459613788,104.45712087637563,101.72621575542463,102.75030517578125,14835735,0.0,0.0
2021-03-15 00:00:00+05:30,103.42117798242944,104.23330023580846,102.2206611465303,103.73896026611328,15783310,5.0,0.0
2021-03-16 00:00:00+05:30,103.809594343461,104.55109360102819,102.11474813379553,102.89154815673828,11857531,0.0,0.0
2021-03-17 00:00:00+05:30,102.4325427597484,102.715013570112,98.51319830642178,98.76036834716797,15554810,0.0,0.0
2021-03-18 00:00:00+05:30,99.92556079806192,100.10210772526699,96.18276378620088,96.78302764892578,14401450,0.0,0.0
2021-03-19 00:00:00+05:30,96.0415365947287,98.86628767104425,94.27606717203147,96.2533950805664,33294812,0.0,0.0
2021-03-22 00:00:00+05:30,97.17143193676989,97.17143193676989,95.5471980698752,95.79435729980469,11414253,0.0,0.0
2021-03-23 00:00:00+05:30,95.75905660235162,96.5005450682291,94.6997750504476,95.51188659667969,8887103,0.0,0.0
2021-03-24 00:00:00+05:30,94.55852849553374,95.4412631184404,93.25208771897336,93.42863464355469,10865477,0.0,0.0
2021-03-25 00:00:00+05:30,93.21676627562398,93.99357697148137,89.72113969540167,90.46263885498047,18629600,0.0,0.0
2021-03-26 00:00:00+05:30,91.16884064276867,92.08687607523551,90.88635908421993,91.52193450927734,9505615,0.0,0.0
2021-03-30 00:00:00+05:30,92.51060075558266,94.9469464829629,91.91033682213119,93.88766479492188,20582346,0.0,0.0
2021-03-31 00:00:00+05:30,93.92296787706064,93.92296787706064,91.80440469186378,92.05157470703125,14900610,0.0,0.0
2021-04-01 00:00:00+05:30,92.82836367526588,93.4992397821443,92.22811064303498,93.32269287109375,6226087,0.0,0.0
2021-04-05 00:00:00+05:30,93.14614988136059,93.28739603660192,90.42733380206488,91.66316223144531,9012457,0.0,0.0
2021-04-06 00:00:00+05:30,92.40467128628617,93.1108590354345,91.3100781199923,92.01626586914062,6689423,0.0,0.0
2021-04-07 00:00:00+05:30,92.01625764246498,93.00491609265407,91.62785226004463,92.6871337890625,5657926,0.0,0.0
2021-04-08 00:00:00+05:30,92.72245287669884,94.45261069316052,92.65182979212088,92.96961212158203,9330363,0.0,0.0
2021-04-09 00:00:00+05:30,92.96961623903644,93.1814747265833,91.06291140225521,91.4513168334961,10149401,0.0,0.0
2021-04-12 00:00:00+05:30,90.39203684526548,90.60389533673568,87.28480950115242,88.06161499023438,11334755,0.0,0.0
2021-04-13 00:00:00+05:30,88.13221799727893,90.70979852538427,88.13221799727893,90.35670471191406,7809483,0.0,0.0
2021-04-15 00:00:00+05:30,90.3567221433743,92.3693615786566,89.65053438019737,90.5685806274414,8924391,0.0,0.0
2021-04-16 00:00:00+05:30,90.99229542906956,91.76909548472668,89.7564614851498,90.28610229492188,10358366,0.0,0.0
2021-04-19 00:00:00+05:30,88.69717741188536,88.97965358017304,87.14356656798039,87.9909896850586,7131534,0.0,0.0
2021-04-20 00:00:00+05:30,88.27346587276843,89.15620053149611,87.60258968724929,87.92037200927734,7738871,0.0,0.0
2021-04-22 00:00:00+05:30,88.02630068890628,88.62655917548608,87.56727759171534,88.30877685546875,8514980,0.0,0.0
2021-04-23 00:00:00+05:30,88.23815800749642,89.86239200233835,87.74382873312801,89.08558654785156,8992991,0.0,0.0
2021-04-26 00:00:00+05:30,90.21548027926168,90.39202720740114,89.3327456385644,89.65052795410156,4967884,0.0,0.0
2021-04-27 00:00:00+05:30,89.68584654564951,90.32141661447491,89.4033703608621,90.0389404296875,3982954,0.0,0.0
2021-04-28 00:00:00+05:30,90.39203094601167,91.416001016458,90.03893707512881,90.74512481689453,6206074,0.0,0.0
2021-04-29 00:00:00+05:30,91.62785458809314,91.83971305439333,90.14486148734566,90.42733764648438,8345584,0.0,0.0
2021-04-30 00:00:00+05:30,89.96832790349393,95.0528833586671,89.68585170246452,93.95829010009766,27396950,0.0,0.0
2021-05-03 00:00:00+05:30,93.92296931425132,94.24075164177957,92.65182922856854,93.35801696777344,10262391,0.0,0.0
2021-05-04 00:00:00+05:30,93.60519133824147,95.90030159735247,93.39333285151717,93.78173828125,9926789,0.0,0.0
2021-05-05 00:00:00+05:30,93.92297628796678,94.98225797542504,93.56988239214735,94.02890014648438,4877341,0.0,0.0
2021-05-06 00:00:00+05:30,94.77039775664343,95.6531324801136,94.45261541130824,95.0528793334961,7632817,0.0,0.0
2021-05-07 00:00:00+05:30,95.61781149874675,97.45390385257367,95.33534072534381,96.64179229736328,12644960,0.0,0.0
2021-05-10 00:00:00+05:30,96.81834378668077,104.86887973926513,96.81834378668077,103.84490966796875,45098431,0.0,0.0
2021-05-11 00:00:00+05:30,103.42119350872422,110.69492946607467,102.50314728148331,109.95343017578125,66582000,0.0,0.0
2021-05-12 00:00:00+05:30,110.09466469134826,112.77818026664175,107.19930141386484,108.39981842041016,42959024,0.0,0.0
2021-05-14 00:00:00+05:30,110.12996297210958,110.12996297210958,103.17402101485915,103.66835021972656,23140309,0.0,0.0
2021-05-17 00:00:00+05:30,103.8095849815195,105.32788412510348,101.69102202271299,104.62169647216797,17076463,0.0,0.0
2021-05-18 00:00:00+05:30,105.29259225821178,105.78692150191473,103.17402912042539,103.42118835449219,10295029,0.0,0.0
2021-05-19 00:00:00+05:30,103.42118393156419,107.69362156516483,102.4678370256729,107.23460388183594,23999878,0.0,0.0
2021-05-20 00:00:00+05:30,107.62300305207326,107.62300305207326,103.13871754398565,103.56242370605469,22983457,0.0,0.0
2021-05-21 00:00:00+05:30,103.809593165638,105.64568551825114,103.70366931957425,103.9508285522461,13009821,0.0,0.0
2021-05-24 00:00:00+05:30,104.58641034774881,105.75161582794561,102.85624173545001,105.15135192871094,14192862,0.0,0.0
2021-05-25 00:00:00+05:30,105.78691812352744,105.9281535064222,103.88021351552564,104.12737274169922,10434892,0.0,0.0
2021-05-26 00:00:00+05:30,104.37454667187264,104.51578206008318,102.5384542984272,102.89154815673828,9948786,0.0,0.0
2021-05-27 00:00:00+05:30,102.92686036619615,103.31526576797494,101.76165493642927,102.07943725585938,24064196,0.0,0.0
2021-05-28 00:00:00+05:30,102.820924952264,105.08072325082148,102.2206611465303,103.73896026611328,16465504,0.0,0.0
2021-05-31 00:00:00+05:30,103.8449144465183,104.79826147722098,102.43253889682222,104.3039321899414,11767444,0.0,0.0
2021-06-01 00:00:00+05:30,104.90418303213022,105.50443610058531,103.7389668835369,104.23330688476562,9307143,0.0,0.0
2021-06-02 00:00:00+05:30,104.16267513578889,105.85752113285587,103.80958132176927,105.2925796508789,10714318,0.0,0.0
2021-06-03 00:00:00+05:30,105.92816227775582,106.2106330669352,104.93950374005804,105.25728607177734,9282774,0.0,0.0
2021-06-04 00:00:00+05:30,105.22196623691566,109.03537546816015,104.65701392750968,108.11734008789062,29422387,0.0,0.0
2021-06-07 00:00:00+05:30,110.1652880859375,112.17792746696621,109.77688267154619,110.34183502197266,31071589,0.0,0.0
2021-06-08 00:00:00+05:30,111.15394938873719,111.22457247513992,107.90549215004341,110.16529083251953,12874065,0.0,0.0
2021-06-09 00:00:00+05:30,110.87147850257028,113.97870034145888,109.6003383773631,110.44776153564453,30443113,0.0,0.0
2021-06-10 00:00:00+05:30,110.94208849896305,112.10729385717227,109.9887308236509,110.51837158203125,11459484,0.0,0.0
2021-06-11 00:00:00+05:30,110.87147839987692,116.52098048394708,110.62430837347083,114.86143493652344,61728565,0.0,0.0
2021-06-14 00:00:00+05:30,115.81478981174476,115.81478981174476,109.84750554058284,112.53102111816406,30836595,0.0,0.0
2021-06-15 00:00:00+05:30,113.76685199478557,114.29649281268388,110.69493094074734,110.97740173339844,30153988,0.0,0.0
2021-06-16 00:00:00+05:30,111.08333219079624,112.14261378681356,109.35317440574856,109.84750366210938,14098443,0.0,0.0
2021-06-17 00:00:00+05:30,109.45908844201088,109.74155919873054,106.9168085292593,107.44644927978516,15784276,0.0,0.0
2021-06-18 00:00:00+05:30,108.04672285180942,108.61167519176941,102.4678440866824,103.38587951660156,24823176,0.0,0.0
2021-06-21 00:00:00+05:30,103.1034000720008,104.51577541545285,101.3379308926857,104.16268157958984,15038290,0.0,0.0
2021-06-22 00:00:00+05:30,105.15135197244771,105.57506893391549,104.37455191051673,105.01011657714844,12494441,0.0,0.0
2021-06-23 00:00:00+05:30,105.82222632915905,106.35186708000455,104.6216986734543,104.83355712890625,7983220,0.0,0.0
2021-06-24 00:00:00+05:30,104.83356652038351,105.29259501091272,103.10340873440637,103.38587951660156,12929173,0.0,0.0
2021-06-25 00:00:00+05:30,103.63304242045939,105.39851162694082,103.63304242045939,105.04541778564453,7400514,0.0,0.0
2021-06-28 00:00:00+05:30,103.88021624672669,105.22196858285756,103.809593165638,103.9508285522461,8217659,0.0,0.0
2021-06-29 00:00:00+05:30,103.88022085198018,104.44516242345776,101.6557230059006,102.04412841796875,21576435,0.0,0.0
2021-06-30 00:00:00+05:30,102.82093522854154,104.09206449031797,102.46784137236601,103.56242370605469,12919448,0.0,0.0
2021-07-01 00:00:00+05:30,103.52711860856732,104.02144783141287,102.75030784726081,102.85623168945312,5668038,0.0,0.0
2021-07-02 00:00:00+05:30,103.80959800090737,104.97480346415902,103.13872180159369,104.26861572265625,20805994,0.0,0.0
2021-07-05 00:00:00+05:30,104.51578394042416,106.28125326374213,104.23331315892112,105.85753631591797,10401054,0.0,0.0
2021-07-06 00:00:00+05:30,105.96346229760496,106.4224799739994,103.73896466632674,104.16268157958984,9579038,0.0,0.0
2021-07-07 00:00:00+05:30,104.16267125288668,105.04540575502979,103.49179518637146,104.19798278808594,6067804,0.0,0.0
2021-07-08 00:00:00+05:30,103.80958611904046,104.62169761858785,102.6090692510088,103.27994537353516,12349670,0.0,0.0
2021-07-09 00:00:00+05:30,103.2799578427837,104.16269252520067,102.85624088499563,103.59774017333984,4963821,0.0,0.0
2021-07-12 00:00:00+05:30,103.66836107436636,104.40986034709074,103.17403181773999,103.38587951660156,4010172,0.0,0.0
2021-07-13 00:00:00+05:30,103.809607256713,104.86888896341415,103.56243721492109,104.58641815185547,5717442,0.0,0.0
2021-07-14 00:00:00+05:30,104.48046109669455,105.50443103833736,103.98613189475338,104.62169647216797,7216739,0.0,0.0
2021-07-15 00:00:00+05:30,104.51578639816745,104.79825718631292,102.85624088499563,103.59774017333984,7257500,0.0,0.0
2021-07-16 00:00:00+05:30,103.63306011050697,104.55110640970057,102.60908995107097,102.78563690185547,10819800,0.0,0.0
2021-07-19 00:00:00+05:30,102.3972403193307,103.38589901908179,101.69105245505946,102.00883483886719,5158738,0.0,0.0
2021-07-20 00:00:00+05:30,102.04411197047249,102.43251731993736,100.06678446229782,100.9142074584961,6271740,0.0,0.0
2021-07-22 00:00:00+05:30,101.69102691441654,102.6796853658569,101.16138614923729,102.18535614013672,4772582,0.0,0.0
2021-07-23 00:00:00+05:30,102.18536389379592,102.39722237105688,101.23201690947622,101.76165771484375,3419739,0.0,0.0
2021-07-26 00:00:00+05:30,101.6910171508789,102.75029857953389,101.16137643655141,101.6910171508789,4423596,0.0,0.0
2021-07-27 00:00:00+05:30,102.04413022383235,102.57377103814291,100.34928392826657,100.59644317626953,4245486,0.0,0.0
2021-07-28 00:00:00+05:30,101.30263950878337,101.90290345940429,99.60779306966802,101.72635650634766,8834228,0.0,0.0
2021-07-29 00:00:00+05:30,101.72633795400561,102.1500440987256,100.20802796927782,100.38457489013672,8237916,0.0,0.0
2021-07-30 00:00:00+05:30,100.49051333944398,102.32659492104025,99.74901408845136,101.19670104980469,9526451,0.0,0.0
2021-08-02 00:00:00+05:30,101.90290395488789,102.3266101789415,101.05548073120978,101.62042236328125,6164197,0.0,0.0
2021-08-03 00:00:00+05:30,101.62040659177248,102.22067045215098,100.9848419665464,101.8675765991211,5648929,0.0,0.0
2021-08-04 00:00:00+05:30,101.79695075722482,104.05675997577812,101.79695075722482,102.18535614013672,8839351,0.0,0.0
2021-08-05 00:00:00+05:30,102.39720642986187,103.03277098713032,100.41987890920609,102.7149887084961,6237158,0.0,0.0
2021-08-06 00:00:00+05:30,102.82094784853346,104.8335766104175,102.5737778086458,103.17404174804688,10812438,0.0,0.0
2021-08-09 00:00:00+05:30,104.16268220538662,104.40985220220318,100.5258199843752,101.16138458251953,12986298,0.0,0.0
2021-08-10 00:00:00+05:30,101.47916522468495,101.86757059523978,99.39591376970537,100.41988372802734,14022502,0.0,0.0
2021-08-11 00:00:00+05:30,100.91422428562319,101.93820513465836,99.67839573388953,101.65572357177734,8356558,0.0,0.0
2021-08-12 00:00:00+05:30,101.72635148544975,103.59774478525556,101.47918145314166,101.9735107421875,7685737,0.0,0.0
2021-08-13 00:00:00+05:30,102.43254214110259,103.31527688762093,101.12609040602719,101.51449584960938,9455100,0.0,0.0
2021-08-16 00:00:00+05:30,101.54978832789996,101.79694754517683,100.1021014603091,100.27864837646484,5259207,0.0,0.0
2021-08-17 00:00:00+05:30,100.34926313303973,100.66704540065852,96.88893739794693,98.33662414550781,13714266,0.0,0.0
2021-08-18 00:00:00+05:30,98.33666035028928,99.04284821635959,97.4539255177014,97.70109558105469,7654460,0.0,0.0
2021-08-20 00:00:00+05:30,97.10082387892353,97.4892293295534,95.3353543538522,95.75907135009766,8877297,0.0,0.0
2021-08-23 00:00:00+05:30,96.25339474388755,96.32400705520634,93.74642601731244,94.5938491821289,7768805,0.0,0.0
2021-08-24 00:00:00+05:30,94.87632889806423,96.67709904723225,94.62915887435844,96.18276977539062,7452062,0.0,0.0
2021-08-25 00:00:00+05:30,96.39463075820079,98.26602404144693,96.39463075820079,98.0541763305664,7817617,0.0,0.0
2021-08-26 00:00:00+05:30,98.05416491125716,98.44255951968614,96.28869568905641,96.9595718383789,6845692,0.0,0.0
2021-08-27 00:00:00+05:30,97.38329476103951,98.3719641611157,96.78304158743656,97.84232330322266,4418540,0.0,0.0
2021-08-30 00:00:00+05:30,97.87763044228467,101.655728593151,97.87763044228467,101.4085693359375,11333690,0.0,0.0
2021-08-31 00:00:00+05:30,101.40855994480607,103.20932999334902,101.16138993491187,102.99748229980469,14301855,0.0,0.0
2021-09-01 00:00:00+05:30,103.5271325224705,103.5624332908997,101.62041690219803,101.832275390625,8415876,0.0,0.0
2021-09-02 00:00:00+05:30,104.07591578018763,104.07591578018763,102.19414936492497,102.48365783691406,7787657,3.5,0.0
2021-09-03 00:00:00+05:30,102.70076922449965,106.50048072288035,102.59221045627896,105.9214859008789,12734022,0.0,0.0
2021-09-06 00:00:00+05:30,106.97092782027943,107.00711775755912,104.43778682135897,105.9214859008789,9712271,0.0,0.0
2021-09-07 00:00:00+05:30,106.39192578879492,107.18806026316537,105.34248383157477,106.53667449951172,9475870,0.0,0.0
2021-09-08 00:00:00+05:30,106.64524855501351,108.45463511995355,105.88530398901487,107.947998046875,7873034,0.0,0.0
2021-09-09 00:00:00+05:30,107.9479749528544,109.25073520962698,107.11566172849189,107.58609771728516,9519564,0.0,0.0
2021-09-13 00:00:00+05:30,108.27368336266808,112.83332811971829,108.05655479242336,111.8924560546875,35672746,0.0,0.0
2021-09-14 00:00:00+05:30,112.43528324395889,112.54384201816872,110.98777402186026,111.96483612060547,8804432,0.0,0.0
2021-09-15 00:00:00+05:30,112.54384383906388,117.42918754268885,111.63915056061482,116.56068420410156,24591822,0.0,0.0
2021-09-16 00:00:00+05:30,117.35680798773139,117.97200383622685,114.02754333999708,117.46537780761719,18440504,0.0,0.0
2021-09-17 00:00:00+05:30,117.75488149485979,118.18913871023118,112.47147024473351,113.412353515625,17317065,0.0,0.0
2021-09-20 00:00:00+05:30,112.8333315942555,114.0275332455663,110.58969908228478,111.60295104980469,12541523,0.0,0.0
2021-09-21 00:00:00+05:30,112.68860250472001,114.35324049276915,111.06015445972804,113.19522857666016,13645046,0.0,0.0
2021-09-22 00:00:00+05:30,113.81041847203895,117.61013037651084,112.18197051297958,117.32063293457031,18861877,0.0,0.0
2021-09-23 00:00:00+05:30,118.51482489092724,123.0382914898176,118.0443887820905,121.12034606933594,31399318,0.0,0.0
2021-09-24 00:00:00+05:30,121.66316177404876,122.64022393093121,117.89962873775913,120.21565246582031,17259638,0.0,0.0
2021-09-27 00:00:00+05:30,120.86701593353689,122.42308387691045,119.67282528337752,120.90320587158203,9099672,0.0,0.0
2021-09-28 00:00:00+05:30,121.95262049919273,127.59790721767087,121.69930203323166,126.33133697509766,41551332,0.0,0.0
2021-09-29 00:00:00+05:30,126.29516603690952,142.57964303307264,125.06478553925629,134.40121459960938,100988643,0.0,0.0
2021-09-30 00:00:00+05:30,135.77636646835396,138.5990049720074,133.24322538531464,133.96697998046875,48957916,0.0,0.0
2021-10-01 00:00:00+05:30,134.18408706154196,137.44098248578925,132.01282344537708,136.57247924804688,25492957,0.0,0.0
2021-10-04 00:00:00+05:30,139.32274913980032,139.93794491708556,136.2829822763828,137.4771728515625,23341448,0.0,0.0
2021-10-05 00:00:00+05:30,138.2371494130319,143.95480719643686,137.80289217020245,143.26724243164062,42359592,0.0,0.0
2021-10-06 00:00:00+05:30,144.75092134282403,147.50119105706148,138.74375589837305,139.57608032226562,41926821,0.0,0.0
2021-10-07 00:00:00+05:30,140.95119711883333,141.0959458185758,136.97054713601645,138.01998901367188,16517664,0.0,0.0
2021-10-08 00:00:00+05:30,138.3095276266375,138.74377382058836,133.24324472520198,136.39157104492188,28978175,0.0,0.0
2021-10-11 00:00:00+05:30,138.96087068345264,144.5337783927634,138.70755217882217,142.47108459472656,34952223,0.0,0.0
2021-10-12 00:00:00+05:30,144.17189583856992,145.4746561621786,138.41804970655053,139.90174865722656,25216411,0.0,0.0
2021-10-13 00:00:00+05:30,140.40837336172754,140.80644054647652,137.0429193455042,137.54954528808594,17378156,0.0,0.0
2021-10-14 00:00:00+05:30,137.51336866653378,138.81612910472987,131.9404606714032,133.02609252929688,29542941,0.0,0.0
2021-10-18 00:00:00+05:30,133.74981713106104,135.88489043110894,132.73655433123744,134.1116943359375,15468914,0.0,0.0
2021-10-19 00:00:00+05:30,135.55922979806982,136.75342039142038,132.88134016439844,133.53271484375,17403803,0.0,0.0
2021-10-20 00:00:00+05:30,132.2299685468136,132.73659457853245,128.39406680330953,130.63771057128906,15921230,0.0,0.0
2021-10-21 00:00:00+05:30,131.72331999806588,132.44707450354974,129.47967661361892,132.0128173828125,15586097,0.0,0.0
2021-10-22 00:00:00+05:30,132.73659319517202,133.38797898083834,126.87418738588973,127.30843353271484,13603152,0.0,0.0
2021-10-25 00:00:00+05:30,127.56173646897786,128.2854910021352,125.20953423621657,126.00566864013672,11744666,0.0,0.0
2021-10-26 00:00:00+05:30,125.20953071531859,127.38079425373452,124.30483757431196,126.69322967529297,11602891,0.0,0.0
2021-10-27 00:00:00+05:30,127.16368453344573,127.8512492137661,125.06480055275853,125.64380645751953,9535881,0.0,0.0
2021-10-28 00:00:00+05:30,125.20951952359964,125.20951952359964,120.10704845567763,120.54130554199219,24509136,0.0,0.0
2021-10-29 00:00:00+05:30,119.41949817186806,122.67639357655537,118.18911767215418,119.02143096923828,14826816,0.0,0.0
2021-11-01 00:00:00+05:30,119.4195114292128,124.44960379281038,118.5510081002696,123.58110046386719,13585170,0.0,0.0
2021-11-02 00:00:00+05:30,124.08772984864883,125.75236771635173,121.84409710837039,122.45928192138672,14278962,0.0,0.0
2021-11-03 00:00:00+05:30,121.73550860249932,123.83440334610476,121.12032388390449,122.85733032226562,8974463,0.0,0.0
2021-11-04 00:00:00+05:30,123.90677626038271,124.05152496108565,122.857334375764,123.5448989868164,973260,0.0,0.0
2021-11-08 00:00:00+05:30,123.76203549228168,126.07804798282872,121.9526490084764,124.26866149902344,8761953,0.0,0.0
2021-11-09 00:00:00+05:30,124.52196820659285,124.77527566411453,122.74877182947051,123.400146484375,5723308,0.0,0.0
2021-11-10 00:00:00+05:30,122.96590732359115,123.65348305756828,120.46895605670238,120.64989471435547,9212143,0.0,0.0
2021-11-11 00:00:00+05:30,120.07087000801847,121.3374404133504,119.56424405460922,120.86700439453125,6453205,0.0,0.0
2021-11-12 00:00:00+05:30,122.20596614388873,122.20596614388873,119.9261325740499,120.83082580566406,7027513,0.0,0.0
2021-11-15 00:00:00+05:30,118.87670028041786,121.30128275533535,115.43886572131902,115.61980438232422,19400018,0.0,0.0
2021-11-16 00:00:00+05:30,116.52448601482362,116.9949220688647,114.78747946062141,115.11316680908203,8505431,0.0,0.0
2021-11-17 00:00:00+05:30,115.11317761538866,115.25792633455748,112.6885951557383,112.97810363769531,7477627,0.0,0.0
2021-11-18 00:00:00+05:30,112.94190494149933,114.17228552448161,110.73445125353842,111.0239486694336,12981172,0.0,0.0
2021-11-22 00:00:00+05:30,110.1554331887272,110.66205913229162,107.91180085476553,108.96124267578125,11522286,0.0,0.0
2021-11-23 00:00:00+05:30,108.56318472229835,113.44852803480177,108.56318472229835,113.05046081542969,13305061,0.0,0.0
2021-11-24 00:00:00+05:30,114.57035477113564,116.9949260418948,112.61621957039311,115.14936065673828,18809310,0.0,0.0
2021-11-25 00:00:00+05:30,116.88635537069426,117.82723845856269,112.90570549738888,114.75128173828125,22402592,0.0,0.0
2021-11-26 00:00:00+05:30,114.1722708421462,115.36646133366635,112.43526448291381,112.83332061767578,11829847,0.0,0.0
2021-11-29 00:00:00+05:30,112.8333124139722,113.37612824221829,109.93829466332643,111.63912200927734,18176163,0.0,0.0
2021-11-30 00:00:00+05:30,114.71510119187204,114.71510119187204,109.54026035050629,110.01069641113281,56643275,0.0,0.0
2021-12-01 00:00:00+05:30,111.16871306090644,113.08665836940395,110.40876850794025,112.58003234863281,16283427,0.0,0.0
2021-12-02 00:00:00+05:30,113.55708793079214,115.47504417278746,112.29051742977609,115.29410552978516,15647910,0.0,0.0
2021-12-03 00:00:00+05:30,115.07698839930862,116.3073690854201,114.534172416293,115.61980438232422,20414051,0.0,0.0
2021-12-06 00:00:00+05:30,116.5784949379957,116.92362629952706,113.58734086747256,113.9324722290039,24185368,9.0,0.0
2021-12-07 00:00:00+05:30,115.1212700961994,115.77318229897159,114.39264512995584,115.5430908203125,7866368,0.0,0.0
2021-12-08 00:00:00+05:30,116.00327477490505,116.38675667498738,115.08292055529522,115.73483276367188,7313306,0.0,0.0
2021-12-09 00:00:00+05:30,116.38674841839372,117.7289349734658,115.54308361688749,117.07701110839844,9423435,0.0,0.0
2021-12-10 00:00:00+05:30,117.07702778847774,117.92069271018174,115.73484104218299,116.04163360595703,7419042,0.0,0.0
2021-12-13 00:00:00+05:30,117.1920678522016,117.1920678522016,113.47228884032378,114.27760314941406,9888293,0.0,0.0
2021-12-14 00:00:00+05:30,114.27760590717041,114.85282875569644,112.55193736159234,114.2009048461914,8474759,0.0,0.0
2021-12-15 00:00:00+05:30,114.3926592879511,115.50476628862195,113.47230496234435,113.58735656738281,5410912,0.0,0.0
2021-12-16 00:00:00+05:30,113.58734339144459,115.12127099050292,113.16551096111579,114.85282897949219,7539061,0.0,0.0
2021-12-17 00:00:00+05:30,114.35430709714878,114.58438687446768,111.9767146393836,112.32184600830078,8758284,0.0,0.0
2021-12-20 00:00:00+05:30,111.47819288700977,111.70827266440243,106.72300796995508,107.91180419921875,8858645,0.0,0.0
2021-12-21 00:00:00+05:30,108.7554747765574,111.97672056171756,108.4486822190082,110.94131469726562,8097050,0.0,0.0
2021-12-22 00:00:00+05:30,111.55489218480858,114.5843971207783,110.78792831732562,111.47820281982422,6798820,0.0,0.0
2021-12-23 00:00:00+05:30,112.16845295401174,113.47228904092366,111.97671200879121,113.28054809570312,4857807,0.0,0.0
2021-12-24 00:00:00+05:30,113.51064548968374,113.62568538163951,111.51653487422985,111.90001678466797,4568316,0.0,0.0
2021-12-27 00:00:00+05:30,111.20974612948626,112.36019177910164,110.51948342089237,112.01506042480469,3534825,0.0,0.0
2021-12-28 00:00:00+05:30,112.16846405917191,114.46935562961646,112.16846405917191,114.1625747680664,4907497,0.0,0.0
2021-12-29 00:00:00+05:30,114.46933495490677,114.46933495490677,112.20679432653634,112.55192565917969,4216568,0.0,0.0
2021-12-30 00:00:00+05:30,112.55194414928232,114.27761279893059,110.36609251188536,112.13011169433594,24782255,0.0,0.0
2021-12-31 00:00:00+05:30,111.93835936698834,113.16550607442007,111.47818812890519,112.01506042480469,5320232,0.0,0.0
2022-01-03 00:00:00+05:30,112.93542081194639,119.60800360591841,112.74367985980386,119.10948181152344,29486720,0.0,0.0
2022-01-04 00:00:00+05:30,119.64635033700979,120.1448721155719,116.84693720581289,117.345458984375,13744440,0.0,0.0
2022-01-05 00:00:00+05:30,117.3454519426067,118.34250714283735,116.65518925941359,117.88232421875,8454060,0.0,0.0
2022-01-06 00:00:00+05:30,118.49591438876732,119.07113727414968,117.38381915094932,118.61095428466797,12446900,0.0,0.0
2022-01-07 00:00:00+05:30,118.87939237060532,120.75845139329479,118.8410418389302,120.37496948242188,11679683,0.0,0.0
2022-01-10 00:00:00+05:30,121.02687799664663,123.48115957303875,120.45165520360453,123.25106811523438,14655298,0.0,0.0
2022-01-11 00:00:00+05:30,123.21272103076446,123.21272103076446,121.2569728421317,121.60210418701172,7670386,0.0,0.0
2022-01-12 00:00:00+05:30,123.02098558977892,123.28942759386477,121.56375908944054,122.21568298339844,6334581,0.0,0.0
2022-01-13 00:00:00+05:30,122.21566261839381,127.66109752543171,121.9472206590389,126.35726165771484,20271714,0.0,0.0
2022-01-14 00:00:00+05:30,126.35726165771484,127.4310060892613,125.20681617979938,126.35726165771484,10211720,0.0,0.0
2022-01-17 00:00:00+05:30,127.00920195606918,127.39268383189918,124.2864782970886,125.55196380615234,8384625,0.0,0.0
2022-01-18 00:00:00+05:30,125.78207128378509,126.93251705772215,122.94430738199493,123.32778930664062,6574122,0.0,0.0
2022-01-19 00:00:00+05:30,123.48116260991402,126.43397770132628,123.32777220191787,125.70535278320312,11503199,0.0,0.0
2022-01-20 00:00:00+05:30,126.16550899871005,129.04162242573233,125.66698735253372,126.58734130859375,17462235,0.0,0.0
2022-01-21 00:00:00+05:30,125.24518835363675,125.24518835363675,120.79679606279988,121.75550079345703,14466758,0.0,0.0
2022-01-24 00:00:00+05:30,121.33366846612775,123.0209864528142,118.72599627787947,119.8764419555664,10854431,0.0,0.0
2022-01-25 00:00:00+05:30,118.87938416793814,123.94134972336118,118.34251187034803,123.59620666503906,7267866,0.0,0.0
2022-01-27 00:00:00+05:30,121.87055000026906,123.71127024566692,121.18028722258205,123.13604736328125,9269062,0.0,0.0
2022-01-28 00:00:00+05:30,123.17438794383597,126.54902389999371,123.17438794383597,123.97969055175781,10310726,0.0,0.0
2022-01-31 00:00:00+05:30,125.32188428048475,125.32188428048475,122.062288025362,122.56082153320312,5811200,0.0,0.0
2022-02-01 00:00:00+05:30,124.24813719714626,125.3602323808539,121.6404649248015,125.05345153808594,7248713,0.0,0.0
2022-02-02 00:00:00+05:30,125.01511397667775,126.24226088093778,124.43989105960715,125.66703796386719,5369074,0.0,0.0
2022-02-03 00:00:00+05:30,125.09181048456722,125.89711317674366,123.17440083092848,123.71127319335938,4654885,0.0,0.0
2022-02-04 00:00:00+05:30,123.7112705762209,124.86171634406622,122.71421523683372,123.02099609375,6402287,0.0,0.0
2022-02-07 00:00:00+05:30,123.21273382924981,125.01510349952915,122.44577000409933,123.44282531738281,5871041,0.0,0.0
2022-02-08 00:00:00+05:30,124.13309578659397,124.63161757572132,121.44872248496306,122.67585754394531,14158927,0.0,0.0
2022-02-09 00:00:00+05:30,123.0976782386688,129.8853119068359,122.71419637499693,129.31008911132812,35079516,0.0,0.0
2022-02-10 00:00:00+05:30,129.61687310598754,130.61392831662118,126.54901812123043,128.8882598876953,17724098,0.0,0.0
2022-02-11 00:00:00+05:30,128.81155797461042,129.8469637062501,126.70240768662711,127.699462890625,10097767,0.0,0.0
2022-02-14 00:00:00+05:30,127.39268874050242,127.50772862650881,123.59620866115176,123.97969055175781,9478670,0.0,0.0
2022-02-15 00:00:00+05:30,124.82334815793357,126.43397668630786,122.59915800250037,125.51361083984375,16850616,0.0,0.0
2022-02-16 00:00:00+05:30,126.74078272788955,127.31600564496016,124.86172353938029,125.66703796386719,10653203,0.0,0.0
2022-02-17 00:00:00+05:30,126.31893714317756,126.93251053165251,124.7850095234597,125.05345153808594,6906440,0.0,0.0
2022-02-18 00:00:00+05:30,125.01510255265033,129.04166260419277,124.70832170608942,128.31304931640625,23740696,0.0,0.0
2022-02-21 00:00:00+05:30,128.98504914074567,129.26176109998832,126.37610581519458,127.44339752197266,14870901,5.0,0.0
2022-02-22 00:00:00+05:30,126.09938701462687,127.00856272257197,122.93701994215974,126.41561889648438,11654816,0.0,0.0
2022-02-23 00:00:00+05:30,126.77139167410353,128.31304317070112,125.07161217705678,125.30879211425781,7627472,0.0,0.0
2022-02-24 00:00:00+05:30,121.75112731933594,123.96478659238201,117.79816864013672,118.58876037597656,12115340,0.0,0.0
2022-02-25 00:00:00+05:30,120.36758892644124,130.36856932219837,120.36758892644124,129.2222137451172,17079977,0.0,0.0
2022-02-28 00:00:00+05:30,128.43162421018863,134.36106218908444,126.92950474759067,134.04483032226562,20872239,0.0,0.0
2022-03-02 00:00:00+05:30,135.1911951008719,146.7733599142415,135.1911951008719,146.1013641357422,72648396,0.0,0.0
2022-03-03 00:00:00+05:30,149.89620083626752,156.3395187824431,147.7220735207089,149.38230895996094,74050073,0.0,0.0
2022-03-04 00:00:00+05:30,149.38230894146312,151.00302444373705,142.70181105808658,143.09710693359375,36095156,0.0,0.0
2022-03-07 00:00:00+05:30,147.01053453738962,151.79361707134262,143.65051957617501,149.18466186523438,41642776,0.0,0.0
2022-03-08 00:00:00+05:30,149.42183659841044,151.55643185140752,147.52442127651798,149.54042053222656,22940456,0.0,0.0
2022-03-09 00:00:00+05:30,150.21242131688464,150.68678115695826,146.73382270125077,147.56393432617188,13870658,0.0,0.0
2022-03-10 00:00:00+05:30,145.4688854995627,145.4688854995627,139.97427511757272,141.4763946533203,30890343,0.0,0.0
2022-03-11 00:00:00+05:30,143.097119610772,144.283007342353,141.71358392392753,143.6900634765625,14663558,0.0,0.0
2022-03-14 00:00:00+05:30,143.09711654160975,144.0062922909322,140.60675718409271,142.58323669433594,8306420,0.0,0.0
2022-03-15 00:00:00+05:30,142.2274560449495,142.30652004814328,135.58648993475876,136.6933135986328,14074860,0.0,0.0
2022-03-16 00:00:00+05:30,136.77237922741358,140.56722221982838,136.69331522328008,139.85568237304688,11846738,0.0,0.0
2022-03-17 00:00:00+05:30,141.51592691718622,142.3065186876733,138.74885572048146,139.5789794921875,20052773,0.0,0.0
2022-03-21 00:00:00+05:30,140.60674706728264,147.3267769185961,140.3300351303689,144.1248779296875,20271556,0.0,0.0
2022-03-22 00:00:00+05:30,145.19218498844734,146.89196466377513,142.70182554531755,144.95501708984375,12372751,0.0,0.0
2022-03-23 00:00:00+05:30,144.36205534652603,145.6665268812678,141.75310021357,144.7178192138672,13731315,0.0,0.0
2022-03-24 00:00:00+05:30,145.23170377239146,149.02654662976983,144.91547189405696,148.15689086914062,16323203,0.0,0.0
2022-03-25 00:00:00+05:30,148.1568794300176,149.34276697741944,145.943232325645,147.12911987304688,10044811,0.0,0.0
2022-03-28 00:00:00+05:30,147.1291257515915,153.13761566041367,146.65476588828892,151.20066833496094,19132062,0.0,0.0
2022-03-29 00:00:00+05:30,151.79361454133064,151.95173047711666,146.65476821571266,147.05006408691406,10622472,0.0,0.0
2022-03-30 00:00:00+05:30,148.59171870118206,148.59171870118206,143.88770014751555,144.59922790527344,10298319,0.0,0.0
2022-03-31 00:00:00+05:30,145.58746288253752,146.18040668259698,143.61098354900608,144.7178192138672,9435203,0.0,0.0
2022-04-01 00:00:00+05:30,145.3107719458716,148.03831118110656,144.9154760548673,147.1686553955078,13505929,0.0,0.0
2022-04-04 00:00:00+05:30,146.65479255198798,149.42186410957265,145.94326469114176,148.43362426757812,9490374,0.0,0.0
2022-04-05 00:00:00+05:30,148.63124905901424,149.3823088091179,147.72207337154234,148.55218505859375,7637664,0.0,0.0
2022-04-06 00:00:00+05:30,149.18465571566261,155.74656942918043,148.86842385185523,153.25621032714844,46157039,0.0,0.0
2022-04-07 00:00:00+05:30,154.16540463348827,155.78612027438123,150.13338153306907,150.80538940429688,21712301,0.0,0.0
2022-04-08 00:00:00+05:30,153.92821528782983,157.1696463719358,152.0703318654297,153.80963134765625,20151959,0.0,0.0
2022-04-11 00:00:00+05:30,153.77006705632,156.53713767172937,152.86089153664514,155.27218627929688,12393619,0.0,0.0
2022-04-12 00:00:00+05:30,154.758333575341,154.758333575341,145.70606053752388,147.05006408691406,18907630,0.0,0.0
2022-04-13 00:00:00+05:30,148.6312376022343,151.2401925898615,146.8128743039807,147.5244140625,14216953,0.0,0.0
2022-04-18 00:00:00+05:30,147.52442392219277,150.92395876292727,145.94324043776828,149.77760314941406,13052104,0.0,0.0
2022-04-19 00:00:00+05:30,151.3588074989824,160.68779375580257,150.7263316053299,156.33953857421875,59341710,0.0,0.0
2022-04-20 00:00:00+05:30,158.0788409397077,162.5061602075754,155.82566136331704,157.40684509277344,38356653,0.0,0.0
2022-04-21 00:00:00+05:30,159.06703997370076,164.36400169613992,158.908924054003,163.5734100341797,43683145,0.0,0.0
2022-04-22 00:00:00+05:30,162.90143025496204,165.23367347262274,159.10658749457093,159.818115234375,24007670,0.0,0.0
2022-04-25 00:00:00+05:30,157.8416562361314,159.85766784345122,147.64302631224172,148.98703002929688,26465084,0.0,0.0
2022-04-26 00:00:00+05:30,151.95172014839062,152.03078414264567,148.98700131590326,151.31924438476562,20819291,0.0,0.0
2022-04-27 00:00:00+05:30,150.8449327837887,151.6355246620439,147.52444930781178,148.23597717285156,12214126,0.0,0.0
2022-04-28 00:00:00+05:30,149.42184027171794,152.18891138786086,147.95924071351044,150.4100799560547,12706800,0.0,0.0
2022-04-29 00:00:00+05:30,152.18891327383588,152.5842091524692,143.80863582141993,144.55970764160156,21654415,0.0,0.0
2022-05-02 00:00:00+05:30,144.4411111902744,149.34277765737409,141.39734017235685,148.3545379638672,21289439,0.0,0.0
2022-05-04 00:00:00+05:30,149.22419424067266,150.76584575523273,147.44536278614808,148.11737060546875,18239949,0.0,0.0
2022-05-05 00:00:00+05:30,149.81712766790702,151.75407492690852,146.02228508209413,146.9314727783203,12651103,0.0,0.0
2022-05-06 00:00:00+05:30,145.86417959253333,149.38231050876436,144.7178239542297,148.15689086914062,14257553,0.0,0.0
2022-05-09 00:00:00+05:30,147.0105304153747,147.0105304153747,143.53193161374833,144.7178192138672,10549451,0.0,0.0
2022-05-10 00:00:00+05:30,143.8877094920434,145.35030916666517,133.451900007513,134.4401397705078,19965511,0.0,0.0
2022-05-11 00:00:00+05:30,135.74460043207907,137.32578392473806,130.64528608094838,134.28201293945312,20641617,0.0,0.0
2022-05-12 00:00:00+05:30,132.70083521223725,134.55871865874727,130.17093186328822,132.068359375,10406343,0.0,0.0
2022-05-13 00:00:00+05:30,134.40060499697765,137.28626022005278,132.8194214087779,133.37283325195312,11590435,0.0,0.0
2022-05-16 00:00:00+05:30,134.00529898562377,136.61425412193216,132.7008274492058,135.74459838867188,7437937,0.0,0.0
2022-05-17 00:00:00+05:30,137.08859702059803,146.25946563729855,136.89094909406114,145.90370178222656,28092052,0.0,0.0
2022-05-18 00:00:00+05:30,147.3267659243998,148.2359415404592,143.72957133032364,146.6942901611328,15425248,0.0,0.0
2022-05-19 00:00:00+05:30,143.17616657125046,145.0735818904781,142.85992264239758,143.25521850585938,9396007,0.0,0.0
2022-05-20 00:00:00+05:30,145.86417297813247,147.72206835364938,145.11311325354114,147.01052856445312,6365038,0.0,0.0
2022-05-23 00:00:00+05:30,147.010541580099,147.64301742755697,144.2039383006422,145.70606994628906,7794071,0.0,0.0
2022-05-24 00:00:00+05:30,145.03405715724773,147.64301239949157,143.25522568255505,144.16441345214844,8572565,0.0,0.0
2022-05-25 00:00:00+05:30,145.62701094740126,146.69431473064165,142.34605971717517,142.8599395751953,7926434,0.0,0.0
2022-05-26 00:00:00+05:30,145.4293578872419,147.0500734753368,140.52769118409202,144.87594604492188,23140556,0.0,0.0
2022-05-27 00:00:00+05:30,145.86419812444024,149.1451495170257,142.70183068542798,143.76913452148438,16408080,0.0,0.0
2022-05-30 00:00:00+05:30,145.46888800513256,148.55219113202597,144.32253233300415,147.998779296875,10577525,0.0,0.0
2022-05-31 00:00:00+05:30,147.05004930432102,154.36302218639074,146.41757356128556,152.505126953125,21380248,0.0,0.0
2022-06-01 00:00:00+05:30,153.77007916124217,155.98373824052504,152.74230758191746,154.99549865722656,30867456,0.0,0.0
2022-06-02 00:00:00+05:30,155.35129355192973,157.48588906590268,153.61199395030266,156.69529724121094,17646759,0.0,0.0
2022-06-03 00:00:00+05:30,158.11835739213197,158.90894917909264,155.11410618898682,155.74658203125,25335178,0.0,0.0
2022-06-06 00:00:00+05:30,155.35128558328356,155.58846553121987,152.7423302829307,154.04681396484375,22020642,0.0,0.0
2022-06-07 00:00:00+05:30,153.09809650007452,158.07882722854728,153.05857656104553,156.18141174316406,12961285,0.0,0.0
2022-06-08 00:00:00+05:30,156.53716420433886,159.65999915834706,155.35127659673023,156.2604522705078,13059792,0.0,0.0
2022-06-09 00:00:00+05:30,155.70707436031867,158.4346140388493,155.35131041328862,157.13014221191406,10562238,0.0,0.0
2022-06-10 00:00:00+05:30,156.02330406999886,157.5649557415553,155.1536482227239,156.93247985839844,6741014,0.0,0.0
2022-06-13 00:00:00+05:30,155.46986333963392,156.06280715414582,149.8566691336715,151.0425567626953,8516696,0.0,0.0
2022-06-14 00:00:00+05:30,149.50090919049063,153.77009994189433,149.50090919049063,151.9517364501953,6727598,0.0,0.0
2022-06-15 00:00:00+05:30,151.91218843622414,153.25620396025033,149.5404133657852,150.251953125,5805589,0.0,0.0
2022-06-16 00:00:00+05:30,151.43786465627454,152.42610442554877,141.5949989669982,142.2274627685547,14490962,0.0,0.0
2022-06-17 00:00:00+05:30,142.30651746218717,146.14089234141863,141.8321575785907,144.40158081054688,15215695,0.0,0.0
2022-06-20 00:00:00+05:30,143.80862528138735,143.80862528138735,138.15589945661975,139.81614685058594,23276003,0.0,0.0
2022-06-21 00:00:00+05:30,140.7253375903813,146.7733599142415,140.7253375903813,146.1013641357422,7564329,0.0,0.0
2022-06-22 00:00:00+05:30,146.0618236170824,146.0618236170824,141.5159211229107,141.79263305664062,6560404,0.0,0.0
2022-06-23 00:00:00+05:30,142.54370082114647,143.8877044389253,138.23497801849967,140.05332946777344,9304799,0.0,0.0
2022-06-24 00:00:00+05:30,141.23921497212652,142.6227505704789,138.19544389383512,139.5789794921875,8171322,0.0,0.0
2022-06-27 00:00:00+05:30,142.3065153309967,144.52017464884008,140.290503951113,143.92723083496094,7063839,0.0,0.0
2022-06-28 00:00:00+05:30,143.21568082962997,147.80111507671083,142.89944897678518,147.3662872314453,9844211,0.0,0.0
2022-06-29 00:00:00+05:30,147.05007000853684,150.4100850490545,145.1921745136849,149.2241973876953,16856241,0.0,0.0
2022-06-30 00:00:00+05:30,148.71032041594145,149.4218482010332,144.3225335719466,146.7338409423828,8693744,0.0,0.0
2022-07-01 00:00:00+05:30,146.25948168245864,147.16865741887915,139.6185154476715,144.87594604492188,17248729,0.0,0.0
2022-07-04 00:00:00+05:30,144.875938524473,146.8128859037837,141.59498757973083,143.92723083496094,8780396,0.0,0.0
2022-07-05 00:00:00+05:30,144.67829713416603,146.41759665423183,143.69005739964305,144.24346923828125,5313753,0.0,0.0
2022-07-06 00:00:00+05:30,144.28297315620372,144.55968505339854,140.72531080440692,143.65049743652344,9367397,0.0,0.0
2022-07-07 00:00:00+05:30,145.42934860229386,147.52442395774477,143.45286924628695,147.05006408691406,6322630,0.0,0.0
2022-07-08 00:00:00+05:30,147.88017887037702,151.71454135065667,147.88017887037702,150.05430603027344,14647592,0.0,0.0
2022-07-11 00:00:00+05:30,149.38232019195166,153.6119912038183,148.4731444352012,152.86093139648438,9048841,0.0,0.0
2022-07-12 00:00:00+05:30,152.42610210397768,154.40258161242275,151.87269025430777,153.29574584960938,6942704,0.0,0.0
2022-07-13 00:00:00+05:30,153.29573579932915,155.07456724030706,152.5842080483271,152.93997192382812,7842930,0.0,0.0
2022-07-14 00:00:00+05:30,153.37477763493854,154.52113309631991,150.44959098964682,151.79359436035156,6795141,0.0,0.0
2022-07-15 00:00:00+05:30,152.58420453342265,153.29573226803407,149.738069468032,152.9004364013672,5610793,0.0,0.0
2022-07-18 00:00:00+05:30,153.77008430246664,155.66749954045022,153.2562045273587,154.63973999023438,7600779,0.0,0.0
2022-07-19 00:00:00+05:30,154.12586226612964,157.8021212136596,153.37480250162557,156.7348175048828,9913955,0.0,0.0
2022-07-20 00:00:00+05:30,157.80211463344676,158.43457836867302,156.06280317115713,156.4185791015625,5519522,0.0,0.0
2022-07-21 00:00:00+05:30,156.41859179702692,157.68353143361873,155.19317209949,157.01153564453125,6167419,0.0,0.0
2022-07-22 00:00:00+05:30,157.01149468545472,157.99973417349645,155.5884274099806,155.8256072998047,4844223,0.0,0.0
2022-07-25 00:00:00+05:30,156.14187260209528,159.46235558144525,153.84916132345367,158.8298797607422,10207034,0.0,0.0
2022-07-26 00:00:00+05:30,159.26469875904928,160.72729825888706,157.76257932419338,159.93670654296875,12853314,0.0,0.0
2022-07-27 00:00:00+05:30,160.0157928552891,161.83415660526452,159.54144496190952,160.84591674804688,7343180,0.0,0.0
2022-07-28 00:00:00+05:30,161.28071191331895,162.07130363838425,159.18564866728488,160.3715362548828,5096403,0.0,0.0
2022-07-29 00:00:00+05:30,160.96450466937083,167.96123526831593,160.6877926978839,167.0125274658203,12477455,0.0,0.0
2022-08-01 00:00:00+05:30,168.0007620787929,168.94946985195483,165.86616657331004,168.1984100341797,7849924,0.0,0.0
2022-08-02 00:00:00+05:30,168.39604947292847,171.75606454457142,167.32874574242905,170.1748809814453,12615631,0.0,0.0
2022-08-03 00:00:00+05:30,169.93768844985945,169.93768844985945,165.0755541786924,167.68450927734375,9949919,0.0,0.0
2022-08-04 00:00:00+05:30,167.72401541889647,168.7517869869882,162.9804654709082,163.77105712890625,8058280,0.0,0.0
2022-08-05 00:00:00+05:30,164.04779884369927,166.22192629825432,162.6642631908006,164.79885864257812,31999040,0.0,0.0
2022-08-08 00:00:00+05:30,165.62898540242472,170.8864161518616,163.69203786649922,170.29347229003906,16358151,0.0,0.0
2022-08-10 00:00:00+05:30,170.64924773683714,174.28596284015973,170.3330037734132,173.81161499023438,14267910,0.0,0.0
2022-08-11 00:00:00+05:30,181.14555851284746,181.7867841748946,174.73332635310064,175.21424865722656,28800337,3.0,0.0
2022-08-12 00:00:00+05:30,175.53487306325587,178.1398426406786,174.53296168732405,177.65892028808594,8861089,0.0,0.0
2022-08-16 00:00:00+05:30,179.86313662220803,179.86313662220803,176.69709892130362,178.6608428955078,7844356,0.0,0.0
2022-08-17 00:00:00+05:30,179.14174850221667,179.14174850221667,176.45662120522837,177.4986114501953,6119157,0.0,0.0
2022-08-18 00:00:00+05:30,177.49864401160335,178.46047663326212,176.81735151017918,177.73910522460938,4233196,0.0,0.0
2022-08-19 00:00:00+05:30,177.65892885681143,177.65892885681143,172.88983292342883,174.0520477294922,8783707,0.0,0.0
2022-08-22 00:00:00+05:30,172.80968965870895,177.09786327364955,171.56731702994512,174.97381591796875,10390480,0.0,0.0
2022-08-23 00:00:00+05:30,173.93182296545947,179.30206574458748,173.6112162023692,178.6207733154297,9344364,0.0,0.0
2022-08-24 00:00:00+05:30,178.54062204964328,181.14559184385806,177.93947517405525,179.26199340820312,10825973,0.0,0.0
2022-08-25 00:00:00+05:30,179.30205304652844,182.06732593103013,179.30205304652844,180.26388549804688,13077805,0.0,0.0
2022-08-26 00:00:00+05:30,182.50817450651317,185.95475209925306,181.54634202793457,184.31161499023438,12673156,0.0,0.0
2022-08-29 00:00:00+05:30,177.45856305002565,185.63417081539345,177.45856305002565,184.8326416015625,8757016,0.0,0.0
2022-08-30 00:00:00+05:30,185.794448337907,188.76010357000422,185.03299813688201,188.19903564453125,12991363,0.0,0.0
2022-09-01 00:00:00+05:30,187.83835854369704,189.80210248741002,183.99101623192144,184.5921630859375,9682321,0.0,0.0
2022-09-02 00:00:00+05:30,185.1532312465126,186.31544605285296,182.90894720957297,183.79063415527344,4599518,0.0,0.0
2022-09-05 00:00:00+05:30,184.35170374653333,186.23530213348053,183.14941002644724,185.6341552734375,4909470,0.0,0.0
2022-09-06 00:00:00+05:30,186.51583862304688,188.07881808537437,185.15324145666816,186.51583862304688,5307321,0.0,0.0
2022-09-07 00:00:00+05:30,186.716192153217,191.8059065783327,186.23528205524855,191.44522094726562,12751679,0.0,0.0
2022-09-08 00:00:00+05:30,192.76775609711083,192.76775609711083,188.3994247771576,189.5215606689453,7677716,0.0,0.0
2022-09-09 00:00:00+05:30,190.36318630351607,190.7639509062603,187.03684499288488,190.44334411621094,8436280,0.0,0.0
2022-09-12 00:00:00+05:30,191.16472070417962,191.60556422525184,182.7486638178321,185.55401611328125,19053188,0.0,0.0
2022-09-13 00:00:00+05:30,186.51582791736016,188.5998085677564,184.8726907388205,185.39369201660156,9884429,0.0,0.0
2022-09-14 00:00:00+05:30,184.47193316157737,187.397521963607,183.99102299889563,185.91468811035156,7705022,0.0,0.0
2022-09-15 00:00:00+05:30,186.83645556948628,188.3192772048972,186.1551508786457,187.75820922851562,5386854,0.0,0.0
2022-09-16 00:00:00+05:30,187.43761312107458,187.55783761201306,183.99103502657562,185.19332885742188,8750965,0.0,0.0
2022-09-19 00:00:00+05:30,185.11315345787074,186.47575055731298,183.30971288292432,184.27154541015625,4011597,0.0,0.0
2022-09-20 00:00:00+05:30,185.15322943947103,187.3975134545071,183.30970999032127,184.23147583007812,6890375,0.0,0.0
2022-09-21 00:00:00+05:30,184.23148852155117,186.51583936625073,182.06734993238922,185.59408569335938,5673523,0.0,0.0
2022-09-22 00:00:00+05:30,184.31162754338476,185.39369679946077,180.74482523428003,181.98719787597656,7677219,0.0,0.0
2022-09-23 00:00:00+05:30,180.34405607017686,181.90703544337893,177.13793951781815,178.6207733154297,5495315,0.0,0.0
2022-09-26 00:00:00+05:30,177.13796409376812,178.0196511601368,170.32496547477706,172.72955322265625,7832594,0.0,0.0
2022-09-27 00:00:00+05:30,173.13031405713306,176.09596976852012,170.5253440539586,171.4470977783203,5795048,0.0,0.0
2022-09-28 00:00:00+05:30,169.68369730207783,171.04629423990636,167.4394135178153,168.9623260498047,6134706,0.0,0.0
2022-09-29 00:00:00+05:30,169.76389372987302,172.4490093180028,168.84212777514585,171.4470977783203,8962595,0.0,0.0
2022-09-30 00:00:00+05:30,170.72571965409674,173.13030725485865,166.59784916493476,170.12457275390625,12875386,0.0,0.0
2022-10-03 00:00:00+05:30,170.72570170021743,174.73334728003474,170.16463376511575,172.28868103027344,11397506,0.0,0.0
2022-10-04 00:00:00+05:30,174.9738239617789,179.542537881439,174.8135205704577,178.94139099121094,10862095,0.0,0.0
2022-10-06 00:00:00+05:30,180.34407556439876,187.6379964015939,180.06353544359686,187.15707397460938,12795784,0.0,0.0
2022-10-07 00:00:00+05:30,186.7562851165557,187.197128578998,182.5883361351345,184.11123657226562,14641624,0.0,0.0
2022-10-10 00:00:00+05:30,181.94711291238062,185.95475857124364,181.62650615181715,184.23147583007812,10850668,0.0,0.0
2022-10-11 00:00:00+05:30,185.11313707706128,185.11313707706128,179.5425124623598,180.70472717285156,19154740,0.0,0.0
2022-10-12 00:00:00+05:30,180.78492362696795,186.75631405519172,180.78492362696795,186.03494262695312,9256951,0.0,0.0
2022-10-13 00:00:00+05:30,186.11505890557817,188.84026524722282,185.2333842132761,187.9986572265625,7231841,0.0,0.0
2022-10-14 00:00:00+05:30,191.5253899827273,191.5253899827273,188.6398923502672,189.44142150878906,6241886,0.0,0.0
2022-10-17 00:00:00+05:30,189.44142826661044,191.20479003218895,186.67614278677428,190.76394653320312,5623812,0.0,0.0
2022-10-18 00:00:00+05:30,191.16470808711412,194.0902846814168,189.84218984155038,193.72959899902344,6674374,0.0,0.0
2022-10-19 00:00:00+05:30,193.97005331287724,194.77158245879824,189.96240758327235,190.9242401123047,13886387,0.0,0.0
2022-10-20 00:00:00+05:30,189.96243159503857,194.37084245483905,187.23723704658093,193.16854858398438,10755972,0.0,0.0
2022-10-21 00:00:00+05:30,193.16850094956717,193.4490410090664,190.80399269936908,191.32498168945312,3285505,0.0,0.0
2022-10-24 00:00:00+05:30,193.0883679994132,193.72959376766642,192.36699665410603,192.76776123046875,730136,0.0,0.0
2022-10-25 00:00:00+05:30,192.76776303987387,193.12844871591304,190.72386123516617,192.32691955566406,6976548,0.0,0.0
2022-10-27 00:00:00+05:30,193.12844255026675,193.64944382601416,191.56546318375243,193.08836364746094,6422639,0.0,0.0
2022-10-28 00:00:00+05:30,193.97005743523223,198.61892902644706,192.80784259501965,195.8937225341797,14076967,0.0,0.0
2022-10-31 00:00:00+05:30,197.17615678156244,198.37845042047442,195.21241295074557,197.13607788085938,8365329,0.0,0.0
2022-11-01 00:00:00+05:30,197.97769912238823,197.97769912238823,194.9719648239714,196.8956298828125,8813106,0.0,0.0
2022-11-02 00:00:00+05:30,196.895632428915,200.061682381813,194.09028038078267,197.015869140625,14974441,0.0,0.0
2022-11-03 00:00:00+05:30,195.57310989805183,198.45861969033265,193.1685224812725,197.3364715576172,6754654,0.0,0.0
2022-11-04 00:00:00+05:30,197.73723660801747,199.3402948897693,196.77540408503918,197.21624755859375,5511411,0.0,0.0
2022-11-07 00:00:00+05:30,198.2181506949746,201.46434602583525,197.7773072398566,200.02159118652344,10513106,0.0,0.0
2022-11-09 00:00:00+05:30,204.7906972568599,211.12277263214744,204.0292470125452,205.03115844726562,40391668,0.0,0.0
2022-11-10 00:00:00+05:30,206.75446386743178,208.79835351292093,202.0655132246118,203.26780700683594,20832572,0.0,0.0
2022-11-11 00:00:00+05:30,207.4357359460192,207.5158937538258,202.30595423586976,202.9872589111328,20165337,0.0,0.0
2022-11-14 00:00:00+05:30,204.02924454534394,205.39184163401387,197.3765502531743,198.13800048828125,18762693,0.0,0.0
2022-11-15 00:00:00+05:30,200.01526344051038,203.81249205432988,196.77270550846103,198.09532165527344,20225373,15.0,0.0
2022-11-16 00:00:00+05:30,199.11929369192706,200.95389945542556,196.60202636095448,200.44190979003906,9764275,0.0,0.0
2022-11-17 00:00:00+05:30,200.31391717484433,200.31391717484433,197.11401434457525,198.3086395263672,5737884,0.0,0.0
2022-11-18 00:00:00+05:30,198.3513260472247,199.28996950670793,194.72476916717272,195.87673950195312,6413585,0.0,0.0
2022-11-21 00:00:00+05:30,195.40742656479068,196.60205191203272,193.44481661965898,195.79141235351562,6430876,0.0,0.0
2022-11-22 00:00:00+05:30,195.02343034942763,196.85803625327335,194.2554457925971,195.4927520751953,5885877,0.0,0.0
2022-11-23 00:00:00+05:30,196.26073061409278,197.19937409911861,195.40742308968368,196.77272033691406,5693274,0.0,0.0
2022-11-24 00:00:00+05:30,196.90073131002012,197.79670690598488,193.99949063973898,194.9807891845703,8198891,0.0,0.0
2022-11-25 00:00:00+05:30,195.96206463936167,199.37529468242784,194.38345355670714,197.45535278320312,10046363,0.0,0.0
2022-11-28 00:00:00+05:30,196.73004885843199,198.60732277466317,194.89542990131116,196.1327362060547,8146840,0.0,0.0
2022-11-29 00:00:00+05:30,196.43139790225933,197.37004142736404,193.146171605273,193.87147521972656,6628470,0.0,0.0
2022-11-30 00:00:00+05:30,193.87147081278496,195.27943606843724,193.31682611902002,193.9141387939453,12154948,0.0,0.0
2022-12-01 00:00:00+05:30,194.89544305670194,196.60205819036986,191.90886657278304,192.93284606933594,22435771,0.0,0.0
2022-12-02 00:00:00+05:30,192.93285851815511,194.5541377915752,192.25020981655263,193.35951232910156,6325649,0.0,0.0
2022-12-05 00:00:00+05:30,193.35948733972134,197.79668379602197,193.2741513803843,197.32736206054688,8732711,0.0,0.0
2022-12-06 00:00:00+05:30,197.9673334776326,198.39398721357577,195.8340647979167,197.66867065429688,7394839,0.0,0.0
2022-12-07 00:00:00+05:30,198.09534196364484,198.09534196364484,195.15143352856512,196.0474090576172,4519547,0.0,0.0
2022-12-08 00:00:00+05:30,195.96207013024275,197.32736739390074,195.40742544087902,196.60205078125,3135706,0.0,0.0
2022-12-09 00:00:00+05:30,196.7300390344873,198.26599507850008,194.3834435012685,195.2794189453125,4197165,0.0,0.0
2022-12-12 00:00:00+05:30,194.85275488602693,199.4179417782814,194.63942803067567,198.3086395263672,7881379,0.0,0.0
2022-12-13 00:00:00+05:30,199.16196986362223,200.05794536327735,197.1993729849218,197.58335876464844,4878457,0.0,0.0
2022-12-14 00:00:00+05:30,197.75400387940672,198.9912970924717,197.41268610354,198.09532165527344,4730078,0.0,0.0
2022-12-15 00:00:00+05:30,197.88201250258447,198.47933819447542,194.29812345343743,194.7247772216797,5221433,0.0,0.0
2022-12-16 00:00:00+05:30,194.55409599160805,196.17537491669614,190.54355363446516,191.6955108642578,7757065,0.0,0.0
2022-12-19 00:00:00+05:30,191.69552962244327,194.42612410938457,191.56753870231017,193.95680236816406,4073907,0.0,0.0
2022-12-20 00:00:00+05:30,193.61548170645096,193.61548170645096,190.58625026054253,192.93284606933594,3784271,0.0,0.0
2022-12-21 00:00:00+05:30,193.27415339796218,194.29811981849923,189.47693753573247,191.0128936767578,3675466,0.0,0.0
2022-12-22 00:00:00+05:30,191.2262087014995,192.6341608148947,186.9596713634066,190.0315704345703,4755089,0.0,0.0
2022-12-23 00:00:00+05:30,187.72765378577967,190.20224037750737,182.77846758188485,183.5037841796875,6561011,0.0,0.0
2022-12-26 00:00:00+05:30,183.5037947397738,189.09296190321427,182.8211460826351,188.36764526367188,3116608,0.0,0.0
2022-12-27 00:00:00+05:30,189.43426161943856,190.202233147558,187.4289838220482,188.79428100585938,2961726,0.0,0.0
2022-12-28 00:00:00+05:30,188.79428962713385,191.35421219834922,188.19697696460483,190.45823669433594,3015714,0.0,0.0
2022-12-29 00:00:00+05:30,188.41028608506605,191.43953011287414,188.1116232717352,189.13558959960938,4784105,0.0,0.0
2022-12-30 00:00:00+05:30,189.6476015089149,193.23149058688517,189.6476015089149,192.036865234375,4102247,0.0,0.0
2023-01-02 00:00:00+05:30,193.4874836006207,193.8714693873609,191.26887880099338,191.78086853027344,4210225,0.0,0.0
2023-01-03 00:00:00+05:30,191.99418307196387,192.63416368220376,190.28756811132422,191.22621154785156,3643132,0.0,0.0
2023-01-04 00:00:00+05:30,191.43952388137788,191.5675147855316,184.52772860744415,185.2957000732422,9550461,0.0,0.0
2023-01-05 00:00:00+05:30,184.99706007436157,186.78899792947655,183.63176292913616,186.14901733398438,8815728,0.0,0.0
2023-01-06 00:00:00+05:30,186.87434720158438,187.64231876273016,180.90119455130542,182.82113647460938,12237065,0.0,0.0
2023-01-09 00:00:00+05:30,183.75977257960972,185.76503736229816,182.60780226369587,183.41844177246094,6967190,0.0,0.0
2023-01-10 00:00:00+05:30,183.46111856392375,185.42372848288153,182.77846993727238,184.95440673828125,5400260,0.0,0.0
2023-01-11 00:00:00+05:30,185.4237169009157,186.4476832667138,181.07184357072535,182.09580993652344,7637956,0.0,0.0
2023-01-12 00:00:00+05:30,183.88777345798124,185.16773475815282,181.58384572176035,182.52247619628906,7161675,0.0,0.0
2023-01-13 00:00:00+05:30,182.77846319458953,184.0584244396783,182.22381852989335,183.54644775390625,3671193,0.0,0.0
2023-01-16 00:00:00+05:30,183.88777365879707,184.22909146437303,181.28518307485143,182.3944854736328,3987352,0.0,0.0
2023-01-17 00:00:00+05:30,182.39447314288512,183.5890984020782,180.1332135378272,181.83982849121094,5871758,0.0,0.0
2023-01-18 00:00:00+05:30,182.47981142402273,185.46638763050143,181.9251537448419,185.03973388671875,6441530,0.0,0.0
2023-01-19 00:00:00+05:30,184.95440914622526,191.82353744178778,183.58911187514758,191.0982208251953,12938871,0.0,0.0
2023-01-20 00:00:00+05:30,191.86621483153814,195.6207629804569,190.07426370293032,193.70082092285156,13444947,0.0,0.0
2023-01-23 00:00:00+05:30,194.98078722219356,196.60206645919087,193.87148473456557,196.34608459472656,8736715,0.0,0.0
2023-01-24 00:00:00+05:30,196.43139083841413,197.96734699678748,193.87146824793845,194.21279907226562,4252051,0.0,0.0
2023-01-25 00:00:00+05:30,194.38344426369346,194.5541031536001,190.9275464062194,192.97547912597656,3855827,0.0,0.0
2023-01-27 00:00:00+05:30,193.70079325122404,194.25543789156535,187.13032841903674,189.77557373046875,6171667,0.0,0.0
2023-01-30 00:00:00+05:30,189.77560653851685,193.53016782059,188.36765419551492,192.7195281982422,6172517,0.0,0.0
2023-01-31 00:00:00+05:30,191.99418659493193,194.85277191463211,191.05554314118106,191.86619567871094,7424552,0.0,0.0
2023-02-01 00:00:00+05:30,194.55410269535295,194.55410269535295,182.73578905590276,188.28228759765625,24008324,0.0,0.0
2023-02-02 00:00:00+05:30,188.5809360827431,189.1782486608181,185.16770647038575,185.72235107421875,6806578,0.0,0.0
2023-02-03 00:00:00+05:30,186.02102994389313,188.32495752718384,183.11978973092533,186.78900146484375,8776614,0.0,0.0
2023-02-06 00:00:00+05:30,187.0450216897656,188.0263332334986,184.01577713201334,187.3863525390625,5742881,0.0,0.0
2023-02-07 00:00:00+05:30,187.3863414867496,188.7089577608886,185.16773666871808,187.47166442871094,4907167,0.0,0.0
2023-02-08 00:00:00+05:30,187.73390877495785,189.83197739066475,187.20938495143366,188.38955688476562,6316867,5.25,0.0
2023-02-09 00:00:00+05:30,188.82666577719294,189.52602646642907,186.37891003446427,187.55908203125,4383159,0.0,0.0
2023-02-10 00:00:00+05:30,187.07825486203456,187.42792850740727,184.41194996368534,184.89276123046875,4954439,0.0,0.0
2023-02-13 00:00:00+05:30,184.8927786286714,186.8160105375844,182.83840908600786,186.24778747558594,6142208,0.0,0.0
2023-02-14 00:00:00+05:30,186.24778758888402,187.34053450815793,184.54310506265588,185.111328125,6758731,0.0,0.0
2023-02-15 00:00:00+05:30,184.45566830702833,186.903423919226,183.84373273877767,186.11663818359375,9612884,0.0,0.0
2023-02-16 00:00:00+05:30,186.64117319232216,189.26376578987234,186.29149951499375,188.34585571289062,13093683,0.0,0.0
2023-02-17 00:00:00+05:30,187.82133669133202,190.79360283161031,187.2531003174115,190.13795471191406,7243093,0.0,0.0
2023-02-20 00:00:00+05:30,190.44393982381936,191.40554911631725,188.7829564908207,190.8373260498047,8479587,0.0,0.0
2023-02-21 00:00:00+05:30,191.27443250916855,191.62410620427852,186.51005838251405,187.1219940185547,4655766,0.0,0.0
2023-02-22 00:00:00+05:30,187.559091763175,188.695551274752,184.98021159330165,185.19876098632812,6003852,0.0,0.0
2023-02-23 00:00:00+05:30,186.1603686866485,188.78296138006695,185.7232699044121,187.86505126953125,6219715,0.0,0.0
2023-02-24 00:00:00+05:30,188.82667302373375,189.96313251995656,187.69021352751093,189.7445831298828,5154174,0.0,0.0
2023-02-27 00:00:00+05:30,189.70087807492385,190.5750756697392,188.03990798045345,189.65716552734375,4841279,0.0,0.0
2023-02-28 00:00:00+05:30,189.35118697095288,189.65714809750185,185.32987306868992,188.30213928222656,6054079,0.0,0.0
2023-03-01 00:00:00+05:30,188.30214578039306,191.4492622767857,187.51537332589285,191.230712890625,4510175,0.0,0.0
2023-03-02 00:00:00+05:30,191.2306959377044,196.2136188325851,190.00682481938102,194.81491088867188,11354939,0.0,0.0
2023-03-03 00:00:00+05:30,195.7328134421254,197.96201971819758,194.42151720198828,194.90232849121094,7089438,0.0,0.0
2023-03-06 00:00:00+05:30,194.90234257892914,197.13154901613035,193.8533081788333,196.60702514648438,4771341,0.0,0.0
2023-03-08 00:00:00+05:30,196.56332397460938,196.82557256761407,194.64007869793505,196.56332397460938,4271464,0.0,0.0
2023-03-09 00:00:00+05:30,196.56333535049697,198.39914230375507,195.51428756098176,196.51962280273438,4263468,0.0,0.0
2023-03-10 00:00:00+05:30,194.90233616065316,196.95670568671923,193.59103986891628,196.126220703125,3670173,0.0,0.0
2023-03-13 00:00:00+05:30,195.99509356653627,197.35010247506816,191.7552433330482,193.0228271484375,3877606,0.0,0.0
2023-03-14 00:00:00+05:30,193.02282938798385,194.7712245575504,191.3181467654958,193.2413787841797,5723922,0.0,0.0
2023-03-15 00:00:00+05:30,194.02816127581448,195.12090831311824,191.97380484920177,192.23605346679688,2992144,0.0,0.0
2023-03-16 00:00:00+05:30,191.0558864491392,194.46525172314742,189.13265441407825,193.06654357910156,4988245,0.0,0.0
2023-03-17 00:00:00+05:30,194.07185888197856,197.52493658613847,192.4108888488473,193.76588439941406,15720256,0.0,0.0
2023-03-20 00:00:00+05:30,192.323463264914,193.7221846970646,188.564411087806,189.7445831298828,4244575,0.0,0.0
2023-03-21 00:00:00+05:30,190.70619244268968,191.40555315876495,188.78296047787975,189.7445831298828,3998751,0.0,0.0
2023-03-22 00:00:00+05:30,189.61344123434623,189.61344123434623,186.29150125117965,187.03456115722656,9675449,0.0,0.0
2023-03-23 00:00:00+05:30,186.33519011341954,187.7339114365175,185.67954199431645,186.51004028320312,4730918,0.0,0.0
2023-03-24 00:00:00+05:30,186.42262172425563,186.99084477835822,181.83308472987184,182.22647094726562,6611089,0.0,0.0
2023-03-27 00:00:00+05:30,182.27021013491142,183.75634347296807,181.483437585116,182.1827850341797,4002212,0.0,0.0
2023-03-28 00:00:00+05:30,183.05695655094797,184.67422730921584,182.22647156934923,182.61985778808594,6157526,0.0,0.0
2023-03-29 00:00:00+05:30,183.53776211908857,187.86503706827878,182.18275332874543,186.1603546142578,16734166,0.0,0.0
2023-03-31 00:00:00+05:30,185.5047093663429,187.34052947710015,184.58679931096427,186.7722930908203,5139018,0.0,0.0
2023-04-03 00:00:00+05:30,187.16570521265172,193.0665388145647,186.90344327361632,192.45458984375,7754066,0.0,0.0
2023-04-05 00:00:00+05:30,192.58572494690569,196.03880263767886,192.58572494690569,194.5089569091797,6491910,0.0,0.0
2023-04-06 00:00:00+05:30,194.46523370470965,195.0771692947298,192.58571439124879,193.80958557128906,4589598,0.0,0.0
2023-04-10 00:00:00+05:30,193.59103098127784,196.2136234443501,193.32876906713162,194.1155548095703,3498235,0.0,0.0
2023-04-11 00:00:00+05:30,194.72750974508918,196.08251865357892,194.0718615641293,195.5142822265625,3995959,0.0,0.0
2023-04-12 00:00:00+05:30,195.82023578146544,199.31702570613447,195.51426132737893,199.0547637939453,5136012,0.0,0.0
2023-04-13 00:00:00+05:30,199.22961478881712,200.75946048964147,196.21363593217404,197.1315460205078,3478451,0.0,0.0
2023-04-17 00:00:00+05:30,197.13154404985,201.0217204109325,197.04411896071275,200.71575927734375,6265943,0.0,0.0
2023-04-18 00:00:00+05:30,200.71575715731944,203.16349955695856,200.40978268776672,202.98866271972656,8004952,0.0,0.0
2023-04-19 00:00:00+05:30,204.21255825963743,205.08675583208588,200.19124409069602,201.4151153564453,7424582,0.0,0.0
2023-04-20 00:00:00+05:30,200.97798869228947,202.376709949867,200.27864140269523,200.67202758789062,2589165,0.0,0.0
2023-04-21 00:00:00+05:30,201.06543357346112,201.4588197973961,198.83622718556836,201.10914611816406,2459508,0.0,0.0
2023-04-24 00:00:00+05:30,200.672045614394,202.81382689436168,200.672045614394,202.42044067382812,2587030,0.0,0.0
2023-04-25 00:00:00+05:30,202.07075376472315,203.07608892794406,200.97800685200195,201.2839813232422,2570946,0.0,0.0
2023-04-26 00:00:00+05:30,201.06542742939845,201.633650475586,199.31703240827326,200.8468780517578,3439487,0.0,0.0
2023-04-27 00:00:00+05:30,200.8468808335651,203.2509240209092,200.3223569842845,202.59527587890625,3349374,0.0,0.0
2023-04-28 00:00:00+05:30,203.25092780112018,205.21787226371168,202.46415535176195,203.77545166015625,4771074,0.0,0.0
2023-05-02 00:00:00+05:30,203.86287501949445,207.57821477151492,203.77546326414137,206.39805603027344,3773537,0.0,0.0
2023-05-03 00:00:00+05:30,206.35433692730618,208.88950451834853,205.08675313178497,207.09739685058594,4523385,0.0,0.0
2023-05-04 00:00:00+05:30,207.05370599852512,208.0590278984904,204.69336181739496,207.57821655273438,7248108,0.0,0.0
2023-05-05 00:00:00+05:30,207.92786912893573,208.05899341095392,206.31059850834086,207.5344696044922,3043479,0.0,0.0
2023-05-08 00:00:00+05:30,203.25092555349397,204.03769799415178,201.0654317303381,203.55690002441406,9711437,0.0,0.0
2023-05-09 00:00:00+05:30,205.2615835622734,208.7583736967612,204.1251241007257,206.61659240722656,7318928,0.0,0.0
2023-05-10 00:00:00+05:30,207.1411012873125,207.40336321316616,205.04303255887442,206.7914276123047,3650159,0.0,0.0
2023-05-11 00:00:00+05:30,206.7914442444771,208.1901523962016,206.0483709513258,206.44175720214844,2675726,0.0,0.0
2023-05-12 00:00:00+05:30,206.4417270104292,207.4033495622016,204.78075715467114,205.48011779785156,2348435,0.0,0.0
2023-05-15 00:00:00+05:30,205.08674855477705,209.45773626191894,204.43110039870575,207.7967529296875,4217892,0.0,0.0
2023-05-16 00:00:00+05:30,208.71467688445097,211.2935571351839,207.5782173372408,210.63790893554688,6016484,0.0,0.0
2023-05-17 00:00:00+05:30,210.63789457697686,213.04193781176932,210.46305773683113,211.2061309814453,4968232,0.0,0.0
2023-05-18 00:00:00+05:30,211.55578647528733,212.34255885790597,208.88948153988795,209.4577178955078,3512113,0.0,0.0
2023-05-19 00:00:00+05:30,209.8073957870476,211.20611709463924,206.57286776983628,209.719970703125,3810543,0.0,0.0
2023-05-22 00:00:00+05:30,209.28287980667824,210.85643800190348,207.57819731984904,208.6709442138672,2891415,0.0,0.0
2023-05-23 00:00:00+05:30,208.8894906262325,209.98223750473255,207.00997133089052,209.19546508789062,3213453,0.0,0.0
2023-05-24 00:00:00+05:30,208.3212793840161,211.11870888357834,208.059017450483,210.68161010742188,2422138,0.0,0.0
2023-05-25 00:00:00+05:30,210.9001543645317,211.73063935118498,207.97158729985367,209.8511199951172,3810138,0.0,0.0
2023-05-26 00:00:00+05:30,209.6325650247919,211.94918308463468,209.02062943721032,211.1186981201172,2646742,0.0,0.0
2023-05-29 00:00:00+05:30,211.16239829456222,216.49499477592647,210.5067502021588,215.13999938964844,8069985,0.0,0.0
2023-05-30 00:00:00+05:30,215.27113448439442,216.05790689911612,212.69225452592295,213.5664520263672,4657906,0.0,0.0
2023-05-31 00:00:00+05:30,216.71357019232306,216.71357019232306,209.19547916582542,210.90016174316406,15727646,0.0,0.0
2023-06-01 00:00:00+05:30,201.41511339140934,202.7264097372888,200.32236643650975,201.3714141845703,35509867,0.0,0.0
2023-06-02 00:00:00+05:30,199.75414974311178,204.03771260761363,199.404476042041,201.8522186279297,36400588,0.0,0.0
2023-06-05 00:00:00+05:30,201.50250697191154,202.11444250311973,200.5845970055022,200.8031463623047,19807347,0.0,0.0
2023-06-06 00:00:00+05:30,200.89059168589182,201.63365157038734,198.2242865963597,199.14219665527344,13495524,0.0,0.0
2023-06-07 00:00:00+05:30,199.97268564281535,202.37672885819345,199.40446258213154,201.6773681640625,21853324,0.0,0.0
2023-06-08 00:00:00+05:30,202.28929046018794,202.28929046018794,199.01104992762745,199.40444946289062,8538256,0.0,0.0
2023-06-09 00:00:00+05:30,200.14750673443075,200.58460546647328,198.74879879541152,199.01104736328125,5137982,0.0,0.0
2023-06-12 00:00:00+05:30,199.53557503379588,200.40977251477636,198.1368537285491,200.19122314453125,4261576,0.0,0.0
2023-06-13 00:00:00+05:30,201.06543204766953,201.32769397470128,199.31703698638543,200.14752197265625,5574798,0.0,0.0
2023-06-14 00:00:00+05:30,200.97800695892704,200.97800695892704,198.92365076543567,200.14752197265625,7034468,0.0,0.0
2023-06-15 00:00:00+05:30,200.36606322796735,200.7594494329604,199.22960381639118,199.841552734375,6363240,0.0,0.0
2023-06-16 00:00:00+05:30,199.75412376196343,200.80315806792908,199.31702502287817,199.79783630371094,8518319,0.0,0.0
2023-06-19 00:00:00+05:30,199.7541466759619,200.01640861733637,198.09317661258433,198.573974609375,8210198,0.0,0.0
2023-06-20 00:00:00+05:30,199.09847569229578,199.09847569229578,197.13153136602722,198.661376953125,5024593,0.0,0.0
2023-06-21 00:00:00+05:30,199.14221087012817,200.01640844783793,197.96203880454138,199.71043395996094,4705567,0.0,0.0
2023-06-22 00:00:00+05:30,199.66670787942834,200.7157555729307,198.0931630175659,198.3991241455078,6566989,0.0,0.0
2023-06-23 00:00:00+05:30,198.530264136636,198.9236503567776,196.51960715245073,197.48121643066406,3881707,0.0,0.0
2023-06-26 00:00:00+05:30,197.56863737246786,197.96202358435272,195.16459421859932,196.08250427246094,6145625,0.0,0.0
2023-06-27 00:00:00+05:30,197.87462453349247,198.26801077061904,195.73282982398814,196.82557678222656,6282912,0.0,0.0
2023-06-28 00:00:00+05:30,196.8255569129297,199.01105060878365,195.9513594345881,198.661376953125,19512531,0.0,0.0
2023-06-30 00:00:00+05:30,199.2296184605286,202.24561071195097,198.22429660285192,201.93963623046875,7850296,0.0,0.0
2023-07-03 00:00:00+05:30,202.37673397879803,204.34367847751204,200.93431334875285,202.5078582763672,7860203,0.0,0.0
2023-07-04 00:00:00+05:30,203.03237853447826,203.5131898490083,201.32769600041328,202.6389923095703,3662791,0.0,0.0
2023-07-05 00:00:00+05:30,202.63899366225198,203.55690375262841,201.1528605031261,202.289306640625,4859892,0.0,0.0
2023-07-06 00:00:00+05:30,202.28930344379683,206.3106174241838,201.93962976689176,205.0867462158203,7254947,0.0,0.0
2023-07-07 00:00:00+05:30,202.81383025340546,206.17949613423733,202.55156832230756,204.56222534179688,6393850,0.0,0.0
2023-07-10 00:00:00+05:30,205.4364206242689,205.96094448069002,203.5569012606188,204.3436737060547,6223180,0.0,0.0
2023-07-11 00:00:00+05:30,204.38738850079693,206.13578358918835,204.12512656969903,204.56222534179688,10775084,0.0,0.0
2023-07-12 00:00:00+05:30,205.43640430792604,207.44706114558724,204.256232394309,204.91188049316406,11313272,0.0,0.0
2023-07-13 00:00:00+05:30,205.43640934334374,205.69867125715297,200.19122442393922,200.97799682617188,20205328,0.0,0.0
2023-07-14 00:00:00+05:30,201.0654425382277,202.90126278403793,200.84689314416443,201.9833526611328,7390502,0.0,0.0
2023-07-17 00:00:00+05:30,201.9396408828701,203.38206155349772,200.80318136157743,201.2402801513672,4963515,0.0,0.0
2023-07-18 00:00:00+05:30,200.80316722943465,203.20721040408637,198.92364790129423,199.53558349609375,6168942,0.0,0.0
2023-07-19 00:00:00+05:30,200.36606322796735,200.97799880675598,199.49186573278493,199.841552734375,5247533,0.0,0.0
2023-07-20 00:00:00+05:30,199.88525545446078,201.6773630189532,199.0984830306326,200.8468780517578,3195629,0.0,0.0
2023-07-21 00:00:00+05:30,200.71574696879753,201.50251936600196,199.79783694592902,200.19122314453125,3903407,0.0,0.0
2023-07-24 00:00:00+05:30,200.1912372595386,202.81382988739284,199.79785103319966,201.8959197998047,3456895,0.0,0.0
2023-07-25 00:00:00+05:30,203.07608272568643,203.11979526869936,200.06010400652775,201.02171325683594,11024983,0.0,0.0
2023-07-26 00:00:00+05:30,201.54624550382115,202.11446856911175,200.10381155938248,201.50253295898438,7574284,0.0,0.0
2023-07-27 00:00:00+05:30,201.93962202837503,202.72639444085945,199.4481538235157,200.2349395751953,7837850,0.0,0.0
2023-07-28 00:00:00+05:30,200.71575193523927,201.02171305763605,198.3117088030581,198.53025817871094,8817344,0.0,0.0
2023-07-31 00:00:00+05:30,199.7541266621264,201.02171035603828,198.311706137881,200.40977478027344,19422170,0.0,0.0
2023-08-01 00:00:00+05:30,201.06540881173936,210.94384243424193,200.14749884280346,210.1133575439453,22409256,0.0,0.0
2023-08-02 00:00:00+05:30,210.81272537990924,212.5611204096881,203.07608537665502,205.04302978515625,25003960,0.0,0.0
2023-08-03 00:00:00+05:30,205.0430350359057,205.5238463492466,200.5846222601202,201.10914611816406,13949266,0.0,0.0
2023-08-04 00:00:00+05:30,203.51318871605105,206.74771692612592,201.50253171869778,204.3436737060547,6725977,0.0,0.0
2023-08-07 00:00:00+05:30,205.21787589269155,206.31062283567715,203.07609455227905,203.64431762695312,6744074,0.0,0.0
2023-08-08 00:00:00+05:30,203.6880245312288,205.78609326797516,200.4534963374132,201.2839813232422,13828141,0.0,0.0
2023-08-09 00:00:00+05:30,203.90656872831593,206.04834995494363,201.5899506679382,205.21786499023438,35271302,0.0,0.0
2023-08-10 00:00:00+05:30,205.21787472670266,207.009982370856,204.95561279403702,205.3489990234375,10749822,0.0,0.0
2023-08-11 00:00:00+05:30,204.56222656463652,205.96094797938937,204.34367717728114,205.3489990234375,6132454,0.0,0.0
2023-08-14 00:00:00+05:30,206.3106125891863,206.4854494235414,201.67736311320022,204.47479248046875,6092872,0.0,0.0
2023-08-16 00:00:00+05:30,204.56222020779583,205.26158089343937,202.90125025118854,203.7317352294922,4576249,0.0,0.0
2023-08-17 00:00:00+05:30,204.2999668277202,204.4748036716444,202.02706117831337,203.0760955810547,5602132,0.0,0.0
2023-08-18 00:00:00+05:30,203.25398464380137,203.65426329941525,201.9197134098158,202.3199920654297,6904019,4.0,0.0
2023-08-21 00:00:00+05:30,202.3200099692446,205.29988808467294,201.919731278209,204.67723083496094,4955953,0.0,0.0
2023-08-22 00:00:00+05:30,204.9440814478672,206.41178813044644,204.3214241762778,205.2554168701172,4280368,0.0,0.0
2023-08-23 00:00:00+05:30,205.70015986374014,205.9225384149442,204.85512408374672,205.38882446289062,2524601,0.0,0.0
2023-08-24 00:00:00+05:30,206.2338696341279,206.94547012522452,203.25399167925087,203.92112731933594,6378317,0.0,0.0
2023-08-25 00:00:00+05:30,203.6987447920251,204.67721580752598,202.3644735379289,202.54237365722656,3890957,0.0,0.0
2023-08-28 00:00:00+05:30,203.25399376946626,204.632743487736,202.3644795735386,204.09902954101562,3360861,0.0,0.0
2023-08-29 00:00:00+05:30,204.09903561341304,204.94407141010407,203.47637837232017,204.54379272460938,3112560,0.0,0.0
2023-08-30 00:00:00+05:30,204.67722902995806,205.25540784825395,203.25400083781594,203.47637939453125,4086281,0.0,0.0
2023-08-31 00:00:00+05:30,203.69874361898408,204.9885364426011,203.16502969125546,204.6327362060547,10403460,0.0,0.0
2023-09-01 00:00:00+05:30,205.21093596311917,211.03725704934817,205.16645753577643,210.72592163085938,14869577,0.0,0.0
2023-09-04 00:00:00+05:30,212.3715095905306,221.44455147416198,211.83779565558967,220.42161560058594,24785966,0.0,0.0
2023-09-05 00:00:00+05:30,221.80036609470145,227.62667311228853,220.15475943340923,227.137451171875,19654487,0.0,0.0
2023-09-06 00:00:00+05:30,227.67115668613542,229.31674981174436,224.64681383648525,227.53773498535156,13346191,0.0,0.0
2023-09-07 00:00:00+05:30,227.7156135948905,244.39400326248503,226.6481993707461,243.72686767578125,72255521,0.0,0.0
2023-09-08 00:00:00+05:30,244.2606045646109,253.02232485715476,240.96939116877,250.9319610595703,41855413,0.0,0.0
2023-09-11 00:00:00+05:30,252.62204087812728,252.79995458214407,246.6178198361295,248.1300048828125,14505153,0.0,0.0
2023-09-12 00:00:00+05:30,249.06399009190326,249.10845494609143,239.2793333382928,240.8359832763672,17547706,0.0,0.0
2023-09-13 00:00:00+05:30,241.5031193079641,250.39826182391124,239.27933367897734,248.75265502929688,17607568,0.0,0.0
2023-09-14 00:00:00+05:30,250.22036804015283,251.02095264699466,246.12862387365072,246.8846893310547,12033796,0.0,0.0
2023-09-15 00:00:00+05:30,247.72971416839542,252.7554641613191,246.88466478776942,248.44131469726562,13288180,0.0,0.0
2023-09-18 00:00:00+05:30,248.44127892031935,251.51011344401041,244.12715722334386,250.17584228515625,8754852,0.0,0.0
2023-09-20 00:00:00+05:30,248.61921303825204,256.1800835599878,248.26341279580464,252.8888702392578,18615797,0.0,0.0
2023-09-21 00:00:00+05:30,253.42258574978212,255.11265727126775,247.8186572454302,249.46426391601562,11071899,0.0,0.0
2023-09-22 00:00:00+05:30,249.06396068504557,254.49000240056182,248.35236022712957,252.04383850097656,8691024,0.0,0.0
2023-09-25 00:00:00+05:30,252.88890028969382,257.06962828624165,250.0869357219666,256.2245788574219,9118957,0.0,0.0
2023-09-26 00:00:00+05:30,256.58034579659494,259.20439603040194,254.53444713656972,255.0681610107422,11256196,0.0,0.0
2023-09-27 00:00:00+05:30,256.1800954832308,260.9834668443774,253.0667957117332,259.3378601074219,12805340,0.0,0.0
2023-09-28 00:00:00+05:30,259.337846342969,261.6505886224958,257.069596059594,258.13702392578125,12432497,0.0,0.0
2023-09-29 00:00:00+05:30,260.449738994719,264.6304664661246,259.2044245816891,262.5845947265625,8640829,0.0,0.0
2023-10-03 00:00:00+05:30,264.2301933323972,264.27468533175454,258.04808567063657,259.6492004394531,9348540,0.0,0.0
2023-10-04 00:00:00+05:30,258.67071382469567,259.2933846117649,254.31209975266677,256.1356201171875,6338888,0.0,0.0
2023-10-05 00:00:00+05:30,256.8916713483803,258.4483210847437,252.53305751572637,257.38092041015625,8687014,0.0,0.0
2023-10-06 00:00:00+05:30,258.8041889461127,258.84865380149574,255.29059670456797,256.002197265625,3741467,0.0,0.0
2023-10-09 00:00:00+05:30,254.4455472857191,257.0251603976488,251.77700446302325,256.002197265625,4647845,0.0,0.0
2023-10-10 00:00:00+05:30,256.4024653674548,270.3233570172179,256.0021731234712,269.74517822265625,23283411,0.0,0.0
2023-10-11 00:00:00+05:30,270.90151929209947,271.30181151167307,266.3650189146236,268.4998474121094,12321154,0.0,0.0
2023-10-12 00:00:00+05:30,269.12249601855854,274.948830005747,268.5443172485154,273.2587585449219,15375295,0.0,0.0
2023-10-13 00:00:00+05:30,271.3018256239826,276.50548902003254,270.8126036820045,273.9259033203125,9516879,0.0,0.0
2023-10-16 00:00:00+05:30,273.83696372258976,278.99613544701907,272.68057892516924,277.5284423828125,10535107,0.0,0.0
2023-10-17 00:00:00+05:30,278.4179302601215,283.17683641417847,277.6173729505179,282.331787109375,7760527,0.0,0.0
2023-10-18 00:00:00+05:30,282.28731878281553,284.4221472974011,280.4193336528716,281.9315185546875,9662837,0.0,0.0
2023-10-19 00:00:00+05:30,280.46380004280826,280.8196274187089,274.72645007494725,280.01904296875,8977527,0.0,0.0
2023-10-20 00:00:00+05:30,277.9731731531663,281.7091434586719,275.39358753546844,277.88421630859375,6009115,0.0,0.0
2023-10-23 00:00:00+05:30,278.01765429774713,278.2845248471066,271.3018328990652,272.2803039550781,8086150,0.0,0.0
2023-10-25 00:00:00+05:30,272.2802921350845,278.1510910704849,271.3018211215481,276.0162353515625,7253336,0.0,0.0
2023-10-26 00:00:00+05:30,274.99333118137207,274.99333118137207,269.4338669930627,271.52423095703125,8329092,0.0,0.0
2023-10-27 00:00:00+05:30,272.1913515743454,282.10942970744924,272.1913515743454,279.26300048828125,10503070,0.0,0.0
2023-10-30 00:00:00+05:30,280.1969841588005,280.9085846888122,277.483976599083,279.79669189453125,6229982,0.0,0.0
2023-10-31 00:00:00+05:30,281.75363176174363,281.7980966148224,276.4165463929339,279.52984619140625,7446586,0.0,0.0
2023-11-01 00:00:00+05:30,278.59583453290196,280.9085495389621,272.0579002914521,272.7695007324219,9593653,0.0,0.0
2023-11-02 00:00:00+05:30,274.8154277979993,278.2400358117781,273.34770762544315,274.7264709472656,7071960,0.0,0.0
2023-11-03 00:00:00+05:30,276.2831278782075,279.930141684838,276.0162573191934,277.5284423828125,4658440,0.0,0.0
2023-11-06 00:00:00+05:30,278.5958632054965,284.2442567583317,278.4179495040351,281.5757141113281,10340818,0.0,0.0
2023-11-07 00:00:00+05:30,281.53125320470986,283.57712507109227,278.9961322253613,279.52984619140625,6826885,0.0,0.0
2023-11-08 00:00:00+05:30,281.0864727226786,282.99892272501427,279.7966663407822,282.331787109375,6424833,0.0,0.0
2023-11-09 00:00:00+05:30,283.265806447988,288.64735647305633,280.8196424100807,287.80230712890625,15503280,0.0,0.0
2023-11-10 00:00:00+05:30,288.60289046647955,290.11504830546033,286.0232775929016,287.66888427734375,8445203,0.0,0.0
2023-11-13 00:00:00+05:30,296.2082084116001,311.32994878096105,293.8065093769629,310.75177001953125,42178783,0.0,0.0
2023-11-15 00:00:00+05:30,319.33556043755556,319.33556043755556,310.0846192690848,311.8636474609375,35092206,0.0,0.0
2023-11-16 00:00:00+05:30,313.998538280323,315.33280968944615,306.7490023865846,307.5940246582031,17617280,0.0,0.0
2023-11-17 00:00:00+05:30,309.55093081044083,310.0401527450611,304.4806891888391,307.1047668457031,13542916,0.0,0.0
2023-11-20 00:00:00+05:30,309.55096132784416,313.4648186281125,305.9484394465812,309.3285827636719,19032608,0.0,0.0
2023-11-21 00:00:00+05:30,311.6543330119643,314.910423058358,305.9329233229002,310.91009521484375,15148068,15.25,0.0
2023-11-22 00:00:00+05:30,312.39859151463537,314.3522513501291,307.00279615075164,309.0029602050781,7599447,0.0,0.0
2023-11-23 00:00:00+05:30,309.3285510296409,312.6311452557219,307.0027724504706,311.1426696777344,6186567,0.0,0.0
2023-11-24 00:00:00+05:30,311.97994670166474,313.9336064014524,308.95643452535234,309.6076354980469,7054445,0.0,0.0
2023-11-28 00:00:00+05:30,311.468305642345,318.63171616502535,310.0728382722792,318.12005615234375,10791886,0.0,0.0
2023-11-29 00:00:00+05:30,319.0968537968689,320.95747685107807,314.5383329922274,318.4921569824219,14149513,0.0,0.0
2023-11-30 00:00:00+05:30,320.9574541337695,320.9574541337695,314.4917781216901,318.3060607910156,11959336,0.0,0.0
2023-12-01 00:00:00+05:30,319.8410688171632,326.632359514463,318.5851710579599,322.4924621582031,15105221,0.0,0.0
2023-12-04 00:00:00+05:30,326.6323792091844,334.9121460300908,326.21372767030505,329.98150634765625,22705896,0.0,0.0
2023-12-05 00:00:00+05:30,330.9118167541809,331.60955038940267,325.6090297701538,330.7722473144531,15782945,0.0,0.0
2023-12-06 00:00:00+05:30,331.0048232208766,337.2379216813985,325.09736785720986,327.60919189453125,14817158,0.0,0.0
2023-12-07 00:00:00+05:30,329.1442103687045,329.1442103687045,324.120533748076,327.42315673828125,8507659,0.0,0.0
2023-12-08 00:00:00+05:30,327.46961805555554,333.42360543294086,322.72502416123945,326.539306640625,13444251,0.0,0.0
2023-12-11 00:00:00+05:30,326.53934929601604,333.6097226512518,326.53934929601604,329.0046691894531,11420609,0.0,0.0
2023-12-12 00:00:00+05:30,329.4697991981432,329.8884507131582,321.0969960246664,323.2832336425781,8789103,0.0,0.0
2023-12-13 00:00:00+05:30,325.05081522873905,325.4229341308856,319.7480569937331,321.1435241699219,8091533,0.0,0.0
2023-12-14 00:00:00+05:30,324.86475515223367,326.7253779689341,321.7016736511621,323.3762512207031,13142466,0.0,0.0
2023-12-15 00:00:00+05:30,325.6090087890625,329.6558692907542,324.1670373921948,325.6090087890625,14331890,0.0,0.0
2023-12-18 00:00:00+05:30,326.5393089499943,326.77188680537176,318.44558822651703,323.4227600097656,7959685,0.0,0.0
2023-12-19 00:00:00+05:30,322.3529265686966,343.9826683947347,322.3529265686966,341.3778076171875,28937243,0.0,0.0
2023-12-20 00:00:00+05:30,343.28494648396156,345.8898073502624,325.6090278303158,327.60919189453125,23224408,0.0,0.0
2023-12-21 00:00:00+05:30,326.6323434602883,331.9351014908817,321.98078638563555,330.7257080078125,10028664,0.0,0.0
2023-12-22 00:00:00+05:30,333.9818147159164,341.79642531522137,331.5629992375749,337.9356384277344,13916380,0.0,0.0
2023-12-26 00:00:00+05:30,338.44732638192727,345.8898186906303,337.2379327381051,340.54052734375,11910267,0.0,0.0
2023-12-27 00:00:00+05:30,341.424317617866,343.4710142569304,337.14487907582014,340.12188720703125,7890042,0.0,0.0
2023-12-28 00:00:00+05:30,341.2382308248066,355.8441320454988,340.30791936847845,354.40216064453125,28310022,0.0,0.0
2023-12-29 00:00:00+05:30,354.9138323195437,355.09990597330034,348.1690740382418,349.797119140625,8859317,0.0,0.0
2024-01-01 00:00:00+05:30,351.47165579710423,359.84445887910795,351.1460695010416,355.1929016113281,11124690,0.0,0.0
2024-01-02 00:00:00+05:30,360.4026688322092,368.26381235068993,357.4721932901743,365.28680419921875,28363847,0.0,0.0
2024-01-03 00:00:00+05:30,367.2869747670678,367.2869747670678,357.10008071229134,357.75128173828125,12903439,0.0,0.0
2024-01-04 00:00:00+05:30,360.7747861132258,362.63540910172276,357.1465769638274,357.9373474121094,11039940,0.0,0.0
2024-01-05 00:00:00+05:30,359.8444507654875,361.4259915572137,355.84412296173554,357.47216796875,8369460,0.0,0.0
2024-01-08 00:00:00+05:30,359.51887375904516,361.56554192905156,352.820619915191,353.8904724121094,9424716,0.0,0.0
2024-01-09 00:00:00+05:30,356.9140035174124,360.9143600268135,355.4720320397826,358.49554443359375,9473743,0.0,0.0
2024-01-10 00:00:00+05:30,358.9606765984202,358.9606765984202,349.6575621518672,355.42547607421875,9670366,0.0,0.0
2024-01-11 00:00:00+05:30,358.63506856748256,361.79812185981643,356.5883719949328,357.5652160644531,9163771,0.0,0.0
2024-01-12 00:00:00+05:30,358.9141336409909,358.9141336409909,353.0996872795774,354.54168701171875,7471050,0.0,0.0
2024-01-15 00:00:00+05:30,355.84410499792494,360.86778080207847,354.8207567955778,357.8442687988281,7490747,0.0,0.0
2024-01-16 00:00:00+05:30,358.5420398977833,359.98403973105695,350.7739333359613,355.28594970703125,10165133,0.0,0.0
2024-01-17 00:00:00+05:30,355.1928823443379,358.49550485982644,350.91347260279355,353.1927185058594,10996538,0.0,0.0
2024-01-18 00:00:00+05:30,354.2625949545463,355.8906400203132,342.3546195441349,349.47149658203125,12493835,0.0,0.0
2024-01-19 00:00:00+05:30,354.12305462217495,358.0768783612436,352.6810832030911,356.5418701171875,15893456,0.0,0.0
2024-01-23 00:00:00+05:30,375.3806681341342,376.59006165654023,347.61086581704456,349.1458740234375,16406737,0.0,0.0
2024-01-24 00:00:00+05:30,353.3322752278018,360.7747667830233,348.16905806770774,355.9371643066406,22938994,0.0,0.0
2024-01-25 00:00:00+05:30,359.84445968366026,364.40300852895865,358.4955251074996,362.2632751464844,13440949,0.0,0.0
2024-01-29 00:00:00+05:30,365.5193697390619,385.8001767560009,364.2169393633152,384.0325622558594,27149058,0.0,0.0
2024-01-30 00:00:00+05:30,386.77697898407354,386.8234831994687,373.613077860982,374.4968566894531,14159072,0.0,0.0
2024-01-31 00:00:00+05:30,376.8226295424143,380.63691204489,372.49668711497,377.8459777832031,23750822,0.0,0.0
2024-02-01 00:00:00+05:30,380.3113279608482,383.1952992747413,374.45037689620557,378.3576965332031,8862155,0.0,0.0
2024-02-02 00:00:00+05:30,382.1719356462991,393.4287099679262,381.1020831476122,390.54473876953125,25177075,0.0,0.0
2024-02-05 00:00:00+05:30,393.75431614907745,418.640147116562,388.0329064833215,409.5696105957031,31418925,0.0,0.0
2024-02-06 00:00:00+05:30,413.8025116342147,419.5704538415928,406.7786717122759,417.38421630859375,13386526,0.0,0.0
2024-02-07 00:00:00+05:30,422.3613948754874,428.45492346724,416.59345257591303,421.10546875,14430152,0.0,0.0
2024-02-08 00:00:00+05:30,423.1056424900632,435.9439577283576,418.6401588190016,427.19903564453125,18790158,0.0,0.0
2024-02-09 00:00:00+05:30,429.98994957329796,431.47842513224623,405.2901643439359,424.4080810546875,17472069,0.0,0.0
2024-02-12 00:00:00+05:30,425.152342936358,425.57099445532805,400.08043739591426,402.6387939453125,19472346,0.0,0.0
2024-02-13 00:00:00+05:30,412.87223559350286,425.9431293059002,403.75519417808135,420.826416015625,35665854,0.0,0.0
2024-02-14 00:00:00+05:30,420.17514922790247,435.38574669775727,412.1279610835608,433.8507385253906,18592696,0.0,0.0
2024-02-15 00:00:00+05:30,436.3160680278631,447.7123832375461,434.967105075274,443.6190185546875,18501875,0.0,0.0
2024-02-16 00:00:00+05:30,448.7822106609412,453.61984126471793,444.22369050979614,446.5494689941406,14513583,0.0,0.0
2024-02-19 00:00:00+05:30,449.15437528402936,453.48034641816565,423.71037878665805,428.87359619140625,19798448,0.0,0.0
2024-02-20 00:00:00+05:30,430.9438511466426,430.9438511466426,414.9934125774251,420.1690673828125,27899165,5.25,0.0
2024-02-21 00:00:00+05:30,424.35665867295245,424.35665867295245,405.58313546308125,407.41815185546875,19032050,0.0,0.0
2024-02-22 00:00:00+05:30,412.17033600872026,421.580617652755,402.7130144436256,418.898681640625,22083710,0.0,0.0
2024-02-23 00:00:00+05:30,421.5806026723334,423.08625342545736,415.60506829712557,417.7223815917969,9625544,0.0,0.0
2024-02-26 00:00:00+05:30,417.72241723903375,420.8748674903676,414.5699669876999,416.2167663574219,7570244,0.0,0.0
2024-02-27 00:00:00+05:30,416.21673158753117,419.0398159855056,409.39427762575974,415.36981201171875,8343526,0.0,0.0
2024-02-28 00:00:00+05:30,414.3347008934593,416.73434001057433,404.9714876263868,408.5944519042969,8893614,0.0,0.0
2024-02-29 00:00:00+05:30,417.8164847468718,417.8164847468718,404.3127254985226,410.9469909667969,11711699,0.0,0.0
2024-03-01 00:00:00+05:30,412.1703027834615,422.3333946526068,412.1703027834615,420.02789306640625,8411615,0.0,0.0
2024-03-04 00:00:00+05:30,425.2035814769988,430.9908989397052,421.627657224488,428.5442199707031,11977226,0.0,0.0
2024-03-05 00:00:00+05:30,429.1088741196425,434.519786457774,426.80334346232115,433.4846496582031,9605493,0.0,0.0
2024-03-06 00:00:00+05:30,435.1785113214496,437.5310818687212,418.33408322866364,434.3786315917969,14061966,0.0,0.0
2024-03-07 00:00:00+05:30,434.3785958993654,437.95449135022966,429.1558724828269,431.5555114746094,9680802,0.0,0.0
2024-03-11 00:00:00+05:30,433.81396533878114,435.55487311246236,425.7211177255407,427.1326599121094,7824738,0.0,0.0
2024-03-12 00:00:00+05:30,427.1326905038782,428.92063832467375,420.3573047538266,422.803955078125,8409613,0.0,0.0
2024-03-13 00:00:00+05:30,422.80397086481685,423.3685935445451,385.82157303429983,392.455810546875,17803423,0.0,0.0
2024-03-14 00:00:00+05:30,394.2907962640263,403.5599293183478,387.891816308238,402.4777526855469,20478918,0.0,0.0
2024-03-15 00:00:00+05:30,402.477744120398,402.8070809927504,377.5404985866575,390.7619323730469,25435001,0.0,0.0
2024-03-18 00:00:00+05:30,391.4676970517857,398.5254079361328,389.16216667573934,396.97271728515625,9803914,0.0,0.0
2024-03-19 00:00:00+05:30,392.40876376313315,399.5605839062335,389.58567913174375,394.3378601074219,8373676,0.0,0.0
2024-03-20 00:00:00+05:30,395.04361898868973,397.8667035323476,388.36234187635375,394.7613220214844,6950340,0.0,0.0
2024-03-21 00:00:00+05:30,398.99593244924534,407.9827397236191,398.1960527844817,406.5711975097656,9911230,0.0,0.0
2024-03-22 00:00:00+05:30,405.48904549359145,410.4765121825757,403.04236643087296,406.4771423339844,9172888,0.0,0.0
2024-03-26 00:00:00+05:30,408.2180079189248,414.9463822965498,405.48903197445134,410.2412414550781,9389403,0.0,0.0
2024-03-27 00:00:00+05:30,413.8641604152368,413.8641604152368,400.9250236174698,404.1245422363281,17985246,0.0,0.0
2024-03-28 00:00:00+05:30,404.642084210658,412.5937831666083,404.642084210658,408.50030517578125,10332853,0.0,0.0
2024-04-01 00:00:00+05:30,410.9470284274719,417.6283057056721,409.15905186444746,415.98150634765625,7256592,0.0,0.0
2024-04-02 00:00:00+05:30,415.98151527032303,421.8629416751059,410.33534592173146,417.063720703125,11530800,0.0,0.0
2024-04-03 00:00:00+05:30,417.0637045155345,420.63960014368945,414.8993224518396,419.2280578613281,6972648,0.0,0.0
2024-04-04 00:00:00+05:30,423.46266979885735,426.7562683417373,416.4519985561384,422.3804931640625,14743020,0.0,0.0
2024-04-05 00:00:00+05:30,422.2863990644872,422.3805076268005,417.81651517466815,420.5925598144531,4820138,0.0,0.0
2024-04-08 00:00:00+05:30,422.52164200397493,423.8861443172058,418.3340552230115,421.0159912109375,3980972,0.0,0.0
2024-04-09 00:00:00+05:30,422.2393601032194,423.7449822320535,411.46457584660516,413.9112548828125,8005012,0.0,0.0
2024-04-10 00:00:00+05:30,416.4519962063323,431.5555152413443,416.0285507696629,429.4382019042969,15825331,0.0,0.0
2024-04-12 00:00:00+05:30,428.16779925328393,436.11949844086183,425.862268847068,428.732421875,11259294,0.0,0.0
2024-04-15 00:00:00+05:30,422.47459034458166,428.9206100591436,415.08751378235655,424.4036865234375,7680715,0.0,0.0
2024-04-16 00:00:00+05:30,422.52163879390116,429.48524135115605,420.02791994326327,426.4739685058594,4996845,0.0,0.0
2024-04-18 00:00:00+05:30,428.1208025784775,429.8616818209243,409.4884264871842,412.7349853515625,10945138,0.0,0.0
2024-04-19 00:00:00+05:30,410.28824775254475,412.73492653318084,402.8070629405397,409.6295166015625,7628287,0.0,0.0
2024-04-22 00:00:00+05:30,414.8993356155186,418.2870429442493,412.1703595266169,416.8284606933594,6396926,0.0,0.0
2024-04-23 00:00:00+05:30,419.4633043175849,419.4633043175849,413.3466212484558,414.9463806152344,5390120,0.0,0.0
2024-04-24 00:00:00+05:30,415.5109720080455,422.2393463174144,415.1345664881264,417.67535400390625,6538090,0.0,0.0
2024-04-25 00:00:00+05:30,416.875461169865,427.2267705894327,415.69917600855047,425.7681884765625,10858594,0.0,0.0
2024-04-26 00:00:00+05:30,427.22678457870006,433.2964276969893,425.53294537810325,428.9206237792969,7209435,0.0,0.0
2024-04-29 00:00:00+05:30,431.6496417279023,431.6496417279023,423.98023901418287,426.5210266113281,5305655,0.0,0.0
2024-04-30 00:00:00+05:30,429.485259176278,431.36731555191284,425.39178081569213,427.50909423828125,6021793,0.0,0.0
2024-05-02 00:00:00+05:30,430.56740682251336,432.4494630712716,422.8980333524033,427.1326599121094,14980896,0.0,0.0
2024-05-03 00:00:00+05:30,430.89681673098875,447.7412161463836,422.8980768510284,446.61199951171875,51071947,0.0,0.0
2024-05-06 00:00:00+05:30,450.7525045648824,453.0580351254959,417.86355772377055,433.4375915527344,36408390,0.0,0.0
2024-05-07 00:00:00+05:30,435.6960535551372,441.81273681239077,426.1446231354677,429.1088562011719,13728379,0.0,0.0
2024-05-08 00:00:00+05:30,429.7675785269416,443.6006754531636,428.2619277050525,437.060546875,16978094,0.0,0.0
2024-05-09 00:00:00+05:30,437.9074802932276,440.1189023152901,415.32280340660134,417.34600830078125,15601338,0.0,0.0
2024-05-10 00:00:00+05:30,420.82782646045376,424.54487065445437,414.28766892216515,422.8980712890625,9190621,0.0,0.0
2024-05-13 00:00:00+05:30,424.63895187721596,425.1565058715683,409.06494751159386,417.8164978027344,11107909,0.0,0.0
2024-05-14 00:00:00+05:30,420.35729303415314,424.07433705729824,418.851642225708,422.2393493652344,6592194,0.0,0.0
2024-05-15 00:00:00+05:30,423.4626521532977,442.28321447122204,422.9921380953496,440.260009765625,23543942,0.0,0.0
2024-05-16 00:00:00+05:30,441.01283727615754,446.9883717793137,430.84974473128267,440.6834716796875,17232651,0.0,0.0
2024-05-17 00:00:00+05:30,441.3892483695795,445.76505230186564,439.27193500282186,442.51849365234375,10625019,0.0,0.0
2024-05-21 00:00:00+05:30,442.00093167316516,464.77379557613034,442.00093167316516,461.7154541015625,27356982,0.0,0.0
2024-05-22 00:00:00+05:30,465.3384164534329,477.43063382780485,462.6094405838381,472.11383056640625,28346931,0.0,0.0
2024-05-23 00:00:00+05:30,473.71357469561525,474.0899802197659,463.0799678693808,467.9732971191406,14378840,0.0,0.0
2024-05-24 00:00:00+05:30,466.702927916874,475.5956268072363,460.3039191915838,471.4551086425781,12190536,0.0,0.0
2024-05-27 00:00:00+05:30,473.29015218032123,473.3371921039063,461.8095964711571,465.2914123535156,8811105,0.0,0.0
2024-05-28 00:00:00+05:30,466.7499551764265,466.93817229067366,455.55172610831397,458.8923645019531,8165238,0.0,0.0
2024-05-29 00:00:00+05:30,453.6696748977842,462.8917392407657,453.6696748977842,457.7631530761719,8014727,0.0,0.0
2024-05-30 00:00:00+05:30,457.3397001131268,459.174716569877,451.2230168811611,453.71673583984375,7725080,0.0,0.0
2024-05-31 00:00:00+05:30,455.8340537614708,464.02101057830515,450.7525072314605,462.2330627441406,11223848,0.0,0.0
2024-06-03 00:00:00+05:30,484.6294897205761,496.2982615736048,475.7367623540775,482.1357421875,24416215,0.0,0.0
2024-06-04 00:00:00+05:30,482.1357476953658,482.18284505131226,386.5743509430282,415.84033203125,48046493,0.0,0.0
2024-06-05 00:00:00+05:30,425.34472373556633,435.55488490509964,400.031072247981,433.3905029296875,18966089,0.0,0.0
2024-06-06 00:00:00+05:30,442.28325099599124,455.83405124037324,437.2487444166055,445.0592956542969,21757857,0.0,0.0
2024-06-07 00:00:00+05:30,445.10629855688126,452.91682042706225,440.02475247761294,450.89361572265625,8317343,0.0,0.0
2024-06-10 00:00:00+05:30,456.3986380740541,459.22172243327503,447.458870936521,449.5291442871094,10958537,0.0,0.0
2024-06-11 00:00:00+05:30,453.57559265187217,454.987134952656,447.1766123754794,448.2587890625,11169021,0.0,0.0
2024-06-12 00:00:00+05:30,452.6345344948539,465.15019724632504,451.08184381033294,459.8804626464844,15412796,0.0,0.0
2024-06-13 00:00:00+05:30,464.7737933609333,464.7737933609333,454.98710643254134,459.12762451171875,7438571,0.0,0.0
2024-06-14 00:00:00+05:30,459.12763261520035,463.36225932685136,456.63391373969705,458.2336730957031,5974636,0.0,0.0
2024-06-18 00:00:00+05:30,462.9858528978439,463.8327724949307,456.5868729221883,460.2098083496094,6946544,0.0,0.0
2024-06-19 00:00:00+05:30,460.5391591085483,462.23302696604276,448.3999020270516,449.764404296875,8962510,0.0,0.0
2024-06-20 00:00:00+05:30,452.68161088580246,458.65714578865595,443.7418428522443,454.65777587890625,7864157,0.0,0.0
2024-06-21 00:00:00+05:30,454.65776029031804,462.4212427901207,450.75249907945204,451.8817443847656,10340882,0.0,0.0
2024-06-24 00:00:00+05:30,451.69351101087335,451.7405509311103,444.1652858273588,445.7650451660156,11124175,0.0,0.0
2024-06-25 00:00:00+05:30,447.8352849853717,449.7644098983858,437.86038098222696,441.57745361328125,7951999,0.0,0.0
2024-06-26 00:00:00+05:30,442.51847578125,444.02412652482985,437.62511804409024,441.10693359375,6655899,0.0,0.0
2024-06-27 00:00:00+05:30,441.1069615494841,441.3422185956438,434.28450721085204,439.5072021484375,14857335,0.0,0.0
2024-06-28 00:00:00+05:30,442.2832644024556,447.9294337352529,440.40120795818984,445.24749755859375,8302706,0.0,0.0
2024-07-01 00:00:00+05:30,445.4356972604774,448.21171317640375,443.4595323277444,446.8001708984375,8579861,0.0,0.0
2024-07-02 00:00:00+05:30,449.8114514359982,456.3986484235547,445.43567632355854,450.8465881347656,14629287,0.0,0.0
2024-07-03 00:00:00+05:30,453.48147037958563,458.8923823690195,451.12889994939695,456.35162353515625,7244652,0.0,0.0
2024-07-04 00:00:00+05:30,459.9275173215546,463.7386699165474,456.68095865330105,460.6803283691406,7796954,0.0,0.0
2024-07-05 00:00:00+05:30,460.63329398231855,464.20918957816696,458.18661497141653,462.5153503417969,5754517,0.0,0.0
2024-07-08 00:00:00+05:30,463.6446040542835,466.7499856165881,458.4689489718415,464.2091979980469,7477292,0.0,0.0
2024-07-09 00:00:00+05:30,467.6439491373608,467.6439491373608,462.1389287338479,464.6796875,6444684,0.0,0.0
2024-07-10 00:00:00+05:30,464.67969471826524,465.71483143962166,452.2110715768681,461.8095703125,5981477,0.0,0.0
2024-07-11 00:00:00+05:30,462.98586139886646,476.1602558289155,459.73930271287264,470.5611267089844,20146927,0.0,0.0
2024-07-12 00:00:00+05:30,474.2782103390502,478.60694578016944,466.2794706805543,466.9382019042969,8198389,0.0,0.0
2024-07-15 00:00:00+05:30,470.5140723588178,473.9017794233813,463.5034011935115,468.3967590332031,7106020,0.0,0.0
2024-07-16 00:00:00+05:30,468.6320206060495,487.82901791844876,468.6320206060495,482.2298889160156,23169665,0.0,0.0
2024-07-18 00:00:00+05:30,484.9588601415123,485.38233431888756,471.69038548910754,475.4544982910156,12540956,0.0,0.0
2024-07-19 00:00:00+05:30,475.5015479548277,476.5366847401382,458.04548596554116,459.2217712402344,9971704,0.0,0.0
2024-07-22 00:00:00+05:30,459.22176102077816,466.74998661128274,455.0341740488994,462.2330627441406,7281653,0.0,0.0
2024-07-23 00:00:00+05:30,464.8678976133374,466.56173676525447,437.1546076146132,458.28070068359375,11311831,0.0,0.0
2024-07-24 00:00:00+05:30,457.9984106306407,469.94945086676364,456.49275985186534,464.6796875,6823248,0.0,0.0
2024-07-25 00:00:00+05:30,462.0448353879365,473.8547275344189,455.45763814207993,464.867919921875,10281157,0.0,0.0
2024-07-26 00:00:00+05:30,468.86730077606285,481.5241415566265,468.86730077606285,479.7832336425781,20437968,0.0,0.0
2024-07-29 00:00:00+05:30,484.1589945484876,485.288239842175,477.5717973437463,481.9476013183594,7259754,0.0,0.0
2024-07-30 00:00:00+05:30,481.9476044906628,494.6043875401562,479.8773310112424,488.72296142578125,13197520,0.0,0.0
2024-07-31 00:00:00+05:30,492.58119240403136,494.4162087680428,480.39486647829375,491.4049072265625,11972565,0.0,0.0
2024-08-01 00:00:00+05:30,503.45004141671126,510.27249524899383,496.8628446131281,508.5316162109375,34763894,0.0,0.0
2024-08-02 00:00:00+05:30,502.50904251258635,505.52034414214415,491.49900144228513,493.56927490234375,10985150,0.0,0.0
2024-08-05 00:00:00+05:30,484.62949774496286,484.62949774496286,468.20854502353177,476.9130554199219,11835031,0.0,0.0
2024-08-06 00:00:00+05:30,478.1364039901508,486.6997658133289,468.63201402635764,470.1376647949219,7142269,0.0,0.0
2024-08-07 00:00:00+05:30,477.76003420624886,501.3798193277499,477.76003420624886,500.156494140625,18293730,0.0,0.0
2024-08-08 00:00:00+05:30,502.5090118531448,503.45003996522934,490.5109034240669,492.5811767578125,13624148,0.0,0.0
2024-08-09 00:00:00+05:30,498.7448882479442,500.01525319652126,491.07548633169966,498.5566711425781,6468264,0.0,0.0
2024-08-12 00:00:00+05:30,497.803877313689,499.2154194988885,492.4400055227712,493.05169677734375,5238736,0.0,0.0
2024-08-13 00:00:00+05:30,494.03975614247054,498.6508168407859,489.33461560778034,490.9814147949219,5201294,0.0,0.0
2024-08-14 00:00:00+05:30,492.06367565079233,496.7688167167368,469.6201183047549,474.93695068359375,14766889,0.0,0.0
2024-08-16 00:00:00+05:30,482.54048640034716,490.19154988614434,477.5981654246971,486.9125061035156,7313429,5.0,0.0
2024-08-19 00:00:00+05:30,488.33818246818134,497.50999152831645,487.72042858988846,496.1318359375,10737456,0.0,0.0
2024-08-20 00:00:00+05:30,498.36532477357605,502.26218026588657,495.22887094547406,498.6029357910156,8191127,0.0,0.0
2024-08-21 00:00:00+05:30,500.4088120795017,508.72519784530533,498.4129026999101,505.82635498046875,9067794,0.0,0.0
2024-08-22 00:00:00+05:30,507.53711343918377,508.9152688886374,500.6939048019487,502.6423034667969,8531700,0.0,0.0
2024-08-23 00:00:00+05:30,502.7374275930975,514.3328574296066,502.64234837503693,512.1467895507812,12566904,0.0,0.0
2024-08-26 00:00:00+05:30,515.1406845102725,516.6138612125834,508.2024544206294,511.4339294433594,7193307,0.0,0.0
2024-08-27 00:00:00+05:30,512.3844135208122,514.8556030952207,503.73539503664983,505.0660400390625,7865530,0.0,0.0
2024-08-28 00:00:00+05:30,507.4421348085007,509.0103327876391,499.41087045671566,500.2662353515625,6066259,0.0,0.0
2024-08-29 00:00:00+05:30,500.26622428708635,503.7353684247792,490.5241723505694,501.4067687988281,9147836,0.0,0.0
2024-08-30 00:00:00+05:30,503.73540030841383,510.388509369091,496.13184709621135,498.9356689453125,30921282,0.0,0.0
2024-09-02 00:00:00+05:30,500.88407315734986,502.78496148052767,491.99744345069684,495.038818359375,6370038,0.0,0.0
2024-09-03 00:00:00+05:30,495.18141408925464,497.6525457346329,492.5676926137355,493.85076904296875,5526155,0.0,0.0
2024-09-04 00:00:00+05:30,491.2370067461675,491.2370067461675,475.7447796171257,478.691162109375,16783593,0.0,0.0
2024-09-05 00:00:00+05:30,482.3503596346143,482.3503596346143,470.6123697124065,472.3706970214844,10830621,0.0,0.0
2024-09-06 00:00:00+05:30,474.2715993310182,474.2715993310182,457.2111163702166,464.3394470214844,13110103,0.0,0.0
2024-09-09 00:00:00+05:30,463.81672243549986,464.29194448717556,454.3597920050522,460.4426574707031,10189742,0.0,0.0
2024-09-10 00:00:00+05:30,463.1513871450693,467.61848590931163,457.9239447212863,466.7630920410156,9809547,0.0,0.0
2024-09-11 00:00:00+05:30,468.4263845056775,469.0916779782352,458.06654952782884,459.9674377441406,8134497,0.0,0.0
2024-09-12 00:00:00+05:30,462.86628023997105,472.6083323394776,458.3516707304436,471.0876159667969,12058489,0.0,0.0
2024-09-13 00:00:00+05:30,472.3707285350467,473.178611839628,465.24239762153996,465.9552307128906,8093877,0.0,0.0
2024-09-16 00:00:00+05:30,468.09374647338683,470.3748066449983,463.1989648747666,468.80657958984375,5244657,0.0,0.0
2024-09-17 00:00:00+05:30,468.80654051359994,470.279717229383,463.48404788664766,464.29193115234375,5063902,0.0,0.0
2024-09-18 00:00:00+05:30,465.52748524918866,469.13919005134863,462.0583702590848,462.9613037109375,6527832,0.0,0.0
2024-09-19 00:00:00+05:30,464.76716624101476,467.23832670919535,452.64900393104966,454.2647705078125,10014450,0.0,0.0
2024-09-20 00:00:00+05:30,457.11610339414995,473.3211637643007,456.4982915223843,466.62054443359375,12982128,0.0,0.0
2024-09-23 00:00:00+05:30,469.0441688901032,477.59816589113854,466.19283655642477,475.7923278808594,6123879,0.0,0.0
2024-09-24 00:00:00+05:30,479.9742824496024,481.5425094525951,476.6952386208654,479.3089599609375,7306001,0.0,0.0
2024-09-25 00:00:00+05:30,481.3999439534669,481.8751660106766,477.1229454385792,480.2593994140625,5059851,0.0,0.0
2024-09-26 00:00:00+05:30,480.9247160759653,482.3028716272957,475.26956206150874,481.44744873046875,6877039,0.0,0.0
2024-09-27 00:00:00+05:30,481.44744049635693,492.1874470735329,479.8792135544155,490.524169921875,15443031,0.0,0.0
2024-09-30 00:00:00+05:30,487.5778512310671,488.0055627026695,477.59818760937856,484.86907958984375,8881502,0.0,0.0
2024-10-01 00:00:00+05:30,486.62739675516224,490.42917329231193,481.0672927685302,483.30084228515625,4743517,0.0,0.0
2024-10-03 00:00:00+05:30,474.7468254520304,484.63143823897025,474.7468254520304,477.4555969238281,11285134,0.0,0.0
2024-10-04 00:00:00+05:30,474.8418815886182,479.64161272616343,469.5668993923904,472.5608215332031,7170285,0.0,0.0
2024-10-07 00:00:00+05:30,473.4162329646354,475.7448037095476,451.7936287326106,456.6408996582031,8940891,0.0,0.0
2024-10-08 00:00:00+05:30,456.9735270861647,468.3313460662293,452.83911831596214,467.4759521484375,6049075,0.0,0.0
2024-10-09 00:00:00+05:30,467.61851793684,471.42029450543225,461.5831918331493,462.81878662109375,6874313,0.0,0.0
2024-10-10 00:00:00+05:30,464.48204594597394,469.4718774996988,461.96334586227294,463.9117736816406,4700891,0.0,0.0
2024-10-11 00:00:00+05:30,463.3415216542625,469.4243583939037,463.2940110490148,468.5214538574219,4364566,0.0,0.0
2024-10-14 00:00:00+05:30,470.422328131311,477.55065902123744,468.52143989399735,473.6062927246094,5369297,0.0,0.0
2024-10-15 00:00:00+05:30,473.6062997439693,474.6042834865018,465.76513564883567,469.9471130371094,4279311,0.0,0.0
2024-10-16 00:00:00+05:30,470.46981465257426,474.6517627595469,468.4738763045131,471.1826477050781,8000451,0.0,0.0
2024-10-17 00:00:00+05:30,471.1826623774695,472.60832852687184,463.05637692797706,465.62255859375,4334990,0.0,0.0
2024-10-18 00:00:00+05:30,463.8167169609403,469.2817704907055,459.39715773357193,467.80859375,4573163,0.0,0.0
2024-10-21 00:00:00+05:30,467.61851819741076,470.23223958977434,458.446738021622,461.3455810546875,4737527,0.0,0.0
2024-10-22 00:00:00+05:30,460.9653914965068,463.34150176195277,444.04749800863283,445.1405029296875,8671135,0.0,0.0
2024-10-23 00:00:00+05:30,445.140506646576,452.45890892210616,436.2063377749502,450.6055603027344,10686743,0.0,0.0
2024-10-24 00:00:00+05:30,450.60556360674684,459.82485417810534,449.6075798764575,453.5994567871094,5045880,0.0,0.0
2024-10-25 00:00:00+05:30,454.407336300593,455.31024080493904,436.2538479382765,438.2497863769531,10330954,0.0,0.0
2024-10-28 00:00:00+05:30,429.60071260428856,435.30337693089416,413.6807746925146,419.76361083984375,21378247,0.0,0.0
2024-10-29 00:00:00+05:30,422.1872910696987,424.4683511640156,417.05486960091963,423.4703674316406,7680865,0.0,0.0
2024-10-30 00:00:00+05:30,425.7989628439733,433.21241532710224,422.9476305035003,426.8919677734375,7818123,0.0,0.0
2024-10-31 00:00:00+05:30,429.60074379046085,431.9768540990364,421.236847106376,429.64825439453125,8475238,0.0,0.0
2024-11-01 00:00:00+05:30,432.11938707015366,436.776557173797,429.93337732923465,431.6441650390625,3095957,0.0,0.0
2024-11-04 00:00:00+05:30,435.3033876922115,435.4459485028508,413.9183959387732,421.33184814453125,15720990,0.0,0.0
2024-11-05 00:00:00+05:30,422.8593466076961,429.90535384216594,420.7898821561143,428.5749816894531,10186343,15.75,0.0
2024-11-06 00:00:00+05:30,431.4327963286503,432.51680437444935,424.9288082013405,429.4618835449219,9130749,0.0,0.0
2024-11-07 00:00:00+05:30,431.4328133458176,433.94574528843526,428.32863160375445,429.0184631347656,5861077,0.0,0.0
2024-11-08 00:00:00+05:30,429.01845754897573,429.6589982058643,415.12351604178974,417.8827819824219,9934413,0.0,0.0
2024-11-11 00:00:00+05:30,416.84805221036174,419.5580572779232,411.28022963175664,415.41912841796875,7201246,0.0,0.0
2024-11-12 00:00:00+05:30,416.3553166037594,418.62185422678016,406.79637777886273,408.0281982421875,6564348,0.0,0.0
2024-11-13 00:00:00+05:30,407.9789547958086,409.45713941463396,399.7996786011386,400.9822082519531,7170870,0.0,0.0
2024-11-14 00:00:00+05:30,401.2778696217793,407.33842064090226,396.74476403698026,403.790771484375,8776485,0.0,0.0
2024-11-18 00:00:00+05:30,407.92968927925756,412.41350387492395,405.02258086641274,407.3384094238281,7352509,0.0,0.0
2024-11-19 00:00:00+05:30,409.90059518358646,415.86259428062465,404.7269491646924,406.25439453125,6291292,0.0,0.0
2024-11-21 00:00:00+05:30,407.0427621258423,407.88040609733235,398.27220600529853,400.0953063964844,14141967,0.0,0.0
2024-11-22 00:00:00+05:30,401.47491939204826,409.7034861018058,400.4894630213885,408.0281982421875,8155453,0.0,0.0
2024-11-25 00:00:00+05:30,414.87714235292896,421.2333481310635,409.6542354881967,411.3787841796875,10903727,0.0,0.0
2024-11-26 00:00:00+05:30,412.3642540232868,413.8916994560677,403.7415102846187,405.51531982421875,5798977,0.0,0.0
2024-11-27 00:00:00+05:30,413.8916866282527,414.87714302498665,406.697866961592,411.0831298828125,9219932,0.0,0.0
2024-11-28 00:00:00+05:30,413.89167759502675,418.720407818887,407.48621115605613,409.1614990234375,7788912,0.0,0.0
2024-11-29 00:00:00+05:30,409.26004707815645,411.92079149289515,405.02259642004765,410.34405517578125,7057742,0.0,0.0
2024-12-02 00:00:00+05:30,412.3149618401182,417.24224396075476,410.7382255467658,415.5669860839844,6404844,0.0,0.0
2024-12-03 00:00:00+05:30,418.818968659149,419.3116968575715,413.25114603172295,415.9611511230469,7928558,0.0,0.0
2024-12-04 00:00:00+05:30,415.9611423453745,419.70586454486704,408.96439606067247,410.59039306640625,6836472,0.0,0.0
2024-12-05 00:00:00+05:30,412.0685773124277,415.1234980905726,406.00802661914753,412.31494140625,9500273,0.0,0.0
2024-12-06 00:00:00+05:30,413.8916866282527,415.36987122335364,410.344037585262,411.0831298828125,4252732,0.0,0.0
2024-12-09 00:00:00+05:30,411.9207684060802,414.8278767676295,406.5007582954739,407.97894287109375,6662023,0.0,0.0
2024-12-10 00:00:00+05:30,409.4571220091409,411.1324098687592,405.51529652650174,408.0281982421875,6035289,0.0,0.0
2024-12-11 00:00:00+05:30,409.94985177804136,413.5467615300955,409.5063843800347,410.88604736328125,5353413,0.0,0.0
2024-12-12 00:00:00+05:30,410.4425786525106,411.7729507685336,401.17929477690217,403.15020751953125,9409378,0.0,0.0
2024-12-13 00:00:00+05:30,403.1502339928903,405.268959315597,396.15348728235864,404.332763671875,9439175,0.0,0.0
2024-12-16 00:00:00+05:30,404.52985161074366,406.84568016211887,400.5880260164855,404.4805908203125,5434635,0.0,0.0
2024-12-17 00:00:00+05:30,404.48058856783405,404.9733167643724,396.1534700168388,397.0403747558594,5070262,0.0,0.0
2024-12-18 00:00:00+05:30,397.6316666222036,398.9127479424185,388.81181960814934,390.04364013671875,7176597,0.0,0.0
2024-12-19 00:00:00+05:30,385.264207865061,388.76256620317116,381.3716428913238,386.2496643066406,5745829,0.0,0.0
2024-12-20 00:00:00+05:30,387.2843560822971,387.9741875755537,374.9661513723004,376.4443359375,7923854,0.0,0.0
2024-12-23 00:00:00+05:30,380.3861842995493,382.94837704792195,376.8385351151674,377.38055419921875,5163415,0.0,0.0
2024-12-24 00:00:00+05:30,379.25290526007154,381.12526642361604,375.85306861735785,378.9079895019531,4242999,0.0,0.0
2024-12-26 00:00:00+05:30,380.7803442016887,384.623618119249,379.44997205652567,380.9774475097656,4190081,0.0,0.0
2024-12-27 00:00:00+05:30,381.8643507287004,382.8005463277258,374.029960406834,374.9661560058594,5909271,0.0,0.0
2024-12-30 00:00:00+05:30,374.96615379260663,376.7399632527988,370.23597518293263,372.4039611816406,22328728,0.0,0.0
2024-12-31 00:00:00+05:30,372.4039771747248,379.1050989122453,370.6301676383554,378.5630798339844,7686615,0.0,0.0
2025-01-01 00:00:00+05:30,377.971777809903,382.50488311616806,376.9370606532926,380.78033447265625,3584876,0.0,0.0
2025-01-02 00:00:00+05:30,382.7512627227487,388.22056382954105,378.4645213346528,387.235107421875,7538972,0.0,0.0
2025-01-03 00:00:00+05:30,387.28435561084274,393.4927187476266,383.83525829624233,387.9248962402344,7122319,0.0,0.0
2025-01-06 00:00:00+05:30,388.3190784016409,388.3190784016409,371.66487142746354,373.2416076660156,8774141,0.0,0.0
2025-01-07 00:00:00+05:30,375.015428985679,378.6616297729116,371.02434251008776,374.2763366699219,6542121,0.0,0.0
2025-01-08 00:00:00+05:30,374.5227044015884,376.4936172626913,370.5316178873524,374.818359375,7407778,0.0,0.0
2025-01-09 00:00:00+05:30,376.00088932542724,376.00088932542724,365.4072326891661,366.7868957519531,6247612,0.0,0.0
2025-01-10 00:00:00+05:30,365.99850360114567,367.77234317826327,359.39596371747945,363.14068603515625,4893721,0.0,0.0
2025-01-13 00:00:00+05:30,360.77560394358983,365.01305455024107,355.9961342578363,357.62213134765625,8661589,0.0,0.0
2025-01-14 00:00:00+05:30,359.6916013806756,368.5607093599251,357.7206884963979,363.8797912597656,5698113,0.0,0.0
2025-01-15 00:00:00+05:30,366.4912332001268,375.9023599684976,363.9290405170301,369.1519775390625,11117714,0.0,0.0
2025-01-16 00:00:00+05:30,372.9460028809102,375.951633002547,369.3490628049837,373.3401794433594,6923722,0.0,0.0
2025-01-17 00:00:00+05:30,374.47344088946164,383.6381735975222,373.044517046044,382.0121765136719,8380692,0.0,0.0
2025-01-20 00:00:00+05:30,383.93383037320933,385.31346335769535,377.08489616893957,381.4208984375,14597375,0.0,0.0
2025-01-21 00:00:00+05:30,382.3570909480645,383.98308802626514,375.45889600827985,376.0008850097656,20854879,0.0,0.0
2025-01-22 00:00:00+05:30,375.9516268637089,378.31671627352875,369.2012443246708,373.6850891113281,10653690,0.0,0.0
2025-01-23 00:00:00+05:30,372.00978053604945,382.55417574895205,370.72869928158093,380.1890563964844,5844752,0.0,0.0
2025-01-24 00:00:00+05:30,380.43543416451735,386.5452759217775,376.1487228500006,377.47906494140625,5351964,0.0,0.0
2025-01-27 00:00:00+05:30,375.3603423234058,377.42980680890827,367.3288785588004,370.2852478027344,6645109,0.0,0.0
2025-01-28 00:00:00+05:30,370.53159703556696,372.10833325046667,362.40158194103657,365.2593994140625,10866038,0.0,0.0
2025-01-29 00:00:00+05:30,367.0825232442682,379.40072872226375,365.40723526976325,373.93145751953125,6680927,0.0,0.0
2025-01-30 00:00:00+05:30,376.1487267484257,381.71654949490824,374.8676153608876,379.4499816894531,6300164,0.0,0.0
2025-01-31 00:00:00+05:30,379.5,396.95001220703125,374.6499938964844,395.8999938964844,10339434,5.6,0.0
2025-02-01 00:00:00+05:30,395.8999938964844,399.45001220703125,379.04998779296875,385.29998779296875,7015540,0.0,0.0
2025-02-03 00:00:00+05:30,384.0,384.1499938964844,366.5,374.0,7689700,0.0,0.0
2025-02-04 00:00:00+05:30,377.5,380.70001220703125,374.8999938964844,376.54998779296875,4649921,0.0,0.0
2025-02-05 00:00:00+05:30,378.0,385.1000061035156,377.8999938964844,382.8500061035156,5914200,0.0,0.0
2025-02-06 00:00:00+05:30,382.79998779296875,384.6499938964844,377.20001220703125,379.6000061035156,4652107,0.0,0.0
2025-02-07 00:00:00+05:30,379.5,383.0,376.0,378.25,3006598,0.0,0.0
2025-02-10 00:00:00+05:30,377.0,379.8500061035156,369.0,370.5,3380494,0.0,0.0
2025-02-11 00:00:00+05:30,370.0,370.5,357.5,359.0,6803431,0.0,0.0
2025-02-12 00:00:00+05:30,359.8999938964844,361.79998779296875,351.54998779296875,360.3500061035156,4565992,0.0,0.0
2025-02-13 00:00:00+05:30,362.0,367.54998779296875,358.6000061035156,361.6499938964844,3712240,0.0,0.0
2025-02-14 00:00:00+05:30,363.8999938964844,365.0,350.5,354.20001220703125,4464446,0.0,0.0
2025-02-17 00:00:00+05:30,354.20001220703125,362.0,349.25,360.1000061035156,6017586,0.0,0.0
2025-02-18 00:00:00+05:30,360.25,362.3500061035156,353.79998779296875,361.1000061035156,3843725,0.0,0.0
2025-02-19 00:00:00+05:30,360.0,365.29998779296875,358.0,362.29998779296875,3097726,0.0,0.0
2025-02-20 00:00:00+05:30,360.0,369.45001220703125,360.0,367.95001220703125,4624287,0.0,0.0
2025-02-21 00:00:00+05:30,367.54998779296875,371.20001220703125,365.29998779296875,369.95001220703125,5235241,0.0,0.0
2025-02-24 00:00:00+05:30,368.04998779296875,368.5,361.1499938964844,364.79998779296875,4533486,0.0,0.0
2025-02-25 00:00:00+05:30,364.0,365.3999938964844,358.70001220703125,361.1499938964844,4525493,0.0,0.0
2025-02-27 00:00:00+05:30,359.0,367.79998779296875,356.1499938964844,363.8500061035156,6196610,0.0,0.0
2025-02-28 00:00:00+05:30,366.79998779296875,375.75,365.29998779296875,369.3500061035156,21899478,0.0,0.0
2025-03-03 00:00:00+05:30,370.0,371.0,352.3999938964844,360.3500061035156,12675744,0.0,0.0
2025-03-04 00:00:00+05:30,356.1000061035156,366.5,352.6000061035156,363.8500061035156,5535218,0.0,0.0
2025-03-05 00:00:00+05:30,362.04998779296875,368.8999938964844,362.04998779296875,368.25,5730797,0.0,0.0
2025-03-06 00:00:00+05:30,370.04998779296875,384.1499938964844,368.1000061035156,382.6000061035156,11247215,0.0,0.0
2025-03-07 00:00:00+05:30,382.6000061035156,389.6000061035156,379.3999938964844,380.6499938964844,8321771,0.0,0.0
2025-03-10 00:00:00+05:30,380.70001220703125,386.6000061035156,374.04998779296875,375.1499938964844,5541001,0.0,0.0
2025-03-11 00:00:00+05:30,371.0,380.0,368.0,379.04998779296875,5340552,0.0,0.0
2025-03-12 00:00:00+05:30,379.54998779296875,382.8500061035156,373.79998779296875,380.70001220703125,3951912,0.0,0.0
2025-03-13 00:00:00+05:30,381.5,383.0,377.3500061035156,378.29998779296875,3918004,0.0,0.0
2025-03-17 00:00:00+05:30,380.20001220703125,387.04998779296875,379.04998779296875,385.75,5456361,0.0,0.0
2025-03-18 00:00:00+05:30,385.75,385.75,385.75,385.75,0,0.0,0.0
2025-03-19 00:00:00+05:30,390.04998779296875,398.04998779296875,388.79998779296875,395.8500061035156,5827114,0.0,0.0
2025-03-20 00:00:00+05:30,397.70001220703125,398.1000061035156,392.04998779296875,396.3999938964844,7025398,0.0,0.0
2025-03-21 00:00:00+05:30,396.3999938964844,411.1000061035156,395.1000061035156,405.3999938964844,16564019,0.0,0.0
2025-03-24 00:00:00+05:30,407.95001220703125,411.79998779296875,405.04998779296875,406.0,5260300,0.0,0.0
2025-03-25 00:00:00+05:30,408.0,408.25,397.1000061035156,398.29998779296875,5636291,0.0,0.0
2025-03-26 00:00:00+05:30,398.5,402.45001220703125,393.1499938964844,394.79998779296875,5025274,0.0,0.0
2025-03-27 00:00:00+05:30,393.25,399.6499938964844,392.04998779296875,396.8500061035156,7697174,0.0,0.0
2025-03-28 00:00:00+05:30,397.0,401.8999938964844,393.5,398.20001220703125,6923988,0.0,0.0
2025-04-01 00:00:00+05:30,397.79998779296875,402.54998779296875,395.04998779296875,397.6499938964844,4332950,0.0,0.0
2025-04-02 00:00:00+05:30,401.6000061035156,401.6000061035156,391.5,397.5,4197123,0.0,0.0
2025-04-03 00:00:00+05:30,395.0,400.0,393.20001220703125,397.04998779296875,4970602,0.0,0.0
2025-04-04 00:00:00+05:30,396.0,396.0,382.6000061035156,385.04998779296875,6718760,0.0,0.0
2025-04-07 00:00:00+05:30,358.8500061035156,379.3999938964844,356.0,377.5,10202400,0.0,0.0
2025-04-08 00:00:00+05:30,385.0,385.5,376.6499938964844,382.8500061035156,3577328,0.0,0.0
2025-04-09 00:00:00+05:30,382.29998779296875,382.70001220703125,373.1000061035156,374.6000061035156,5781453,0.0,0.0
2025-04-11 00:00:00+05:30,389.95001220703125,392.79998779296875,382.1499938964844,392.1000061035156,6185984,0.0,0.0
2025-04-15 00:00:00+05:30,399.0,399.0,393.5,395.25,4371156,0.0,0.0
2025-04-16 00:00:00+05:30,395.25,400.1000061035156,392.5,399.25,4992290,0.0,0.0
2025-04-17 00:00:00+05:30,396.8999938964844,399.54998779296875,388.29998779296875,398.8500061035156,8364450,0.0,0.0
2025-04-21 00:00:00+05:30,399.25,406.0,395.6499938964844,400.5,8987570,0.0,0.0
2025-04-22 00:00:00+05:30,403.5,405.79998779296875,394.29998779296875,398.6000061035156,7558174,0.0,0.0
2025-04-23 00:00:00+05:30,400.0,401.6000061035156,394.0,398.95001220703125,7429142,0.0,0.0
2025-04-24 00:00:00+05:30,398.8999938964844,401.29998779296875,396.8500061035156,399.8500061035156,5762303,0.0,0.0
2025-04-25 00:00:00+05:30,400.29998779296875,404.0,389.6499938964844,393.1499938964844,7337588,0.0,0.0
2025-04-28 00:00:00+05:30,393.1499938964844,398.79998779296875,391.54998779296875,397.1499938964844,3458518,0.0,0.0
2025-04-29 00:00:00+05:30,397.1499938964844,400.3500061035156,388.45001220703125,389.1000061035156,6274213,0.0,0.0
2025-04-30 00:00:00+05:30,389.1000061035156,390.3500061035156,383.1000061035156,385.29998779296875,4559122,0.0,0.0
2025-05-02 00:00:00+05:30,385.5,390.95001220703125,381.3999938964844,383.5,5045851,0.0,0.0
2025-05-05 00:00:00+05:30,385.95001220703125,387.8999938964844,381.75,385.6000061035156,6395704,0.0,0.0
2025-05-06 00:00:00+05:30,386.5,387.6499938964844,377.3999938964844,378.25,5982166,0.0,0.0
2025-05-07 00:00:00+05:30,370.29998779296875,387.29998779296875,370.29998779296875,383.29998779296875,9162368,0.0,0.0
2025-05-08 00:00:00+05:30,390.0,394.95001220703125,382.25,385.45001220703125,14258083,0.0,0.0
2025-05-09 00:00:00+05:30,379.1000061035156,383.25,377.04998779296875,382.3999938964844,3809943,0.0,0.0
2025-05-12 00:00:00+05:30,391.95001220703125,396.1000061035156,387.5,395.5,6743279,0.0,0.0
2025-05-13 00:00:00+05:30,395.5,399.6000061035156,394.04998779296875,395.1499938964844,6307140,0.0,0.0
2025-05-14 00:00:00+05:30,396.75,404.04998779296875,396.45001220703125,403.1000061035156,6822756,0.0,0.0
2025-05-15 00:00:00+05:30,403.75,406.3999938964844,399.6000061035156,404.6499938964844,10511989,0.0,0.0
2025-05-16 00:00:00+05:30,406.0,409.0,403.6000061035156,404.79998779296875,4702603,0.0,0.0
2025-05-19 00:00:00+05:30,405.95001220703125,407.45001220703125,401.04998779296875,402.70001220703125,5446656,0.0,0.0
2025-05-20 00:00:00+05:30,405.5,417.25,404.0,408.1000061035156,18755291,0.0,0.0
2025-05-21 00:00:00+05:30,411.6499938964844,413.54998779296875,404.25,405.3500061035156,7393102,0.0,0.0
2025-05-22 00:00:00+05:30,405.0,406.6499938964844,393.20001220703125,398.8500061035156,7936875,0.0,0.0
2025-05-23 00:00:00+05:30,400.20001220703125,403.0,399.0,401.5,4178408,0.0,0.0
2025-05-26 00:00:00+05:30,402.54998779296875,405.79998779296875,401.75,402.70001220703125,6067873,0.0,0.0
2025-05-27 00:00:00+05:30,402.5,403.54998779296875,398.29998779296875,399.95001220703125,6553758,0.0,0.0
2025-05-28 00:00:00+05:30,401.0,401.8500061035156,396.5,398.20001220703125,6002200,0.0,0.0
2025-05-29 00:00:00+05:30,400.0,401.20001220703125,397.0,398.20001220703125,7724668,0.0,0.0
