timestamp,Open,High,Low,Close,Volume,Dividends,Stock Splits
2020-06-01 00:00:00+05:30,804.4283747205312,807.338204485422,777.4898123020284,779.955810546875,6848855,0.0,0.0
2020-06-02 00:00:00+05:30,786.1602391829786,790.5596017184675,766.6295451564536,768.4642333984375,7451040,0.0,0.0
2020-06-03 00:00:00+05:30,775.073086079556,787.1466032942719,771.6108150713586,781.70166015625,3694130,0.0,0.0
2020-06-04 00:00:00+05:30,781.208442629888,800.364359017247,780.5673192536365,788.9024047851562,5997250,0.0,0.0
2020-06-05 00:00:00+05:30,792.9564747876522,798.9833595070725,787.6003343059306,794.0316162109375,3855025,0.0,0.0
2020-06-08 00:00:00+05:30,796.0044342146983,796.0044342146983,777.6771798031891,782.7275390625,3559990,0.0,0.0
2020-06-09 00:00:00+05:30,775.3098186114154,817.133171330991,775.3098186114154,813.5426635742188,11375810,0.0,0.0
2020-06-10 00:00:00+05:30,817.72494939091,826.6025423276026,806.4207927110439,811.3133544921875,7769840,0.0,0.0
2020-06-11 00:00:00+05:30,811.4119872351229,814.3613715222026,796.4187670159479,800.4827270507812,4137580,0.0,0.0
2020-06-12 00:00:00+05:30,787.5411891446469,796.3398536403924,785.3710987429968,790.6878051757812,3911520,0.0,0.0
2020-06-15 00:00:00+05:30,798.5888043230724,814.154213300826,781.3465647935728,791.5459594726562,6959575,0.0,0.0
2020-06-16 00:00:00+05:30,801.9425683343595,804.9017660034899,779.7978937360269,790.194580078125,3900130,0.0,0.0
2020-06-17 00:00:00+05:30,790.194611170638,797.5531111328645,783.5955977006183,786.1996459960938,3186815,0.0,0.0
2020-06-18 00:00:00+05:30,791.0922427471821,799.4667632152787,787.5412293305806,790.5004272460938,3614150,0.0,0.0
2020-06-19 00:00:00+05:30,793.1143247791646,797.9772659788171,787.5412050001465,790.2241821289062,3654715,0.0,0.0
2020-06-22 00:00:00+05:30,795.432365608885,801.4493768484423,791.269729538822,795.6000366210938,2655980,0.0,0.0
2020-06-23 00:00:00+05:30,798.5691136096082,814.7657722736685,797.0303332033458,810.5933227539062,4799415,0.0,0.0
2020-06-24 00:00:00+05:30,811.3034807411346,816.0875530570714,794.7023650946912,797.5333862304688,2677740,0.0,0.0
2020-06-25 00:00:00+05:30,795.0377889814528,797.2078793546666,784.4931786772072,790.4214477539062,3769375,0.0,0.0
2020-06-26 00:00:00+05:30,792.078619209666,801.9426119769097,782.2146264424223,788.8432006835938,3719560,0.0,0.0
2020-06-29 00:00:00+05:30,788.7247750350186,797.7996597021835,780.9815654088404,783.9605102539062,2692435,0.0,0.0
2020-06-30 00:00:00+05:30,789.1193590500117,791.2697020788195,774.4219869056935,778.2590942382812,3404710,0.0,0.0
2020-07-01 00:00:00+05:30,782.2540607800213,782.4119183791244,766.599909074001,771.6502685546875,3117825,0.0,0.0
2020-07-02 00:00:00+05:30,778.4663556714888,784.9765671038699,769.5887617882217,773.445556640625,3711465,0.0,0.0
2020-07-03 00:00:00+05:30,777.2826097699366,782.7966080731127,771.3642142640741,773.623046875,2280380,0.0,0.0
2020-07-06 00:00:00+05:30,774.3234436623727,777.2826415362416,764.8540345480061,767.813232421875,2848085,0.0,0.0
2020-07-07 00:00:00+05:30,768.3852491402168,773.1397006300341,752.4253169019252,754.2994995117188,5179985,0.0,0.0
2020-07-08 00:00:00+05:30,755.7790766235231,778.2097847257829,755.7790766235231,766.767578125,6811290,0.0,0.0
2020-07-09 00:00:00+05:30,770.3778467102206,772.7452290919844,760.3264355209985,768.720703125,2455715,0.0,0.0
2020-07-10 00:00:00+05:30,769.332291499585,780.6364494312992,766.0771857699926,770.4666748046875,4152955,0.0,0.0
2020-07-13 00:00:00+05:30,772.4097940230994,775.1026447090348,764.2621265881813,769.3026123046875,2678440,0.0,0.0
2020-07-14 00:00:00+05:30,770.1805103101516,788.340153933377,764.26211490274,785.7952270507812,6044725,0.0,0.0
2020-07-15 00:00:00+05:30,786.9493222985789,798.5493872984355,781.4255104915201,796.3102416992188,5296965,0.0,0.0
2020-07-16 00:00:00+05:30,795.2548104832717,821.266215273426,791.3092133044288,819.1355590820312,7809325,0.0,0.0
2020-07-17 00:00:00+05:30,816.9358754467348,820.2895967924178,808.8473895106222,812.54638671875,3712880,0.0,0.0
2020-07-20 00:00:00+05:30,816.6103646028371,819.5005072597341,803.4024638350962,807.2888793945312,3144360,0.0,0.0
2020-07-21 00:00:00+05:30,808.8966914356996,814.9038893473797,790.3129633146526,795.7381591796875,3316480,0.0,0.0
2020-07-22 00:00:00+05:30,799.6837622335256,814.765785178823,794.0612744352318,801.2718505859375,4093845,0.0,0.0
2020-07-23 00:00:00+05:30,807.052158484515,816.7386066723101,801.3508019329614,814.7658081054688,3559780,0.0,0.0
2020-07-24 00:00:00+05:30,814.7657768098832,824.6100220146877,799.3089174897972,802.1300048828125,5479715,0.0,0.0
2020-07-27 00:00:00+05:30,805.8881533859942,806.0163900995083,781.8101751954827,792.2166748046875,2909240,0.0,0.0
2020-07-28 00:00:00+05:30,792.867721275132,807.2691867417893,790.5693941183613,799.249755859375,2592970,0.0,0.0
2020-07-29 00:00:00+05:30,805.3851649374302,855.4054957423492,803.9943683971816,848.7374267578125,24766165,0.0,0.0
2020-07-30 00:00:00+05:30,866.8279637132584,899.5961179716614,856.1945508765374,891.0341796875,31472050,0.0,0.0
2020-07-31 00:00:00+05:30,883.6164577643748,897.7910105178574,878.9606820886881,891.912109375,7910670,0.0,0.0
2020-08-03 00:00:00+05:30,891.912061884931,921.2968730241714,887.7592994879595,893.1746215820312,12183250,0.0,0.0
2020-08-04 00:00:00+05:30,893.8158346750307,918.2094689664696,885.8161511724525,914.3624877929688,8332715,0.0,0.0
2020-08-05 00:00:00+05:30,918.3475909428707,920.4486261973894,903.8771305574807,907.6747436523438,5060070,0.0,0.0
2020-08-06 00:00:00+05:30,909.4700128290258,918.9295482410618,901.0856189209686,904.1434326171875,4587005,0.0,0.0
2020-08-07 00:00:00+05:30,905.5145661295925,928.5963340541258,899.7046597473736,902.2594604492188,8326715,0.0,0.0
2020-08-10 00:00:00+05:30,908.4737120035527,938.7758681569819,908.4737120035527,925.4200439453125,8697180,0.0,0.0
2020-08-11 00:00:00+05:30,930.1843780775004,934.8204666518312,900.5825265797888,906.678466796875,6457605,0.0,0.0
2020-08-12 00:00:00+05:30,902.5553205610455,903.5219725677299,884.6127156599421,891.3399658203125,5353620,0.0,0.0
2020-08-13 00:00:00+05:30,897.6529073812803,905.6032826535643,886.1317115586619,888.2031860351562,4550210,0.0,0.0
2020-08-14 00:00:00+05:30,892.9181627405388,904.725392923257,881.8409185659966,891.5865478515625,5753920,0.0,0.0
2020-08-17 00:00:00+05:30,891.5964129908141,901.568894740542,887.7987398385274,891.5372314453125,3388330,0.0,0.0
2020-08-18 00:00:00+05:30,895.2559590246265,899.5369583736809,886.2501288162409,891.7838745117188,3252160,0.0,0.0
2020-08-19 00:00:00+05:30,895.6505263564338,899.3889578708279,883.0443149394771,885.6385498046875,4036070,0.0,0.0
2020-08-20 00:00:00+05:30,884.800164887645,893.007014221352,880.085147373662,883.024658203125,4033835,0.0,0.0
2020-08-21 00:00:00+05:30,891.7049472427736,891.7049472427736,882.551133045228,885.7372436523438,2438510,0.0,0.0
2020-08-24 00:00:00+05:30,885.7372099357162,889.1599864014021,872.963327731854,882.343994140625,3676190,0.0,0.0
2020-08-25 00:00:00+05:30,885.7865280297245,886.2599804049318,871.9769385058758,873.4959716796875,3010780,0.0,0.0
2020-08-26 00:00:00+05:30,874.1469803874359,878.4674136865253,868.0312933252748,874.8867797851562,3460010,0.0,0.0
2020-08-27 00:00:00+05:30,876.395956282362,881.5054969973164,871.385091612039,875.3306884765625,4518315,0.0,0.0
2020-08-28 00:00:00+05:30,879.868078220664,881.0517692906661,860.2978917843774,862.961181640625,5814245,0.0,0.0
2020-08-31 00:00:00+05:30,863.099319914625,872.9633121422206,831.8600733872379,841.33935546875,5944120,0.0,0.0
2020-09-01 00:00:00+05:30,842.6019436691084,863.2768937513106,834.8883544666357,858.5520629882812,4063205,0.0,0.0
2020-09-02 00:00:00+05:30,858.4139311387693,867.5183767791184,851.5979389399065,858.7098388671875,3018485,0.0,0.0
2020-09-03 00:00:00+05:30,863.0105365397037,881.0518172533398,856.2241651259811,874.5711669921875,4691970,0.0,0.0
2020-09-04 00:00:00+05:30,868.0313765182186,884.4943831015212,846.7153022781557,852.7421875,6774000,0.0,0.0
2020-09-07 00:00:00+05:30,857.0132875905272,875.1334372155773,847.3662739105431,871.9473266601562,6153985,0.0,0.0
2020-09-08 00:00:00+05:30,880.8545741419669,884.1096797881585,853.9850668658954,857.9306640625,7357755,0.0,0.0
2020-09-09 00:00:00+05:30,858.1476017488537,876.7116428908951,855.3265143381321,873.8412475585938,6175435,0.0,0.0
2020-09-10 00:00:00+05:30,879.8681855817608,880.2627693882513,856.3030915882155,864.1154174804688,4355845,0.0,0.0
2020-09-11 00:00:00+05:30,868.0313298823567,877.3035068062944,863.0993336898432,868.3469848632812,4434725,0.0,0.0
2020-09-14 00:00:00+05:30,872.6970246998825,872.6970246998825,855.4054764503477,860.9490356445312,2924530,0.0,0.0
2020-09-15 00:00:00+05:30,863.0894658400565,897.4260211538981,862.6160134680172,876.3861083984375,12522330,0.0,0.0
2020-09-16 00:00:00+05:30,878.8816926384909,917.5090590593029,870.2013916657834,912.9913940429688,14898945,0.0,0.0
2020-09-17 00:00:00+05:30,928.004447100399,955.9294088060298,918.3278723995686,952.3192138671875,42149590,0.0,0.0
2020-09-18 00:00:00+05:30,986.3991977259288,1084.4374284371158,976.58451366755,1052.1624755859375,109935390,0.0,0.0
2020-09-21 00:00:00+05:30,1052.16254391649,1087.5348069949143,1008.346645360349,1014.4130249023438,63716980,0.0,0.0
2020-09-22 00:00:00+05:30,1028.6172290186914,1037.6920543336266,997.2496833947687,1019.5324096679688,38516740,0.0,0.0
2020-09-23 00:00:00+05:30,1036.9028291666912,1041.63759366556,998.1176641708596,1007.6561279296875,25066590,0.0,0.0
2020-09-24 00:00:00+05:30,998.2360298034745,1026.4272767046493,986.8924385557077,991.8046875,25989895,0.0,0.0
2020-09-25 00:00:00+05:30,1010.0728380482002,1016.5830490551697,995.0795573174157,1008.5340576171875,17571115,0.0,0.0
2020-09-28 00:00:00+05:30,1025.8453895791397,1025.8552632048606,1004.3122761873433,1012.0160522460938,12487900,0.0,0.0
2020-09-29 00:00:00+05:30,1012.0456446725664,1016.96776736619,999.4986749352756,1003.01025390625,7146485,0.0,0.0
2020-09-30 00:00:00+05:30,1006.1273173192628,1049.134304055993,1003.1681193271473,1023.4485473632812,26977680,0.0,0.0
2020-10-01 00:00:00+05:30,1030.7872416634902,1036.9028690002417,1003.8388062644876,1008.5044555664062,11385685,0.0,0.0
2020-10-05 00:00:00+05:30,1019.9368318383595,1023.8824288667477,1006.7190577112458,1017.8654174804688,9188390,0.0,0.0
2020-10-06 00:00:00+05:30,1017.8654154211409,1031.1324372382285,1008.5340567940699,1013.3280029296875,8450035,0.0,0.0
2020-10-07 00:00:00+05:30,1015.0048273841904,1024.8688198757764,1004.7857456121152,1007.103759765625,7912070,0.0,0.0
2020-10-08 00:00:00+05:30,1014.8076268917291,1028.7749539938986,997.4469634498834,1024.75048828125,11102775,0.0,0.0
2020-10-09 00:00:00+05:30,1016.1884850555982,1037.2974536249928,1013.2292872302644,1016.5830688476562,11669875,0.0,0.0
2020-10-12 00:00:00+05:30,1017.5891709125909,1033.3518113745447,1008.2973070044395,1029.8994140625,9678985,0.0,0.0
2020-10-13 00:00:00+05:30,1031.7736376539829,1050.0812659239107,1017.5398431904298,1019.6902465820312,16819870,0.0,0.0
2020-10-14 00:00:00+05:30,1020.923249391227,1029.7514747364285,1004.3221327393688,1010.6646728515625,9322630,0.0,0.0
2020-10-15 00:00:00+05:30,1015.724916374816,1018.9504613020512,990.3646292912503,997.4962768554688,8842090,0.0,0.0
2020-10-16 00:00:00+05:30,993.5013095103757,1011.0592036398965,990.3448199555669,1002.2901000976562,10115525,0.0,0.0
2020-10-19 00:00:00+05:30,1028.0252663151753,1028.814433891583,994.6948568085495,997.87109375,10753270,0.0,0.0
2020-10-20 00:00:00+05:30,997.6343288548599,1008.1000102063267,992.5050408323733,1000.4356689453125,6901450,0.0,0.0
2020-10-21 00:00:00+05:30,1005.4465669914368,1005.4465669914368,967.9633973598368,995.6220092773438,8006955,0.0,0.0
2020-10-22 00:00:00+05:30,993.6394571508392,995.2176718849726,953.0589771414649,990.7394409179688,24590740,0.0,0.0
2020-10-23 00:00:00+05:30,996.4605368515095,1004.3517308709947,985.6101450747173,989.9996337890625,9087405,0.0,0.0
2020-10-26 00:00:00+05:30,987.9774445154909,998.6306043616773,976.7818373389354,982.0787963867188,7040385,0.0,0.0
2020-10-27 00:00:00+05:30,984.4264898848658,1011.4538544707327,978.6067100009274,1006.0089111328125,9217170,0.0,0.0
2020-10-28 00:00:00+05:30,1008.1000278794191,1015.9912218354225,970.6168565884036,976.7325439453125,18141410,0.0,0.0
2020-10-29 00:00:00+05:30,970.6168365116932,994.2904178900272,965.6749667661611,974.9471435546875,11551185,0.0,0.0
2020-10-30 00:00:00+05:30,981.2699714936776,982.0689524858212,960.7824998094417,964.43212890625,6316955,0.0,0.0
2020-11-02 00:00:00+05:30,965.8821666832538,970.6168710865719,951.0466832931485,958.5137329101562,5854965,0.0,0.0
2020-11-03 00:00:00+05:30,957.0045975710686,970.6168956520107,953.0786874805324,962.202880859375,7304100,0.0,0.0
2020-11-04 00:00:00+05:30,967.0165155785335,979.4550563260663,962.212755873952,973.6944580078125,7607400,0.0,0.0
2020-11-05 00:00:00+05:30,981.0233720121696,986.2611496746761,971.0311426917615,978.212158203125,5170230,0.0,0.0
2020-11-06 00:00:00+05:30,979.0802136258994,979.0802136258994,964.8661662946122,967.2532958984375,5452210,0.0,0.0
2020-11-09 00:00:00+05:30,971.6032646644824,977.3243682935815,960.7528728763511,962.6566162109375,6028255,0.0,0.0
2020-11-10 00:00:00+05:30,951.6780136522223,960.3583152784007,923.1513633215636,926.8207397460938,9830150,0.0,0.0
2020-11-11 00:00:00+05:30,933.133718456423,970.5971438282064,925.4595031630902,963.1498413085938,13535220,0.0,0.0
2020-11-12 00:00:00+05:30,961.739263921209,971.603256371683,947.9296744905455,952.240234375,6582350,0.0,0.0
2020-11-13 00:00:00+05:30,956.8072822711024,963.6824562153976,952.8715588562152,958.1685180664062,5459350,0.0,0.0
2020-11-14 00:00:00+05:30,962.9623539720235,966.2766408644047,952.8616357066542,961.1572265625,676080,0.0,0.0
2020-11-17 00:00:00+05:30,961.7392636704287,962.6960420394598,941.0248795298348,943.81640625,6416065,0.0,0.0
2020-11-18 00:00:00+05:30,943.984079968796,945.9568784640286,922.2832965212374,927.9649658203125,6500295,0.0,0.0
2020-11-19 00:00:00+05:30,922.2832846423333,949.2711532603067,918.7322714786642,928.7343139648438,8836445,0.0,0.0
2020-11-20 00:00:00+05:30,933.1336866510921,937.5330489617577,918.5941713988686,921.4843139648438,4774680,0.0,0.0
2020-11-23 00:00:00+05:30,924.2560735589445,960.7528448734387,921.5138548158192,952.6150512695312,10763015,0.0,0.0
2020-11-24 00:00:00+05:30,956.8073192521812,974.5625066197474,944.1419257731017,969.7291259765625,9611490,0.0,0.0
2020-11-25 00:00:00+05:30,986.0046709377733,989.7530362697418,943.1949794058721,948.1861572265625,13295580,0.0,0.0
2020-11-26 00:00:00+05:30,948.9160284230917,972.4514988368525,941.7745078627745,966.9375610351562,8336175,0.0,0.0
2020-11-27 00:00:00+05:30,966.8685264401249,973.6845185527455,948.7582512297038,952.6544799804688,10018690,0.0,0.0
2020-12-01 00:00:00+05:30,960.7528165296807,960.7528165296807,948.1269188668057,952.9405517578125,5585950,0.0,0.0
2020-12-02 00:00:00+05:30,957.2215913423729,964.501222988926,949.1134179990778,956.8566284179688,6117260,0.0,0.0
2020-12-03 00:00:00+05:30,960.7528851309676,974.3651829614264,955.3474364186341,971.2185668945312,5174465,0.0,0.0
2020-12-04 00:00:00+05:30,974.5624618534167,978.6165483335789,959.1943446360115,968.3580322265625,6998410,0.0,0.0
2020-12-07 00:00:00+05:30,972.5896358200913,1000.9979214582115,967.6773869453522,992.1400756835938,12029520,0.0,0.0
2020-12-08 00:00:00+05:30,996.2632486799924,1002.1816442167053,977.6992074552327,989.3978881835938,6638505,0.0,0.0
2020-12-09 00:00:00+05:30,991.3312188262842,1006.1272071669749,991.3312188262842,997.6244506835938,6767490,0.0,0.0
2020-12-10 00:00:00+05:30,997.8414689052429,1003.4442696912944,989.3584593378982,996.8748168945312,4741470,0.0,0.0
2020-12-11 00:00:00+05:30,997.2693952032125,1002.9806252224224,983.4006240701559,989.7431640625,3839815,0.0,0.0
2020-12-14 00:00:00+05:30,976.9298300674267,997.0523384134126,976.9298300674267,990.897216796875,5918125,0.0,0.0
2020-12-15 00:00:00+05:30,995.6615451932098,1001.392522380232,988.4114746424982,992.583984375,5025520,0.0,0.0
2020-12-16 00:00:00+05:30,996.2632770802594,996.6084927477289,987.582975419973,994.0833129882812,4162280,0.0,0.0
2020-12-17 00:00:00+05:30,996.2632662594528,1012.9334380640255,992.317669165356,1000.7711181640625,6803005,0.0,0.0
2020-12-18 00:00:00+05:30,1002.1816009368276,1038.2541671948459,1001.8166380442275,1031.5269775390625,18525665,0.0,0.0
2020-12-21 00:00:00+05:30,1034.33821409243,1040.4933356881281,978.9124386506392,999.9227905273438,9061285,0.0,0.0
2020-12-22 00:00:00+05:30,1007.6462449334025,1020.9232002060282,973.8423843548906,1018.319091796875,7764120,0.0,0.0
2020-12-23 00:00:00+05:30,1018.2501279570002,1033.489948319869,1012.2922379110579,1030.609619140625,4062350,0.0,0.0
2020-12-24 00:00:00+05:30,1035.1274150549161,1035.1274150549161,1018.9504429912413,1026.2103271484375,3378180,0.0,0.0
2020-12-28 00:00:00+05:30,1031.4086705520576,1032.760032731684,1023.2906238488224,1026.2103271484375,2055865,0.0,0.0
2020-12-29 00:00:00+05:30,1030.7872762446978,1039.467638313945,1015.1232504266052,1019.06884765625,4412165,0.0,0.0
2020-12-30 00:00:00+05:30,1024.1685398910995,1024.1685398910995,1014.5116524753532,1020.1242065429688,2376345,0.0,0.0
2020-12-31 00:00:00+05:30,1023.8825049519022,1036.4590964144618,1018.1613406715708,1026.8614501953125,6036190,0.0,0.0
2021-01-01 00:00:00+05:30,1029.2583053092117,1036.6760473388451,1025.8552758753845,1034.0128173828125,2915215,0.0,0.0
2021-01-04 00:00:00+05:30,1037.6920125759807,1047.2305366855906,1034.0127626335031,1040.108642578125,3923440,0.0,0.0
2021-01-05 00:00:00+05:30,1033.7464710749423,1052.8826416634963,1031.171983339508,1042.9989013671875,4770920,0.0,0.0
2021-01-06 00:00:00+05:30,1042.998925774245,1048.5424851786358,1030.9845289843338,1043.275146484375,2713390,0.0,0.0
2021-01-07 00:00:00+05:30,1045.780429526456,1050.515194058067,1036.3110208732974,1039.8424072265625,3266465,0.0,0.0
2021-01-08 00:00:00+05:30,1045.563425032244,1057.4199629118466,1041.440343725897,1053.129150390625,4045915,0.0,0.0
2021-01-11 00:00:00+05:30,1054.263577663282,1070.637781303656,1050.7124439978438,1068.62548828125,4599235,0.0,0.0
2021-01-12 00:00:00+05:30,1073.3897856802023,1073.8928589509508,1051.3931537573599,1056.206787109375,3741860,0.0,0.0
2021-01-13 00:00:00+05:30,1058.406339533613,1060.3791379297613,1033.3517758205167,1043.6103515625,3296060,0.0,0.0
2021-01-14 00:00:00+05:30,1046.5498217203892,1051.1069812853657,1038.6783752363447,1047.3389892578125,2674860,0.0,0.0
2021-01-15 00:00:00+05:30,1048.5424366898453,1048.5424366898453,1024.9872170209933,1028.3804931640625,2577605,0.0,0.0
2021-01-18 00:00:00+05:30,1031.9708232750047,1033.3419326499436,993.3040217349479,996.677490234375,4412055,0.0,0.0
2021-01-19 00:00:00+05:30,1003.7598951470642,1007.1038031951194,993.6098681093328,1003.9375,3990495,0.0,0.0
2021-01-20 00:00:00+05:30,1006.5810623967132,1017.9147206402328,999.2323754900713,1002.3099365234375,3398145,0.0,0.0
2021-01-21 00:00:00+05:30,1008.100038604537,1013.623850350494,993.087070841934,996.697265625,2906620,0.0,0.0
2021-01-22 00:00:00+05:30,996.0166554790894,1007.182702357096,983.4400648800714,993.6788940429688,3815610,0.0,0.0
2021-01-25 00:00:00+05:30,994.6850277399913,1011.7300356776867,978.5080559586618,1002.6550903320312,3588895,0.0,0.0
2021-01-27 00:00:00+05:30,996.7366611742592,996.7366611742592,953.4140244364268,968.5059204101562,5261980,0.0,0.0
2021-01-28 00:00:00+05:30,955.8208855923428,967.4505112262025,942.4058797011302,961.1079711914062,5165470,0.0,0.0
2021-01-29 00:00:00+05:30,964.6984819846697,969.6304783138346,897.623331908026,908.0199584960938,14820975,0.0,0.0
2021-02-01 00:00:00+05:30,899.6059950194605,903.0781396658903,866.6602357899004,873.5847778320312,12951700,0.0,0.0
2021-02-02 00:00:00+05:30,881.6435948786992,893.2830934235654,864.282993002122,884.306884765625,18375530,0.0,0.0
2021-02-03 00:00:00+05:30,903.3345594292526,939.3677534066659,896.1338568500381,917.2625122070312,17227025,0.0,0.0
2021-02-04 00:00:00+05:30,925.8343268394959,928.3990010537113,911.8471924744271,920.8925170898438,6508800,0.0,0.0
2021-02-05 00:00:00+05:30,924.2561216161953,952.8617006203252,912.5475670264249,947.120849609375,12038405,0.0,0.0
2021-02-08 00:00:00+05:30,959.7664951939431,968.6342150491064,951.8753009888542,958.7406616210938,10792890,0.0,0.0
2021-02-09 00:00:00+05:30,956.8072544152712,965.8229578390722,947.9296613330678,955.643310546875,6233845,0.0,0.0
2021-02-10 00:00:00+05:30,955.8208815123656,963.5345309386483,939.2493860101239,951.6878662109375,5767115,0.0,0.0
2021-02-11 00:00:00+05:30,951.0862118507058,958.7801143072259,948.9161213616783,951.8851928710938,3557750,0.0,0.0
2021-02-12 00:00:00+05:30,958.7406224930733,958.7406224930733,943.9840682579876,945.3650512695312,2504510,0.0,0.0
2021-02-15 00:00:00+05:30,945.3651015809908,953.562077255027,927.2252042277694,929.1585083007812,4923205,0.0,0.0
2021-02-16 00:00:00+05:30,932.9364035724584,939.3677459822852,921.2969044015397,926.5445556640625,4064700,0.0,0.0
2021-02-17 00:00:00+05:30,926.5445769987518,929.1782462134977,903.5417386121018,907.5958251953125,5106775,0.0,0.0
2021-02-18 00:00:00+05:30,908.8683128754172,920.0836677763805,899.596135640964,910.8312377929688,5147530,0.0,0.0
2021-02-19 00:00:00+05:30,907.8818868899664,932.7390996372408,893.6777137157823,923.5557250976562,6392670,0.0,0.0
2021-02-22 00:00:00+05:30,928.7934956004858,932.5319872323821,876.5439570205854,881.6929321289062,6976565,0.0,0.0
2021-02-23 00:00:00+05:30,887.3647458645466,894.5260140898507,872.0755574094869,886.8025512695312,5317090,0.0,0.0
2021-02-24 00:00:00+05:30,886.8025390058087,892.4447137689111,863.4939201121922,875.0446166992188,3677930,0.0,0.0
2021-02-25 00:00:00+05:30,872.2037637838878,905.5144847374991,872.2037637838878,883.8433227539062,8531875,0.0,0.0
2021-02-26 00:00:00+05:30,879.868117291796,899.319881300325,869.0177257108434,873.2691040039062,7534450,0.0,0.0
2021-03-01 00:00:00+05:30,876.9088965929392,883.4191072887826,868.0806116334779,878.5660400390625,3545365,0.0,0.0
2021-03-02 00:00:00+05:30,882.5116731821438,883.7939801652898,866.0881618035174,868.9585571289062,9188390,0.0,0.0
2021-03-03 00:00:00+05:30,880.8545827302182,890.8665597962323,873.1606801628316,888.262451171875,4253070,0.0,0.0
2021-03-04 00:00:00+05:30,884.2083099907704,904.2025818083437,876.7116395829379,902.565185546875,7364955,0.0,0.0
2021-03-05 00:00:00+05:30,897.6233154704455,899.596113965985,884.6028333588788,886.2797241210938,4131845,0.0,0.0
2021-03-08 00:00:00+05:30,887.7593144932425,892.0994952238888,880.4599360476187,886.2304077148438,2782080,0.0,0.0
2021-03-09 00:00:00+05:30,887.9467495984305,891.7049283595321,871.2864516979035,877.5599365234375,2715590,0.0,0.0
2021-03-10 00:00:00+05:30,886.9702206765642,891.6753041757447,879.0889002748963,887.8382568359375,3149805,0.0,0.0
2021-03-12 00:00:00+05:30,891.7048937400184,893.6678185525041,868.6428751894991,873.2592163085938,3439260,0.0,0.0
2021-03-15 00:00:00+05:30,879.8681176791812,880.3021357508117,845.344144451859,856.638427734375,4608715,0.0,0.0
2021-03-16 00:00:00+05:30,864.1054603775614,881.1899020215379,861.1265154799364,877.8361206054688,4678635,0.0,0.0
2021-03-17 00:00:00+05:30,877.8362065282305,880.85458601612,857.0428921644151,859.3214721679688,4769865,0.0,0.0
2021-03-18 00:00:00+05:30,862.1129675241966,863.7898583349872,827.5988664777439,831.0906982421875,6054535,0.0,0.0
2021-03-19 00:00:00+05:30,830.5481774985046,849.3588186244108,815.7521885881987,843.2628784179688,7062075,0.0,0.0
2021-03-22 00:00:00+05:30,843.7462080558591,861.7085603441237,842.0397565931336,858.9465942382812,4336515,0.0,0.0
2021-03-23 00:00:00+05:30,858.1673958149895,868.6232043716406,852.6632708326971,862.556884765625,3326180,0.0,0.0
2021-03-24 00:00:00+05:30,858.2166832878429,871.7796734157341,854.4881253083933,858.2659912109375,3912020,0.0,0.0
2021-03-25 00:00:00+05:30,858.1673896381168,868.4555270961855,845.294890834552,864.1942749023438,4707080,0.0,0.0
2021-03-26 00:00:00+05:30,871.9769327008452,872.5687481659144,857.7135779423569,869.2150268554688,3626590,0.0,0.0
2021-03-30 00:00:00+05:30,873.9398822649135,893.1746680886874,872.184122865566,891.349853515625,4331625,0.0,0.0
2021-03-31 00:00:00+05:30,889.732141354771,896.9723384852784,884.0110376309688,890.9158325195312,3862550,0.0,0.0
2021-04-01 00:00:00+05:30,897.6233488451794,906.4910687795368,892.1093503549154,905.0509643554688,3238200,0.0,0.0
2021-04-05 00:00:00+05:30,899.5960982560724,904.3308025216771,872.7463400990814,898.9253540039062,3661290,0.0,0.0
2021-04-06 00:00:00+05:30,899.398813330328,915.3587457794556,896.0450920435395,911.284912109375,3711470,0.0,0.0
2021-04-07 00:00:00+05:30,919.7778691338549,933.9228007071746,915.5757986832348,925.7653198242188,5568060,0.0,0.0
2021-04-08 00:00:00+05:30,925.7849795037819,938.2629537675017,919.5608028094871,925.0550537109375,3303175,0.0,0.0
2021-04-09 00:00:00+05:30,925.814624471924,945.7595883988037,925.4890958621734,939.1112670898438,6810735,0.0,0.0
2021-04-12 00:00:00+05:30,942.0113281990981,1010.0728796606036,926.2289394544011,985.797607421875,17568825,0.0,0.0
2021-04-13 00:00:00+05:30,1014.9456282948156,1014.9456282948156,937.2963050355413,942.465087890625,19686170,0.0,0.0
2021-04-15 00:00:00+05:30,955.4066220176139,961.7491621005943,943.9841016109311,955.9293823242188,6934505,0.0,0.0
2021-04-16 00:00:00+05:30,959.5296938815125,974.5624080325294,949.9418623663182,965.339599609375,5990145,0.0,0.0
2021-04-19 00:00:00+05:30,965.2902820643174,987.3856493485354,948.3340765469239,980.1060180664062,9219640,0.0,0.0
2021-04-20 00:00:00+05:30,1006.1272682016267,1027.9760363921366,1004.0558537902842,1017.3228759765625,17424880,0.0,0.0
2021-04-22 00:00:00+05:30,1021.8997119179461,1043.6103682474682,1017.7667570087666,1025.8255615234375,12120670,0.0,0.0
2021-04-23 00:00:00+05:30,1031.379051160767,1038.9052823965483,992.3374114574067,999.557861328125,11774495,0.0,0.0
2021-04-26 00:00:00+05:30,1011.0592503097263,1012.0456495783212,992.3669721288471,999.557861328125,4752885,0.0,0.0
2021-04-27 00:00:00+05:30,1004.2530614292988,1009.2837337728348,990.6112030259928,997.6935424804688,4789175,0.0,0.0
2021-04-28 00:00:00+05:30,1002.6846922873845,1007.4884517276325,992.3176267331428,995.1683349609375,4219765,0.0,0.0
2021-04-29 00:00:00+05:30,1000.258140786964,1014.8075898329924,994.744202730855,1006.5809936523438,5359655,0.0,0.0
2021-04-30 00:00:00+05:30,1014.0184626885945,1028.0252843399153,1011.088885717181,1018.5756225585938,6534750,0.0,0.0
2021-05-03 00:00:00+05:30,1024.6617091417897,1028.2915909298465,1014.0184227684761,1023.0833740234375,4689495,0.0,0.0
2021-05-04 00:00:00+05:30,1028.0252387168641,1030.3728737220754,997.1213939067645,999.6663208007812,3978090,0.0,0.0
2021-05-05 00:00:00+05:30,1008.1000772260132,1026.2498482952667,1000.2088828837353,1018.1514282226562,5055995,0.0,0.0
2021-05-06 00:00:00+05:30,1018.9504847550563,1036.1138567893822,1012.0456896018275,1019.6310424804688,4891875,0.0,0.0
2021-05-07 00:00:00+05:30,1025.8453168699739,1035.5219510309917,1019.1476276238878,1020.8639526367188,3924345,0.0,0.0
2021-05-10 00:00:00+05:30,1061.3656294014497,1063.3285543434667,1040.0594289527282,1051.018310546875,11222420,0.0,0.0
2021-05-11 00:00:00+05:30,1050.5152172139215,1055.4373399134142,1039.9212987407386,1044.7841796875,4724450,0.0,0.0
2021-05-12 00:00:00+05:30,1049.1343039366488,1053.4744850732727,1040.6512937755645,1045.869384765625,4400825,0.0,0.0
2021-05-14 00:00:00+05:30,1053.1882851603473,1064.9955754755913,1017.9640071271201,1025.2337646484375,14885055,0.0,0.0
2021-05-17 00:00:00+05:30,1035.7192006316602,1037.691999109054,1015.0048166190271,1035.7784423828125,6846935,0.0,0.0
2021-05-18 00:00:00+05:30,1043.6598134499677,1046.5498959303404,1027.828056734511,1028.9031982421875,4550200,0.0,0.0
2021-05-19 00:00:00+05:30,1032.760058599713,1038.4812226566523,1027.048768168498,1033.3125,4594605,0.0,0.0
2021-05-20 00:00:00+05:30,1036.7056030233284,1042.821230157823,1030.7872075731477,1033.0164794921875,3879585,0.0,0.0
2021-05-21 00:00:00+05:30,1036.9027948740293,1039.5661449703337,1025.125246177446,1029.1004638671875,3558170,0.0,0.0
2021-05-24 00:00:00+05:30,1032.9572217065952,1045.3859482870987,1031.122533594726,1040.0889892578125,3532490,0.0,0.0
2021-05-25 00:00:00+05:30,1043.4920383494248,1049.5287969137669,1036.7056067259107,1047.792724609375,3478075,0.0,0.0
2021-05-26 00:00:00+05:30,1049.5287520706129,1052.4879496798346,1040.6511592429479,1042.6634521484375,2537400,0.0,0.0
2021-05-27 00:00:00+05:30,1041.3910395895318,1042.4070597460843,1031.8032674888384,1039.43798828125,3891965,0.0,0.0
2021-05-28 00:00:00+05:30,1041.6376820329956,1041.6376820329956,1015.9912997102136,1024.7801513671875,4373725,0.0,0.0
2021-05-31 00:00:00+05:30,1029.2090343367572,1052.5374014248325,1020.1637095783256,1047.3883056640625,4338240,0.0,0.0
2021-06-01 00:00:00+05:30,1046.5696124494493,1053.2771755660262,1038.73766013992,1048.83837890625,3736865,0.0,0.0
2021-06-02 00:00:00+05:30,1046.8161531219748,1056.2363136650936,1042.2293727506653,1048.01953125,2729755,0.0,0.0
2021-06-03 00:00:00+05:30,1047.5560696620307,1053.4744655358274,1039.0730596582698,1042.1407470703125,2833590,0.0,0.0
2021-06-04 00:00:00+05:30,1042.1406356688344,1043.610360854246,1034.1409525504348,1036.70556640625,2007655,0.0,0.0
2021-06-07 00:00:00+05:30,1037.889227496042,1040.4045937107544,1028.3606975757425,1029.6429443359375,1819835,0.0,0.0
2021-06-08 00:00:00+05:30,1029.8007833698791,1044.774376476316,1016.0109415708232,1040.601806640625,3663570,0.0,0.0
2021-06-09 00:00:00+05:30,1041.2232902132025,1047.5560168263871,1027.4433214138176,1030.353271484375,2365525,0.0,0.0
2021-06-10 00:00:00+05:30,1032.266843473181,1045.5832337138768,1032.266843473181,1044.014892578125,1836400,0.0,0.0
2021-06-11 00:00:00+05:30,1045.5831756526468,1083.046598850516,1043.3242829023286,1075.7669677734375,7277420,0.0,0.0
2021-06-14 00:00:00+05:30,1075.766976578256,1087.9983511170697,1059.392773435841,1077.414306640625,4489710,0.0,0.0
2021-06-15 00:00:00+05:30,1080.107241997501,1081.6953304337865,1065.7058361862153,1067.4517822265625,2844075,0.0,0.0
2021-06-16 00:00:00+05:30,1067.283946650433,1076.7533549971126,1053.533599441433,1066.5145263671875,3492955,0.0,0.0
2021-06-17 00:00:00+05:30,1066.514638498385,1068.073226478579,1035.433186448982,1042.9200439453125,3536160,0.0,0.0
2021-06-18 00:00:00+05:30,1048.542479377143,1054.4608753096577,1032.7205957196643,1042.4071044921875,3487140,0.0,0.0
2021-06-21 00:00:00+05:30,1040.6512434843933,1045.5832398990112,1031.1818344503404,1042.0322265625,2077445,0.0,0.0
2021-06-22 00:00:00+05:30,1042.7226785783014,1049.5288578474845,1035.8178834608836,1047.2305908203125,2134275,0.0,0.0
2021-06-23 00:00:00+05:30,1049.9233735033456,1055.437311531543,1043.0579529247916,1045.4549560546875,2055715,0.0,0.0
2021-06-24 00:00:00+05:30,1045.385893938613,1048.5324495103662,1035.7290074831328,1041.1739501953125,1830910,0.0,0.0
2021-06-25 00:00:00+05:30,1041.0458676663336,1052.685307410336,1039.073069023953,1047.41796875,2320365,0.0,0.0
2021-06-28 00:00:00+05:30,1051.3044209997606,1069.2469664510802,1048.0591287749467,1066.149658203125,2964815,0.0,0.0
2021-06-29 00:00:00+05:30,1067.4812583350017,1076.1517465835832,1061.3656309304708,1071.8411865234375,2881305,0.0,0.0
2021-06-30 00:00:00+05:30,1073.0051968591786,1078.8840981020167,1066.2976335166923,1069.8585205078125,2340440,0.0,0.0
2021-07-01 00:00:00+05:30,1070.4404960914844,1100.821643373713,1067.757518834009,1096.580078125,4157750,0.0,0.0
2021-07-02 00:00:00+05:30,1100.8215555015765,1104.7671524747004,1087.3079340326526,1099.9732666015625,2858690,0.0,0.0
2021-07-05 00:00:00+05:30,1100.0719657719396,1103.9780685399908,1091.3423558896668,1092.51611328125,1486705,0.0,0.0
2021-07-06 00:00:00+05:30,1092.8908943823892,1097.1127121476147,1087.8011608550353,1092.8218994140625,890540,0.0,0.0
2021-07-07 00:00:00+05:30,1090.7603250668267,1107.64747519759,1088.0082326627914,1097.290283203125,2692540,0.0,0.0
2021-07-08 00:00:00+05:30,1092.930387598232,1102.3997964773587,1075.0963322023758,1078.4796142578125,2255835,0.0,0.0
2021-07-09 00:00:00+05:30,1074.7805294428767,1089.0340699327019,1068.6550290264174,1077.2071533203125,2304980,0.0,0.0
2021-07-12 00:00:00+05:30,1085.0194352027488,1085.039182453495,1073.2023913721841,1083.9146728515625,913295,0.0,0.0
2021-07-13 00:00:00+05:30,1083.9145979442824,1091.7466701150577,1071.0322871542953,1072.6302490234375,1852410,0.0,0.0
2021-07-14 00:00:00+05:30,1072.6302964133629,1076.9309826164945,1058.899575753685,1063.506103515625,2506775,0.0,0.0
2021-07-15 00:00:00+05:30,1067.284016577654,1072.9064442865406,1059.6295485634785,1064.0584716796875,1518410,0.0,0.0
2021-07-16 00:00:00+05:30,1063.9302915660953,1075.1752679922492,1062.1252241426891,1066.603515625,2189520,0.0,0.0
2021-07-19 00:00:00+05:30,1064.9165960163016,1074.1887729594891,1061.7799138609867,1069.1285400390625,1204290,0.0,0.0
2021-07-20 00:00:00+05:30,1072.4132137003705,1072.4132137003705,1050.041746197074,1054.2734375,1322140,0.0,0.0
2021-07-22 00:00:00+05:30,1064.1276006990922,1064.1276006990922,1050.8210839287665,1062.25341796875,929240,0.0,0.0
2021-07-23 00:00:00+05:30,1061.6615992650334,1071.6242079676708,1057.43978142421,1069.6810302734375,1533805,0.0,0.0
2021-07-26 00:00:00+05:30,1069.059606723489,1074.583418707108,1065.27174672609,1067.5306396484375,934695,0.0,0.0
2021-07-27 00:00:00+05:30,1072.807818954921,1074.1789283855755,942.9976994697583,955.495361328125,29369105,0.0,0.0
2021-07-28 00:00:00+05:30,960.7430336626531,961.7096857000631,920.606444193299,933.4789428710938,16190650,0.0,0.0
2021-07-29 00:00:00+05:30,937.0792693519967,940.0384670446872,919.3240831958535,921.8197021484375,5434680,0.0,0.0
2021-07-30 00:00:00+05:30,924.2560823337216,947.929663951661,922.796230732892,929.4248046875,6866000,0.0,0.0
2021-08-02 00:00:00+05:30,934.909239246751,937.1779455829985,924.769085806336,927.5211181640625,3781730,0.0,0.0
2021-08-03 00:00:00+05:30,932.8180181109898,933.0251836234362,925.5778814658935,931.4962768554688,2991305,0.0,0.0
2021-08-04 00:00:00+05:30,932.2657035884228,948.9161286243464,932.2657035884228,940.7882080078125,5520990,0.0,0.0
2021-08-05 00:00:00+05:30,945.7595564667532,948.7187541154008,935.5010407411265,943.451416015625,2969750,0.0,0.0
2021-08-06 00:00:00+05:30,946.6276700270323,948.1763241477738,938.322204804521,944.2406005859375,1998185,0.0,0.0
2021-08-09 00:00:00+05:30,945.9568680890131,953.6113357993685,938.9139630890699,950.5929565429688,2717725,0.0,0.0
2021-08-10 00:00:00+05:30,954.6371916038661,958.5532279719321,933.8340649292752,940.9755859375,3083355,0.0,0.0
2021-08-11 00:00:00+05:30,940.0385114437142,940.4232216111418,925.2425222814312,936.0632934570312,2633925,0.0,0.0
2021-08-12 00:00:00+05:30,936.960955815128,937.7303159493017,925.3411433621942,930.4507446289062,3107090,0.0,0.0
2021-08-13 00:00:00+05:30,931.5751199347719,934.2778441225244,913.8002472076082,917.7852783203125,3969475,0.0,0.0
2021-08-16 00:00:00+05:30,915.3785147446034,924.5816367125376,909.2628272818117,919.5509643554688,2096145,0.0,0.0
2021-08-17 00:00:00+05:30,920.3104932687329,931.0030875478355,919.5509465863843,927.3139038085938,2130070,0.0,0.0
2021-08-18 00:00:00+05:30,927.2152618822445,938.0755268696488,922.2832658084028,924.6604614257812,2768780,0.0,0.0
2021-08-20 00:00:00+05:30,919.304351903156,919.304351903156,889.3375379319356,898.8070068359375,4134540,0.0,0.0
2021-08-23 00:00:00+05:30,907.2900200795592,907.2900200795592,887.7593269281465,890.6889038085938,2837575,0.0,0.0
2021-08-24 00:00:00+05:30,898.0179233996822,906.6390434242103,877.0470651953767,905.0015869140625,3084680,0.0,0.0
2021-08-25 00:00:00+05:30,901.5689614630995,906.4220291684887,892.365839123796,897.4161987304688,2220705,0.0,0.0
2021-08-26 00:00:00+05:30,897.4161646962592,898.5899822285885,885.0763604761838,888.4498291015625,2408595,0.0,0.0
2021-08-27 00:00:00+05:30,888.9430413392886,909.6179316741253,888.9430413392886,907.5958251953125,2816975,0.0,0.0
2021-08-30 00:00:00+05:30,911.2355820032174,927.2152613136718,903.1569700310173,922.8455200195312,3141835,0.0,0.0
2021-08-31 00:00:00+05:30,922.855433379972,931.5061139212386,917.44992451419,928.0142822265625,3227635,0.0,0.0
2021-09-01 00:00:00+05:30,934.9092201501963,943.8756160438909,924.6507038203906,939.7327270507812,2814755,0.0,0.0
2021-09-02 00:00:00+05:30,949.1133672005695,967.539297904027,948.9160753102262,958.7208862304688,6299320,0.0,0.0
2021-09-03 00:00:00+05:30,961.9760178471251,968.4961025956964,959.233859173436,966.38525390625,2156575,0.0,0.0
2021-09-06 00:00:00+05:30,974.5624490295081,975.2134460376337,961.0388937765524,969.81787109375,3080995,0.0,0.0
2021-09-07 00:00:00+05:30,969.6304839666888,971.7907007796582,957.9021821783516,966.168212890625,2101070,0.0,0.0
2021-09-08 00:00:00+05:30,969.6304384892442,974.5624346158426,959.0365204421157,968.9005126953125,2500145,0.0,0.0
2021-09-09 00:00:00+05:30,963.7120684551037,971.1001892140372,962.1535407807457,969.0484619140625,1812055,0.0,0.0
2021-09-13 00:00:00+05:30,972.3726451200471,975.982839749527,961.364396187805,972.8658447265625,1493265,0.0,0.0
2021-09-14 00:00:00+05:30,976.5155367809575,984.2291863501384,971.3566878289038,972.7376708984375,1549905,0.0,0.0
2021-09-15 00:00:00+05:30,973.9706367851375,981.467246951194,970.3998763412753,979.02099609375,1601600,0.0,0.0
2021-09-16 00:00:00+05:30,982.6509394147466,985.7087529906927,969.9362387038973,972.974365234375,1482575,0.0,0.0
2021-09-17 00:00:00+05:30,973.1815024160893,978.0641908772923,960.5654773395358,963.623291015625,2274150,0.0,0.0
2021-09-20 00:00:00+05:30,961.739262301557,963.8205502558942,936.7241919384903,942.0014038085938,1660330,0.0,0.0
2021-09-21 00:00:00+05:30,940.7782434496279,959.5691362974454,936.1421551368387,957.5272827148438,1701950,0.0,0.0
2021-09-22 00:00:00+05:30,957.6358732836441,962.4889407307793,949.3204746350638,956.0872192382812,1253645,0.0,0.0
2021-09-23 00:00:00+05:30,960.1413052113887,960.4766472410223,941.0248829612451,946.41064453125,2800365,0.0,0.0
2021-09-24 00:00:00+05:30,948.126985296247,951.1058701362988,942.6129869162105,945.03955078125,1258075,0.0,0.0
2021-09-27 00:00:00+05:30,946.4106564889756,948.057926397186,933.7255162386192,945.2960205078125,1130285,0.0,0.0
2021-09-28 00:00:00+05:30,948.8963734981398,957.616169746595,938.085475768015,953.483154296875,1527230,0.0,0.0
2021-09-29 00:00:00+05:30,953.453504574655,971.1890042821791,945.2960236001621,962.9229736328125,3275350,0.0,0.0
2021-09-30 00:00:00+05:30,964.6787715700239,983.4401055881801,959.8553247317424,962.8638305664062,3880075,0.0,0.0
2021-10-01 00:00:00+05:30,957.3990911893138,980.4808577989892,957.2511674243354,977.6893310546875,1710665,0.0,0.0
2021-10-04 00:00:00+05:30,977.5216382384832,1001.5898035647127,976.5352390071629,994.8230590820312,3801765,0.0,0.0
2021-10-05 00:00:00+05:30,993.7182972721647,996.2632241476932,980.4808364384229,993.22509765625,1774235,0.0,0.0
2021-10-06 00:00:00+05:30,989.8516773123548,994.7244921629309,968.0127828076453,977.8373413085938,2646320,0.0,0.0
2021-10-07 00:00:00+05:30,981.6448196242767,984.4067255430128,963.3076908849458,964.9154663085938,1719870,0.0,0.0
2021-10-08 00:00:00+05:30,967.9831928472023,975.8743868470988,951.0861688785216,956.6494750976562,1741550,0.0,0.0
2021-10-11 00:00:00+05:30,960.7528203047225,970.9127200184791,952.4473559024123,965.5565795898438,3440320,0.0,0.0
2021-10-12 00:00:00+05:30,966.6712670192692,977.9162425747716,957.9909656421435,968.7032470703125,1427440,0.0,0.0
2021-10-13 00:00:00+05:30,968.4467669982793,975.7461454955403,964.7182091576475,972.2838745117188,1207980,0.0,0.0
2021-10-14 00:00:00+05:30,971.4059736804077,988.3029977244786,969.4430487969805,978.2515869140625,1460300,0.0,0.0
2021-10-18 00:00:00+05:30,975.5488729863091,981.4573949502561,959.8947214687454,962.2324829101562,1668255,0.0,0.0
2021-10-19 00:00:00+05:30,967.6576965272193,970.6168943759264,944.970513020465,947.2984008789062,2698595,0.0,0.0
2021-10-20 00:00:00+05:30,947.1504930525507,955.7124317476593,930.7663549319277,937.8487548828125,1580485,0.0,0.0
2021-10-21 00:00:00+05:30,942.997670399403,944.7337426890102,907.4872978739024,917.6768188476562,2584000,0.0,0.0
2021-10-22 00:00:00+05:30,918.3376982331398,924.8084748801581,906.155691624305,914.8754272460938,1814980,0.0,0.0
2021-10-25 00:00:00+05:30,917.5288277696088,927.017983537872,895.0586846356133,922.5101318359375,1380835,0.0,0.0
2021-10-26 00:00:00+05:30,926.2288492030583,926.9785222281893,914.7866425600909,920.5471801757812,1363565,0.0,0.0
2021-10-27 00:00:00+05:30,918.4362721951342,932.7390606131544,916.7692551368327,919.856689453125,1929040,0.0,0.0
2021-10-28 00:00:00+05:30,922.2833408526263,925.1833571882147,897.8305240026566,901.55908203125,1341975,0.0,0.0
2021-10-29 00:00:00+05:30,906.1062837463637,970.1926712685349,892.8984441747075,919.166259765625,9725820,0.0,0.0
2021-11-01 00:00:00+05:30,924.2561519001212,953.8382575239692,913.2183412317678,947.2293701171875,3383505,0.0,0.0
2021-11-02 00:00:00+05:30,946.9136675197988,947.7323957619669,931.5554840415554,936.3098754882812,2046660,0.0,0.0
2021-11-03 00:00:00+05:30,938.8547838583635,946.5980540093401,937.7796424024202,941.3504028320312,1862160,0.0,0.0
2021-11-04 00:00:00+05:30,942.0112657289285,944.7041163643028,937.8683769171772,940.2653198242188,104180,0.0,0.0
2021-11-08 00:00:00+05:30,939.0520812940485,948.9456946203834,927.4322692888644,944.723876953125,1191260,0.0,0.0
2021-11-09 00:00:00+05:30,944.970503271485,953.8480967260188,942.0704870014692,945.43408203125,1249435,0.0,0.0
2021-11-10 00:00:00+05:30,943.8065581072874,956.7974196545151,941.8140123134027,952.7334594726562,1711170,0.0,0.0
2021-11-11 00:00:00+05:30,953.0589413046445,956.6790095956497,943.7867645264221,949.892578125,1586300,0.0,0.0
2021-11-12 00:00:00+05:30,956.807322983559,960.7529201917386,949.9025278692446,955.4757080078125,1166710,0.0,0.0
2021-11-15 00:00:00+05:30,955.0318053636769,966.4740130545849,953.4634040011387,961.4729614257812,1337395,0.0,0.0
2021-11-16 00:00:00+05:30,966.8685372038182,966.8685372038182,946.4204402282563,950.4154052734375,1679855,0.0,0.0
2021-11-17 00:00:00+05:30,950.4153951845436,951.8456258887134,937.0990057220461,940.689453125,983295,0.0,0.0
2021-11-18 00:00:00+05:30,939.0126651215232,940.5711326111692,917.5682945478738,921.5829467773438,1168320,0.0,0.0
2021-11-22 00:00:00+05:30,922.5693096927956,925.1635444715565,903.8573452885722,908.9866333007812,910090,0.0,0.0
2021-11-23 00:00:00+05:30,907.4872996883511,919.6890534558016,897.9192150310654,913.7904052734375,1063495,0.0,0.0
2021-11-24 00:00:00+05:30,913.1887268194862,918.0614813190215,904.8437674883345,907.1026000976562,996290,0.0,0.0
2021-11-25 00:00:00+05:30,910.2491884012449,926.426159695278,904.528084964829,905.8301391601562,2726870,0.0,0.0
2021-11-26 00:00:00+05:30,903.541716660514,950.8888808523313,902.7821699693264,937.2568359375,5361365,0.0,0.0
2021-11-29 00:00:00+05:30,956.8072504712502,963.7120450622798,920.4288421523944,926.7418212890625,4500925,0.0,0.0
2021-11-30 00:00:00+05:30,929.9575329725066,936.7340911432153,917.3513213993764,922.4509887695312,3589115,0.0,0.0
2021-12-01 00:00:00+05:30,926.426182499268,929.6615407146946,905.514506474323,908.7400512695312,2127105,0.0,0.0
2021-12-02 00:00:00+05:30,909.4403302072155,921.0995761688512,909.2726591978477,919.8665771484375,1163740,0.0,0.0
2021-12-03 00:00:00+05:30,917.7853160042887,920.1132037734797,904.1335239621101,906.7968139648438,2738865,0.0,0.0
2021-12-06 00:00:00+05:30,909.3120795055861,909.3120795055861,884.6619731014498,887.5028076171875,1336375,0.0,0.0
2021-12-07 00:00:00+05:30,891.7049072362039,897.6233026382141,876.1789929310688,891.843017578125,2662500,0.0,0.0
2021-12-08 00:00:00+05:30,893.135219298404,905.4553363856218,893.135219298404,901.70703125,979280,0.0,0.0
2021-12-09 00:00:00+05:30,907.4873495775797,911.0285495297337,900.6516097015615,906.3529663085938,1130885,0.0,0.0
2021-12-10 00:00:00+05:30,909.4601273974218,911.3343100933779,902.2594247638068,906.16552734375,802565,0.0,0.0
2021-12-13 00:00:00+05:30,922.8751144953749,922.8751144953749,900.8685496294617,907.4478759765625,1355025,0.0,0.0
2021-12-14 00:00:00+05:30,906.6981726583524,919.3240705998332,902.9695547182346,916.670654296875,1195915,0.0,0.0
2021-12-15 00:00:00+05:30,916.3846679107883,916.670702024911,902.0226969661298,907.5465087890625,1537725,0.0,0.0
2021-12-16 00:00:00+05:30,913.4056934550385,915.1713264154437,901.5689026111288,906.9644775390625,1006605,0.0,0.0
2021-12-17 00:00:00+05:30,913.4057181170027,916.9567313840405,887.1280272848176,891.300537109375,2417560,0.0,0.0
2021-12-20 00:00:00+05:30,887.009678146687,902.5553404188377,880.2627407921456,899.7342529296875,1708885,0.0,0.0
2021-12-21 00:00:00+05:30,899.803242979253,913.2478689973449,896.4001536714951,911.6104125976562,1293770,0.0,0.0
2021-12-22 00:00:00+05:30,915.3785291098695,923.1316129783377,909.4601334475212,917.055419921875,1068395,0.0,0.0
2021-12-23 00:00:00+05:30,922.026817020816,927.2152866619635,918.3574407422285,926.189453125,831200,0.0,0.0
2021-12-24 00:00:00+05:30,932.1473174083457,933.1337166860264,909.6574259182305,915.1121826171875,1259130,0.0,0.0
2021-12-27 00:00:00+05:30,912.2417692244759,936.0928960639676,911.6498935465158,934.4949340820312,1696340,0.0,0.0
2021-12-28 00:00:00+05:30,934.4949043872085,941.7350409977619,927.816962355555,935.8561401367188,3342970,0.0,0.0
2021-12-29 00:00:00+05:30,935.8562037309536,956.4423521786306,935.8562037309536,953.483154296875,2528020,0.0,0.0
2021-12-30 00:00:00+05:30,952.8616430063712,972.1852301451299,951.885117414977,967.5984497070312,2765730,0.0,0.0
2021-12-31 00:00:00+05:30,967.4603704219156,972.796824068549,962.0351745577781,968.05224609375,1442840,0.0,0.0
2022-01-03 00:00:00+05:30,968.0522501488407,972.6488441736777,956.3535092624346,957.4287109375,1463005,0.0,0.0
2022-01-04 00:00:00+05:30,958.9773754326499,965.2706075463562,951.8752886987613,953.9368896484375,1267190,0.0,0.0
2022-01-05 00:00:00+05:30,962.7256967062178,967.5787643035159,938.4701119352591,945.0494384765625,2684010,0.0,0.0
2022-01-06 00:00:00+05:30,945.0493964583549,954.0552262953785,932.7982746051338,934.9979858398438,1908215,0.0,0.0
2022-01-07 00:00:00+05:30,940.916393013921,940.916393013921,925.2424945158258,928.8724365234375,1335615,0.0,0.0
2022-01-10 00:00:00+05:30,932.818051949513,932.818051949513,918.367338805444,927.0278930664062,1575095,0.0,0.0
2022-01-11 00:00:00+05:30,929.1881038402248,935.086752155256,919.4326006999555,921.14892578125,1547160,0.0,0.0
2022-01-12 00:00:00+05:30,923.2697261968383,927.866320352005,914.1948407786831,925.9132690429688,1188845,0.0,0.0
2022-01-13 00:00:00+05:30,927.2153022411931,938.9731645356084,924.1771756700574,932.334716796875,2270255,0.0,0.0
2022-01-14 00:00:00+05:30,931.2003440997736,931.7527252821333,919.4326080468906,925.084716796875,1594300,0.0,0.0
2022-01-17 00:00:00+05:30,920.4091499107702,927.2054554421887,908.5723584758615,921.7703857421875,2693245,0.0,0.0
2022-01-18 00:00:00+05:30,921.2969089050104,932.0388112963763,911.6302081973348,925.94287109375,2122640,0.0,0.0
2022-01-19 00:00:00+05:30,926.2288879288758,934.0017187696443,918.3278203702877,924.2462158203125,1539435,0.0,0.0
2022-01-20 00:00:00+05:30,929.5826974379487,929.5826974379487,901.5689340485195,905.8203125,1588695,0.0,0.0
2022-01-21 00:00:00+05:30,899.8426930348937,901.5688916786987,874.9361126028509,886.999755859375,2787740,0.0,0.0
2022-01-24 00:00:00+05:30,885.0170881824926,885.7470741848695,850.4734280896437,860.998291015625,2782490,0.0,0.0
2022-01-25 00:00:00+05:30,860.9983413739582,871.7698047374275,848.5006792571428,868.5936279296875,1704510,0.0,0.0
2022-01-27 00:00:00+05:30,856.1945172108999,861.1561341525987,834.888318283977,839.6920776367188,3527530,0.0,0.0
2022-01-28 00:00:00+05:30,838.2026410111789,864.0857478434563,823.7321807899767,832.2447509765625,6514920,0.0,0.0
2022-01-31 00:00:00+05:30,838.429465879477,861.8367001743873,836.4764146836528,848.855712890625,3092775,0.0,0.0
2022-02-01 00:00:00+05:30,852.248951541391,853.511571479127,840.0175767659599,850.1676635742188,1858315,0.0,0.0
2022-02-02 00:00:00+05:30,853.2353888892613,873.9004661293782,851.2823375537156,871.0596313476562,1525005,0.0,0.0
2022-02-03 00:00:00+05:30,871.5823995675343,875.3208914550628,860.1401917410664,863.0303344726562,1107685,0.0,0.0
2022-02-04 00:00:00+05:30,868.9289422232993,869.3136523823961,855.6027388452712,858.5520629882812,1234965,0.0,0.0
2022-02-07 00:00:00+05:30,852.2490042234678,858.1674000861308,838.4492875031643,850.118408203125,1279790,0.0,0.0
2022-02-08 00:00:00+05:30,850.0788664299844,863.9575111807972,844.3676364139063,852.6336669921875,1982015,0.0,0.0
2022-02-09 00:00:00+05:30,852.6830189077767,867.0449904020252,850.5721099426861,861.8663940429688,994400,0.0,0.0
2022-02-10 00:00:00+05:30,865.0721249470217,865.8119243697245,854.9516592116438,862.2510375976562,1189325,0.0,0.0
2022-02-11 00:00:00+05:30,850.4734353965133,858.0785349934199,844.3873689529438,853.3142700195312,1687690,0.0,0.0
2022-02-14 00:00:00+05:30,838.4393712621029,841.7142240309306,822.0157994959555,829.4828491210938,2246930,0.0,0.0
2022-02-15 00:00:00+05:30,835.282830938314,847.2084237625136,826.3263093404095,843.8743896484375,1790055,0.0,0.0
2022-02-16 00:00:00+05:30,843.9631713692775,862.6653227599619,837.166926315542,851.548583984375,1903065,0.0,0.0
2022-02-17 00:00:00+05:30,852.8210436969119,855.2574208410773,846.9618299960291,848.5006103515625,1145155,0.0,0.0
2022-02-18 00:00:00+05:30,844.3577832732467,856.7863901132457,841.3196566349006,852.475830078125,1790540,0.0,0.0
2022-02-21 00:00:00+05:30,863.2966260081557,871.3160566375758,844.8706954483602,847.9581298828125,2939755,0.0,0.0
2022-02-22 00:00:00+05:30,826.5927360051196,835.5985663894579,819.8359249129433,832.22509765625,2404200,0.0,0.0
2022-02-23 00:00:00+05:30,840.4121905263913,840.5404272497992,826.7702715621976,828.7628173828125,1857420,0.0,0.0
2022-02-24 00:00:00+05:30,798.983404104784,818.5140974974498,798.9735304793353,807.3677978515625,3485635,0.0,0.0
2022-02-25 00:00:00+05:30,811.6093072846079,828.7726786639787,809.2616722056931,823.9590454101562,1527165,0.0,0.0
2022-02-28 00:00:00+05:30,818.7113957402315,818.7113957402315,799.476609936696,801.626953125,4914250,0.0,0.0
2022-03-02 00:00:00+05:30,801.2225442842189,801.6269414896447,754.5954321090715,760.1488647460938,7703175,0.0,0.0
2022-03-03 00:00:00+05:30,765.2485108453919,768.257016456878,729.935430440751,733.6541748046875,6673625,0.0,0.0
2022-03-04 00:00:00+05:30,731.9082554050306,764.2522656648182,720.8605715843253,755.3154907226562,6040250,0.0,0.0
2022-03-07 00:00:00+05:30,739.602182983593,748.0753794594865,723.6225022850792,743.626708984375,3015430,0.0,0.0
2022-03-08 00:00:00+05:30,739.799463020645,766.8169538593672,737.4025199850622,763.18701171875,3920845,0.0,0.0
2022-03-09 00:00:00+05:30,769.6873303601598,785.4302842199547,765.8798436666425,775.3986206054688,4046845,0.0,0.0
2022-03-10 00:00:00+05:30,784.1873915714565,786.4560977702167,764.5678963444424,767.9118041992188,3560495,0.0,0.0
2022-03-11 00:00:00+05:30,768.0104508564348,788.3303120292007,764.0648537593968,784.3057861328125,5566315,0.0,0.0
2022-03-14 00:00:00+05:30,781.4254824383856,788.0639299940005,774.3233959378223,780.695556640625,2850290,0.0,0.0
2022-03-15 00:00:00+05:30,780.8336448323984,788.9221309576626,765.4458401687515,769.36181640625,2356470,0.0,0.0
2022-03-16 00:00:00+05:30,783.9900559336913,783.9900559336913,767.4185617568121,778.0322265625,1793880,0.0,0.0
2022-03-17 00:00:00+05:30,782.2343671804247,798.9834074941355,778.5057490470359,797.4347534179688,3862935,0.0,0.0
2022-03-21 00:00:00+05:30,803.7181188730384,805.4838121101219,788.4782380021077,790.095947265625,2008195,0.0,0.0
2022-03-22 00:00:00+05:30,793.262310726722,800.354523937647,783.2010260587639,795.1068725585938,6451110,0.0,0.0
2022-03-23 00:00:00+05:30,797.0106015548118,826.395413817037,797.0106015548118,814.233154296875,5220570,0.0,0.0
2022-03-24 00:00:00+05:30,811.4119985110766,857.881312908234,809.133418653061,853.9258422851562,8690735,0.0,0.0
2022-03-25 00:00:00+05:30,853.6299026421368,863.0993110008194,846.3305243870892,860.4261474609375,4321985,0.0,0.0
2022-03-28 00:00:00+05:30,860.1007358411618,860.7221722025041,836.2989164542994,845.4329833984375,2484535,0.0,0.0
2022-03-29 00:00:00+05:30,847.1196873761555,859.2622600725481,837.8573837123139,852.9493408203125,2105420,0.0,0.0
2022-03-30 00:00:00+05:30,858.7196843871434,861.4224085599571,845.1665690238902,859.0353393554688,3084130,0.0,0.0
2022-03-31 00:00:00+05:30,858.7591665615321,865.565345497026,844.3775087839741,847.40576171875,3058595,0.0,0.0
2022-04-01 00:00:00+05:30,847.3169547929523,855.1390936120132,841.0039755180699,844.249267578125,1569355,0.0,0.0
2022-04-04 00:00:00+05:30,856.1945583895082,856.1945583895082,842.3849687380646,851.6867065429688,1298870,0.0,0.0
2022-04-05 00:00:00+05:30,855.9775320672411,869.6095161166995,848.84582486689,854.2019653320312,2399325,0.0,0.0
2022-04-06 00:00:00+05:30,854.2217903541688,859.1537868342737,841.6550729556672,843.7166137695312,2059755,0.0,0.0
2022-04-07 00:00:00+05:30,847.3169734823488,859.5581619408138,843.7165920624883,851.7360229492188,1397010,0.0,0.0
2022-04-08 00:00:00+05:30,857.5755400345917,883.3501574940135,853.6003221215809,874.018798828125,3358875,0.0,0.0
2022-04-11 00:00:00+05:30,873.949764184561,877.8953613140624,862.7935907090972,864.1843872070312,1077795,0.0,0.0
2022-04-12 00:00:00+05:30,863.296650490246,869.6293169267626,853.9554181254541,862.5765380859375,1855070,0.0,0.0
2022-04-13 00:00:00+05:30,858.3646507638455,860.60373615159,846.4489308085599,848.1455688476562,1847180,0.0,0.0
2022-04-18 00:00:00+05:30,843.3713646623256,851.9431766131183,834.6318816952665,845.3342895507812,1698380,0.0,0.0
2022-04-19 00:00:00+05:30,850.2761808552708,851.4795590805705,826.6025980936391,830.489013671875,1550720,0.0,0.0
2022-04-20 00:00:00+05:30,831.9291328434803,856.1945297663672,831.1498389222656,847.0012817382812,2252075,0.0,0.0
2022-04-21 00:00:00+05:30,852.051632039394,858.4731005781532,850.2761254888919,852.30810546875,1972180,0.0,0.0
2022-04-22 00:00:00+05:30,847.7016674643941,848.1060646674229,822.0651605425911,827.1450805664062,1953715,0.0,0.0
2022-04-25 00:00:00+05:30,818.7113780742541,824.5705920315651,801.1534834529452,811.8953857421875,1705680,0.0,0.0
2022-04-26 00:00:00+05:30,823.6434083814095,825.6655148879257,814.9729802831591,819.6090087890625,792225,0.0,0.0
2022-04-27 00:00:00+05:30,819.6089511257873,821.4140785595968,803.4320400067428,804.3197631835938,993500,0.0,0.0
2022-04-28 00:00:00+05:30,808.8474214361974,819.0369430051144,805.217479257283,813.2171630859375,1504805,0.0,0.0
2022-04-29 00:00:00+05:30,820.6841981882147,841.5958748945943,811.8263519493422,815.1505126953125,2615175,0.0,0.0
2022-05-02 00:00:00+05:30,813.2171020795166,817.7742616615288,802.9289654349719,813.5623779296875,925300,0.0,0.0
2022-05-04 00:00:00+05:30,813.5820771780903,815.8310963328337,782.6091773148343,787.6101684570312,1712475,0.0,0.0
2022-05-05 00:00:00+05:30,798.9834192806296,803.8956684446699,779.4527255169988,781.9779052734375,1264655,0.0,0.0
2022-05-06 00:00:00+05:30,775.2703783008618,779.0285570453261,765.4458200704754,775.4380493164062,1197395,0.0,0.0
2022-05-09 00:00:00+05:30,775.1125516958299,776.4836611610655,763.6012888143634,770.53564453125,886775,0.0,0.0
2022-05-10 00:00:00+05:30,769.3914144554612,776.0989173097075,767.4186159568575,772.1533203125,1014140,0.0,0.0
2022-05-11 00:00:00+05:30,768.5036446588109,777.8646242726901,759.7247273075743,766.2448120117188,1356280,0.0,0.0
2022-05-12 00:00:00+05:30,761.7961723414807,768.6417859365454,747.6610534224352,765.4458618164062,1468145,0.0,0.0
2022-05-13 00:00:00+05:30,769.273053723383,784.9765129630646,767.5172341558202,774.185302734375,1092005,0.0,0.0
2022-05-16 00:00:00+05:30,773.9288323038357,780.241811625295,761.7073912757953,767.1029663085938,1089575,0.0,0.0
2022-05-17 00:00:00+05:30,776.2764207697329,778.2393455389084,763.6702703390083,770.1804809570312,1277320,0.0,0.0
2022-05-18 00:00:00+05:30,772.1533538195121,786.1503621826965,765.8404344730551,770.53564453125,2500790,0.0,0.0
2022-05-19 00:00:00+05:30,766.6294823541198,792.0292621541232,755.394380839979,775.2012939453125,9129055,0.0,0.0
2022-05-20 00:00:00+05:30,784.1874252295642,848.1258335904956,784.1874252295642,838.2618408203125,12401575,0.0,0.0
2022-05-23 00:00:00+05:30,838.2618438075206,853.6299614556409,835.7169168063347,843.3615112304688,3035360,0.0,0.0
2022-05-24 00:00:00+05:30,843.1543756508672,863.0993394889858,839.7117917131357,857.59521484375,5054480,0.0,0.0
2022-05-25 00:00:00+05:30,866.2755113019382,867.636747068987,847.5734202503676,849.7730712890625,2500200,0.0,0.0
2022-05-26 00:00:00+05:30,851.4598316830201,857.9700425519311,846.261488449021,849.1220703125,2145360,0.0,0.0
2022-05-27 00:00:00+05:30,852.2489600529374,869.8068548278362,842.1778019414629,866.1571655273438,2171455,0.0,0.0
2022-05-30 00:00:00+05:30,868.8204403995654,873.3085449101084,858.3843195607518,862.172119140625,2324015,0.0,0.0
2022-05-31 00:00:00+05:30,859.1537417163805,867.8340430245178,854.3401085881801,862.0438842773438,2380075,0.0,0.0
2022-06-01 00:00:00+05:30,858.1673844315411,860.4657116403595,848.5203704529629,852.0516967773438,1772530,0.0,0.0
2022-06-02 00:00:00+05:30,848.9149314623114,860.1401599254476,846.3305702018739,854.8432006835938,1639675,0.0,0.0
2022-06-03 00:00:00+05:30,860.0809956723953,866.384101557893,851.2231493514838,856.194580078125,1423865,0.0,0.0
2022-06-06 00:00:00+05:30,854.6163402392231,858.8874056738717,842.5822572643315,849.437744140625,566055,0.0,0.0
2022-06-07 00:00:00+05:30,840.4121707988758,843.3713685833789,809.5773202515484,817.517822265625,3605015,0.0,0.0
2022-06-08 00:00:00+05:30,823.4460976228504,831.001949737316,811.4120145014664,828.40771484375,2264910,0.0,0.0
2022-06-09 00:00:00+05:30,822.6766875049008,855.2081141500989,822.6766875049008,852.821044921875,3702930,0.0,0.0
2022-06-10 00:00:00+05:30,852.8210959911788,860.9292690757829,844.7128627015412,858.47314453125,2107480,0.0,0.0
2022-06-13 00:00:00+05:30,852.8407697354597,859.1537490342572,839.7216717165861,841.8325805664062,1839815,0.0,0.0
2022-06-14 00:00:00+05:30,838.4393806256618,853.2254960700078,836.2791638132603,850.4833374023438,2035905,0.0,0.0
2022-06-15 00:00:00+05:30,849.6251536067882,857.9897999528395,845.7485515869932,855.3067626953125,1585315,0.0,0.0
2022-06-16 00:00:00+05:30,858.1673317066783,860.0020198287057,843.4995799455195,845.8373413085938,1750035,0.0,0.0
2022-06-17 00:00:00+05:30,846.3305392066637,848.086358734202,802.1497393757354,818.0603637695312,4764870,0.0,0.0
2022-06-20 00:00:00+05:30,818.0603809889587,824.4719761179068,810.2480555765247,819.0664672851562,1387575,0.0,0.0
2022-06-21 00:00:00+05:30,820.7039621426576,843.6771800900156,820.7039621426576,842.11865234375,1191555,0.0,0.0
2022-06-22 00:00:00+05:30,844.5550660059606,857.9405113084722,820.684191659474,840.5897216796875,2847785,0.0,0.0
2022-06-23 00:00:00+05:30,847.3169274257315,849.8223597631678,839.4257336895198,847.2971801757812,1675510,0.0,0.0
2022-06-24 00:00:00+05:30,852.6435297219564,862.6160116193705,846.7251342640207,850.2070922851562,1518295,0.0,0.0
2022-06-27 00:00:00+05:30,868.0016991711744,868.0016991711744,849.4574057384618,852.357421875,1663765,0.0,0.0
2022-06-28 00:00:00+05:30,854.0737980253232,864.085774864038,850.6707686513589,863.0204467773438,1412215,0.0,0.0
2022-06-29 00:00:00+05:30,859.5680000912153,869.7575209938367,855.0897692611286,860.998291015625,1905735,0.0,0.0
2022-06-30 00:00:00+05:30,862.0636494837368,870.9905507888674,858.3646522408621,866.8082275390625,1845325,0.0,0.0
2022-07-01 00:00:00+05:30,865.0720891595624,867.0448875384897,846.3403781844536,865.2496337890625,1523995,0.0,0.0
2022-07-04 00:00:00+05:30,860.5543865435551,870.250707687238,847.5142178158713,859.0452270507812,1303490,0.0,0.0
2022-07-05 00:00:00+05:30,861.1068006176932,881.3477325548488,858.4040762972805,866.8871459960938,2434495,0.0,0.0
2022-07-06 00:00:00+05:30,867.0449319548379,876.5735221229671,863.9574975172537,866.0585327148438,1678505,0.0,0.0
2022-07-07 00:00:00+05:30,873.3085700776436,876.5143677068511,853.827184484767,855.4942016601562,2161110,0.0,0.0
2022-07-08 00:00:00+05:30,854.2217407999149,870.9806542343044,849.1713815136667,869.2544555664062,2089480,0.0,0.0
2022-07-11 00:00:00+05:30,863.9180594466852,901.3124279812587,858.1870822955614,887.9566040039062,4797040,0.0,0.0
2022-07-12 00:00:00+05:30,881.8607239666402,895.4532750527873,873.1606748912238,884.543701171875,2079370,0.0,0.0
2022-07-13 00:00:00+05:30,886.6743420786191,894.6049706625581,877.8953643530747,888.0750122070312,1893835,0.0,0.0
2022-07-14 00:00:00+05:30,888.9429903001835,909.0654982922198,888.3609882693876,902.6342163085938,4423835,0.0,0.0
2022-07-15 00:00:00+05:30,906.579858121699,909.9632003939141,891.9022321645767,896.834228515625,1504725,0.0,0.0
2022-07-18 00:00:00+05:30,902.7525677114497,910.2097433199318,878.9408763677009,881.0714721679688,2337315,0.0,0.0
2022-07-19 00:00:00+05:30,879.4341303897451,887.3647588434573,874.9657730051082,877.4810791015625,1961920,0.0,0.0
2022-07-20 00:00:00+05:30,885.7865162371653,886.1811000146066,875.9225238514508,879.6215209960938,1130700,0.0,0.0
2022-07-21 00:00:00+05:30,881.6436709576484,885.1651236379532,859.3510711464315,862.3299560546875,3126100,0.0,0.0
2022-07-22 00:00:00+05:30,866.847679784141,869.3728595460266,858.7591936045744,862.803466796875,1806315,0.0,0.0
2022-07-25 00:00:00+05:30,863.6221857443452,866.2262340733289,848.3033761121821,854.3302612304688,1726910,0.0,0.0
2022-07-26 00:00:00+05:30,853.9850209638686,853.9850209638686,827.4015492396102,830.9427490234375,2971165,0.0,0.0
2022-07-27 00:00:00+05:30,830.1437789556763,848.3033628254818,821.2759990441451,845.5513305664062,1866270,0.0,0.0
2022-07-28 00:00:00+05:30,851.065222828399,851.2427674608613,827.5889337684639,840.4219970703125,2832835,0.0,0.0
2022-07-29 00:00:00+05:30,825.2117360274233,825.2117360274233,800.0881170112815,806.943603515625,9872475,0.0,0.0
2022-08-01 00:00:00+05:30,816.6991554392397,816.6991554392397,808.9460114765009,810.9089965820312,2136850,0.0,0.0
2022-08-02 00:00:00+05:30,814.3711825754119,814.3711825754119,803.1657017392168,805.9671020507812,2635115,0.0,0.0
2022-08-03 00:00:00+05:30,807.8511456016337,809.6365259099176,797.0106270277132,808.1174926757812,2600985,0.0,0.0
2022-08-04 00:00:00+05:30,810.8202097954216,820.5460922666306,806.6871943956841,818.3070068359375,3006675,0.0,0.0
2022-08-05 00:00:00+05:30,819.6977812325318,827.3522490871956,817.4981301586133,820.062744140625,2075395,0.0,0.0
2022-08-08 00:00:00+05:30,820.0627860396031,835.2829201033641,820.0627860396031,833.181884765625,2041885,0.0,0.0
2022-08-10 00:00:00+05:30,837.1767352572198,841.201261019515,831.4457580729239,837.1175537109375,2108115,0.0,0.0
2022-08-11 00:00:00+05:30,840.4121844711439,843.9631977883041,835.6577327287571,840.0767822265625,1285185,0.0,0.0
2022-08-12 00:00:00+05:30,840.0175651252158,846.2516155200751,832.7182469033152,840.5699462890625,2021290,0.0,0.0
2022-08-16 00:00:00+05:30,843.3714063400131,852.0517081888213,840.9645896259992,847.869384765625,1314065,0.0,0.0
2022-08-17 00:00:00+05:30,851.8445208677706,854.2019692255462,846.675738431422,851.4400634765625,2169055,0.0,0.0
2022-08-18 00:00:00+05:30,836.466550059777,836.466550059777,815.4266375505108,833.527099609375,5137920,0.0,0.0
2022-08-19 00:00:00+05:30,834.8883740399503,837.8672589238647,825.6161967329784,829.364501953125,1928705,0.0,0.0
2022-08-22 00:00:00+05:30,822.4794020640903,834.483863673493,820.6841482651566,826.0008544921875,1692810,0.0,0.0
2022-08-23 00:00:00+05:30,817.7249784253808,835.5195992253855,817.7249784253808,833.5369873046875,1398150,0.0,0.0
2022-08-24 00:00:00+05:30,837.7094101366212,837.7094101366212,827.9835282890905,832.13623046875,1467185,0.0,0.0
2022-08-25 00:00:00+05:30,836.2989069455228,841.1815953555376,830.9427661532148,836.0523071289062,1552875,0.0,0.0
2022-08-26 00:00:00+05:30,842.9768084125129,843.3713922101807,830.9723459211532,833.1719970703125,818685,0.0,0.0
2022-08-29 00:00:00+05:30,822.6569442048389,833.1621199124883,820.1218910010908,830.5777587890625,966050,0.0,0.0
2022-08-30 00:00:00+05:30,831.337268626821,840.7278086707389,827.1253848053841,837.4628295898438,2359905,0.0,0.0
2022-09-01 00:00:00+05:30,831.7318427812664,834.9869481992769,827.9933511683274,828.9896240234375,1656700,0.0,0.0
2022-09-02 00:00:00+05:30,833.1424179866649,834.8883639554608,823.4362227058609,826.5927124023438,1008280,0.0,0.0
2022-09-05 00:00:00+05:30,827.5889835902793,832.4321774927087,819.6977894678453,831.3865966796875,1581715,0.0,0.0
2022-09-06 00:00:00+05:30,834.4937757230198,838.8339565582023,825.6161823642642,836.3087768554688,1129375,0.0,0.0
2022-09-07 00:00:00+05:30,831.5345849852048,841.5958695847513,831.0019510529766,838.30126953125,1073975,0.0,0.0
2022-09-08 00:00:00+05:30,847.7016267852055,847.7016267852055,838.971957702561,842.71044921875,1577545,0.0,0.0
2022-09-09 00:00:00+05:30,842.8781456750831,852.1503225591388,837.6601153996596,839.4454956054688,1570630,0.0,0.0
2022-09-12 00:00:00+05:30,840.4121244987443,848.3033181560096,837.3937453330416,840.6389770507812,1262745,0.0,0.0
2022-09-13 00:00:00+05:30,841.2111256284965,849.6744478863518,835.874732279967,839.011474609375,2209365,0.0,0.0
2022-09-14 00:00:00+05:30,821.73961617829,840.8954724238386,821.73961617829,831.3668823242188,1723540,0.0,0.0
2022-09-15 00:00:00+05:30,835.529445397586,835.529445397586,817.0048993938933,822.4596557617188,1881365,0.0,0.0
2022-09-16 00:00:00+05:30,825.6161720304236,825.6161720304236,801.1139881767259,804.3789672851562,1893520,0.0,0.0
2022-09-19 00:00:00+05:30,802.9290238045517,811.0273836668598,788.5276182212751,808.6797485351562,1506440,0.0,0.0
2022-09-20 00:00:00+05:30,811.2147203514041,836.0719318493323,810.0507163233159,831.7318115234375,2957845,0.0,0.0
2022-09-21 00:00:00+05:30,832.5111149213175,842.2074366571818,815.3280563990036,819.25390625,1894725,0.0,0.0
2022-09-22 00:00:00+05:30,810.8399760635072,832.9352843752597,810.5045738095494,825.103271484375,2391915,0.0,0.0
2022-09-23 00:00:00+05:30,821.2759591849303,831.4852271441396,814.6671326337388,816.5807495117188,1659940,0.0,0.0
2022-09-26 00:00:00+05:30,812.6352232865814,820.4474888609875,806.7365145514177,814.3416748046875,2055290,0.0,0.0
2022-09-27 00:00:00+05:30,818.4154762995851,828.5753766146871,813.8385692938389,824.9454345703125,1485445,0.0,0.0
2022-09-28 00:00:00+05:30,824.2648372105934,847.7115674200551,824.2648372105934,842.3258056640625,3133240,0.0,0.0
2022-09-29 00:00:00+05:30,846.5771591989218,869.4123259962917,845.541452023897,860.2782592773438,5442790,0.0,0.0
2022-09-30 00:00:00+05:30,864.5888085148104,869.0177314748795,842.7893491618312,855.3462524414062,3164565,0.0,0.0
2022-10-03 00:00:00+05:30,851.2625088996513,875.7251969985196,850.749562050464,871.9078369140625,3476290,0.0,0.0
2022-10-04 00:00:00+05:30,877.106239239419,877.8755993601687,863.3065231429106,870.7833862304688,1543270,0.0,0.0
2022-10-06 00:00:00+05:30,875.1432595454061,877.4908944675719,862.0931571357127,867.5479736328125,1231195,0.0,0.0
2022-10-07 00:00:00+05:30,866.0585960638311,869.7181591857043,862.5075826221214,863.4249267578125,1338865,0.0,0.0
2022-10-10 00:00:00+05:30,858.1673588164865,865.6639691333299,852.2489632384418,864.0857543945312,1218745,0.0,0.0
2022-10-11 00:00:00+05:30,865.4667291134319,865.6639608001083,838.8339492686083,844.9002685546875,1486910,0.0,0.0
2022-10-12 00:00:00+05:30,848.3033589016651,850.2761574107387,831.5444451998898,836.6934204101562,1470100,0.0,0.0
2022-10-13 00:00:00+05:30,838.4295327365732,850.0789060803011,836.7230812104117,839.3567504882812,1513920,0.0,0.0
2022-10-14 00:00:00+05:30,849.2897633089472,856.1945581325971,841.0138590639644,850.4339599609375,1244005,0.0,0.0
2022-10-17 00:00:00+05:30,849.2897895848414,862.9020877601769,844.8509927751645,855.2476196289062,1050700,0.0,0.0
2022-10-18 00:00:00+05:30,859.5285888639586,862.8330022909075,855.2475896009397,859.4595336914062,721180,0.0,0.0
2022-10-19 00:00:00+05:30,860.1500204891707,866.8575233549008,849.2996287282735,851.6373901367188,860840,0.0,0.0
2022-10-20 00:00:00+05:30,849.2897445485629,859.1537369358865,844.3577483549011,857.9799194335938,1287620,0.0,0.0
2022-10-21 00:00:00+05:30,859.153715286941,865.8513442753555,849.9999016837471,854.3795166015625,1002975,0.0,0.0
2022-10-24 00:00:00+05:30,861.0870969165297,864.8748362599646,859.1537327442354,863.592529296875,158840,0.0,0.0
2022-10-25 00:00:00+05:30,866.048663575366,883.3205239899285,862.3102321102365,876.3861083984375,3118275,0.0,0.0
2022-10-27 00:00:00+05:30,879.8681326954757,891.5076318268981,877.9643893639111,886.0232543945312,2207370,0.0,0.0
2022-10-28 00:00:00+05:30,884.8001463491672,888.301851721248,873.9497543649522,879.8582763671875,1767930,0.0,0.0
2022-10-31 00:00:00+05:30,893.8750391535182,912.4193335677256,857.1119187397244,874.6796875,9128805,0.0,0.0
2022-11-01 00:00:00+05:30,874.9854684303472,903.5417395995269,874.9854684303472,894.7233276367188,5350980,0.0,0.0
2022-11-02 00:00:00+05:30,896.6467535348827,916.3648640664354,896.6467535348827,898.7379150390625,3708780,0.0,0.0
2022-11-03 00:00:00+05:30,898.7380008748288,907.4873578674304,893.1549471105201,905.4948120117188,1766075,0.0,0.0
2022-11-04 00:00:00+05:30,905.5243760668284,907.4873009218869,890.215440594362,892.7110595703125,2463380,0.0,0.0
2022-11-07 00:00:00+05:30,893.8749985952289,897.0906697334045,876.7905566243008,884.888916015625,2100085,0.0,0.0
2022-11-09 00:00:00+05:30,895.6505557215497,900.7403495700164,887.7791086494318,894.6444091796875,3565560,0.0,0.0
2022-11-10 00:00:00+05:30,895.6406488786237,910.6438032036307,893.2831402126928,897.5148315429688,2959765,0.0,0.0
2022-11-11 00:00:00+05:30,902.0028949645731,903.3443834394251,888.1538717458907,895.5419921875,1625215,0.0,0.0
2022-11-14 00:00:00+05:30,868.0313100224859,884.5732441393195,851.2625233515969,860.8601684570312,3722425,0.0,0.0
2022-11-15 00:00:00+05:30,861.5605891232223,876.4355071159845,860.8700975865426,874.6796875,1872600,0.0,0.0
2022-11-16 00:00:00+05:30,874.669754478663,896.627010582826,866.689818563952,884.010986328125,2610960,0.0,0.0
2022-11-17 00:00:00+05:30,884.001134103494,885.4807329581374,864.549309854498,872.2333984375,1561865,0.0,0.0
2022-11-18 00:00:00+05:30,872.7167275996145,874.847323467824,863.1979508514969,869.8167114257812,1693670,0.0,0.0
2022-11-21 00:00:00+05:30,864.0857114713853,866.6503253457952,851.7655949212248,858.1376953125,2153040,0.0,0.0
2022-11-22 00:00:00+05:30,862.4285545473113,868.5442416196566,853.4325986724529,860.63330078125,2015475,0.0,0.0
2022-11-23 00:00:00+05:30,864.0857023278741,871.9768959564391,860.1401055135915,869.1459350585938,1964345,0.0,0.0
2022-11-24 00:00:00+05:30,873.4959568163041,875.9126469828617,863.2670015665972,870.763671875,1188110,0.0,0.0
2022-11-25 00:00:00+05:30,872.7364950506883,874.9262725157826,865.8612608820595,871.6021118164062,1477045,0.0,0.0
2022-11-28 00:00:00+05:30,870.9412093075408,877.3823649516586,865.3680295943421,868.4259033203125,1530840,0.0,0.0
2022-11-29 00:00:00+05:30,869.0374362546223,883.5572034767032,868.8302707502886,878.55615234375,2045690,0.0,0.0
2022-11-30 00:00:00+05:30,881.8409010702422,891.3004960629877,876.119797645692,885.2242431640625,4256840,0.0,0.0
2022-12-01 00:00:00+05:30,889.6531993878036,894.0328144890694,877.2640271507594,882.6990966796875,1936730,0.0,0.0
2022-12-02 00:00:00+05:30,884.7902365802555,892.4940121661501,879.8977349257245,889.81103515625,2080040,0.0,0.0
2022-12-05 00:00:00+05:30,893.6579819754222,894.0723130120912,877.9249619483246,883.6953735351562,1961695,0.0,0.0
2022-12-06 00:00:00+05:30,879.8878598564435,882.7188208283593,859.9527097568786,862.9415283203125,1742295,0.0,0.0
2022-12-07 00:00:00+05:30,861.126526657348,864.6775397986648,852.2489335990248,860.43603515625,1661035,0.0,0.0
2022-12-08 00:00:00+05:30,862.8922083483895,863.9377891816788,854.4289458356474,859.3905029296875,1386625,0.0,0.0
2022-12-09 00:00:00+05:30,863.0993405319578,870.9511002064943,859.0057595777076,869.4320068359375,1539865,0.0,0.0
2022-12-12 00:00:00+05:30,861.5308916040976,880.4402074581792,861.5308916040976,878.3391723632812,1367975,0.0,0.0
2022-12-13 00:00:00+05:30,877.9347725201851,882.7582793333413,876.0211555545073,879.503173828125,1087545,0.0,0.0
2022-12-14 00:00:00+05:30,882.8273283123232,890.4226145745641,878.1616791277465,888.6569213867188,1392005,0.0,0.0
2022-12-15 00:00:00+05:30,885.0270049872242,893.2042935335547,880.0654479252054,881.6337890625,1209055,0.0,0.0
2022-12-16 00:00:00+05:30,874.8374807456137,879.6412400671657,840.6587241420167,850.0985717773438,16783045,0.0,0.0
2022-12-19 00:00:00+05:30,857.1710439148683,869.737760276836,851.2723958768092,867.2520751953125,1661755,0.0,0.0
2022-12-20 00:00:00+05:30,864.0857661436222,866.0585646964615,849.9013397323048,862.0636596679688,1214105,0.0,0.0
2022-12-21 00:00:00+05:30,864.0758698596152,874.9361352410151,858.8380922473771,869.5208129882812,1739615,0.0,0.0
2022-12-22 00:00:00+05:30,873.9497198283816,879.0790078774099,851.2822847354632,858.0193481445312,1737350,0.0,0.0
2022-12-23 00:00:00+05:30,853.2452593031829,871.5823883857557,846.5771904713256,850.364990234375,2498780,0.0,0.0
2022-12-26 00:00:00+05:30,854.6261529647301,857.5755373126184,834.5036442638432,838.1631469726562,1593040,0.0,0.0
2022-12-27 00:00:00+05:30,842.3454861442732,842.3454861442732,828.7726234608414,838.6069946289062,1366245,0.0,0.0
2022-12-28 00:00:00+05:30,838.6070360260688,841.7240913802201,831.7219885060638,838.9818725585938,1088005,0.0,0.0
2022-12-29 00:00:00+05:30,843.3713522125065,859.0846849185989,833.1226496352429,840.530517578125,4064660,0.0,0.0
2022-12-30 00:00:00+05:30,844.357735104645,845.3638815779731,833.5073436488611,835.9832153320312,882895,0.0,0.0
2023-01-02 00:00:00+05:30,840.165574153884,841.9016464934822,830.3508894239063,835.4900512695312,663630,0.0,0.0
2023-01-03 00:00:00+05:30,836.2298546705982,840.0373414031466,831.7515634540983,836.1410522460938,810895,0.0,0.0
2023-01-04 00:00:00+05:30,835.4801934212469,840.4121898404986,832.7774690163023,839.1298828125,832835,0.0,0.0
2023-01-05 00:00:00+05:30,841.3985247742373,849.0628658891973,836.7624364537016,847.8101196289062,994925,0.0,0.0
2023-01-06 00:00:00+05:30,848.2047275005101,852.1108299456096,840.234604812631,842.7301635742188,630680,0.0,0.0
2023-01-09 00:00:00+05:30,846.9519991824098,856.1846817822985,843.4009859378473,855.0108642578125,830195,0.0,0.0
2023-01-10 00:00:00+05:30,852.2489657168767,857.8319590715203,845.1370053360986,846.0740966796875,1170765,0.0,0.0
2023-01-11 00:00:00+05:30,849.2798702946785,852.2489416338701,837.3345899716799,840.7869873046875,1273265,0.0,0.0
2023-01-12 00:00:00+05:30,843.3614996598843,852.643550477177,836.8808492510876,850.39453125,1280325,0.0,0.0
2023-01-13 00:00:00+05:30,853.0380594210111,856.5299512974857,846.33055656153,852.327880859375,1234630,0.0,0.0
2023-01-16 00:00:00+05:30,856.1353555322064,858.709843089651,846.3404183406969,853.4425048828125,446555,0.0,0.0
2023-01-17 00:00:00+05:30,855.9873935407203,860.1007218091713,849.4081273233293,858.5125732421875,778125,0.0,0.0
2023-01-18 00:00:00+05:30,858.5125456905828,867.0350494864153,856.5891153562374,860.998291015625,1318465,0.0,0.0
2023-01-19 00:00:00+05:30,861.0969174629366,864.7071724037788,851.5683272746271,854.65576171875,1242455,0.0,0.0
2023-01-20 00:00:00+05:30,854.6064556510669,864.2929034539349,844.3577530543882,858.2857055664062,1182675,0.0,0.0
2023-01-23 00:00:00+05:30,860.1302534739735,861.2153287481492,852.1206965563802,855.7703857421875,770265,0.0,0.0
2023-01-24 00:00:00+05:30,856.3918434552361,859.1143150261929,835.8747510348097,838.9818725585938,1320270,0.0,0.0
2023-01-25 00:00:00+05:30,840.4121905263913,842.1680101514944,823.6631499385538,828.7628173828125,1470210,0.0,0.0
2023-01-27 00:00:00+05:30,844.3578043896784,864.2633351237,839.1002792409168,851.0653076171875,4781440,0.0,0.0
2023-01-30 00:00:00+05:30,852.2390394931072,856.0860204746099,845.3342450581238,853.9849853515625,1873685,0.0,0.0
2023-01-31 00:00:00+05:30,857.180956040757,863.4347538328108,846.9815612128423,853.0676879882812,3159705,0.0,0.0
2023-02-01 00:00:00+05:30,856.3918424890851,864.0857446124359,850.3254630082519,858.4632568359375,2027270,0.0,0.0
2023-02-02 00:00:00+05:30,850.8679676643235,863.8983234106706,846.6363365621187,862.1326904296875,1946775,0.0,0.0
2023-02-03 00:00:00+05:30,863.0993626623532,873.9300073990654,851.8938813860249,859.8146362304688,1874895,0.0,0.0
2023-02-06 00:00:00+05:30,864.115371095158,864.115371095158,845.3441643124187,858.0785522460938,1516105,0.0,0.0
2023-02-07 00:00:00+05:30,864.2140003102273,881.4957348476036,860.1894744169273,875.9718627929688,2987405,0.0,0.0
2023-02-08 00:00:00+05:30,877.8953628826198,887.088611435388,874.4725862650782,885.3525390625,1196855,0.0,0.0
2023-02-09 00:00:00+05:30,876.7116493665491,893.588926238992,874.6599220504003,885.2933349609375,2054810,0.0,0.0
2023-02-10 00:00:00+05:30,886.5657839231887,888.7457479977502,874.4528321161412,887.680419921875,685110,0.0,0.0
2023-02-13 00:00:00+05:30,889.3572883735042,899.0831705446602,887.779073653024,892.6321411132812,1872775,0.0,0.0
2023-02-14 00:00:00+05:30,896.6369541891368,900.3852594483704,887.8875973073464,895.3348999023438,1202135,0.0,0.0
2023-02-15 00:00:00+05:30,897.228786927149,900.227479356204,888.5879795569427,891.6753540039062,1283685,0.0,0.0
2023-02-16 00:00:00+05:30,896.1338669518728,897.5937186120237,889.6236558244082,891.5668334960938,1352330,0.0,0.0
2023-02-17 00:00:00+05:30,887.9960200393461,894.6640883682584,880.5585916290372,889.8011474609375,1056035,0.0,0.0
2023-02-20 00:00:00+05:30,891.7049304628479,895.3644933888911,881.5351565070315,882.7879028320312,761745,0.0,0.0
2023-02-21 00:00:00+05:30,888.6076729058615,888.6076729058615,879.6314632168892,885.0270385742188,791630,0.0,0.0
2023-02-22 00:00:00+05:30,885.1749524970987,891.7443449281371,881.7225551661103,883.1627197265625,882305,0.0,0.0
2023-02-23 00:00:00+05:30,883.0443102491648,890.7185253348508,876.1198284334921,877.81640625,1187840,0.0,0.0
2023-02-24 00:00:00+05:30,880.8348174000055,889.7321582480976,876.2776575034302,886.0035400390625,1764830,0.0,0.0
2023-02-27 00:00:00+05:30,886.0035323365425,886.0035323365425,859.1537728347723,872.1742553710938,1370570,0.0,0.0
2023-02-28 00:00:00+05:30,875.7252825600909,875.7252825600909,848.3033941844382,851.5782470703125,2699875,0.0,0.0
2023-03-01 00:00:00+05:30,851.5486290863695,859.5779338287447,847.7115815694176,857.023193359375,995515,0.0,0.0
2023-03-02 00:00:00+05:30,859.745537690679,868.3173493368389,852.2489276865596,866.1768798828125,1413260,0.0,0.0
2023-03-03 00:00:00+05:30,870.5170760727466,877.2936340314257,860.2387526499635,875.5181274414062,1371180,0.0,0.0
2023-03-06 00:00:00+05:30,875.3306914079039,879.6313775554297,871.1976762702735,875.7647094726562,877920,0.0,0.0
2023-03-08 00:00:00+05:30,874.5415758809206,876.711666333746,868.277964547003,873.2099609375,1173705,0.0,0.0
2023-03-09 00:00:00+05:30,871.1187452981844,875.5969760694124,862.4680048997571,864.2731323242188,1022125,0.0,0.0
2023-03-10 00:00:00+05:30,862.6949586496904,870.6058398062431,858.1673595384625,867.1534423828125,1686010,0.0,0.0
2023-03-13 00:00:00+05:30,863.0993650061898,871.1779774708491,857.2795852058489,862.19189453125,812710,0.0,0.0
2023-03-14 00:00:00+05:30,866.8476561010629,872.1544889268014,850.0788687109682,858.0785522460938,2141980,0.0,0.0
2023-03-15 00:00:00+05:30,859.5384818821025,872.9633616154781,856.3523712726025,866.9463500976562,1717110,0.0,0.0
2023-03-16 00:00:00+05:30,870.201449595585,873.9497547873003,862.1820186997007,864.8255615234375,1384640,0.0,0.0
2023-03-17 00:00:00+05:30,869.1558869266402,880.4896051631467,864.8255795839348,875.1630249023438,3092990,0.0,0.0
2023-03-20 00:00:00+05:30,874.1470087737085,886.5756149769951,872.4701180434159,875.8140258789062,3949945,0.0,0.0
2023-03-21 00:00:00+05:30,876.3072376903667,883.813721478268,869.8463346915487,871.8486938476562,1984640,0.0,0.0
2023-03-22 00:00:00+05:30,873.8214876189725,883.8137167102351,871.1581976369866,882.8174438476562,1598885,0.0,0.0
2023-03-23 00:00:00+05:30,883.6164328154372,887.6607058483821,874.0582217103628,877.2936401367188,2418370,0.0,0.0
2023-03-24 00:00:00+05:30,877.88548919148,887.3647718621286,877.88548919148,880.6868896484375,1126970,0.0,0.0
2023-03-27 00:00:00+05:30,885.7865072389997,893.4113540100907,880.864384721334,884.9283447265625,1759570,0.0,0.0
2023-03-28 00:00:00+05:30,887.5521964777962,897.0512264676283,883.813764838286,893.0464477539062,1834690,0.0,0.0
2023-03-29 00:00:00+05:30,897.5148193402779,902.5553050097586,892.1290578136213,901.1348876953125,2083535,0.0,0.0
2023-03-31 00:00:00+05:30,904.1335168542549,918.6335976840057,901.1447584717629,911.9754028320312,2282485,0.0,0.0
2023-04-03 00:00:00+05:30,917.1441334624446,923.6642782357361,907.1124699858689,918.6336059570312,1500675,0.0,0.0
2023-04-05 00:00:00+05:30,917.3513058242838,926.2288991064544,915.6349807558694,923.8220825195312,1823560,0.0,0.0
2023-04-06 00:00:00+05:30,926.0217221647796,929.4248115886331,922.4707089777343,927.096923828125,1460345,0.0,0.0
2023-04-10 00:00:00+05:30,933.5282756725542,941.4589039805556,924.8479140955984,938.9830322265625,920770,0.0,0.0
2023-04-11 00:00:00+05:30,941.6166949779636,948.1072188659766,928.793504795919,939.7129516601562,2309250,0.0,0.0
2023-04-12 00:00:00+05:30,939.7129700506687,970.5379470530697,932.3840307431817,962.9229736328125,3403195,0.0,0.0
2023-04-13 00:00:00+05:30,964.3038762806024,964.3038762806024,953.0983953246143,957.37939453125,1169335,0.0,0.0
2023-04-17 00:00:00+05:30,962.1239884896131,971.1988737210067,950.8395785490172,957.2610473632812,1705675,0.0,0.0
2023-04-18 00:00:00+05:30,959.0563291321504,970.2223160976673,955.919526414254,969.1175537109375,1797050,0.0,0.0
2023-04-19 00:00:00+05:30,964.1855010322611,974.5624402077757,962.8341389022216,968.5158081054688,1920935,0.0,0.0
2023-04-20 00:00:00+05:30,969.8277607870294,969.8277607870294,951.3327747323225,958.4249877929688,3175850,0.0,0.0
2023-04-21 00:00:00+05:30,958.4051904635038,962.5283319145861,951.5102696553887,960.5062255859375,1657195,0.0,0.0
2023-04-24 00:00:00+05:30,957.5963892455054,957.5963892455054,937.4935675170518,948.1466674804688,2190830,0.0,0.0
2023-04-25 00:00:00+05:30,947.6436677987022,955.0613493966309,938.6082167378538,953.5126953125,1639985,0.0,0.0
2023-04-26 00:00:00+05:30,948.916095085392,961.5913015874196,948.916095085392,955.8406372070312,1020765,0.0,0.0
2023-04-27 00:00:00+05:30,955.8208561649253,974.365149692444,950.5140234783812,970.330810546875,1098280,0.0,0.0
2023-04-28 00:00:00+05:30,970.3308468174966,973.5760787394829,962.153558344279,972.56005859375,1235220,0.0,0.0
2023-05-02 00:00:00+05:30,967.3420196458321,978.3009009817229,967.3420196458321,976.6141967773438,1209890,0.0,0.0
2023-05-03 00:00:00+05:30,976.5154870334683,978.5080327367074,969.6304396977655,976.9791259765625,883875,0.0,0.0
2023-05-04 00:00:00+05:30,976.9791820918609,981.4672867894388,970.6859498486073,980.0863037109375,1006635,0.0,0.0
2023-05-05 00:00:00+05:30,981.4573855978947,984.2291650976505,971.7117561371446,975.0556640625,461545,0.0,0.0
2023-05-08 00:00:00+05:30,975.5488223110236,979.829821388527,956.1463666357143,968.0718994140625,1190915,0.0,0.0
2023-05-09 00:00:00+05:30,970.2321427378589,974.5427026035026,964.7083310717117,973.2308349609375,1545295,0.0,0.0
2023-05-10 00:00:00+05:30,979.4648132234537,979.4648132234537,954.8147061310549,960.22021484375,2271505,0.0,0.0
2023-05-11 00:00:00+05:30,922.2833218342491,927.2153182076944,892.5039253231859,894.0723266601562,13916795,0.0,0.0
2023-05-12 00:00:00+05:30,896.6270069525062,896.6270069525062,876.9088964062768,881.0714721679688,5242020,0.0,0.0
2023-05-15 00:00:00+05:30,881.8705468006582,894.0919877027858,877.2048374276518,891.4188842773438,1588765,0.0,0.0
2023-05-16 00:00:00+05:30,892.296734642403,897.2090438312695,888.6569190132277,890.7283935546875,1430235,0.0,0.0
2023-05-17 00:00:00+05:30,891.6655325254114,896.6468369473016,878.1123555769029,884.1096801757812,1749805,0.0,0.0
2023-05-18 00:00:00+05:30,886.1811115595738,888.1933443586631,868.9979932521785,872.5885009765625,2127235,0.0,0.0
2023-05-19 00:00:00+05:30,873.5453853635039,875.9225811938707,864.8847705834627,866.4432983398438,1630405,0.0,0.0
2023-05-22 00:00:00+05:30,869.8068354963235,881.8112973580452,864.9241472301984,879.404541015625,1224880,0.0,0.0
2023-05-23 00:00:00+05:30,879.493297533777,887.6902729216434,877.1161018232062,879.9766235351562,1616475,0.0,0.0
2023-05-24 00:00:00+05:30,880.8545379270182,892.4940371374549,879.8483914176389,891.5569458007812,1683665,0.0,0.0
2023-05-25 00:00:00+05:30,894.4471564014493,894.4471564014493,884.28719578536,888.53857421875,1033820,0.0,0.0
2023-05-26 00:00:00+05:30,888.7555715655487,895.4532006009676,887.7494250947232,893.8651123046875,752935,0.0,0.0
2023-05-29 00:00:00+05:30,897.2090533398551,901.371629307373,891.7049286265432,898.8563232421875,928140,0.0,0.0
2023-05-30 00:00:00+05:30,898.8563498461459,898.8563498461459,887.5325053024469,891.4879760742188,1369945,0.0,0.0
2023-05-31 00:00:00+05:30,889.7321246852592,893.6086665183195,884.001147443326,887.9664916992188,6313505,0.0,0.0
2023-06-01 00:00:00+05:30,889.7024979266911,899.5862376251179,887.9664858280839,898.0277099609375,1528955,0.0,0.0
2023-06-02 00:00:00+05:30,901.3617274170226,911.4328851923641,900.5923673270477,909.5488891601562,2509565,0.0,0.0
2023-06-05 00:00:00+05:30,913.6030054026521,917.7458943299888,906.8363209375209,908.1876831054688,1132140,0.0,0.0
2023-06-06 00:00:00+05:30,909.460126403778,915.3785220202884,908.4737271343596,914.7176513671875,1161655,0.0,0.0
2023-06-07 00:00:00+05:30,917.3513465018219,922.875158484765,916.3846944560657,922.0367431640625,1139525,0.0,0.0
2023-06-08 00:00:00+05:30,922.2833307100144,925.8343440510553,914.7867202322464,917.2329711914062,1203490,0.0,0.0
2023-06-09 00:00:00+05:30,923.4768623609084,928.2016930886853,916.4832651969441,920.6655883789062,1084700,0.0,0.0
2023-06-12 00:00:00+05:30,926.2288591537069,926.2288591537069,918.2291760014908,922.4114990234375,717870,0.0,0.0
2023-06-13 00:00:00+05:30,927.2152795058307,932.8969487236927,918.9393754874169,927.60986328125,1294905,0.0,0.0
2023-06-14 00:00:00+05:30,928.7541388375951,933.044951786061,924.2561603586721,927.01806640625,901255,0.0,0.0
2023-06-15 00:00:00+05:30,926.5445541337576,957.7936752637954,926.4261910397261,947.6239013671875,3630745,0.0,0.0
2023-06-16 00:00:00+05:30,955.7912360593923,974.5624423648964,951.9048808775608,969.6403198242188,3814515,0.0,0.0
2023-06-19 00:00:00+05:30,976.732554706977,991.1339597533452,959.184473422749,962.5283813476562,3540755,0.0,0.0
2023-06-20 00:00:00+05:30,962.5283440520366,971.9484445347941,960.1708354738455,966.907958984375,1070755,0.0,0.0
2023-06-21 00:00:00+05:30,971.0015412124653,976.5352263794081,965.4283615455606,968.7229614257812,1123550,0.0,0.0
2023-06-22 00:00:00+05:30,968.9498745765826,971.9880012171698,964.698496086896,966.5628051757812,1242850,0.0,0.0
2023-06-23 00:00:00+05:30,966.8685470799686,989.358437710752,966.8685470799686,985.1958618164062,2791140,0.0,0.0
2023-06-26 00:00:00+05:30,984.4066845702431,1000.9979268481736,976.9298217523353,994.6060791015625,3607125,0.0,0.0
2023-06-27 00:00:00+05:30,994.6060745243166,1003.4737939309282,989.5557153049224,991.4495849609375,3330315,0.0,0.0
2023-06-28 00:00:00+05:30,991.4397497615241,1009.9544832118861,987.2574265150888,1007.6759033203125,4426340,0.0,0.0
2023-06-30 00:00:00+05:30,1009.283699285409,1020.9133244769337,1008.119755424254,1017.8851318359375,2430705,0.0,0.0
2023-07-03 00:00:00+05:30,1017.8851952091386,1021.7124292576743,1004.2136553405899,1005.7918701171875,1174135,0.0,0.0
2023-07-04 00:00:00+05:30,1009.0666921790689,1026.7922579204906,1003.1779175160028,1023.5668334960938,1863335,0.0,0.0
2023-07-05 00:00:00+05:30,1022.8960962654268,1026.2103835360365,1013.4266868622456,1021.584228515625,1410270,0.0,0.0
2023-07-06 00:00:00+05:30,1021.6037391993848,1037.3960001717887,1019.936782332633,1032.128662109375,2534370,0.0,0.0
2023-07-07 00:00:00+05:30,1031.7736249924626,1040.2862554146825,1008.1000427746623,1022.40283203125,2771720,0.0,0.0
2023-07-10 00:00:00+05:30,1024.8589060863574,1028.814376553274,1015.0047876062501,1016.9677124023438,1003625,0.0,0.0
2023-07-11 00:00:00+05:30,1022.7436211668823,1036.8599788580186,1016.6894455996666,1027.087890625,1056805,8.0,0.0
2023-07-12 00:00:00+05:30,1023.9364215780029,1033.6688269806875,1019.9599694553698,1031.6905517578125,1203590,0.0,0.0
2023-07-13 00:00:00+05:30,1031.8893889778396,1034.5039112625545,1020.9342432932293,1022.4353637695312,2034915,0.0,0.0
2023-07-14 00:00:00+05:30,1024.930583198272,1026.898907676019,1009.2733022231287,1012.4146728515625,1942045,0.0,0.0
2023-07-17 00:00:00+05:30,1013.9257005563511,1042.8245737663249,1012.6035132304996,1039.79248046875,1976770,0.0,0.0
2023-07-18 00:00:00+05:30,1034.5734174262548,1036.9991164059093,1023.2505764139152,1032.088134765625,1286955,0.0,0.0
2023-07-19 00:00:00+05:30,1030.696441290358,1047.7951369195268,1026.242712966515,1038.1224365234375,1961585,0.0,0.0
2023-07-20 00:00:00+05:30,1043.6199887801124,1072.5883379427778,1041.8305366459574,1061.5736083984375,6016030,0.0,0.0
2023-07-21 00:00:00+05:30,1058.3925119016787,1061.663061558398,1049.3063033919063,1051.413818359375,1150370,0.0,0.0
2023-07-24 00:00:00+05:30,1049.4354546662928,1080.9686911622725,1049.4354546662928,1071.9918212890625,2119525,0.0,0.0
2023-07-25 00:00:00+05:30,1077.6185402703911,1089.5379459661692,1072.0216789756203,1078.692138671875,2162155,0.0,0.0
2023-07-26 00:00:00+05:30,1081.5950740722783,1091.5362052677956,1073.8508940384265,1088.68310546875,1701060,0.0,0.0
2023-07-27 00:00:00+05:30,1099.4890334556217,1116.1901812386618,1077.6284971911628,1094.9161376953125,7539055,0.0,0.0
2023-07-28 00:00:00+05:30,1095.9102545083338,1116.9854027030035,1095.9102545083338,1110.026611328125,3180540,0.0,0.0
2023-07-31 00:00:00+05:30,1110.3348584888006,1125.415476034452,1107.4419554883598,1121.448974609375,1599490,0.0,0.0
2023-08-01 00:00:00+05:30,1121.3297544563434,1135.1479511885152,1114.8183862871476,1126.73779296875,2122735,0.0,0.0
2023-08-02 00:00:00+05:30,1126.7476630679794,1132.4638131371883,1120.256075691063,1125.4254150390625,1791795,0.0,0.0
2023-08-03 00:00:00+05:30,1122.353620184362,1140.0488808058894,1117.6813374452622,1125.236572265625,2570520,0.0,0.0
2023-08-04 00:00:00+05:30,1125.2564777029452,1135.4758675430228,1121.3595108933741,1123.25830078125,1726520,0.0,0.0
2023-08-07 00:00:00+05:30,1125.33598602718,1130.9029949032658,1117.164405783085,1119.510498046875,2499830,0.0,0.0
2023-08-08 00:00:00+05:30,1123.7454084538076,1141.033048839569,1122.3536259228035,1124.9283447265625,2987010,0.0,0.0
2023-08-09 00:00:00+05:30,1127.5429738303546,1169.8226346978693,1127.5429738303546,1167.28759765625,10067015,0.0,0.0
2023-08-10 00:00:00+05:30,1169.0968960088715,1176.3637995969405,1154.364072051937,1163.3409423828125,2763310,0.0,0.0
2023-08-11 00:00:00+05:30,1163.907592194754,1170.080995321636,1154.7915319593692,1157.7440185546875,2256960,0.0,0.0
2023-08-14 00:00:00+05:30,1159.125896569597,1168.8782041006375,1153.1711689484212,1157.813720703125,2167595,0.0,0.0
2023-08-16 00:00:00+05:30,1159.1358173341164,1170.9657869100085,1148.2005737743607,1164.6729736328125,4308265,0.0,0.0
2023-08-17 00:00:00+05:30,1167.3571410621857,1174.4551227431534,1164.2853657413616,1169.2061767578125,2138070,0.0,0.0
2023-08-18 00:00:00+05:30,1172.9540268942128,1188.9592229325822,1161.2433458917583,1167.9735107421875,4281645,0.0,0.0
2023-08-21 00:00:00+05:30,1167.1385000732912,1178.023989664961,1163.8976817522378,1175.210693359375,1334640,0.0,0.0
2023-08-22 00:00:00+05:30,1176.8310757901127,1182.0004151035478,1167.6454809267113,1178.13330078125,1688225,0.0,0.0
2023-08-23 00:00:00+05:30,1177.029866713745,1187.9551595691096,1175.439310083119,1183.66064453125,3142630,0.0,0.0
2023-08-24 00:00:00+05:30,1188.959272184351,1190.8877933569725,1171.3038137521398,1174.47509765625,4124730,0.0,0.0
2023-08-25 00:00:00+05:30,1171.065160317817,1171.065160317817,1147.3157852462825,1149.0455322265625,4713240,0.0,0.0
2023-08-28 00:00:00+05:30,1149.1947580293631,1158.9371150723675,1138.6968653127365,1148.379638671875,2350770,0.0,0.0
2023-08-29 00:00:00+05:30,1147.2064689715387,1150.4870906037283,1136.2712253331617,1138.0208740234375,3258085,0.0,0.0
2023-08-30 00:00:00+05:30,1140.8045349145293,1144.4329507996617,1121.3596236178707,1123.298095703125,3551815,0.0,0.0
2023-08-31 00:00:00+05:30,1123.298080090658,1132.2948524369167,1111.4184767554634,1114.9674072265625,3178875,0.0,0.0
2023-09-01 00:00:00+05:30,1119.3713079448605,1120.2162797773224,1103.4854006284859,1109.141845703125,1105280,0.0,0.0
2023-09-04 00:00:00+05:30,1110.424326037917,1126.6681000159858,1109.141881314068,1125.2266845703125,1473020,0.0,0.0
2023-09-05 00:00:00+05:30,1121.3595808530633,1121.3595808530633,1105.5631090747647,1109.2115478515625,1968470,0.0,0.0
2023-09-06 00:00:00+05:30,1109.3903517703652,1120.3554477505272,1105.3045617290177,1110.0863037109375,2256645,0.0,0.0
2023-09-07 00:00:00+05:30,1110.0166720079856,1124.2424882007756,1109.6787075447437,1116.4188232421875,2634215,0.0,0.0
2023-09-08 00:00:00+05:30,1119.5701607330168,1120.0970698173921,1107.4420290631315,1110.185791015625,923950,0.0,0.0
2023-09-11 00:00:00+05:30,1112.4125158056677,1126.1313245948863,1110.4342405214409,1116.150390625,1313930,0.0,0.0
2023-09-12 00:00:00+05:30,1121.3496686250398,1136.6689860573715,1118.5760541379686,1128.079833984375,2581215,0.0,0.0
2023-09-13 00:00:00+05:30,1135.2771903642965,1145.1189345861308,1127.5827644739916,1141.023193359375,1571615,0.0,0.0
2023-09-14 00:00:00+05:30,1147.2064817013536,1148.4590738765112,1134.1935756057628,1142.1663818359375,1139730,0.0,0.0
2023-09-15 00:00:00+05:30,1148.518650031667,1161.6906481104677,1139.8699149281501,1157.0482177734375,2069105,0.0,0.0
2023-09-18 00:00:00+05:30,1157.3464366472665,1158.8973113510663,1137.6431681588106,1138.85595703125,1256740,0.0,0.0
2023-09-20 00:00:00+05:30,1137.6331663435085,1137.6331663435085,1113.8043052369528,1116.39892578125,2266405,0.0,0.0
2023-09-21 00:00:00+05:30,1116.488426124663,1132.6925185985979,1115.9615170441432,1127.0260009765625,2926715,0.0,0.0
2023-09-22 00:00:00+05:30,1127.0259081908034,1132.0760801137978,1093.9220166733721,1096.914306640625,2447785,0.0,0.0
2023-09-25 00:00:00+05:30,1099.459269729079,1101.4574468293647,1079.2091901164388,1081.3465576171875,1217045,0.0,0.0
2023-09-26 00:00:00+05:30,1085.3727288364737,1098.8826918585664,1083.3845026406582,1087.1124267578125,1379915,0.0,0.0
2023-09-27 00:00:00+05:30,1096.3079501248856,1114.400759590041,1089.5578834978596,1092.818603515625,2443890,0.0,0.0
2023-09-28 00:00:00+05:30,1095.0056527494794,1095.0056527494794,1075.8291717987072,1079.4278564453125,1931555,0.0,0.0
2023-09-29 00:00:00+05:30,1087.3609761876382,1119.3713700223766,1084.2294955979642,1110.822021484375,3101955,0.0,0.0
2023-10-03 00:00:00+05:30,1110.8020536336942,1110.8020536336942,1083.5832332508126,1085.909423828125,2065240,0.0,0.0
2023-10-04 00:00:00+05:30,1086.565644051658,1093.3256618325495,1073.940455923119,1077.1812744140625,2109530,0.0,0.0
2023-10-05 00:00:00+05:30,1085.5714371822949,1088.5537762954332,1073.6420807297422,1075.08349609375,2058530,0.0,0.0
2023-10-06 00:00:00+05:30,1080.6009012443076,1090.9793833901508,1075.4712438523832,1078.5927734375,1572990,0.0,0.0
2023-10-09 00:00:00+05:30,1075.6403682603227,1098.9622236908942,1073.6720436595033,1092.50048828125,2368110,0.0,0.0
2023-10-10 00:00:00+05:30,1090.3433142244053,1090.9397578236956,1079.2091745136252,1089.2596435546875,1519630,0.0,0.0
2023-10-11 00:00:00+05:30,1095.5126413677067,1111.0207815305216,1095.5126413677067,1106.96484375,1961240,0.0,0.0
2023-10-12 00:00:00+05:30,1106.9648774975642,1110.235548544247,1096.5067879011287,1099.5289306640625,1695245,0.0,0.0
2023-10-13 00:00:00+05:30,1079.0500844653743,1098.3160015447158,1077.9366826273729,1085.611328125,1633255,0.0,0.0
2023-10-16 00:00:00+05:30,1091.3373465202635,1094.9161292026733,1085.571442333494,1092.1524658203125,859220,0.0,0.0
2023-10-17 00:00:00+05:30,1090.939786054763,1108.0384835526208,1090.5520673672665,1102.29248046875,1626760,0.0,0.0
2023-10-18 00:00:00+05:30,1102.3719878426448,1132.2450122499076,1101.8351279619217,1128.805419921875,3014855,0.0,0.0
2023-10-19 00:00:00+05:30,1128.2685625201823,1128.2685625201823,1115.494234041825,1119.55029296875,2525845,0.0,0.0
2023-10-20 00:00:00+05:30,1117.393005984961,1117.393005984961,1103.6642466760325,1107.302734375,1141375,0.0,0.0
2023-10-23 00:00:00+05:30,1098.5943742965526,1126.7178730290664,1098.5943742965526,1103.853271484375,1809785,0.0,0.0
2023-10-25 00:00:00+05:30,1113.4066247415842,1115.8322023538165,1093.5243635854845,1096.278076171875,2104480,0.0,0.0
2023-10-26 00:00:00+05:30,1093.1267694756489,1097.0038349387949,1061.8918127104905,1078.00634765625,1544145,0.0,0.0
2023-10-27 00:00:00+05:30,1077.9963044586334,1084.368603031128,1063.8997281398294,1073.105224609375,2159725,0.0,0.0
2023-10-30 00:00:00+05:30,1072.439238099116,1072.439238099116,1034.9810056070837,1062.7763671875,2691600,0.0,0.0
2023-10-31 00:00:00+05:30,1068.4727522813487,1081.7838192014701,1064.3173063469362,1067.1903076171875,1884070,0.0,0.0
2023-11-01 00:00:00+05:30,1070.6598124531372,1077.6980895391987,1056.642841964341,1062.9952392578125,1376665,0.0,0.0
2023-11-02 00:00:00+05:30,1069.6657383819402,1076.6245303602611,1058.4124310346037,1061.41455078125,2365835,0.0,0.0
2023-11-03 00:00:00+05:30,1069.0692054734513,1069.0692054734513,1043.2421676759811,1046.413330078125,2921805,0.0,0.0
2023-11-06 00:00:00+05:30,1053.7598244123017,1065.122589875944,1050.419619153726,1061.3349609375,2847485,0.0,0.0
2023-11-07 00:00:00+05:30,1068.4727452423595,1088.16606148602,1057.696472502334,1074.5069580078125,3498735,0.0,0.0
2023-11-08 00:00:00+05:30,1079.3881528647678,1093.5939465712302,1074.9543259113066,1084.2890625,2096955,0.0,0.0
2023-11-09 00:00:00+05:30,1089.3292150960312,1093.3156180909084,1081.594986527523,1085.163818359375,1642660,0.0,0.0
2023-11-10 00:00:00+05:30,1081.585063470148,1083.7224308294244,1068.0751009004066,1078.5927734375,1144920,0.0,0.0
2023-11-13 00:00:00+05:30,1079.6068238294158,1089.905820956782,1070.083264042467,1077.5887451171875,855910,0.0,0.0
2023-11-15 00:00:00+05:30,1079.795642843275,1084.6072375893182,1074.6362541365213,1077.608642578125,1422405,0.0,0.0
2023-11-16 00:00:00+05:30,1078.6126929128761,1108.436085343647,1077.7876227422348,1102.322265625,1695060,0.0,0.0
2023-11-17 00:00:00+05:30,1106.4478738441874,1121.260183218101,1102.4714214673888,1115.703125,2120630,0.0,0.0
2023-11-20 00:00:00+05:30,1116.3790076259738,1124.560538635495,1110.6032738912045,1114.231689453125,2001625,0.0,0.0
2023-11-21 00:00:00+05:30,1115.3948447889256,1129.1037026140152,1114.5001187714306,1122.6419677734375,1903465,0.0,0.0
2023-11-22 00:00:00+05:30,1124.361834307425,1139.2536293480766,1124.361834307425,1126.24072265625,2124580,0.0,0.0
2023-11-23 00:00:00+05:30,1128.3183929404604,1130.1972813023624,1115.1662957588449,1122.2841796875,1511300,0.0,0.0
2023-11-24 00:00:00+05:30,1123.3378110270949,1144.5919531808902,1116.3889704206795,1122.582275390625,2305405,0.0,0.0
2023-11-28 00:00:00+05:30,1122.7513160491962,1136.1618915421384,1122.7513160491962,1128.4774169921875,1555790,0.0,0.0
2023-11-29 00:00:00+05:30,1132.8713752635008,1142.0371903735377,1124.1431543768529,1136.3408203125,1602385,0.0,0.0
2023-11-30 00:00:00+05:30,1138.2595318826084,1153.1712288068347,1136.4700797110213,1150.815185546875,4267760,0.0,0.0
2023-12-01 00:00:00+05:30,1153.1711369764403,1164.414613810772,1141.1324425138287,1143.1107177734375,1391500,0.0,0.0
2023-12-04 00:00:00+05:30,1153.171217617487,1153.171217617487,1138.9355711533703,1144.4229736328125,1121300,0.0,0.0
2023-12-05 00:00:00+05:30,1146.2123339098255,1156.9488032711656,1141.6394382009914,1148.4888916015625,1121875,0.0,0.0
2023-12-06 00:00:00+05:30,1152.3758296648705,1157.1476209724449,1134.8894146288214,1139.3231201171875,2659705,0.0,0.0
2023-12-07 00:00:00+05:30,1147.2760338246187,1163.0924069745993,1143.299581487345,1150.208740234375,3791150,0.0,0.0
2023-12-08 00:00:00+05:30,1150.159050220975,1150.159050220975,1135.6748751689513,1145.9937744140625,1142525,0.0,0.0
2023-12-11 00:00:00+05:30,1093.5243408013264,1109.0324799096254,1067.6774018369313,1088.2554931640625,9493150,0.0,0.0
2023-12-12 00:00:00+05:30,1093.5244354907384,1120.3256864589493,1089.031024757723,1101.546875,4281525,0.0,0.0
2023-12-13 00:00:00+05:30,1106.33848432529,1115.3948396285202,1099.5585653823662,1113.13818359375,3111975,0.0,0.0
2023-12-14 00:00:00+05:30,1115.7626541370134,1118.69523908086,1107.0243616336406,1108.1080322265625,3164560,0.0,0.0
2023-12-15 00:00:00+05:30,1113.4066460611798,1116.388985291701,1101.8749586401707,1111.30908203125,3636220,0.0,0.0
2023-12-18 00:00:00+05:30,1110.4243592184425,1131.1019607329306,1108.4261821315877,1111.627197265625,3279260,0.0,0.0
2023-12-19 00:00:00+05:30,1117.383094145575,1122.5524335849304,1112.0148592805867,1120.8525390625,1123370,0.0,0.0
2023-12-20 00:00:00+05:30,1123.3477338448524,1127.5428617441862,1103.8730933932186,1109.2611083984375,1307230,0.0,0.0
2023-12-21 00:00:00+05:30,1101.4772773299205,1112.2137469853658,1087.7982718311175,1104.3602294921875,1681900,0.0,0.0
2023-12-22 00:00:00+05:30,1109.0325154913903,1124.5406550972466,1105.4537327133762,1118.9140625,1315040,0.0,0.0
2023-12-26 00:00:00+05:30,1118.8742495839979,1132.294775900643,1113.913635120277,1119.798828125,1658265,0.0,0.0
2023-12-27 00:00:00+05:30,1120.325649240166,1137.6630446352215,1113.6651400768556,1136.171875,1473880,0.0,0.0
2023-12-28 00:00:00+05:30,1137.0367932765073,1171.224358354159,1127.5032823453255,1164.812255859375,4888545,0.0,0.0
2023-12-29 00:00:00+05:30,1159.1558137834024,1162.018864458106,1145.4171023399285,1152.753662109375,1452615,0.0,0.0
2024-01-01 00:00:00+05:30,1153.171241800463,1165.100599474261,1153.171241800463,1157.4757080078125,978400,0.0,0.0
2024-01-02 00:00:00+05:30,1154.5728768185052,1182.7957610031744,1154.2944960387879,1178.3818359375,2869280,0.0,0.0
2024-01-03 00:00:00+05:30,1178.3818592713105,1186.9710107960582,1170.7073354615918,1179.3958740234375,1412035,0.0,0.0
2024-01-04 00:00:00+05:30,1177.4573807825248,1177.4573807825248,1158.1417107019952,1161.5614013671875,2048300,0.0,0.0
2024-01-05 00:00:00+05:30,1167.0887069926573,1167.9933838360055,1154.4635199466152,1160.2591552734375,1037255,0.0,0.0
2024-01-08 00:00:00+05:30,1169.2559719789429,1169.2757523050545,1139.77054414476,1145.4866943359375,1205700,0.0,0.0
2024-01-09 00:00:00+05:30,1156.948920847716,1160.8557175308786,1142.0570040754078,1143.1903076171875,1292220,0.0,0.0
2024-01-10 00:00:00+05:30,1143.041254165433,1153.1712085155607,1131.3405234351715,1150.626220703125,1273855,0.0,0.0
2024-01-11 00:00:00+05:30,1148.7971028007723,1148.7971028007723,1122.373619628999,1131.787841796875,2964925,0.0,0.0
2024-01-12 00:00:00+05:30,1140.2178129808124,1140.2178129808124,1122.562355548858,1131.072021484375,1385710,0.0,0.0
2024-01-15 00:00:00+05:30,1140.8342194401848,1152.9724229208684,1133.6866044937988,1149.8409423828125,1665610,0.0,0.0
2024-01-16 00:00:00+05:30,1151.1829594029268,1151.1829594029268,1134.4917617721328,1144.8504638671875,1142145,0.0,0.0
2024-01-17 00:00:00+05:30,1141.241877877185,1141.241877877185,1118.7749453182357,1123.337890625,1778960,0.0,0.0
2024-01-18 00:00:00+05:30,1122.8408340579804,1126.986329513537,1097.6301395409464,1123.337890625,1727635,0.0,0.0
2024-01-19 00:00:00+05:30,1128.3383116465493,1136.261364220327,1115.7627561990375,1126.9664306640625,1641460,0.0,0.0
2024-01-23 00:00:00+05:30,1123.7255876626855,1144.0254211553374,1121.5484168381945,1128.1990966796875,2329945,0.0,0.0
2024-01-24 00:00:00+05:30,1134.8695786771998,1176.0358375350736,1131.8971901146429,1173.4710693359375,5244260,0.0,0.0
2024-01-25 00:00:00+05:30,1173.4710124637734,1178.0240067102714,1157.5453014124823,1164.205810546875,2677510,0.0,0.0
2024-01-29 00:00:00+05:30,1153.1712023770256,1171.5821965071098,1141.2816484678194,1161.8597412109375,1509570,0.0,0.0
2024-01-30 00:00:00+05:30,1172.844674678052,1182.7957560216591,1159.3345909485843,1161.3128662109375,1576585,0.0,0.0
2024-01-31 00:00:00+05:30,1158.1517221335962,1220.2738405698256,1154.5729392136698,1217.0230712890625,7857425,0.0,0.0
2024-02-01 00:00:00+05:30,1210.72035752781,1222.639763294108,1183.0144316669102,1191.57373046875,3112555,0.0,0.0
2024-02-02 00:00:00+05:30,1196.1068295575678,1207.7876579651552,1192.1502790110983,1200.7891845703125,1686230,0.0,0.0
2024-02-05 00:00:00+05:30,1200.6897977251404,1220.373163425346,1191.1661169824065,1211.7144775390625,2126485,0.0,0.0
2024-02-06 00:00:00+05:30,1209.835576729596,1230.7119506912406,1209.5870484681477,1226.0594482421875,2587065,0.0,0.0
2024-02-07 00:00:00+05:30,1225.9402611630583,1230.7120527191275,1218.9019839019713,1228.674072265625,2953275,0.0,0.0
2024-02-08 00:00:00+05:30,1236.279061390815,1236.6667800728387,1217.7885814851359,1224.75732421875,1791205,0.0,0.0
2024-02-09 00:00:00+05:30,1220.7708590689135,1233.7341324309823,1213.6529754561286,1223.9222412109375,1238970,0.0,0.0
2024-02-12 00:00:00+05:30,1239.5198716474833,1270.1683354852485,1238.6649489255171,1259.2430419921875,4296460,0.0,0.0
2024-02-13 00:00:00+05:30,1262.523644639121,1274.4231493937139,1254.7794647107205,1259.61083984375,2086675,0.0,0.0
2024-02-14 00:00:00+05:30,1258.557060700847,1260.5253851056882,1226.7553942284962,1244.301513671875,1724345,0.0,0.0
2024-02-15 00:00:00+05:30,1240.6729794443522,1252.3836602162721,1233.9129622107139,1243.168212890625,1469095,0.0,0.0
2024-02-16 00:00:00+05:30,1247.005488727033,1265.6451084948808,1242.1144088133408,1255.9923095703125,1275915,0.0,0.0
2024-02-19 00:00:00+05:30,1255.9923717195406,1283.1912916684428,1255.5648496902993,1275.8746337890625,1393520,0.0,0.0
2024-02-20 00:00:00+05:30,1276.838906614733,1285.3882551162415,1260.6447651713283,1267.6929931640625,1399485,0.0,0.0
2024-02-21 00:00:00+05:30,1269.8801185020143,1272.9717957302132,1253.5766391311583,1262.3546142578125,995895,0.0,0.0
2024-02-22 00:00:00+05:30,1267.494192311735,1268.4485020475213,1238.933342594582,1265.2972412109375,1420120,0.0,0.0
2024-02-23 00:00:00+05:30,1266.0428559912273,1291.1641138370733,1265.1083265597408,1280.84521484375,1842255,0.0,0.0
2024-02-26 00:00:00+05:30,1281.4216951369783,1290.3587619076952,1268.6175139706063,1280.5667724609375,1089190,0.0,0.0
2024-02-27 00:00:00+05:30,1275.6458837439518,1284.3146422193104,1269.5321852489765,1282.326416015625,966475,0.0,0.0
2024-02-28 00:00:00+05:30,1281.1035727564613,1293.5201572144758,1270.8941329941765,1278.041748046875,1560230,0.0,0.0
2024-02-29 00:00:00+05:30,1268.8958768878447,1286.958833409006,1263.9352624578758,1277.2861328125,5513940,0.0,0.0
2024-03-01 00:00:00+05:30,1282.2070471823133,1286.9787169619958,1227.1530621880893,1231.417724609375,2876430,0.0,0.0
2024-03-04 00:00:00+05:30,1240.6531072810565,1280.2883903975783,1240.4543332083872,1259.5611572265625,2196055,0.0,0.0
2024-03-05 00:00:00+05:30,1259.5213888222786,1260.9629256200567,1242.0449243107853,1253.2386474609375,1040180,0.0,0.0
2024-03-06 00:00:00+05:30,1253.2385832330926,1258.9447823939001,1230.7119476918588,1255.4952392578125,1207130,0.0,0.0
2024-03-07 00:00:00+05:30,1253.6760107427817,1266.4403890151737,1253.6760107427817,1257.384033203125,1174600,0.0,0.0
2024-03-11 00:00:00+05:30,1266.301263481856,1277.1569004243709,1254.5706808413945,1269.969482421875,1412365,0.0,0.0
2024-03-12 00:00:00+05:30,1270.1087062957397,1278.031758462857,1245.8722244169087,1253.010009765625,1647055,0.0,0.0
2024-03-13 00:00:00+05:30,1253.0596319093395,1262.523607818867,1242.4027688480624,1253.3380126953125,1051325,0.0,0.0
2024-03-14 00:00:00+05:30,1249.0037266973463,1256.588814526198,1234.4697979876744,1251.5089111328125,2001060,0.0,0.0
2024-03-15 00:00:00+05:30,1249.6200035497907,1254.282335498101,1235.583132160071,1249.5802001953125,2429735,0.0,0.0
2024-03-18 00:00:00+05:30,1251.0118558572779,1263.4978533389883,1246.230113578854,1260.744140625,902465,0.0,0.0
2024-03-19 00:00:00+05:30,1259.5412604388234,1259.5412604388234,1217.4802781733047,1219.7568359375,1581835,0.0,0.0
2024-03-20 00:00:00+05:30,1217.7785870963314,1220.3931093828646,1197.5484099405603,1213.47412109375,1385185,0.0,0.0
2024-03-21 00:00:00+05:30,1217.7885577359484,1223.9520104670758,1204.865087327322,1218.4248046875,1626230,0.0,0.0
2024-03-22 00:00:00+05:30,1218.5838221351983,1240.533794536832,1213.8219818052535,1233.33642578125,1528595,0.0,0.0
2024-03-26 00:00:00+05:30,1230.7120451028509,1234.9768292290064,1214.0208469510205,1219.7469482421875,1361275,0.0,0.0
2024-03-27 00:00:00+05:30,1222.9578781280638,1222.9578781280638,1199.715509166115,1201.7037353515625,1452965,0.0,0.0
2024-03-28 00:00:00+05:30,1208.4438047202073,1234.6486102733306,1208.4438047202073,1224.3297119140625,2586915,0.0,0.0
2024-04-01 00:00:00+05:30,1235.6826111195144,1249.0931874322973,1224.3297955753121,1242.7109375,772020,0.0,0.0
2024-04-02 00:00:00+05:30,1246.4090748791514,1246.4090748791514,1233.8931038541025,1240.166015625,1191030,0.0,0.0
2024-04-03 00:00:00+05:30,1240.165972479321,1246.2200869351502,1215.2038085217648,1217.669189453125,1346125,0.0,0.0
2024-04-04 00:00:00+05:30,1223.7532270879437,1227.729679491154,1202.3797954206889,1221.2679443359375,1995095,0.0,0.0
2024-04-05 00:00:00+05:30,1221.2679369113405,1253.745655403725,1220.770880363961,1228.5845947265625,2705055,0.0,0.0
2024-04-08 00:00:00+05:30,1236.1697056150188,1238.0187414436512,1219.7867409232351,1227.6402587890625,1420525,0.0,0.0
2024-04-09 00:00:00+05:30,1233.1375944620347,1238.7047248986376,1223.7532250548638,1226.3179931640625,643620,0.0,0.0
2024-04-10 00:00:00+05:30,1232.6802858417884,1232.6802858417884,1221.764943920188,1224.3297119140625,980420,0.0,0.0
2024-04-12 00:00:00+05:30,1226.516929756244,1230.513283965218,1207.8474560032425,1209.6070556640625,1974255,0.0,0.0
2024-04-15 00:00:00+05:30,1207.4895791059769,1207.4895791059769,1189.4065982833974,1195.093017578125,1349665,0.0,0.0
2024-04-16 00:00:00+05:30,1194.0989014358076,1207.6188156133055,1189.9633568732875,1202.9464111328125,2041490,0.0,0.0
2024-04-18 00:00:00+05:30,1212.8080676530233,1218.2856407069737,1180.5391942886288,1184.416259765625,2988680,0.0,0.0
2024-04-19 00:00:00+05:30,1192.9357645994332,1192.9357645994332,1169.2361413878675,1181.572998046875,1713255,0.0,0.0
2024-04-22 00:00:00+05:30,1187.965138303815,1205.6603997832444,1183.690403491416,1196.13671875,1667285,0.0,0.0
2024-04-23 00:00:00+05:30,1202.8767993506099,1205.8591385225536,1179.793523284172,1183.412109375,1494175,0.0,0.0
2024-04-24 00:00:00+05:30,1184.9927714965681,1191.9117598718901,1177.238640740178,1183.1536865234375,1334935,0.0,0.0
2024-04-25 00:00:00+05:30,1187.9750404467893,1245.0272027015565,1178.6204027083052,1236.4281005859375,4634925,0.0,0.0
2024-04-26 00:00:00+05:30,1237.6509215341375,1254.3421195006085,1228.4951786142406,1243.0589599609375,2063090,0.0,0.0
2024-04-29 00:00:00+05:30,1246.6178446820054,1257.5530889336019,1233.167465128134,1252.0059814453125,1485530,0.0,0.0
2024-04-30 00:00:00+05:30,1252.5626135390535,1255.167185026152,1229.717913749216,1233.55517578125,1906520,0.0,0.0
2024-05-02 00:00:00+05:30,1231.7558306255114,1252.5426472540641,1231.7558306255114,1250.09716796875,3134765,0.0,0.0
2024-05-03 00:00:00+05:30,1252.562607597995,1276.4213220604013,1244.2319349441373,1262.4342041015625,2906840,0.0,0.0
2024-05-06 00:00:00+05:30,1268.4286022294937,1268.4883072639157,1241.9156836918137,1251.2801513671875,2263770,0.0,0.0
2024-05-07 00:00:00+05:30,1258.5273026389789,1262.523656779861,1232.7002633126203,1244.1524658203125,1586770,0.0,0.0
2024-05-08 00:00:00+05:30,1212.817992317432,1215.7903808035824,1183.5314589748348,1204.139404296875,4940700,0.0,0.0
2024-05-09 00:00:00+05:30,1207.7479801556692,1207.7479801556692,1167.0887317551885,1168.550048828125,2534535,0.0,0.0
2024-05-10 00:00:00+05:30,1168.0828460794523,1180.01220280537,1156.7698345969725,1177.2286376953125,1480900,0.0,0.0
2024-05-13 00:00:00+05:30,1177.228627689892,1182.7957578626913,1163.211657926409,1174.7532958984375,852820,0.0,0.0
2024-05-14 00:00:00+05:30,1180.787705016998,1182.0799792556516,1164.1064578206597,1166.8502197265625,1186650,0.0,0.0
2024-05-15 00:00:00+05:30,1170.0711119306848,1186.3646401076242,1165.1005464594416,1168.0828857421875,1458405,0.0,0.0
2024-05-16 00:00:00+05:30,1178.6204266599666,1178.6204266599666,1135.0783471845893,1163.1917724609375,3660485,0.0,0.0
2024-05-17 00:00:00+05:30,1163.1918399107383,1164.3947993093834,1151.3817711489576,1153.081787109375,3006695,0.0,0.0
2024-05-21 00:00:00+05:30,1155.3482122453483,1159.7919899019616,1147.8029280116104,1149.1549072265625,2456865,0.0,0.0
2024-05-22 00:00:00+05:30,1163.112356855403,1174.047601236095,1151.2624847126233,1167.6356201171875,2605110,0.0,0.0
2024-05-23 00:00:00+05:30,1173.5405502997792,1179.6145667091625,1160.1299744421694,1172.59619140625,2827915,0.0,0.0
2024-05-24 00:00:00+05:30,1172.3376923980634,1174.8626570812007,1160.8257853619152,1166.2437744140625,2122215,0.0,0.0
2024-05-27 00:00:00+05:30,1166.2437786146259,1171.055251920835,1152.3957300802856,1167.6256103515625,3366290,0.0,0.0
2024-05-28 00:00:00+05:30,1167.5162893778302,1193.9497224555362,1167.5162893778302,1186.03662109375,3966010,0.0,0.0
2024-05-29 00:00:00+05:30,1189.9533583905577,1196.5045296182602,1175.9562898915879,1193.0848388671875,2533990,0.0,0.0
2024-05-30 00:00:00+05:30,1187.9651406258313,1187.9651406258313,1159.7323046452213,1167.8343505859375,3005220,0.0,0.0
2024-05-31 00:00:00+05:30,1173.043501514478,1173.978030926862,1143.7966505666454,1151.55078125,5146590,0.0,0.0
2024-06-03 00:00:00+05:30,1180.5887278037383,1180.5887278037383,1148.6280904474822,1149.850830078125,2087555,0.0,0.0
2024-06-04 00:00:00+05:30,1154.562993862568,1158.6089808382703,1113.4066867085376,1139.4127197265625,3287175,0.0,0.0
2024-06-05 00:00:00+05:30,1140.8242061981414,1169.4149071231725,1138.4185302907306,1157.97265625,2542820,0.0,0.0
2024-06-06 00:00:00+05:30,1160.1299612339008,1178.22277070047,1149.5127801733645,1171.2540283203125,3598380,0.0,0.0
2024-06-07 00:00:00+05:30,1171.2540344769334,1209.656627709782,1168.3314002630595,1205.12353515625,3747525,0.0,0.0
2024-06-10 00:00:00+05:30,1205.123484562388,1224.2800622750976,1193.7409387857713,1214.0406494140625,3148275,0.0,0.0
2024-06-11 00:00:00+05:30,1209.8356612277655,1212.8677547698785,1198.5027474438707,1200.739501953125,2581810,0.0,0.0
2024-06-12 00:00:00+05:30,1204.8650491610958,1209.8356145454238,1191.146240159673,1204.875,1932925,0.0,0.0
2024-06-13 00:00:00+05:30,1216.774540861982,1216.774540861982,1199.1986890933492,1211.992919921875,2191150,0.0,0.0
2024-06-14 00:00:00+05:30,1212.0226220232516,1216.4961308959041,1199.914392631555,1209.8853759765625,1985020,0.0,0.0
2024-06-18 00:00:00+05:30,1202.479204552944,1205.262769827011,1188.9592904039746,1191.196044921875,3076985,0.0,0.0
2024-06-19 00:00:00+05:30,1191.335227949564,1192.8662009759978,1177.0299256924993,1184.227294921875,3056645,0.0,0.0
2024-06-20 00:00:00+05:30,1178.0240170286731,1192.140374430448,1170.6675558587456,1187.130126953125,2489735,0.0,0.0
2024-06-21 00:00:00+05:30,1187.1698179047846,1203.8709665595848,1184.0185570364324,1195.2122802734375,2150475,0.0,0.0
2024-06-24 00:00:00+05:30,1192.5379996258032,1212.8179302711676,1187.5674343378066,1203.8609619140625,1624525,0.0,0.0
2024-06-25 00:00:00+05:30,1210.8297264413334,1211.8636428728073,1196.1267552162897,1208.5234375,1977490,0.0,0.0
2024-06-26 00:00:00+05:30,1205.5609348110377,1211.7543614980782,1197.9660173465486,1206.86328125,1958240,0.0,0.0
2024-06-27 00:00:00+05:30,1192.9357038764892,1242.5320203273577,1191.9415907899256,1239.8380126953125,12168270,0.0,0.0
2024-06-28 00:00:00+05:30,1243.7249583053172,1276.4412552992912,1242.8501338993306,1272.9320068359375,5118295,0.0,0.0
2024-07-01 00:00:00+05:30,1278.429453034236,1288.370584084269,1259.9688260690718,1263.25927734375,2251925,0.0,0.0
2024-07-02 00:00:00+05:30,1261.5294851460446,1268.6770998666568,1249.4509870817544,1266.5498046875,1819075,0.0,0.0
2024-07-03 00:00:00+05:30,1267.2953595412798,1297.4766170546795,1265.5357600336451,1277.6142578125,2913200,0.0,0.0
2024-07-04 00:00:00+05:30,1278.4294416032303,1300.697599226534,1266.5199861280503,1288.2413330078125,1744245,0.0,0.0
2024-07-05 00:00:00+05:30,1288.2413419465665,1301.7215738722289,1283.6087409080537,1296.323486328125,1139175,0.0,0.0
2024-07-08 00:00:00+05:30,1296.3234224936202,1307.258666088275,1289.563405185339,1299.13671875,807380,0.0,0.0
2024-07-09 00:00:00+05:30,1300.2999619576237,1311.2352062860136,1278.6182965449734,1308.8194580078125,1734640,0.0,0.0
2024-07-10 00:00:00+05:30,1307.1593132182497,1313.114040859569,1288.9669953127939,1310.748046875,1287550,0.0,0.0
2024-07-11 00:00:00+05:30,1310.8673620074098,1316.5934631719838,1299.2759692820473,1311.1854248046875,1581340,0.0,0.0
2024-07-12 00:00:00+05:30,1310.2907897624998,1341.0585409568969,1305.2107651492213,1335.9786376953125,2944400,0.0,0.0
2024-07-15 00:00:00+05:30,1342.0526874513025,1368.8837903611748,1332.6185638232066,1350.949951171875,3023975,0.0,0.0
2024-07-16 00:00:00+05:30,1351.989990234375,1356.5899658203125,1327.3299560546875,1329.2099609375,1556420,8.0,0.0
2024-07-18 00:00:00+05:30,1329.199951171875,1341.77001953125,1318.0799560546875,1333.5,1928535,0.0,0.0
2024-07-19 00:00:00+05:30,1332.0,1343.6800537109375,1325.260009765625,1327.199951171875,900340,0.0,0.0
2024-07-22 00:00:00+05:30,1316.0,1356.0,1316.0,1354.1800537109375,2061455,0.0,0.0
2024-07-23 00:00:00+05:30,1354.0,1376.800048828125,1343.4000244140625,1373.0,4330455,0.0,0.0
2024-07-24 00:00:00+05:30,1387.780029296875,1387.780029296875,1358.6500244140625,1364.030029296875,3019385,0.0,0.0
2024-07-25 00:00:00+05:30,1359.0,1374.989990234375,1351.4100341796875,1370.6400146484375,1315525,0.0,0.0
2024-07-26 00:00:00+05:30,1377.7900390625,1393.199951171875,1358.3199462890625,1375.72998046875,2051955,0.0,0.0
2024-07-29 00:00:00+05:30,1384.0,1389.6199951171875,1347.0,1368.010009765625,3271945,0.0,0.0
2024-07-30 00:00:00+05:30,1369.010009765625,1378.199951171875,1358.5799560546875,1360.8299560546875,1458475,0.0,0.0
2024-07-31 00:00:00+05:30,1360.780029296875,1365.9000244140625,1347.0,1350.0999755859375,1730870,0.0,0.0
2024-08-01 00:00:00+05:30,1359.0999755859375,1380.0999755859375,1357.3299560546875,1377.5899658203125,2320480,0.0,0.0
2024-08-02 00:00:00+05:30,1376.199951171875,1396.199951171875,1374.8900146484375,1392.8299560546875,2209945,0.0,0.0
2024-08-05 00:00:00+05:30,1386.02001953125,1392.199951171875,1358.800048828125,1362.4100341796875,2186945,0.0,0.0
2024-08-06 00:00:00+05:30,1367.780029296875,1383.06005859375,1359.06005859375,1361.47998046875,1227135,0.0,0.0
2024-08-07 00:00:00+05:30,1376.0,1387.0,1368.0,1385.27001953125,968865,0.0,0.0
2024-08-08 00:00:00+05:30,1385.0,1407.0,1382.8900146484375,1387.6600341796875,2705840,0.0,0.0
2024-08-09 00:00:00+05:30,1396.0,1405.0,1392.6700439453125,1402.699951171875,656255,0.0,0.0
2024-08-12 00:00:00+05:30,1402.7900390625,1406.0,1374.6600341796875,1377.31005859375,1853275,0.0,0.0
2024-08-13 00:00:00+05:30,1380.4000244140625,1392.449951171875,1370.25,1389.6800537109375,1217325,0.0,0.0
2024-08-14 00:00:00+05:30,1391.0,1392.4000244140625,1358.5,1360.2099609375,1727965,0.0,0.0
2024-08-16 00:00:00+05:30,1366.2099609375,1369.7900390625,1351.6300048828125,1358.719970703125,2565660,0.0,0.0
2024-08-19 00:00:00+05:30,1367.5899658203125,1384.800048828125,1363.52001953125,1382.27001953125,809235,0.0,0.0
2024-08-20 00:00:00+05:30,1386.0,1394.8399658203125,1380.0,1393.0699462890625,747970,0.0,0.0
2024-08-21 00:00:00+05:30,1399.97998046875,1421.489990234375,1393.0699462890625,1412.489990234375,1905585,0.0,0.0
2024-08-22 00:00:00+05:30,1412.469970703125,1412.469970703125,1384.6400146484375,1393.81005859375,1683410,0.0,0.0
2024-08-23 00:00:00+05:30,1395.969970703125,1398.0,1386.010009765625,1390.9000244140625,711440,0.0,0.0
2024-08-26 00:00:00+05:30,1384.989990234375,1391.989990234375,1379.8399658203125,1388.6600341796875,1018915,0.0,0.0
2024-08-27 00:00:00+05:30,1389.0,1401.31005859375,1380.4100341796875,1392.5899658203125,2277085,0.0,0.0
2024-08-28 00:00:00+05:30,1392.5899658203125,1409.6500244140625,1384.5999755859375,1399.8599853515625,1632585,0.0,0.0
2024-08-29 00:00:00+05:30,1379.6600341796875,1403.989990234375,1377.8199462890625,1386.22998046875,1784160,0.0,0.0
2024-08-30 00:00:00+05:30,1387.5999755859375,1409.0,1387.5999755859375,1406.27001953125,3415210,0.0,0.0
2024-09-02 00:00:00+05:30,1409.93994140625,1414.989990234375,1366.0,1374.4300537109375,2354285,0.0,0.0
2024-09-03 00:00:00+05:30,1380.0,1382.800048828125,1369.5999755859375,1370.77001953125,1246805,0.0,0.0
2024-09-04 00:00:00+05:30,1369.56005859375,1369.56005859375,1353.4000244140625,1357.43994140625,2177470,0.0,0.0
2024-09-05 00:00:00+05:30,1359.5,1369.760009765625,1337.199951171875,1339.1500244140625,2001265,0.0,0.0
2024-09-06 00:00:00+05:30,1339.780029296875,1344.02001953125,1330.5999755859375,1333.4300537109375,2074285,0.0,0.0
2024-09-09 00:00:00+05:30,1335.989990234375,1343.18994140625,1320.5400390625,1331.1800537109375,1466880,0.0,0.0
2024-09-10 00:00:00+05:30,1338.800048828125,1339.56005859375,1322.6300048828125,1330.0799560546875,2328120,0.0,0.0
2024-09-11 00:00:00+05:30,1332.1800537109375,1349.8699951171875,1319.1800537109375,1322.5,1833720,0.0,0.0
2024-09-12 00:00:00+05:30,1340.0,1342.43994140625,1316.06005859375,1336.77001953125,2663355,0.0,0.0
2024-09-13 00:00:00+05:30,1337.280029296875,1339.81005859375,1329.4000244140625,1332.1400146484375,1197575,0.0,0.0
2024-09-16 00:00:00+05:30,1337.97998046875,1337.97998046875,1326.300048828125,1329.4200439453125,691625,0.0,0.0
2024-09-17 00:00:00+05:30,1328.02001953125,1333.1500244140625,1320.5999755859375,1326.3299560546875,911735,0.0,0.0
2024-09-18 00:00:00+05:30,1329.4000244140625,1329.5999755859375,1306.199951171875,1313.56005859375,1239415,0.0,0.0
2024-09-19 00:00:00+05:30,1316.800048828125,1322.5,1296.5,1300.510009765625,4661780,0.0,0.0
2024-09-20 00:00:00+05:30,1306.9599609375,1319.5899658203125,1297.1400146484375,1310.22998046875,2823650,0.0,0.0
2024-09-23 00:00:00+05:30,1320.0,1332.4000244140625,1316.0,1330.8900146484375,1326620,0.0,0.0
2024-09-24 00:00:00+05:30,1330.8900146484375,1337.97998046875,1316.0400390625,1330.0699462890625,1962100,0.0,0.0
2024-09-25 00:00:00+05:30,1331.25,1341.52001953125,1319.1099853515625,1338.2900390625,2388280,0.0,0.0
2024-09-26 00:00:00+05:30,1342.9599609375,1351.4000244140625,1332.8599853515625,1348.8800048828125,2842130,0.0,0.0
2024-09-27 00:00:00+05:30,1342.199951171875,1354.47998046875,1333.300048828125,1349.97998046875,2794555,0.0,0.0
2024-09-30 00:00:00+05:30,1351.0,1358.199951171875,1342.0,1350.3199462890625,1827470,0.0,0.0
2024-10-01 00:00:00+05:30,1350.3199462890625,1357.0799560546875,1335.6099853515625,1349.8199462890625,1738090,0.0,0.0
2024-10-03 00:00:00+05:30,1356.0,1359.0,1338.4200439453125,1347.1300048828125,2277090,0.0,0.0
2024-10-04 00:00:00+05:30,1342.5999755859375,1346.5799560546875,1322.199951171875,1326.6500244140625,1742335,0.0,0.0
2024-10-07 00:00:00+05:30,1336.7099609375,1342.4100341796875,1316.219970703125,1321.97998046875,2224190,0.0,0.0
2024-10-08 00:00:00+05:30,1321.989990234375,1333.5999755859375,1315.0,1331.2099609375,1395550,0.0,0.0
2024-10-09 00:00:00+05:30,1339.199951171875,1350.97998046875,1329.4200439453125,1332.969970703125,1680365,0.0,0.0
2024-10-10 00:00:00+05:30,1339.5999755859375,1339.5999755859375,1310.739990234375,1316.6199951171875,1582735,0.0,0.0
2024-10-11 00:00:00+05:30,1317.0,1324.93994140625,1309.010009765625,1319.8399658203125,1130225,0.0,0.0
2024-10-14 00:00:00+05:30,1327.199951171875,1338.18994140625,1320.0,1331.97998046875,1117595,0.0,0.0
2024-10-15 00:00:00+05:30,1336.800048828125,1339.97998046875,1321.0400390625,1322.3299560546875,1423265,0.0,0.0
2024-10-16 00:00:00+05:30,1328.0,1349.18994140625,1325.81005859375,1342.1800537109375,1849620,0.0,0.0
2024-10-17 00:00:00+05:30,1348.9599609375,1355.0,1330.0899658203125,1340.81005859375,1819115,0.0,0.0
2024-10-18 00:00:00+05:30,1340.81005859375,1354.800048828125,1332.47998046875,1348.219970703125,1143115,0.0,0.0
2024-10-21 00:00:00+05:30,1354.0,1354.0,1337.2099609375,1339.47998046875,1175275,0.0,0.0
2024-10-22 00:00:00+05:30,1345.4000244140625,1351.0,1326.4599609375,1332.47998046875,1904985,0.0,0.0
2024-10-23 00:00:00+05:30,1331.8699951171875,1337.6199951171875,1318.0,1321.5799560546875,1548860,0.0,0.0
2024-10-24 00:00:00+05:30,1328.800048828125,1328.800048828125,1313.8399658203125,1316.5400390625,1587305,0.0,0.0
2024-10-25 00:00:00+05:30,1314.0,1316.4000244140625,1290.02001953125,1302.93994140625,1285830,0.0,0.0
2024-10-28 00:00:00+05:30,1320.0,1325.9000244140625,1290.25,1311.5,829374,0.0,5.0
2024-10-29 00:00:00+05:30,1327.0,1335.4000244140625,1263.5,1274.699951171875,1443741,0.0,0.0
2024-10-30 00:00:00+05:30,1273.0,1273.0,1228.800048828125,1249.8499755859375,2065575,0.0,0.0
2024-10-31 00:00:00+05:30,1258.5999755859375,1283.6500244140625,1248.0,1274.199951171875,1902206,0.0,0.0
2024-11-01 00:00:00+05:30,1280.0,1289.0,1201.800048828125,1259.5999755859375,540201,0.0,0.0
2024-11-04 00:00:00+05:30,1259.5999755859375,1276.9000244140625,1250.550048828125,1268.300048828125,1771490,0.0,0.0
2024-11-05 00:00:00+05:30,1265.0999755859375,1279.0,1241.25,1272.199951171875,1603920,0.0,0.0
2024-11-06 00:00:00+05:30,1274.0,1321.9000244140625,1251.5999755859375,1302.0999755859375,3908554,0.0,0.0
2024-11-07 00:00:00+05:30,1304.949951171875,1309.0,1280.550048828125,1287.3499755859375,1479152,0.0,0.0
2024-11-08 00:00:00+05:30,1292.800048828125,1293.0,1259.1500244140625,1283.6500244140625,1328199,0.0,0.0
2024-11-11 00:00:00+05:30,1284.0,1295.25,1262.1500244140625,1287.9000244140625,1175591,0.0,0.0
2024-11-12 00:00:00+05:30,1287.8499755859375,1288.4000244140625,1258.300048828125,1263.9000244140625,1110785,0.0,0.0
2024-11-13 00:00:00+05:30,1258.0,1265.050048828125,1238.300048828125,1245.0,995217,0.0,0.0
2024-11-14 00:00:00+05:30,1249.9000244140625,1253.0,1222.199951171875,1226.699951171875,1346891,0.0,0.0
2024-11-18 00:00:00+05:30,1206.0999755859375,1219.800048828125,1170.199951171875,1193.550048828125,3367815,0.0,0.0
2024-11-19 00:00:00+05:30,1193.0,1232.0,1186.25,1213.449951171875,1509716,0.0,0.0
2024-11-21 00:00:00+05:30,1174.9000244140625,1206.699951171875,1172.5,1195.3499755859375,2121476,0.0,0.0
2024-11-22 00:00:00+05:30,1199.0,1223.199951171875,1193.5999755859375,1214.449951171875,763755,0.0,0.0
2024-11-25 00:00:00+05:30,1233.949951171875,1247.0,1205.75,1209.300048828125,3280431,0.0,0.0
2024-11-26 00:00:00+05:30,1209.0,1218.3499755859375,1203.199951171875,1208.6500244140625,1190121,0.0,0.0
2024-11-27 00:00:00+05:30,1212.0,1215.5999755859375,1198.050048828125,1199.9000244140625,1402977,0.0,0.0
2024-11-28 00:00:00+05:30,1209.050048828125,1209.9000244140625,1188.449951171875,1191.949951171875,2819269,0.0,0.0
2024-11-29 00:00:00+05:30,1206.0,1219.3499755859375,1198.6500244140625,1202.300048828125,2535820,0.0,0.0
2024-12-02 00:00:00+05:30,1214.25,1225.25,1202.300048828125,1221.75,1826479,0.0,0.0
2024-12-03 00:00:00+05:30,1229.0,1229.0,1217.550048828125,1224.5,2237453,0.0,0.0
2024-12-04 00:00:00+05:30,1224.5,1229.0999755859375,1209.5999755859375,1215.550048828125,1435443,0.0,0.0
2024-12-05 00:00:00+05:30,1216.550048828125,1249.5,1210.0999755859375,1239.8499755859375,3324867,0.0,0.0
2024-12-06 00:00:00+05:30,1246.0,1255.1500244140625,1236.3499755859375,1253.699951171875,1717216,0.0,0.0
2024-12-09 00:00:00+05:30,1254.6500244140625,1261.800048828125,1243.25,1255.1500244140625,1269332,0.0,0.0
2024-12-10 00:00:00+05:30,1250.0,1253.5999755859375,1233.0,1240.3499755859375,2025890,0.0,0.0
2024-12-11 00:00:00+05:30,1240.300048828125,1243.4000244140625,1226.699951171875,1238.550048828125,1178864,0.0,0.0
2024-12-12 00:00:00+05:30,1244.800048828125,1250.199951171875,1226.3499755859375,1245.4000244140625,1648944,0.0,0.0
2024-12-13 00:00:00+05:30,1240.300048828125,1250.199951171875,1226.449951171875,1246.3499755859375,1258819,0.0,0.0
2024-12-16 00:00:00+05:30,1246.3499755859375,1274.1500244140625,1245.199951171875,1269.949951171875,1920945,0.0,0.0
2024-12-17 00:00:00+05:30,1269.0,1270.949951171875,1243.25,1247.6500244140625,2706166,0.0,0.0
2024-12-18 00:00:00+05:30,1251.9000244140625,1281.0,1249.550048828125,1275.4000244140625,2823838,0.0,0.0
2024-12-19 00:00:00+05:30,1275.0,1331.3499755859375,1271.6500244140625,1325.5999755859375,7185903,0.0,0.0
2024-12-20 00:00:00+05:30,1326.0,1368.699951171875,1317.4000244140625,1343.6500244140625,7499087,0.0,0.0
2024-12-23 00:00:00+05:30,1362.0,1367.0,1330.300048828125,1341.3499755859375,3740109,0.0,0.0
2024-12-24 00:00:00+05:30,1347.0,1365.0,1336.199951171875,1350.9000244140625,2587142,0.0,0.0
2024-12-26 00:00:00+05:30,1350.9000244140625,1360.199951171875,1342.75,1355.1500244140625,1531359,0.0,0.0
2024-12-27 00:00:00+05:30,1363.050048828125,1398.25,1345.5,1389.449951171875,3656253,0.0,0.0
2024-12-30 00:00:00+05:30,1389.5999755859375,1392.0,1372.0999755859375,1376.9000244140625,2462657,0.0,0.0
2024-12-31 00:00:00+05:30,1370.300048828125,1395.0,1366.550048828125,1388.5,1892083,0.0,0.0
2025-01-01 00:00:00+05:30,1388.449951171875,1389.050048828125,1355.3499755859375,1369.0,1658723,0.0,0.0
2025-01-02 00:00:00+05:30,1371.449951171875,1387.949951171875,1370.050048828125,1375.050048828125,1726305,0.0,0.0
2025-01-03 00:00:00+05:30,1375.050048828125,1378.1500244140625,1347.199951171875,1352.6500244140625,1573592,0.0,0.0
2025-01-06 00:00:00+05:30,1360.4000244140625,1361.300048828125,1333.800048828125,1350.3499755859375,1539970,0.0,0.0
2025-01-07 00:00:00+05:30,1352.0,1373.050048828125,1347.5,1351.550048828125,1723188,0.0,0.0
2025-01-08 00:00:00+05:30,1369.5,1405.9000244140625,1358.0,1370.75,3456684,0.0,0.0
2025-01-09 00:00:00+05:30,1380.0,1382.949951171875,1364.0999755859375,1371.5999755859375,1607980,0.0,0.0
2025-01-10 00:00:00+05:30,1366.0999755859375,1386.0,1352.5999755859375,1354.4000244140625,1582776,0.0,0.0
2025-01-13 00:00:00+05:30,1354.050048828125,1354.1500244140625,1330.199951171875,1335.0999755859375,2822318,0.0,0.0
2025-01-14 00:00:00+05:30,1335.1500244140625,1348.8499755859375,1323.6500244140625,1337.550048828125,1370223,0.0,0.0
2025-01-15 00:00:00+05:30,1345.0,1345.0,1313.949951171875,1337.199951171875,1940371,0.0,0.0
2025-01-16 00:00:00+05:30,1340.9000244140625,1347.0,1297.0,1302.75,1195731,0.0,0.0
2025-01-17 00:00:00+05:30,1298.0,1320.699951171875,1288.0,1309.4000244140625,1432206,0.0,0.0
2025-01-20 00:00:00+05:30,1308.3499755859375,1309.0,1293.6500244140625,1302.3499755859375,561642,0.0,0.0
2025-01-21 00:00:00+05:30,1302.3499755859375,1312.949951171875,1285.6500244140625,1288.1500244140625,738787,0.0,0.0
2025-01-22 00:00:00+05:30,1291.0,1308.0,1288.0,1296.25,1301422,0.0,0.0
2025-01-23 00:00:00+05:30,1289.0,1303.949951171875,1274.550048828125,1289.4000244140625,1448659,0.0,0.0
2025-01-24 00:00:00+05:30,1229.949951171875,1252.6500244140625,1203.5,1224.4000244140625,7082467,0.0,0.0
2025-01-27 00:00:00+05:30,1224.4000244140625,1234.3499755859375,1191.5,1197.6500244140625,2184847,0.0,0.0
2025-01-28 00:00:00+05:30,1197.6500244140625,1197.6500244140625,1164.6500244140625,1181.25,3142189,0.0,0.0
2025-01-29 00:00:00+05:30,1187.4000244140625,1192.449951171875,1173.5,1181.199951171875,3458251,0.0,0.0
2025-01-30 00:00:00+05:30,1188.0,1204.800048828125,1184.0,1194.5,3290757,0.0,0.0
2025-01-31 00:00:00+05:30,1202.0,1221.0,1196.0,1217.3499755859375,1505147,0.0,0.0
2025-02-01 00:00:00+05:30,1220.4000244140625,1220.4000244140625,1200.0999755859375,1204.949951171875,1067956,0.0,0.0
2025-02-03 00:00:00+05:30,1200.0,1220.0,1196.800048828125,1203.8499755859375,1407877,0.0,0.0
2025-02-04 00:00:00+05:30,1207.0,1233.0,1201.449951171875,1219.949951171875,2239920,0.0,0.0
2025-02-05 00:00:00+05:30,1227.0,1233.0999755859375,1215.8499755859375,1227.550048828125,1460238,0.0,0.0
2025-02-06 00:00:00+05:30,1234.9000244140625,1254.0,1230.199951171875,1236.6500244140625,2990483,0.0,0.0
2025-02-07 00:00:00+05:30,1240.0,1243.75,1226.0,1240.4000244140625,1236992,0.0,0.0
2025-02-10 00:00:00+05:30,1239.699951171875,1239.699951171875,1211.050048828125,1220.949951171875,1565579,0.0,0.0
2025-02-11 00:00:00+05:30,1220.0,1222.9000244140625,1201.25,1209.800048828125,1819297,0.0,0.0
2025-02-12 00:00:00+05:30,1218.0,1220.4000244140625,1202.8499755859375,1215.8499755859375,1306601,0.0,0.0
2025-02-13 00:00:00+05:30,1216.9000244140625,1243.0,1216.9000244140625,1223.5999755859375,4447231,0.0,0.0
2025-02-14 00:00:00+05:30,1223.5,1230.0,1186.25,1197.050048828125,1211843,0.0,0.0
2025-02-17 00:00:00+05:30,1196.8499755859375,1202.0,1183.1500244140625,1198.949951171875,613030,0.0,0.0
2025-02-18 00:00:00+05:30,1198.949951171875,1204.949951171875,1182.0,1197.4000244140625,1713796,0.0,0.0
2025-02-19 00:00:00+05:30,1166.0,1176.949951171875,1127.5,1165.8499755859375,3062142,0.0,0.0
2025-02-20 00:00:00+05:30,1164.5,1174.1500244140625,1156.25,1170.949951171875,1579890,0.0,0.0
2025-02-21 00:00:00+05:30,1170.699951171875,1170.75,1145.25,1151.800048828125,6828902,0.0,0.0
2025-02-24 00:00:00+05:30,1151.800048828125,1173.9000244140625,1151.0,1164.550048828125,2017521,0.0,0.0
2025-02-25 00:00:00+05:30,1167.1500244140625,1169.550048828125,1122.5,1128.1500244140625,6463238,0.0,0.0
2025-02-27 00:00:00+05:30,1128.5,1136.3499755859375,1115.0,1125.550048828125,3435069,0.0,0.0
2025-02-28 00:00:00+05:30,1128.699951171875,1132.0,1104.550048828125,1116.5,3895033,0.0,0.0
2025-03-03 00:00:00+05:30,1118.3499755859375,1130.25,1103.9000244140625,1119.5999755859375,1810605,0.0,0.0
2025-03-04 00:00:00+05:30,1111.0999755859375,1124.1500244140625,1105.050048828125,1120.1500244140625,1074133,0.0,0.0
2025-03-05 00:00:00+05:30,1120.5,1129.0,1110.550048828125,1126.4000244140625,1260157,0.0,0.0
2025-03-06 00:00:00+05:30,1135.0,1145.699951171875,1118.6500244140625,1140.0999755859375,1648697,0.0,0.0
2025-03-07 00:00:00+05:30,1140.0999755859375,1145.199951171875,1130.0,1133.25,790599,0.0,0.0
2025-03-10 00:00:00+05:30,1134.949951171875,1137.1500244140625,1115.4000244140625,1120.199951171875,950503,0.0,0.0
2025-03-11 00:00:00+05:30,1117.0,1126.949951171875,1110.6500244140625,1116.6500244140625,884438,0.0,0.0
2025-03-12 00:00:00+05:30,1116.5999755859375,1116.6500244140625,1092.449951171875,1105.1500244140625,1914579,0.0,0.0
2025-03-13 00:00:00+05:30,1105.1500244140625,1110.25,1095.050048828125,1107.949951171875,1299174,0.0,0.0
2025-03-17 00:00:00+05:30,1107.9000244140625,1154.0999755859375,1101.5,1150.699951171875,2714559,0.0,0.0
2025-03-18 00:00:00+05:30,1150.699951171875,1150.699951171875,1150.699951171875,1150.699951171875,0,0.0,0.0
2025-03-19 00:00:00+05:30,1174.0,1177.699951171875,1158.0999755859375,1172.0999755859375,1507415,0.0,0.0
2025-03-20 00:00:00+05:30,1178.949951171875,1190.75,1165.300048828125,1187.199951171875,1521677,0.0,0.0
2025-03-21 00:00:00+05:30,1190.199951171875,1204.6500244140625,1177.050048828125,1200.1500244140625,2313824,0.0,0.0
2025-03-24 00:00:00+05:30,1205.0,1216.3499755859375,1190.25,1210.300048828125,1660669,0.0,0.0
2025-03-25 00:00:00+05:30,1210.300048828125,1215.949951171875,1167.949951171875,1177.9000244140625,2860907,0.0,0.0
2025-03-26 00:00:00+05:30,1177.9000244140625,1179.800048828125,1152.6500244140625,1164.5999755859375,2864505,0.0,0.0
2025-03-27 00:00:00+05:30,1160.0,1172.4000244140625,1144.0,1162.199951171875,4460409,0.0,0.0
2025-03-28 00:00:00+05:30,1159.25,1159.25,1140.75,1144.199951171875,2762934,0.0,0.0
2025-04-01 00:00:00+05:30,1144.199951171875,1164.4000244140625,1136.050048828125,1152.199951171875,4158012,0.0,0.0
2025-04-02 00:00:00+05:30,1150.0,1152.699951171875,1135.0,1150.0,2071245,0.0,0.0
2025-04-03 00:00:00+05:30,1190.5,1226.9000244140625,1149.050048828125,1151.449951171875,6324685,0.0,0.0
2025-04-04 00:00:00+05:30,1151.800048828125,1157.449951171875,1076.199951171875,1109.949951171875,5423861,0.0,0.0
2025-04-07 00:00:00+05:30,1020.0,1098.8499755859375,1020.0,1087.9000244140625,3888037,0.0,0.0
2025-04-08 00:00:00+05:30,1100.0,1113.6500244140625,1088.699951171875,1107.949951171875,1577632,0.0,0.0
2025-04-09 00:00:00+05:30,1094.5,1103.25,1061.6500244140625,1094.050048828125,5511474,0.0,0.0
2025-04-11 00:00:00+05:30,1139.9000244140625,1139.9000244140625,1102.25,1109.5,2740831,0.0,0.0
2025-04-15 00:00:00+05:30,1140.9000244140625,1158.0999755859375,1129.0,1154.9000244140625,2683350,0.0,0.0
2025-04-16 00:00:00+05:30,1150.199951171875,1161.4000244140625,1143.699951171875,1158.4000244140625,1451875,0.0,0.0
2025-04-17 00:00:00+05:30,1150.0999755859375,1173.5999755859375,1150.0999755859375,1163.5999755859375,2788024,0.0,0.0
2025-04-21 00:00:00+05:30,1163.4000244140625,1179.699951171875,1155.0,1177.4000244140625,1938756,0.0,0.0
2025-04-22 00:00:00+05:30,1173.9000244140625,1180.5,1162.300048828125,1175.0,1313400,0.0,0.0
2025-04-23 00:00:00+05:30,1185.0999755859375,1191.800048828125,1175.9000244140625,1186.0,3192132,0.0,0.0
2025-04-24 00:00:00+05:30,1179.0,1210.0,1176.300048828125,1200.5,4819678,0.0,0.0
2025-04-25 00:00:00+05:30,1203.9000244140625,1210.5,1159.699951171875,1174.800048828125,1286573,0.0,0.0
2025-04-28 00:00:00+05:30,1176.300048828125,1205.0,1176.300048828125,1198.699951171875,1236678,0.0,0.0
2025-04-29 00:00:00+05:30,1204.4000244140625,1204.4000244140625,1169.0,1176.0,1663018,0.0,0.0
2025-04-30 00:00:00+05:30,1176.199951171875,1196.5999755859375,1175.9000244140625,1183.9000244140625,1604442,0.0,0.0
2025-05-02 00:00:00+05:30,1176.0999755859375,1194.800048828125,1171.4000244140625,1177.9000244140625,910973,0.0,0.0
2025-05-05 00:00:00+05:30,1188.699951171875,1193.9000244140625,1154.5,1171.300048828125,1893680,0.0,0.0
2025-05-06 00:00:00+05:30,1172.199951171875,1175.0,1129.4000244140625,1160.4000244140625,1990745,0.0,0.0
2025-05-07 00:00:00+05:30,1143.4000244140625,1164.5999755859375,1143.4000244140625,1160.699951171875,1421366,0.0,0.0
2025-05-08 00:00:00+05:30,1152.699951171875,1161.4000244140625,1142.0,1148.0,2616533,0.0,0.0
2025-05-09 00:00:00+05:30,1142.5,1167.0,1138.5,1155.9000244140625,1248574,0.0,0.0
2025-05-12 00:00:00+05:30,1155.9000244140625,1204.0,1143.9000244140625,1195.5999755859375,5065176,0.0,0.0
2025-05-13 00:00:00+05:30,1196.0,1241.0,1196.0,1207.0999755859375,3134295,0.0,0.0
2025-05-14 00:00:00+05:30,1213.300048828125,1223.300048828125,1193.199951171875,1220.0,1197152,0.0,0.0
2025-05-15 00:00:00+05:30,1214.0,1239.800048828125,1200.199951171875,1236.300048828125,2053553,0.0,0.0
2025-05-16 00:00:00+05:30,1238.9000244140625,1238.9000244140625,1221.0,1230.699951171875,882873,0.0,0.0
2025-05-19 00:00:00+05:30,1228.300048828125,1241.800048828125,1214.199951171875,1219.0,2235758,0.0,0.0
2025-05-20 00:00:00+05:30,1222.0,1234.4000244140625,1216.5999755859375,1224.199951171875,1385750,0.0,0.0
2025-05-21 00:00:00+05:30,1225.0999755859375,1256.5999755859375,1220.0999755859375,1224.699951171875,2615092,0.0,0.0
2025-05-22 00:00:00+05:30,1224.699951171875,1229.800048828125,1211.4000244140625,1222.199951171875,2260610,0.0,0.0
2025-05-23 00:00:00+05:30,1228.0,1234.9000244140625,1216.0,1230.0999755859375,734297,0.0,0.0
2025-05-26 00:00:00+05:30,1229.9000244140625,1247.9000244140625,1228.699951171875,1240.9000244140625,985434,0.0,0.0
2025-05-27 00:00:00+05:30,1243.9000244140625,1249.0,1237.300048828125,1243.199951171875,1145000,0.0,0.0
2025-05-28 00:00:00+05:30,1247.800048828125,1252.199951171875,1237.0,1242.5999755859375,766968,0.0,0.0
2025-05-29 00:00:00+05:30,1245.4000244140625,1253.4000244140625,1240.4000244140625,1248.199951171875,1791885,0.0,0.0
2025-05-30 00:00:00+05:30,1248.199951171875,1254.0,1241.0,1250.0,371441,0.0,0.0
