timestamp,Open,High,Low,Close,Volume,Dividends,Stock Splits
2020-06-01 00:00:00+05:30,577.4787994754911,584.7886372845929,565.3444316833081,568.7069702148438,2564085,0.0,0.0
2020-06-02 00:00:00+05:30,568.2195421077594,586.1043434573247,560.9584403309505,581.2310791015625,2681043,0.0,0.0
2020-06-03 00:00:00+05:30,585.3247168599875,594.5351016569363,577.3325885821073,582.6444091796875,2436065,0.0,0.0
2020-06-04 00:00:00+05:30,581.8646805546782,595.5097143264974,568.0733819493944,589.7593383789062,1650031,0.0,0.0
2020-06-05 00:00:00+05:30,596.0944852246948,614.7102522634983,594.0477333152328,611.250244140625,3146152,0.0,0.0
2020-06-08 00:00:00+05:30,618.9012981948547,628.0630075459397,598.1900418032078,601.5038452148438,2757483,0.0,0.0
2020-06-09 00:00:00+05:30,607.3030749430968,619.6810591044914,591.3188170683807,596.386962890625,2091161,0.0,0.0
2020-06-10 00:00:00+05:30,596.4844260165236,610.1295211296696,594.6326138630569,599.1647338867188,1797749,0.0,0.0
2020-06-11 00:00:00+05:30,602.3321946659922,610.1293815577915,567.780968856179,575.6268310546875,2507917,0.0,0.0
2020-06-12 00:00:00+05:30,553.7947326504693,590.8313853846764,553.7947326504693,586.6890869140625,2110589,0.0,0.0
2020-06-15 00:00:00+05:30,594.5350575516991,595.3634934239611,562.4691364658668,567.1474609375,2927192,0.0,0.0
2020-06-16 00:00:00+05:30,582.8392749810661,589.1744708590081,565.4905590033089,574.1649169921875,1815454,0.0,0.0
2020-06-17 00:00:00+05:30,572.215631274684,582.546860849823,566.07531584389,569.0479736328125,1161867,0.0,0.0
2020-06-18 00:00:00+05:30,568.2195636130834,587.5663569464537,563.6387092791291,582.936767578125,1808862,0.0,0.0
2020-06-19 00:00:00+05:30,582.8392989036713,588.3947942140944,578.5021197312127,586.0068969726562,2630246,0.0,0.0
2020-06-22 00:00:00+05:30,588.5898188952231,612.9072309399768,572.1182707359966,601.9424438476562,5901428,0.0,0.0
2020-06-23 00:00:00+05:30,606.81563562717,618.2677717477932,597.5077216239006,606.5719604492188,3194115,0.0,0.0
2020-06-24 00:00:00+05:30,610.1293636000725,617.3904649370264,583.326530715622,598.0924682617188,2452073,0.0,0.0
2020-06-25 00:00:00+05:30,595.460955856976,610.665450470469,588.7358794463336,592.0496826171875,2097893,0.0,0.0
2020-06-26 00:00:00+05:30,597.3615159488013,610.4705225077633,594.5350036184683,600.5291137695312,1767686,0.0,0.0
2020-06-29 00:00:00+05:30,598.1901030712811,608.6188050300943,583.3266913724256,603.5506591796875,2018333,0.0,0.0
2020-06-30 00:00:00+05:30,609.3985488138569,612.8098225562744,595.8021888858348,603.9892578125,1634716,0.0,0.0
2020-07-01 00:00:00+05:30,604.0866005973088,610.0807114279309,596.6305581294104,598.7747802734375,1402760,0.0,0.0
2020-07-02 00:00:00+05:30,599.3595853767108,615.5387211154593,599.3595853767108,602.2835083007812,2512090,0.0,0.0
2020-07-03 00:00:00+05:30,607.9852660431294,614.0280526003255,597.9463854165167,612.2249755859375,2074752,0.0,0.0
2020-07-06 00:00:00+05:30,616.9520518809261,636.8348735031257,613.1508978688961,624.8953857421875,4075813,0.0,0.0
2020-07-07 00:00:00+05:30,624.895358244956,626.601024874742,605.5486229232326,607.8390502929688,2164858,0.0,0.0
2020-07-08 00:00:00+05:30,612.0787072259632,615.8311257099668,589.9541960465993,593.0730590820312,2401094,0.0,0.0
2020-07-09 00:00:00+05:30,596.484299395443,606.9617937169533,594.4862825396318,601.0164184570312,1631873,0.0,0.0
2020-07-10 00:00:00+05:30,601.0164481603839,604.1840462120019,581.9621248164516,595.9483032226562,2704109,0.0,0.0
2020-07-13 00:00:00+05:30,598.8235616367053,602.2835703014067,592.1472195071366,596.2407836914062,1722338,0.0,0.0
2020-07-14 00:00:00+05:30,596.9229658216325,598.2874871050531,578.7945477464773,581.572265625,1758125,0.0,0.0
2020-07-15 00:00:00+05:30,587.1765101142046,591.6111595976124,571.4846642922524,573.9700317382812,1921434,0.0,0.0
2020-07-16 00:00:00+05:30,576.9914040880749,577.9660450716623,565.295652560718,568.268310546875,1515681,0.0,0.0
2020-07-17 00:00:00+05:30,569.6815599671329,580.3052003117768,568.2195686472589,577.0888671875,2180665,0.0,0.0
2020-07-20 00:00:00+05:30,582.8392937268404,595.8995661627044,578.3071744566731,587.8587036132812,2295638,0.0,0.0
2020-07-21 00:00:00+05:30,589.6619304472343,600.8703330296044,586.6404773215604,587.81005859375,1950293,0.0,0.0
2020-07-22 00:00:00+05:30,591.611173838355,596.4843790491059,578.9407208417792,586.54296875,1749629,0.0,0.0
2020-07-23 00:00:00+05:30,589.9541682487092,596.289423814382,581.8646306964184,583.0829467773438,1211759,0.0,0.0
2020-07-24 00:00:00+05:30,581.6698113384283,581.6698113384283,566.855134886852,567.92724609375,1255646,0.0,0.0
2020-07-27 00:00:00+05:30,570.1688304007102,570.1688304007102,554.0384303157117,556.328857421875,2224709,0.0,0.0
2020-07-28 00:00:00+05:30,558.2781300320615,582.7905373299599,550.6758830678289,581.1336059570312,5625982,0.0,0.0
2020-07-29 00:00:00+05:30,584.7886286367161,606.0847056881813,584.1551328608584,600.6754150390625,6110360,0.0,0.0
2020-07-30 00:00:00+05:30,598.5798075958533,609.2522424240549,585.9094155651119,587.6637573242188,2519390,0.0,0.0
2020-07-31 00:00:00+05:30,590.9775965749232,620.75309133731,586.7378872942058,617.000732421875,4769694,0.0,0.0
2020-08-03 00:00:00+05:30,614.0279967349695,626.4547737198512,605.8897236665742,617.4392700195312,2556245,0.0,0.0
2020-08-04 00:00:00+05:30,619.2910928365309,623.5308016595642,606.4257015493263,608.8135986328125,2070693,0.0,0.0
2020-08-05 00:00:00+05:30,608.8624704073442,627.2833010502894,605.9385470475435,617.390625,2505820,0.0,0.0
2020-08-06 00:00:00+05:30,619.8759851159474,630.1098063364462,613.0534376356148,618.1216430664062,2312477,0.0,0.0
2020-08-07 00:00:00+05:30,617.926619964483,625.6263374361632,612.3223895524081,620.4119873046875,2235535,0.0,0.0
2020-08-10 00:00:00+05:30,623.7745738332726,627.0396422630903,611.7863515200132,617.9754028320312,1932817,0.0,0.0
2020-08-11 00:00:00+05:30,618.9012634657568,624.700434041782,603.3556233537715,608.423828125,2069626,0.0,0.0
2020-08-12 00:00:00+05:30,604.2815845357522,613.053413892361,599.5058492639339,610.2756958007812,2151111,0.0,0.0
2020-08-13 00:00:00+05:30,615.7824417192672,621.8252281530114,605.7435612977453,615.8311767578125,3049144,0.0,0.0
2020-08-14 00:00:00+05:30,615.9773564518285,623.5796040809623,607.6440832746852,613.004638671875,2852059,0.0,0.0
2020-08-17 00:00:00+05:30,614.1742366938996,617.9266554371549,595.2173819990661,609.4959716796875,4326042,0.0,0.0
2020-08-18 00:00:00+05:30,605.2561272950552,661.2983679398903,605.2561272950552,650.1873779296875,15527149,0.0,0.0
2020-08-19 00:00:00+05:30,651.0159597601844,654.963258962978,643.7060623652393,647.9945068359375,3257907,0.0,0.0
2020-08-20 00:00:00+05:30,643.4136438783214,657.887112575539,638.44290939701,648.7254638671875,3026994,0.0,0.0
2020-08-21 00:00:00+05:30,657.5948344379801,665.6843730318009,651.9418685954154,660.1776123046875,4009171,0.0,0.0
2020-08-24 00:00:00+05:30,663.150280259798,675.918142689234,649.3102470644662,654.5245971679688,3836076,0.0,0.0
2020-08-25 00:00:00+05:30,654.9632786460292,662.2243814966024,644.8756629393547,656.6689453125,1831246,0.0,0.0
2020-08-26 00:00:00+05:30,659.8062795823893,665.2478756845788,645.7365714681512,654.1685791015625,2459758,3.984158,0.0
2020-08-27 00:00:00+05:30,657.0611074041636,674.5624648016565,653.9726431718428,671.6701049804688,3272319,0.0,0.0
2020-08-28 00:00:00+05:30,676.4742608108564,703.4861974338237,670.6404558629181,687.4555053710938,7416581,0.0,0.0
2020-08-31 00:00:00+05:30,689.2694413995707,696.9170920547041,657.5512385347464,661.6692504882812,4474304,0.0,0.0
2020-09-01 00:00:00+05:30,663.7282628960323,691.0342987223056,638.3341248183498,671.1798095703125,4746522,0.0,0.0
2020-09-02 00:00:00+05:30,667.6991244803368,672.5524679944476,649.7075073057688,665.1989135742188,3946609,0.0,0.0
2020-09-03 00:00:00+05:30,671.6210191610927,715.1047652231978,668.2874247112592,710.5946044921875,7528192,0.0,0.0
2020-09-04 00:00:00+05:30,691.2303869928627,709.8592832843422,685.0533989077854,692.7010498046875,3620215,0.0,0.0
2020-09-07 00:00:00+05:30,705.9374403728831,706.7218580309041,679.4647863589,686.4751586914062,4194868,0.0,0.0
2020-09-08 00:00:00+05:30,689.171453041205,689.171453041205,661.0319724500464,663.8753662109375,2836862,0.0,0.0
2020-09-09 00:00:00+05:30,662.7967996753433,682.8963584168804,651.0801630047346,673.6799926757812,2847119,0.0,0.0
2020-09-10 00:00:00+05:30,682.9453834266826,703.7313075105269,667.9932646197224,699.3682250976562,4943692,0.0,0.0
2020-09-11 00:00:00+05:30,701.0350303554033,712.8006326552909,690.8871690822623,706.8688354492188,7359626,0.0,0.0
2020-09-14 00:00:00+05:30,706.9179326801308,721.5758959130827,689.2694974139085,693.1913452148438,3056973,0.0,0.0
2020-09-15 00:00:00+05:30,697.701537268265,709.3690890679259,695.9367176955463,706.3296508789062,2938207,0.0,0.0
2020-09-16 00:00:00+05:30,708.8298620077655,722.8015205213147,700.1527222933815,706.3296508789062,3050802,0.0,0.0
2020-09-17 00:00:00+05:30,706.3295890330348,724.3212062351208,702.554819699401,710.5455932617188,3942939,0.0,0.0
2020-09-18 00:00:00+05:30,713.7321578838114,734.0278829743686,710.4966153437091,730.4491577148438,3228972,0.0,0.0
2020-09-21 00:00:00+05:30,735.0082540467479,735.0082540467479,696.1816882863861,702.848876953125,2436306,0.0,0.0
2020-09-22 00:00:00+05:30,706.3295588488792,731.4295388315691,692.995181340356,714.859619140625,3326343,0.0,0.0
2020-09-23 00:00:00+05:30,715.104829082508,718.4384238300336,691.2304388000127,704.3687133789062,2586941,0.0,0.0
2020-09-24 00:00:00+05:30,694.171833040084,701.0351270285544,662.3066081861965,666.424560546875,2836522,0.0,0.0
2020-09-25 00:00:00+05:30,669.6600416956489,698.2897213424883,669.6600416956489,694.31884765625,2267006,0.0,0.0
2020-09-28 00:00:00+05:30,701.0351651100243,721.2818654515456,701.0351651100243,719.8601684570312,2555901,0.0,0.0
2020-09-29 00:00:00+05:30,721.6248835655812,725.4487390406595,701.0840896446583,707.3590698242188,1829165,0.0,0.0
2020-09-30 00:00:00+05:30,707.3590607701143,731.8217620508957,701.0840806708727,729.6647338867188,2387252,0.0,0.0
2020-10-01 00:00:00+05:30,734.5671297665195,741.2342588106924,721.6739263359004,739.8126220703125,2413277,0.0,0.0
2020-10-05 00:00:00+05:30,737.5085462164097,748.6858966902424,727.4587360103848,735.4985961914062,1907600,0.0,0.0
2020-10-06 00:00:00+05:30,735.5965939036386,745.1071162817902,726.0369853459931,742.9010620117188,1861945,0.0,0.0
2020-10-07 00:00:00+05:30,740.2537406090813,746.8228770346475,733.3905076863855,744.8129272460938,1633121,0.0,0.0
2020-10-08 00:00:00+05:30,750.058463814941,759.5690464261343,743.881535792396,755.3040161132812,2229138,0.0,0.0
2020-10-09 00:00:00+05:30,754.5196847123398,757.8042534959002,727.7529334761223,730.5472412109375,2916735,0.0,0.0
2020-10-12 00:00:00+05:30,731.5766660532473,737.6556021268252,723.5858322169579,730.155029296875,2824839,0.0,0.0
2020-10-13 00:00:00+05:30,728.2921445404446,748.0976090162203,722.556390801255,734.812255859375,2751314,0.0,0.0
2020-10-14 00:00:00+05:30,728.488240027328,752.9999698431537,719.1247950459638,748.6859130859375,2415604,0.0,0.0
2020-10-15 00:00:00+05:30,745.4993335009888,752.9508799888146,730.6452065433785,735.4495239257812,1506667,0.0,0.0
2020-10-16 00:00:00+05:30,738.2438061757342,761.4809146303146,735.351446673631,757.6080932617188,1772044,0.0,0.0
2020-10-19 00:00:00+05:30,756.9217152313464,767.118602585627,746.6758618615123,758.0492553710938,2143086,0.0,0.0
2020-10-20 00:00:00+05:30,759.863235373973,764.6674929023876,749.5682948170731,762.020263671875,1746130,0.0,0.0
2020-10-21 00:00:00+05:30,764.7655388614629,778.9333009862439,756.4806084470259,776.2860717773438,2418947,0.0,0.0
2020-10-22 00:00:00+05:30,776.2861015220863,778.9333308324196,765.7460301405674,776.1880493164062,1706604,0.0,0.0
2020-10-23 00:00:00+05:30,778.5901790021563,788.2968062714687,766.8245155717722,769.864013671875,2363692,0.0,0.0
2020-10-26 00:00:00+05:30,769.6679338978847,774.4231654422056,752.9999602389565,764.7655639648438,1344142,0.0,0.0
2020-10-27 00:00:00+05:30,758.8827558576908,774.570206715135,757.7552156334834,763.8831176757812,1536888,0.0,0.0
2020-10-28 00:00:00+05:30,774.2760509993165,774.2760509993165,757.951202005999,762.0692138671875,1985259,0.0,0.0
2020-10-29 00:00:00+05:30,757.6571934705444,762.1673545461801,751.0390301636014,755.156982421875,1066172,0.0,0.0
2020-10-30 00:00:00+05:30,754.9608281585303,778.2469634505308,750.3035890839294,763.1477661132812,1716739,0.0,0.0
2020-11-02 00:00:00+05:30,769.0795985014153,776.3841270878825,760.3534331433859,772.4622192382812,1795870,0.0,0.0
2020-11-03 00:00:00+05:30,773.7858561422502,785.306388988928,771.6778539755824,775.69775390625,2056424,0.0,0.0
2020-11-04 00:00:00+05:30,774.9624430773829,779.4726041346097,763.4909360264352,767.8049926757812,1505112,0.0,0.0
2020-11-05 00:00:00+05:30,772.1190449756397,794.5717361032314,772.1190449756397,788.68896484375,2985097,0.0,0.0
2020-11-06 00:00:00+05:30,793.1991329615018,793.1991329615018,776.0409585393237,778.8352661132812,1506722,0.0,0.0
2020-11-09 00:00:00+05:30,781.4335141386639,792.512812176593,773.7858629345276,776.67822265625,2196951,0.0,0.0
2020-11-10 00:00:00+05:30,783.3943737701946,800.5526065319206,765.7949662157823,774.0799560546875,2914387,0.0,0.0
2020-11-11 00:00:00+05:30,776.5311744622985,792.8069381833176,774.5701905751002,787.4143676757812,2520351,0.0,0.0
2020-11-12 00:00:00+05:30,788.296745004197,814.7693955435692,787.4143353357515,810.7984619140625,3845786,0.0,0.0
2020-11-13 00:00:00+05:30,810.8475277517651,831.437408123299,803.4940333796484,824.9172973632812,5942145,0.0,0.0
2020-11-14 00:00:00+05:30,826.5351262342072,828.1039015067646,818.7894222430393,822.2210693359375,326158,0.0,0.0
2020-11-17 00:00:00+05:30,830.358919563962,836.8300044235053,819.2305954236697,826.43701171875,1893365,0.0,0.0
2020-11-18 00:00:00+05:30,825.1133332692506,835.0650906564067,821.8777909720228,832.3688354492188,1727008,0.0,0.0
2020-11-19 00:00:00+05:30,828.2999472740206,845.0659126319106,815.7499262252603,820.4071655273438,1931331,0.0,0.0
2020-11-20 00:00:00+05:30,823.5936777525837,845.065908406522,822.2210070032846,839.2811889648438,2058126,0.0,0.0
2020-11-23 00:00:00+05:30,846.5365596774805,851.9291299348902,834.476800723455,837.908447265625,2233883,0.0,0.0
2020-11-24 00:00:00+05:30,840.2616773562422,846.8798407246545,833.3983834747016,836.5848999023438,1399638,0.0,0.0
2020-11-25 00:00:00+05:30,839.2811289239755,856.7334583646746,823.6426449315506,826.633056640625,2401936,0.0,0.0
2020-11-26 00:00:00+05:30,833.5944276370852,863.7928224036584,830.5059636379134,860.26318359375,4266333,0.0,0.0
2020-11-27 00:00:00+05:30,860.2632480873408,868.5481788053323,853.0077453652452,858.6454467773438,4020685,0.0,0.0
2020-12-01 00:00:00+05:30,850.0663810902488,892.9128528322999,845.311089325685,890.0695190429688,4126748,0.0,0.0
2020-12-02 00:00:00+05:30,883.9415181370155,901.0017003766397,882.5198212634617,897.6190795898438,2854485,0.0,0.0
2020-12-03 00:00:00+05:30,903.0116279302198,906.835423457828,888.3045787847127,892.2755126953125,1996094,0.0,0.0
2020-12-04 00:00:00+05:30,897.5209561361144,928.405715601408,895.2658757906039,913.3065185546875,3042427,0.0,0.0
2020-12-07 00:00:00+05:30,921.5914913619195,935.3671045661088,912.0809686383228,919.3854370117188,3205743,0.0,0.0
2020-12-08 00:00:00+05:30,919.1893421999271,923.6014509463571,900.4623930779908,907.7178955078125,1763695,0.0,0.0
2020-12-09 00:00:00+05:30,908.8454432252748,915.5126325005785,898.2563460980832,902.2763061523438,1618537,0.0,0.0
2020-12-10 00:00:00+05:30,903.9920700606463,906.737411475567,884.9219386979779,891.7362060546875,1734033,0.0,0.0
2020-12-11 00:00:00+05:30,892.128379994062,897.7660808213865,883.4022152563776,884.6278076171875,1945748,0.0,0.0
2020-12-14 00:00:00+05:30,888.9419270184501,905.9530228228455,888.598744310371,893.6481323242188,2052814,0.0,0.0
2020-12-15 00:00:00+05:30,894.1873779296875,899.7760527968107,885.3631607795985,894.1873779296875,1467901,0.0,0.0
2020-12-16 00:00:00+05:30,902.4233010083249,907.2276184761616,893.2069349529913,896.9326782226562,1395643,0.0,0.0
2020-12-17 00:00:00+05:30,898.0112084697408,908.306148908162,894.1874129315596,894.8737182617188,1482672,0.0,0.0
2020-12-18 00:00:00+05:30,894.1874073423185,898.8446465649463,884.3827279731577,891.88330078125,2224860,0.0,0.0
2020-12-21 00:00:00+05:30,891.8342644687829,892.1774471682907,851.3409289240483,860.2141723632812,1912602,0.0,0.0
2020-12-22 00:00:00+05:30,860.2141507085468,872.0287796031283,846.4875640458434,867.9108276367188,1715164,0.0,0.0
2020-12-23 00:00:00+05:30,868.7932922286668,891.2460452298662,864.1360528823295,884.3827514648438,2387101,0.0,0.0
2020-12-24 00:00:00+05:30,888.9419199029339,894.0403339771258,873.6955836191087,879.62744140625,1425968,0.0,0.0
2020-12-28 00:00:00+05:30,883.598289437496,894.5305080346731,879.5783298087985,888.9418334960938,1495820,0.0,0.0
2020-12-29 00:00:00+05:30,893.2069289613239,904.6293492742863,888.5006637248907,891.7362060546875,1631226,0.0,0.0
2020-12-30 00:00:00+05:30,893.3050011262283,920.6110371819512,879.7745183095734,916.14990234375,2289284,0.0,0.0
2020-12-31 00:00:00+05:30,921.4443595971038,922.4738475620642,903.5507953323608,909.727783203125,2086260,0.0,0.0
2021-01-01 00:00:00+05:30,906.4432683850862,919.6795944990376,902.2762901820287,915.16943359375,1156184,0.0,0.0
2021-01-04 00:00:00+05:30,918.8462861672302,948.1132482684853,918.8462861672302,945.613037109375,2678141,0.0,0.0
2021-01-05 00:00:00+05:30,936.3476077127167,952.9665552212691,928.4548257885891,942.5245361328125,1517829,0.0,0.0
2021-01-06 00:00:00+05:30,941.2498654865253,970.1737022139597,936.3965820194774,965.369384765625,2171483,0.0,0.0
2021-01-07 00:00:00+05:30,970.663951394818,985.0278173842416,958.1139309108662,974.438720703125,1896450,0.0,0.0
2021-01-08 00:00:00+05:30,980.1254444688893,1003.8528146618587,972.7229240937642,984.6846313476562,2390870,0.0,0.0
2021-01-11 00:00:00+05:30,979.8312878751615,992.5283866133733,975.0270305826249,984.6846313476562,1254601,0.0,0.0
2021-01-12 00:00:00+05:30,986.155396113544,1000.6662808862884,978.2135883126596,990.5675048828125,1557324,0.0,0.0
2021-01-13 00:00:00+05:30,989.2929074315247,1020.6679304957783,987.773158347991,1013.1672973632812,2214186,0.0,0.0
2021-01-14 00:00:00+05:30,1014.7850401550099,1020.618905987847,993.5089134383509,1000.3231811523438,1528096,0.0,0.0
2021-01-15 00:00:00+05:30,995.2736991294773,1019.0010099856715,982.0373729685989,1012.8731079101562,2034259,0.0,0.0
2021-01-18 00:00:00+05:30,1003.0194278614007,1009.4415467836421,971.4973867950406,979.6842651367188,1854738,0.0,0.0
2021-01-19 00:00:00+05:30,982.4295601263748,1031.9432769684931,982.4295601263748,1011.74560546875,4075179,0.0,0.0
2021-01-20 00:00:00+05:30,1007.921707215771,1018.2166469267249,994.9795384918301,1014.4907836914062,1534841,0.0,0.0
2021-01-21 00:00:00+05:30,1015.765524731063,1026.5016398977016,992.7245192675849,997.2346801757812,1273254,0.0,0.0
2021-01-22 00:00:00+05:30,1002.3331565122407,1010.6180873383721,980.4687160170675,984.3905639648438,1033889,0.0,0.0
2021-01-25 00:00:00+05:30,1004.9803673715548,1092.8793574115155,997.1366120081618,1048.8563232421875,15405089,0.0,0.0
2021-01-27 00:00:00+05:30,1043.1695407861805,1092.5852058095934,1030.521528012596,1040.8165283203125,6647316,0.0,0.0
2021-01-28 00:00:00+05:30,1020.1775267376944,1054.98413175372,1018.2656291860139,1046.5521240234375,2845529,0.0,0.0
2021-01-29 00:00:00+05:30,1041.8460059912459,1072.632715860545,1027.9723400606051,1035.03173828125,3837388,0.0,0.0
2021-02-01 00:00:00+05:30,1039.2967637016623,1108.7139989516115,1026.8938808962655,1103.66455078125,2107472,0.0,0.0
2021-02-02 00:00:00+05:30,1121.6560815373114,1186.2689940950952,1114.2535012147941,1166.757568359375,4139299,0.0,0.0
2021-02-03 00:00:00+05:30,1155.0901298560586,1181.954990860493,1149.3543164483615,1167.591064453125,2436735,0.0,0.0
2021-02-04 00:00:00+05:30,1156.9529094990785,1193.6714129279562,1148.1777188964309,1165.286865234375,2669863,0.0,0.0
2021-02-05 00:00:00+05:30,1165.286970567202,1185.1904860354916,1150.0897204520659,1162.933837890625,1642638,0.0,0.0
2021-02-08 00:00:00+05:30,1162.835743845847,1196.1716887627913,1161.8553420270587,1187.1513671875,1963580,0.0,0.0
2021-02-09 00:00:00+05:30,1186.3671953102205,1202.5448484092644,1180.4843031269133,1194.161865234375,1733956,0.0,0.0
2021-02-10 00:00:00+05:30,1192.2498021473548,1224.605224024675,1192.2498021473548,1207.3489990234375,3276987,0.0,0.0
2021-02-11 00:00:00+05:30,1199.1131682569985,1220.4873464192203,1197.7404374452894,1211.3199462890625,1221329,0.0,0.0
2021-02-12 00:00:00+05:30,1219.7030797535283,1230.2921169010153,1197.20130071386,1217.840087890625,3434991,0.0,0.0
2021-02-15 00:00:00+05:30,1232.4980570767832,1234.0177459252295,1192.985185721153,1203.9664306640625,1921858,0.0,0.0
2021-02-16 00:00:00+05:30,1210.290607010719,1232.4492044030171,1201.6624933530477,1219.4580078125,1567856,0.0,0.0
2021-02-17 00:00:00+05:30,1204.1135508936054,1224.6052585797947,1204.0154986959678,1214.2613525390625,1052775,0.0,0.0
2021-02-18 00:00:00+05:30,1214.2614139617795,1223.281735952699,1189.3084501828548,1205.63330078125,1542595,0.0,0.0
2021-02-19 00:00:00+05:30,1207.692272263301,1215.4869416919946,1186.3671198998823,1194.2108154296875,1319734,0.0,0.0
2021-02-22 00:00:00+05:30,1197.6425789062241,1210.878905859388,1191.2694257847586,1206.466796875,1133104,0.0,0.0
2021-02-23 00:00:00+05:30,1214.8005754325918,1225.48766360032,1197.7403350792088,1207.447021484375,1440367,0.0,0.0
2021-02-24 00:00:00+05:30,1214.8007362233031,1232.4491719053656,1207.2020507881857,1225.781982421875,443684,0.0,0.0
2021-02-25 00:00:00+05:30,1233.4296966968875,1263.8243213038677,1229.50784841277,1245.6365966796875,1949746,0.0,0.0
2021-02-26 00:00:00+05:30,1230.4882116466508,1245.19520089369,1167.5910882530482,1177.3468017578125,2809674,0.0,0.0
2021-03-01 00:00:00+05:30,1183.3765717851807,1245.1951167746897,1178.7193328031346,1241.2242431640625,1607731,0.0,0.0
2021-03-02 00:00:00+05:30,1250.0976837673122,1273.1386316663136,1236.371095142107,1269.4619140625,1961842,0.0,0.0
2021-03-03 00:00:00+05:30,1273.6288248755006,1316.7695125191253,1264.8046069668067,1292.3558349609375,2252759,0.0,0.0
2021-03-04 00:00:00+05:30,1280.49200774343,1333.4373106027385,1275.099377195016,1324.0247802734375,1958602,0.0,0.0
2021-03-05 00:00:00+05:30,1322.4561262883974,1344.9088789730959,1298.1405019238264,1313.190673828125,2724965,0.0,0.0
2021-03-08 00:00:00+05:30,1313.7788690547347,1340.9869107788509,1305.5429654572515,1317.994873046875,1406248,0.0,0.0
2021-03-09 00:00:00+05:30,1355.007658630259,1380.499909489767,1334.4669238333656,1339.663330078125,5099085,0.0,0.0
2021-03-10 00:00:00+05:30,1351.0857275134413,1362.2140509970277,1333.437293453974,1357.998046875,1090258,0.0,0.0
2021-03-12 00:00:00+05:30,1367.753645864873,1377.509358805215,1348.144287949327,1352.556396484375,1210907,0.0,0.0
2021-03-15 00:00:00+05:30,1361.870968043003,1364.7143617853924,1320.6913256092193,1357.066650390625,974779,0.0,0.0
2021-03-16 00:00:00+05:30,1353.1446839780913,1370.44993510073,1349.0267321118206,1357.458740234375,1181261,0.0,0.0
2021-03-17 00:00:00+05:30,1355.5959314360414,1367.6556310080257,1334.7118943910311,1340.398681640625,1009550,0.0,0.0
2021-03-18 00:00:00+05:30,1364.812287783887,1372.5579305039955,1345.20293033528,1360.6943359375,1797660,0.0,0.0
2021-03-19 00:00:00+05:30,1353.6349633861755,1387.3631164976887,1336.3787381260545,1383.686279296875,2441007,0.0,0.0
2021-03-22 00:00:00+05:30,1391.285090111332,1400.1093079337631,1373.881784979539,1386.28466796875,1593946,0.0,0.0
2021-03-23 00:00:00+05:30,1386.2845423379283,1394.7165505753053,1366.6261584294375,1383.686279296875,1007993,0.0,0.0
2021-03-24 00:00:00+05:30,1381.4803068193266,1381.4803068193266,1352.703547595596,1360.54736328125,1496233,0.0,0.0
2021-03-25 00:00:00+05:30,1356.4784859535475,1373.0973735183238,1327.1624385647078,1345.9383544921875,2174481,0.0,0.0
2021-03-26 00:00:00+05:30,1354.0272093355816,1383.8824216730345,1352.0662855169285,1378.146728515625,1772011,0.0,0.0
2021-03-30 00:00:00+05:30,1388.9319255725927,1413.4926806380731,1368.4891227084363,1394.814697265625,2584538,0.0,0.0
2021-03-31 00:00:00+05:30,1389.3240405505724,1427.5622342157221,1382.4607472912367,1422.21875,1247057,0.0,0.0
2021-04-01 00:00:00+05:30,1431.4841831395793,1438.3473561469245,1408.8843537944658,1426.091552734375,1275251,0.0,0.0
2021-04-05 00:00:00+05:30,1426.5818811320562,1443.936159184768,1397.2658355246906,1418.2479248046875,1402086,0.0,0.0
2021-04-06 00:00:00+05:30,1418.738013705488,1420.9440679562113,1398.1482541400721,1404.5703125,739833,0.0,0.0
2021-04-07 00:00:00+05:30,1399.9131528804573,1416.286909265027,1399.9131528804573,1409.32568359375,609297,0.0,0.0
2021-04-08 00:00:00+05:30,1418.5419389557978,1434.7197105198302,1405.5507436702899,1419.5224609375,1573056,0.0,0.0
2021-04-09 00:00:00+05:30,1426.581864674249,1440.651514036348,1404.8645043089743,1411.874755859375,1129821,0.0,0.0
2021-04-12 00:00:00+05:30,1390.255561179887,1397.1188551546804,1340.8400127881996,1349.7132568359375,1328953,0.0,0.0
2021-04-13 00:00:00+05:30,1345.98725798065,1379.2251502443728,1343.830229814444,1365.0084228515625,1428913,0.0,0.0
2021-04-15 00:00:00+05:30,1365.7927733672977,1372.6070408194428,1299.1210020160968,1322.8973388671875,2016916,0.0,0.0
2021-04-16 00:00:00+05:30,1316.7694180977708,1353.046689031064,1314.8083741146659,1326.7701416015625,1443699,0.0,0.0
2021-04-19 00:00:00+05:30,1304.3174672905197,1312.8475284769781,1279.7567117215708,1298.826904296875,1241897,0.0,0.0
2021-04-20 00:00:00+05:30,1324.7112623985927,1346.52667668494,1256.5687040277282,1266.66748046875,3702862,0.0,0.0
2021-04-22 00:00:00+05:30,1247.0579687860904,1287.9925970236393,1245.4892538380152,1274.8052978515625,1876238,0.0,0.0
2021-04-23 00:00:00+05:30,1273.6287919963945,1297.3070773969232,1237.3515193982819,1253.136962890625,2851038,0.0,0.0
2021-04-26 00:00:00+05:30,1259.9023018206635,1295.1991752719443,1259.9023018206635,1286.7181396484375,1238450,0.0,0.0
2021-04-27 00:00:00+05:30,1294.2185838611963,1313.0435242038216,1282.4529210458015,1305.1998291015625,1241249,0.0,0.0
2021-04-28 00:00:00+05:30,1311.327753313495,1322.652181436319,1295.3460860834223,1314.9554443359375,1288850,0.0,0.0
2021-04-29 00:00:00+05:30,1327.9466608067407,1342.7518220518139,1306.2783262017651,1324.3189697265625,1800136,0.0,0.0
2021-04-30 00:00:00+05:30,1315.7888821712766,1379.9115350414604,1306.9646649887925,1374.371826171875,3274647,0.0,0.0
2021-05-03 00:00:00+05:30,1369.3225876579088,1397.2168777331901,1347.4091215713452,1386.9219970703125,1793989,0.0,0.0
2021-05-04 00:00:00+05:30,1387.3631799182442,1420.6010735674524,1376.5779184756364,1388.2945556640625,2079242,0.0,0.0
2021-05-05 00:00:00+05:30,1392.3635315840395,1426.5329223658912,1377.5584898629834,1393.14794921875,2165853,0.0,0.0
2021-05-06 00:00:00+05:30,1392.2653626260546,1421.6794593548743,1390.4024910618502,1419.6204833984375,1643323,0.0,0.0
2021-05-07 00:00:00+05:30,1421.6795623284982,1433.3471737014072,1405.3056855251382,1421.287353515625,1272527,0.0,0.0
2021-05-10 00:00:00+05:30,1431.4842817104109,1446.1912708505822,1402.3153137726272,1416.3359375,2080852,0.0,0.0
2021-05-11 00:00:00+05:30,1397.1678524904119,1440.2595133182797,1397.1678524904119,1421.82666015625,1527199,0.0,0.0
2021-05-12 00:00:00+05:30,1423.5914005102993,1428.1996135445436,1380.5488883403289,1384.764892578125,1354561,0.0,0.0
2021-05-14 00:00:00+05:30,1392.265442203332,1394.1773399748722,1328.3879174806914,1340.3006591796875,1245183,0.0,0.0
2021-05-17 00:00:00+05:30,1346.2813502401116,1373.0481567261904,1335.8393925966195,1366.6260986328125,755051,0.0,0.0
2021-05-18 00:00:00+05:30,1377.656498428259,1399.962172588628,1359.0275414901007,1365.20458984375,1049467,0.0,0.0
2021-05-19 00:00:00+05:30,1363.8318093841858,1394.1283763562324,1353.43887724185,1362.5572509765625,912471,0.0,0.0
2021-05-20 00:00:00+05:30,1361.8709835435632,1361.8709835435632,1338.4378283985773,1348.3895263671875,886461,0.0,0.0
2021-05-21 00:00:00+05:30,1353.0465589476887,1359.860825647821,1338.3395716224084,1345.0557861328125,743088,0.0,0.0
2021-05-24 00:00:00+05:30,1345.8402887191037,1349.5171262326116,1324.2209792071817,1343.9774169921875,1450921,0.0,0.0
2021-05-25 00:00:00+05:30,1353.0466864718799,1371.9207734774964,1327.7506610817763,1348.0462646484375,3103636,0.0,0.0
2021-05-26 00:00:00+05:30,1357.9490223513978,1403.9820052216185,1354.0762009123478,1381.8724365234375,4319669,0.0,0.0
2021-05-27 00:00:00+05:30,1387.314163135643,1408.198080431334,1365.792786368303,1389.47119140625,4469025,0.0,0.0
2021-05-28 00:00:00+05:30,1400.3054755186213,1451.093756391514,1393.2460769097902,1436.827880859375,2700533,0.0,0.0
2021-05-31 00:00:00+05:30,1436.6315887136698,1465.7025029702768,1426.5818393477293,1442.4654541015625,2951302,0.0,0.0
2021-06-01 00:00:00+05:30,1446.7795840615524,1450.2601969024356,1408.933476910006,1416.3359375,1122065,0.0,0.0
2021-06-02 00:00:00+05:30,1415.7967240224789,1426.0425779667582,1397.707054675749,1414.080810546875,1804692,0.0,0.0
2021-06-03 00:00:00+05:30,1416.973193328928,1435.4060448905682,1408.0018980382367,1430.258544921875,1010766,0.0,0.0
2021-06-04 00:00:00+05:30,1430.3076053461587,1477.566241575042,1423.9835990350812,1473.889404296875,2566329,0.0,0.0
2021-06-07 00:00:00+05:30,1488.9396953900218,1501.0484209177798,1466.3888913829333,1471.683349609375,2501045,0.0,0.0
2021-06-08 00:00:00+05:30,1479.4781691341377,1486.439514875308,1461.0943428583857,1473.7913818359375,1031475,0.0,0.0
2021-06-09 00:00:00+05:30,1480.6056641761631,1498.0579947239019,1455.995883414461,1462.908203125,1734171,0.0,0.0
2021-06-10 00:00:00+05:30,1461.8788243966317,1487.370955667015,1458.1530809431486,1463.3494873046875,879471,0.0,0.0
2021-06-11 00:00:00+05:30,1476.4875946783934,1480.5074942909966,1446.6814100993831,1461.4864501953125,899012,0.0,0.0
2021-06-14 00:00:00+05:30,1452.5643191578138,1468.4479348913235,1428.7389556385558,1463.8397216796875,685484,0.0,0.0
2021-06-15 00:00:00+05:30,1465.800523810022,1485.4098813002227,1458.9372306641512,1466.045654296875,817869,0.0,0.0
2021-06-16 00:00:00+05:30,1466.2909264358618,1472.2227243047373,1435.308112172586,1440.504638671875,921327,0.0,0.0
2021-06-17 00:00:00+05:30,1436.3864270355116,1461.535493196558,1422.2187260339579,1429.71923828125,798597,0.0,0.0
2021-06-18 00:00:00+05:30,1435.4060755287524,1460.113907679052,1392.3144175224427,1451.828857421875,1491403,0.0,0.0
2021-06-21 00:00:00+05:30,1432.7588050562813,1471.536287012777,1426.5818769785221,1467.4183349609375,1150374,0.0,0.0
2021-06-22 00:00:00+05:30,1470.7030066356765,1491.0967832564631,1463.8887390616972,1467.0751953125,1410254,0.0,0.0
2021-06-23 00:00:00+05:30,1470.7030695734186,1482.7137438973762,1455.0155576677857,1469.4774169921875,977659,0.0,0.0
2021-06-24 00:00:00+05:30,1468.7421620124248,1477.5663800477905,1458.4471608631522,1469.62451171875,1150441,0.0,0.0
2021-06-25 00:00:00+05:30,1472.3698631229454,1485.41008584719,1460.8983555685743,1477.4193115234375,1198951,0.0,0.0
2021-06-28 00:00:00+05:30,1485.4100735438287,1516.7850976535453,1483.2040190386458,1490.9007568359375,2457270,0.0,0.0
2021-06-29 00:00:00+05:30,1487.37090719262,1493.4988092988249,1469.7224722230624,1473.9384765625,737277,0.0,0.0
2021-06-30 00:00:00+05:30,1473.938552063833,1480.2136529557004,1461.8788516366262,1469.4774169921875,902718,0.0,0.0
2021-07-01 00:00:00+05:30,1473.8894920840041,1478.8899141764593,1459.9178941132245,1470.9971923828125,637573,0.0,0.0
2021-07-02 00:00:00+05:30,1475.605438752775,1483.4001085169937,1457.9570028890157,1460.6531982421875,745289,0.0,0.0
2021-07-05 00:00:00+05:30,1468.2517146419555,1478.546594322709,1456.9763130096997,1460.60400390625,787645,0.0,0.0
2021-07-06 00:00:00+05:30,1462.6140829814403,1495.2147584814304,1462.5651770415477,1468.0067138671875,1828294,0.0,0.0
2021-07-07 00:00:00+05:30,1465.8005758206511,1470.7029454076514,1447.1716194548521,1464.673095703125,1123558,0.0,0.0
2021-07-08 00:00:00+05:30,1467.565388898765,1469.4772865938098,1443.4458700226498,1446.6324462890625,1079337,0.0,0.0
2021-07-09 00:00:00+05:30,1446.1912903461312,1478.546714955484,1432.4647028771888,1470.85009765625,801755,0.0,0.0
2021-07-12 00:00:00+05:30,1477.5661977056482,1510.6079851568816,1477.5661977056482,1506.1468505859375,1866434,0.0,0.0
2021-07-13 00:00:00+05:30,1509.9216277159856,1551.2483452553777,1507.960703957825,1545.8558349609375,2184726,0.0,0.0
2021-07-14 00:00:00+05:30,1544.7283721240276,1549.1404810128859,1532.6196458118582,1537.1788330078125,705279,0.0,0.0
2021-07-15 00:00:00+05:30,1537.3748475411978,1548.8952599514903,1522.8148169619467,1526.834716796875,911522,0.0,0.0
2021-07-16 00:00:00+05:30,1534.2372660237008,1548.4541136163116,1517.814364160651,1541.5908203125,853187,0.0,0.0
2021-07-19 00:00:00+05:30,1528.3546142578125,1544.826423345996,1514.6770526786502,1528.3546142578125,562032,0.0,0.0
2021-07-20 00:00:00+05:30,1527.766253962719,1556.5430130401735,1508.8432605028138,1543.355712890625,1735941,0.0,0.0
2021-07-22 00:00:00+05:30,1563.8474269271474,1568.2595353538081,1542.4731299930545,1551.1502685546875,986602,0.0,0.0
2021-07-23 00:00:00+05:30,1549.1403210716053,1557.9155118409599,1514.971053842957,1519.236083984375,1414915,0.0,0.0
2021-07-26 00:00:00+05:30,1519.2361661178745,1535.6589483064529,1510.9512358736542,1519.9715576171875,1014895,0.0,0.0
2021-07-27 00:00:00+05:30,1520.9030058559742,1533.649071479614,1483.4491064597003,1489.037841796875,772365,0.0,0.0
2021-07-28 00:00:00+05:30,1498.1561211985315,1507.2254696268215,1456.9764776598788,1503.5977783203125,1298575,0.0,0.0
2021-07-29 00:00:00+05:30,1512.8630477478198,1527.1778269879467,1493.253690337151,1514.4317626953125,1223764,0.0,0.0
2021-07-30 00:00:00+05:30,1507.6667651818427,1535.4140987167707,1491.9302265830981,1521.0501708984375,1130851,0.0,0.0
2021-08-02 00:00:00+05:30,1534.4333971991052,1582.67243539972,1528.2074430671125,1560.5628662109375,2029644,0.0,0.0
2021-08-03 00:00:00+05:30,1544.2380969304352,1568.651651840522,1514.3337391950756,1561.2982177734375,1650483,0.0,0.0
2021-08-04 00:00:00+05:30,1558.9452373508445,1573.8973575965724,1507.0293581222923,1524.481689453125,1252484,0.0,0.0
2021-08-05 00:00:00+05:30,1508.941151545168,1522.6677384308337,1495.2146848215111,1507.3724365234375,718574,0.0,0.0
2021-08-06 00:00:00+05:30,1514.4317898067832,1523.1579546115572,1490.5083757407285,1501.097412109375,688396,0.0,0.0
2021-08-09 00:00:00+05:30,1514.8240661732693,1516.7849900207248,1477.1250378454642,1482.6156005859375,611589,0.0,0.0
2021-08-10 00:00:00+05:30,1490.312233000567,1490.312233000567,1449.0835686799878,1461.4864501953125,933609,0.0,0.0
2021-08-11 00:00:00+05:30,1455.0156288321216,1487.2730039175538,1451.0937807044015,1473.0562744140625,1273342,0.0,0.0
2021-08-12 00:00:00+05:30,1475.4171719417332,1490.3700294921193,1464.4484476758469,1468.0390625,508925,4.980198,0.0
2021-08-13 00:00:00+05:30,1469.0227841473734,1507.5362313619453,1461.3495362495396,1472.564208984375,2451296,0.0,0.0
2021-08-16 00:00:00+05:30,1474.531752171022,1500.2075054565023,1463.2186992771517,1466.661865234375,932948,0.0,0.0
2021-08-17 00:00:00+05:30,1472.1707254763216,1474.1873869679177,1436.362596126502,1456.9227294921875,1095272,0.0,0.0
2021-08-18 00:00:00+05:30,1458.1032704156205,1484.270800304514,1455.939039526789,1476.7943115234375,891871,0.0,0.0
2021-08-20 00:00:00+05:30,1465.7271853712393,1478.860139918207,1451.0202776285432,1460.513427734375,777228,0.0,0.0
2021-08-23 00:00:00+05:30,1470.6950602019033,1474.8759523431966,1408.719284003275,1417.2286376953125,1168369,0.0,0.0
2021-08-24 00:00:00+05:30,1420.524280172167,1438.2316453766084,1417.2286838170862,1436.4117431640625,916666,0.0,0.0
2021-08-25 00:00:00+05:30,1442.658464293502,1448.7084484942823,1422.5901093356313,1424.1640625,842972,0.0,0.0
2021-08-26 00:00:00+05:30,1422.5900635352148,1436.018156212131,1406.8009809061352,1415.6546630859375,940660,0.0,0.0
2021-08-27 00:00:00+05:30,1420.5242350355722,1444.1340143702205,1419.4912491686205,1434.5916748046875,899807,0.0,0.0
2021-08-30 00:00:00+05:30,1441.1828052449955,1458.8901706055983,1438.2316580603936,1447.23291015625,767630,0.0,0.0
2021-08-31 00:00:00+05:30,1457.906441086844,1479.9422673613617,1443.7896909009135,1476.00732421875,1662849,0.0,0.0
2021-09-01 00:00:00+05:30,1485.451334874763,1489.8781765612894,1456.1358965762274,1461.841552734375,666666,0.0,0.0
2021-09-02 00:00:00+05:30,1465.7763450832313,1482.5000344862708,1460.857605813911,1474.8759765625,1022291,0.0,0.0
2021-09-03 00:00:00+05:30,1485.451212653559,1495.2395015928846,1468.23574541426,1485.8939208984375,1140167,0.0,0.0
2021-09-06 00:00:00+05:30,1487.4185811185114,1541.5244693328068,1487.4185811185114,1506.1097412109375,2520316,0.0,0.0
2021-09-07 00:00:00+05:30,1512.9961084856463,1532.5725664712656,1490.1240540163508,1529.1787109375,1162828,0.0,0.0
2021-09-08 00:00:00+05:30,1536.6058154464583,1582.4974915936527,1527.161975837044,1551.06689453125,4094362,0.0,0.0
2021-09-09 00:00:00+05:30,1554.1656855140538,1576.9393603633691,1544.475896419036,1571.9222412109375,845937,0.0,0.0
2021-09-13 00:00:00+05:30,1583.8256001757338,1587.2686455772744,1553.8705747040133,1580.2349853515625,971858,0.0,0.0
2021-09-14 00:00:00+05:30,1583.8254790333729,1593.5645779290637,1568.085585766115,1585.59619140625,1087072,0.0,0.0
2021-09-15 00:00:00+05:30,1588.744379252367,1596.2699377403753,1564.1508010657228,1580.6776123046875,1003371,0.0,0.0
2021-09-16 00:00:00+05:30,1588.74427089111,1591.695418089208,1548.410800593452,1552.7884521484375,855454,0.0,0.0
2021-09-17 00:00:00+05:30,1561.4453616130727,1583.6287580210721,1536.950164934835,1543.2952880859375,1964523,0.0,0.0
2021-09-20 00:00:00+05:30,1539.5571710945615,1542.0657306939386,1503.6997307231309,1510.6351318359375,777241,0.0,0.0
2021-09-21 00:00:00+05:30,1510.044838110951,1539.5571547414206,1501.879812470366,1531.834716796875,771658,0.0,0.0
2021-09-22 00:00:00+05:30,1526.0798591054954,1556.920179707871,1521.8005870925294,1549.05029296875,920391,0.0,0.0
2021-09-23 00:00:00+05:30,1553.034391617195,1598.581619318234,1547.8697032074374,1580.7266845703125,1218521,0.0,0.0
2021-09-24 00:00:00+05:30,1588.7443670699665,1631.0453115815726,1588.7443670699665,1603.2545166015625,2009800,0.0,0.0
2021-09-27 00:00:00+05:30,1608.5174678392775,1630.3073457357407,1595.8272215788843,1621.9947509765625,912417,0.0,0.0
2021-09-28 00:00:00+05:30,1626.1264489109371,1657.2127175758492,1614.419878216115,1621.945556640625,1569131,0.0,0.0
2021-09-29 00:00:00+05:30,1615.3053641220924,1651.2119940611854,1608.4683426691,1642.751708984375,821908,0.0,0.0
2021-09-30 00:00:00+05:30,1633.0126910245988,1666.755089221991,1633.0126910245988,1642.30908203125,1081824,0.0,0.0
2021-10-01 00:00:00+05:30,1632.963460858031,1660.213045168339,1608.9109727066334,1649.8837890625,705296,0.0,0.0
2021-10-04 00:00:00+05:30,1625.14270132632,1627.946399712854,1594.6467094071554,1614.4691162109375,1154208,0.0,0.0
2021-10-05 00:00:00+05:30,1614.4690635688896,1626.5691526676922,1596.614129029505,1600.549072265625,543442,0.0,0.0
2021-10-06 00:00:00+05:30,1594.6467035189205,1613.337865275795,1566.1181833873095,1573.00439453125,1041144,0.0,0.0
2021-10-07 00:00:00+05:30,1582.792543569472,1600.549098794099,1564.1506924118298,1566.1181640625,3216011,0.0,0.0
2021-10-08 00:00:00+05:30,1570.0531086490078,1590.5149826212737,1565.773836706729,1572.8076171875,696357,0.0,0.0
2021-10-11 00:00:00+05:30,1580.8742639326665,1638.423201625721,1580.8250741272498,1624.896728515625,1703912,0.0,0.0
2021-10-12 00:00:00+05:30,1624.8968048835422,1637.9315011153328,1602.0740602932985,1611.026123046875,771610,0.0,0.0
2021-10-13 00:00:00+05:30,1611.026124084465,1685.3970142672647,1596.4174745592068,1649.7855224609375,1353155,0.0,0.0
2021-10-14 00:00:00+05:30,1652.6874330624516,1746.1429946788433,1652.6874330624516,1724.0087890625,2318372,0.0,0.0
2021-10-18 00:00:00+05:30,1733.35425669406,1769.1625042660341,1717.6144842400643,1725.4351806640625,1339088,0.0,0.0
2021-10-19 00:00:00+05:30,1728.4356910254392,1741.6670250582033,1683.724569993979,1689.9713134765625,551969,0.0,0.0
2021-10-20 00:00:00+05:30,1682.2983438659571,1695.9230770482297,1654.4583586655076,1664.984375,837973,0.0,0.0
2021-10-21 00:00:00+05:30,1681.609596571271,1725.4844926900778,1662.5741059679278,1717.4178466796875,1374606,0.0,0.0
2021-10-22 00:00:00+05:30,1720.1721631580517,1736.0596260487525,1682.2981838793419,1685.93798828125,719097,0.0,0.0
2021-10-25 00:00:00+05:30,1672.3624073574474,1691.7421061837501,1642.0139844217388,1682.8392333984375,576094,0.0,0.0
2021-10-26 00:00:00+05:30,1689.0858775685676,1738.2730291179028,1676.5432009431527,1711.1217041015625,1340095,0.0,0.0
2021-10-27 00:00:00+05:30,1715.6469118793607,1726.1238577860122,1694.6932611925458,1700.300537109375,527976,0.0,0.0
2021-10-28 00:00:00+05:30,1707.727815963341,1707.727815963341,1665.033357664291,1674.7232666015625,652099,0.0,0.0
2021-10-29 00:00:00+05:30,1677.2809903138555,1714.1712924254293,1648.211384506892,1693.1192626953125,1156691,0.0,0.0
2021-11-01 00:00:00+05:30,1694.0045648428697,1766.6539244464434,1691.250056469977,1759.915283203125,1416529,0.0,0.0
2021-11-02 00:00:00+05:30,1762.866533153298,1775.6551582779878,1709.2525425575914,1715.696044921875,1121991,0.0,0.0
2021-11-03 00:00:00+05:30,1716.630723460683,1764.0471626989115,1706.9900041275537,1756.521484375,1007472,0.0,0.0
2021-11-04 00:00:00+05:30,1767.7854024053875,1770.7366701758247,1756.521539748063,1762.47314453125,95576,0.0,0.0
2021-11-08 00:00:00+05:30,1762.4731752592606,1826.9083253339247,1750.569965485359,1818.890869140625,1498465,0.0,0.0
2021-11-09 00:00:00+05:30,1820.9075271384995,1849.3376678717639,1818.497347191853,1833.548583984375,1049506,0.0,0.0
2021-11-10 00:00:00+05:30,1816.8740618854008,1848.8456250441538,1812.053702369541,1843.9761962890625,507309,0.0,0.0
2021-11-11 00:00:00+05:30,1847.2718960544344,1862.2247538777044,1802.0196835538409,1814.36572265625,949302,0.0,0.0
2021-11-12 00:00:00+05:30,1827.695362324677,1844.5173116147912,1812.5457458896396,1828.2364501953125,1157525,0.0,0.0
2021-11-15 00:00:00+05:30,1828.8266174394053,1859.2243506539535,1810.1355759649944,1825.6787109375,653718,0.0,0.0
2021-11-16 00:00:00+05:30,1829.761212198429,1844.517310170541,1787.4602694109067,1793.51025390625,518987,0.0,0.0
2021-11-17 00:00:00+05:30,1795.625237607983,1795.625237607983,1757.6036886281415,1763.506103515625,669416,0.0,0.0
2021-11-18 00:00:00+05:30,1754.2096666061748,1782.4922363073279,1734.6823996783967,1745.651123046875,477111,0.0,0.0
2021-11-22 00:00:00+05:30,1740.6832908427448,1769.0642417296142,1721.5495412788105,1749.389404296875,748099,0.0,0.0
2021-11-23 00:00:00+05:30,1750.0780278694444,1775.163502380463,1736.7483140106417,1754.3572998046875,1470853,0.0,0.0
2021-11-24 00:00:00+05:30,1760.8992044686033,1764.7849580104814,1705.908015521414,1718.549072265625,698612,0.0,0.0
2021-11-25 00:00:00+05:30,1688.1021024398756,1744.1754615423474,1688.1021024398756,1738.0269775390625,708577,0.0,0.0
2021-11-26 00:00:00+05:30,1728.7308944067768,1729.2718617133025,1651.7037568236615,1662.623291015625,751240,0.0,0.0
2021-11-29 00:00:00+05:30,1652.6874887637932,1692.1355417805478,1615.9938236687885,1656.5732421875,1454309,0.0,0.0
2021-11-30 00:00:00+05:30,1652.6875086199036,1681.85549567685,1623.4703317579333,1635.4228515625,1649983,0.0,0.0
2021-12-01 00:00:00+05:30,1639.8989593171198,1666.853406407432,1626.4708652976592,1652.2940673828125,867171,0.0,0.0
2021-12-02 00:00:00+05:30,1649.3427502576487,1721.598717032411,1646.2440336153793,1695.8245849609375,984813,0.0,0.0
2021-12-03 00:00:00+05:30,1707.0392956768796,1713.7779375382647,1670.4933186937853,1676.198974609375,921208,0.0,0.0
2021-12-06 00:00:00+05:30,1673.3461089048687,1690.6599554283769,1630.2089414450363,1633.7503662109375,851251,0.0,0.0
2021-12-07 00:00:00+05:30,1639.8988841856337,1669.4110793413583,1639.8988841856337,1658.147216796875,824437,0.0,0.0
2021-12-08 00:00:00+05:30,1672.362423169676,1713.679570605445,1666.4600079826387,1688.3482666015625,1008502,0.0,0.0
2021-12-09 00:00:00+05:30,1701.6779547443978,1701.8747139705883,1674.3298690629376,1694.7425537109375,653385,0.0,0.0
2021-12-10 00:00:00+05:30,1687.1184331825134,1728.6324582395764,1687.1184331825134,1720.762451171875,973292,0.0,0.0
2021-12-13 00:00:00+05:30,1733.3544002036106,1740.929268802998,1699.1694133003534,1704.284912109375,716279,0.0,0.0
2021-12-14 00:00:00+05:30,1687.1184277211453,1716.5323635346597,1682.6423966313332,1694.004638671875,615369,0.0,0.0
2021-12-15 00:00:00+05:30,1687.1185545059948,1703.8422453754592,1670.394984199786,1676.69091796875,573823,0.0,0.0
2021-12-16 00:00:00+05:30,1684.0689661058084,1711.5645006044665,1674.2314870633127,1689.381103515625,886870,0.0,0.0
2021-12-17 00:00:00+05:30,1677.822230554079,1686.725103316913,1629.2744231523377,1638.7183837890625,617780,0.0,0.0
2021-12-20 00:00:00+05:30,1628.8808565278805,1628.8808565278805,1574.97172746809,1590.1705322265625,948588,0.0,0.0
2021-12-21 00:00:00+05:30,1591.8429550770732,1641.6695745508039,1591.8429550770732,1609.845458984375,949077,0.0,0.0
2021-12-22 00:00:00+05:30,1621.1093930604834,1634.980195137364,1602.7133699044755,1611.9605712890625,899027,0.0,0.0
2021-12-23 00:00:00+05:30,1620.2240332342365,1642.7516375653943,1609.5503278795134,1632.619140625,1111226,0.0,0.0
2021-12-24 00:00:00+05:30,1633.2093071160116,1640.8824338651884,1569.3152515667996,1584.7108154296875,1124342,0.0,0.0
2021-12-27 00:00:00+05:30,1574.4799206112332,1589.9738650765064,1566.314895322226,1576.49658203125,1202016,0.0,0.0
2021-12-28 00:00:00+05:30,1590.7117491986696,1612.7475764820092,1585.7930097635985,1595.581298828125,1432912,0.0,0.0
2021-12-29 00:00:00+05:30,1597.5979906287073,1612.2557090377463,1572.0206174186494,1578.5625,755567,0.0,0.0
2021-12-30 00:00:00+05:30,1578.9068161902467,1593.9580529329473,1561.7405383458467,1567.7413330078125,1165542,0.0,0.0
2021-12-31 00:00:00+05:30,1577.0377334780596,1617.2728250185214,1574.529173912181,1595.87646484375,1663106,0.0,0.0
2022-01-03 00:00:00+05:30,1603.254451143694,1639.7513584652127,1590.7117738964462,1634.586669921875,628963,0.0,0.0
2022-01-04 00:00:00+05:30,1643.8337989395047,1668.9192728934904,1631.0451732230595,1664.492431640625,895183,0.0,0.0
2022-01-05 00:00:00+05:30,1657.606287229029,1724.5990657965137,1656.6224911052661,1718.6474609375,1771249,0.0,0.0
2022-01-06 00:00:00+05:30,1717.7129108960073,1717.7129108960073,1682.7899582582108,1692.5782470703125,1158707,0.0,0.0
2022-01-07 00:00:00+05:30,1694.004610203644,1777.6226951721783,1694.004610203644,1768.4248046875,2905803,0.0,0.0
2022-01-10 00:00:00+05:30,1780.573885772183,1815.0049384570632,1764.4404747837466,1808.954833984375,1468479,0.0,0.0
2022-01-11 00:00:00+05:30,1804.3313481161467,1840.582305195265,1791.395152849833,1816.8741455078125,1416519,0.0,0.0
2022-01-12 00:00:00+05:30,1827.7444859887964,1846.9274247296962,1815.005049966171,1843.5335693359375,701250,0.0,0.0
2022-01-13 00:00:00+05:30,1849.4359043788386,1852.3871719666909,1819.9235901900395,1826.6622314453125,844542,0.0,0.0
2022-01-14 00:00:00+05:30,1829.662851934771,1837.385169365547,1802.5607150901956,1827.1051025390625,1239491,0.0,0.0
2022-01-17 00:00:00+05:30,1827.1050112850608,1897.639332837212,1815.9887182964223,1887.5068359375,1256235,0.0,0.0
2022-01-18 00:00:00+05:30,1896.6064704199196,1898.4263726239824,1812.742435113492,1822.1370849609375,945496,0.0,0.0
2022-01-19 00:00:00+05:30,1815.0052067866652,1833.5978694783166,1767.0968647547993,1777.131103515625,809295,0.0,0.0
2022-01-20 00:00:00+05:30,1787.4602438052123,1806.8891319788752,1784.1155781455902,1801.232666015625,716176,0.0,0.0
2022-01-21 00:00:00+05:30,1799.2652363158047,1799.2652363158047,1750.0780818818585,1762.965087890625,527053,0.0,0.0
2022-01-24 00:00:00+05:30,1762.669860007261,1762.669860007261,1656.622428884655,1663.2135009765625,1022826,0.0,0.0
2022-01-25 00:00:00+05:30,1641.472879201006,1698.1364014391552,1631.0944328833682,1693.316162109375,837999,0.0,0.0
2022-01-27 00:00:00+05:30,1669.5094728897886,1672.3623610443408,1633.1110664103146,1659.6229248046875,817874,0.0,0.0
2022-01-28 00:00:00+05:30,1672.3622783617861,1708.121336165329,1663.5577858692805,1669.4110107421875,1141606,0.0,0.0
2022-01-31 00:00:00+05:30,1678.1663726065806,1708.7608638586921,1674.329808960089,1699.415283203125,513199,0.0,0.0
2022-02-01 00:00:00+05:30,1708.3673821182797,1748.0613852914782,1689.184322347251,1742.5523681640625,1145245,0.0,0.0
2022-02-02 00:00:00+05:30,1751.0617190082032,1760.8991979042983,1734.3381495607412,1749.192626953125,691679,0.0,0.0
2022-02-03 00:00:00+05:30,1750.1273021752131,1756.9643237532985,1694.004745690996,1704.53076171875,482344,0.0,0.0
2022-02-04 00:00:00+05:30,1704.5307515555846,1736.3056792433738,1699.1202344325475,1707.0885009765625,571680,0.0,0.0
2022-02-07 00:00:00+05:30,1697.0052065449743,1721.2052657737995,1672.3624390461866,1684.51171875,483211,0.0,0.0
2022-02-08 00:00:00+05:30,1693.3651580200838,1699.9070398220597,1657.9994997729773,1689.872802734375,423296,0.0,0.0
2022-02-09 00:00:00+05:30,1690.1680801096313,1717.614544385701,1685.1509611544525,1711.4168701171875,455811,0.0,0.0
2022-02-10 00:00:00+05:30,1698.5298968276918,1742.5031718172777,1698.5298968276918,1739.7979736328125,624867,0.0,0.0
2022-02-11 00:00:00+05:30,1721.5493905463125,1731.386748119734,1674.3297125041684,1682.34716796875,987534,0.0,0.0
2022-02-14 00:00:00+05:30,1669.017632427065,1669.017632427065,1609.0585170177073,1616.23974609375,828020,0.0,0.0
2022-02-15 00:00:00+05:30,1632.3239654087004,1687.9054293360095,1591.744547620599,1684.265625,1199604,0.0,0.0
2022-02-16 00:00:00+05:30,1686.9217284140475,1721.5003538094843,1684.708307692819,1693.316162109375,1208851,0.0,0.0
2022-02-17 00:00:00+05:30,1709.6953523971113,1723.320204964607,1672.3623400814947,1683.429443359375,1071634,0.0,0.0
2022-02-18 00:00:00+05:30,1674.3298690629376,1711.6136928507601,1670.3949256656308,1694.7425537109375,1205180,0.0,0.0
2022-02-21 00:00:00+05:30,1676.297300819257,1708.5149354547561,1659.9180601351904,1664.93505859375,1035748,0.0,0.0
2022-02-22 00:00:00+05:30,1610.53401602298,1662.2297242839522,1610.53401602298,1656.7698974609375,884474,0.0,0.0
2022-02-23 00:00:00+05:30,1662.6232966867483,1676.2973395173285,1636.1114377362765,1642.6533203125,675772,0.0,0.0
2022-02-24 00:00:00+05:30,1598.5814844485142,1626.0771364246873,1510.044665255221,1519.24267578125,1260593,0.0,0.0
2022-02-25 00:00:00+05:30,1554.313239361956,1572.8076419733948,1534.785971384336,1542.36083984375,1125821,0.0,0.0
2022-02-28 00:00:00+05:30,1527.2603628251768,1578.3164864176085,1513.438751129504,1572.512451171875,1217106,0.0,0.0
2022-03-02 00:00:00+05:30,1546.4434440846094,1557.0186502189022,1513.4880804549193,1523.325439453125,1150949,0.0,0.0
2022-03-03 00:00:00+05:30,1532.6710140193957,1551.9523340196254,1471.875786050911,1479.1553955078125,1150368,0.0,0.0
2022-03-04 00:00:00+05:30,1460.8576116917966,1490.2715472549057,1423.475410108394,1453.5780029296875,1633853,0.0,0.0
2022-03-07 00:00:00+05:30,1421.5079529697095,1451.70892570662,1386.7818798941375,1423.0328369140625,927442,0.0,0.0
2022-03-08 00:00:00+05:30,1416.5891623914106,1441.871394874682,1384.3224601525308,1434.4932861328125,819693,0.0,0.0
2022-03-09 00:00:00+05:30,1441.8713853612862,1484.1723248550682,1420.0323186602773,1469.0718994140625,1697970,0.0,0.0
2022-03-10 00:00:00+05:30,1524.8009767173207,1549.3945525253337,1506.2081953084778,1529.6212158203125,1492221,0.0,0.0
2022-03-11 00:00:00+05:30,1528.490015185333,1550.2798933596146,1515.9473381794392,1540.7867431640625,1206952,0.0,0.0
2022-03-14 00:00:00+05:30,1530.9002298778455,1558.1991257544773,1520.767611981403,1551.8538818359375,550221,0.0,0.0
2022-03-15 00:00:00+05:30,1547.4269472425096,1572.7091800922271,1532.2773316794128,1538.8192138671875,916893,0.0,0.0
2022-03-16 00:00:00+05:30,1553.8703710635793,1589.5802376482238,1550.5748955165536,1577.97216796875,1406631,0.0,0.0
2022-03-17 00:00:00+05:30,1593.6630723516625,1629.8155311602493,1585.7930648694187,1593.5155029296875,2739045,0.0,0.0
2022-03-21 00:00:00+05:30,1580.8741848270945,1588.2031037777017,1531.1460669938986,1543.9346923828125,1291439,0.0,0.0
2022-03-22 00:00:00+05:30,1543.9347671938892,1565.0851778570677,1500.3058211233858,1556.7725830078125,1017766,0.0,0.0
2022-03-23 00:00:00+05:30,1568.5774969440038,1569.069394985936,1538.8684225334898,1556.3790283203125,844629,0.0,0.0
2022-03-24 00:00:00+05:30,1551.362121275892,1577.8247907301568,1543.5904934457599,1573.39794921875,1080721,0.0,0.0
2022-03-25 00:00:00+05:30,1575.4636581790332,1585.79291391778,1548.60747269505,1565.1834716796875,662852,0.0,0.0
2022-03-28 00:00:00+05:30,1568.8726686908583,1590.6625467732456,1549.591229548472,1584.7601318359375,1283149,0.0,0.0
2022-03-29 00:00:00+05:30,1592.6792557426702,1611.9605748970766,1580.825115145906,1597.3028564453125,1743946,0.0,0.0
2022-03-30 00:00:00+05:30,1611.370346348785,1650.6708300158232,1606.0088987834174,1640.58740234375,1510711,0.0,0.0
2022-03-31 00:00:00+05:30,1642.8500468099296,1651.3103316715417,1623.470348499894,1636.9476318359375,781390,0.0,0.0
2022-04-01 00:00:00+05:30,1634.1931693626757,1653.52367841217,1631.0452628464298,1642.8009033203125,844681,0.0,0.0
2022-04-04 00:00:00+05:30,1639.8988471585124,1660.5573591884236,1632.0288402149667,1652.392333984375,808254,0.0,0.0
2022-04-05 00:00:00+05:30,1660.557438773271,1684.1673401722044,1642.4074853121076,1674.625,1206116,0.0,0.0
2022-04-06 00:00:00+05:30,1672.3624041118555,1689.3811127399872,1665.9189011178735,1672.116455078125,448766,0.0,0.0
2022-04-07 00:00:00+05:30,1662.0331340295934,1672.3623905462255,1640.882602369608,1654.6058349609375,867367,0.0,0.0
2022-04-08 00:00:00+05:30,1648.7525840767432,1756.7674895372757,1648.7525840767432,1742.4539794921875,2508015,0.0,0.0
2022-04-11 00:00:00+05:30,1755.685198541209,1801.1341646506476,1736.0103626691407,1790.5589599609375,3289420,0.0,0.0
2022-04-12 00:00:00+05:30,1772.7040669112719,1785.4926924372376,1721.5494442441654,1726.9599609375,1507804,0.0,0.0
2022-04-13 00:00:00+05:30,1728.4357413649016,1749.0942542268228,1710.1380980615572,1737.240234375,839407,0.0,0.0
2022-04-18 00:00:00+05:30,1732.370665047631,1738.5682188358526,1697.0543137962704,1712.990966796875,466583,0.0,0.0
2022-04-19 00:00:00+05:30,1725.4844038695937,1748.1105080550806,1672.4606887271782,1692.4306640625,747891,0.0,0.0
2022-04-20 00:00:00+05:30,1690.3648059039074,1730.4031360176975,1689.1350608101668,1708.3673095703125,678130,0.0,0.0
2022-04-21 00:00:00+05:30,1716.630759154741,1741.1751456707693,1706.3015029139292,1735.5677490234375,711001,0.0,0.0
2022-04-22 00:00:00+05:30,1719.582037400181,1725.4844523505305,1682.1998349214703,1688.9384765625,900053,0.0,0.0
2022-04-25 00:00:00+05:30,1660.5572766057069,1678.1170712394714,1651.064247730144,1666.1646728515625,453315,0.0,0.0
2022-04-26 00:00:00+05:30,1677.2810762876536,1701.8746524770631,1667.443597586591,1690.0697021484375,753432,0.0,0.0
2022-04-27 00:00:00+05:30,1668.4273795919353,1681.7079033882662,1649.7362184430642,1672.55908203125,426076,0.0,0.0
2022-04-28 00:00:00+05:30,1689.0859683083008,1693.02103227171,1662.5249195123577,1684.0689697265625,814436,0.0,0.0
2022-04-29 00:00:00+05:30,1688.4957559509028,1710.2856339218845,1657.70462592268,1664.7874755859375,1115565,0.0,0.0
2022-05-02 00:00:00+05:30,1648.7525160507712,1661.491951791594,1630.2581144207081,1652.2447509765625,438839,0.0,0.0
2022-05-04 00:00:00+05:30,1652.7859362659472,1675.8054394904336,1589.0886332429172,1595.87646484375,607695,0.0,0.0
2022-05-05 00:00:00+05:30,1605.4185211665788,1618.1579563626021,1575.463619969093,1580.7757568359375,524858,0.0,0.0
2022-05-06 00:00:00+05:30,1564.5441552570808,1578.3164563223597,1525.8338293990646,1540.1473388671875,527671,0.0,0.0
2022-05-09 00:00:00+05:30,1524.751870529686,1548.066512712065,1511.6189155189734,1526.5225830078125,965410,0.0,0.0
2022-05-10 00:00:00+05:30,1525.7845994323507,1550.2306049823535,1509.4545495729726,1517.029296875,856641,0.0,0.0
2022-05-11 00:00:00+05:30,1516.9309201150659,1538.2782092863592,1483.5328527358608,1510.3890380859375,840087,0.0,0.0
2022-05-12 00:00:00+05:30,1502.1747611446226,1505.125908039798,1439.461141455219,1461.6937255859375,693593,0.0,0.0
2022-05-13 00:00:00+05:30,1479.1552737587165,1493.2720243574272,1442.1174003179601,1451.11865234375,489395,0.0,0.0
2022-05-16 00:00:00+05:30,1451.020292577275,1472.5642217427292,1414.2283676573886,1428.64013671875,814351,0.0,0.0
2022-05-17 00:00:00+05:30,1432.3290682192028,1465.7763260272009,1424.5083717445186,1457.316162109375,772250,0.0,0.0
2022-05-18 00:00:00+05:30,1465.776372689383,1484.811862673719,1452.151520115851,1463.16943359375,776063,0.0,0.0
2022-05-19 00:00:00+05:30,1446.1015648392447,1447.0361711508156,1423.0328720809516,1434.0999755859375,525816,0.0,0.0
2022-05-20 00:00:00+05:30,1448.068976333157,1497.2561277697353,1444.3799821725493,1464.1531982421875,645075,0.0,0.0
2022-05-23 00:00:00+05:30,1461.8414218238802,1485.8939100916296,1428.394163125025,1433.7064208984375,959790,0.0,0.0
2022-05-24 00:00:00+05:30,1434.2965429235114,1443.1502252872367,1357.564669292306,1379.94482421875,1863231,0.0,0.0
2022-05-25 00:00:00+05:30,1377.239623528397,1421.2129002919567,1334.741920430732,1353.1871337890625,3390982,0.0,0.0
2022-05-26 00:00:00+05:30,1369.3696787403876,1378.0757920717524,1318.4610029391067,1369.9107666015625,1562780,0.0,0.0
2022-05-27 00:00:00+05:30,1387.0770510973562,1399.8164874212673,1355.6464530736685,1373.9932861328125,1274718,0.0,0.0
2022-05-30 00:00:00+05:30,1387.077007296473,1425.4428844741094,1380.289175999523,1417.572998046875,784377,0.0,0.0
2022-05-31 00:00:00+05:30,1424.7052653173962,1431.5914767416878,1396.7669011565695,1405.374755859375,2034013,0.0,0.0
2022-06-01 00:00:00+05:30,1401.8330708082924,1426.4266461449195,1389.6347230277293,1413.1953125,871147,0.0,0.0
2022-06-02 00:00:00+05:30,1425.4428567546051,1425.4428567546051,1392.5858766023287,1409.2603759765625,888795,0.0,0.0
2022-06-03 00:00:00+05:30,1411.6706038356062,1418.1141065968666,1308.426749114039,1317.6739501953125,4829454,0.0,0.0
2022-06-06 00:00:00+05:30,1312.3126979011483,1318.2151131439837,1288.7027958032982,1305.13134765625,2364329,0.0,0.0
2022-06-07 00:00:00+05:30,1293.6214099672052,1315.263717654794,1276.4059434231342,1305.08203125,2011482,0.0,0.0
2022-06-08 00:00:00+05:30,1315.263907703795,1332.9712748364916,1286.194297252517,1307.1480712890625,2671127,0.0,0.0
2022-06-09 00:00:00+05:30,1305.4263678887228,1305.4263678887228,1280.8327924333248,1287.8173828125,1360831,0.0,0.0
2022-06-10 00:00:00+05:30,1269.027940149651,1310.1484487374173,1265.1421865161337,1304.9345703125,1149961,0.0,0.0
2022-06-13 00:00:00+05:30,1278.8652958118437,1294.0641007917638,1264.7485459201303,1271.536376953125,1204017,0.0,0.0
2022-06-14 00:00:00+05:30,1277.8815457873152,1300.0649418085077,1265.1912997063866,1288.063232421875,1069818,0.0,0.0
2022-06-15 00:00:00+05:30,1297.9006485434027,1319.1986270658779,1286.6859765621166,1310.0499267578125,1062150,0.0,0.0
2022-06-16 00:00:00+05:30,1323.1337662095964,1325.9865337471604,1257.2721142476735,1264.1583251953125,954602,0.0,0.0
2022-06-17 00:00:00+05:30,1265.9781893367854,1285.5055766511136,1255.8456927198108,1269.0770263671875,1027138,0.0,0.0
2022-06-20 00:00:00+05:30,1269.1262324853124,1300.015741327311,1264.1091136337807,1294.605224609375,670772,0.0,0.0
2022-06-21 00:00:00+05:30,1309.36148366187,1318.2151671706156,1295.1463520127852,1312.4110107421875,582021,0.0,0.0
2022-06-22 00:00:00+05:30,1306.508502178754,1309.361390379934,1289.440603904459,1303.360595703125,506446,0.0,0.0
2022-06-23 00:00:00+05:30,1312.3125940316575,1319.9857211836904,1277.9799193732883,1294.6544189453125,829824,0.0,0.0
2022-06-24 00:00:00+05:30,1298.9829167201315,1318.215045502705,1289.9324748075678,1301.7373046875,761751,0.0,0.0
2022-06-27 00:00:00+05:30,1318.2150699091158,1333.2663066508103,1310.345062613535,1327.3638916015625,1127432,0.0,0.0
2022-06-28 00:00:00+05:30,1322.149939803391,1331.839848825111,1305.1312323243435,1321.2154541015625,661031,0.0,0.0
2022-06-29 00:00:00+05:30,1308.7710851481606,1337.7915029220114,1297.359653146961,1301.7373046875,1556138,0.0,0.0
2022-06-30 00:00:00+05:30,1309.7549005204287,1315.6081257412518,1288.8011282459463,1299.2779541015625,1138089,0.0,0.0
2022-07-01 00:00:00+05:30,1298.5401716284084,1328.0523660541144,1284.0790926754219,1325.34716796875,518559,0.0,0.0
2022-07-04 00:00:00+05:30,1318.2150821266468,1335.5289295488428,1309.9516768684628,1328.8394775390625,787143,0.0,0.0
2022-07-05 00:00:00+05:30,1332.971208740442,1355.4005554047885,1323.5272479210848,1327.806640625,704841,0.0,0.0
2022-07-06 00:00:00+05:30,1337.0536796080303,1352.8427634304035,1323.7239655285011,1347.383056640625,709046,0.0,0.0
2022-07-07 00:00:00+05:30,1359.5323162639045,1369.2714163457738,1345.8090827170013,1352.49853515625,546507,0.0,0.0
2022-07-08 00:00:00+05:30,1359.72885108937,1384.1256665140343,1359.72885108937,1368.7301025390625,1079820,0.0,0.0
2022-07-11 00:00:00+05:30,1365.4839142945964,1388.0607086707575,1351.6623024220128,1383.14208984375,761236,0.0,0.0
2022-07-12 00:00:00+05:30,1368.631805016599,1378.4692836843888,1353.9248973827646,1357.6138916015625,318839,0.0,0.0
2022-07-13 00:00:00+05:30,1369.1730241726762,1383.3388453143882,1365.7298580834472,1376.403564453125,470489,0.0,0.0
2022-07-14 00:00:00+05:30,1380.1907646451518,1385.1095038306598,1358.1549384798482,1369.1728515625,380844,0.0,0.0
2022-07-15 00:00:00+05:30,1376.0591497452585,1384.1257957165167,1366.3200503616533,1375.4688720703125,288785,0.0,0.0
2022-07-18 00:00:00+05:30,1386.0931684244626,1407.8338555999974,1383.2404009924367,1405.0794677734375,606107,0.0,0.0
2022-07-19 00:00:00+05:30,1394.946999177407,1422.4426550735543,1394.946999177407,1418.7535400390625,764754,0.0,0.0
2022-07-20 00:00:00+05:30,1441.0351443042937,1441.133523908415,1414.6216673565557,1418.21240234375,810415,0.0,0.0
2022-07-21 00:00:00+05:30,1421.507868862076,1443.9372128258954,1418.704291289028,1440.789306640625,780126,0.0,0.0
2022-07-22 00:00:00+05:30,1441.1829204938567,1505.1261760135474,1433.4114129061506,1496.6168212890625,1650074,0.0,0.0
2022-07-25 00:00:00+05:30,1496.616595263245,1496.616595263245,1457.808011868366,1474.1380615234375,1205285,0.0,0.0
2022-07-26 00:00:00+05:30,1474.1381895031348,1492.780161456056,1460.9560448852972,1490.222412109375,882250,0.0,0.0
2022-07-27 00:00:00+05:30,1489.189496249052,1536.409055978143,1488.3532695760846,1521.7021484375,1287079,0.0,0.0
2022-07-28 00:00:00+05:30,1530.7034934115247,1541.5738380046066,1513.0453171032702,1525.3912353515625,966093,0.0,0.0
2022-07-29 00:00:00+05:30,1531.146140895072,1561.888081340486,1529.8180161511775,1547.427001953125,804695,0.0,0.0
2022-08-01 00:00:00+05:30,1550.7718630116165,1563.5112998274096,1534.6876398352101,1542.90185546875,556560,0.0,0.0
2022-08-02 00:00:00+05:30,1534.6876162101712,1568.5775847476636,1526.7685395447616,1564.003173828125,907650,0.0,0.0
2022-08-03 00:00:00+05:30,1566.2165683993878,1578.4641067448945,1542.1148895941203,1561.0518798828125,539764,0.0,0.0
2022-08-04 00:00:00+05:30,1573.8404421846221,1575.6604649373216,1535.8188937328566,1553.673828125,720561,0.0,0.0
2022-08-05 00:00:00+05:30,1561.445329966793,1589.629520319903,1556.3790212842857,1572.315673828125,951109,0.0,0.0
2022-08-08 00:00:00+05:30,1571.5286672462787,1580.9233164487791,1559.2318197762243,1572.659912109375,461663,0.0,0.0
2022-08-10 00:00:00+05:30,1569.1676821629123,1589.9245726773174,1560.7073980297655,1584.7108154296875,567647,0.0,0.0
2022-08-11 00:00:00+05:30,1598.6248607235543,1598.6742036808257,1571.9811150604721,1578.93798828125,451982,4.980198,0.0
2022-08-12 00:00:00+05:30,1586.8819398335859,1631.1894994340298,1569.0207557044948,1601.1905517578125,1803740,0.0,0.0
2022-08-16 00:00:00+05:30,1609.9730169032089,1613.2788741051343,1522.295419287586,1570.5501708984375,1431538,0.0,0.0
2022-08-17 00:00:00+05:30,1578.8886644299616,1617.3247726529053,1574.9908126355986,1595.2203369140625,1052538,0.0,0.0
2022-08-18 00:00:00+05:30,1586.7831979690327,1600.2037570728567,1565.073505577148,1592.457275390625,1010974,0.0,0.0
2022-08-19 00:00:00+05:30,1598.575487075099,1600.5984273457652,1573.0665089803863,1584.6614990234375,815549,0.0,0.0
2022-08-22 00:00:00+05:30,1577.9018491033105,1577.9018491033105,1533.248893186881,1543.4622802734375,962565,0.0,0.0
2022-08-23 00:00:00+05:30,1537.4428625175788,1586.2897296767383,1526.5386736291186,1574.398681640625,1878454,0.0,0.0
2022-08-24 00:00:00+05:30,1573.9546981854667,1595.8124186728935,1554.2678259211152,1590.97705078125,907999,0.0,0.0
2022-08-25 00:00:00+05:30,1595.6645275361298,1625.663354734681,1594.7270112755245,1603.410888671875,872154,0.0,0.0
2022-08-26 00:00:00+05:30,1608.44345287328,1665.184828447604,1608.44345287328,1653.145751953125,1352886,0.0,0.0
2022-08-29 00:00:00+05:30,1612.4400820780972,1659.8067825193295,1592.8026730458903,1642.0936279296875,1007459,0.0,0.0
2022-08-30 00:00:00+05:30,1648.162378617657,1669.6748191537945,1648.162378617657,1656.5008544921875,830049,0.0,0.0
2022-09-01 00:00:00+05:30,1638.5904929729809,1683.9341313749471,1638.4918070576098,1662.7672119140625,1368943,0.0,0.0
2022-09-02 00:00:00+05:30,1663.1618792381855,1675.1022706251877,1648.0144373928617,1665.62890625,601416,0.0,0.0
2022-09-05 00:00:00+05:30,1670.6123637004755,1691.6313765513787,1657.833262486409,1688.177490234375,790436,0.0,0.0
2022-09-06 00:00:00+05:30,1681.5164857487832,1707.9135174493101,1681.5164857487832,1700.315185546875,833826,0.0,0.0
2022-09-07 00:00:00+05:30,1687.4373981750048,1731.8436423128044,1687.4373981750048,1727.0576171875,800842,0.0,0.0
2022-09-08 00:00:00+05:30,1734.1133234542092,1749.1127365804377,1726.95895713848,1746.4976806640625,608734,0.0,0.0
2022-09-09 00:00:00+05:30,1749.11262064775,1774.0788261894147,1719.261704313796,1725.1826171875,695716,0.0,0.0
2022-09-12 00:00:00+05:30,1723.949049009801,1748.6191968958983,1723.949049009801,1745.1160888671875,420084,0.0,0.0
2022-09-13 00:00:00+05:30,1747.6324208419012,1784.7857337757205,1747.6324208419012,1766.036376953125,812176,0.0,0.0
2022-09-14 00:00:00+05:30,1740.7248695711894,1775.1149764031522,1740.7248695711894,1759.2767333984375,710550,0.0,0.0
2022-09-15 00:00:00+05:30,1762.4346782719504,1792.2854768018003,1753.4547430445496,1784.4404296875,1078073,0.0,0.0
2022-09-16 00:00:00+05:30,1776.151221071786,1782.1706992978034,1703.1275112553192,1721.580810546875,1031783,0.0,0.0
2022-09-19 00:00:00+05:30,1717.0415386241111,1739.6887480912867,1703.818350851247,1726.2681884765625,517380,0.0,0.0
2022-09-20 00:00:00+05:30,1736.7775761086596,1744.6227437435807,1708.3576040362016,1718.669677734375,1023132,0.0,0.0
2022-09-21 00:00:00+05:30,1716.0547342540065,1726.2187790251642,1687.4373904887348,1697.1573486328125,1131988,0.0,0.0
2022-09-22 00:00:00+05:30,1697.1573537967838,1713.0942828912262,1674.4114592156009,1709.8377685546875,477972,0.0,0.0
2022-09-23 00:00:00+05:30,1710.1339155290088,1711.614204367677,1667.701266654504,1675.003662109375,638948,0.0,0.0
2022-09-26 00:00:00+05:30,1654.9221821690387,1670.6617404101144,1630.6961182543469,1643.4752197265625,784059,0.0,0.0
2022-09-27 00:00:00+05:30,1643.0311033638122,1674.5594389783719,1622.258806801822,1660.3001708984375,571532,0.0,0.0
2022-09-28 00:00:00+05:30,1643.0311191581175,1665.480834605765,1632.4722099558742,1647.1263427734375,550298,0.0,0.0
2022-09-29 00:00:00+05:30,1655.366149131297,1667.5532551194383,1629.5118902855497,1633.9525146484375,543934,0.0,0.0
2022-09-30 00:00:00+05:30,1660.793638033436,1674.608819810423,1632.1268304761636,1652.7510986328125,815263,0.0,0.0
2022-10-03 00:00:00+05:30,1648.9518341410696,1659.263907133632,1606.5685332572282,1614.857666015625,474878,0.0,0.0
2022-10-04 00:00:00+05:30,1645.7940550712974,1666.3196366970146,1629.6105327147727,1661.681640625,515663,0.0,0.0
2022-10-06 00:00:00+05:30,1670.0201755094238,1682.5033393542165,1652.8991363676025,1660.8922119140625,616095,0.0,0.0
2022-10-07 00:00:00+05:30,1652.8990832933134,1680.4310020712956,1633.1629889155013,1675.4969482421875,691354,0.0,0.0
2022-10-10 00:00:00+05:30,1659.8067696103121,1665.6782188093255,1635.3339927134707,1651.863037109375,771385,0.0,0.0
2022-10-11 00:00:00+05:30,1659.0173116788071,1659.806799022529,1615.5979265465996,1622.8016357421875,409456,0.0,0.0
2022-10-12 00:00:00+05:30,1630.2025687401785,1654.8727174965825,1609.7757934471279,1649.5933837890625,412162,0.0,0.0
2022-10-13 00:00:00+05:30,1648.162404717024,1662.52047962061,1618.3609517294403,1657.58642578125,751063,0.0,0.0
2022-10-14 00:00:00+05:30,1676.5824007333813,1692.6180154800586,1665.5301828572144,1673.177978515625,568187,0.0,0.0
2022-10-17 00:00:00+05:30,1667.7011715254032,1686.4505282366529,1653.1458453458465,1668.8360595703125,711250,0.0,0.0
2022-10-18 00:00:00+05:30,1677.2238326941351,1678.2600347936382,1658.1291967365933,1665.9742431640625,471745,0.0,0.0
2022-10-19 00:00:00+05:30,1668.6879828951112,1690.052273916269,1655.3661101203954,1662.125732421875,1082577,0.0,0.0
2022-10-20 00:00:00+05:30,1661.2376773473363,1672.3885817430817,1646.139577983224,1666.6651611328125,430634,0.0,0.0
2022-10-21 00:00:00+05:30,1667.6517541569465,1692.32190196847,1647.1756366899797,1654.9219970703125,471477,0.0,0.0
2022-10-24 00:00:00+05:30,1672.635176225739,1685.4636194194384,1667.7011224008947,1676.6317138671875,56288,0.0,0.0
2022-10-25 00:00:00+05:30,1674.1154475905769,1706.186555242531,1670.562875660505,1692.0751953125,708672,0.0,0.0
2022-10-27 00:00:00+05:30,1706.9761099511998,1717.534898368101,1698.1442041417063,1701.6966552734375,568780,0.0,0.0
2022-10-28 00:00:00+05:30,1707.0748293456973,1715.0679050181573,1649.840019877532,1661.977783203125,443761,0.0,0.0
2022-10-31 00:00:00+05:30,1670.3162235506052,1707.173478428308,1666.2209998838878,1698.98291015625,594266,0.0,0.0
2022-11-01 00:00:00+05:30,1705.3972002717408,1746.6457382193776,1705.3972002717408,1738.060546875,862642,0.0,0.0
2022-11-02 00:00:00+05:30,1738.060478256635,1759.424769853443,1728.8831717505147,1736.826904296875,682110,0.0,0.0
2022-11-03 00:00:00+05:30,1727.008224688399,1748.5698876745294,1712.6501497243562,1722.616943359375,370943,0.0,0.0
2022-11-04 00:00:00+05:30,1727.8963140879027,1748.619268182311,1720.0512674514894,1741.810302734375,445790,0.0,0.0
2022-11-07 00:00:00+05:30,1747.632412032435,1771.4145086521698,1739.0965639632097,1751.777099609375,772139,0.0,0.0
2022-11-09 00:00:00+05:30,1770.2796613970952,1770.2796613970952,1710.4792596374523,1722.468994140625,616980,0.0,0.0
2022-11-10 00:00:00+05:30,1717.0414257536597,1717.1401116681027,1673.375327385065,1682.0592041015625,613431,0.0,0.0
2022-11-11 00:00:00+05:30,1690.4963679934303,1715.9560036244263,1673.1779574975624,1685.90771484375,1083107,0.0,0.0
2022-11-14 00:00:00+05:30,1688.4240382352014,1733.7184529974677,1684.7235584184318,1725.42919921875,1571362,0.0,0.0
2022-11-15 00:00:00+05:30,1725.4292378023201,1733.2744051531888,1688.5227619053192,1710.627197265625,1013411,0.0,0.0
2022-11-16 00:00:00+05:30,1713.0942399149963,1726.8601994192757,1682.5032994201226,1704.7064208984375,903821,0.0,0.0
2022-11-17 00:00:00+05:30,1701.1538937962525,1701.1538937962525,1674.6088332366405,1688.0787353515625,638353,0.0,0.0
2022-11-18 00:00:00+05:30,1691.3845730524758,1700.7099083991545,1659.1159715256554,1686.302490234375,753543,0.0,0.0
2022-11-21 00:00:00+05:30,1677.0265195433083,1685.4636817514165,1653.8860021695677,1660.2015380859375,417544,0.0,0.0
2022-11-22 00:00:00+05:30,1665.5302953497983,1694.1971045615987,1659.8068746628628,1677.2733154296875,792650,0.0,0.0
2022-11-23 00:00:00+05:30,1682.4046915297076,1691.039225734092,1671.2537873159301,1680.085693359375,515987,0.0,0.0
2022-11-24 00:00:00+05:30,1687.3387444820091,1710.824662989335,1675.595724759033,1700.7099609375,861243,0.0,0.0
2022-11-25 00:00:00+05:30,1707.1734094039095,1716.054657795312,1683.440656778058,1712.25537109375,584168,0.0,0.0
2022-11-28 00:00:00+05:30,1700.5125029605697,1720.939277868465,1690.940453012019,1694.2955322265625,410415,0.0,0.0
2022-11-29 00:00:00+05:30,1697.3053830327008,1709.1470884335909,1692.0259283263692,1696.466552734375,494662,0.0,0.0
2022-11-30 00:00:00+05:30,1702.436833828074,1745.2642247955926,1702.436833828074,1736.5308837890625,1137756,0.0,0.0
2022-12-01 00:00:00+05:30,1746.6455810716448,1783.5520561276078,1736.7774736463125,1776.200439453125,898588,0.0,0.0
2022-12-02 00:00:00+05:30,1773.0921016646296,1800.6240220831085,1762.4346269969894,1795.640625,1357654,0.0,0.0
2022-12-05 00:00:00+05:30,1803.6829498974696,1812.761570311347,1788.8809092367926,1792.1866455078125,837283,0.0,0.0
2022-12-06 00:00:00+05:30,1790.0650067217487,1805.8539064204228,1776.2498253067017,1801.9560546875,631065,0.0,0.0
2022-12-07 00:00:00+05:30,1812.7616472930788,1815.2286743310613,1776.249913195916,1784.3416748046875,657577,0.0,0.0
2022-12-08 00:00:00+05:30,1784.3416129234006,1801.2159369891897,1782.2199866757217,1788.5355224609375,334379,0.0,0.0
2022-12-09 00:00:00+05:30,1795.443254040408,1811.3308405989653,1764.7042830838766,1776.1512451171875,523232,0.0,0.0
2022-12-12 00:00:00+05:30,1779.2102590399152,1795.196531449148,1752.615854963883,1791.3480224609375,457733,0.0,0.0
2022-12-13 00:00:00+05:30,1793.0255126649506,1800.9199022627256,1778.9141521795104,1786.9073486328125,452455,0.0,0.0
2022-12-14 00:00:00+05:30,1791.0519009993322,1809.7519145945814,1787.3514210221783,1797.8115234375,535865,0.0,0.0
2022-12-15 00:00:00+05:30,1798.748941146126,1801.215968141219,1754.5400689464018,1763.3226318359375,319014,0.0,0.0
2022-12-16 00:00:00+05:30,1755.5269321951191,1766.4804643531288,1728.883185712616,1733.17578125,711870,0.0,0.0
2022-12-19 00:00:00+05:30,1728.8831677800772,1746.5469793342868,1720.9886572716139,1742.5010986328125,313190,0.0,0.0
2022-12-20 00:00:00+05:30,1738.7511336192176,1740.6755089686455,1706.8280540811106,1735.741455078125,443027,0.0,0.0
2022-12-21 00:00:00+05:30,1737.320361408745,1749.0140380394394,1705.0518801894798,1710.03515625,411544,0.0,0.0
2022-12-22 00:00:00+05:30,1722.962280555892,1732.5835521960516,1703.2754087983437,1721.827392578125,421636,0.0,0.0
2022-12-23 00:00:00+05:30,1702.2394083760366,1722.8636763283425,1682.4539707079375,1686.5491943359375,358698,0.0,0.0
2022-12-26 00:00:00+05:30,1689.0162369581378,1718.0283242671171,1681.5164701044762,1706.2359619140625,385645,0.0,0.0
2022-12-27 00:00:00+05:30,1714.7718011835423,1725.7253331885831,1705.2492149633954,1716.4493408203125,236578,0.0,0.0
2022-12-28 00:00:00+05:30,1708.1601772054762,1744.7707164458222,1708.1601772054762,1729.4259033203125,362774,0.0,0.0
2022-12-29 00:00:00+05:30,1722.8637902233909,1736.7776586991056,1698.2923258923986,1729.6234130859375,384501,0.0,0.0
2022-12-30 00:00:00+05:30,1732.1889281226468,1748.0765143377719,1695.4798226121538,1700.75927734375,296853,0.0,0.0
2023-01-02 00:00:00+05:30,1702.634192474173,1724.9360005859044,1697.3053947722594,1708.456298828125,312125,0.0,0.0
2023-01-03 00:00:00+05:30,1701.7460252203443,1719.3111512009855,1689.8056337772523,1694.394287109375,548701,0.0,0.0
2023-01-04 00:00:00+05:30,1699.6736778819568,1705.1998472316025,1663.2605103512938,1667.9971923828125,435968,0.0,0.0
2023-01-05 00:00:00+05:30,1676.3851532127908,1685.3157448559073,1654.4286253513603,1675.8917236328125,487184,0.0,0.0
2023-01-06 00:00:00+05:30,1676.4837272458967,1677.2238716198622,1643.0311365606321,1658.42529296875,587219,0.0,0.0
2023-01-09 00:00:00+05:30,1677.4706458992555,1677.4706458992555,1640.564167765296,1651.5177001953125,656429,0.0,0.0
2023-01-10 00:00:00+05:30,1651.8630285810345,1662.4711598264262,1611.6506948256317,1629.2158203125,594512,0.0,0.0
2023-01-11 00:00:00+05:30,1629.7093054764894,1636.962236773845,1606.6180097996848,1613.476318359375,646333,0.0,0.0
2023-01-12 00:00:00+05:30,1617.9662853225868,1643.0311784348287,1610.5652042101788,1620.7293701171875,908677,0.0,0.0
2023-01-13 00:00:00+05:30,1626.6994680999503,1649.3960195732889,1619.4957589908256,1633.26171875,637882,0.0,0.0
2023-01-16 00:00:00+05:30,1637.603625237705,1646.3861879052229,1618.3609602887727,1626.748779296875,360571,0.0,0.0
2023-01-17 00:00:00+05:30,1620.334542271568,1644.0178312869507,1620.334542271568,1638.7877197265625,514997,0.0,0.0
2023-01-18 00:00:00+05:30,1645.9914534061552,1664.543437992977,1641.9949157095703,1654.3792724609375,716978,0.0,0.0
2023-01-19 00:00:00+05:30,1651.9123981272442,1670.6616339657528,1646.6329434291886,1654.7740478515625,624177,0.0,0.0
2023-01-20 00:00:00+05:30,1654.7740283924088,1665.1849087901512,1630.449280390003,1633.5084228515625,317042,0.0,0.0
2023-01-23 00:00:00+05:30,1641.0573775201872,1645.794059518816,1594.0362001104218,1609.7757568359375,675068,0.0,0.0
2023-01-24 00:00:00+05:30,1612.440078002588,1616.338050774981,1572.1784008700972,1582.0465087890625,450813,0.0,0.0
2023-01-25 00:00:00+05:30,1582.04652688987,1589.6943227084316,1561.3729155450494,1572.72119140625,503547,0.0,0.0
2023-01-27 00:00:00+05:30,1572.9185171250458,1581.3556791005203,1529.0550466931782,1557.623046875,915505,0.0,0.0
2023-01-30 00:00:00+05:30,1559.0045602268558,1585.1549978972025,1545.3374072978397,1577.5072021484375,467299,0.0,0.0
2023-01-31 00:00:00+05:30,1581.3063163791728,1599.6115858684036,1562.2116805186665,1569.218017578125,1534280,0.0,0.0
2023-02-01 00:00:00+05:30,1571.9811572620506,1601.585239278927,1545.3866329036596,1566.8497314453125,741968,0.0,0.0
2023-02-02 00:00:00+05:30,1554.2186978535692,1582.2932697822034,1542.0809344339218,1577.6552734375,721339,0.0,0.0
2023-02-03 00:00:00+05:30,1578.888648726592,1597.6873479785243,1555.0573306379981,1595.02294921875,754417,0.0,0.0
2023-02-06 00:00:00+05:30,1596.4539411154906,1599.75967747808,1576.0270446184386,1596.7498779296875,499057,0.0,0.0
2023-02-07 00:00:00+05:30,1598.230147115017,1611.1079335732418,1586.1417270493548,1594.9736328125,595073,0.0,0.0
2023-02-08 00:00:00+05:30,1595.6150699899374,1619.3477022423483,1594.430839008952,1614.9564208984375,513921,0.0,0.0
2023-02-09 00:00:00+05:30,1614.9565371148956,1640.0707739857417,1606.1739737950577,1621.7655029296875,1022882,0.0,0.0
2023-02-10 00:00:00+05:30,1618.3610187493714,1620.6800168935881,1601.0918295964555,1613.7230224609375,333259,0.0,0.0
2023-02-13 00:00:00+05:30,1613.4269168859958,1621.5186782020091,1596.2565350990299,1600.89453125,242604,0.0,0.0
2023-02-14 00:00:00+05:30,1601.5851658371896,1606.2725048116226,1557.5736675601954,1583.526611328125,1051049,0.0,0.0
2023-02-15 00:00:00+05:30,1583.5266847845946,1618.3609994925655,1577.0631200209477,1604.6937255859375,644537,0.0,0.0
2023-02-16 00:00:00+05:30,1610.6638308418655,1621.0252472669395,1595.6150753120003,1608.1474609375,312420,0.0,0.0
2023-02-17 00:00:00+05:30,1603.6575041491403,1646.7809516320142,1600.5491396706047,1621.27197265625,877096,0.0,0.0
2023-02-20 00:00:00+05:30,1622.308135611871,1628.524985357488,1600.74647286025,1610.4664306640625,447737,0.0,0.0
2023-02-21 00:00:00+05:30,1613.426886823375,1637.011489862133,1603.7561510396517,1611.601318359375,539466,0.0,0.0
2023-02-22 00:00:00+05:30,1612.6867290111988,1612.6867290111988,1549.8765317752889,1553.3797607421875,1056328,0.0,0.0
2023-02-23 00:00:00+05:30,1561.1262436258437,1567.5405865859004,1547.4590901967351,1559.498046875,485537,0.0,0.0
2023-02-24 00:00:00+05:30,1559.7448136362607,1573.4614314212265,1550.3701346239397,1554.416015625,390716,0.0,0.0
2023-02-27 00:00:00+05:30,1560.1393954462628,1564.037247157076,1533.5449929886815,1550.8634033203125,397502,0.0,0.0
2023-02-28 00:00:00+05:30,1557.1790292014448,1563.5439081829684,1537.5416197005063,1557.7218017578125,742087,0.0,0.0
2023-03-01 00:00:00+05:30,1547.3109509648943,1576.9150318850134,1547.3109509648943,1572.6224365234375,288099,0.0,0.0
2023-03-02 00:00:00+05:30,1572.9679448003512,1580.8624556072978,1567.0471523991125,1577.4085693359375,286119,0.0,0.0
2023-03-03 00:00:00+05:30,1580.8624308722467,1590.6810750938744,1569.5634978695,1575.188232421875,611252,0.0,0.0
2023-03-06 00:00:00+05:30,1578.8393676643,1589.7436779177665,1574.9415157558974,1577.4578857421875,330663,0.0,0.0
2023-03-08 00:00:00+05:30,1577.9019598280604,1587.7699469188742,1573.7080501971363,1579.9742431640625,435573,0.0,0.0
2023-03-09 00:00:00+05:30,1579.9742855723925,1587.5233956738575,1564.5801285466262,1580.122314453125,302901,0.0,0.0
2023-03-10 00:00:00+05:30,1564.0866133858055,1585.5495905316495,1562.2610448952632,1574.8427734375,458587,0.0,0.0
2023-03-13 00:00:00+05:30,1580.8624214710565,1596.7992297439914,1528.6603523557555,1541.439453125,804792,0.0,0.0
2023-03-14 00:00:00+05:30,1549.1365559755832,1549.1365559755832,1520.9631782598,1540.6007080078125,507817,0.0,0.0
2023-03-15 00:00:00+05:30,1541.39009277927,1558.6099387325999,1526.0452792497235,1530.1405029296875,551661,0.0,0.0
2023-03-16 00:00:00+05:30,1537.6896264475276,1546.0281027572005,1506.9013131974853,1539.860595703125,583369,0.0,0.0
2023-03-17 00:00:00+05:30,1549.2846181015018,1571.3397113843105,1535.4693152157208,1564.3333740234375,698627,0.0,0.0
2023-03-20 00:00:00+05:30,1530.5352762494301,1577.9019776357773,1530.5352762494301,1571.7838134765625,530519,0.0,0.0
2023-03-21 00:00:00+05:30,1578.8886730758659,1587.769921786331,1566.8003739636345,1585.0069580078125,570821,0.0,0.0
2023-03-22 00:00:00+05:30,1588.756759678333,1594.6775517598328,1577.2111123215805,1591.6185302734375,296273,0.0,0.0
2023-03-23 00:00:00+05:30,1588.658105748248,1598.624899604989,1578.888683725393,1584.76025390625,313930,0.0,0.0
2023-03-24 00:00:00+05:30,1583.8227042121798,1587.2272473361127,1566.3562647915237,1573.263916015625,374535,0.0,0.0
2023-03-27 00:00:00+05:30,1564.2840312131514,1626.2060584714718,1564.2840312131514,1609.430419921875,630210,0.0,0.0
2023-03-28 00:00:00+05:30,1601.585182119571,1620.0384804669065,1580.4676059803844,1589.8421630859375,582767,0.0,0.0
2023-03-29 00:00:00+05:30,1597.835396293458,1616.2393521103122,1589.842199916872,1610.17041015625,577758,0.0,0.0
2023-03-31 00:00:00+05:30,1614.1178053186193,1629.8572421795054,1607.1114677566748,1611.1573486328125,783128,0.0,0.0
2023-04-03 00:00:00+05:30,1608.2955392557365,1619.9398729391478,1598.7728318802724,1606.469970703125,766128,0.0,0.0
2023-04-05 00:00:00+05:30,1608.4928752930628,1642.5870452776924,1592.9506900542312,1637.35693359375,1443735,0.0,0.0
2023-04-06 00:00:00+05:30,1642.192341823591,1651.9124210576167,1628.5250677202062,1647.0277099609375,641403,0.0,0.0
2023-04-10 00:00:00+05:30,1652.8497667356667,1691.483246776888,1648.0143987434546,1687.6839599609375,828993,0.0,0.0
2023-04-11 00:00:00+05:30,1687.2400311548818,1698.8349008716884,1673.2273564505037,1688.5228271484375,437571,0.0,0.0
2023-04-12 00:00:00+05:30,1692.8646860605177,1718.324321346455,1688.9174914089576,1694.7889404296875,661394,0.0,0.0
2023-04-13 00:00:00+05:30,1694.344878073865,1696.367939323833,1668.9840492767396,1678.65478515625,258855,0.0,0.0
2023-04-17 00:00:00+05:30,1666.763833150714,1705.69325182064,1666.763833150714,1700.9072265625,723262,0.0,0.0
2023-04-18 00:00:00+05:30,1707.1241282434041,1712.748862656879,1676.1384436645826,1682.4539794921875,332721,0.0,0.0
2023-04-19 00:00:00+05:30,1686.99337089303,1689.4110550201292,1658.770648736242,1667.7999267578125,313266,0.0,0.0
2023-04-20 00:00:00+05:30,1675.8917539092813,1675.8917539092813,1657.833198464813,1665.1849365234375,199463,0.0,0.0
2023-04-21 00:00:00+05:30,1663.507280475397,1669.674908476189,1634.7912505253578,1640.0213623046875,326151,0.0,0.0
2023-04-24 00:00:00+05:30,1640.0706938702363,1670.9083499054693,1633.8538438922328,1667.010498046875,374750,0.0,0.0
2023-04-25 00:00:00+05:30,1663.9513149902746,1680.9736678115166,1661.977717629741,1664.5927734375,361117,0.0,0.0
2023-04-26 00:00:00+05:30,1664.5928264553363,1682.5033530816543,1651.0242383482089,1676.73046875,683412,0.0,0.0
2023-04-27 00:00:00+05:30,1672.6352696285842,1683.1447153677893,1659.9548545978512,1678.9508056640625,531392,0.0,0.0
2023-04-28 00:00:00+05:30,1682.5033416333533,1702.1900937129078,1672.6352336449065,1697.6014404296875,601644,0.0,0.0
2023-05-02 00:00:00+05:30,1697.6014612191943,1720.7914427128635,1692.9141219611415,1716.597412109375,396437,0.0,0.0
2023-05-03 00:00:00+05:30,1702.2394451087498,1715.709347272886,1700.3151906479625,1712.99560546875,348145,0.0,0.0
2023-05-04 00:00:00+05:30,1706.482662441108,1739.7380020131422,1697.4040419346893,1736.6295166015625,591510,0.0,0.0
2023-05-05 00:00:00+05:30,1728.636442544378,1743.8825699895176,1722.9623651926659,1729.3765869140625,336879,0.0,0.0
2023-05-08 00:00:00+05:30,1730.6100923112494,1761.4477488408509,1729.0805815062254,1754.885498046875,758983,0.0,0.0
2023-05-09 00:00:00+05:30,1757.5005009395518,1764.6548670313637,1734.3598630312824,1741.6129150390625,735967,0.0,0.0
2023-05-10 00:00:00+05:30,1741.6128708037636,1755.8722596672287,1728.1923122047208,1750.987548828125,285798,0.0,0.0
2023-05-11 00:00:00+05:30,1750.9875595117214,1760.4609235073458,1741.7115673442242,1750.7408447265625,272209,0.0,0.0
2023-05-12 00:00:00+05:30,1749.6061257884955,1749.6061257884955,1727.9949984615862,1730.708740234375,305342,0.0,0.0
2023-05-15 00:00:00+05:30,1730.8568017989066,1738.5045976778185,1707.3708834868896,1710.479248046875,448927,0.0,0.0
2023-05-16 00:00:00+05:30,1712.7487806437928,1722.0247725777324,1700.117709593408,1704.3609619140625,209886,0.0,0.0
2023-05-17 00:00:00+05:30,1706.4827121714234,1715.8080477392994,1681.171104335563,1702.0914306640625,377699,0.0,0.0
2023-05-18 00:00:00+05:30,1706.4826361287971,1710.1337730827945,1674.362064146022,1683.1939697265625,232671,0.0,0.0
2023-05-19 00:00:00+05:30,1687.4373092701092,1701.2031474766557,1662.7671615001532,1693.456787109375,242657,0.0,0.0
2023-05-22 00:00:00+05:30,1690.4963554249302,1704.1142859008885,1682.4045942458624,1695.6771240234375,263864,0.0,0.0
2023-05-23 00:00:00+05:30,1694.34484254416,1697.7493855889718,1665.7275001028736,1675.5462646484375,948278,0.0,0.0
2023-05-24 00:00:00+05:30,1672.6352181951015,1686.9439504584575,1658.819915514335,1677.9146728515625,442899,0.0,0.0
2023-05-25 00:00:00+05:30,1672.5858315113278,1689.3615903104483,1668.6879797880165,1678.9013671875,691665,0.0,0.0
2023-05-26 00:00:00+05:30,1679.444241114773,1695.1837987678593,1645.0047900889624,1666.023681640625,1946520,0.0,0.0
2023-05-29 00:00:00+05:30,1666.0236977682332,1692.716788095082,1653.9847410560942,1690.69384765625,670545,0.0,0.0
2023-05-30 00:00:00+05:30,1691.3845761645282,1709.5911602675192,1690.3977169985674,1702.387451171875,455969,0.0,0.0
2023-05-31 00:00:00+05:30,1700.7592067081207,1710.6271933973962,1673.7700605407638,1695.6771240234375,1217298,0.0,0.0
2023-06-01 00:00:00+05:30,1692.3712952374638,1697.3053491341773,1677.5692544859453,1679.9869384765625,380199,0.0,0.0
2023-06-02 00:00:00+05:30,1685.5130754611223,1696.3187000191795,1677.5693426022845,1687.9801025390625,581154,0.0,0.0
2023-06-05 00:00:00+05:30,1696.318664926288,1721.4821229111747,1689.411013438684,1711.6141357421875,770437,0.0,0.0
2023-06-06 00:00:00+05:30,1716.9427032038677,1751.579644354968,1714.5250192902236,1743.0931396484375,1032105,0.0,0.0
2023-06-07 00:00:00+05:30,1745.4615371471957,1749.0141094139467,1726.4655855383164,1745.708251953125,757211,0.0,0.0
2023-06-08 00:00:00+05:30,1748.619197609699,1752.7144211171433,1686.401115817727,1689.361572265625,746173,0.0,0.0
2023-06-09 00:00:00+05:30,1700.265816296441,1714.8704853083652,1687.7333096452983,1693.1114501953125,488829,0.0,0.0
2023-06-12 00:00:00+05:30,1701.6474019787036,1712.3048768740878,1688.47355700799,1708.5550537109375,248563,0.0,0.0
2023-06-13 00:00:00+05:30,1712.1074410325216,1723.9491465506642,1706.0386198651224,1715.0185546875,356101,0.0,0.0
2023-06-14 00:00:00+05:30,1721.9755162007714,1761.250334088719,1714.0811266320147,1755.872314453125,814345,0.0,0.0
2023-06-15 00:00:00+05:30,1765.3948794223531,1776.1511604411085,1737.2709657494445,1749.1126708984375,966649,0.0,0.0
2023-06-16 00:00:00+05:30,1754.9347860956618,1766.1350328523606,1747.6817340960129,1757.2537841796875,969546,0.0,0.0
2023-06-19 00:00:00+05:30,1765.6416895020272,1770.8718014206465,1730.9555234021477,1738.060546875,541464,0.0,0.0
2023-06-20 00:00:00+05:30,1743.6851630343112,1749.35936121035,1721.7287565621723,1745.7574462890625,463433,0.0,0.0
2023-06-21 00:00:00+05:30,1746.6457024307708,1756.5136896031258,1733.8172586373967,1754.44140625,332971,0.0,0.0
2023-06-22 00:00:00+05:30,1762.5331882520454,1766.381696982864,1723.6036515193803,1727.20556640625,412543,0.0,0.0
2023-06-23 00:00:00+05:30,1726.860154370402,1726.860154370402,1688.6214192800392,1693.456787109375,343509,0.0,0.0
2023-06-26 00:00:00+05:30,1693.3581508436953,1708.2095345218313,1673.6220562368217,1704.015625,387107,0.0,0.0
2023-06-27 00:00:00+05:30,1703.2755230087907,1713.587717656806,1690.7924800480216,1710.2818603515625,338798,0.0,0.0
2023-06-28 00:00:00+05:30,1713.0449057977805,1731.547547438067,1711.120651384879,1720.1005859375,1030697,0.0,0.0
2023-06-30 00:00:00+05:30,1721.975472369805,1734.7545726047977,1707.9134552524392,1711.7620849609375,453149,0.0,0.0
2023-07-03 00:00:00+05:30,1726.9096307161822,1774.2762116671931,1713.193013467711,1770.032958984375,1087245,0.0,0.0
2023-07-04 00:00:00+05:30,1776.2498267769672,1781.1837596742578,1735.4947210815,1746.2015380859375,671213,0.0,0.0
2023-07-05 00:00:00+05:30,1746.6457024307708,1760.757063166658,1740.379509412066,1754.44140625,400602,0.0,0.0
2023-07-06 00:00:00+05:30,1754.4413937721176,1760.263621054093,1741.7116359879344,1744.721435546875,360764,0.0,0.0
2023-07-07 00:00:00+05:30,1744.7214076102273,1747.3364634554835,1714.0811237171952,1720.2979736328125,554892,0.0,0.0
2023-07-10 00:00:00+05:30,1731.695629775252,1736.0375683124205,1710.3805598248225,1720.001953125,453912,0.0,0.0
2023-07-11 00:00:00+05:30,1720.7914937043445,1750.5436059145684,1720.7914937043445,1744.3760986328125,578931,0.0,0.0
2023-07-12 00:00:00+05:30,1744.326730681744,1760.8557757362196,1733.8666278391445,1754.39208984375,791286,0.0,0.0
2023-07-13 00:00:00+05:30,1755.5268054227295,1760.3621731576131,1730.3632285824135,1736.580078125,335559,0.0,0.0
2023-07-14 00:00:00+05:30,1739.2940328156515,1745.6095690424454,1720.6434819028952,1730.0673828125,409283,0.0,0.0
2023-07-17 00:00:00+05:30,1730.067318840329,1771.3158560422853,1725.5280084485084,1769.3916015625,923312,0.0,0.0
2023-07-18 00:00:00+05:30,1766.4310689471176,1775.262974553601,1744.5240052815425,1751.6290283203125,747998,0.0,0.0
2023-07-19 00:00:00+05:30,1748.7179340842158,1764.9509206526388,1747.3364522025165,1760.6583251953125,435757,0.0,0.0
2023-07-20 00:00:00+05:30,1761.4476324828338,1799.0449091606938,1753.6025861994265,1795.443115234375,856488,0.0,0.0
2023-07-21 00:00:00+05:30,1795.985969202807,1800.870680212193,1766.381766334408,1780.7891845703125,782735,0.0,0.0
2023-07-24 00:00:00+05:30,1772.3025830527247,1818.4851740291851,1766.4311337317129,1789.127685546875,782832,0.0,0.0
2023-07-25 00:00:00+05:30,1790.0649995134827,1818.4850914198257,1788.1407451333155,1804.91650390625,472389,0.0,0.0
2023-07-26 00:00:00+05:30,1808.814384284346,1824.603284169618,1804.9658754630311,1814.8338623046875,463896,0.0,0.0
2023-07-27 00:00:00+05:30,1817.843697225958,1824.3566049500175,1791.051921950183,1798.4530029296875,540277,0.0,0.0
2023-07-28 00:00:00+05:30,1794.5056062710887,1810.689249403628,1786.117787435661,1799.7357177734375,493242,0.0,0.0
2023-07-31 00:00:00+05:30,1805.8539203340592,1830.2280109998258,1796.7752999139077,1825.04736328125,599614,0.0,0.0
2023-08-01 00:00:00+05:30,1827.5636319970288,1830.5240885386709,1800.5746061707089,1813.452392578125,512567,0.0,0.0
2023-08-02 00:00:00+05:30,1808.5184263601452,1815.6234498414753,1782.2200797319101,1796.9727783203125,650377,0.0,0.0
2023-08-03 00:00:00+05:30,1784.1442636433296,1810.3932662723932,1770.5263327443513,1806.396728515625,664460,0.0,0.0
2023-08-04 00:00:00+05:30,1806.3967536259397,1821.5935384677698,1796.1340228199133,1801.364013671875,325948,0.0,0.0
2023-08-07 00:00:00+05:30,1802.7949251382981,1840.3428603646164,1801.956094849061,1831.1162109375,970459,0.0,0.0
2023-08-08 00:00:00+05:30,1833.1884391457447,1843.7472271880313,1807.6301178961248,1820.11328125,481950,0.0,0.0
2023-08-09 00:00:00+05:30,1820.6068048606012,1825.5407379703454,1803.3376156913062,1821.2974853515625,529863,0.0,0.0
2023-08-10 00:00:00+05:30,1810.886706575537,1830.5241157051246,1799.982517387848,1806.1500244140625,703299,0.0,0.0
2023-08-11 00:00:00+05:30,1814.5839786516754,1825.6969131056285,1794.4417773536973,1813.3436279296875,749144,9.960395,0.0
2023-08-14 00:00:00+05:30,1810.7639999370983,1820.7358120478955,1779.8560397891347,1797.66650390625,530231,0.0,0.0
2023-08-16 00:00:00+05:30,1797.9145575218174,1805.8524375160787,1771.6701948770656,1802.7764892578125,399331,0.0,0.0
2023-08-17 00:00:00+05:30,1795.9300771647356,1798.3610429775617,1779.7567549661633,1786.8511962890625,497072,0.0,0.0
2023-08-18 00:00:00+05:30,1781.0466913125415,1786.8511677916076,1771.7693544692486,1777.0281982421875,441358,0.0,0.0
2023-08-21 00:00:00+05:30,1777.0282062349963,1798.9067766968956,1776.085539696792,1794.342529296875,267446,0.0,0.0
2023-08-22 00:00:00+05:30,1795.930152779398,1810.8135108533484,1784.0730073894108,1791.7628173828125,366115,0.0,0.0
2023-08-23 00:00:00+05:30,1795.9300830197944,1800.89124271941,1779.062285964717,1783.6761474609375,418171,0.0,0.0
2023-08-24 00:00:00+05:30,1790.968895565542,1799.3533015371038,1757.2331803751767,1764.2283935546875,924665,0.0,0.0
2023-08-25 00:00:00+05:30,1746.318796043677,1768.7927360359542,1744.3839704394634,1762.4425048828125,659271,0.0,0.0
2023-08-28 00:00:00+05:30,1764.1291845560593,1776.0855574874674,1754.5542850081797,1770.777099609375,773224,0.0,0.0
2023-08-29 00:00:00+05:30,1771.1244820559862,1792.903825715342,1765.2703911853926,1787.7939453125,643399,0.0,0.0
2023-08-30 00:00:00+05:30,1790.9689381994115,1810.714349103804,1785.8590579731867,1792.606201171875,475187,0.0,0.0
2023-08-31 00:00:00+05:30,1792.6061518455801,1804.8600871690562,1767.9989315394114,1777.0281982421875,1249751,0.0,0.0
2023-09-01 00:00:00+05:30,1776.0856396800298,1810.8135158154162,1774.0019719760273,1797.41845703125,421915,0.0,0.0
2023-09-04 00:00:00+05:30,1800.9409325719255,1836.313791130215,1800.8913185407803,1826.73876953125,947843,0.0,0.0
2023-09-05 00:00:00+05:30,1838.050069662866,1857.4481820566223,1830.1619255131782,1839.3896484375,884678,0.0,0.0
2023-09-06 00:00:00+05:30,1840.5802744375017,1844.5491535502256,1802.8756796605996,1824.20849609375,598389,0.0,0.0
2023-09-07 00:00:00+05:30,1817.7590373996038,1836.7106236502902,1811.3591924687264,1833.0394287109375,409810,0.0,0.0
2023-09-08 00:00:00+05:30,1833.039477531321,1841.8206744846566,1825.7961939146721,1835.37109375,365560,0.0,0.0
2023-09-11 00:00:00+05:30,1835.3710416762333,1854.570698038494,1831.4517765987375,1847.8731689453125,433848,0.0,0.0
2023-09-12 00:00:00+05:30,1850.5026671961245,1905.0750611674455,1821.728110083425,1856.4063720703125,1858204,0.0,0.0
2023-09-13 00:00:00+05:30,1864.393766922514,1931.3690570486683,1841.2252317325515,1917.9739990234375,2896732,0.0,0.0
2023-09-14 00:00:00+05:30,1927.896229499087,1938.8107078977596,1903.63630687624,1916.5848388671875,1225975,0.0,0.0
2023-09-15 00:00:00+05:30,1926.9041277716299,1972.4968682549502,1917.7260185176094,1957.5142822265625,1672773,0.0,0.0
2023-09-18 00:00:00+05:30,1964.6087205347408,1972.6457070709823,1937.818603276581,1942.2340087890625,682473,0.0,0.0
2023-09-20 00:00:00+05:30,1942.233977381845,1944.764171295714,1914.997334289214,1929.5830078125,582031,0.0,0.0
2023-09-21 00:00:00+05:30,1917.0809990776902,1924.9195293533126,1881.3608433643421,1896.64111328125,1002208,0.0,0.0
2023-09-22 00:00:00+05:30,1891.8784165561278,1913.955443809344,1874.613706992357,1897.087646484375,678725,0.0,0.0
2023-09-25 00:00:00+05:30,1897.0875829920665,1930.8232981159413,1887.1156497379682,1924.7706298828125,762935,0.0,0.0
2023-09-26 00:00:00+05:30,1929.831130588041,1944.6649962675774,1921.1987755894436,1942.7796630859375,659819,0.0,0.0
2023-09-27 00:00:00+05:30,1951.5608311752392,1951.5608311752392,1908.1013726415372,1916.0887451171875,510599,0.0,0.0
2023-09-28 00:00:00+05:30,1914.9973092851485,1922.8854534992029,1881.8569618948784,1891.679931640625,726738,0.0,0.0
2023-09-29 00:00:00+05:30,1894.8551515892723,1935.834151712365,1894.8055375590334,1927.3009033203125,804258,0.0,0.0
2023-10-03 00:00:00+05:30,1913.1120949962997,1923.9273453081953,1891.8287709726558,1906.5137939453125,596037,0.0,0.0
2023-10-04 00:00:00+05:30,1891.1839546852234,1895.1528338943788,1862.4588904414977,1881.11279296875,693152,0.0,0.0
2023-10-05 00:00:00+05:30,1882.3530170861943,1894.1605482247176,1866.3782722319165,1875.4571533203125,549055,0.0,0.0
2023-10-06 00:00:00+05:30,1875.4075087090775,1891.0846907303887,1875.3082806505813,1888.5048828125,402950,0.0,0.0
2023-10-09 00:00:00+05:30,1875.3579346754932,1882.154692018399,1860.5240692320258,1874.3160400390625,347299,0.0,0.0
2023-10-10 00:00:00+05:30,1878.2352985735797,1907.5556095414884,1871.835453495795,1903.983642578125,358738,0.0,0.0
2023-10-11 00:00:00+05:30,1920.9010086296125,1966.9900094712377,1908.6470730950896,1964.7078857421875,914364,0.0,0.0
2023-10-12 00:00:00+05:30,1975.4238855671504,2006.2821087866357,1951.5607539393045,1986.2391357421875,2108772,0.0,0.0
2023-10-13 00:00:00+05:30,1980.434692279638,1985.1476602467753,1959.00252608246,1967.1883544921875,307670,0.0,0.0
2023-10-16 00:00:00+05:30,1967.1883547360324,1984.4531856866522,1942.7795899884802,1958.3575439453125,668313,0.0,0.0
2023-10-17 00:00:00+05:30,1984.4532386197504,2004.4465985052434,1942.8292558405337,1959.101806640625,1316588,0.0,0.0
2023-10-18 00:00:00+05:30,1954.7855471044695,1975.473502548981,1935.834082656376,1940.4974365234375,585260,0.0,0.0
2023-10-19 00:00:00+05:30,1936.875942596779,1963.467603813768,1912.8144753422819,1960.3421630859375,712810,0.0,0.0
2023-10-20 00:00:00+05:30,1957.0676643547445,1961.7807538377376,1924.2746156900237,1931.22021484375,491975,0.0,0.0
2023-10-23 00:00:00+05:30,1924.1257876966615,1924.1257876966615,1870.3470990919914,1887.9591064453125,878203,0.0,0.0
2023-10-25 00:00:00+05:30,1886.322055617174,1905.1246789577758,1854.421936094593,1862.8558349609375,738333,0.0,0.0
2023-10-26 00:00:00+05:30,1852.5862810257277,1859.4326522889248,1825.2504100024478,1835.1727294921875,1141085,0.0,0.0
2023-10-27 00:00:00+05:30,1842.614404885053,1855.4637093099193,1835.7184193776075,1841.5726318359375,289530,0.0,0.0
2023-10-30 00:00:00+05:30,1841.5725316009132,1867.6680512787232,1813.839748987438,1864.1953125,514528,0.0,0.0
2023-10-31 00:00:00+05:30,1865.4852482879896,1877.2431655766995,1850.5026622021628,1872.033935546875,291175,0.0,0.0
2023-11-01 00:00:00+05:30,1879.2772285927979,1882.2539488536618,1846.9305827808641,1854.0250244140625,349005,0.0,0.0
2023-11-02 00:00:00+05:30,1864.0465813432704,1886.1732232755658,1864.0465813432704,1882.998046875,322032,0.0,0.0
2023-11-03 00:00:00+05:30,1888.7033665750193,1900.11398545404,1875.6554847068462,1881.4600830078125,234555,0.0,0.0
2023-11-06 00:00:00+05:30,1887.314149729139,1921.4963919014288,1881.460059075677,1903.78515625,292296,0.0,0.0
2023-11-07 00:00:00+05:30,1905.0750021974845,1914.947707639181,1897.1868579324207,1906.613037109375,223028,0.0,0.0
2023-11-08 00:00:00+05:30,1914.005065104787,1927.896263897501,1905.0750261099017,1918.8173828125,427257,0.0,0.0
2023-11-09 00:00:00+05:30,1922.339847920916,1929.4341677696052,1914.997336320236,1919.95849609375,289965,0.0,0.0
2023-11-10 00:00:00+05:30,1915.0469362301844,1932.6589438535914,1906.2657394331957,1927.896240234375,193655,0.0,0.0
2023-11-13 00:00:00+05:30,1930.7737340008482,1930.7737340008482,1907.059443943205,1913.856201171875,214186,0.0,0.0
2023-11-15 00:00:00+05:30,1931.8650797145408,1949.0306823236226,1919.9584425139992,1928.8388671875,972167,0.0,0.0
2023-11-16 00:00:00+05:30,1934.544217243726,1939.654219232389,1898.9729026531852,1927.4993896484375,954513,0.0,0.0
2023-11-17 00:00:00+05:30,1925.9614802142341,1968.1807102379566,1925.2668837785882,1955.232177734375,849407,0.0,0.0
2023-11-20 00:00:00+05:30,1956.2739094384094,1962.7729825683994,1937.9178127400262,1956.968505859375,287305,0.0,0.0
2023-11-21 00:00:00+05:30,1957.3157875704942,1972.5464434521743,1953.694206612018,1962.0784912109375,317975,0.0,0.0
2023-11-22 00:00:00+05:30,1964.410272902114,1969.4705392305345,1943.523860379508,1958.7545166015625,315125,0.0,0.0
2023-11-23 00:00:00+05:30,1968.6768054959919,1968.6768054959919,1936.230932329867,1941.688232421875,437448,0.0,0.0
2023-11-24 00:00:00+05:30,1948.6337987939046,1954.1405912195762,1930.327194864782,1934.2464599609375,168686,0.0,0.0
2023-11-28 00:00:00+05:30,1947.7407155747107,1971.5542331572378,1938.0665880596316,1960.5404052734375,699089,0.0,0.0
2023-11-29 00:00:00+05:30,1972.6456567943842,1993.3832266065544,1965.65044347486,1987.6778564453125,824220,0.0,0.0
2023-11-30 00:00:00+05:30,1990.406472086101,2015.2121486649553,1974.7789043536336,1989.8607177734375,1707069,0.0,0.0
2023-12-01 00:00:00+05:30,2004.2480690041345,2023.149919525445,1992.3909241512893,2000.37841796875,932202,0.0,0.0
2023-12-04 00:00:00+05:30,2058.870148577365,2059.8624291877545,2012.682039827072,2036.9915771484375,1055783,0.0,0.0
2023-12-05 00:00:00+05:30,2041.90299832937,2061.8468645567286,2022.6538500898953,2056.24072265625,561391,0.0,0.0
2023-12-06 00:00:00+05:30,2063.682457830048,2068.79245974647,2029.6491786821512,2041.7542724609375,360631,0.0,0.0
2023-12-07 00:00:00+05:30,2041.7543516490746,2072.761419356372,2029.6988714330391,2065.56787109375,424799,0.0,0.0
2023-12-08 00:00:00+05:30,2063.831201242342,2082.9812432042113,2026.7715896201844,2053.95849609375,594786,0.0,0.0
2023-12-11 00:00:00+05:30,2055.89360147887,2072.0171889776743,2052.0239502073982,2067.849853515625,254812,0.0,0.0
2023-12-12 00:00:00+05:30,2073.753548334065,2112.4503017962315,2059.4654377122424,2064.575439453125,774496,0.0,0.0
2023-12-13 00:00:00+05:30,2064.724275750502,2076.680526994101,2021.463153380442,2067.75048828125,805574,0.0,0.0
2023-12-14 00:00:00+05:30,2078.6652290106413,2095.5330270100944,2065.7663103518807,2087.545654296875,607109,0.0,0.0
2023-12-15 00:00:00+05:30,2099.55144789495,2116.1711751614307,2085.6602490791047,2111.16064453125,727207,0.0,0.0
2023-12-18 00:00:00+05:30,2111.160560940439,2111.160560940439,2085.6601664979753,2093.35009765625,314105,0.0,0.0
2023-12-19 00:00:00+05:30,2090.6711228213567,2121.182050361696,2072.95988604585,2101.7841796875,317963,0.0,0.0
2023-12-20 00:00:00+05:30,2117.4115554635428,2118.999204449577,2037.586957593102,2047.50927734375,678958,0.0,0.0
2023-12-21 00:00:00+05:30,2034.0644536431914,2074.596924955263,2034.0644536431914,2069.3876953125,445236,0.0,0.0
2023-12-22 00:00:00+05:30,2072.761367459006,2080.3022137584967,2019.0819043925533,2030.2940673828125,1006017,0.0,0.0
2023-12-26 00:00:00+05:30,2035.0566919869782,2066.807846544718,2033.0722524273076,2053.46240234375,643808,0.0,0.0
2023-12-27 00:00:00+05:30,2062.789326972872,2114.286013218569,2055.4965512054796,2108.282958984375,1137913,0.0,0.0
2023-12-28 00:00:00+05:30,2112.45044310699,2131.55087257574,2089.9268886411355,2123.3154296875,1063989,0.0,0.0
2023-12-29 00:00:00+05:30,2123.662622300451,2128.3260978638805,2098.5591394226617,2118.205322265625,651373,0.0,0.0
2024-01-01 00:00:00+05:30,2128.3260652111044,2158.0927799896153,2095.5825087105263,2110.763671875,807664,0.0,0.0
2024-01-02 00:00:00+05:30,2113.3434259534542,2113.8395662563807,2071.769057422496,2085.114501953125,799936,0.0,0.0
2024-01-03 00:00:00+05:30,2073.7536633565715,2103.520379731888,2050.039372395422,2056.092041015625,975031,0.0,0.0
2024-01-04 00:00:00+05:30,2073.753604916809,2078.714764707225,2043.3915210207647,2054.107421875,962508,0.0,0.0
2024-01-05 00:00:00+05:30,2081.691423875013,2082.6837045031766,2037.5869820134888,2063.335205078125,1089092,0.0,0.0
2024-01-08 00:00:00+05:30,2063.3351345188444,2067.502469808587,2041.9030897135901,2051.626953125,559523,0.0,0.0
2024-01-09 00:00:00+05:30,2065.9646770158542,2076.4821216911346,2042.8457552124673,2048.00537109375,1216816,0.0,0.0
2024-01-10 00:00:00+05:30,2050.91867203062,2066.508664342172,2033.0373141990647,2060.63134765625,325322,0.0,0.0
2024-01-11 00:00:00+05:30,2062.026024721664,2088.275252192301,2043.1486154096713,2075.723388671875,887806,0.0,0.0
2024-01-12 00:00:00+05:30,2075.0260408567137,2112.7808580958917,2067.0566657598083,2103.466796875,485644,0.0,0.0
2024-01-15 00:00:00+05:30,2103.6658785065147,2114.8229544488436,2085.6849281927452,2092.95703125,202260,0.0,0.0
2024-01-16 00:00:00+05:30,2084.5395866403824,2111.6852712885284,2082.0990140930403,2107.102783203125,457403,0.0,0.0
2024-01-17 00:00:00+05:30,2104.5127728538487,2107.1026737713255,2048.129348184645,2059.93408203125,733818,0.0,0.0
2024-01-18 00:00:00+05:30,2059.0873222575565,2061.079666062353,2028.4051790224787,2045.788330078125,877519,0.0,0.0
2024-01-19 00:00:00+05:30,2048.577655625096,2085.9839591206387,2044.4934967576953,2073.23291015625,456698,0.0,0.0
2024-01-23 00:00:00+05:30,2070.144927537028,2078.4129597616325,2024.7193915078708,2041.7540283203125,938057,0.0,0.0
2024-01-24 00:00:00+05:30,2061.0796056598,2072.7846251699516,2008.830439551437,2063.370849609375,604130,0.0,0.0
2024-01-25 00:00:00+05:30,2071.9877699290937,2079.3595881801384,2044.2941414632483,2068.551025390625,467209,0.0,0.0
2024-01-29 00:00:00+05:30,2072.0376351271084,2116.8653724255314,2069.7962482621874,2096.44384765625,795647,0.0,0.0
2024-01-30 00:00:00+05:30,2106.90352302465,2130.8116481086176,2097.937976118162,2118.0107421875,852171,0.0,0.0
2024-01-31 00:00:00+05:30,2118.3594921875,2173.696888484955,2107.3517443275455,2166.673828125,910709,0.0,0.0
2024-02-01 00:00:00+05:30,2166.6739402661806,2170.5589134973466,2103.3671656921383,2120.45166015625,638710,0.0,0.0
2024-02-02 00:00:00+05:30,2139.7274712610833,2161.5933967169703,2122.344319538086,2131.260009765625,330557,0.0,0.0
2024-02-05 00:00:00+05:30,2121.945877899207,2139.0799860706425,2073.0337399481473,2081.750244140625,949717,0.0,0.0
2024-02-06 00:00:00+05:30,2074.0298142262372,2089.9187067651046,2053.1102051490275,2058.091064453125,581483,0.0,0.0
2024-02-07 00:00:00+05:30,2071.041405047508,2111.884453439498,2055.1026544555116,2103.4169921875,1133609,0.0,0.0
2024-02-08 00:00:00+05:30,2114.87300771678,2116.865351577088,2040.160112955236,2049.424560546875,1387156,0.0,0.0
2024-02-09 00:00:00+05:30,2049.3746083729934,2173.647050902842,2039.0642536941255,2160.19873046875,2010089,0.0,0.0
2024-02-12 00:00:00+05:30,2166.673939286998,2190.582065513613,2129.915292495992,2139.1298828125,1229133,0.0,0.0
2024-02-13 00:00:00+05:30,2165.5779084748233,2165.5779084748233,2046.0871425474734,2056.248046875,985312,0.0,0.0
2024-02-14 00:00:00+05:30,2046.1370950881815,2077.018424176659,2019.7385395770632,2071.83837890625,605147,0.0,0.0
2024-02-15 00:00:00+05:30,2077.715549166637,2095.59678497701,2064.865029767967,2076.819091796875,506068,0.0,0.0
2024-02-16 00:00:00+05:30,2083.3939052744136,2110.8883481963867,2078.8615174964934,2097.58935546875,403756,0.0,0.0
2024-02-19 00:00:00+05:30,2099.382286176608,2181.6163198419918,2094.1523840400005,2160.29833984375,1167037,0.0,0.0
2024-02-20 00:00:00+05:30,2160.696912819663,2213.494025027797,2152.8272518672807,2183.85791015625,1710394,0.0,0.0
2024-02-21 00:00:00+05:30,2191.578105415337,2213.4938864694905,2171.704525327889,2185.60107421875,765529,0.0,0.0
2024-02-22 00:00:00+05:30,2225.447922969039,2235.409641514111,2105.110314303368,2192.7734375,3428899,0.0,0.0
2024-02-23 00:00:00+05:30,2225.4480160903186,2228.137631568828,2174.2448779085216,2185.99951171875,1646510,0.0,0.0
2024-02-26 00:00:00+05:30,2195.6626722611322,2202.8350615945383,2166.4747857510088,2178.5283203125,905237,0.0,0.0
2024-02-27 00:00:00+05:30,2181.8156561957967,2205.5245961597684,2181.8156561957967,2196.35986328125,674507,0.0,0.0
2024-02-28 00:00:00+05:30,2193.570586795231,2210.4057951062946,2164.9306438477456,2177.6318359375,1197381,0.0,0.0
2024-02-29 00:00:00+05:30,2177.6317553950134,2197.5551932302833,2149.539756688488,2183.010986328125,1499473,0.0,0.0
2024-03-01 00:00:00+05:30,2200.5436313280434,2250.750595620526,2188.340526084146,2246.267822265625,826009,0.0,0.0
2024-03-04 00:00:00+05:30,2236.405974793352,2251.3485536895214,2217.777608410668,2225.597412109375,423656,0.0,0.0
2024-03-05 00:00:00+05:30,2221.562976200912,2243.2793283202896,2211.949771768011,2222.95751953125,401260,0.0,0.0
2024-03-06 00:00:00+05:30,2229.3330199539914,2244.325455839672,2188.1913146386337,2227.9384765625,678808,0.0,0.0
2024-03-07 00:00:00+05:30,2230.428977664328,2241.735626486043,2199.547647468886,2219.57080078125,519779,0.0,0.0
2024-03-11 00:00:00+05:30,2221.463287277914,2261.85810555998,2216.98051382825,2228.2373046875,599546,0.0,0.0
2024-03-12 00:00:00+05:30,2227.4403424944194,2238.348376031351,2164.5321850234664,2175.639404296875,891725,0.0,0.0
2024-03-13 00:00:00+05:30,2185.6010662166236,2194.616470213006,2129.118170256879,2140.873046875,881145,0.0,0.0
2024-03-14 00:00:00+05:30,2141.669845455414,2196.459299314003,2120.451578798637,2188.091552734375,1097271,0.0,0.0
2024-03-15 00:00:00+05:30,2176.735389918905,2200.4440873794956,2156.7620940041807,2188.689453125,2630480,0.0,0.0
2024-03-18 00:00:00+05:30,2172.65100669356,2205.524680797589,2161.69311532555,2194.66650390625,508214,0.0,0.0
2024-03-19 00:00:00+05:30,2190.5819987567224,2197.6549164989674,2155.5666539034823,2165.478515625,660181,0.0,0.0
2024-03-20 00:00:00+05:30,2167.1720120791883,2187.7428649459057,2122.8423616367504,2159.20263671875,655682,0.0,0.0
2024-03-21 00:00:00+05:30,2179.6240684981835,2202.8349218907633,2166.972734292073,2197.10693359375,880687,0.0,0.0
2024-03-22 00:00:00+05:30,2191.57818895543,2225.448033693832,2186.0493862466315,2215.0380859375,551648,0.0,0.0
2024-03-26 00:00:00+05:30,2206.520699447263,2233.517054497176,2193.221707655769,2231.474853515625,731877,0.0,0.0
2024-03-27 00:00:00+05:30,2231.425061821821,2243.3292674166732,2190.283113603275,2198.900146484375,1033992,0.0,0.0
2024-03-28 00:00:00+05:30,2201.5398118495887,2300.3600117764745,2201.5398118495887,2278.5439453125,1786120,0.0,0.0
2024-04-01 00:00:00+05:30,2291.1953577553822,2310.3218094919607,2280.2873241498833,2283.77392578125,288891,0.0,0.0
2024-04-02 00:00:00+05:30,2288.2067445394405,2307.1340097315383,2266.290963790695,2297.47119140625,446163,0.0,0.0
2024-04-03 00:00:00+05:30,2294.7817395844368,2307.2835026558687,2279.291217537345,2296.62451171875,303529,0.0,0.0
2024-04-04 00:00:00+05:30,2300.658868461279,2314.854317205844,2240.888557957847,2269.130126953125,814966,0.0,0.0
2024-04-05 00:00:00+05:30,2266.340819431836,2268.3830203686466,2224.949830360158,2228.984375,454995,0.0,0.0
2024-04-08 00:00:00+05:30,2238.398189839884,2279.6894651723615,2226.4441274108326,2272.06884765625,278448,0.0,0.0
2024-04-09 00:00:00+05:30,2288.1570333993986,2303.4982268266326,2273.2144546621125,2292.490478515625,388155,0.0,0.0
2024-04-10 00:00:00+05:30,2301.107313277789,2306.038315716258,2282.7778469509017,2297.521240234375,513499,0.0,0.0
2024-04-12 00:00:00+05:30,2288.206922456962,2298.1686417536835,2240.689570052807,2245.42138671875,635489,0.0,0.0
2024-04-15 00:00:00+05:30,2230.4289332950693,2244.7737116890503,2216.2833406442755,2228.8349609375,415064,0.0,0.0
2024-04-16 00:00:00+05:30,2220.467219824966,2240.639701297131,2212.5975589034247,2234.36376953125,558075,0.0,0.0
2024-04-18 00:00:00+05:30,2236.4558310466095,2292.0422731571034,2210.9537324592893,2217.528564453125,987066,0.0,0.0
2024-04-19 00:00:00+05:30,2211.501560227443,2281.9807203112678,2192.9230520601936,2264.447998046875,1061064,0.0,0.0
2024-04-22 00:00:00+05:30,2266.2910216565806,2278.095755689158,2257.375331992807,2271.81982421875,445671,0.0,0.0
2024-04-23 00:00:00+05:30,2269.7277483278112,2366.904362877562,2269.6778910931116,2361.07666015625,1823447,0.0,0.0
2024-04-24 00:00:00+05:30,2368.8966988824723,2375.1726302835423,2324.068964883435,2328.80078125,1021874,0.0,0.0
2024-04-25 00:00:00+05:30,2340.007883408141,2366.954382984296,2325.264490077942,2358.38720703125,1621547,0.0,0.0
2024-04-26 00:00:00+05:30,2357.889122664751,2370.1919433953294,2321.1304753935474,2333.48291015625,405679,0.0,0.0
2024-04-29 00:00:00+05:30,2345.984739012189,2383.6400841012323,2300.758633682643,2377.4638671875,616995,0.0,0.0
2024-04-30 00:00:00+05:30,2395.7932791448734,2429.1151786065375,2365.011666520595,2402.417724609375,1041175,0.0,0.0
2024-05-02 00:00:00+05:30,2400.7743755475344,2442.6135970301057,2391.8586853251945,2428.019775390625,1466226,0.0,0.0
2024-05-03 00:00:00+05:30,2432.651855590681,2477.479592487315,2429.464154052572,2471.851318359375,1192695,0.0,0.0
2024-05-06 00:00:00+05:30,2479.471733655152,2480.2188625423523,2431.8546706030543,2443.908447265625,606833,0.0,0.0
2024-05-07 00:00:00+05:30,2450.582881960579,2459.2495288775262,2393.900797948863,2411.732177734375,438590,0.0,0.0
2024-05-08 00:00:00+05:30,2394.797150352663,2414.8699160401407,2361.823764519226,2368.249267578125,462790,0.0,0.0
2024-05-09 00:00:00+05:30,2366.3564355812446,2384.237672124654,2336.072907815616,2344.689697265625,557056,0.0,0.0
2024-05-10 00:00:00+05:30,2350.9156975901583,2373.57860706992,2313.1110247035836,2368.0498046875,890719,0.0,0.0
2024-05-13 00:00:00+05:30,2368.7969885165635,2383.839281011372,2338.065232300937,2376.069091796875,511264,0.0,0.0
2024-05-14 00:00:00+05:30,2374.325744214993,2387.6745929115896,2353.0576211682123,2362.969482421875,421260,0.0,0.0
2024-05-15 00:00:00+05:30,2377.812382626311,2394.7473043178197,2357.1418164440274,2360.62841796875,404095,0.0,0.0
2024-05-16 00:00:00+05:30,2372.8814968250194,2376.8661844771186,2301.3563048286337,2363.517578125,1181205,0.0,0.0
2024-05-17 00:00:00+05:30,2364.9119907084223,2424.3335447511017,2364.9119907084223,2414.371826171875,1184234,0.0,0.0
2024-05-21 00:00:00+05:30,2420.7974848034964,2440.571351530504,2397.188015688547,2437.283935546875,555489,0.0,0.0
2024-05-22 00:00:00+05:30,2446.5481866758414,2453.621104036324,2409.0424141076046,2427.322021484375,722345,0.0,0.0
2024-05-23 00:00:00+05:30,2432.651860828504,2452.4755850163947,2386.47919444314,2444.40673828125,1091448,0.0,0.0
2024-05-24 00:00:00+05:30,2440.3720213793576,2465.3261751886616,2422.291599348352,2431.655517578125,483000,0.0,0.0
2024-05-27 00:00:00+05:30,2431.70550144899,2446.2993227195084,2376.8163316569153,2381.498291015625,888793,0.0,0.0
2024-05-28 00:00:00+05:30,2389.7165391445114,2460.4945972976298,2383.540322353289,2431.008056640625,874384,0.0,0.0
2024-05-29 00:00:00+05:30,2430.659476624192,2450.5829149571773,2384.088439520839,2391.410400390625,1084966,0.0,0.0
2024-05-30 00:00:00+05:30,2394.7971212392667,2397.3872653250105,2319.0880608340317,2336.22216796875,826458,0.0,0.0
2024-05-31 00:00:00+05:30,2333.9807964990673,2352.957918957434,2287.1607193648592,2307.383056640625,1644820,0.0,0.0
2024-06-03 00:00:00+05:30,2390.812446760432,2395.9924917538756,2353.2568165504404,2359.73193359375,807692,0.0,0.0
2024-06-04 00:00:00+05:30,2327.1074458189823,2356.1457597982,2163.287023380424,2247.76220703125,1543389,0.0,0.0
2024-06-05 00:00:00+05:30,2249.754477066476,2304.8926879205346,2173.7963711976736,2296.02685546875,1996915,0.0,0.0
2024-06-06 00:00:00+05:30,2297.222172048212,2343.9923923491206,2284.3217950706653,2325.812255859375,834320,0.0,0.0
2024-06-07 00:00:00+05:30,2302.3524006025577,2374.3258189384273,2302.3524006025577,2370.73974609375,471524,0.0,0.0
2024-06-10 00:00:00+05:30,2371.984907211831,2462.5368317775537,2366.207061797039,2437.433349609375,980297,0.0,0.0
2024-06-11 00:00:00+05:30,2440.5214256487625,2472.498640726223,2417.0617721116105,2447.49462890625,531924,0.0,0.0
2024-06-12 00:00:00+05:30,2420.697741109989,2467.3684923722385,2420.697741109989,2440.7705078125,463980,0.0,0.0
2024-06-13 00:00:00+05:30,2431.7054586048607,2466.0733890625515,2420.6977104982207,2448.640380859375,512510,0.0,0.0
2024-06-14 00:00:00+05:30,2448.6404268210886,2514.0390158255727,2440.621194255898,2461.739990234375,1542911,0.0,0.0
2024-06-18 00:00:00+05:30,2461.5407975760286,2477.9277769073537,2435.6403278322096,2448.142333984375,467553,0.0,0.0
2024-06-19 00:00:00+05:30,2448.5905448841054,2451.4297320985443,2402.7666372093013,2437.781982421875,668976,0.0,0.0
2024-06-20 00:00:00+05:30,2437.732336770408,2494.4144202026655,2423.1881298494345,2489.234375,1008266,0.0,0.0
2024-06-21 00:00:00+05:30,2489.4335726412805,2505.970123427432,2441.2189500694158,2456.709228515625,2867672,0.0,0.0
2024-06-24 00:00:00+05:30,2454.4677304087354,2512.0963693656963,2433.7475504388794,2505.471923828125,724085,0.0,0.0
2024-06-25 00:00:00+05:30,2510.3530700590827,2520.165460095491,2485.4487737291315,2507.314697265625,792404,0.0,0.0
2024-06-26 00:00:00+05:30,2509.1578348546573,2554.1847561740865,2499.445158812264,2542.479736328125,1387150,0.0,0.0
2024-06-27 00:00:00+05:30,2545.11956084112,2644.487710630866,2542.4798025150853,2627.503173828125,4849907,0.0,0.0
2024-06-28 00:00:00+05:30,2625.8593631677036,2668.694756368555,2577.2959813411576,2660.227294921875,1495266,0.0,0.0
2024-07-01 00:00:00+05:30,2655.993392658214,2733.395898359881,2651.85937667778,2715.962890625,1098168,0.0,0.0
2024-07-02 00:00:00+05:30,2706.5990944647424,2752.124102362747,2706.5990944647424,2732.44970703125,942834,0.0,0.0
2024-07-03 00:00:00+05:30,2740.2197972858803,2750.8289305191824,2720.1966452273377,2731.85205078125,537119,0.0,0.0
2024-07-04 00:00:00+05:30,2737.4804227765426,2742.212239373409,2706.6489506444836,2724.380859375,446631,0.0,0.0
2024-07-05 00:00:00+05:30,2719.5493739765284,2745.1509439841107,2709.9860261482618,2737.48046875,372709,0.0,0.0
2024-07-08 00:00:00+05:30,2741.166077861955,2744.403636429798,2703.4611186185275,2731.652587890625,333988,0.0,0.0
2024-07-09 00:00:00+05:30,2724.629798582752,2775.2849926142108,2708.491619607466,2751.2275390625,451862,0.0,0.0
2024-07-10 00:00:00+05:30,2770.3539142221816,2801.484284527627,2730.507040231212,2791.4228515625,1128000,0.0,0.0
2024-07-11 00:00:00+05:30,2814.185568915783,2826.139631509407,2780.5647678712135,2790.875244140625,1679101,0.0,0.0
2024-07-12 00:00:00+05:30,2796.254453125,2839.08984375,2790.8752222824096,2832.86376953125,1457604,0.0,0.0
2024-07-15 00:00:00+05:30,2839.0897941164176,2842.0284524550884,2775.3347952309964,2793.016845703125,1333353,0.0,0.0
2024-07-16 00:00:00+05:30,2807.2123071359506,2833.8599044446396,2799.5418324397,2816.526611328125,756629,0.0,0.0
2024-07-18 00:00:00+05:30,2799.2430731285895,2834.9060762246017,2766.3694000277915,2781.11279296875,1181529,0.0,0.0
2024-07-19 00:00:00+05:30,2775.334903262281,2779.269733611702,2724.0320505996797,2732.49951171875,424329,0.0,0.0
2024-07-22 00:00:00+05:30,2691.6564308309344,2811.1970569226114,2691.6564308309344,2800.787109375,1248824,0.0,0.0
2024-07-23 00:00:00+05:30,2800.239243884896,2840.0362631174717,2763.430740387523,2812.2431640625,1046046,0.0,0.0
2024-07-24 00:00:00+05:30,2819.166453133853,2819.166453133853,2764.3769990976825,2796.15478515625,2880833,0.0,0.0
2024-07-25 00:00:00+05:30,2794.2622525202323,2814.185691040876,2760.9403502356636,2786.8408203125,550900,0.0,0.0
2024-07-26 00:00:00+05:30,2814.1356762421196,2866.733599632909,2797.748697617592,2832.41552734375,701236,0.0,0.0
2024-07-29 00:00:00+05:30,2848.9518912914414,2854.0324652134996,2809.20473015779,2817.373291015625,501949,0.0,0.0
2024-07-30 00:00:00+05:30,2817.3733250448618,2819.166483109954,2772.1970752055695,2780.216064453125,721728,0.0,0.0
2024-07-31 00:00:00+05:30,2780.216096624371,2788.036143429221,2750.9785968813017,2766.120361328125,662086,0.0,0.0
2024-08-01 00:00:00+05:30,2771.3004364724793,2777.974739724822,2743.0591083390646,2756.40771484375,383675,0.0,0.0
2024-08-02 00:00:00+05:30,2738.9747252493516,2746.5457292100336,2690.660386578832,2696.438232421875,401105,0.0,0.0
2024-08-05 00:00:00+05:30,2644.985676475844,2668.6946159199965,2577.8437888793187,2602.25,1049292,0.0,0.0
2024-08-06 00:00:00+05:30,2627.0,2679.39990234375,2610.0,2620.5,813893,10.0,0.0
2024-08-07 00:00:00+05:30,2650.0,2659.39990234375,2632.25,2637.050048828125,551368,0.0,0.0
2024-08-08 00:00:00+05:30,2623.25,2633.800048828125,2531.10009765625,2544.64990234375,1199236,0.0,0.0
2024-08-09 00:00:00+05:30,2556.10009765625,2638.949951171875,2540.050048828125,2572.75,2677777,0.0,0.0
2024-08-12 00:00:00+05:30,2570.0,2621.0,2555.050048828125,2571.10009765625,1827230,0.0,0.0
2024-08-13 00:00:00+05:30,2572.0,2579.39990234375,2512.14990234375,2519.25,784848,0.0,0.0
2024-08-14 00:00:00+05:30,2524.0,2534.5,2505.050048828125,2512.39990234375,286936,0.0,0.0
2024-08-16 00:00:00+05:30,2512.39990234375,2608.0,2512.39990234375,2600.35009765625,725887,0.0,0.0
2024-08-19 00:00:00+05:30,2619.800048828125,2635.14990234375,2557.050048828125,2598.39990234375,682028,0.0,0.0
2024-08-20 00:00:00+05:30,2608.0,2648.89990234375,2589.050048828125,2636.699951171875,685479,0.0,0.0
2024-08-21 00:00:00+05:30,2640.050048828125,2692.050048828125,2625.14990234375,2684.85009765625,857604,0.0,0.0
2024-08-22 00:00:00+05:30,2694.449951171875,2772.949951171875,2691.050048828125,2755.14990234375,2065301,0.0,0.0
2024-08-23 00:00:00+05:30,2771.39990234375,2780.89990234375,2706.949951171875,2748.550048828125,1101735,0.0,0.0
2024-08-26 00:00:00+05:30,2752.0,2763.199951171875,2712.800048828125,2736.60009765625,597542,0.0,0.0
2024-08-27 00:00:00+05:30,2741.449951171875,2747.949951171875,2697.050048828125,2699.89990234375,1450595,0.0,0.0
2024-08-28 00:00:00+05:30,2698.5,2722.550048828125,2683.0,2715.550048828125,981745,0.0,0.0
2024-08-29 00:00:00+05:30,2714.89990234375,2719.0,2640.050048828125,2676.199951171875,941802,0.0,0.0
2024-08-30 00:00:00+05:30,2676.199951171875,2708.89990234375,2676.199951171875,2698.85009765625,994826,0.0,0.0
2024-09-02 00:00:00+05:30,2706.75,2729.64990234375,2675.550048828125,2690.800048828125,720118,0.0,0.0
2024-09-03 00:00:00+05:30,2680.10009765625,2710.0,2680.10009765625,2706.85009765625,522391,0.0,0.0
2024-09-04 00:00:00+05:30,2695.0,2763.949951171875,2687.25,2757.64990234375,1119041,0.0,0.0
2024-09-05 00:00:00+05:30,2774.0,2774.0,2735.300048828125,2741.60009765625,472385,0.0,0.0
2024-09-06 00:00:00+05:30,2740.0,2744.60009765625,2674.050048828125,2692.85009765625,555331,0.0,0.0
2024-09-09 00:00:00+05:30,2689.949951171875,2715.39990234375,2673.89990234375,2710.35009765625,267477,0.0,0.0
2024-09-10 00:00:00+05:30,2700.0,2715.14990234375,2677.0,2702.550048828125,431289,0.0,0.0
2024-09-11 00:00:00+05:30,2710.0,2729.5,2674.10009765625,2681.14990234375,347845,0.0,0.0
2024-09-12 00:00:00+05:30,2690.60009765625,2765.0,2678.75,2757.10009765625,939815,0.0,0.0
2024-09-13 00:00:00+05:30,2760.10009765625,2799.0,2748.199951171875,2784.35009765625,634726,0.0,0.0
2024-09-16 00:00:00+05:30,2802.800048828125,2819.050048828125,2757.300048828125,2765.300048828125,431468,0.0,0.0
2024-09-17 00:00:00+05:30,2769.0,2777.300048828125,2730.0,2754.85009765625,253234,0.0,0.0
2024-09-18 00:00:00+05:30,2754.85009765625,2777.0,2715.0,2722.699951171875,332947,0.0,0.0
2024-09-19 00:00:00+05:30,2743.0,2775.0,2722.300048828125,2738.949951171875,452713,0.0,0.0
2024-09-20 00:00:00+05:30,2745.0,2755.699951171875,2664.199951171875,2678.25,2755774,0.0,0.0
2024-09-23 00:00:00+05:30,2705.0,2705.0,2665.0,2666.89990234375,678018,0.0,0.0
2024-09-24 00:00:00+05:30,2676.35009765625,2695.0,2610.0,2619.300048828125,1457923,0.0,0.0
2024-09-25 00:00:00+05:30,2619.300048828125,2666.0,2583.949951171875,2662.0,883336,0.0,0.0
2024-09-26 00:00:00+05:30,2674.0,2750.0,2656.199951171875,2745.85009765625,1117471,0.0,0.0
2024-09-27 00:00:00+05:30,2745.85009765625,2807.0,2745.85009765625,2783.14990234375,1416974,0.0,0.0
2024-09-30 00:00:00+05:30,2784.0,2824.0,2765.0,2795.550048828125,890000,0.0,0.0
2024-10-01 00:00:00+05:30,2794.050048828125,2813.64990234375,2755.0,2801.14990234375,442630,0.0,0.0
2024-10-03 00:00:00+05:30,2789.0,2833.0,2752.10009765625,2766.14990234375,972732,0.0,0.0
2024-10-04 00:00:00+05:30,2766.14990234375,2788.800048828125,2731.0,2745.10009765625,708378,0.0,0.0
2024-10-07 00:00:00+05:30,2760.0,2769.949951171875,2700.0,2720.5,689611,0.0,0.0
2024-10-08 00:00:00+05:30,2715.25,2745.14990234375,2705.199951171875,2738.199951171875,553985,0.0,0.0
2024-10-09 00:00:00+05:30,2754.0,2754.0,2710.0,2715.75,600020,0.0,0.0
2024-10-10 00:00:00+05:30,2717.949951171875,2739.449951171875,2711.10009765625,2722.449951171875,387246,0.0,0.0
2024-10-11 00:00:00+05:30,2722.449951171875,2731.699951171875,2685.5,2725.550048828125,209760,0.0,0.0
2024-10-14 00:00:00+05:30,2737.550048828125,2737.550048828125,2702.300048828125,2726.89990234375,232099,0.0,0.0
2024-10-15 00:00:00+05:30,2725.0,2747.949951171875,2700.699951171875,2735.800048828125,491010,0.0,0.0
2024-10-16 00:00:00+05:30,2725.10009765625,2784.0,2725.0,2764.10009765625,756373,0.0,0.0
2024-10-17 00:00:00+05:30,2784.0,2789.800048828125,2686.050048828125,2705.85009765625,529505,0.0,0.0
2024-10-18 00:00:00+05:30,2700.0,2766.0,2674.64990234375,2760.949951171875,345996,0.0,0.0
2024-10-21 00:00:00+05:30,2760.0,2765.39990234375,2712.0,2718.25,322456,0.0,0.0
2024-10-22 00:00:00+05:30,2718.10009765625,2746.14990234375,2646.35009765625,2655.35009765625,377094,0.0,0.0
2024-10-23 00:00:00+05:30,2650.0,2676.699951171875,2625.949951171875,2633.199951171875,944905,0.0,0.0
2024-10-24 00:00:00+05:30,2644.89990234375,2695.949951171875,2616.10009765625,2666.699951171875,844303,0.0,0.0
2024-10-25 00:00:00+05:30,2665.10009765625,2675.050048828125,2600.0,2615.199951171875,656546,0.0,0.0
2024-10-28 00:00:00+05:30,2600.0,2665.949951171875,2594.300048828125,2646.949951171875,763794,0.0,0.0
2024-10-29 00:00:00+05:30,2660.0,2690.0,2650.0,2686.0,611947,0.0,0.0
2024-10-30 00:00:00+05:30,2691.64990234375,2708.60009765625,2666.050048828125,2672.550048828125,469403,0.0,0.0
2024-10-31 00:00:00+05:30,2675.0,2704.0,2644.449951171875,2695.85009765625,321800,0.0,0.0
2024-11-01 00:00:00+05:30,2719.0,2719.0,2673.0,2698.89990234375,62294,0.0,0.0
2024-11-04 00:00:00+05:30,2696.64990234375,2700.0,2578.050048828125,2590.60009765625,477329,0.0,0.0
2024-11-05 00:00:00+05:30,2590.60009765625,2661.39990234375,2587.60009765625,2650.949951171875,896947,0.0,0.0
2024-11-06 00:00:00+05:30,2650.949951171875,2667.550048828125,2619.550048828125,2645.949951171875,455842,0.0,0.0
2024-11-07 00:00:00+05:30,2631.14990234375,2662.949951171875,2551.75,2562.699951171875,481689,0.0,0.0
2024-11-08 00:00:00+05:30,2565.0,2581.699951171875,2540.0,2544.85009765625,558297,0.0,0.0
2024-11-11 00:00:00+05:30,2528.050048828125,2553.85009765625,2506.050048828125,2519.5,354984,0.0,0.0
2024-11-12 00:00:00+05:30,2523.25,2546.25,2510.0,2521.199951171875,520250,0.0,0.0
2024-11-13 00:00:00+05:30,2521.199951171875,2534.64990234375,2472.050048828125,2502.89990234375,1449201,0.0,0.0
2024-11-14 00:00:00+05:30,2502.89990234375,2539.0,2490.050048828125,2523.949951171875,581846,0.0,0.0
2024-11-18 00:00:00+05:30,2497.0,2552.800048828125,2479.050048828125,2517.14990234375,1436348,0.0,0.0
2024-11-19 00:00:00+05:30,2517.14990234375,2552.0,2500.0,2508.14990234375,424096,0.0,0.0
2024-11-21 00:00:00+05:30,2491.10009765625,2555.64990234375,2480.14990234375,2534.85009765625,686930,0.0,0.0
2024-11-22 00:00:00+05:30,2540.39990234375,2609.89990234375,2534.85009765625,2598.64990234375,828921,0.0,0.0
2024-11-25 00:00:00+05:30,2615.0,2654.0,2600.35009765625,2629.800048828125,967944,0.0,0.0
2024-11-26 00:00:00+05:30,2629.800048828125,2639.699951171875,2602.449951171875,2617.199951171875,256368,0.0,0.0
2024-11-27 00:00:00+05:30,2619.800048828125,2649.449951171875,2595.0,2621.89990234375,348482,0.0,0.0
2024-11-28 00:00:00+05:30,2622.0,2635.949951171875,2554.050048828125,2570.449951171875,1057792,0.0,0.0
2024-11-29 00:00:00+05:30,2565.0,2630.449951171875,2559.0,2606.25,650252,0.0,0.0
2024-12-02 00:00:00+05:30,2605.85009765625,2709.0,2591.75,2693.550048828125,1103892,0.0,0.0
2024-12-03 00:00:00+05:30,2693.050048828125,2728.949951171875,2683.0,2714.0,522667,0.0,0.0
2024-12-04 00:00:00+05:30,2708.300048828125,2724.449951171875,2695.10009765625,2717.300048828125,572817,0.0,0.0
2024-12-05 00:00:00+05:30,2733.0,2733.75,2669.39990234375,2706.800048828125,714805,0.0,0.0
2024-12-06 00:00:00+05:30,2714.89990234375,2720.0,2693.35009765625,2701.89990234375,342192,0.0,0.0
2024-12-09 00:00:00+05:30,2701.89990234375,2714.050048828125,2669.0,2681.39990234375,387874,0.0,0.0
2024-12-10 00:00:00+05:30,2702.89990234375,2708.0,2641.10009765625,2655.300048828125,637387,0.0,0.0
2024-12-11 00:00:00+05:30,2666.0,2699.89990234375,2661.10009765625,2670.75,319450,0.0,0.0
2024-12-12 00:00:00+05:30,2683.0,2683.0,2639.0,2660.050048828125,376376,0.0,0.0
2024-12-13 00:00:00+05:30,2641.0,2700.0,2620.5,2692.699951171875,412267,0.0,0.0
2024-12-16 00:00:00+05:30,2680.10009765625,2718.0,2672.25,2685.14990234375,329525,0.0,0.0
2024-12-17 00:00:00+05:30,2685.0,2685.0,2595.35009765625,2599.699951171875,887083,0.0,0.0
2024-12-18 00:00:00+05:30,2607.0,2617.89990234375,2576.25,2594.14990234375,369646,0.0,0.0
2024-12-19 00:00:00+05:30,2570.0,2594.0,2527.25,2539.050048828125,510040,0.0,0.0
2024-12-20 00:00:00+05:30,2530.0,2563.199951171875,2479.75,2488.699951171875,734974,0.0,0.0
2024-12-23 00:00:00+05:30,2495.699951171875,2553.699951171875,2495.0,2526.199951171875,347378,0.0,0.0
2024-12-24 00:00:00+05:30,2515.0,2542.39990234375,2495.0,2501.85009765625,364336,0.0,0.0
2024-12-26 00:00:00+05:30,2500.25,2518.25,2472.5,2482.050048828125,559646,0.0,0.0
2024-12-27 00:00:00+05:30,2482.050048828125,2520.60009765625,2474.89990234375,2480.300048828125,428996,0.0,0.0
2024-12-30 00:00:00+05:30,2489.0,2490.0,2436.0,2443.5,763318,0.0,0.0
2024-12-31 00:00:00+05:30,2430.0,2447.0,2413.10009765625,2442.699951171875,530535,0.0,0.0
2025-01-01 00:00:00+05:30,2440.0,2473.85009765625,2425.949951171875,2442.14990234375,487637,0.0,0.0
2025-01-02 00:00:00+05:30,2445.0,2559.5,2445.0,2543.949951171875,970593,0.0,0.0
2025-01-03 00:00:00+05:30,2541.199951171875,2553.89990234375,2501.10009765625,2510.0,595091,0.0,0.0
2025-01-06 00:00:00+05:30,2517.0,2527.949951171875,2445.75,2460.550048828125,393162,0.0,0.0
2025-01-07 00:00:00+05:30,2460.60009765625,2497.0,2456.60009765625,2467.25,495162,0.0,0.0
2025-01-08 00:00:00+05:30,2468.85009765625,2476.35009765625,2433.14990234375,2435.75,543301,0.0,0.0
2025-01-09 00:00:00+05:30,2435.050048828125,2438.800048828125,2396.39990234375,2410.39990234375,766796,0.0,0.0
2025-01-10 00:00:00+05:30,2400.0,2424.89990234375,2352.199951171875,2364.10009765625,413994,0.0,0.0
2025-01-13 00:00:00+05:30,2329.949951171875,2348.199951171875,2276.949951171875,2288.14990234375,422845,0.0,0.0
2025-01-14 00:00:00+05:30,2308.0,2330.449951171875,2294.14990234375,2310.60009765625,865382,0.0,0.0
2025-01-15 00:00:00+05:30,2326.89990234375,2349.75,2296.75,2317.550048828125,583299,0.0,0.0
2025-01-16 00:00:00+05:30,2330.0,2359.75,2313.14990234375,2350.699951171875,1395232,0.0,0.0
2025-01-17 00:00:00+05:30,2363.10009765625,2387.25,2348.64990234375,2375.85009765625,443089,0.0,0.0
2025-01-20 00:00:00+05:30,2380.050048828125,2410.64990234375,2373.0,2402.0,681711,0.0,0.0
2025-01-21 00:00:00+05:30,2404.89990234375,2426.5,2361.64990234375,2367.5,316019,0.0,0.0
2025-01-22 00:00:00+05:30,2380.949951171875,2396.449951171875,2370.300048828125,2388.14990234375,336546,0.0,0.0
2025-01-23 00:00:00+05:30,2388.0,2475.75,2365.39990234375,2461.14990234375,596720,0.0,0.0
2025-01-24 00:00:00+05:30,2466.35009765625,2514.050048828125,2453.449951171875,2490.75,1510105,0.0,0.0
2025-01-27 00:00:00+05:30,2475.5,2484.39990234375,2430.39990234375,2458.050048828125,458264,0.0,0.0
2025-01-28 00:00:00+05:30,2458.0,2459.949951171875,2399.800048828125,2411.300048828125,740041,0.0,0.0
2025-01-29 00:00:00+05:30,2403.0,2464.0,2397.0,2453.64990234375,200039,0.0,0.0
2025-01-30 00:00:00+05:30,2458.699951171875,2508.550048828125,2446.5,2491.699951171875,397046,0.0,0.0
2025-01-31 00:00:00+05:30,2491.699951171875,2518.300048828125,2475.800048828125,2508.85009765625,431982,0.0,0.0
2025-02-01 00:00:00+05:30,2500.0,2514.050048828125,2429.39990234375,2440.75,432668,0.0,0.0
2025-02-03 00:00:00+05:30,2418.0,2479.75,2418.0,2473.64990234375,427217,0.0,0.0
2025-02-04 00:00:00+05:30,2465.0,2491.800048828125,2446.5,2484.699951171875,337002,0.0,0.0
2025-02-05 00:00:00+05:30,2499.0,2499.89990234375,2474.300048828125,2490.0,464164,0.0,0.0
2025-02-06 00:00:00+05:30,2499.0,2508.300048828125,2475.89990234375,2499.0,595946,0.0,0.0
2025-02-07 00:00:00+05:30,2504.0,2522.75,2466.449951171875,2487.60009765625,738201,0.0,0.0
2025-02-10 00:00:00+05:30,2485.0,2491.0,2438.10009765625,2473.25,717668,0.0,0.0
2025-02-11 00:00:00+05:30,2460.0,2542.0,2456.050048828125,2491.449951171875,1710410,0.0,0.0
2025-02-12 00:00:00+05:30,2479.0,2498.89990234375,2433.75,2484.949951171875,454023,0.0,0.0
2025-02-13 00:00:00+05:30,2481.0,2532.949951171875,2474.14990234375,2490.10009765625,708830,0.0,0.0
2025-02-14 00:00:00+05:30,2499.0,2507.75,2405.5,2431.300048828125,677910,0.0,0.0
2025-02-17 00:00:00+05:30,2431.300048828125,2471.14990234375,2405.550048828125,2463.85009765625,646841,0.0,0.0
2025-02-18 00:00:00+05:30,2480.0,2482.949951171875,2412.800048828125,2463.199951171875,596040,0.0,0.0
2025-02-19 00:00:00+05:30,2448.0,2481.5,2446.300048828125,2463.199951171875,289053,0.0,0.0
2025-02-20 00:00:00+05:30,2451.0,2477.949951171875,2443.25,2453.699951171875,427274,0.0,0.0
2025-02-21 00:00:00+05:30,2440.0,2453.35009765625,2401.050048828125,2431.050048828125,504415,0.0,0.0
2025-02-24 00:00:00+05:30,2412.0,2420.0,2381.0,2393.699951171875,543080,0.0,0.0
2025-02-25 00:00:00+05:30,2392.0,2403.5,2367.10009765625,2379.300048828125,497013,0.0,0.0
2025-02-27 00:00:00+05:30,2373.0,2379.300048828125,2317.10009765625,2339.949951171875,1045684,0.0,0.0
2025-02-28 00:00:00+05:30,2347.14990234375,2361.75,2301.64990234375,2306.64990234375,1153007,0.0,0.0
2025-03-03 00:00:00+05:30,2328.5,2382.89990234375,2317.89990234375,2377.449951171875,790068,0.0,0.0
2025-03-04 00:00:00+05:30,2356.0,2404.199951171875,2351.60009765625,2394.64990234375,521061,0.0,0.0
2025-03-05 00:00:00+05:30,2404.0,2408.949951171875,2376.35009765625,2391.64990234375,755361,0.0,0.0
2025-03-06 00:00:00+05:30,2401.64990234375,2415.0,2353.5,2393.64990234375,754593,0.0,0.0
2025-03-07 00:00:00+05:30,2380.0,2415.0,2380.0,2407.25,317388,0.0,0.0
2025-03-10 00:00:00+05:30,2407.25,2425.0,2373.300048828125,2383.949951171875,650796,0.0,0.0
2025-03-11 00:00:00+05:30,2372.0,2425.0,2363.949951171875,2413.550048828125,445250,0.0,0.0
2025-03-12 00:00:00+05:30,2413.550048828125,2438.89990234375,2367.60009765625,2398.89990234375,561893,0.0,0.0
2025-03-13 00:00:00+05:30,2402.0,2411.800048828125,2363.300048828125,2370.199951171875,479648,0.0,0.0
2025-03-17 00:00:00+05:30,2381.75,2404.5,2370.85009765625,2399.35009765625,646714,0.0,0.0
2025-03-18 00:00:00+05:30,2399.35009765625,2399.35009765625,2399.35009765625,2399.35009765625,0,0.0,0.0
2025-03-19 00:00:00+05:30,2426.0,2464.60009765625,2426.0,2458.199951171875,415476,0.0,0.0
2025-03-20 00:00:00+05:30,2464.800048828125,2477.199951171875,2448.10009765625,2468.14990234375,317002,0.0,0.0
2025-03-21 00:00:00+05:30,2479.89990234375,2514.75,2459.449951171875,2469.39990234375,1372022,0.0,0.0
2025-03-24 00:00:00+05:30,2478.64990234375,2544.0,2475.0,2513.199951171875,594207,0.0,0.0
2025-03-25 00:00:00+05:30,2529.75,2595.89990234375,2520.0,2569.449951171875,993289,0.0,0.0
2025-03-26 00:00:00+05:30,2582.949951171875,2602.89990234375,2560.0,2581.60009765625,555486,0.0,0.0
2025-03-27 00:00:00+05:30,2584.0,2628.949951171875,2575.0,2618.699951171875,1246219,0.0,0.0
2025-03-28 00:00:00+05:30,2614.949951171875,2637.64990234375,2599.35009765625,2611.14990234375,435022,0.0,0.0
2025-04-01 00:00:00+05:30,2611.39990234375,2632.0,2596.199951171875,2619.0,317974,0.0,0.0
2025-04-02 00:00:00+05:30,2619.0,2633.39990234375,2601.050048828125,2616.5,413523,0.0,0.0
2025-04-03 00:00:00+05:30,2595.10009765625,2664.0,2595.10009765625,2651.89990234375,298330,0.0,0.0
2025-04-04 00:00:00+05:30,2635.10009765625,2651.89990234375,2610.10009765625,2616.89990234375,290533,0.0,0.0
2025-04-07 00:00:00+05:30,2550.0,2560.0,2465.5,2509.10009765625,974267,0.0,0.0
2025-04-08 00:00:00+05:30,2550.0,2600.0,2534.14990234375,2590.050048828125,1296141,0.0,0.0
2025-04-09 00:00:00+05:30,2562.5,2586.75,2529.449951171875,2557.75,494024,0.0,0.0
2025-04-11 00:00:00+05:30,2650.0,2660.0,2612.800048828125,2651.25,669041,0.0,0.0
2025-04-15 00:00:00+05:30,2675.0,2726.199951171875,2670.0,2718.60009765625,815058,0.0,0.0
2025-04-16 00:00:00+05:30,2690.0,2722.0,2682.199951171875,2702.800048828125,462016,0.0,0.0
2025-04-17 00:00:00+05:30,2701.0,2772.0,2686.89990234375,2760.699951171875,1061496,0.0,0.0
2025-04-21 00:00:00+05:30,2755.0,2787.300048828125,2735.0,2756.89990234375,322964,0.0,0.0
2025-04-22 00:00:00+05:30,2750.300048828125,2772.10009765625,2737.699951171875,2749.39990234375,211167,0.0,0.0
2025-04-23 00:00:00+05:30,2750.10009765625,2763.89990234375,2675.10009765625,2685.60009765625,603774,0.0,0.0
2025-04-24 00:00:00+05:30,2690.0,2736.300048828125,2673.0,2729.199951171875,562050,0.0,0.0
2025-04-25 00:00:00+05:30,2726.0,2739.89990234375,2675.199951171875,2734.800048828125,649356,0.0,0.0
2025-04-28 00:00:00+05:30,2735.0,2773.699951171875,2723.300048828125,2753.39990234375,416635,0.0,0.0
2025-04-29 00:00:00+05:30,2753.10009765625,2755.60009765625,2719.0,2745.699951171875,890929,0.0,0.0
2025-04-30 00:00:00+05:30,2735.0,2750.89990234375,2718.89990234375,2737.5,662477,0.0,0.0
2025-05-02 00:00:00+05:30,2725.60009765625,2771.800048828125,2695.800048828125,2724.0,798849,0.0,0.0
2025-05-05 00:00:00+05:30,2730.0,2773.0,2718.300048828125,2755.10009765625,661587,0.0,0.0
2025-05-06 00:00:00+05:30,2754.0,2764.5,2718.0,2728.699951171875,288396,0.0,0.0
2025-05-07 00:00:00+05:30,2699.0,2727.300048828125,2682.39990234375,2699.89990234375,417883,0.0,0.0
2025-05-08 00:00:00+05:30,2685.0,2709.60009765625,2676.5,2698.699951171875,966461,0.0,0.0
2025-05-09 00:00:00+05:30,2676.89990234375,2684.0,2626.60009765625,2634.800048828125,444671,0.0,0.0
2025-05-12 00:00:00+05:30,2671.10009765625,2761.89990234375,2671.10009765625,2742.800048828125,498304,0.0,0.0
2025-05-13 00:00:00+05:30,2741.0,2748.0,2702.699951171875,2708.699951171875,313964,0.0,0.0
2025-05-14 00:00:00+05:30,2719.89990234375,2747.0,2705.300048828125,2737.199951171875,330652,0.0,0.0
2025-05-15 00:00:00+05:30,2734.300048828125,2829.5,2720.0,2824.800048828125,1353535,0.0,0.0
2025-05-16 00:00:00+05:30,2845.0,2845.0,2775.10009765625,2804.199951171875,700214,0.0,0.0
2025-05-19 00:00:00+05:30,2820.0,2820.10009765625,2721.0,2727.0,575525,0.0,0.0
2025-05-20 00:00:00+05:30,2754.0,2754.0,2710.199951171875,2720.800048828125,520661,0.0,0.0
2025-05-21 00:00:00+05:30,2717.0,2749.89990234375,2692.199951171875,2706.89990234375,304264,0.0,0.0
2025-05-22 00:00:00+05:30,2700.0,2702.300048828125,2648.300048828125,2674.60009765625,541069,0.0,0.0
2025-05-23 00:00:00+05:30,2675.0,2746.89990234375,2651.0,2659.39990234375,990691,0.0,0.0
2025-05-26 00:00:00+05:30,2672.5,2696.60009765625,2640.10009765625,2656.39990234375,435977,0.0,0.0
2025-05-27 00:00:00+05:30,2656.0,2658.39990234375,2595.0,2614.199951171875,874537,0.0,0.0
2025-05-28 00:00:00+05:30,2620.800048828125,2620.800048828125,2570.10009765625,2577.60009765625,849149,0.0,0.0
2025-05-29 00:00:00+05:30,2577.60009765625,2593.89990234375,2552.199951171875,2573.60009765625,616258,0.0,0.0
