timestamp,Open,High,Low,Close,Volume,Dividends,Stock Splits
2020-06-01 00:00:00+05:30,463.84408126360825,477.50127023495753,462.5949499855195,466.1341552734375,4503261,0.0,0.0
2020-06-02 00:00:00+05:30,465.75925968216706,472.7960405077532,458.0146583518525,466.5087585449219,2930058,0.0,0.0
2020-06-03 00:00:00+05:30,469.6732957629476,473.3374340040649,463.8440172694358,468.6739807128906,4202273,0.0,0.0
2020-06-04 00:00:00+05:30,470.5060264506405,486.0785369605675,465.5095022759435,482.1229553222656,5315353,0.0,0.0
2020-06-05 00:00:00+05:30,487.16113964434396,488.9515812577078,476.7517135835674,479.6247253417969,3995824,0.0,0.0
2020-06-08 00:00:00+05:30,482.2894769232741,485.91193632331186,475.5441393417053,481.53997802734375,3771973,0.0,0.0
2020-06-09 00:00:00+05:30,478.12568105501316,485.9951648969765,474.66973197377166,477.0430603027344,3812291,0.0,0.0
2020-06-10 00:00:00+05:30,478.8335643465257,489.24298965840666,477.66768838068623,481.9147644042969,6491708,0.0,0.0
2020-06-11 00:00:00+05:30,482.99732408269614,487.0778390480963,478.0840551102569,481.3734436035156,4975680,0.0,0.0
2020-06-12 00:00:00+05:30,462.34502760070916,481.9147464582893,462.34502760070916,475.2943420410156,6624056,0.0,0.0
2020-06-15 00:00:00+05:30,478.6670057705246,483.8300909164994,469.42345637824394,482.1229553222656,3787100,0.0,0.0
2020-06-16 00:00:00+05:30,487.16118949098427,494.2395999365798,481.66503229943424,483.7469177246094,4728405,0.0,0.0
2020-06-17 00:00:00+05:30,482.99739282306666,484.53796762443585,477.16811394416754,479.54144287109375,3572351,0.0,0.0
2020-06-18 00:00:00+05:30,475.66911159661527,486.1617920325702,474.7530516682241,482.1229553222656,1918229,0.0,0.0
2020-06-19 00:00:00+05:30,478.00080794434314,481.331824027579,472.3380907682966,474.336669921875,6182627,0.0,0.0
2020-06-22 00:00:00+05:30,478.8335619651521,480.20762643039563,470.8391436962948,474.336669921875,2666273,0.0,0.0
2020-06-23 00:00:00+05:30,474.4199908561507,485.91198654207676,469.4650941098471,483.2055358886719,4521803,0.0,0.0
2020-06-24 00:00:00+05:30,478.83355687078546,482.83076596268734,461.6788445555406,466.0091247558594,5339893,0.0,0.0
2020-06-25 00:00:00+05:30,464.3436799653265,466.92524825028437,456.34926069285916,458.056396484375,6353371,0.0,0.0
2020-06-26 00:00:00+05:30,458.05630885316094,477.9175214395028,453.8509114901281,468.3408508300781,7034875,0.0,0.0
2020-06-29 00:00:00+05:30,468.0078269842406,471.2555884632635,458.2645933744509,461.0959777832031,3857610,0.0,0.0
2020-06-30 00:00:00+05:30,464.6767732091987,467.00847445052824,460.7211913584036,463.7190856933594,3110587,0.0,0.0
2020-07-01 00:00:00+05:30,464.6351311605307,466.0091448431108,458.8474803625538,459.4720458984375,3004648,0.0,0.0
2020-07-02 00:00:00+05:30,462.1785432692818,476.6684854972842,460.4297799229581,474.003662109375,5243652,0.0,0.0
2020-07-03 00:00:00+05:30,476.33536885720144,483.4554066003629,475.1694927283876,482.2895812988281,3735570,0.0,0.0
2020-07-06 00:00:00+05:30,482.289513880979,490.4921206958324,480.70726090266425,481.9147644042969,3288417,0.0,0.0
2020-07-07 00:00:00+05:30,484.6629351080968,495.0307348647831,478.958589278373,493.0321044921875,7255475,0.0,0.0
2020-07-08 00:00:00+05:30,495.2806099550045,495.2806099550045,477.16820429460705,478.7504577636719,4625011,0.0,0.0
2020-07-09 00:00:00+05:30,479.37484349496583,492.657228663893,478.8335330831817,489.8675231933594,4807930,0.0,0.0
2020-07-10 00:00:00+05:30,489.86764937810705,490.11746546817716,482.87249389245386,484.8711242675781,2376881,0.0,0.0
2020-07-13 00:00:00+05:30,487.161203972694,503.81628786919634,485.7871392203196,501.8176574707031,5443990,0.0,0.0
2020-07-14 00:00:00+05:30,503.48324406284326,511.1029664599236,489.7427977140225,492.4492492675781,6212718,0.0,0.0
2020-07-15 00:00:00+05:30,494.3645219841292,522.9279791928927,493.4068343797377,512.3103637695312,9928037,0.0,0.0
2020-07-16 00:00:00+05:30,524.6349878892249,543.1221357231558,505.60658048478456,522.7612915039062,20771204,0.0,0.0
2020-07-17 00:00:00+05:30,524.2186315157463,536.8348746702658,510.81131274037364,518.9306640625,26830157,0.0,0.0
2020-07-20 00:00:00+05:30,527.133324462564,542.9556517371118,522.0118666191032,540.124267578125,10543170,0.0,0.0
2020-07-21 00:00:00+05:30,542.9556877357645,551.5746725705975,535.7107167063501,543.2471313476562,8801061,0.0,0.0
2020-07-22 00:00:00+05:30,547.1194453691484,547.9521994716889,535.5441430129239,541.4151000976562,3837958,0.0,0.0
2020-07-23 00:00:00+05:30,542.9604730386056,548.7659836779192,537.5726243016296,545.3411254882812,3172594,2.0,0.0
2020-07-24 00:00:00+05:30,535.4425233214076,572.0296933452985,535.3590113401207,567.9783935546875,12365728,0.0,0.0
2020-07-27 00:00:00+05:30,571.3613718398352,588.4019945515091,565.09644451703,585.6453857421875,11348828,0.0,0.0
2020-07-28 00:00:00+05:30,586.397260601394,598.1335488539294,581.1347312799992,595.1264038085938,8469603,0.0,0.0
2020-07-29 00:00:00+05:30,593.0798581354569,593.7063509433465,578.4616926180337,580.048828125,7142681,0.0,0.0
2020-07-30 00:00:00+05:30,583.0559073947192,595.2098562990335,578.5869462632028,580.9258422851562,7966760,0.0,0.0
2020-07-31 00:00:00+05:30,586.2719473764685,598.6765355239457,581.3853238840204,589.0703125,6322671,0.0,0.0
2020-08-03 00:00:00+05:30,592.3280777208296,599.7624798282249,585.1860695297265,589.6968383789062,5546316,0.0,0.0
2020-08-04 00:00:00+05:30,592.6622214205413,593.9152070895066,573.9091923782054,578.5870361328125,6683186,0.0,0.0
2020-08-05 00:00:00+05:30,578.5868681956928,586.7312726800211,568.8553285977005,575.0367431640625,6052220,0.0,0.0
2020-08-06 00:00:00+05:30,578.0440658400382,591.0750966416288,573.3662729841129,588.8197631835938,5132907,0.0,0.0
2020-08-07 00:00:00+05:30,584.6431627095444,584.6431627095444,572.1968173830392,576.6240234375,7371589,0.0,0.0
2020-08-10 00:00:00+05:30,580.5082135098219,580.5082135098219,572.2802445027302,578.0857543945312,3769570,0.0,0.0
2020-08-11 00:00:00+05:30,579.7145239842373,585.5200326561159,569.2729799643482,571.1942138671875,3956468,0.0,0.0
2020-08-12 00:00:00+05:30,568.5212463629375,600.5976943843399,565.5558576514638,599.0105590820312,13085350,0.0,0.0
2020-08-13 00:00:00+05:30,598.9270127830162,608.9508958421462,595.6274744125648,605.2754516601562,8850347,0.0,0.0
2020-08-14 00:00:00+05:30,608.0322542563437,608.0322542563437,590.7827962623863,592.328125,3887203,0.0,0.0
2020-08-17 00:00:00+05:30,593.9986535340138,602.1013034961269,592.4533251064432,600.472412109375,3344102,0.0,0.0
2020-08-18 00:00:00+05:30,600.5560149472196,602.8531552394006,595.0846546299385,596.7970581054688,3634301,0.0,0.0
2020-08-19 00:00:00+05:30,596.2540063611306,596.5881562120776,588.9031684972772,592.9544677734375,4858027,0.0,0.0
2020-08-20 00:00:00+05:30,591.8268325718192,597.966441281072,589.7802793406977,593.163330078125,3025569,0.0,0.0
2020-08-21 00:00:00+05:30,597.2563310462372,597.2563310462372,586.9818617019826,589.6549072265625,4164686,0.0,0.0
2020-08-24 00:00:00+05:30,589.7802579254168,591.7850550961917,581.0511155115033,589.4879150390625,4066936,0.0,0.0
2020-08-25 00:00:00+05:30,588.9031087739432,594.3744678855895,580.2992863177546,586.06298828125,3982510,0.0,0.0
2020-08-26 00:00:00+05:30,588.6526601869974,599.5536249899923,582.2206570784042,595.4187622070312,4511228,0.0,0.0
2020-08-27 00:00:00+05:30,596.0452091171877,601.4330571173531,590.1561872964027,593.2051391601562,3917059,0.0,0.0
2020-08-28 00:00:00+05:30,596.1705994338147,598.6348148124362,587.3996996341951,590.114501953125,5416681,0.0,0.0
2020-08-31 00:00:00+05:30,588.9032394161932,605.6097142932482,573.0320882829908,580.048828125,7786675,0.0,0.0
2020-09-01 00:00:00+05:30,580.5500758248553,588.0679904758247,570.025015707147,576.039306640625,6377322,0.0,0.0
2020-09-02 00:00:00+05:30,576.289828579181,588.7361208499469,575.6215288463222,586.35546875,4090511,0.0,0.0
2020-09-03 00:00:00+05:30,588.7362206519114,598.4260075957395,582.7218789254181,590.3651123046875,5467610,0.0,0.0
2020-09-04 00:00:00+05:30,580.6752275870123,588.4854829428596,578.0856938068777,585.394775390625,3354824,0.0,0.0
2020-09-07 00:00:00+05:30,581.6775429817851,595.0845269616808,575.5796911657667,592.0773315429688,4238823,0.0,0.0
2020-09-08 00:00:00+05:30,592.0774449693712,617.2207196350406,587.3996525118166,606.3615112304688,11522742,0.0,0.0
2020-09-09 00:00:00+05:30,594.8339215102229,610.5380461449915,593.2468372437606,603.0618896484375,5514179,0.0,0.0
2020-09-10 00:00:00+05:30,608.6585778154384,608.9091647053204,596.2539914331483,603.4378051757812,3366359,0.0,0.0
2020-09-11 00:00:00+05:30,594.7503863910509,613.1275050716732,593.2050581683678,602.811279296875,7221661,0.0,0.0
2020-09-14 00:00:00+05:30,624.0457175156807,691.1410822640228,623.3337394963556,665.8861083984375,32312474,2.0,0.0
2020-09-15 00:00:00+05:30,662.6192686876348,678.3669892551669,655.9181066481905,664.0014038085938,14024028,0.0,0.0
2020-09-16 00:00:00+05:30,661.7816172029433,667.0168999969761,652.7350587600162,661.1115112304688,7471292,0.0,0.0
2020-09-17 00:00:00+05:30,665.8860605693872,684.7749495646327,661.3208840137951,677.068603515625,19972637,0.0,0.0
2020-09-18 00:00:00+05:30,677.0686044890857,690.2196443455888,673.4667403566182,678.9951782226562,8847382,0.0,0.0
2020-09-21 00:00:00+05:30,689.382051191965,711.9147292085876,664.6296439047059,672.2940673828125,24911507,0.0,0.0
2020-09-22 00:00:00+05:30,681.8013374944798,696.502000890028,662.2004188832109,687.7067260742188,21882919,0.0,0.0
2020-09-23 00:00:00+05:30,696.920748160136,707.6425955989778,678.618222519953,681.9268798828125,18070370,0.0,0.0
2020-09-24 00:00:00+05:30,679.3303548981855,679.707305517558,656.7139312455948,660.3157958984375,10553627,0.0,0.0
2020-09-25 00:00:00+05:30,666.1373130425055,700.2713532895751,663.9175329196754,693.3189086914062,19813100,0.0,0.0
2020-09-28 00:00:00+05:30,702.2817914395481,707.6008182766551,687.539204502839,699.6431884765625,11145837,0.0,0.0
2020-09-29 00:00:00+05:30,701.4440545125562,704.5433006026366,678.660096679929,680.7960815429688,10554255,0.0,0.0
2020-09-30 00:00:00+05:30,685.1937744439566,687.2878874465359,676.0634213023884,679.8328247070312,9470272,0.0,0.0
2020-10-01 00:00:00+05:30,686.7853285200042,687.6648457658433,679.4978049636974,680.9636840820312,4321350,0.0,0.0
2020-10-05 00:00:00+05:30,694.2401705016987,702.95169901133,682.7644236984053,690.3870239257812,11889998,0.0,0.0
2020-10-06 00:00:00+05:30,695.2454251422583,699.0148280496561,689.1306262065283,694.533447265625,7848500,0.0,0.0
2020-10-07 00:00:00+05:30,695.2456011824775,695.7481679137304,689.382084064071,693.6121826171875,6980002,0.0,0.0
2020-10-08 00:00:00+05:30,718.2808110437605,736.2901841486478,707.3914226547589,711.6215209960938,25860257,0.0,0.0
2020-10-09 00:00:00+05:30,714.4274903360756,722.4688624416289,711.4119374521454,716.8147583007812,7286954,0.0,0.0
2020-10-12 00:00:00+05:30,721.0449285835346,730.3846923746047,717.9875544882773,725.233154296875,8717550,0.0,0.0
2020-10-13 00:00:00+05:30,725.652144700823,759.4092415327042,723.1392086916137,754.2158813476562,18948618,0.0,0.0
2020-10-14 00:00:00+05:30,757.2312465723631,762.8434795320759,738.8030525186109,745.8811645507812,15441198,0.0,0.0
2020-10-15 00:00:00+05:30,753.8386864293973,756.9798554229701,698.1352896100386,720.374755859375,15648823,0.0,0.0
2020-10-16 00:00:00+05:30,719.5372566433979,734.6148708687543,687.3716591789811,692.8582763671875,28982990,0.0,0.0
2020-10-19 00:00:00+05:30,703.4542938028216,721.7987406144316,697.7583177605477,707.6006469726562,15671485,0.0,0.0
2020-10-20 00:00:00+05:30,709.4435874243449,742.1536211092474,706.6374454275127,736.8345947265625,21563969,0.0,0.0
2020-10-21 00:00:00+05:30,737.9653778150149,746.8863191208751,720.3748296491633,729.6307983398438,11161929,0.0,0.0
2020-10-22 00:00:00+05:30,722.7725670053674,738.8453787315116,716.5874410475058,728.9576416015625,9607794,4.0,0.0
2020-10-23 00:00:00+05:30,732.9548410017914,736.6995688888874,715.788025099562,717.3448486328125,5447267,0.0,0.0
2020-10-26 00:00:00+05:30,717.8076224833707,724.4555682538498,708.5930829423472,713.4317626953125,6612856,0.0,0.0
2020-10-27 00:00:00+05:30,714.3995707039461,721.5524021588831,705.7740974788751,712.968994140625,5807904,0.0,0.0
2020-10-28 00:00:00+05:30,716.9661683060668,716.9661683060668,691.384256310103,698.1163330078125,6853002,0.0,0.0
2020-10-29 00:00:00+05:30,694.2454465578547,708.9718651212031,689.1543235554315,706.91015625,6690978,0.0,0.0
2020-10-30 00:00:00+05:30,709.2242958338128,723.445828923799,700.9775118490987,708.509033203125,8727274,0.0,0.0
2020-11-02 00:00:00+05:30,708.5088095800747,710.107646532765,689.3644718115004,692.0573120117188,5953172,0.0,0.0
2020-11-03 00:00:00+05:30,696.7698909719627,700.1359290926002,683.6002462803023,685.0308227539062,7011687,0.0,0.0
2020-11-04 00:00:00+05:30,683.4741402920763,708.3407398967221,682.1276940502618,685.9566040039062,10077502,0.0,0.0
2020-11-05 00:00:00+05:30,701.8190155968751,716.208809400776,698.4950423609827,709.3084716796875,8903859,0.0,0.0
2020-11-06 00:00:00+05:30,711.9170191810217,720.1638018022755,703.8385487278879,715.3671875,5871913,0.0,0.0
2020-11-09 00:00:00+05:30,729.4205258661891,734.4695835690401,712.8427761361612,719.49072265625,7505062,0.0,0.0
2020-11-10 00:00:00+05:30,714.0209248744453,714.0209248744453,678.0463879995101,681.370361328125,10397497,0.0,0.0
2020-11-11 00:00:00+05:30,684.1473377832117,697.6114920323278,677.7097684881841,695.1290283203125,9779484,0.0,0.0
2020-11-12 00:00:00+05:30,696.0546285434762,704.3434768723979,691.7208339176954,693.992919921875,4699639,0.0,0.0
2020-11-13 00:00:00+05:30,692.4782562003735,699.6731528606638,688.481085682249,696.8540649414062,3918289,0.0,0.0
2020-11-14 00:00:00+05:30,701.8190018425929,701.8190018425929,697.6114538699155,698.8737182617188,475390,0.0,0.0
2020-11-17 00:00:00+05:30,705.143040562997,705.143040562997,684.9888736280195,685.8303833007812,5977903,0.0,0.0
2020-11-18 00:00:00+05:30,689.1962546764826,689.9536337427697,673.4179521426803,685.2411499023438,5816221,0.0,0.0
2020-11-19 00:00:00+05:30,685.8302841042239,690.4165214297695,675.7321694916463,677.0364990234375,7170339,0.0,0.0
2020-11-20 00:00:00+05:30,684.9467476834093,692.9831540733712,676.573716909521,689.40673828125,7455575,0.0,0.0
2020-11-23 00:00:00+05:30,694.2453183410278,708.5509794462369,686.882110419229,706.1947631835938,7116516,0.0,0.0
2020-11-24 00:00:00+05:30,710.1499715422605,721.5103511351832,702.9550233774069,707.288818359375,8465615,0.0,0.0
2020-11-25 00:00:00+05:30,707.2887602284951,711.9170626452194,692.1415886828522,693.992919921875,5610232,0.0,0.0
2020-11-26 00:00:00+05:30,693.4879725087568,711.0755419610997,689.7011796817451,708.5930786132812,8414555,0.0,0.0
2020-11-27 00:00:00+05:30,708.5509910473354,713.431735820222,685.2832330888235,691.804931640625,11723771,0.0,0.0
2020-12-01 00:00:00+05:30,693.4038504908643,703.2495222325458,685.914395153275,701.903076171875,8078785,0.0,0.0
2020-12-02 00:00:00+05:30,703.6282319681544,713.1372796269164,699.546879826746,709.518798828125,7062229,0.0,0.0
2020-12-03 00:00:00+05:30,714.0209292464367,727.064328661074,709.6450688479013,725.5496215820312,9633229,0.0,0.0
2020-12-04 00:00:00+05:30,728.7474191051343,730.3041915458497,719.0279920903286,722.4360961914062,5577388,0.0,0.0
2020-12-07 00:00:00+05:30,722.0152502973083,723.6562043203181,715.61979776242,719.7431640625,5314265,0.0,0.0
2020-12-08 00:00:00+05:30,722.8566388169326,736.9098573177199,720.3321103926593,726.8958740234375,8722526,0.0,0.0
2020-12-09 00:00:00+05:30,728.8313224370215,740.5283244704812,727.1483035177705,732.5760498046875,5952003,0.0,0.0
2020-12-10 00:00:00+05:30,732.5762053571442,738.6771502348809,727.9058371368664,729.3784790039062,4641898,0.0,0.0
2020-12-11 00:00:00+05:30,732.9548223754847,742.0431152967853,719.6589816793536,725.5916137695312,5637035,0.0,0.0
2020-12-14 00:00:00+05:30,728.831441652128,736.867899395406,722.0993648739565,734.6378784179688,5143894,0.0,0.0
2020-12-15 00:00:00+05:30,736.0685265820861,748.1021047208972,732.1134208179758,745.5775756835938,7527270,0.0,0.0
2020-12-16 00:00:00+05:30,745.7878368665865,750.6265167672724,739.224072664946,744.7780151367188,4378179,0.0,0.0
2020-12-17 00:00:00+05:30,746.4190142893136,746.4190142893136,738.0039182995807,739.9814453125,4863371,0.0,0.0
2020-12-18 00:00:00+05:30,752.9407696535391,761.5662436842166,746.1245619398194,749.4906005859375,11568187,0.0,0.0
2020-12-21 00:00:00+05:30,746.1244073234878,766.1943880472768,715.2830640748878,732.491943359375,8875855,0.0,0.0
2020-12-22 00:00:00+05:30,739.8131597348153,773.5576729802008,733.7963457587546,768.971435546875,10251896,0.0,0.0
2020-12-23 00:00:00+05:30,774.1887437831928,786.8113863448752,769.8128840894767,776.3766479492188,10723068,0.0,0.0
2020-12-24 00:00:00+05:30,780.8788592250071,781.1313018377269,766.3628183344057,773.641845703125,4390561,0.0,0.0
2020-12-28 00:00:00+05:30,778.3963320373459,780.5001059077172,768.7189722336384,775.7034912109375,3884750,0.0,0.0
2020-12-29 00:00:00+05:30,781.7622897567502,795.2264411411506,778.6066292760314,787.5687255859375,6760167,0.0,0.0
2020-12-30 00:00:00+05:30,789.335946202899,799.4340606532559,783.4453794401908,791.6080322265625,6382809,0.0,0.0
2020-12-31 00:00:00+05:30,790.2194051739007,799.3076965754087,786.8113023185424,796.1941528320312,3468390,0.0,0.0
2021-01-01 00:00:00+05:30,792.7020269451111,804.0624063121589,792.7020269451111,799.8548583984375,3142822,0.0,0.0
2021-01-04 00:00:00+05:30,807.0077258278936,828.634533340871,801.6641602839206,825.0160522460938,5259092,0.0,0.0
2021-01-05 00:00:00+05:30,813.9080440099655,837.9751965059277,813.9080440099655,834.23046875,7150252,0.0,0.0
2021-01-06 00:00:00+05:30,839.7424216771683,839.8265520896242,812.9823762226533,823.1646728515625,5995748,0.0,0.0
2021-01-07 00:00:00+05:30,831.4113604717794,831.5796726389442,807.3442100554191,809.9949340820312,5261000,0.0,0.0
2021-01-08 00:00:00+05:30,820.3877532793564,844.4549079898034,816.2643355755946,837.007568359375,8034775,0.0,0.0
2021-01-11 00:00:00+05:30,854.1322551631717,891.2007946169789,848.2416878861843,887.8767700195312,13384331,0.0,0.0
2021-01-12 00:00:00+05:30,885.2681679442042,896.2499101663112,874.0760483057605,893.7673950195312,6700542,0.0,0.0
2021-01-13 00:00:00+05:30,895.3662345373165,897.8907633940946,876.0115133020174,888.592041015625,6691409,0.0,0.0
2021-01-14 00:00:00+05:30,882.7435307007386,882.7435307007386,847.0635047206937,864.8193359375,15021108,0.0,0.0
2021-01-15 00:00:00+05:30,881.6074414436137,885.9832497206501,828.0453416356276,832.9260864257812,23769415,0.0,0.0
2021-01-18 00:00:00+05:30,841.5095153901873,845.6749977637016,822.0706661293399,825.9415893554688,12947569,0.0,0.0
2021-01-19 00:00:00+05:30,831.4114747957709,838.9850611046393,824.1323962986908,827.919189453125,6387923,0.0,0.0
2021-01-20 00:00:00+05:30,834.5669751886669,849.6300144939831,831.0326253188634,840.8782958984375,7444118,0.0,0.0
2021-01-21 00:00:00+05:30,852.495767694527,861.7895768567072,830.4863481286202,839.23095703125,8857975,4.0,0.0
2021-01-22 00:00:00+05:30,837.8790463221942,848.2712031386608,829.1766727789122,832.8941650390625,5379466,0.0,0.0
2021-01-25 00:00:00+05:30,842.3569241888605,842.3569241888605,795.0429946456546,800.5347900390625,7731883,0.0,0.0
2021-01-27 00:00:00+05:30,804.4213539866846,813.841916917195,796.3104144245589,807.2940063476562,7531736,0.0,0.0
2021-01-28 00:00:00+05:30,801.6331059194201,804.674746491849,785.8336233528959,789.0864868164062,6960905,0.0,0.0
2021-01-29 00:00:00+05:30,795.0429684161097,802.2245467705592,768.4288839260911,772.2308959960938,7692663,0.0,0.0
2021-02-01 00:00:00+05:30,776.4553262223501,788.9174764527959,757.3185121903967,784.3550415039062,8651478,0.0,0.0
2021-02-02 00:00:00+05:30,800.1124246898502,813.6306916328676,790.438404595134,806.5758666992188,7690178,0.0,0.0
2021-02-03 00:00:00+05:30,816.1652313645029,822.3329293210312,804.8014297860277,811.0114135742188,6354619,0.0,0.0
2021-02-04 00:00:00+05:30,815.0670721584551,819.9251996650455,802.7739076510504,809.110595703125,4623148,0.0,0.0
2021-02-05 00:00:00+05:30,811.7717953735183,814.3909901337197,794.2402956149754,799.3941650390625,4631703,0.0,0.0
2021-02-08 00:00:00+05:30,806.8714334820992,814.8134347111477,795.3386431511669,809.1948852539062,6509526,0.0,0.0
2021-02-09 00:00:00+05:30,815.3202848127773,829.5989715678202,799.7742608274556,803.9987182617188,7557977,0.0,0.0
2021-02-10 00:00:00+05:30,806.913742813125,815.4048934009502,799.3942382293192,810.6312866210938,4896963,0.0,0.0
2021-02-11 00:00:00+05:30,810.631299702018,821.6571253637171,805.223972542824,819.8828735351562,3745595,0.0,0.0
2021-02-12 00:00:00+05:30,823.7693574035376,833.4856113626562,809.0682220903292,811.4339599609375,8045740,0.0,0.0
2021-02-15 00:00:00+05:30,819.5449334204378,820.601048025361,802.7315682828214,806.5758666992188,4643228,0.0,0.0
2021-02-16 00:00:00+05:30,808.5612718821741,812.9969528407754,797.6621494709458,804.5902709960938,3277086,0.0,0.0
2021-02-17 00:00:00+05:30,804.3368920564933,809.7442195210865,795.04308342979,796.90185546875,3643176,0.0,0.0
2021-02-18 00:00:00+05:30,797.5776521581828,808.3500198118023,792.8039941001273,801.0416870117188,5133094,0.0,0.0
2021-02-19 00:00:00+05:30,802.647049339068,809.4061823861338,797.9579111012845,802.7738037109375,5494816,0.0,0.0
2021-02-22 00:00:00+05:30,802.2246119891445,803.8721610003711,773.9629763242494,777.4270629882812,5043203,0.0,0.0
2021-02-23 00:00:00+05:30,780.6798600621748,785.7492098028382,765.9364909194601,768.8091430664062,5916942,0.0,0.0
2021-02-24 00:00:00+05:30,775.6105597217011,776.8356629673425,765.0494137559916,773.9207763671875,3435827,0.0,0.0
2021-02-25 00:00:00+05:30,782.2851732450129,789.1710090217673,779.1168296632906,785.1155395507812,6234947,0.0,0.0
2021-02-26 00:00:00+05:30,767.1617374238017,781.5248977059654,764.7115306307801,768.3868408203125,9198218,0.0,0.0
2021-03-01 00:00:00+05:30,773.9206872938624,789.5089472587596,773.6249958680929,786.0448608398438,5397960,0.0,0.0
2021-03-02 00:00:00+05:30,789.0020050776036,809.3216894419994,784.5663241492421,805.8153686523438,6715548,0.0,0.0
2021-03-03 00:00:00+05:30,815.3204543304641,817.85512931802,800.112404405129,815.5316772460938,5742015,0.0,0.0
2021-03-04 00:00:00+05:30,804.3367784854515,819.4603582879913,803.7875783350902,809.4061279296875,6268541,0.0,0.0
2021-03-05 00:00:00+05:30,807.8009749945654,821.2347743378252,791.0721287938964,795.465576171875,5992152,0.0,0.0
2021-03-08 00:00:00+05:30,804.7592918551476,822.0795705774893,797.5777128727133,812.7012939453125,5621823,0.0,0.0
2021-03-09 00:00:00+05:30,814.5601093645001,825.3747649368869,801.8867332107027,822.2064208984375,5440319,0.0,0.0
2021-03-10 00:00:00+05:30,832.8096678165524,840.7516179861041,827.7403181716122,835.1753540039062,7694950,0.0,0.0
2021-03-12 00:00:00+05:30,835.1754164102889,847.2573569865709,822.5865098907764,827.3601684570312,6447010,0.0,0.0
2021-03-15 00:00:00+05:30,825.8816020654099,840.1180059852842,817.305931043324,838.42822265625,5321071,0.0,0.0
2021-03-16 00:00:00+05:30,838.9773240078764,860.7755160702942,836.8228608308395,851.0170288085938,8094575,0.0,0.0
2021-03-17 00:00:00+05:30,855.0303487104179,865.0845799598432,830.2750337105829,834.2882690429688,6758901,0.0,0.0
2021-03-18 00:00:00+05:30,840.6672899089745,844.6805257150726,787.7770870705845,800.7461547851562,8269566,0.0,0.0
2021-03-19 00:00:00+05:30,802.6470682249691,818.7000095894684,792.2549112342014,811.4761962890625,9004154,0.0,0.0
2021-03-22 00:00:00+05:30,811.4761166915812,830.0637311851157,798.0845543997042,826.9376220703125,4745254,0.0,0.0
2021-03-23 00:00:00+05:30,831.0777130315734,838.892960990441,821.0657157866534,828.7119750976562,5158305,0.0,0.0
2021-03-24 00:00:00+05:30,820.4321315220326,832.0071589234941,815.9964497912905,824.3186645507812,3874331,0.0,0.0
2021-03-25 00:00:00+05:30,819.5448105703542,823.3468225781548,802.6469794245737,808.6034545898438,4879437,0.0,0.0
2021-03-26 00:00:00+05:30,815.3204108556556,823.7693270303256,805.8576144264068,809.870849609375,4271178,0.0,0.0
2021-03-30 00:00:00+05:30,815.3204857535497,845.5675981238445,814.8558056348743,841.3431396484375,5475000,0.0,0.0
2021-03-31 00:00:00+05:30,844.891637367018,844.891637367018,826.8532215364694,830.2327880859375,4445140,0.0,0.0
2021-04-01 00:00:00+05:30,838.132608103029,856.297780556875,836.9497390369341,847.0884399414062,5269079,0.0,0.0
2021-04-05 00:00:00+05:30,850.8058080428686,878.6872297562893,847.0882645205103,873.1954345703125,9452833,0.0,0.0
2021-04-06 00:00:00+05:30,877.8423659110945,879.1941718338658,862.0006485281946,868.8865356445312,4260257,0.0,0.0
2021-04-07 00:00:00+05:30,871.0832464961276,882.9117289897704,865.7603881195153,876.321533203125,3551106,0.0,0.0
2021-04-08 00:00:00+05:30,882.066868881777,890.8537625323577,871.632477793794,876.5750732421875,4852068,0.0,0.0
2021-04-09 00:00:00+05:30,880.461450461287,891.1916348675325,873.7446039937014,883.2496337890625,3708082,0.0,0.0
2021-04-12 00:00:00+05:30,881.1796700106667,881.1796700106667,845.9054965964299,852.8336181640625,5976427,0.0,0.0
2021-04-13 00:00:00+05:30,855.4527810469025,862.4653713087795,821.4036584457654,830.866455078125,7773994,0.0,0.0
2021-04-15 00:00:00+05:30,817.8550443687856,840.4136597285259,810.039797302245,838.0479736328125,7430279,0.0,0.0
2021-04-16 00:00:00+05:30,844.8917536757899,859.0859248239232,840.244849030573,855.6641235351562,4677808,0.0,0.0
2021-04-19 00:00:00+05:30,841.5120925829581,868.9287856701662,834.6262049330786,840.3292236328125,6239343,0.0,0.0
2021-04-20 00:00:00+05:30,849.9610670238152,849.9610670238152,808.5613729043649,812.1943969726562,9742418,0.0,0.0
2021-04-22 00:00:00+05:30,816.1653290625434,821.1502103952353,807.1249781475072,812.7012939453125,4970596,0.0,0.0
2021-04-23 00:00:00+05:30,814.4754783210718,823.6425312828233,802.815984899388,807.420654296875,6023490,0.0,0.0
2021-04-26 00:00:00+05:30,794.1982100953911,806.449139931969,779.8772852486685,784.7354125976562,19619972,0.0,0.0
2021-04-27 00:00:00+05:30,786.5941255640092,792.9730472031384,780.1729696560304,784.777587890625,6406825,0.0,0.0
2021-04-28 00:00:00+05:30,786.7630828411312,790.6917979132196,778.7788467592729,780.5108642578125,6845677,0.0,0.0
2021-04-29 00:00:00+05:30,794.0916284416214,794.0916284416214,774.78809004467,776.8807373046875,8588734,10.0,0.0
2021-04-30 00:00:00+05:30,772.9944871122092,781.5358626604104,764.7947874389037,767.8269653320312,10921664,0.0,0.0
2021-05-03 00:00:00+05:30,767.6561177337688,777.6495374258826,761.036551767219,775.3006591796875,6871176,0.0,0.0
2021-05-04 00:00:00+05:30,777.2651514971888,781.5358391427777,768.0831730591725,769.5352172851562,6217026,0.0,0.0
2021-05-05 00:00:00+05:30,772.0976862817583,777.9485079307076,769.2362940707106,776.7527465820312,2696835,0.0,0.0
2021-05-06 00:00:00+05:30,778.97346436613,789.137722308963,769.7914854824284,782.3900146484375,6319104,0.0,0.0
2021-05-07 00:00:00+05:30,784.0983498529203,787.0024386683081,780.425568444582,782.7317504882812,3651558,0.0,0.0
2021-05-10 00:00:00+05:30,784.1409812500425,787.1731591798045,777.4360222166636,780.6390380859375,4029147,0.0,0.0
2021-05-11 00:00:00+05:30,775.9839598557786,779.3578135859831,773.0798713489756,774.958984375,3818154,0.0,0.0
2021-05-12 00:00:00+05:30,773.9767695799593,776.3683443175604,764.4531149485819,773.9340209960938,4076940,0.0,0.0
2021-05-14 00:00:00+05:30,776.4111439799495,778.973556996385,765.734423078135,777.564208984375,5184569,0.0,0.0
2021-05-17 00:00:00+05:30,781.1941037414849,791.9562670676092,777.3504851533862,787.6428833007812,7956551,0.0,0.0
2021-05-18 00:00:00+05:30,792.639724977518,802.4623077762695,789.6502432561588,795.714599609375,5913426,0.0,0.0
2021-05-19 00:00:00+05:30,792.6396735844647,803.7434621152815,790.2054023364462,795.5437622070312,4178834,0.0,0.0
2021-05-20 00:00:00+05:30,796.0561211776272,798.4476956645536,787.5574429338511,789.564697265625,4753782,0.0,0.0
2021-05-21 00:00:00+05:30,790.5042472440232,798.3196261329513,788.3689035183505,794.903076171875,4161547,0.0,0.0
2021-05-24 00:00:00+05:30,795.6291335566098,802.0351652277581,792.3834212697119,796.739501953125,4191877,0.0,0.0
2021-05-25 00:00:00+05:30,801.1809966912792,806.1349838989211,798.7467256033398,803.4017333984375,5032874,0.0,0.0
2021-05-26 00:00:00+05:30,802.8893958158328,810.5339382556707,796.5260598586797,807.8433837890625,5017674,0.0,0.0
2021-05-27 00:00:00+05:30,810.576618613572,817.3243268080034,801.2664975046614,804.9393310546875,9078274,0.0,0.0
2021-05-28 00:00:00+05:30,802.9319779435847,811.2171224450533,800.6685447592508,805.0673217773438,4098094,0.0,0.0
2021-05-31 00:00:00+05:30,804.2133700816671,809.5944273597124,796.5688269638233,807.3309936523438,4171524,0.0,0.0
2021-06-01 00:00:00+05:30,809.7224435453702,813.1389939400764,804.6403144067604,812.0286254882812,2944472,0.0,0.0
2021-06-02 00:00:00+05:30,808.8682933438535,812.0286128362006,800.8393791884223,806.0923461914062,3657189,0.0,0.0
2021-06-03 00:00:00+05:30,807.1600701769478,811.2599204243776,800.3269690537567,802.4196166992188,4164240,0.0,0.0
2021-06-04 00:00:00+05:30,802.9746827317525,806.4766779349322,798.405067733025,799.9425048828125,3550303,0.0,0.0
2021-06-07 00:00:00+05:30,802.0353332245808,813.0964273201384,800.4124506749881,811.0891723632812,3282517,0.0,0.0
2021-06-08 00:00:00+05:30,813.1389854167502,830.2217372112198,812.6692201688866,826.1218872070312,6385642,0.0,0.0
2021-06-09 00:00:00+05:30,831.8445069740812,841.3254120847097,824.3280554952103,829.6237182617188,5521459,0.0,0.0
2021-06-10 00:00:00+05:30,836.6277188151812,838.464135375604,825.5666272670471,827.27490234375,3878256,0.0,0.0
2021-06-11 00:00:00+05:30,833.6382475650798,845.5961732473658,828.9404910470389,839.9161376953125,4777035,0.0,0.0
2021-06-14 00:00:00+05:30,839.6172363973681,844.2722966085578,833.6382733711406,840.6422119140625,2236373,0.0,0.0
2021-06-15 00:00:00+05:30,841.4109204658901,848.1586282911649,839.7880903216236,841.7098999023438,2559001,0.0,0.0
2021-06-16 00:00:00+05:30,840.5140668265476,842.1796455174932,831.9299946592681,836.5423583984375,3138753,0.0,0.0
2021-06-17 00:00:00+05:30,837.0548607285929,844.6994027913232,835.8163507632753,842.5213623046875,3609989,0.0,0.0
2021-06-18 00:00:00+05:30,845.5962100563157,851.3189423084335,828.5988512436294,832.9976806640625,5622783,0.0,0.0
2021-06-21 00:00:00+05:30,826.8051961677381,840.0016325041311,821.0397673721469,838.7631225585938,1639495,0.0,0.0
2021-06-22 00:00:00+05:30,838.8484728658476,844.0587432367204,833.8517890163868,837.1401977539062,2529648,0.0,0.0
2021-06-23 00:00:00+05:30,841.3253988677787,841.3253988677787,829.3674744168662,830.9903564453125,2395543,0.0,0.0
2021-06-24 00:00:00+05:30,830.2216004753551,849.525085970891,827.7445810201488,845.33984375,4686567,0.0,0.0
2021-06-25 00:00:00+05:30,849.8668478544057,862.6789108873867,844.9555570250964,850.4220581054688,5196000,0.0,0.0
2021-06-28 00:00:00+05:30,854.1374966665438,854.1374966665438,840.6421346456956,841.5816650390625,1844159,0.0,0.0
2021-06-29 00:00:00+05:30,842.9910306257946,848.9272967799087,837.4818332290639,840.129638671875,1895170,0.0,0.0
2021-06-30 00:00:00+05:30,837.9088458093703,846.8345926667479,837.9088458093703,840.044189453125,2682591,0.0,0.0
2021-07-01 00:00:00+05:30,843.0338920697775,843.8880297517123,832.9123813918193,841.752685546875,2861509,0.0,0.0
2021-07-02 00:00:00+05:30,840.0870896526966,843.5463367680961,834.7060327918056,841.0266723632812,1646631,0.0,0.0
2021-07-05 00:00:00+05:30,847.0482014995711,850.6355895629478,835.3465068765549,836.8412475585938,2598033,0.0,0.0
2021-07-06 00:00:00+05:30,837.0546852527997,838.9337980339312,828.684148826754,830.2642822265625,2486069,0.0,0.0
2021-07-07 00:00:00+05:30,828.5135143422451,835.004939581029,820.2283687723378,833.0831298828125,3014899,0.0,0.0
2021-07-08 00:00:00+05:30,832.7842179130063,838.763181528792,828.5135296160165,834.3216552734375,2555624,0.0,0.0
2021-07-09 00:00:00+05:30,830.221772215804,836.6278044088272,825.6094081838579,834.3643188476562,3218471,0.0,0.0
2021-07-12 00:00:00+05:30,837.0548482614748,839.6599575158042,832.7841602601408,836.5850830078125,2037878,0.0,0.0
2021-07-13 00:00:00+05:30,839.6171488766587,839.6171488766587,823.3885366399786,826.7623901367188,2997764,0.0,0.0
2021-07-14 00:00:00+05:30,827.0186774392117,848.115885214261,826.8905359545729,845.1264038085938,4371180,0.0,0.0
2021-07-15 00:00:00+05:30,848.1586071692227,898.9797925937632,846.279494088386,888.0895385742188,12701032,0.0,0.0
2021-07-16 00:00:00+05:30,892.4884377649917,895.7768468145115,852.4720581916064,858.4083251953125,8665827,0.0,0.0
2021-07-19 00:00:00+05:30,858.4083218950898,869.7683419971669,847.731601473509,854.3084716796875,4644600,0.0,0.0
2021-07-20 00:00:00+05:30,853.2833958081741,864.5580216747655,827.958197091631,834.6632080078125,10216774,0.0,0.0
2021-07-22 00:00:00+05:30,828.5135675055955,838.3361510378784,828.5135675055955,835.859130859375,6156400,0.0,0.0
2021-07-23 00:00:00+05:30,841.0692872630406,857.4687392608275,839.2755670617269,849.0127563476562,5265839,0.0,0.0
2021-07-26 00:00:00+05:30,849.0128638778101,857.5542407779893,843.2474344701892,854.3939208984375,2477027,0.0,0.0
2021-07-27 00:00:00+05:30,859.2918149886592,861.1822674710363,845.4142311977884,852.41748046875,2883514,6.0,0.0
2021-07-28 00:00:00+05:30,854.9953073518465,855.8116450191216,839.7858326010102,844.7697143554688,2952249,0.0,0.0
2021-07-29 00:00:00+05:30,846.8748947928303,867.0252949416779,846.8748947928303,865.822265625,4732101,0.0,0.0
2021-07-30 00:00:00+05:30,870.4626444817355,902.2134363973736,867.7988607242194,880.7311401367188,9330054,0.0,0.0
2021-08-02 00:00:00+05:30,888.5076639381032,892.8041226612081,879.0984088451022,889.710693359375,2536478,0.0,0.0
2021-08-03 00:00:00+05:30,885.0705305610901,896.1983171187907,879.9147798976275,893.1907958984375,3359006,0.0,0.0
2021-08-04 00:00:00+05:30,894.6086288644351,900.3229400377028,889.023232433755,893.6204223632812,3122161,0.0,0.0
2021-08-05 00:00:00+05:30,893.6634816686321,922.0201113754252,888.2499013124547,911.8375244140625,7896314,0.0,0.0
2021-08-06 00:00:00+05:30,911.8374482679332,919.442159166348,896.2412822528046,902.2133178710938,11584782,0.0,0.0
2021-08-09 00:00:00+05:30,908.9588691902704,916.6494885143176,896.6709550172866,902.72900390625,6321578,0.0,0.0
2021-08-10 00:00:00+05:30,904.4045994987279,921.4186187200634,900.537786484244,914.0286254882812,5871606,0.0,0.0
2021-08-11 00:00:00+05:30,920.258333528388,927.1756731400908,908.4001719148952,916.8211669921875,5011239,0.0,0.0
2021-08-12 00:00:00+05:30,920.3014994776526,946.2091677106587,917.7236241289758,942.2134399414062,6540144,0.0,0.0
2021-08-13 00:00:00+05:30,944.3615482478992,965.8008335230415,936.7997395709336,961.9340209960938,7270809,0.0,0.0
2021-08-16 00:00:00+05:30,963.2229404113252,970.4410113048397,957.5516364571356,965.5430908203125,3159376,0.0,0.0
2021-08-17 00:00:00+05:30,961.7623888903248,989.8611900122006,956.0051755380701,982.1275634765625,5295838,0.0,0.0
2021-08-18 00:00:00+05:30,994.9738187167136,994.9738187167136,972.3744064503588,974.6515502929688,4871006,0.0,0.0
2021-08-20 00:00:00+05:30,951.6655147180845,980.2369624511557,951.4076852621404,960.1295166015625,3467046,0.0,0.0
2021-08-23 00:00:00+05:30,970.140372413641,1012.4174839748596,967.6055037435924,999.4421997070312,9383780,0.0,0.0
2021-08-24 00:00:00+05:30,1003.6098301067991,1007.9492957160405,988.1855840353338,990.6775512695312,3947317,0.0,0.0
2021-08-25 00:00:00+05:30,996.6925120021108,1005.2854294176062,979.8504148465421,991.9234008789062,3447912,0.0,0.0
2021-08-26 00:00:00+05:30,996.6925855899658,1007.089995451575,992.4820347666972,1003.18017578125,4654833,0.0,0.0
2021-08-27 00:00:00+05:30,1003.1800450403948,1005.1564578919072,996.348718038612,999.313232421875,3050466,0.0,0.0
2021-08-30 00:00:00+05:30,1000.2156273290178,1005.6721091281694,992.0953620028963,999.7000732421875,2956868,0.0,0.0
2021-08-31 00:00:00+05:30,1001.9342365964778,1025.4788528435006,998.54007595155,1015.9407348632812,7199002,0.0,0.0
2021-09-01 00:00:00+05:30,1022.5571950734178,1022.9868409537007,998.2822028374312,1000.774169921875,3200410,0.0,0.0
2021-09-02 00:00:00+05:30,1007.090028195614,1015.6829465249281,991.6227752028485,1007.7344970703125,5224479,0.0,0.0
2021-09-03 00:00:00+05:30,1008.3788882213138,1014.479838786074,995.2746887791535,1009.4530029296875,4533364,0.0,0.0
2021-09-06 00:00:00+05:30,1009.6679629591393,1039.8290870866024,1008.8086710757698,1031.2791748046875,4331916,0.0,0.0
2021-09-07 00:00:00+05:30,1043.1803205342264,1043.996605845568,1014.050305431772,1015.8547973632812,3721585,0.0,0.0
2021-09-08 00:00:00+05:30,1018.2605897634683,1023.5452543093949,1002.8363468381527,1021.5259399414062,3118518,0.0,0.0
2021-09-09 00:00:00+05:30,1024.2757718524233,1035.4035581208996,1016.5421460582356,1029.9041748046875,3388292,0.0,0.0
2021-09-13 00:00:00+05:30,1024.2758789006762,1044.0395913291288,1010.9138487577432,1038.3682861328125,3723138,0.0,0.0
2021-09-14 00:00:00+05:30,1044.8988360229075,1066.037393470225,1037.1652097694484,1064.36181640625,5593286,0.0,0.0
2021-09-15 00:00:00+05:30,1064.3616682794388,1107.5839771665712,1057.143597135276,1094.0931396484375,6063895,0.0,0.0
2021-09-16 00:00:00+05:30,1106.080247122221,1113.0405938882245,1078.5829124030208,1085.371337890625,3616292,0.0,0.0
2021-09-17 00:00:00+05:30,1087.004089012281,1100.7527573318039,1081.4186925074748,1085.5433349609375,4817180,0.0,0.0
2021-09-20 00:00:00+05:30,1080.9891589244191,1116.0483087390376,1074.1148240504958,1096.5853271484375,5453683,0.0,0.0
2021-09-21 00:00:00+05:30,1107.6272156771536,1129.9688042012854,1097.3157132814003,1116.6497802734375,4645597,0.0,0.0
2021-09-22 00:00:00+05:30,1117.079172457003,1141.6978998134136,1116.7354348097542,1130.398193359375,5367303,0.0,0.0
2021-09-23 00:00:00+05:30,1140.15118088485,1148.4003602963649,1129.0233952325993,1141.397216796875,3037295,0.0,0.0
2021-09-24 00:00:00+05:30,1151.4508985586858,1183.8891608128579,1148.873023412659,1167.0899658203125,7951730,0.0,0.0
2021-09-27 00:00:00+05:30,1173.7926141049272,1175.4681911791674,1108.5294430015767,1112.9547119140625,7653504,0.0,0.0
2021-09-28 00:00:00+05:30,1121.3326566197254,1121.3326566197254,1077.55178667073,1090.441162109375,8572321,0.0,0.0
2021-09-29 00:00:00+05:30,1091.300655799245,1118.3253426801282,1081.6766289813029,1100.9246826171875,4639821,0.0,0.0
2021-09-30 00:00:00+05:30,1109.7323241752792,1109.7323241752792,1090.3123509811735,1099.5068359375,3589722,0.0,0.0
2021-10-01 00:00:00+05:30,1094.737772172473,1103.3306903213934,1083.266247422468,1094.52294921875,3372796,0.0,0.0
2021-10-04 00:00:00+05:30,1101.1824812469588,1111.579891421559,1094.5229695577946,1098.7335205078125,2706626,0.0,0.0
2021-10-05 00:00:00+05:30,1091.3005129450273,1128.765611938196,1084.5979953961066,1121.504638671875,3710314,0.0,0.0
2021-10-06 00:00:00+05:30,1127.3906730601927,1134.1360917029795,1092.8471898218947,1095.9835205078125,2861608,0.0,0.0
2021-10-07 00:00:00+05:30,1103.3739173604915,1132.4179235713875,1103.3739173604915,1122.4931640625,2421641,0.0,0.0
2021-10-08 00:00:00+05:30,1122.493037495534,1149.732548441966,1111.9667118464952,1136.11279296875,5197831,0.0,0.0
2021-10-11 00:00:00+05:30,1117.0795655012757,1138.4759566193004,1061.7841479877707,1119.571533203125,5264998,0.0,0.0
2021-10-12 00:00:00+05:30,1123.0511691437453,1124.8127589668009,1062.342298573838,1074.415283203125,12811641,0.0,0.0
2021-10-13 00:00:00+05:30,1085.2854949093394,1091.9880126074777,1068.4862990123218,1087.3048095703125,5705730,0.0,0.0
2021-10-14 00:00:00+05:30,1107.9708150558536,1111.279067349268,1069.0019547632166,1075.1029052734375,10360519,0.0,0.0
2021-10-18 00:00:00+05:30,1065.5217456354167,1093.4487268718287,1044.039452376638,1049.5389404296875,23861603,0.0,0.0
2021-10-19 00:00:00+05:30,1056.928784786597,1076.6924937704114,1052.6323263118547,1058.7332763671875,10189780,0.0,0.0
2021-10-20 00:00:00+05:30,1064.6625575239875,1085.629298763958,1048.679750762722,1059.4208984375,8222562,0.0,0.0
2021-10-21 00:00:00+05:30,1073.2819278328527,1073.2819278328527,1030.0526168742376,1048.8516845703125,5998795,10.0,0.0
2021-10-22 00:00:00+05:30,1042.3976003624487,1059.8105788109217,1027.453608169428,1034.3841552734375,3812305,0.0,0.0
2021-10-25 00:00:00+05:30,1025.7644042068084,1030.9189566895504,1002.4604167245657,1009.6075439453125,6690819,0.0,0.0
2021-10-26 00:00:00+05:30,1013.5926725801926,1023.9884948630663,999.0818373103479,1010.8204956054688,5126660,0.0,0.0
2021-10-27 00:00:00+05:30,1013.592545347697,1023.4252382056325,1006.2288388216666,1019.7867431640625,3536653,0.0,0.0
2021-10-28 00:00:00+05:30,1025.1147751224926,1026.587474346161,993.4941482755434,997.9989624023438,4096585,0.0,0.0
2021-10-29 00:00:00+05:30,997.9989959016393,1016.1916859310962,985.8705358820013,990.8518676757812,3558520,0.0,0.0
2021-11-01 00:00:00+05:30,990.6348855452197,1032.1748019344188,990.6348855452197,1030.2255859375,4511112,0.0,0.0
2021-11-02 00:00:00+05:30,1031.7851355557607,1035.3370195739906,1012.5961633117414,1014.1555786132812,3016082,0.0,0.0
2021-11-03 00:00:00+05:30,1017.9242411711361,1028.9264438601076,1015.0653478101176,1019.09375,2063067,0.0,0.0
2021-11-04 00:00:00+05:30,1026.5873103001406,1028.449916021923,1020.5230814629247,1024.9412841796875,256369,0.0,0.0
2021-11-08 00:00:00+05:30,1028.7097750638998,1033.344663255271,1012.3364413755357,1024.7247314453125,3808317,0.0,0.0
2021-11-09 00:00:00+05:30,1029.1864322100741,1031.7853878469682,1013.9824994335332,1016.0184326171875,3565461,0.0,0.0
2021-11-10 00:00:00+05:30,1008.394640161701,1017.924142774913,1006.7486140145214,1012.856201171875,2401325,0.0,0.0
2021-11-11 00:00:00+05:30,1010.1271126725753,1011.6865278744823,998.2152363438893,1005.5355834960938,2861259,0.0,0.0
2021-11-12 00:00:00+05:30,1012.6395398933265,1020.6529846262998,1007.5282404808635,1015.6282958984375,3812518,0.0,0.0
2021-11-15 00:00:00+05:30,1014.4590094585858,1023.6419648242522,1007.961620414231,1014.3290405273438,3619915,0.0,0.0
2021-11-16 00:00:00+05:30,1014.3722046958734,1018.3572480636789,1005.3191142416173,1007.8748168945312,3141207,0.0,0.0
2021-11-17 00:00:00+05:30,1005.362331967287,1009.044184540196,996.2659903165704,998.388427734375,3172985,0.0,0.0
2021-11-18 00:00:00+05:30,994.5335854652413,1000.5978146449074,964.6455987940299,970.4498901367188,5384530,0.0,0.0
2021-11-22 00:00:00+05:30,970.4499298730667,975.3446504902852,954.682975661042,961.7001342773438,3961223,0.0,0.0
2021-11-23 00:00:00+05:30,957.2817853227946,970.2765606891674,944.2870099564218,963.8657836914062,4545069,0.0,0.0
2021-11-24 00:00:00+05:30,970.2765662283135,981.2355146668679,964.16897947055,969.800048828125,2675632,0.0,0.0
2021-11-25 00:00:00+05:30,967.2445729829152,979.8061908138621,962.4798213918663,974.43505859375,3106454,0.0,0.0
2021-11-26 00:00:00+05:30,970.2765636666949,975.4744738291951,955.8090893484373,961.65673828125,2207274,0.0,0.0
2021-11-29 00:00:00+05:30,953.9031545736922,991.9345529053036,953.0368361868753,981.668701171875,3661152,0.0,0.0
2021-11-30 00:00:00+05:30,981.5387515476551,1003.1101009535554,981.5387515476551,986.4334716796875,7421904,0.0,0.0
2021-12-01 00:00:00+05:30,992.8009306133613,1007.5283440692315,992.1078335617918,1002.0704956054688,2918586,0.0,0.0
2021-12-02 00:00:00+05:30,1006.5755157221565,1027.8003195925492,998.8652596964348,1026.3275146484375,4011279,0.0,0.0
2021-12-03 00:00:00+05:30,1029.1862226658743,1030.6589215928932,1013.2893017405358,1014.8053588867188,2571036,0.0,0.0
2021-12-06 00:00:00+05:30,1013.5060820691898,1015.8884580564766,983.1415749123338,984.6143798828125,2493755,0.0,0.0
2021-12-07 00:00:00+05:30,996.2662029980464,1000.5977951849944,980.1527012129523,995.9630126953125,2299958,0.0,0.0
2021-12-08 00:00:00+05:30,1002.6769584565761,1023.641821878017,1002.3737681605335,1014.9786376953125,2525711,0.0,0.0
2021-12-09 00:00:00+05:30,1022.0825079464599,1022.0825079464599,1000.5977689615598,1012.33642578125,1734844,0.0,0.0
2021-12-10 00:00:00+05:30,1000.7709155931274,1010.9935144235608,1000.7709155931274,1006.8351440429688,957733,0.0,0.0
2021-12-13 00:00:00+05:30,1010.1270922484456,1016.5811209917036,999.0815344215436,1004.1494750976562,2225682,0.0,0.0
2021-12-14 00:00:00+05:30,1001.4640483572151,1010.0406214787915,992.3677053574307,1006.9651489257812,1972685,0.0,0.0
2021-12-15 00:00:00+05:30,1003.4132267919521,1006.6185623795573,989.59549143901,995.3131713867188,1604301,0.0,0.0
2021-12-16 00:00:00+05:30,1001.4640745412535,1011.7732846942357,995.8763631388503,1004.7127685546875,2121810,0.0,0.0
2021-12-17 00:00:00+05:30,1015.3251287579164,1024.7680201330636,1009.2609001731848,1014.8053588867188,6373455,0.0,0.0
2021-12-20 00:00:00+05:30,1004.929262049773,1015.6282722669358,992.3676462741508,1004.8426513671875,3091768,0.0,0.0
2021-12-21 00:00:00+05:30,1012.6395040584798,1052.5333991906455,1009.3041996812425,1043.91357421875,6217986,0.0,0.0
2021-12-22 00:00:00+05:30,1055.1757361204923,1062.106282827359,1048.331800097111,1059.3341064453125,3809814,0.0,0.0
2021-12-23 00:00:00+05:30,1065.4849701870248,1066.1779614227196,1053.0965753607327,1063.3624267578125,2814281,0.0,0.0
2021-12-24 00:00:00+05:30,1093.4235887151876,1112.1793997778109,1079.5624968631594,1096.0657958984375,15952929,0.0,0.0
2021-12-27 00:00:00+05:30,1098.4918031207694,1106.288669231248,1086.4067029502332,1097.7987060546875,3372907,0.0,0.0
2021-12-28 00:00:00+05:30,1100.224146722447,1116.6841930119951,1100.224146722447,1112.2659912109375,3446067,0.0,0.0
2021-12-29 00:00:00+05:30,1111.4866435578124,1125.3477396582996,1106.3753432204037,1119.1968994140625,2254162,0.0,0.0
2021-12-30 00:00:00+05:30,1119.1966916028755,1149.1279269862043,1111.2264993739293,1140.984619140625,4518139,0.0,0.0
2021-12-31 00:00:00+05:30,1143.5403278547135,1151.7269947193324,1133.9674669003766,1142.7606201171875,2231508,0.0,0.0
2022-01-03 00:00:00+05:30,1140.3783226340292,1160.7801653648064,1138.4291060324304,1148.8682861328125,2661272,0.0,0.0
2022-01-04 00:00:00+05:30,1151.7703452664327,1158.0077956215528,1132.4947603230871,1155.1922607421875,3367100,0.0,0.0
2022-01-05 00:00:00+05:30,1151.3372902150786,1152.203608717874,1127.9466906396028,1135.5269775390625,3510253,0.0,0.0
2022-01-06 00:00:00+05:30,1117.550893742968,1124.3082205174717,1106.2887529533102,1113.1326904296875,4409632,0.0,0.0
2022-01-07 00:00:00+05:30,1124.0915730399502,1124.9145332857368,1110.7934999241465,1118.02734375,3898684,0.0,0.0
2022-01-10 00:00:00+05:30,1130.4154956773184,1130.4154956773184,1108.8875054906055,1115.9046630859375,2529949,0.0,0.0
2022-01-11 00:00:00+05:30,1116.3812937577534,1167.7972727076988,1108.8876180013756,1164.02880859375,6772189,0.0,0.0
2022-01-12 00:00:00+05:30,1172.9952461958146,1175.6808123890405,1153.4164692929742,1171.392578125,3162044,0.0,0.0
2022-01-13 00:00:00+05:30,1160.866461802628,1177.6730571014618,1144.5363838447822,1155.8851318359375,4598005,0.0,0.0
2022-01-14 00:00:00+05:30,1143.5401633434485,1163.422126155426,1120.1495690932418,1158.4407958984375,5636243,0.0,0.0
2022-01-17 00:00:00+05:30,1102.8234319722878,1102.8234319722878,1077.1804259534508,1090.4783935546875,11973283,0.0,0.0
2022-01-18 00:00:00+05:30,1100.181036986003,1100.181036986003,1054.3095188723355,1056.69189453125,7799487,0.0,0.0
2022-01-19 00:00:00+05:30,1056.9083798748475,1057.3415390469272,1031.7851478942157,1038.888916015625,8464215,0.0,0.0
2022-01-20 00:00:00+05:30,1048.324016689261,1049.5470827036054,1022.1159162720296,1026.7896728515625,6172404,10.0,0.0
2022-01-21 00:00:00+05:30,1026.7896370442218,1030.7208519697128,1009.0118308760404,1020.324951171875,5514748,0.0,0.0
2022-01-24 00:00:00+05:30,1015.5637061008351,1017.3109124769226,970.5731419165832,982.7162475585938,5878438,0.0,0.0
2022-01-25 00:00:00+05:30,974.0676022639009,995.6019432295982,950.829777654688,981.6679077148438,4725254,0.0,0.0
2022-01-27 00:00:00+05:30,974.0675991468047,974.8974795569347,934.930131878938,941.52587890625,8304735,0.0,0.0
2022-01-28 00:00:00+05:30,942.6180223783721,962.8855776081289,941.0892165033376,943.8847045898438,7654724,0.0,0.0
2022-01-31 00:00:00+05:30,961.5315183133671,973.1503785189115,954.7173697409195,960.4395141601562,7572995,0.0,0.0
2022-02-01 00:00:00+05:30,975.5528808078286,992.850270902762,962.0557508417656,989.6179809570312,6783774,0.0,0.0
2022-02-02 00:00:00+05:30,998.4411716341436,1025.47914945369,990.0546017969467,1022.9456787109375,6982539,0.0,0.0
2022-02-03 00:00:00+05:30,1015.1270668849281,1022.8584350076096,1005.5174302793049,1010.5406494140625,4169794,0.0,0.0
2022-02-04 00:00:00+05:30,1013.3797280217332,1019.5822895115938,993.5925939006916,1016.699462890625,3625482,0.0,0.0
2022-02-07 00:00:00+05:30,1010.7588354237749,1023.2950191848828,1001.1492008605411,1011.0645751953125,3824483,0.0,0.0
2022-02-08 00:00:00+05:30,1012.4626248403013,1021.9849232949723,1003.3772347297197,1015.0834350585938,3267641,0.0,0.0
2022-02-09 00:00:00+05:30,1023.8630927049009,1038.7143491690504,1018.6214727763775,1031.63818359375,3772972,0.0,0.0
2022-02-10 00:00:00+05:30,1035.1763190810952,1041.2479267714255,1025.6977434011158,1039.893798828125,2053245,0.0,0.0
2022-02-11 00:00:00+05:30,1029.9784184566713,1029.9784184566713,1011.6764697079416,1016.6122436523438,3912397,0.0,0.0
2022-02-14 00:00:00+05:30,991.8453236422282,1017.1798152123541,990.3165181164447,1001.5422973632812,3243813,0.0,0.0
2022-02-15 00:00:00+05:30,1007.7013495164719,1025.610216152872,1002.9838706352645,1020.84912109375,3000492,0.0,0.0
2022-02-16 00:00:00+05:30,1029.104865376667,1033.1671427524159,1013.3800032571595,1020.1941528320312,1885868,0.0,0.0
2022-02-17 00:00:00+05:30,1025.6103477584218,1025.6103477584218,1013.3799006812343,1016.04443359375,1644055,0.0,0.0
2022-02-18 00:00:00+05:30,1007.1335017467518,1022.2031580533337,1004.7310927703402,1017.747802734375,2166690,0.0,0.0
2022-02-21 00:00:00+05:30,1007.3519194194574,1021.6790345194617,1004.8184485828244,1017.5294189453125,1706058,0.0,0.0
2022-02-22 00:00:00+05:30,988.9188914990305,1008.2692250593053,988.9188914990305,1004.2506713867188,3254855,0.0,0.0
2022-02-23 00:00:00+05:30,1009.8854584507806,1012.5062684640611,1002.940354572,1007.2646484375,1937649,0.0,0.0
2022-02-24 00:00:00+05:30,966.2053853612528,991.4961617882066,953.9749374452875,959.6970825195312,5469084,0.0,0.0
2022-02-25 00:00:00+05:30,974.5917614387128,996.7813052501366,974.0676208184946,986.9095458984375,3213276,0.0,0.0
2022-02-28 00:00:00+05:30,978.0862998204443,990.0547298284099,967.0789188206119,984.5072631835938,4571884,0.0,0.0
2022-03-02 00:00:00+05:30,982.4979250547766,982.4979250547766,968.8260127442035,974.5481567382812,3867328,0.0,0.0
2022-03-03 00:00:00+05:30,982.8038848822385,1006.3911781194123,978.8726693427096,995.6458129882812,3969380,0.0,0.0
2022-03-04 00:00:00+05:30,985.4244774549757,1008.880703661936,980.7507213413503,994.5535888671875,3522375,0.0,0.0
2022-03-07 00:00:00+05:30,970.5731883049401,1014.6028124149343,970.1363866900415,1008.3128051757812,5249845,0.0,0.0
2022-03-08 00:00:00+05:30,1009.8853858171607,1030.5024017772646,1009.0117825422324,1026.7459716796875,3805165,0.0,0.0
2022-03-09 00:00:00+05:30,1030.8517632642968,1043.9558111024023,1014.340641660081,1033.21044921875,3781326,0.0,0.0
2022-03-10 00:00:00+05:30,1046.7514224586562,1046.7514224586562,1026.483868728262,1041.4661865234375,3834327,0.0,0.0
2022-03-11 00:00:00+05:30,1030.8518850144558,1054.5702357309176,1027.6195954890416,1042.601806640625,2770879,0.0,0.0
2022-03-14 00:00:00+05:30,1042.6018282562472,1061.2533442481817,1028.798959935012,1050.813720703125,5740660,0.0,0.0
2022-03-15 00:00:00+05:30,1054.4391352129578,1060.8164816697438,1020.4559470580888,1028.0999755859375,3003066,0.0,0.0
2022-03-16 00:00:00+05:30,1039.7191582437777,1050.9012183212596,1035.2200791874543,1047.8873291015625,1894018,0.0,0.0
2022-03-17 00:00:00+05:30,1061.4277958042856,1061.4277958042856,1040.2866428570144,1045.6156005859375,6987787,0.0,0.0
2022-03-21 00:00:00+05:30,1048.2364712471358,1056.9725029991064,1017.8350380938737,1020.4122314453125,4046440,0.0,0.0
2022-03-22 00:00:00+05:30,1022.1158269179145,1032.3806653506372,1015.3891243886252,1027.7069091796875,4516870,0.0,0.0
2022-03-23 00:00:00+05:30,1039.5879322940348,1040.3304737746107,1022.1158662050594,1031.46337890625,2338886,0.0,0.0
2022-03-24 00:00:00+05:30,1021.2421504978197,1043.0822307052154,1021.2421504978197,1041.42236328125,2351703,0.0,0.0
2022-03-25 00:00:00+05:30,1047.4501360333331,1047.4501360333331,1026.8331238249316,1030.2838134765625,2489854,0.0,0.0
2022-03-28 00:00:00+05:30,1035.1324339891164,1037.4911199293726,1011.8071649930757,1016.8303833007812,3406258,0.0,0.0
2022-03-29 00:00:00+05:30,1019.4949657101268,1026.4837915247635,1016.5684162284516,1020.1064453125,2443230,0.0,0.0
2022-03-30 00:00:00+05:30,1028.5367863873685,1032.5553400924941,1015.2143365486098,1017.9224853515625,3073672,0.0,0.0
2022-03-31 00:00:00+05:30,1026.3091817080015,1026.3091817080015,1014.2534137205458,1016.6558227539062,3006639,0.0,0.0
2022-04-01 00:00:00+05:30,1014.2533691833441,1025.610211387809,1006.434662783602,1021.81005859375,2479745,0.0,0.0
2022-04-04 00:00:00+05:30,1024.9113729560413,1038.6706252539411,1020.3686783458453,1037.0108642578125,2282137,0.0,0.0
2022-04-05 00:00:00+05:30,1039.58778228729,1050.944623606395,1034.4335022065707,1044.348876953125,2634464,0.0,0.0
2022-04-06 00:00:00+05:30,1039.5876896600344,1043.8683661809528,1019.9316198975547,1022.5524291992188,2838968,0.0,0.0
2022-04-07 00:00:00+05:30,1018.2719700023372,1031.507081128636,1016.0006227843351,1024.998779296875,3391918,0.0,0.0
2022-04-08 00:00:00+05:30,1029.978295293576,1030.851898597472,1015.6075636008952,1018.0535888671875,2656091,0.0,0.0
2022-04-11 00:00:00+05:30,1016.8743342402541,1016.8743342402541,988.7006252374637,990.2294311523438,5679058,0.0,0.0
2022-04-12 00:00:00+05:30,986.9970484777775,997.3928424084271,978.0426146756275,988.1763916015625,2906617,0.0,0.0
2022-04-13 00:00:00+05:30,991.5399309675063,998.6160976928974,981.0566894066163,982.8912353515625,1971580,0.0,0.0
2022-04-18 00:00:00+05:30,969.6995358502809,972.1019446102703,947.5099936116302,962.4923095703125,4391701,0.0,0.0
2022-04-19 00:00:00+05:30,974.8539502243731,974.8975664050439,924.9274999720559,934.9739379882812,3422431,0.0,0.0
2022-04-20 00:00:00+05:30,939.1235216735308,956.4209091942533,930.1253652745745,951.7034301757812,2573318,0.0,0.0
2022-04-21 00:00:00+05:30,956.5956182508452,965.3753741158602,944.452510992332,960.2647094726562,2547848,0.0,0.0
2022-04-22 00:00:00+05:30,949.2573424117345,991.4960414376848,944.4525241708274,962.7545776367188,9567571,0.0,0.0
2022-04-25 00:00:00+05:30,958.2555036837616,959.216446008205,941.1328999283969,952.0965576171875,3565801,0.0,0.0
2022-04-26 00:00:00+05:30,964.4581017626626,967.0789118218004,947.9033608788568,955.9841918945312,3213714,0.0,0.0
2022-04-27 00:00:00+05:30,949.6067839496923,960.8762878105114,938.774081737424,957.1197509765625,3288792,0.0,0.0
2022-04-28 00:00:00+05:30,969.9097229422912,979.0581821961179,953.3005064036944,970.3538208007812,5202061,18.0,0.0
2022-04-29 00:00:00+05:30,971.6860297271326,977.4593013845606,954.2329637244437,958.5851440429688,2988180,0.0,0.0
2022-05-02 00:00:00+05:30,953.0341841489375,961.0279471101121,943.2640294186128,947.6162109375,2584604,0.0,0.0
2022-05-04 00:00:00+05:30,955.6098410467971,955.6986389384398,919.9932127113462,928.1201171875,3385725,0.0,0.0
2022-05-05 00:00:00+05:30,940.5992492912395,954.9879763080671,930.0296987431616,952.1902465820312,2982126,0.0,0.0
2022-05-06 00:00:00+05:30,932.5167484157278,938.5120697848448,913.9089822241049,932.7831420898438,4075606,0.0,0.0
2022-05-09 00:00:00+05:30,927.2762937541993,961.8271275335286,918.4831348013756,955.787353515625,4207192,0.0,0.0
2022-05-10 00:00:00+05:30,953.0341051952294,963.6924549271424,947.3496303204076,952.6344604492188,2473518,0.0,0.0
2022-05-11 00:00:00+05:30,949.4812289139908,958.6296882397179,936.2027462097101,942.286865234375,2895668,0.0,0.0
2022-05-12 00:00:00+05:30,932.6943260822543,951.2131856004697,927.0543048105081,940.95458984375,3195189,0.0,0.0
2022-05-13 00:00:00+05:30,950.3694705073422,957.4750366419764,928.2533742288258,934.5151977539062,2496626,0.0,0.0
2022-05-16 00:00:00+05:30,936.1582988526058,947.6603901802023,923.9011544171025,927.764892578125,1415370,0.0,0.0
2022-05-17 00:00:00+05:30,939.8887688065766,964.5806558520196,928.4754742592784,961.8272705078125,2620776,0.0,0.0
2022-05-18 00:00:00+05:30,962.4047000440387,974.6617382734643,951.0802024457668,953.6558837890625,2865869,0.0,0.0
2022-05-19 00:00:00+05:30,937.1353016706411,939.97759308622,892.2814168924846,896.5447998046875,4729354,0.0,0.0
2022-05-20 00:00:00+05:30,913.953563566914,918.8386409231997,903.1175629525543,913.8203125,2005622,0.0,0.0
2022-05-23 00:00:00+05:30,908.6242378322432,921.0589781349328,901.2966230110154,904.44970703125,2285466,0.0,0.0
2022-05-24 00:00:00+05:30,907.780422431371,908.0913234592641,876.6491733682765,880.8681030273438,3418456,0.0,0.0
2022-05-25 00:00:00+05:30,881.0901431841091,881.8006889089603,855.3324676273156,865.5023193359375,3904551,0.0,0.0
2022-05-26 00:00:00+05:30,867.7673145321986,875.7610768973877,860.7061469340474,871.0536499023438,4278059,0.0,0.0
2022-05-27 00:00:00+05:30,878.4256508643232,897.4774617177196,878.4256508643232,891.6597900390625,2795530,0.0,0.0
2022-05-30 00:00:00+05:30,905.0715727137701,935.581078529515,902.0961382955982,923.6348876953125,3562969,0.0,0.0
2022-05-31 00:00:00+05:30,928.1644187705493,928.8750186323147,906.3592272387934,924.3895874023438,5185485,0.0,0.0
2022-06-01 00:00:00+05:30,924.3897337778344,928.5642104653563,898.4544068401768,904.094482421875,2554081,0.0,0.0
2022-06-02 00:00:00+05:30,898.3211578483462,931.6284967905506,894.6795229306337,923.45703125,3560227,0.0,0.0
2022-06-03 00:00:00+05:30,936.113883858902,950.0586224333209,923.9011920809403,926.38818359375,3556955,0.0,0.0
2022-06-06 00:00:00+05:30,921.9471941481569,930.2518027770672,906.9811173534363,921.3255004882812,1997494,0.0,0.0
2022-06-07 00:00:00+05:30,914.8416910741649,918.1724253863282,899.8756132493131,908.5355224609375,1839248,0.0,0.0
2022-06-08 00:00:00+05:30,908.7130578799762,918.2168175393186,902.4068896857335,915.0192260742188,1665512,0.0,0.0
2022-06-09 00:00:00+05:30,910.356188803064,916.3515101037724,898.587649349877,913.642578125,1654005,0.0,0.0
2022-06-10 00:00:00+05:30,898.8541555784277,909.2904562978413,895.479022358213,901.82958984375,2260855,0.0,0.0
2022-06-13 00:00:00+05:30,884.6429696243938,889.9721441402035,872.6523269638222,880.9125366210938,1738804,0.0,0.0
2022-06-14 00:00:00+05:30,877.5374792830069,889.0396261138189,868.7887720495222,885.4424438476562,2461791,0.0,0.0
2022-06-15 00:00:00+05:30,878.4257606827551,894.4132871663644,877.537564766999,879.2251586914062,2408630,0.0,0.0
2022-06-16 00:00:00+05:30,894.4130715360865,894.4130715360865,854.1334181518711,857.064453125,3198618,0.0,0.0
2022-06-17 00:00:00+05:30,845.9177175062576,855.4658225357455,838.5012499101392,851.5577392578125,4302066,0.0,0.0
2022-06-20 00:00:00+05:30,857.1089212286322,857.9971170019262,845.6511740686735,852.7123413085938,1305407,0.0,0.0
2022-06-21 00:00:00+05:30,863.0598004460143,888.1069308383416,855.9098356719969,876.2938842773438,2128325,0.0,0.0
2022-06-22 00:00:00+05:30,868.6111760315097,869.543770867938,851.9131042462499,853.8226928710938,2575065,0.0,0.0
2022-06-23 00:00:00+05:30,854.5330826719833,868.2113184787746,851.424397644182,862.6600952148438,2169033,0.0,0.0
2022-06-24 00:00:00+05:30,873.9846109581812,874.4731077745121,852.6679131299329,858.6188354492188,1922313,0.0,0.0
2022-06-27 00:00:00+05:30,875.8942915358241,894.2355018955303,874.1622989198135,881.4010620117188,3626024,0.0,0.0
2022-06-28 00:00:00+05:30,879.2248659258777,894.4129893434732,873.3183433683913,889.9276123046875,2702471,0.0,0.0
2022-06-29 00:00:00+05:30,874.9615440157979,888.4177302727519,874.8727461321275,877.1376342773438,3150015,0.0,0.0
2022-06-30 00:00:00+05:30,879.3138645033955,885.1315363000474,861.5055490998791,864.4365844726562,3741119,0.0,0.0
2022-07-01 00:00:00+05:30,856.6647946444003,871.7197233396378,856.3983467635715,866.3016967773438,2827579,0.0,0.0
2022-07-04 00:00:00+05:30,866.3017063711129,878.8696979658544,864.6141669663979,874.5175170898438,2738846,0.0,0.0
2022-07-05 00:00:00+05:30,877.0045194623684,890.5495048696126,869.0551565286703,872.3414916992188,2476050,0.0,0.0
2022-07-06 00:00:00+05:30,872.2082056096667,887.3075329980215,870.4762130964166,876.2938842773438,2998254,0.0,0.0
2022-07-07 00:00:00+05:30,885.5311632930485,888.9951484046394,874.8284153412184,879.1805419921875,2985141,0.0,0.0
2022-07-08 00:00:00+05:30,887.3075347809793,887.3075347809793,869.6768712147923,873.5848999023438,3141642,0.0,0.0
2022-07-11 00:00:00+05:30,865.990834344225,869.676868297951,834.9039838805862,838.0570678710938,5787815,0.0,0.0
2022-07-12 00:00:00+05:30,830.4630748154324,842.4981170895077,821.0482209993188,824.0680541992188,5305354,0.0,0.0
2022-07-13 00:00:00+05:30,826.0221225589928,831.3512975432444,803.8172267912779,815.1417236328125,12874342,0.0,0.0
2022-07-14 00:00:00+05:30,822.6025250180813,823.845966555698,792.5370660077199,802.040771484375,4916497,0.0,0.0
2022-07-15 00:00:00+05:30,795.8233888730318,803.8171505916225,779.2585165161523,784.4100952148438,5591590,0.0,0.0
2022-07-18 00:00:00+05:30,794.9352731074135,806.0377210558411,789.4728470323184,799.6427001953125,5156225,0.0,0.0
2022-07-19 00:00:00+05:30,799.3732004422081,806.1094914571705,794.8823397655665,799.103759765625,4636293,10.0,0.0
2022-07-20 00:00:00+05:30,812.4865068934822,825.2405624178177,803.9538714481977,823.983154296875,4827089,0.0,0.0
2022-07-21 00:00:00+05:30,827.2165417320489,832.5606769341813,820.5251483186266,830.3152465820312,3498709,0.0,0.0
2022-07-22 00:00:00+05:30,834.7611430408805,837.0065732138761,816.4384109012072,826.5428466796875,3514659,0.0,0.0
2022-07-25 00:00:00+05:30,826.5428990927854,837.0964215750894,820.9293233043259,835.8839111328125,2120224,0.0,0.0
2022-07-26 00:00:00+05:30,833.9528683316336,834.9857882656764,818.3246504865631,820.4802856445312,2780103,0.0,0.0
2022-07-27 00:00:00+05:30,819.222691248814,834.7161588535729,818.3245192137556,833.9078369140625,1742497,0.0,0.0
2022-07-28 00:00:00+05:30,840.5993083566523,852.3653411911126,837.72514661096,849.7606201171875,2843497,0.0,0.0
2022-07-29 00:00:00+05:30,859.5507355045048,867.3648440640156,850.7037618790147,851.8264770507812,3617725,0.0,0.0
2022-08-01 00:00:00+05:30,856.8562376755013,859.1016680677327,848.9523336588624,855.1946411132812,2489519,0.0,0.0
2022-08-02 00:00:00+05:30,855.1945651456117,856.7214138206355,845.2248221976783,854.20654296875,2545241,0.0,0.0
2022-08-03 00:00:00+05:30,854.1617293251542,863.8619777477963,853.3084548039787,859.7304077148438,4119614,0.0,0.0
2022-08-04 00:00:00+05:30,866.7361673921532,871.1821307174037,849.491250299713,860.5387573242188,3513266,0.0,0.0
2022-08-05 00:00:00+05:30,864.8499123100993,866.6911540984819,857.7543309947835,860.2243041992188,2565683,0.0,0.0
2022-08-08 00:00:00+05:30,860.2241997653111,869.4304624096279,853.308264668494,867.6790161132812,1746911,0.0,0.0
2022-08-10 00:00:00+05:30,867.6791457205834,868.5324201790864,851.556945571238,855.104736328125,3271939,0.0,0.0
2022-08-11 00:00:00+05:30,866.7361351854382,869.879737748287,861.1225591803511,864.35595703125,3594584,0.0,0.0
2022-08-12 00:00:00+05:30,865.837988550867,865.837988550867,856.8562666779326,859.0119018554688,3022304,0.0,0.0
2022-08-16 00:00:00+05:30,870.3287262895587,870.3287262895587,855.643635034064,860.6284790039062,2784861,0.0,0.0
2022-08-17 00:00:00+05:30,864.939751216066,882.8133983249891,857.7543742589232,880.74755859375,4649125,0.0,0.0
2022-08-18 00:00:00+05:30,883.307306185579,883.307306185579,869.5203324407722,874.3704833984375,2829269,0.0,0.0
2022-08-19 00:00:00+05:30,875.2687887832476,886.5408386701602,868.3528520381841,871.2719116210938,2880969,0.0,0.0
2022-08-22 00:00:00+05:30,866.7360648269752,871.2269252664933,857.9339893295347,861.751220703125,3616799,0.0,0.0
2022-08-23 00:00:00+05:30,853.2186621960312,854.1617320086812,843.3836659896442,850.479248046875,3753715,0.0,0.0
2022-08-24 00:00:00+05:30,853.1736901025643,856.6765283610417,848.0092005857692,852.5000610351562,1494361,0.0,0.0
2022-08-25 00:00:00+05:30,856.7664570861963,856.7664570861963,846.6620201478072,847.6948852539062,3316314,0.0,0.0
2022-08-26 00:00:00+05:30,851.96123388464,858.6526277743031,847.6500182656889,849.3565673828125,2195046,0.0,0.0
2022-08-29 00:00:00+05:30,819.6718716053692,828.1147116346644,808.4447198749643,824.0729370117188,4974880,0.0,0.0
2022-08-30 00:00:00+05:30,832.515721499987,848.9971572126367,829.6415598847367,843.3386840820312,2998417,0.0,0.0
2022-09-01 00:00:00+05:30,823.8933733799138,836.1983438615491,822.9503035049886,831.7523803710938,2953921,0.0,0.0
2022-09-02 00:00:00+05:30,836.3779085328362,841.5872959858087,825.4201974503289,830.3152465820312,1750283,0.0,0.0
2022-09-05 00:00:00+05:30,831.7073659000233,846.3475601888922,828.5637635451096,840.6890869140625,2279812,0.0,0.0
2022-09-06 00:00:00+05:30,840.6890873135321,846.8864967441938,832.6504360381325,842.3057861328125,2108615,0.0,0.0
2022-09-07 00:00:00+05:30,832.6054847263732,837.59032860619,829.1025918270041,836.826904296875,2709547,0.0,0.0
2022-09-08 00:00:00+05:30,841.048417926988,845.0901925767054,833.5037499861514,836.2431640625,3214686,0.0,0.0
2022-09-09 00:00:00+05:30,843.3835641622669,855.957972999617,839.1621445171421,851.9161987304688,2206526,0.0,0.0
2022-09-12 00:00:00+05:30,857.8891160974432,865.3888313167874,856.4071101822074,858.2483520507812,2517615,0.0,0.0
2022-09-13 00:00:00+05:30,857.7543566924082,862.0655718143867,853.667684595742,858.1136474609375,2442828,0.0,0.0
2022-09-14 00:00:00+05:30,838.2640483663478,842.8896568212738,832.2013864136209,837.096435546875,6761712,0.0,0.0
2022-09-15 00:00:00+05:30,841.1382123128985,841.317857705598,822.9951240517977,826.2285766601562,2995215,0.0,0.0
2022-09-16 00:00:00+05:30,821.9171200152861,824.5218405682006,802.4268327816537,805.5704345703125,5095937,0.0,0.0
2022-09-19 00:00:00+05:30,806.5135929486493,814.7767866670023,797.1276841821523,806.3788452148438,2686561,0.0,0.0
2022-09-20 00:00:00+05:30,810.4208169825522,827.0819013952491,810.1513762693176,820.929443359375,1836721,0.0,0.0
2022-09-21 00:00:00+05:30,816.4384040148592,820.7047213075662,807.321935661362,809.2081298828125,1819649,0.0,0.0
2022-09-22 00:00:00+05:30,806.1991271359155,812.7558262818152,799.1484991974623,806.2440795898438,2315711,0.0,0.0
2022-09-23 00:00:00+05:30,805.2113973491317,819.6719482011559,801.1696223484947,804.6275634765625,2569608,0.0,0.0
2022-09-26 00:00:00+05:30,800.4959103012762,823.98313341234,792.187818104601,814.3726806640625,4182702,0.0,0.0
2022-09-27 00:00:00+05:30,818.4592058454241,827.620570883098,815.1808562341757,825.1954956054688,3545337,0.0,0.0
2022-09-28 00:00:00+05:30,820.0311337631734,832.5606456209412,818.9982139120025,827.036865234375,4154139,0.0,0.0
2022-09-29 00:00:00+05:30,832.6055299882281,836.1982183592669,823.2645182954977,829.0577392578125,2928360,0.0,0.0
2022-09-30 00:00:00+05:30,828.0249116641081,840.2849283923002,817.3815389918556,837.4107666015625,3229901,0.0,0.0
2022-10-03 00:00:00+05:30,837.4107978254581,837.8598839088783,822.7257048256517,835.524658203125,1598950,0.0,0.0
2022-10-04 00:00:00+05:30,846.5271741290426,854.1616367073947,841.6321253942023,849.6707763671875,2331351,0.0,0.0
2022-10-06 00:00:00+05:30,858.2034624408354,869.3857163220546,858.2034624408354,866.3319091796875,3713623,0.0,0.0
2022-10-07 00:00:00+05:30,866.7360888185469,873.8765680790464,857.7543676908936,860.179443359375,2174327,0.0,0.0
2022-10-10 00:00:00+05:30,846.2577942152967,868.667199885446,846.2577942152967,865.164306640625,2758812,0.0,0.0
2022-10-11 00:00:00+05:30,869.5204312941065,873.0233245862179,840.689127379321,843.0243530273438,3134969,0.0,0.0
2022-10-12 00:00:00+05:30,847.2457669226397,865.7481458599154,847.2457669226397,855.0598754882812,3502390,0.0,0.0
2022-10-13 00:00:00+05:30,873.0682294683926,888.3371560538058,870.598256050164,882.0948486328125,9698562,0.0,0.0
2022-10-14 00:00:00+05:30,902.6630572589586,918.8301567919549,892.7831630999053,900.4625244140625,7424383,0.0,0.0
2022-10-17 00:00:00+05:30,903.2917037820315,904.2796711769604,890.1783580579857,893.3219604492188,2136170,0.0,0.0
2022-10-18 00:00:00+05:30,898.1721083733254,910.4321795806512,897.3637315477594,906.435302734375,2487826,0.0,0.0
2022-10-19 00:00:00+05:30,913.0575798471501,913.0575798471501,901.7180669330027,903.2149047851562,2517099,10.0,0.0
2022-10-20 00:00:00+05:30,898.0893842864292,924.669190343588,896.2750622979718,922.9456176757812,3931399,0.0,0.0
2022-10-21 00:00:00+05:30,927.5721419003278,934.285155588217,917.6840646460316,931.8357543945312,2071897,0.0,0.0
2022-10-24 00:00:00+05:30,938.9116400719595,942.4041877933407,934.3758350474573,935.8272705078125,398105,0.0,0.0
2022-10-25 00:00:00+05:30,939.8188355265161,940.9527868242072,926.1207259978919,931.2008056640625,3068136,0.0,0.0
2022-10-27 00:00:00+05:30,935.2829103699617,941.1340540205682,924.9412537140228,936.2354736328125,3313674,0.0,0.0
2022-10-28 00:00:00+05:30,936.1448353442897,943.2207360869472,930.2936906536806,934.3759155273438,2423629,0.0,0.0
2022-10-31 00:00:00+05:30,942.5403043063975,954.7869781352102,940.1817077905566,944.49072265625,2418565,0.0,0.0
2022-11-01 00:00:00+05:30,951.6119345734018,963.2689318341786,947.9832903996232,961.6361083984375,2275488,0.0,0.0
2022-11-02 00:00:00+05:30,966.0811033563884,967.3511509573814,945.7153823433437,948.1646728515625,2799322,0.0,0.0
2022-11-03 00:00:00+05:30,938.0044566203945,951.793259269941,937.1879895880369,948.1193237304688,2396164,0.0,0.0
2022-11-04 00:00:00+05:30,948.1193933350152,951.6119412292184,937.505542610018,948.30078125,1709158,0.0,0.0
2022-11-07 00:00:00+05:30,950.7954134324634,957.6898148231975,942.2227863542531,949.9336547851562,2213508,0.0,0.0
2022-11-09 00:00:00+05:30,962.4070973243531,962.9059694164898,951.7932475096968,955.648681640625,2307691,0.0,0.0
2022-11-10 00:00:00+05:30,952.5190160374962,963.7678341838998,949.8429354778838,954.7415161132812,2321667,0.0,0.0
2022-11-11 00:00:00+05:30,971.569646000019,996.69796696573,969.8460175711095,989.3953857421875,3923101,0.0,0.0
2022-11-14 00:00:00+05:30,993.3411441487111,1000.5530287085255,988.8507421756057,996.9697875976562,2170007,0.0,0.0
2022-11-15 00:00:00+05:30,991.9807239989079,1003.4109324160152,987.8078048291634,1001.4152221679688,2172420,0.0,0.0
2022-11-16 00:00:00+05:30,1004.6809362490746,1009.1713394795456,997.2875510041328,1002.5944213867188,2213697,0.0,0.0
2022-11-17 00:00:00+05:30,993.4320296515299,998.4214153559356,987.989063428542,991.1188354492188,2460883,0.0,0.0
2022-11-18 00:00:00+05:30,996.1083634781596,1003.3202504590846,983.3627047899166,1000.73486328125,2623894,0.0,0.0
2022-11-21 00:00:00+05:30,996.8793527910028,1003.6376586764752,991.1641935783331,993.7949829101562,1733741,0.0,0.0
2022-11-22 00:00:00+05:30,989.803482738477,1003.229511702423,986.9913053944921,1000.9616088867188,2529146,0.0,0.0
2022-11-23 00:00:00+05:30,1005.996286695117,1008.3095918621121,997.6504486283021,1000.9616088867188,2217599,0.0,0.0
2022-11-24 00:00:00+05:30,1003.3201467999281,1029.627817918552,1001.0522441172882,1024.7291259765625,3295202,0.0,0.0
2022-11-25 00:00:00+05:30,1029.8091113034611,1031.9410282193849,1016.6099853446151,1023.458984375,1977441,0.0,0.0
2022-11-28 00:00:00+05:30,1020.5563620473507,1027.5868614303436,1013.2990723616807,1014.9320068359375,2368293,0.0,0.0
2022-11-29 00:00:00+05:30,1014.9316874255638,1033.029503588637,1014.2513167316525,1024.1392822265625,1785948,0.0,0.0
2022-11-30 00:00:00+05:30,1022.3705090314384,1025.0012982385445,1013.2988984810263,1016.7461547851562,6053488,0.0,0.0
2022-12-01 00:00:00+05:30,1025.0919743497668,1043.8248719577157,1023.640538834457,1030.8978271484375,3919684,0.0,0.0
2022-12-02 00:00:00+05:30,1030.8978958419411,1034.526540240725,1019.5129797457818,1030.1268310546875,2944923,0.0,0.0
2022-12-05 00:00:00+05:30,1028.0403680762458,1035.9326257466448,1022.5519988513221,1025.8631591796875,2646466,0.0,0.0
2022-12-06 00:00:00+05:30,1017.4718179469853,1020.5561876839168,1004.2272886809741,1016.8821411132812,2807894,0.0,0.0
2022-12-07 00:00:00+05:30,1010.5775365021574,1012.9361333806156,999.6916025362455,1003.2295532226562,2399879,0.0,0.0
2022-12-08 00:00:00+05:30,1010.3505641574909,1010.3505641574909,996.7885514969919,999.1017456054688,1752350,0.0,0.0
2022-12-09 00:00:00+05:30,975.1981845679364,975.1981845679364,925.9393478072255,932.1080322265625,12415478,0.0,0.0
2022-12-12 00:00:00+05:30,929.840068783842,942.6764196857589,918.4552087715,932.9244384765625,4275785,0.0,0.0
2022-12-13 00:00:00+05:30,936.2809736294184,949.7070025552432,935.3738125057125,947.711181640625,2284909,0.0,0.0
2022-12-14 00:00:00+05:30,947.9834545715114,959.1415816332187,947.9834545715114,958.1436157226562,2425507,0.0,0.0
2022-12-15 00:00:00+05:30,953.9252326499318,954.1520229091574,940.81668922423,945.5792846679688,1906369,0.0,0.0
2022-12-16 00:00:00+05:30,934.3758338131853,949.2985880291143,927.4360299873786,934.058349609375,5159215,0.0,0.0
2022-12-19 00:00:00+05:30,934.0584000725667,941.1795921888704,928.3432411455067,937.3241577148438,3328172,0.0,0.0
2022-12-20 00:00:00+05:30,931.654469039757,937.4149199968475,917.5934716978717,934.103759765625,2629849,0.0,0.0
2022-12-21 00:00:00+05:30,938.9117249808068,955.4674148174249,938.9117249808068,943.7650146484375,2878658,0.0,0.0
2022-12-22 00:00:00+05:30,948.8904145491933,956.7373794173773,937.6415959003598,942.6309814453125,2623451,0.0,0.0
2022-12-23 00:00:00+05:30,933.9223109974031,947.1668403220503,931.7451023065518,934.920166015625,2177675,0.0,0.0
2022-12-26 00:00:00+05:30,935.2830613323779,945.0350428157175,933.4687391959426,935.9180297851562,1680715,0.0,0.0
2022-12-27 00:00:00+05:30,942.5402903302901,944.1278220993738,934.6933254384762,940.1362915039062,554319,0.0,0.0
2022-12-28 00:00:00+05:30,934.3759624333002,941.9054440954582,931.2008984832842,939.3199462890625,1397806,0.0,0.0
2022-12-29 00:00:00+05:30,934.3758810930264,948.8904578867044,932.6522529512905,947.4843139648438,1277244,0.0,0.0
2022-12-30 00:00:00+05:30,952.519140361003,957.281736062808,938.2767556048658,942.8125610351562,1860560,0.0,0.0
2023-01-02 00:00:00+05:30,942.6310631303942,945.7154329729493,935.7366610183186,942.9485473632812,701880,0.0,0.0
2023-01-03 00:00:00+05:30,942.5403128615235,948.7090521781112,937.5509271822757,944.672119140625,2484372,0.0,0.0
2023-01-04 00:00:00+05:30,940.0002115863596,945.2617898362744,935.7365990557745,940.3630981445312,1219170,0.0,0.0
2023-01-05 00:00:00+05:30,945.0804660566247,952.3377547627998,937.1880981461968,947.1668701171875,2294943,0.0,0.0
2023-01-06 00:00:00+05:30,947.076113814723,950.6140639735859,930.0668445292574,936.9159545898438,1887689,0.0,0.0
2023-01-09 00:00:00+05:30,947.9379355581906,971.569526219188,943.4929348124974,968.3490600585938,4562242,0.0,0.0
2023-01-10 00:00:00+05:30,962.4979260037137,973.0209726042402,958.2343131335456,965.0833129882812,2297082,0.0,0.0
2023-01-11 00:00:00+05:30,969.7551161207103,979.3710006438324,953.0180398427841,956.8734741210938,3594167,0.0,0.0
2023-01-12 00:00:00+05:30,962.4978317469831,974.744505383726,962.4978317469831,972.1591186523438,4748542,0.0,0.0
2023-01-13 00:00:00+05:30,946.9855568217762,983.3626971806946,944.3547673109807,977.7383422851562,8253765,0.0,0.0
2023-01-16 00:00:00+05:30,986.0841132797372,998.2853857498145,978.4186462985269,992.1620483398438,4508538,0.0,0.0
2023-01-17 00:00:00+05:30,995.9721767793252,1010.5320457424928,993.3413874868953,1007.9013671875,4390338,0.0,0.0
2023-01-18 00:00:00+05:30,1015.0678732927051,1021.3273070594388,1010.6681640846363,1011.6207275390625,6905092,0.0,0.0
2023-01-19 00:00:00+05:30,1009.0576572903665,1019.1267229011261,1005.7623490747359,1017.341796875,2298287,10.0,0.0
2023-01-20 00:00:00+05:30,1017.0212764086438,1026.4953279082238,1013.3597985931976,1014.0463256835938,4747128,0.0,0.0
2023-01-23 00:00:00+05:30,1016.9756524588807,1027.8685733344594,1014.366871377872,1026.3123779296875,1696834,0.0,0.0
2023-01-24 00:00:00+05:30,1030.6146012028885,1046.9081121889021,1026.3122972637423,1041.55322265625,4861107,0.0,0.0
2023-01-25 00:00:00+05:30,1038.8071507983154,1038.8071507983154,1022.2389836639425,1027.731201171875,2692236,0.0,0.0
2023-01-27 00:00:00+05:30,1027.7309484248542,1038.3035092233242,1011.4831422929983,1021.18603515625,3864525,0.0,0.0
2023-01-30 00:00:00+05:30,1021.1861072804046,1043.4753304115868,1012.2155539669847,1038.7154541015625,3508427,0.0,0.0
2023-01-31 00:00:00+05:30,1039.8599291509183,1041.416012870237,1018.806427064236,1027.227783203125,4582858,0.0,0.0
2023-02-01 00:00:00+05:30,1040.7751278471167,1040.7751278471167,1020.1335008004585,1036.289794921875,2393911,0.0,0.0
2023-02-02 00:00:00+05:30,1041.5074231646142,1057.7094180178801,1038.9443439639065,1052.3087158203125,3048359,0.0,0.0
2023-02-03 00:00:00+05:30,1056.3363849401992,1058.7621364216152,1042.2396725333174,1049.1507568359375,1814055,0.0,0.0
2023-02-06 00:00:00+05:30,1039.1272690305932,1052.5374527122444,1032.5366542312702,1048.7386474609375,2070175,0.0,0.0
2023-02-07 00:00:00+05:30,1050.7068446197611,1055.4210198315977,1030.6145290507463,1032.765625,1931191,0.0,0.0
2023-02-08 00:00:00+05:30,1037.937685666243,1051.7597452621792,1036.8391750243813,1048.0982666015625,2848255,0.0,0.0
2023-02-09 00:00:00+05:30,1047.182888028079,1054.5058452870167,1041.6906700838758,1049.333984375,1501083,0.0,0.0
2023-02-10 00:00:00+05:30,1030.523078897677,1034.3675862925431,1006.9064999307942,1021.2320556640625,3185163,0.0,0.0
2023-02-13 00:00:00+05:30,1026.3581959192322,1026.3581959192322,1011.4834394566346,1018.806396484375,2009185,0.0,0.0
2023-02-14 00:00:00+05:30,1026.1291652448901,1045.718094047943,1023.3830568633249,1030.2025146484375,3938046,0.0,0.0
2023-02-15 00:00:00+05:30,1029.790774786043,1038.5783003829938,1024.8477567191799,1037.022216796875,1648954,0.0,0.0
2023-02-16 00:00:00+05:30,1042.2398847698191,1054.643188504287,1028.8755099247387,1032.67431640625,2369355,0.0,0.0
2023-02-17 00:00:00+05:30,1026.7699659231448,1026.7699659231448,1013.817576353965,1015.6483154296875,1958807,0.0,0.0
2023-02-20 00:00:00+05:30,1015.6481555107177,1038.6696063715262,1013.8631181492842,1021.277587890625,1706036,0.0,0.0
2023-02-21 00:00:00+05:30,1026.1292654198824,1027.0904481430393,1009.7441281290706,1011.6663818359375,1313278,0.0,0.0
2023-02-22 00:00:00+05:30,1002.3297830788376,1011.9869777394456,997.7987479333068,1000.1328735351562,2212194,0.0,0.0
2023-02-23 00:00:00+05:30,1011.3002977377753,1017.8451004617615,1000.0412078642129,1001.734619140625,2139983,0.0,0.0
2023-02-24 00:00:00+05:30,1004.1603886426274,1011.0256602149334,990.4298454980153,1002.1923217773438,1684570,0.0,0.0
2023-02-27 00:00:00+05:30,997.7527518328849,997.7527518328849,984.9375788735633,992.2147216796875,1834553,0.0,0.0
2023-02-28 00:00:00+05:30,991.8028630960345,1004.068836865692,977.7061503082024,986.4021606445312,20793703,0.0,0.0
2023-03-01 00:00:00+05:30,986.1733045399197,1010.5679239654149,986.1733045399197,1007.913330078125,1655100,0.0,0.0
2023-03-02 00:00:00+05:30,998.0275214334911,1022.4678451032026,998.0275214334911,1012.3529663085938,4074162,0.0,0.0
2023-03-03 00:00:00+05:30,1020.6368623107965,1034.09274754863,1017.0211979427755,1024.29833984375,3253621,0.0,0.0
2023-03-06 00:00:00+05:30,1033.4521963664715,1050.8442173859248,1028.234634756413,1031.3468017578125,4091674,0.0,0.0
2023-03-08 00:00:00+05:30,1017.8909906087613,1028.8754257592154,1013.5887982039477,1025.8089599609375,3209393,0.0,0.0
2023-03-09 00:00:00+05:30,1026.998791329137,1031.346796562096,1019.7674614911391,1022.1473999023438,1834324,0.0,0.0
2023-03-10 00:00:00+05:30,1011.4833666494254,1023.5204987452246,1011.4833666494254,1021.8270874023438,1193681,0.0,0.0
2023-03-13 00:00:00+05:30,1026.0833009703372,1037.6627464170913,1002.3295093486682,1005.6248168945312,3028387,0.0,0.0
2023-03-14 00:00:00+05:30,1005.5792548404792,1010.0187747703213,975.7839315591015,992.306396484375,3683544,0.0,0.0
2023-03-15 00:00:00+05:30,1002.3754608417349,1004.9842416864086,984.4799416145165,988.2787475585938,1528510,0.0,0.0
2023-03-16 00:00:00+05:30,992.2147853101594,995.510205102586,979.1250677059338,981.642333984375,1812907,0.0,0.0
2023-03-17 00:00:00+05:30,996.1050037480093,1022.5592035449181,992.3063098726573,1014.6412353515625,5350523,0.0,0.0
2023-03-20 00:00:00+05:30,1011.4832620375252,1014.5040259773939,994.320084514264,998.53076171875,2066169,0.0,0.0
2023-03-21 00:00:00+05:30,1005.9912488685775,1009.1035280373549,985.9446311155701,992.169189453125,2421127,0.0,0.0
2023-03-22 00:00:00+05:30,999.5377722304609,1012.1699171813649,987.7295939922324,989.9263916015625,1382329,0.0,0.0
2023-03-23 00:00:00+05:30,985.8530236938253,988.9653025696251,971.207110621308,975.6924438476562,2178855,0.0,0.0
2023-03-24 00:00:00+05:30,982.191656774145,997.752941177836,958.4378585125307,962.7400512695312,2688253,0.0,0.0
2023-03-27 00:00:00+05:30,964.1587571900654,975.3262206044471,956.3781162936433,962.5110473632812,1459887,0.0,0.0
2023-03-28 00:00:00+05:30,967.3625178818719,973.7701042863976,951.3892533012123,952.9911499023438,2965015,0.0,0.0
2023-03-29 00:00:00+05:30,957.4766569544057,979.4455286244877,953.9066929601255,977.1571044921875,2478745,0.0,0.0
2023-03-31 00:00:00+05:30,991.7114348001083,1004.0689242482391,978.8962605576023,993.4048461914062,3131614,0.0,0.0
2023-04-03 00:00:00+05:30,997.7070371051664,1006.2200189638892,995.9221111054914,1005.213134765625,1540702,0.0,0.0
2023-04-05 00:00:00+05:30,993.4964087431285,1018.806401441291,975.9213564868244,1017.15869140625,3342291,0.0,0.0
2023-04-06 00:00:00+05:30,1015.1905894479044,1015.1905894479044,993.5877798398146,999.4461669921875,2378264,0.0,0.0
2023-04-10 00:00:00+05:30,999.4461122359911,1011.483242858621,999.1257552761854,1009.7440185546875,711625,0.0,0.0
2023-04-11 00:00:00+05:30,1010.5679344310602,1015.9686368633174,993.1759138203807,995.0066528320312,2318905,0.0,0.0
2023-04-12 00:00:00+05:30,999.583402631053,1004.5721212542727,988.6904842288541,1001.871826171875,2715967,0.0,0.0
2023-04-13 00:00:00+05:30,996.8375895369277,996.8375895369277,973.0379776655226,981.1389770507812,3071057,0.0,0.0
2023-04-17 00:00:00+05:30,965.7148211544512,965.7148211544512,930.244253078873,953.998046875,9509446,0.0,0.0
2023-04-18 00:00:00+05:30,960.7261396338617,976.1500939423556,956.7441927672156,973.8158569335938,3686404,0.0,0.0
2023-04-19 00:00:00+05:30,983.0610252117222,983.0610252117222,948.7346691229552,950.7942504882812,4322881,0.0,0.0
2023-04-20 00:00:00+05:30,951.9844079442771,958.5750245342628,944.5241231687456,949.6959838867188,3057560,0.0,0.0
2023-04-21 00:00:00+05:30,964.7993569880965,983.1067451662389,949.924604093356,960.1766967773438,7708194,0.0,0.0
2023-04-24 00:00:00+05:30,967.5455100293257,969.2847343346921,957.4764460649712,964.84521484375,2033625,0.0,0.0
2023-04-25 00:00:00+05:30,961.5497900988036,969.1932143663896,956.0118719927596,964.2958984375,1237595,0.0,0.0
2023-04-26 00:00:00+05:30,965.7148164173938,976.6992503482077,959.3072299577523,975.3720092773438,1647101,0.0,0.0
2023-04-27 00:00:00+05:30,975.3721594549811,984.0223578115884,971.2071829191584,980.5897216796875,1654910,0.0,0.0
2023-04-28 00:00:00+05:30,986.8272520572029,995.0202124827651,981.0550165180948,990.6909790039062,2629188,18.0,0.0
2023-05-02 00:00:00+05:30,990.6910128009889,1000.652921118401,990.5979342211936,993.903076171875,1905168,0.0,0.0
2023-05-03 00:00:00+05:30,988.7359979656292,990.5980243271464,982.2189057003189,985.8963623046875,1649820,0.0,0.0
2023-05-04 00:00:00+05:30,983.1965638641205,994.275530346511,975.981211354642,993.2049560546875,1403672,0.0,0.0
2023-05-05 00:00:00+05:30,993.2048547671988,996.1374552140132,979.5188935361206,982.73095703125,1641673,0.0,0.0
2023-05-08 00:00:00+05:30,985.0118708059783,1003.1666264588296,982.2188314747705,1001.537353515625,1389075,0.0,0.0
2023-05-09 00:00:00+05:30,997.1151268988212,1007.9148571774349,992.5066570660601,1004.563232421875,2981949,0.0,0.0
2023-05-10 00:00:00+05:30,1009.3580258121955,1013.6872601034489,998.1392708223864,1003.91162109375,2091411,0.0,0.0
2023-05-11 00:00:00+05:30,1007.4958568264823,1017.2248983384517,1005.5407520309025,1013.0353393554688,2653108,0.0,0.0
2023-05-12 00:00:00+05:30,1011.0804226630248,1027.2800764741826,1003.1202136548019,1019.925048828125,1585037,0.0,0.0
2023-05-15 00:00:00+05:30,1023.1366749137308,1029.653765811964,1017.4110359723769,1023.8815307617188,1523466,0.0,0.0
2023-05-16 00:00:00+05:30,1024.3006185460486,1029.0488765135005,1013.035382200722,1015.4559936523438,1166324,0.0,0.0
2023-05-17 00:00:00+05:30,1015.2699032934615,1018.4818534013357,989.3876906522108,1000.4202880859375,3602382,0.0,0.0
2023-05-18 00:00:00+05:30,1007.3095095122037,1010.1491447335179,998.9769882940689,1005.4010009765625,1515743,0.0,0.0
2023-05-19 00:00:00+05:30,1013.5008179488965,1027.8384421360404,1007.7750647669684,1019.78515625,1984436,0.0,0.0
2023-05-22 00:00:00+05:30,1019.7853891344564,1044.50383755661,1013.8268813213957,1042.59521484375,1864932,0.0,0.0
2023-05-23 00:00:00+05:30,1042.7348601005951,1053.301837961977,1027.8386478134437,1030.95751953125,2138096,0.0,0.0
2023-05-24 00:00:00+05:30,1023.2301325956286,1038.0797481066722,1022.2525232476468,1035.2401123046875,1302744,0.0,0.0
2023-05-25 00:00:00+05:30,1032.6796855744121,1041.1053995932302,1026.95404592581,1039.0106201171875,1124803,0.0,0.0
2023-05-26 00:00:00+05:30,1038.0797547149552,1061.6809174398702,1037.1487414820272,1060.6102294921875,1635167,0.0,0.0
2023-05-29 00:00:00+05:30,1066.9410637308513,1068.756493903228,1046.8312025369416,1048.5069580078125,1288914,0.0,0.0
2023-05-30 00:00:00+05:30,1051.1137939079945,1065.078990461245,1050.229376919246,1057.4912109375,1983735,0.0,0.0
2023-05-31 00:00:00+05:30,1056.5137820318657,1073.7840080029953,1053.999978304229,1066.1031494140625,5967930,0.0,0.0
2023-06-01 00:00:00+05:30,1068.8031813752714,1075.4599486580769,1059.1672172346734,1063.1240234375,1445692,0.0,0.0
2023-06-02 00:00:00+05:30,1068.803068779138,1071.6891867402794,1053.534430781052,1058.6085205078125,1336554,0.0,0.0
2023-06-05 00:00:00+05:30,1065.0790684865576,1069.2686277594507,1057.630963112526,1059.7723388671875,1435758,0.0,0.0
2023-06-06 00:00:00+05:30,1052.0448962634869,1054.186272042943,1036.9159320473084,1050.741455078125,1943605,0.0,0.0
2023-06-07 00:00:00+05:30,1055.5828352599776,1055.5828352599776,1039.1969116537482,1051.1605224609375,2459039,0.0,0.0
2023-06-08 00:00:00+05:30,1051.160540944302,1053.2087246065582,1041.1521486441736,1049.0191650390625,1385218,0.0,0.0
2023-06-09 00:00:00+05:30,1051.206852949976,1052.9758005436543,1029.6538772735812,1033.1917724609375,1824218,0.0,0.0
2023-06-12 00:00:00+05:30,1036.1710551429535,1062.23942372813,1034.8211315151339,1061.0291748046875,1670970,0.0,0.0
2023-06-13 00:00:00+05:30,1065.9632408407342,1065.9632408407342,1051.3929789667457,1053.2550048828125,2014656,0.0,0.0
2023-06-14 00:00:00+05:30,1059.4929118399448,1059.865339811177,1048.367350712146,1057.4912109375,836964,0.0,0.0
2023-06-15 00:00:00+05:30,1061.355040273277,1067.8721326258321,1058.143090216289,1064.7066650390625,2109652,0.0,0.0
2023-06-16 00:00:00+05:30,1070.6651269490903,1074.6219328530326,1054.3258006390668,1068.9892578125,2909817,0.0,0.0
2023-06-19 00:00:00+05:30,1068.9892962052409,1074.296139562328,1057.118878067088,1059.0740966796875,1278608,0.0,0.0
2023-06-20 00:00:00+05:30,1054.8380405409428,1089.983791671058,1054.372533903458,1088.0286865234375,3504867,0.0,0.0
2023-06-21 00:00:00+05:30,1093.9406237334858,1094.5922875816084,1081.5116189510968,1089.7044677734375,2019683,0.0,0.0
2023-06-22 00:00:00+05:30,1089.4250859815195,1089.7043217436874,1078.9045916779453,1083.1407470703125,972005,0.0,0.0
2023-06-23 00:00:00+05:30,1081.7441049939794,1089.7973907512328,1071.5960398365244,1084.7698974609375,1699790,0.0,0.0
2023-06-26 00:00:00+05:30,1086.7252544917692,1094.8250245935656,1082.815044163126,1086.9580078125,1190307,0.0,0.0
2023-06-27 00:00:00+05:30,1086.4924826597558,1093.4284860397252,1080.1615469841113,1089.2855224609375,1504039,0.0,0.0
2023-06-28 00:00:00+05:30,1092.497262828703,1092.9627693727775,1086.0267673256917,1089.51806640625,1424076,0.0,0.0
2023-06-30 00:00:00+05:30,1089.6112609470329,1111.6297455548813,1084.6303631251562,1105.9970703125,3036648,0.0,0.0
2023-07-03 00:00:00+05:30,1107.9056159679872,1112.5606815812982,1093.4749125667236,1100.0850830078125,1749952,0.0,0.0
2023-07-04 00:00:00+05:30,1100.4577854172828,1110.6989323204893,1097.245834802732,1108.4644775390625,1094468,0.0,0.0
2023-07-05 00:00:00+05:30,1111.6296557694975,1119.6363458031842,1105.6711491226629,1112.37451171875,1653610,0.0,0.0
2023-07-06 00:00:00+05:30,1112.3745422200816,1115.3537388006578,1093.8938405202011,1099.20068359375,2334220,0.0,0.0
2023-07-07 00:00:00+05:30,1096.8730869804926,1101.341881591553,1074.2029411286262,1077.74072265625,2159585,0.0,0.0
2023-07-10 00:00:00+05:30,1079.9752841540685,1081.7442319182726,1042.734757114273,1046.92431640625,3960400,0.0,0.0
2023-07-11 00:00:00+05:30,1053.6741209410309,1053.6741209410309,1035.286611430463,1037.986572265625,4982603,0.0,0.0
2023-07-12 00:00:00+05:30,1042.4553244687506,1046.9242328163414,1026.3953484651206,1033.9366455078125,3824027,0.0,0.0
2023-07-13 00:00:00+05:30,1024.1142911874442,1046.8310309217752,1012.0577184008108,1032.3072509765625,12294227,0.0,0.0
2023-07-14 00:00:00+05:30,1037.3347084408053,1077.275191538888,1034.8676147452263,1071.5494384765625,6605038,0.0,0.0
2023-07-17 00:00:00+05:30,1072.4806248981542,1091.1474852722101,1064.7532834222748,1074.156494140625,3159479,0.0,0.0
2023-07-18 00:00:00+05:30,1078.997729774319,1089.2854713522759,1067.3135820103698,1086.6785888671875,2431478,0.0,0.0
2023-07-19 00:00:00+05:30,1084.6302304993976,1093.8472826557704,1077.1821259122773,1088.40087890625,2242397,0.0,0.0
2023-07-20 00:00:00+05:30,1089.2930673824294,1091.9224413279542,1078.0245184095077,1085.34912109375,1990001,10.0,0.0
2023-07-21 00:00:00+05:30,1042.3407428030002,1070.4182325846054,1028.2550570894462,1047.45849609375,5259150,0.0,0.0
2023-07-24 00:00:00+05:30,1051.7310434263838,1058.9616484981057,1043.2796332559933,1045.0638427734375,2672505,0.0,0.0
2023-07-25 00:00:00+05:30,1050.3225862300344,1050.7921090669722,1037.7393512741796,1043.7962646484375,2506726,0.0,0.0
2023-07-26 00:00:00+05:30,1042.5284237477276,1052.5292827403332,1042.4345421096402,1047.035888671875,1969964,0.0,0.0
2023-07-27 00:00:00+05:30,1047.036063155588,1054.2666699371935,1041.3547902346022,1049.2427978515625,1769815,0.0,0.0
2023-07-28 00:00:00+05:30,1046.1439154678553,1050.3226230110963,1030.5556650319566,1036.283935546875,2031899,0.0,0.0
2023-07-31 00:00:00+05:30,1040.4626721932627,1051.2616981230665,1029.1941233969458,1048.63232421875,2526624,0.0,0.0
2023-08-01 00:00:00+05:30,1051.7310503129117,1072.3900530869153,1044.1248040356734,1069.1033935546875,2710536,0.0,0.0
2023-08-02 00:00:00+05:30,1067.6948299462033,1067.6948299462033,1053.1396233814135,1061.9666748046875,2701150,0.0,0.0
2023-08-03 00:00:00+05:30,1057.3653968461933,1066.3333286126683,1047.0828928796782,1056.8958740234375,1608187,0.0,0.0
2023-08-04 00:00:00+05:30,1061.5442862602686,1082.1094123515288,1057.3655782725828,1074.5970458984375,3315303,0.0,0.0
2023-08-07 00:00:00+05:30,1084.1753523429345,1085.3021614283286,1073.4702075132413,1080.6539306640625,1655404,0.0,0.0
2023-08-08 00:00:00+05:30,1084.5039002239434,1086.381991621117,1067.6949592933172,1071.77978515625,1667697,0.0,0.0
2023-08-09 00:00:00+05:30,1071.4040428874055,1076.1462690697851,1056.4263112596059,1074.4090576171875,1559337,0.0,0.0
2023-08-10 00:00:00+05:30,1070.51206034834,1075.0195254016458,1059.8539149541248,1065.1595458984375,1676669,0.0,0.0
2023-08-11 00:00:00+05:30,1089.2931373650317,1114.6003760407611,1083.94062211086,1100.045166015625,7391806,0.0,0.0
2023-08-14 00:00:00+05:30,1099.2939155115519,1105.2568330186539,1083.6587810565222,1099.62255859375,1720940,0.0,0.0
2023-08-16 00:00:00+05:30,1104.0830181289161,1113.9429983035736,1098.7773868232982,1105.397705078125,2567226,0.0,0.0
2023-08-17 00:00:00+05:30,1105.1159774458806,1108.966042128001,1093.002264240997,1104.97509765625,2331256,0.0,0.0
2023-08-18 00:00:00+05:30,1101.5006728064109,1106.0550218013,1088.0253891212737,1102.157958984375,3406088,0.0,0.0
2023-08-21 00:00:00+05:30,1101.4535952128924,1116.4314427322722,1097.6974124563733,1107.36962890625,1661946,0.0,0.0
2023-08-22 00:00:00+05:30,1109.9521066262187,1114.6473355036562,1104.4587117655392,1107.6044921875,1805887,0.0,0.0
2023-08-23 00:00:00+05:30,1120.2346133732644,1122.1597030671908,1106.80632754529,1110.421630859375,2347850,0.0,0.0
2023-08-24 00:00:00+05:30,1116.4783632006945,1116.525361338547,1097.744446934198,1099.8572998046875,2464221,0.0,0.0
2023-08-25 00:00:00+05:30,1093.9883179779708,1099.4348292755421,1079.9026314804005,1083.61181640625,2105159,0.0,0.0
2023-08-28 00:00:00+05:30,1084.5977338757402,1089.0112026119673,1069.8547629121251,1076.56884765625,2571967,0.0,0.0
2023-08-29 00:00:00+05:30,1083.5648917969645,1092.391944593228,1078.3062586299159,1086.992431640625,1794652,0.0,0.0
2023-08-30 00:00:00+05:30,1094.9272485966867,1103.5195393825204,1090.8424228678932,1099.1529541015625,1497356,0.0,0.0
2023-08-31 00:00:00+05:30,1107.6043552487108,1115.6801249935324,1094.833357206947,1100.702392578125,4483967,0.0,0.0
2023-09-01 00:00:00+05:30,1101.5005554826946,1115.5862403354145,1099.716345808764,1113.5203857421875,1669640,0.0,0.0
2023-09-04 00:00:00+05:30,1113.7082734454234,1159.7215157715834,1112.7692276836651,1157.3739013671875,4517935,0.0,0.0
2023-09-05 00:00:00+05:30,1161.364846171949,1166.013076842079,1150.518821768833,1160.238037109375,2842400,0.0,0.0
2023-09-06 00:00:00+05:30,1164.2758362753514,1166.6704487610316,1148.1711789297003,1160.5196533203125,1767709,0.0,0.0
2023-09-07 00:00:00+05:30,1162.538622696434,1180.3804917038913,1155.3080163715701,1177.5633544921875,2582004,0.0,0.0
2023-09-08 00:00:00+05:30,1182.2584236298635,1192.1654006725619,1177.8449551123113,1185.12255859375,2280777,0.0,0.0
2023-09-11 00:00:00+05:30,1198.7389750498294,1206.0165800800157,1192.9638203902746,1203.4342041015625,2691836,0.0,0.0
2023-09-12 00:00:00+05:30,1206.6736735253162,1213.0122317325504,1188.362283148862,1204.232177734375,2140769,0.0,0.0
2023-09-13 00:00:00+05:30,1203.856502363201,1204.232143542587,1188.9256538619507,1197.5179443359375,2275523,0.0,0.0
2023-09-14 00:00:00+05:30,1202.7767549845623,1212.0263329193328,1197.8467646781019,1205.359130859375,2655172,0.0,0.0
2023-09-15 00:00:00+05:30,1215.1251181427497,1230.149849124422,1212.354979219844,1225.0789794921875,4286280,0.0,0.0
2023-09-18 00:00:00+05:30,1222.6375746452945,1231.3707460303187,1211.0872659915024,1225.4547119140625,2761885,0.0,0.0
2023-09-20 00:00:00+05:30,1203.3871004884795,1224.515629369471,1203.3871004884795,1214.561767578125,2220756,0.0,0.0
2023-09-21 00:00:00+05:30,1205.734738345437,1206.6737840918122,1182.540354261819,1200.1004638671875,3112700,0.0,0.0
2023-09-22 00:00:00+05:30,1194.8886928379409,1205.35907564943,1187.9867296509537,1196.0625,1321467,0.0,0.0
2023-09-25 00:00:00+05:30,1192.5881738118228,1201.9786318733331,1180.0049370834759,1186.4373779296875,1246703,0.0,0.0
2023-09-26 00:00:00+05:30,1186.9538165928925,1191.602047158878,1180.474378054241,1184.5592041015625,903152,0.0,0.0
2023-09-27 00:00:00+05:30,1181.7890947582555,1190.381386430334,1176.9061026341417,1184.2305908203125,1670373,0.0,0.0
2023-09-28 00:00:00+05:30,1184.2305600952081,1188.831907148323,1163.0551474304805,1166.200927734375,1807072,0.0,0.0
2023-09-29 00:00:00+05:30,1159.8152142422166,1173.5252572726215,1152.4437291025777,1159.5335693359375,2338327,0.0,0.0
2023-10-03 00:00:00+05:30,1157.3738850625232,1180.0987463250922,1148.1711908750915,1163.1959228515625,2162636,0.0,0.0
2023-10-04 00:00:00+05:30,1158.7823911500775,1168.924130538726,1150.3309798694042,1163.994140625,2253785,0.0,0.0
2023-10-05 00:00:00+05:30,1172.8680355102153,1177.5162656998298,1152.9603132653237,1160.1439208984375,2995200,0.0,0.0
2023-10-06 00:00:00+05:30,1175.6853589983784,1179.4415422539641,1155.1202327481226,1162.2569580078125,2497711,0.0,0.0
2023-10-09 00:00:00+05:30,1160.6605195822922,1189.4422940658162,1156.1061707282988,1173.4315185546875,3430211,0.0,0.0
2023-10-10 00:00:00+05:30,1179.0190251484594,1187.6582008405805,1172.1169466677916,1184.8880615234375,1532394,0.0,0.0
2023-10-11 00:00:00+05:30,1188.8317239736946,1196.7666134043056,1165.3555840847985,1169.6751708984375,2186131,0.0,0.0
2023-10-12 00:00:00+05:30,1169.1118243863316,1172.4454822675443,1141.081334896241,1149.1571044921875,3921609,0.0,0.0
2023-10-13 00:00:00+05:30,1137.1843587294463,1189.301395814074,1134.8837425838583,1179.3475341796875,5740821,0.0,0.0
2023-10-16 00:00:00+05:30,1186.0148848634833,1201.3213777646374,1183.4795069709667,1193.1986083984375,2527113,0.0,0.0
2023-10-17 00:00:00+05:30,1200.9456983164853,1201.0395799707007,1193.5272135596254,1199.3023681640625,1687345,0.0,0.0
2023-10-18 00:00:00+05:30,1200.1004198922737,1203.387079884154,1190.1465582713572,1192.071533203125,1743126,0.0,0.0
2023-10-19 00:00:00+05:30,1189.5832029898143,1197.048570856985,1187.7989931373359,1190.099609375,2279726,0.0,0.0
2023-10-20 00:00:00+05:30,1186.923740969236,1195.78772499514,1180.7141495486214,1193.1806640625,1625449,12.0,0.0
2023-10-23 00:00:00+05:30,1183.1316099866178,1194.9818865289517,1168.247708939589,1172.37158203125,1646367,0.0,0.0
2023-10-25 00:00:00+05:30,1167.2047429185654,1187.7768915657884,1161.6115052061803,1165.119140625,1420065,0.0,0.0
2023-10-26 00:00:00+05:30,1151.8469843044818,1173.8410532701898,1149.0503650771816,1167.7738037109375,4617424,0.0,0.0
2023-10-27 00:00:00+05:30,1172.7034793937185,1203.9882124737449,1169.337954241932,1202.7557373046875,2675348,0.0,0.0
2023-10-30 00:00:00+05:30,1203.9881024998765,1208.5386550041922,1190.7157927085393,1199.010986328125,1158770,0.0,0.0
2023-10-31 00:00:00+05:30,1205.8840592243828,1213.3260092435517,1191.3792754294216,1209.6761474609375,2525870,0.0,0.0
2023-11-01 00:00:00+05:30,1213.4682398041057,1219.1089247849304,1190.0521411542757,1193.5123291015625,1572719,0.0,0.0
2023-11-02 00:00:00+05:30,1200.1960387446218,1208.7282380721902,1199.2480165971142,1207.21142578125,1368604,0.0,0.0
2023-11-03 00:00:00+05:30,1215.9331215789853,1220.3888948815008,1197.3519115753024,1200.4329833984375,2052536,0.0,0.0
2023-11-06 00:00:00+05:30,1209.913204322272,1212.9942761452276,1199.3901821643242,1203.70361328125,1175823,0.0,0.0
2023-11-07 00:00:00+05:30,1203.040124669923,1211.2878711966644,1201.2388594154158,1207.7327880859375,1385282,0.0,0.0
2023-11-08 00:00:00+05:30,1213.4681805895254,1214.2266444925315,1200.1010933077878,1201.7601318359375,937671,0.0,0.0
2023-11-09 00:00:00+05:30,1201.7602684558378,1209.4866719103659,1196.2143621763298,1201.6180419921875,1483749,0.0,0.0
2023-11-10 00:00:00+05:30,1196.6882573671164,1204.9360027559528,1185.6437775484778,1190.1942138671875,1469902,0.0,0.0
2023-11-13 00:00:00+05:30,1194.507910466024,1197.9207670651406,1188.1562083433726,1195.4559326171875,730991,0.0,0.0
2023-11-15 00:00:00+05:30,1208.7282208026397,1216.3123978743424,1202.4712978635564,1210.29248046875,2410620,0.0,0.0
2023-11-16 00:00:00+05:30,1217.0706972194282,1249.4455561341185,1211.5721232961787,1242.904296875,3936945,0.0,0.0
2023-11-17 00:00:00+05:30,1245.1323657863588,1256.8404166717562,1238.4962104654444,1241.103271484375,2882039,0.0,0.0
2023-11-20 00:00:00+05:30,1246.6015231938316,1262.4808922107952,1245.7009485546494,1256.5084228515625,2831858,0.0,0.0
2023-11-21 00:00:00+05:30,1266.1783172231476,1266.557549215289,1253.0956814344308,1257.6461181640625,1514256,0.0,0.0
2023-11-22 00:00:00+05:30,1257.6462373096704,1266.320663653267,1251.768545913386,1260.5850830078125,1535630,0.0,0.0
2023-11-23 00:00:00+05:30,1264.6140498825264,1265.8465249181422,1256.7928674593288,1259.92138671875,1307344,0.0,0.0
2023-11-24 00:00:00+05:30,1259.8267097112407,1263.3817929188733,1237.7851938239178,1241.103271484375,1795933,0.0,0.0
2023-11-28 00:00:00+05:30,1241.1032128270272,1251.2944508739133,1227.9731292791341,1248.21337890625,2152951,0.0,0.0
2023-11-29 00:00:00+05:30,1255.1812402186806,1269.2120133632297,1252.8111850067874,1264.614013671875,1835524,0.0,0.0
2023-11-30 00:00:00+05:30,1267.505571455011,1276.7962344992739,1260.5849637051665,1271.202880859375,4104385,0.0,0.0
2023-12-01 00:00:00+05:30,1276.0377209790538,1278.8817872219493,1258.9733235216818,1267.2210693359375,1854324,0.0,0.0
2023-12-04 00:00:00+05:30,1279.8298405745877,1279.8298405745877,1261.8174205961304,1268.4061279296875,1547057,0.0,0.0
2023-12-05 00:00:00+05:30,1276.9858568732473,1276.9858568732473,1240.2974453601296,1249.066650390625,3932040,0.0,0.0
2023-12-06 00:00:00+05:30,1256.1294457582921,1270.302331705191,1250.9627709319245,1260.4429931640625,2077245,0.0,0.0
2023-12-07 00:00:00+05:30,1261.8173327158731,1267.5054649444949,1256.4609850555187,1258.9732666015625,1985003,0.0,0.0
2023-12-08 00:00:00+05:30,1263.7135550847104,1298.742928044663,1259.9214663972843,1293.197021484375,4509751,0.0,0.0
2023-12-11 00:00:00+05:30,1298.8851566692044,1311.1146658515036,1295.045736302037,1303.81494140625,2824656,0.0,0.0
2023-12-12 00:00:00+05:30,1305.4265328109332,1314.9067545452174,1298.7903775969341,1303.81494140625,2730422,0.0,0.0
2023-12-13 00:00:00+05:30,1307.654308162434,1310.9250539618865,1286.513483996926,1298.0318603515625,1896931,0.0,0.0
2023-12-14 00:00:00+05:30,1318.698723370252,1345.4803473351765,1310.1665245849665,1341.072021484375,5145574,0.0,0.0
2023-12-15 00:00:00+05:30,1348.0874227391455,1419.189080056611,1348.0874227391455,1413.785400390625,7374290,0.0,0.0
2023-12-18 00:00:00+05:30,1412.410631053758,1431.4185194868555,1404.0206590384694,1426.109619140625,3075527,0.0,0.0
2023-12-19 00:00:00+05:30,1423.4551291346877,1426.4414217814387,1400.8921577207348,1410.9412841796875,2590417,0.0,0.0
2023-12-20 00:00:00+05:30,1407.8128118093568,1424.9246569231743,1360.411707034631,1365.1043701171875,4368383,0.0,0.0
2023-12-21 00:00:00+05:30,1347.2816446513177,1371.835440443197,1346.2861751457644,1348.1348876953125,2841508,0.0,0.0
2023-12-22 00:00:00+05:30,1356.6197402398411,1391.0803233545294,1349.0355627961521,1386.6719970703125,2303438,0.0,0.0
2023-12-26 00:00:00+05:30,1386.6719518530379,1391.080277993506,1367.1901661150519,1382.3585205078125,1363265,0.0,0.0
2023-12-27 00:00:00+05:30,1389.2790936807664,1399.2807742311697,1381.789810843427,1395.5361328125,1402329,0.0,0.0
2023-12-28 00:00:00+05:30,1394.1613433096122,1405.6323881191859,1392.1230725527644,1395.9151611328125,1928616,0.0,0.0
2023-12-29 00:00:00+05:30,1397.3370917483967,1404.8264892891416,1381.7896222920874,1389.8951416015625,1481617,0.0,0.0
2024-01-01 00:00:00+05:30,1384.1124025905644,1418.004196010162,1379.4197390226125,1406.6279296875,1222315,0.0,0.0
2024-01-02 00:00:00+05:30,1406.9123369855222,1411.4154422587967,1385.392164454867,1393.166015625,1440888,0.0,0.0
2024-01-03 00:00:00+05:30,1384.1124148925187,1388.8525259024245,1360.8858709439799,1363.0189208984375,1651716,0.0,0.0
2024-01-04 00:00:00+05:30,1362.307867365071,1369.7024866304755,1343.4896503102852,1346.14404296875,3392241,0.0,0.0
2024-01-05 00:00:00+05:30,1350.9314314686146,1364.0615138153626,1347.9925862364544,1358.3260498046875,1776925,0.0,0.0
2024-01-08 00:00:00+05:30,1360.411726995176,1377.0968929756207,1356.1930748984687,1372.6412353515625,2025264,0.0,0.0
2024-01-09 00:00:00+05:30,1384.6810132021087,1403.9732391941502,1376.859831119496,1384.491455078125,3119270,0.0,0.0
2024-01-10 00:00:00+05:30,1398.2378885941498,1429.6173985336018,1389.8479157332388,1414.5438232421875,4368914,0.0,0.0
2024-01-11 00:00:00+05:30,1422.0333042791528,1422.0333042791528,1397.384727004981,1407.6234130859375,2271368,0.0,0.0
2024-01-12 00:00:00+05:30,1426.773286329504,1474.174392187627,1420.611142567948,1460.7125244140625,5862043,0.0,0.0
2024-01-15 00:00:00+05:30,1526.3156101048583,1535.4165992933315,1493.6088470311827,1505.648681640625,9712071,0.0,0.0
2024-01-16 00:00:00+05:30,1504.5110961599705,1504.5110961599705,1458.0580125356237,1474.6009521484375,4459799,0.0,0.0
2024-01-17 00:00:00+05:30,1440.99346131028,1502.614892221575,1437.7228316520489,1493.9879150390625,3846289,0.0,0.0
2024-01-18 00:00:00+05:30,1495.030906437553,1501.8566195173212,1457.1574684460347,1486.0721435546875,3205598,0.0,0.0
2024-01-19 00:00:00+05:30,1499.8766972635915,1518.9834067828729,1488.4604849730608,1497.918212890625,2374099,12.0,0.0
2024-01-23 00:00:00+05:30,1489.2723745204582,1497.870393098155,1449.2916114577863,1455.5968017578125,3196630,0.0,0.0
2024-01-24 00:00:00+05:30,1461.7588846999924,1510.576507412582,1455.6447139276088,1505.990966796875,2136023,0.0,0.0
2024-01-25 00:00:00+05:30,1499.876664298097,1499.876664298097,1468.1117604204462,1481.0087890625,2641656,0.0,0.0
2024-01-29 00:00:00+05:30,1495.0998890276967,1517.645780963538,1481.0086919905348,1504.223388671875,2521598,0.0,0.0
2024-01-30 00:00:00+05:30,1509.4300609075492,1521.3239410060678,1485.5466738678729,1489.6546630859375,1939386,0.0,0.0
2024-01-31 00:00:00+05:30,1489.6545874924602,1510.6719670208352,1477.2829236628554,1505.608642578125,7025931,0.0,0.0
2024-02-01 00:00:00+05:30,1505.6086740342737,1525.6707185486898,1496.3896635885535,1506.9461669921875,2845408,0.0,0.0
2024-02-02 00:00:00+05:30,1514.015722147931,1541.815961417111,1504.6533877546615,1513.0125732421875,2337374,0.0,0.0
2024-02-05 00:00:00+05:30,1514.1590120751434,1517.55049987729,1482.1552715992925,1485.881103515625,1452864,0.0,0.0
2024-02-06 00:00:00+05:30,1496.0554470987297,1554.3309147060238,1488.4605762463334,1551.22607421875,4988311,0.0,0.0
2024-02-07 00:00:00+05:30,1555.286066210346,1557.1012268348245,1527.5335255683847,1543.2010498046875,3320199,0.0,0.0
2024-02-08 00:00:00+05:30,1553.3754850722014,1574.1062182687908,1545.0641130723761,1560.8271484375,3496692,0.0,0.0
2024-02-09 00:00:00+05:30,1566.750319193734,1573.1988342270008,1542.5325860590872,1557.7701416015625,3341297,0.0,0.0
2024-02-12 00:00:00+05:30,1565.794879468973,1609.7403123277727,1565.794879468973,1592.4964599609375,4885445,0.0,0.0
2024-02-13 00:00:00+05:30,1600.1869641422115,1600.1869641422115,1574.9660835927077,1591.206787109375,3129897,0.0,0.0
2024-02-14 00:00:00+05:30,1576.0647149389815,1602.0020966566576,1552.8500160274482,1596.84326171875,1386643,0.0,0.0
2024-02-15 00:00:00+05:30,1603.052977728437,1620.7266845746683,1576.3990938096892,1588.2930908203125,2555162,0.0,0.0
2024-02-16 00:00:00+05:30,1600.1869507128608,1602.0976216987867,1576.3513768106773,1592.97412109375,1776881,0.0,0.0
2024-02-19 00:00:00+05:30,1595.4102699223997,1607.78181788324,1585.5225709144652,1600.42578125,762624,0.0,0.0
2024-02-20 00:00:00+05:30,1586.8122675283803,1598.037459667729,1571.5268995088413,1588.770751953125,2240414,0.0,0.0
2024-02-21 00:00:00+05:30,1581.6057851453818,1590.442638807976,1559.155400164737,1563.215576171875,2890991,0.0,0.0
2024-02-22 00:00:00+05:30,1570.5715115661692,1615.854436135675,1565.7948342195568,1611.0777587890625,3820901,0.0,0.0
2024-02-23 00:00:00+05:30,1621.2043318160927,1621.5386759150624,1589.1527793748448,1591.35009765625,2191549,0.0,0.0
2024-02-26 00:00:00+05:30,1591.3499801001276,1594.3114965863906,1566.2724252583876,1576.1124267578125,1844253,0.0,0.0
2024-02-27 00:00:00+05:30,1575.3482367581164,1598.6584462411656,1574.3929012597791,1584.7105712890625,2049420,0.0,0.0
2024-02-28 00:00:00+05:30,1590.3468761264228,1597.3208715549722,1570.7624994117834,1578.11865234375,936575,0.0,0.0
2024-02-29 00:00:00+05:30,1568.804178879285,1602.8140985802252,1563.549833749086,1589.534912109375,3532888,0.0,0.0
2024-03-01 00:00:00+05:30,1600.6168596606542,1604.1993678815231,1565.8904366299873,1570.6671142578125,2371138,0.0,0.0
2024-03-04 00:00:00+05:30,1575.3482520532361,1580.1249295912994,1561.9735549466593,1564.791748046875,1788071,0.0,0.0
2024-03-05 00:00:00+05:30,1551.4647941705366,1557.1489935364218,1535.2719046963532,1547.0224609375,3339546,0.0,0.0
2024-03-06 00:00:00+05:30,1540.9560327102713,1576.3034432560123,1532.214690292233,1570.762451171875,2366177,0.0,0.0
2024-03-07 00:00:00+05:30,1576.3034964666958,1580.650319422373,1557.2922976402356,1564.505126953125,3181239,0.0,0.0
2024-03-11 00:00:00+05:30,1581.080160410363,1585.6658171905137,1559.155258609615,1565.46044921875,2970902,0.0,0.0
2024-03-12 00:00:00+05:30,1562.8334002328822,1590.6336405366585,1560.110717324954,1562.5467529296875,2414182,0.0,0.0
2024-03-13 00:00:00+05:30,1565.5559426394484,1577.4976355657598,1538.4243929872493,1558.6297607421875,2564135,0.0,0.0
2024-03-14 00:00:00+05:30,1561.0181407715497,1607.8295782855068,1538.0900897443055,1604.2470703125,3513306,0.0,0.0
2024-03-15 00:00:00+05:30,1602.0974128178789,1602.0974128178789,1569.4726866631759,1573.7239990234375,3931561,0.0,0.0
2024-03-18 00:00:00+05:30,1576.2079713977585,1589.0094896630064,1561.2569483848488,1569.998291015625,1183544,0.0,0.0
2024-03-19 00:00:00+05:30,1568.2309784654958,1568.2309784654958,1522.900240702138,1527.7247314453125,1915379,0.0,0.0
2024-03-20 00:00:00+05:30,1533.0745848774793,1546.7836254535273,1507.6148714544765,1516.212890625,1815178,0.0,0.0
2024-03-21 00:00:00+05:30,1536.179460335717,1547.5956727376133,1512.630417299861,1524.5244140625,2684744,0.0,0.0
2024-03-22 00:00:00+05:30,1490.323403861194,1501.2619488640871,1440.8369775216381,1488.2694091796875,7468824,0.0,0.0
2024-03-26 00:00:00+05:30,1492.4727783203125,1521.4194885509112,1486.07207757453,1492.4727783203125,4496344,0.0,0.0
2024-03-27 00:00:00+05:30,1498.9213436734938,1506.4207037455637,1471.2166152053414,1477.1396484375,2589697,0.0,0.0
2024-03-28 00:00:00+05:30,1479.814686112716,1491.3265255086067,1462.6186471520775,1474.608154296875,5301493,0.0,0.0
2024-04-01 00:00:00+05:30,1479.8146179497865,1498.9213270259618,1478.8592824959776,1487.170654296875,1014857,0.0,0.0
2024-04-02 00:00:00+05:30,1489.3680601515962,1495.1000732118334,1456.982163037636,1460.039306640625,2031775,0.0,0.0
2024-04-03 00:00:00+05:30,1457.2210519609805,1488.8426352141578,1450.1993590205698,1467.2520751953125,3343884,0.0,0.0
2024-04-04 00:00:00+05:30,1471.9808612046243,1483.1582389669934,1450.8678551364487,1470.8822021484375,3388449,0.0,0.0
2024-04-05 00:00:00+05:30,1473.5571916937306,1478.5727030563617,1455.7402779571526,1476.232177734375,2773570,0.0,0.0
2024-04-08 00:00:00+05:30,1484.5912871579071,1484.5912871579071,1468.971575896564,1471.264404296875,1820136,0.0,0.0
2024-04-09 00:00:00+05:30,1471.2166681880883,1492.0430287096804,1466.0101363667418,1471.6943359375,2432095,0.0,0.0
2024-04-10 00:00:00+05:30,1472.2197016446491,1482.8239015262939,1467.5862315442707,1470.404541015625,1829986,0.0,0.0
2024-04-12 00:00:00+05:30,1468.350545742149,1474.0347448640498,1448.4795222885116,1453.5428466796875,4319991,0.0,0.0
2024-04-15 00:00:00+05:30,1439.786126617536,1462.141000918944,1427.2712547356434,1437.8277587890625,3295684,0.0,0.0
2024-04-16 00:00:00+05:30,1419.9628547179536,1434.5317206580983,1401.763783957026,1411.317138671875,2446933,0.0,0.0
2024-04-18 00:00:00+05:30,1411.0783544273777,1414.7563727983193,1387.2426636047403,1401.3338623046875,5180223,0.0,0.0
2024-04-19 00:00:00+05:30,1377.593799249784,1390.4908285770186,1370.9064507097366,1382.84814453125,5219506,0.0,0.0
2024-04-22 00:00:00+05:30,1387.3381038014415,1407.495775235616,1385.7140801720225,1400.42626953125,1939632,0.0,0.0
2024-04-23 00:00:00+05:30,1409.0244409575496,1434.3885301081023,1405.394119181816,1420.2496337890625,2783858,0.0,0.0
2024-04-24 00:00:00+05:30,1423.4499104473866,1430.0894455971982,1410.3618606025955,1413.1800537109375,1321471,0.0,0.0
2024-04-25 00:00:00+05:30,1413.8485866546544,1447.3809526805687,1413.8485866546544,1436.9677734375,4558032,0.0,0.0
2024-04-26 00:00:00+05:30,1449.100667810447,1463.04854315219,1399.518730738032,1408.021240234375,4328477,0.0,0.0
2024-04-29 00:00:00+05:30,1351.7996070768402,1371.8616507154363,1319.3182030905416,1325.432373046875,11493223,0.0,0.0
2024-04-30 00:00:00+05:30,1314.923735415253,1335.4634475701282,1301.5967359299527,1305.5614013671875,7606726,0.0,0.0
2024-05-02 00:00:00+05:30,1297.3456894653864,1316.3568904181404,1297.3456894653864,1299.925048828125,6555505,0.0,0.0
2024-05-03 00:00:00+05:30,1308.8096558016653,1308.8096558016653,1273.9877229204612,1287.840087890625,5964228,0.0,0.0
2024-05-06 00:00:00+05:30,1297.3454262713485,1304.0327738294484,1288.2697402996419,1298.1097412109375,2504082,0.0,0.0
2024-05-07 00:00:00+05:30,1305.0320952364607,1305.9519187601768,1283.9262640681625,1288.5733642578125,5096525,18.0,0.0
2024-05-08 00:00:00+05:30,1288.5734501995846,1291.5263876396994,1265.6765439461699,1271.8243408203125,6832455,0.0,0.0
2024-05-09 00:00:00+05:30,1273.1312492775469,1296.3671047776693,1272.6471689546277,1278.0205078125,5653762,0.0,0.0
2024-05-10 00:00:00+05:30,1278.0689412603963,1280.7798385465285,1262.0942894000805,1274.2930908203125,3357203,0.0,0.0
2024-05-13 00:00:00+05:30,1274.2930037748672,1279.811590405308,1260.2063371886777,1271.09814453125,2316566,0.0,0.0
2024-05-14 00:00:00+05:30,1279.9084749440078,1284.7008232461576,1267.0318900633072,1278.98876953125,3200462,0.0,0.0
2024-05-15 00:00:00+05:30,1277.2458877169279,1297.6257158783555,1276.2777271046734,1290.4613037109375,2975965,0.0,0.0
2024-05-16 00:00:00+05:30,1302.1761003328038,1314.5686041744968,1286.2014492878288,1305.225830078125,5055915,0.0,0.0
2024-05-17 00:00:00+05:30,1307.9850155298127,1307.9850155298127,1287.8472270846048,1290.751708984375,2487831,0.0,0.0
2024-05-21 00:00:00+05:30,1272.1630988156387,1306.8716346100612,1272.1630988156387,1299.1748046875,4966721,0.0,0.0
2024-05-22 00:00:00+05:30,1306.0001386882273,1309.8244438061774,1297.3351489593144,1300.2880859375,2390777,0.0,0.0
2024-05-23 00:00:00+05:30,1303.773525492116,1315.197749923609,1295.3989124735465,1310.453857421875,3326149,0.0,0.0
2024-05-24 00:00:00+05:30,1316.6985768807967,1316.6985768807967,1298.1582754887168,1302.3697509765625,1769966,0.0,0.0
2024-05-27 00:00:00+05:30,1307.9850971935105,1316.3112555226253,1295.399008175364,1310.2119140625,1942325,0.0,0.0
2024-05-28 00:00:00+05:30,1314.617122488091,1319.8936697737379,1302.7571526534043,1315.149658203125,2147233,0.0,0.0
2024-05-29 00:00:00+05:30,1322.5074848472136,1323.088357616707,1304.0639766759837,1310.0181884765625,3845920,0.0,0.0
2024-05-30 00:00:00+05:30,1303.1441986010743,1308.5175373323698,1282.9096179429714,1289.4447021484375,4150461,0.0,0.0
2024-05-31 00:00:00+05:30,1289.444650779584,1298.2065513424352,1273.8572890064715,1281.94140625,10319045,0.0,0.0
2024-06-03 00:00:00+05:30,1307.549324454113,1311.6155516348758,1268.145117761268,1272.5986328125,5384064,0.0,0.0
2024-06-04 00:00:00+05:30,1282.8127736175682,1282.8127736175682,1195.6783210699598,1262.0457763671875,5447244,0.0,0.0
2024-06-05 00:00:00+05:30,1277.971999320469,1313.6971493018427,1274.1961493221067,1300.9173583984375,3005139,0.0,0.0
2024-06-06 00:00:00+05:30,1310.8895280704942,1355.2313333835714,1307.8882536739804,1353.0045166015625,5936709,0.0,0.0
2024-06-07 00:00:00+05:30,1362.202060690136,1392.844369487385,1353.4886146729284,1385.9219970703125,5884025,0.0,0.0
2024-06-10 00:00:00+05:30,1394.1514179515418,1396.0877393653634,1353.0045879078332,1373.5780029296875,3293739,0.0,0.0
2024-06-11 00:00:00+05:30,1379.6289256565508,1392.1665587951884,1370.3346070572834,1383.3079833984375,2269082,0.0,0.0
2024-06-12 00:00:00+05:30,1425.13237945265,1425.13237945265,1388.8263575576266,1392.9410400390625,5990861,0.0,0.0
2024-06-13 00:00:00+05:30,1401.6545440644531,1411.2876950043794,1391.343609777202,1398.169189453125,4232861,0.0,0.0
2024-06-14 00:00:00+05:30,1398.1693320323723,1399.9604057335384,1379.0481577493588,1385.4864501953125,3065114,0.0,0.0
2024-06-18 00:00:00+05:30,1385.4863362763874,1393.9092866021117,1381.6136937020458,1391.4404296875,2223029,0.0,0.0
2024-06-19 00:00:00+05:30,1394.199802571394,1405.672482729861,1384.7602361576203,1399.8150634765625,3117522,0.0,0.0
2024-06-20 00:00:00+05:30,1402.8164612347034,1402.8164612347034,1384.0342373682765,1397.4915771484375,3163919,0.0,0.0
2024-06-21 00:00:00+05:30,1415.450839307712,1434.7655965788326,1393.376729697571,1401.7513427734375,6489262,0.0,0.0
2024-06-24 00:00:00+05:30,1392.069761226038,1397.975517529953,1381.1779539584468,1394.9742431640625,1988692,0.0,0.0
2024-06-25 00:00:00+05:30,1395.0710200845267,1403.9297135337636,1381.0326908734569,1401.84814453125,2079037,0.0,0.0
2024-06-26 00:00:00+05:30,1401.8480809506755,1407.0278346612529,1392.408515185155,1397.7333984375,1917424,0.0,0.0
2024-06-27 00:00:00+05:30,1389.3104843956992,1414.0470354157242,1378.1766373082073,1408.576904296875,6613193,0.0,0.0
2024-06-28 00:00:00+05:30,1421.2600155406317,1421.9376808086267,1396.0878354288766,1413.12744140625,4943575,0.0,0.0
2024-07-01 00:00:00+05:30,1418.3552470123586,1431.5222072386755,1408.673641230704,1422.0826416015625,3723295,0.0,0.0
2024-07-02 00:00:00+05:30,1428.0369646832,1444.9313208224235,1426.100643375155,1433.65234375,3811366,0.0,0.0
2024-07-03 00:00:00+05:30,1441.591109868886,1441.591109868886,1424.3578041967187,1433.8458251953125,2070876,0.0,0.0
2024-07-04 00:00:00+05:30,1437.7186165989808,1485.6910257933134,1437.7186165989808,1473.87939453125,6822557,0.0,0.0
2024-07-05 00:00:00+05:30,1474.5086701333864,1480.559674196639,1457.6143140622544,1471.0233154296875,3061687,0.0,0.0
2024-07-08 00:00:00+05:30,1479.3494236767206,1490.9673510877942,1458.2434749398024,1484.5775146484375,2939620,0.0,0.0
2024-07-09 00:00:00+05:30,1484.5776469705272,1497.0669436873504,1476.4450734211764,1482.350830078125,2658608,0.0,0.0
2024-07-10 00:00:00+05:30,1482.3507671625773,1483.8030081567638,1440.4778184968661,1461.8741455078125,3507096,0.0,0.0
2024-07-11 00:00:00+05:30,1466.7633592871011,1485.1584113177644,1460.0346901598796,1463.7620849609375,3304053,0.0,0.0
2024-07-12 00:00:00+05:30,1481.2857661254168,1516.1395488577796,1462.4066338120538,1510.524169921875,6430647,0.0,0.0
2024-07-15 00:00:00+05:30,1529.69377196416,1584.2980542963232,1517.4949718497871,1519.6248779296875,10337489,0.0,0.0
2024-07-16 00:00:00+05:30,1515.1714817377904,1532.598374179503,1505.4898748257278,1519.57666015625,3540650,0.0,0.0
2024-07-18 00:00:00+05:30,1508.4427752843935,1548.3309475122553,1507.42615931004,1543.7806396484375,4399468,0.0,0.0
2024-07-19 00:00:00+05:30,1559.222755021721,1564.9832637199238,1538.0200127665594,1543.7806396484375,5633838,0.0,0.0
2024-07-22 00:00:00+05:30,1538.0199556613914,1543.7321270243367,1520.8835597562265,1526.8861083984375,2704495,0.0,0.0
2024-07-23 00:00:00+05:30,1535.5687789295037,1561.7144703235665,1513.2278878704453,1559.32421875,2907674,12.0,0.0
2024-07-24 00:00:00+05:30,1555.0804201124276,1558.9827549182305,1538.3491358145866,1545.0318603515625,2484299,0.0,0.0
2024-07-25 00:00:00+05:30,1531.66642049102,1555.0804294666789,1524.6909731657267,1548.836669921875,2934731,0.0,0.0
2024-07-26 00:00:00+05:30,1563.665718098553,1599.957386797297,1555.0805332651778,1595.4208984375,2814159,0.0,0.0
2024-07-29 00:00:00+05:30,1600.1524493894349,1604.835299113961,1580.4457049025027,1592.494140625,1639491,0.0,0.0
2024-07-30 00:00:00+05:30,1589.225954862775,1593.1282899268947,1578.4945334364456,1590.4454345703125,1783877,0.0,0.0
2024-07-31 00:00:00+05:30,1581.4213106112813,1604.8353213791227,1579.6652121677664,1602.493896484375,1984986,0.0,0.0
2024-08-01 00:00:00+05:30,1600.0062266644925,1615.0789484355907,1596.1525992780619,1600.4940185546875,1785188,0.0,0.0
2024-08-02 00:00:00+05:30,1580.4944831967132,1598.9817474054087,1562.0559267210558,1570.0069580078125,1692851,0.0,0.0
2024-08-05 00:00:00+05:30,1536.544406630393,1556.7389426244672,1499.4722241212153,1524.2520751953125,3279717,0.0,0.0
2024-08-06 00:00:00+05:30,1524.8374449941261,1565.8119636695922,1524.8374449941261,1544.105224609375,2138704,0.0,0.0
2024-08-07 00:00:00+05:30,1565.8118659602726,1575.5677031313646,1551.1781102036346,1555.665771484375,1897787,0.0,0.0
2024-08-08 00:00:00+05:30,1558.0073628494551,1562.8852819566857,1516.593877264996,1519.813232421875,2373805,0.0,0.0
2024-08-09 00:00:00+05:30,1546.2027678607064,1562.885226800728,1537.3736869522784,1551.12939453125,2021762,0.0,0.0
2024-08-12 00:00:00+05:30,1551.1782124147414,1561.421842119367,1535.4225105272824,1546.544189453125,1273739,0.0,0.0
2024-08-13 00:00:00+05:30,1539.4711024896242,1569.128871247817,1539.1296720072874,1553.763427734375,1973825,0.0,0.0
2024-08-14 00:00:00+05:30,1561.0316721475033,1589.957756702532,1559.2268658688888,1586.4456787109375,3932148,0.0,0.0
2024-08-16 00:00:00+05:30,1595.079538330188,1633.1273071343942,1592.8356479186266,1627.5177001953125,3101056,0.0,0.0
2024-08-19 00:00:00+05:30,1624.346832193574,1643.8585058535568,1618.542156915651,1637.5172119140625,1631947,0.0,0.0
2024-08-20 00:00:00+05:30,1638.9807275455757,1653.6633108657643,1628.444375232571,1645.56591796875,2786109,0.0,0.0
2024-08-21 00:00:00+05:30,1644.8342094108662,1647.6145992920854,1632.8833084231537,1636.2978515625,1410370,0.0,0.0
2024-08-22 00:00:00+05:30,1645.8097913476354,1645.8097913476354,1632.1516188053313,1635.2247314453125,1749127,0.0,0.0
2024-08-23 00:00:00+05:30,1635.1272858329564,1644.7854702413908,1616.6887280798928,1620.8836669921875,2158185,0.0,0.0
2024-08-26 00:00:00+05:30,1630.2004228533635,1691.6621982212641,1626.3956224650074,1677.4674072265625,2672708,0.0,0.0
2024-08-27 00:00:00+05:30,1683.7111501303102,1713.954245644055,1663.467787810626,1669.80908203125,3556487,0.0,0.0
2024-08-28 00:00:00+05:30,1670.7359747200226,1695.3206372312582,1651.7120918680532,1677.4674072265625,2516461,0.0,0.0
2024-08-29 00:00:00+05:30,1672.1505938720613,1713.125112508366,1655.809565606392,1709.076416015625,5112407,0.0,0.0
2024-08-30 00:00:00+05:30,1709.0765416062918,1723.1737996745549,1699.6621336479357,1710.4423828125,4792561,0.0,0.0
2024-09-02 00:00:00+05:30,1721.1248494169738,1767.7578015303568,1717.0274451950486,1762.5384521484375,4445349,0.0,0.0
2024-09-03 00:00:00+05:30,1761.9043848772847,1772.7821683250286,1743.417119061705,1746.7340087890625,2553290,0.0,0.0
2024-09-04 00:00:00+05:30,1722.0028523028757,1751.806983483921,1721.9053177458952,1741.660888671875,2644961,0.0,0.0
2024-09-05 00:00:00+05:30,1748.2460917798562,1753.8068715564,1724.1492206284142,1746.83154296875,2878565,0.0,0.0
2024-09-06 00:00:00+05:30,1744.3438027228053,1751.9045770355021,1697.564607998241,1713.22265625,3351716,0.0,0.0
2024-09-09 00:00:00+05:30,1715.4177000750983,1723.1736625091396,1698.6377068483064,1704.1009521484375,1418238,0.0,0.0
2024-09-10 00:00:00+05:30,1706.7349289877918,1745.6120363597045,1704.4911578361548,1735.6610107421875,2307528,0.0,0.0
2024-09-11 00:00:00+05:30,1734.783083416975,1752.9777452926023,1730.3929562716944,1735.3197021484375,2303930,0.0,0.0
2024-09-12 00:00:00+05:30,1756.0509186371912,1769.9041615816213,1733.7100247987864,1763.46533203125,3349489,0.0,0.0
2024-09-13 00:00:00+05:30,1760.9287289321312,1775.5624856822599,1751.807044375848,1768.538330078125,1599349,0.0,0.0
2024-09-16 00:00:00+05:30,1774.5868980490375,1779.708712900471,1764.0505455758762,1767.6114501953125,836199,0.0,0.0
2024-09-17 00:00:00+05:30,1767.708989443835,1783.3671568099587,1763.0749664707237,1769.465087890625,830317,0.0,0.0
2024-09-18 00:00:00+05:30,1763.9528887734398,1763.9528887734398,1697.6131962474649,1713.61279296875,2629136,0.0,0.0
2024-09-19 00:00:00+05:30,1732.636754741938,1732.636754741938,1679.4674399145529,1694.1011962890625,4167373,0.0,0.0
2024-09-20 00:00:00+05:30,1705.320340427775,1722.9783819197344,1679.3698373261836,1717.076171875,4644317,0.0,0.0
2024-09-23 00:00:00+05:30,1720.9297865900667,1720.9297865900667,1690.1988975438155,1710.0032958984375,1541597,0.0,0.0
2024-09-24 00:00:00+05:30,1707.2716604168306,1739.9537179162385,1695.9060852595203,1732.24658203125,1907389,0.0,0.0
2024-09-25 00:00:00+05:30,1735.3684154954642,1740.4902301633654,1712.1494746983872,1738.8804931640625,2240579,0.0,0.0
2024-09-26 00:00:00+05:30,1738.7341337674675,1764.2456725794093,1735.4659520317082,1740.2950439453125,4303250,0.0,0.0
2024-09-27 00:00:00+05:30,1765.8066377655327,1783.9037644791117,1752.6850835904393,1764.2457275390625,4099016,0.0,0.0
2024-09-30 00:00:00+05:30,1763.8554422692234,1776.2453084147241,1745.46571216751,1752.2459716796875,2117894,0.0,0.0
2024-10-01 00:00:00+05:30,1746.2948585718157,1777.9525026457552,1746.2948585718157,1772.1478271484375,1642542,0.0,0.0
2024-10-03 00:00:00+05:30,1734.5880150573628,1765.1238359617362,1726.7833445734152,1735.1246337890625,3552386,0.0,0.0
2024-10-04 00:00:00+05:30,1734.588009116727,1763.757988768544,1724.1004831898404,1733.22216796875,2982759,0.0,0.0
2024-10-07 00:00:00+05:30,1741.3682690907037,1760.1482573800047,1724.7346366312152,1733.5635986328125,3419048,0.0,0.0
2024-10-08 00:00:00+05:30,1730.6854584030452,1750.197132116721,1700.4423641468477,1745.7581787109375,2353030,0.0,0.0
2024-10-09 00:00:00+05:30,1749.2705413782126,1780.4403954600664,1746.44132460308,1765.513916015625,2499596,0.0,0.0
2024-10-10 00:00:00+05:30,1775.5624760865635,1795.025324823124,1753.124049190964,1764.4896240234375,3753869,0.0,0.0
2024-10-11 00:00:00+05:30,1759.9532012825396,1807.5617390640266,1756.685019322069,1794.7327880859375,2977110,0.0,0.0
2024-10-14 00:00:00+05:30,1800.9764612103236,1819.9515178478582,1787.6597189690835,1810.5859375,1751092,0.0,0.0
2024-10-15 00:00:00+05:30,1785.318323099449,1836.7803676587362,1785.2694962743662,1824.439208984375,5696544,0.0,0.0
2024-10-16 00:00:00+05:30,1823.3660807684334,1838.975421213749,1808.7811509257683,1819.7076416015625,2144442,0.0,0.0
2024-10-17 00:00:00+05:30,1824.2442589008856,1831.2197072232855,1806.2446654740081,1822.195556640625,2399099,0.0,0.0
2024-10-18 00:00:00+05:30,1821.4148956274817,1828.1464474474958,1798.0008851855644,1812.3419189453125,2366406,0.0,0.0
2024-10-21 00:00:00+05:30,1829.5122580375794,1842.3899159299972,1795.0741039508578,1798.586181640625,1284980,0.0,0.0
2024-10-22 00:00:00+05:30,1796.818726825446,1818.618533873097,1786.704331739795,1789.895751953125,2089660,12.0,0.0
2024-10-23 00:00:00+05:30,1761.1729835035935,1831.3842287338732,1761.1729835035935,1812.481201171875,2522186,0.0,0.0
2024-10-24 00:00:00+05:30,1811.7446579434268,1829.3710688626625,1804.576189397583,1811.646484375,1621637,0.0,0.0
2024-10-25 00:00:00+05:30,1826.4742941935758,1837.8161583232807,1807.0311327912382,1818.962158203125,4078295,0.0,0.0
2024-10-28 00:00:00+05:30,1811.8429031739315,1842.9715972793617,1811.8429031739315,1838.0125732421875,2418907,0.0,0.0
2024-10-29 00:00:00+05:30,1838.0125732421875,1842.0877953884724,1817.8329295254334,1838.0125732421875,1719955,0.0,0.0
2024-10-30 00:00:00+05:30,1827.456301046573,1835.753945599275,1802.2195800870716,1805.656494140625,1732047,0.0,0.0
2024-10-31 00:00:00+05:30,1806.8348092639756,1810.6645374532732,1724.889006759235,1734.2177734375,3616088,0.0,0.0
2024-11-01 00:00:00+05:30,1744.9704505661434,1749.192993132868,1719.4390877553838,1725.7237548828125,242223,0.0,0.0
2024-11-04 00:00:00+05:30,1731.2227307052458,1749.9784379600899,1713.5471724791003,1731.173583984375,2843690,0.0,0.0
2024-11-05 00:00:00+05:30,1737.1146052680303,1751.2059292790939,1729.7497892479566,1741.5826416015625,1818350,0.0,0.0
2024-11-06 00:00:00+05:30,1758.816304570156,1819.6006123568434,1750.862326946709,1805.2637939453125,3477029,0.0,0.0
2024-11-07 00:00:00+05:30,1816.703660438418,1828.9783530986865,1781.499745992731,1798.9298095703125,2173869,0.0,0.0
2024-11-08 00:00:00+05:30,1805.8036992618015,1820.7297979695456,1795.1002627917696,1804.3798828125,1521324,0.0,0.0
2024-11-11 00:00:00+05:30,1813.413911193567,1840.2218873836189,1800.942871644374,1833.6427001953125,1679869,0.0,0.0
2024-11-12 00:00:00+05:30,1856.915652564363,1858.8304568228457,1830.8441553431608,1839.0927734375,2711052,0.0,0.0
2024-11-13 00:00:00+05:30,1832.3662633071206,1845.7211059895817,1825.590608455929,1831.1387939453125,1254074,0.0,0.0
2024-11-14 00:00:00+05:30,1838.2580650329862,1862.807451585243,1813.0703704563605,1825.4432373046875,2462563,0.0,0.0
2024-11-18 00:00:00+05:30,1825.4431905241524,1831.4333365854352,1782.2854180193076,1801.9249267578125,2483933,0.0,0.0
2024-11-19 00:00:00+05:30,1803.8887988463953,1831.3841098794376,1784.543931531879,1787.7353515625,2354204,0.0,0.0
2024-11-21 00:00:00+05:30,1801.9249674557823,1806.3930037427258,1787.391682713023,1803.2506103515625,1841245,0.0,0.0
2024-11-22 00:00:00+05:30,1813.0703799588603,1867.717338684605,1803.3979455805872,1864.1822509765625,2765950,0.0,0.0
2024-11-25 00:00:00+05:30,1884.410882926456,1885.3437116531522,1844.6408773201395,1857.6029052734375,6531524,0.0,0.0
2024-11-26 00:00:00+05:30,1856.031783465997,1880.4338495480074,1855.0989547317952,1865.3115234375,2079873,0.0,0.0
2024-11-27 00:00:00+05:30,1862.561933793681,1882.4469366455708,1853.085846732227,1856.9647216796875,1631975,0.0,0.0
2024-11-28 00:00:00+05:30,1851.1218948248643,1866.2443407125672,1801.924948806925,1807.7186279296875,3631255,0.0,0.0
2024-11-29 00:00:00+05:30,1808.7987467787323,1838.5526503333722,1800.893796598591,1814.73974609375,2482280,0.0,0.0
2024-12-02 00:00:00+05:30,1814.7398130486044,1844.6900648467526,1802.3668262457866,1837.76708984375,2014744,0.0,0.0
2024-12-03 00:00:00+05:30,1850.0417097939805,1862.1200555288713,1838.3071513555676,1856.6700439453125,2954648,0.0,0.0
2024-12-04 00:00:00+05:30,1848.0778604859822,1876.5551495157874,1843.7571443833112,1863.44580078125,3730643,0.0,0.0
2024-12-05 00:00:00+05:30,1851.0237575221704,1903.166630908599,1850.041782053989,1889.32080078125,3881814,0.0,0.0
2024-12-06 00:00:00+05:30,1891.2846341744316,1904.3939818858996,1880.7775452659248,1888.0440673828125,2250408,0.0,0.0
2024-12-09 00:00:00+05:30,1880.4830265128228,1891.3339034127846,1866.7353699221285,1875.4749755859375,1379520,0.0,0.0
2024-12-10 00:00:00+05:30,1881.9067848784712,1907.7819336300388,1877.7333892566116,1901.4481201171875,2695207,0.0,0.0
2024-12-11 00:00:00+05:30,1891.5302256938376,1899.9261638065211,1881.4649772508203,1896.096435546875,1387117,0.0,0.0
2024-12-12 00:00:00+05:30,1890.2535576530174,1913.8701147128081,1886.8657903646283,1901.30078125,2306173,0.0,0.0
2024-12-13 00:00:00+05:30,1904.0504375198796,1939.4015544619713,1877.8807672540152,1933.3133544921875,2569918,0.0,0.0
2024-12-16 00:00:00+05:30,1935.3262998352282,1944.3113992147003,1915.0976294537722,1919.1728515625,1371189,0.0,0.0
2024-12-17 00:00:00+05:30,1910.2368862292603,1927.8141508458582,1903.0684175135166,1915.4412841796875,1987909,0.0,0.0
2024-12-18 00:00:00+05:30,1913.8701058154438,1936.4063939005007,1911.660661106319,1925.0155029296875,3460812,0.0,0.0
2024-12-19 00:00:00+05:30,1875.5730820145889,1911.120544835642,1875.5730820145889,1899.385986328125,1916115,0.0,0.0
2024-12-20 00:00:00+05:30,1919.3692430848741,1922.3643162373003,1862.218318279991,1876.8988037109375,3786921,0.0,0.0
2024-12-23 00:00:00+05:30,1883.9199607797004,1904.4432723118532,1864.9187591915077,1868.6993408203125,2058339,0.0,0.0
2024-12-24 00:00:00+05:30,1874.1983388635372,1888.9771174836237,1855.1971376877484,1862.75830078125,1310301,0.0,0.0
2024-12-26 00:00:00+05:30,1871.2524252031235,1874.4929921909663,1852.30037061953,1866.4898681640625,1065107,0.0,0.0
2024-12-27 00:00:00+05:30,1865.7533867414606,1868.6011395689186,1848.7651632194256,1857.8975830078125,1328546,0.0,0.0
2024-12-30 00:00:00+05:30,1853.9696713533856,1933.4605370155643,1832.0225437623808,1894.1815185546875,6262203,0.0,0.0
2024-12-31 00:00:00+05:30,1880.6793038022229,1893.0522901703023,1844.6900000315704,1882.8397216796875,1968650,0.0,0.0
2025-01-01 00:00:00+05:30,1882.8397531674682,1902.03730130684,1873.5109863857126,1877.4879150390625,880695,0.0,0.0
2025-01-02 00:00:00+05:30,1877.487837021909,1940.6780505454012,1875.6221796391235,1936.65185546875,3487645,0.0,0.0
2025-01-03 00:00:00+05:30,1944.3113567058592,1956.1932354672742,1906.0143148313498,1911.5625,2853344,0.0,0.0
2025-01-06 00:00:00+05:30,1916.0795642407777,1937.830344062543,1895.2125862829985,1917.84716796875,1789037,0.0,0.0
2025-01-07 00:00:00+05:30,1924.671915411818,1945.2934002198017,1874.4929930197345,1881.3668212890625,2494547,0.0,0.0
2025-01-08 00:00:00+05:30,1871.9399034107066,1903.5594658838668,1860.401691533412,1897.422119140625,2372138,0.0,0.0
2025-01-09 00:00:00+05:30,1892.0703438656803,1909.4021146516764,1885.392862861692,1899.9261474609375,2742139,0.0,0.0
2025-01-10 00:00:00+05:30,1901.1045545608292,1966.258604551235,1900.3680729410355,1959.1392822265625,4802079,0.0,0.0
2025-01-13 00:00:00+05:30,1958.9428571845715,1975.9309606169663,1929.9745812911876,1953.5419921875,5694121,0.0,0.0
2025-01-14 00:00:00+05:30,1901.202588157621,1904.0503408518314,1765.3463126696133,1780.861572265625,15819311,0.0,0.0
2025-01-15 00:00:00+05:30,1802.9068752660278,1810.3208376520959,1779.8795995620922,1792.79248046875,3350594,0.0,0.0
2025-01-16 00:00:00+05:30,1799.961057509982,1804.821788195171,1753.1208749925229,1759.945556640625,5362008,0.0,0.0
2025-01-17 00:00:00+05:30,1752.7782695740177,1772.6489973946605,1730.0900712086216,1768.4969482421875,2424374,12.0,0.0
2025-01-20 00:00:00+05:30,1769.6830982942165,1778.4816140166788,1742.4967478854014,1775.7135009765625,3401004,0.0,0.0
2025-01-21 00:00:00+05:30,1770.968355125492,1799.9835819190732,1770.968355125492,1781.8428955078125,4005357,0.0,0.0
2025-01-22 00:00:00+05:30,1787.5766539240963,1810.5614776858708,1783.474082999379,1806.854248046875,3009261,0.0,0.0
2025-01-23 00:00:00+05:30,1796.3258045194355,1808.0899833130388,1783.622267803205,1786.390380859375,3750930,0.0,0.0
2025-01-24 00:00:00+05:30,1779.4702086405914,1808.5349128506639,1770.6716929178147,1772.4017333984375,3171259,0.0,0.0
2025-01-27 00:00:00+05:30,1754.7553748516682,1759.451199094229,1687.8275702341791,1692.4244384765625,4174844,0.0,0.0
2025-01-28 00:00:00+05:30,1692.4244142012706,1710.762891619874,1671.713406373422,1673.937744140625,5079829,0.0,0.0
2025-01-29 00:00:00+05:30,1676.6563681646305,1704.435851072315,1676.6563681646305,1699.39404296875,3733620,0.0,0.0
2025-01-30 00:00:00+05:30,1702.3599175271836,1713.184980229785,1678.4853335725943,1693.5614013671875,2543744,0.0,0.0
2025-01-31 00:00:00+05:30,1689.5576528815445,1718.3750889884643,1689.5576528815445,1705.7705078125,2033832,0.0,0.0
2025-02-01 00:00:00+05:30,1706.3142254141455,1712.1963148261327,1668.7476318071133,1674.67919921875,569018,0.0,0.0
2025-02-03 00:00:00+05:30,1646.0099727549452,1681.203915604366,1642.549891731136,1672.7020263671875,2659929,0.0,0.0
2025-02-04 00:00:00+05:30,1675.7666121546877,1716.1013184169653,1672.7514711577724,1712.78955078125,3647768,0.0,0.0
2025-02-05 00:00:00+05:30,1710.2686302347397,1726.8770675163319,1690.4967385557254,1693.314208984375,2681942,0.0,0.0
2025-02-06 00:00:00+05:30,1704.188757407897,1708.7362683798078,1693.31421693339,1703.8427734375,2057798,0.0,0.0
2025-02-07 00:00:00+05:30,1703.496775267872,1711.2572185880194,1681.2533972099686,1705.96826171875,2428098,0.0,0.0
2025-02-10 00:00:00+05:30,1704.2875964472435,1720.1545878999548,1692.5727746825005,1714.07470703125,1823071,0.0,0.0
2025-02-11 00:00:00+05:30,1722.9226930090556,1729.05193117195,1695.4397152429356,1703.546142578125,1702553,0.0,0.0
2025-02-12 00:00:00+05:30,1704.2382009938995,1722.5272005135228,1679.7704854203496,1697.7135009765625,2214307,0.0,0.0
2025-02-13 00:00:00+05:30,1692.4739309888084,1710.2191555337386,1680.8579446049775,1683.6754150390625,1838463,0.0,0.0
2025-02-14 00:00:00+05:30,1691.4853952902438,1703.7439927172627,1680.5613764649852,1691.7325439453125,1460459,0.0,0.0
2025-02-17 00:00:00+05:30,1691.7325278077797,1700.5310439799068,1674.7781060961845,1690.39794921875,1127023,0.0,0.0
2025-02-18 00:00:00+05:30,1686.5423519960248,1708.785730026453,1681.8465277451567,1705.8199462890625,1511900,0.0,0.0
2025-02-19 00:00:00+05:30,1703.546091938754,1711.8503103511528,1684.021349442731,1692.7705078125,1294110,0.0,0.0
2025-02-20 00:00:00+05:30,1685.7514544981564,1694.9949105004223,1664.3484780667777,1668.3028564453125,1681532,0.0,0.0
2025-02-21 00:00:00+05:30,1670.7248207632801,1684.7134580431502,1665.9301612416696,1681.302734375,1222563,0.0,0.0
2025-02-24 00:00:00+05:30,1665.7818495435645,1670.7248223908748,1618.9224428154535,1625.2989501953125,4455420,0.0,0.0
2025-02-25 00:00:00+05:30,1617.340739872495,1633.1087752204478,1612.644915597193,1617.4395751953125,1951519,0.0,0.0
2025-02-27 00:00:00+05:30,1601.5232640157958,1641.067048312482,1596.7779616289724,1610.6182861328125,2266866,0.0,0.0
2025-02-28 00:00:00+05:30,1593.614458865937,1596.5307645982252,1544.6295492815616,1557.0859375,4910121,0.0,0.0
2025-03-03 00:00:00+05:30,1557.0859863715434,1585.1126193865912,1550.561165413075,1554.4661865234375,1784684,0.0,0.0
2025-03-04 00:00:00+05:30,1542.2075050624796,1542.2075050624796,1505.6295065449722,1517.9869384765625,3246644,0.0,0.0
2025-03-05 00:00:00+05:30,1514.5268666448437,1563.363462067826,1513.5877500836132,1555.009765625,3112003,0.0,0.0
2025-03-06 00:00:00+05:30,1561.979395451465,1576.5116871252696,1557.1847359997707,1567.3671875,2011489,0.0,0.0
2025-03-07 00:00:00+05:30,1564.5992672205125,1568.899629593239,1537.857735029634,1540.180908203125,2091986,0.0,0.0
2025-03-10 00:00:00+05:30,1539.2417687044601,1554.5155067700955,1529.3558228553627,1531.629638671875,1855766,0.0,0.0
2025-03-11 00:00:00+05:30,1512.5002581483534,1555.9984204951368,1505.2341119828534,1549.968017578125,1846190,0.0,0.0
2025-03-12 00:00:00+05:30,1538.2531894890851,1547.150540842171,1489.9108896683745,1523.02880859375,3113860,0.0,0.0
2025-03-13 00:00:00+05:30,1523.0288599074945,1530.2950062883815,1511.7094996870292,1517.24560546875,1983351,0.0,0.0
2025-03-17 00:00:00+05:30,1510.5725559333882,1529.8996287258772,1501.7246824928266,1527.5269775390625,2029100,0.0,0.0
2025-03-18 00:00:00+05:30,1527.5269775390625,1527.5269775390625,1527.5269775390625,1527.5269775390625,0,0.0,0.0
2025-03-19 00:00:00+05:30,1540.724640878764,1543.5421112741165,1507.7055580294227,1526.8348388671875,4522829,0.0,0.0
2025-03-20 00:00:00+05:30,1530.1960553168467,1564.055418770183,1529.4052520809687,1544.1846923828125,4608677,0.0,0.0
2025-03-21 00:00:00+05:30,1517.5914906099893,1573.8920234198936,1504.1466286791924,1548.8310546875,8109210,0.0,0.0
2025-03-24 00:00:00+05:30,1572.853961172639,1592.527017255034,1542.2075294967422,1585.85400390625,2487843,0.0,0.0
2025-03-25 00:00:00+05:30,1603.500483090118,1640.0290062431745,1600.485221210126,1606.367431640625,4906013,0.0,0.0
2025-03-26 00:00:00+05:30,1606.367331944186,1626.1885805549966,1603.500383571611,1614.7703857421875,3096513,0.0,0.0
2025-03-27 00:00:00+05:30,1607.1088194619306,1626.2381006439255,1595.14684905785,1611.5574951171875,3383080,0.0,0.0
2025-03-28 00:00:00+05:30,1597.6677226878785,1607.0100141451908,1563.5612086940598,1574.3369140625,2211077,0.0,0.0
2025-04-01 00:00:00+05:30,1559.0137150925843,1566.9224720493,1508.6942248198698,1512.895751953125,4126827,0.0,0.0
2025-04-02 00:00:00+05:30,1497.7207754067745,1521.0022258303566,1489.218886229844,1510.127685546875,3167863,0.0,0.0
2025-04-03 00:00:00+05:30,1482.89188818223,1482.89188818223,1448.291077457978,1453.3328857421875,3966161,0.0,0.0
2025-04-04 00:00:00+05:30,1432.4735902449502,1439.5914231674926,1402.9145872630152,1405.88037109375,4421312,0.0,0.0
2025-04-07 00:00:00+05:30,1329.6597768585561,1367.9678187568975,1287.8916537564937,1358.4278564453125,6484139,0.0,0.0
2025-04-08 00:00:00+05:30,1364.2605779992646,1408.0058900111976,1356.3518210253558,1387.34423828125,3938359,0.0,0.0
2025-04-09 00:00:00+05:30,1364.9031086489558,1372.861222480734,1341.572301078836,1364.260498046875,3306801,0.0,0.0
2025-04-11 00:00:00+05:30,1344.4886934741742,1408.7473442652192,1344.4886934741742,1374.6903076171875,4859622,0.0,0.0
2025-04-15 00:00:00+05:30,1403.8043595831143,1412.5040405052735,1389.964034911168,1410.230224609375,3265147,0.0,0.0
2025-04-16 00:00:00+05:30,1398.8613679549092,1419.7206900128313,1389.4697191947878,1415.370849609375,2553111,0.0,0.0
2025-04-17 00:00:00+05:30,1403.8042966712665,1425.6522126458221,1368.2148919669246,1421.5989990234375,3549969,0.0,0.0
2025-04-21 00:00:00+05:30,1418.633222695787,1481.9032758334388,1413.690249794408,1465.09716796875,2840104,0.0,0.0
2025-04-22 00:00:00+05:30,1473.0058991164235,1482.7930094273702,1447.796737755706,1463.0211181640625,2608145,0.0,0.0
2025-04-23 00:00:00+05:30,1537.2646340402484,1581.7513919385194,1526.093466563461,1575.81982421875,13293318,0.0,0.0
2025-04-24 00:00:00+05:30,1576.8084109194426,1585.013794495135,1558.1239485603976,1568.60302734375,3193118,0.0,0.0
2025-04-25 00:00:00+05:30,1571.865415735979,1599.5460645665498,1550.215169836458,1560.199951171875,3800415,0.0,0.0
2025-04-28 00:00:00+05:30,1565.0,1569.4000244140625,1537.0999755859375,1549.300048828125,2618810,18.0,0.0
2025-04-29 00:00:00+05:30,1555.0,1580.800048828125,1548.0999755859375,1569.0,2231069,0.0,0.0
2025-04-30 00:00:00+05:30,1571.0,1587.9000244140625,1554.0,1567.5,3682256,0.0,0.0
2025-05-02 00:00:00+05:30,1567.0,1581.0,1557.0999755859375,1572.4000244140625,1370848,0.0,0.0
2025-05-05 00:00:00+05:30,1580.0,1597.699951171875,1563.300048828125,1568.5999755859375,1012225,0.0,0.0
2025-05-06 00:00:00+05:30,1576.800048828125,1583.800048828125,1565.0999755859375,1579.0999755859375,2055057,0.0,0.0
2025-05-07 00:00:00+05:30,1552.0,1578.4000244140625,1545.0,1563.300048828125,5469936,0.0,0.0
2025-05-08 00:00:00+05:30,1561.9000244140625,1598.0,1555.800048828125,1580.699951171875,2789018,0.0,0.0
2025-05-09 00:00:00+05:30,1566.0,1577.699951171875,1557.300048828125,1569.4000244140625,2035161,0.0,0.0
2025-05-12 00:00:00+05:30,1598.800048828125,1675.0,1594.0,1670.300048828125,4028207,0.0,0.0
2025-05-13 00:00:00+05:30,1685.0,1688.0999755859375,1615.199951171875,1619.5999755859375,3118470,0.0,0.0
2025-05-14 00:00:00+05:30,1630.0,1642.300048828125,1617.0,1637.699951171875,1569126,0.0,0.0
2025-05-15 00:00:00+05:30,1650.0,1702.5999755859375,1625.0,1696.0,4961582,0.0,0.0
2025-05-16 00:00:00+05:30,1691.9000244140625,1693.5,1658.0,1659.9000244140625,2586263,0.0,0.0
2025-05-19 00:00:00+05:30,1661.0,1664.0,1638.0999755859375,1649.5999755859375,1642018,0.0,0.0
2025-05-20 00:00:00+05:30,1660.800048828125,1666.0,1636.4000244140625,1638.300048828125,2421580,0.0,0.0
2025-05-21 00:00:00+05:30,1645.0,1657.5,1628.4000244140625,1652.0,1420835,0.0,0.0
2025-05-22 00:00:00+05:30,1638.4000244140625,1640.699951171875,1614.0,1633.0,2202093,0.0,0.0
2025-05-23 00:00:00+05:30,1633.0,1670.800048828125,1622.5,1648.199951171875,1459454,0.0,0.0
2025-05-26 00:00:00+05:30,1652.4000244140625,1675.800048828125,1645.5999755859375,1673.5999755859375,1078813,0.0,0.0
2025-05-27 00:00:00+05:30,1673.800048828125,1675.5,1641.5,1652.0999755859375,2740015,0.0,0.0
2025-05-28 00:00:00+05:30,1664.0,1666.800048828125,1647.0,1657.300048828125,1775441,0.0,0.0
2025-05-29 00:00:00+05:30,1670.0,1675.5,1655.5999755859375,1664.699951171875,2374051,0.0,0.0
