timestamp,Open,High,Low,Close,Volume,Dividends,Stock Splits
2020-06-01 00:00:00+05:30,2052.1794651323266,2085.4298578216462,2010.105850516525,2022.232421875,2028590,0.0,0.0
2020-06-02 00:00:00+05:30,2051.440145233926,2078.953338075749,1983.6354340386215,2015.2342529296875,2408304,0.0,0.0
2020-06-03 00:00:00+05:30,2041.7910917336703,2061.089312781593,1991.3722051283003,1999.54345703125,1562885,0.0,0.0
2020-06-04 00:00:00+05:30,1981.9836786083233,2035.5753892368803,1967.2492371276812,2024.7962646484375,1532156,0.0,0.0
2020-06-05 00:00:00+05:30,2037.5316173796791,2054.9609488867377,2006.3241472939937,2034.7064208984375,1138282,0.0,0.0
2020-06-08 00:00:00+05:30,2050.658012472337,2120.896786333104,2047.1808475508067,2072.651123046875,2354805,0.0,0.0
2020-06-09 00:00:00+05:30,2073.2593769868445,2111.9428328677313,2060.220009835984,2075.2587890625,1980625,0.0,0.0
2020-06-10 00:00:00+05:30,2074.998283267242,2080.344339742124,1983.8965147692604,1992.6329345703125,3106338,0.0,0.0
2020-06-11 00:00:00+05:30,2013.2786640250995,2038.4881118906987,1999.3700031337344,2008.0194091796875,2056461,0.0,0.0
2020-06-12 00:00:00+05:30,1948.9509384956948,2099.3383213501797,1939.127905146622,2087.9072265625,3296719,0.0,0.0
2020-06-15 00:00:00+05:30,2081.908696372792,2081.908696372792,2013.2782058514733,2041.225830078125,1416097,0.0,0.0
2020-06-16 00:00:00+05:30,2068.912924856613,2117.33239918156,2051.527101958658,2082.778076171875,2145404,0.0,0.0
2020-06-17 00:00:00+05:30,2066.5223206643914,2077.605782474664,2035.0105174783216,2054.395751953125,1731506,0.0,0.0
2020-06-18 00:00:00+05:30,2051.7446957907305,2068.913198170507,2036.0539461066423,2055.830322265625,1087739,0.0,0.0
2020-06-19 00:00:00+05:30,2064.566395604277,2071.346908738854,2027.4042004834002,2047.9195556640625,3602756,0.0,0.0
2020-06-22 00:00:00+05:30,2061.219664491254,2127.242498368326,2052.3964440432665,2097.251953125,3042752,0.0,0.0
2020-06-23 00:00:00+05:30,2125.373431086103,2125.373431086103,2091.166950442541,2102.68505859375,996657,0.0,0.0
2020-06-24 00:00:00+05:30,2129.7633829208276,2212.3460447075536,2120.8531483596284,2167.83837890625,3354520,0.0,0.0
2020-06-25 00:00:00+05:30,2149.7135045406512,2247.117620234992,2133.370788493085,2225.12451171875,3281309,0.0,0.0
2020-06-26 00:00:00+05:30,2242.7713798315785,2252.0292465659054,2200.002293638791,2208.390869140625,1351753,0.0,0.0
2020-06-29 00:00:00+05:30,2199.3065979342646,2199.3065979342646,2145.4105469176934,2176.74853515625,1131627,0.0,0.0
2020-06-30 00:00:00+05:30,2215.8233492361755,2232.6442194585056,2183.6595736686045,2214.041259765625,1441648,0.0,0.0
2020-07-01 00:00:00+05:30,2221.9088022211245,2238.468845716411,2199.307225985698,2214.476318359375,1336764,0.0,0.0
2020-07-02 00:00:00+05:30,2216.6927342891927,2334.047055516268,2216.6927342891927,2322.224609375,3353340,0.0,0.0
2020-07-03 00:00:00+05:30,2329.700456638592,2390.550841700048,2327.6142426139195,2380.336669921875,2637811,0.0,0.0
2020-07-06 00:00:00+05:30,2390.8116724633114,2415.8037949092272,2360.1256501099447,2408.762451171875,1716058,0.0,0.0
2020-07-07 00:00:00+05:30,2400.9825840792396,2424.0188036585664,2371.0790480830883,2389.942626953125,1223502,0.0,0.0
2020-07-08 00:00:00+05:30,2399.2437350750947,2414.8474698193068,2355.779174657068,2363.776611328125,974918,0.0,0.0
2020-07-09 00:00:00+05:30,2368.8188186167877,2371.1658627068,2318.008784017459,2339.654052734375,1383528,0.0,0.0
2020-07-10 00:00:00+05:30,2338.393407634033,2377.0768673513985,2322.3985339010455,2330.787109375,1205528,0.0,0.0
2020-07-13 00:00:00+05:30,2348.7813858789364,2359.5607244199928,2321.3119104721804,2338.132568359375,713590,0.0,0.0
2020-07-14 00:00:00+05:30,2322.7457817425798,2331.1343558305934,2263.6339878958374,2270.4580078125,921721,0.0,0.0
2020-07-15 00:00:00+05:30,2265.5033267707304,2329.70057105515,2265.5033267707304,2301.9267578125,1188285,0.0,0.0
2020-07-16 00:00:00+05:30,2303.621551102306,2368.8183874542583,2271.5012855054347,2359.95166015625,1607439,0.0,0.0
2020-07-17 00:00:00+05:30,2360.3866977701487,2412.283345679995,2349.694372386676,2402.7646484375,969122,0.0,0.0
2020-07-20 00:00:00+05:30,2402.7646988606994,2497.8650837187147,2383.77059875844,2486.303466796875,1674943,0.0,0.0
2020-07-21 00:00:00+05:30,2486.347082112444,2508.5140115845916,2474.872478713905,2494.127197265625,1289304,0.0,0.0
2020-07-22 00:00:00+05:30,2486.1732915095513,2486.1732915095513,2393.2026229320104,2406.198486328125,1349352,0.0,0.0
2020-07-23 00:00:00+05:30,2412.283085341299,2427.8868199699896,2386.5086860959477,2408.979736328125,1117663,0.0,0.0
2020-07-24 00:00:00+05:30,2393.1586326165,2429.668862391253,2371.5133669989,2382.46630859375,701462,0.0,0.0
2020-07-27 00:00:00+05:30,2398.374303621728,2398.374303621728,2337.002263008486,2384.9873046875,662841,0.0,0.0
2020-07-28 00:00:00+05:30,2392.8114309239586,2477.480322673779,2386.24823885136,2469.8740234375,1836163,0.0,0.0
2020-07-29 00:00:00+05:30,2485.520718098373,2503.9496480136895,2406.5455323098377,2416.62939453125,1092469,0.0,0.0
2020-07-30 00:00:00+05:30,2432.4189003374063,2447.2870509289187,2357.85863833644,2371.849609375,1497969,25.0,0.0
2020-07-31 00:00:00+05:30,2372.7706125288973,2376.893313460855,2321.411708565309,2347.77099609375,1260570,0.0,0.0
2020-08-03 00:00:00+05:30,2368.385000470875,2429.612181462233,2298.868514808906,2308.122802734375,2281990,0.0,0.0
2020-08-04 00:00:00+05:30,2336.586957197398,2397.1562461643207,2315.797845308363,2373.735595703125,2033677,0.0,0.0
2020-08-05 00:00:00+05:30,2385.226555605164,2403.471932816702,2343.8237242650466,2364.65673828125,997234,0.0,0.0
2020-08-06 00:00:00+05:30,2383.296731632716,2397.331603810163,2346.4551921669176,2372.2880859375,859485,0.0,0.0
2020-08-07 00:00:00+05:30,2377.156567290009,2385.928362741264,2342.1571891015683,2373.8232421875,854109,0.0,0.0
2020-08-10 00:00:00+05:30,2384.1738885938444,2384.1738885938444,2345.7094817342704,2370.2705078125,684596,0.0,0.0
2020-08-11 00:00:00+05:30,2390.31413941209,2434.173114447174,2371.8933698973547,2379.656494140625,1617202,0.0,0.0
2020-08-12 00:00:00+05:30,2386.8056250739287,2452.5940932402445,2373.033948568814,2433.296142578125,1798834,0.0,0.0
2020-08-13 00:00:00+05:30,2447.330648262832,2473.6460315774857,2408.9979493988462,2464.567138671875,1299029,0.0,0.0
2020-08-14 00:00:00+05:30,2456.5412998454854,2494.2600200359357,2417.550712154064,2459.43603515625,2158769,0.0,0.0
2020-08-17 00:00:00+05:30,2467.3309115494844,2573.7328437347405,2464.874765749018,2567.68017578125,2723654,0.0,0.0
2020-08-18 00:00:00+05:30,2567.5044418124326,2599.960083885224,2548.469689157529,2565.00439453125,1530968,0.0,0.0
2020-08-19 00:00:00+05:30,2584.127299191324,2630.486328496664,2562.6363981646437,2572.811767578125,2016727,0.0,0.0
2020-08-20 00:00:00+05:30,2554.3467714394333,2600.749482552489,2537.373262004241,2592.986572265625,1185217,0.0,0.0
2020-08-21 00:00:00+05:30,2612.8545490482043,2675.178195717493,2593.863698424575,2660.880126953125,2012976,0.0,0.0
2020-08-24 00:00:00+05:30,2663.9942825886897,2697.765695127269,2632.4597207246075,2644.740234375,1706107,0.0,0.0
2020-08-25 00:00:00+05:30,2670.134486278306,2677.9852002318316,2594.5655555169546,2605.00390625,1323587,0.0,0.0
2020-08-26 00:00:00+05:30,2728.028065184292,2790.6149040459927,2692.940887497034,2772.544921875,4651022,0.0,0.0
2020-08-27 00:00:00+05:30,2771.0102537896873,2780.6592290323865,2725.835506062505,2755.87890625,1431518,0.0,0.0
2020-08-28 00:00:00+05:30,2735.9671465482256,2775.396327779672,2675.96793182878,2683.5556640625,1838010,0.0,0.0
2020-08-31 00:00:00+05:30,2692.941044756664,2709.5196515199787,2601.802181053832,2636.845458984375,1808588,0.0,0.0
2020-09-01 00:00:00+05:30,2657.8974986047847,2696.7126872709746,2610.047319237247,2627.6787109375,1357833,0.0,0.0
2020-09-02 00:00:00+05:30,2662.1958481742063,2666.4502543592976,2522.8997024447326,2582.021728515625,2809547,0.0,0.0
2020-09-03 00:00:00+05:30,2609.6093065107875,2636.933365352183,2570.9695023514164,2580.135986328125,1512714,0.0,0.0
2020-09-04 00:00:00+05:30,2560.3556424784865,2610.9249584130994,2515.4001900616645,2557.15380859375,1508195,0.0,0.0
2020-09-07 00:00:00+05:30,2570.136067121154,2574.4341612300427,2501.7160626039354,2508.864990234375,1476038,0.0,0.0
2020-09-08 00:00:00+05:30,2518.3820812783993,2546.627215395184,2501.715672520374,2511.5400390625,1263479,0.0,0.0
2020-09-09 00:00:00+05:30,2497.33011267796,2561.364218131241,2482.5934537974063,2547.329345703125,1995585,0.0,0.0
2020-09-10 00:00:00+05:30,2561.3640976049173,2594.1705246998526,2533.5136489408915,2586.5830078125,1629594,0.0,0.0
2020-09-11 00:00:00+05:30,2586.9339546802717,2638.292859577338,2586.583168526343,2624.740478515625,1525239,0.0,0.0
2020-09-14 00:00:00+05:30,2644.6522610148563,2665.748470584138,2592.9425729011887,2656.5380859375,1537220,0.0,0.0
2020-09-15 00:00:00+05:30,2656.5382151251033,2676.8887374553406,2635.9683979116635,2664.125732421875,915275,0.0,0.0
2020-09-16 00:00:00+05:30,2660.485415988487,2723.6423398101724,2653.1608815221066,2680.8359375,1603512,0.0,0.0
2020-09-17 00:00:00+05:30,2669.0820057120873,2717.502274551566,2657.89796633167,2685.046630859375,914287,0.0,0.0
2020-09-18 00:00:00+05:30,2701.7127155804965,2738.422761355229,2697.4146219223107,2730.3525390625,1362732,0.0,0.0
2020-09-21 00:00:00+05:30,2738.5545064793328,2740.7035535076457,2660.5294297231335,2680.090576171875,826132,0.0,0.0
2020-09-22 00:00:00+05:30,2666.6258570738732,2677.152011772849,2596.4514924140344,2631.670166015625,1099375,0.0,0.0
2020-09-23 00:00:00+05:30,2631.977190531992,2669.2573207094993,2565.706233938357,2593.6005859375,1256820,0.0,0.0
2020-09-24 00:00:00+05:30,2553.7764484570416,2586.80216871294,2543.8203761503983,2559.872802734375,1020064,0.0,0.0
2020-09-25 00:00:00+05:30,2574.127013184939,2644.827548783632,2565.837710164016,2633.292724609375,1263899,0.0,0.0
2020-09-28 00:00:00+05:30,2672.7662794276443,2715.5287855392617,2624.9599905438877,2709.52001953125,1422073,0.0,0.0
2020-09-29 00:00:00+05:30,2723.6418365969876,2826.315720643365,2723.2032469292585,2785.00048828125,3394236,0.0,0.0
2020-09-30 00:00:00+05:30,2805.2197798506763,2805.2197798506763,2749.957476495269,2760.746826171875,1175373,0.0,0.0
2020-10-01 00:00:00+05:30,2776.2732769103754,2806.0973816228407,2729.5195640448014,2764.387451171875,1459005,0.0,0.0
2020-10-05 00:00:00+05:30,2828.904209834236,2833.2901078339787,2714.169075329924,2744.870361328125,1374983,0.0,0.0
2020-10-06 00:00:00+05:30,2756.624461876889,2787.5887277959323,2734.1685803670885,2751.14208984375,849216,0.0,0.0
2020-10-07 00:00:00+05:30,2754.343679100765,2850.7895240140424,2752.633221876303,2836.491455078125,2071160,0.0,0.0
2020-10-08 00:00:00+05:30,2850.8333793697425,2888.376704858319,2838.2457678633878,2876.403076171875,1414044,0.0,0.0
2020-10-09 00:00:00+05:30,2894.6926597123934,2929.779843466483,2865.789634925997,2918.727294921875,1358012,0.0,0.0
2020-10-12 00:00:00+05:30,2939.252886407472,2943.419488713485,2871.666168275751,2881.271240234375,1438726,0.0,0.0
2020-10-13 00:00:00+05:30,2880.21899537365,2897.3239962598345,2856.2719513019606,2884.210205078125,847392,0.0,0.0
2020-10-14 00:00:00+05:30,2897.3237289301696,2923.59521067724,2868.3768070244187,2904.165771484375,1188612,0.0,0.0
2020-10-15 00:00:00+05:30,2905.2185282864784,2964.472046837845,2886.00838273795,2907.236083984375,1817305,0.0,0.0
2020-10-16 00:00:00+05:30,2907.8500037827225,2977.9365592374775,2895.569490946234,2935.437255859375,1461910,0.0,0.0
2020-10-19 00:00:00+05:30,2940.3497059249307,2946.0074711000307,2833.7723923210438,2849.693115234375,1056638,0.0,0.0
2020-10-20 00:00:00+05:30,2849.9560589870757,2888.1133654093405,2833.6843372104613,2839.956298828125,1198126,0.0,0.0
2020-10-21 00:00:00+05:30,2850.8334701896265,2877.1488560683,2747.457777000841,2787.983642578125,2045833,0.0,0.0
2020-10-22 00:00:00+05:30,2786.711401085023,2786.711401085023,2686.274350742696,2703.028564453125,1640304,0.0,0.0
2020-10-23 00:00:00+05:30,2719.256342825995,2765.7029526893652,2710.3967445631174,2728.94921875,1707899,0.0,0.0
2020-10-26 00:00:00+05:30,2736.799699208164,2736.799699208164,2521.8907484690612,2542.02197265625,4182675,0.0,0.0
2020-10-27 00:00:00+05:30,2565.749969377096,2612.152678033003,2504.8298975506073,2554.302734375,3089586,0.0,0.0
2020-10-28 00:00:00+05:30,2627.1525936937937,2662.2397735761815,2570.4430248709446,2584.34619140625,5321192,0.0,0.0
2020-10-29 00:00:00+05:30,2574.5217311308147,2598.5126751732564,2530.6627578577177,2538.557373046875,2345545,0.0,0.0
2020-10-30 00:00:00+05:30,2556.013300146652,2568.820206712934,2444.6993054836767,2455.92724609375,3110768,0.0,0.0
2020-11-02 00:00:00+05:30,2533.2944570308528,2533.2944570308528,2466.6288134247775,2487.3740234375,2671709,0.0,0.0
2020-11-03 00:00:00+05:30,2508.7333461329717,2587.197008830471,2497.330012741458,2576.626953125,2352020,0.0,0.0
2020-11-04 00:00:00+05:30,2578.9079658940154,2612.240789942986,2552.6803821070257,2603.468994140625,1868196,0.0,0.0
2020-11-05 00:00:00+05:30,2622.767040589689,2627.9423146398176,2567.329331927324,2582.723876953125,1195194,0.0,0.0
2020-11-06 00:00:00+05:30,2581.539429484516,2616.6266116725487,2565.925590579808,2583.6884765625,1182126,0.0,0.0
2020-11-09 00:00:00+05:30,2605.2230474700114,2621.8894575380014,2570.135868379506,2591.407470703125,1175877,0.0,0.0
2020-11-10 00:00:00+05:30,2620.1350445719504,2620.1350445719504,2563.951657380416,2588.77587890625,1352612,0.0,0.0
2020-11-11 00:00:00+05:30,2613.9949294635694,2697.3269825840525,2590.4864758574977,2684.30078125,2829916,0.0,0.0
2020-11-12 00:00:00+05:30,2684.1687790365977,2719.2559526187756,2663.9936542268456,2706.800048828125,2093558,0.0,0.0
2020-11-13 00:00:00+05:30,2709.6075561638936,2749.8700107504296,2693.9061283085293,2744.60693359375,1274593,0.0,0.0
2020-11-14 00:00:00+05:30,2769.2119772690976,2769.2119772690976,2717.5022848857934,2733.0283203125,199281,0.0,0.0
2020-11-17 00:00:00+05:30,2759.957621415098,2761.361194342394,2632.4158018492767,2658.994384765625,1933560,0.0,0.0
2020-11-18 00:00:00+05:30,2668.248315446096,2674.4761608608246,2582.153026523244,2616.626220703125,1956934,0.0,0.0
2020-11-19 00:00:00+05:30,2656.976697375748,2751.4927882117454,2609.7404957831213,2621.450927734375,4282399,0.0,0.0
2020-11-20 00:00:00+05:30,2630.661346536975,2648.161034904148,2601.4073242603727,2630.354248046875,1531471,0.0,0.0
2020-11-23 00:00:00+05:30,2653.117419020083,2696.4500042129666,2615.7494835924094,2683.9501953125,1653325,0.0,0.0
2020-11-24 00:00:00+05:30,2680.6605764201518,2727.7211713618017,2668.0729648184215,2696.581298828125,1517541,0.0,0.0
2020-11-25 00:00:00+05:30,2701.2743179074055,2714.739109132019,2632.4157259425633,2639.2138671875,1110258,0.0,0.0
2020-11-26 00:00:00+05:30,2638.555878945385,2675.0903186683245,2610.5739391625107,2653.0732421875,859782,0.0,0.0
2020-11-27 00:00:00+05:30,2674.520492781052,2735.5283743372156,2659.608440181092,2727.019775390625,3266924,0.0,0.0
2020-12-01 00:00:00+05:30,2736.8000587774295,2745.4840502249504,2697.3708828129325,2728.24755859375,1503427,0.0,0.0
2020-12-02 00:00:00+05:30,2730.659555647187,2786.8868425675073,2711.361608257454,2742.23828125,1748207,0.0,0.0
2020-12-03 00:00:00+05:30,2768.3785215661887,2778.0274961343853,2741.6245466270984,2754.212158203125,974736,0.0,0.0
2020-12-04 00:00:00+05:30,2763.9927884307226,2808.7289459077037,2763.1156088723505,2789.82568359375,1089915,0.0,0.0
2020-12-07 00:00:00+05:30,2789.3427969779214,2822.719517278193,2750.4839193693742,2784.21142578125,991744,0.0,0.0
2020-12-08 00:00:00+05:30,2785.044753656445,2811.184744096595,2767.194066187489,2778.860595703125,644753,0.0,0.0
2020-12-09 00:00:00+05:30,2785.0013158922507,2810.4834259907734,2768.510296654029,2798.81689453125,669455,0.0,0.0
2020-12-10 00:00:00+05:30,2789.430899292433,2813.7726311966358,2777.150385899322,2801.974609375,559968,0.0,0.0
2020-12-11 00:00:00+05:30,2806.97457474671,2841.62316715374,2779.782008553851,2794.080078125,1276394,0.0,0.0
2020-12-14 00:00:00+05:30,2819.254780683906,2819.254780683906,2723.6422196712906,2731.229736328125,1421591,0.0,0.0
2020-12-15 00:00:00+05:30,2703.9498504664093,2749.9578747909704,2702.6779829566294,2730.08984375,1058918,0.0,0.0
2020-12-16 00:00:00+05:30,2745.6594803186063,2758.7293684530373,2723.642190475892,2734.60693359375,1025407,0.0,0.0
2020-12-17 00:00:00+05:30,2749.957585501577,2769.6941231965643,2720.1773858995016,2730.3525390625,969196,0.0,0.0
2020-12-18 00:00:00+05:30,2720.1338888564874,2757.8526109528525,2720.1338888564874,2750.22119140625,1109264,0.0,0.0
2020-12-21 00:00:00+05:30,2761.3608667566764,2765.6152726867645,2583.2495393020968,2626.363037109375,1397172,0.0,0.0
2020-12-22 00:00:00+05:30,2649.08214465814,2684.169325382089,2544.346995859215,2674.608154296875,1073505,0.0,0.0
2020-12-23 00:00:00+05:30,2672.4147571637973,2696.01079658,2642.0642652672714,2666.669189453125,711716,0.0,0.0
2020-12-24 00:00:00+05:30,2671.011328931795,2704.958129591626,2657.8536376562693,2695.66015625,640601,0.0,0.0
2020-12-28 00:00:00+05:30,2715.747772155488,2740.308798518651,2686.537651542552,2703.99365234375,742559,0.0,0.0
2020-12-29 00:00:00+05:30,2715.7479013754473,2724.519696922526,2685.0466169606734,2696.449951171875,478502,0.0,0.0
2020-12-30 00:00:00+05:30,2701.712334730394,2726.229454157721,2689.081038048244,2720.48388671875,505754,0.0,0.0
2020-12-31 00:00:00+05:30,2725.396537834732,2734.870118679475,2706.0985900290143,2728.028076171875,605742,0.0,0.0
2021-01-01 00:00:00+05:30,2732.414062717621,2737.5017465000988,2713.116114281092,2721.580810546875,408952,0.0,0.0
2021-01-04 00:00:00+05:30,2729.7823778575043,2740.2646291830965,2664.2132156644298,2670.002685546875,1599835,0.0,0.0
2021-01-05 00:00:00+05:30,2677.152020921973,2696.757069777882,2658.731250135813,2690.485107421875,1150326,0.0,0.0
2021-01-06 00:00:00+05:30,2702.8532504114837,2739.9579862878695,2671.888771067426,2704.826904296875,1370394,0.0,0.0
2021-01-07 00:00:00+05:30,2713.993144165269,2732.194617255582,2661.362378602917,2680.00244140625,880259,0.0,0.0
2021-01-08 00:00:00+05:30,2692.9413912686464,2777.106731659834,2686.88893764741,2772.8525390625,1576465,0.0,0.0
2021-01-11 00:00:00+05:30,2772.764584285626,2828.8162724090234,2760.52797227617,2804.95703125,1596027,0.0,0.0
2021-01-12 00:00:00+05:30,2798.2023936867445,2890.306234231293,2789.8252872633325,2849.298095703125,1586336,0.0,0.0
2021-01-13 00:00:00+05:30,2859.605515892866,2910.4819330467885,2821.6235961176094,2856.798583984375,1424073,0.0,0.0
2021-01-14 00:00:00+05:30,2863.9912024624227,2890.3065887025064,2840.3512566544464,2865.394775390625,803208,0.0,0.0
2021-01-15 00:00:00+05:30,2850.833393803173,2869.1226721608637,2784.167751363468,2809.60595703125,1199320,0.0,0.0
2021-01-18 00:00:00+05:30,2806.974048533443,2822.368589661893,2703.6861753413136,2774.64990234375,1280163,0.0,0.0
2021-01-19 00:00:00+05:30,2781.0975814150747,2842.719440773034,2781.0975814150747,2835.83349609375,770832,0.0,0.0
2021-01-20 00:00:00+05:30,2841.1844507111873,2888.113554790548,2833.5530317573503,2873.289306640625,841752,0.0,0.0
2021-01-21 00:00:00+05:30,2873.289557316744,2935.0429149336123,2824.2550896291423,2848.46533203125,1300181,0.0,0.0
2021-01-22 00:00:00+05:30,2863.990886954836,3056.0492835414993,2858.6400066800934,2960.392822265625,3813020,0.0,0.0
2021-01-25 00:00:00+05:30,2998.1557950312626,3087.803502058925,2944.7356461884888,3048.155029296875,2266967,0.0,0.0
2021-01-27 00:00:00+05:30,3026.2690416491087,3056.0931423494185,2920.9636079630163,2946.051025390625,1333633,0.0,0.0
2021-01-28 00:00:00+05:30,2928.858058281025,3038.6371865657015,2916.752939963591,2980.129150390625,1986409,0.0,0.0
2021-01-29 00:00:00+05:30,2999.8661148026536,3056.970586455607,2830.131879944932,2856.140380859375,1718833,0.0,0.0
2021-02-01 00:00:00+05:30,2894.6925895518493,2948.0251503964446,2822.105979919905,2930.349853515625,1285163,0.0,0.0
2021-02-02 00:00:00+05:30,2982.4103720756825,2982.4103720756825,2860.4824186290593,2889.2978515625,1751516,0.0,0.0
2021-02-03 00:00:00+05:30,2891.665989915455,3001.7081102737434,2866.6224735168303,2965.568359375,1077971,0.0,0.0
2021-02-04 00:00:00+05:30,3018.3747689561997,3083.2860543100965,2986.006929894496,3018.111572265625,2425660,0.0,0.0
2021-02-05 00:00:00+05:30,3070.128277774111,3122.759048250239,2952.58622371076,3008.02392578125,2719249,0.0,0.0
2021-02-08 00:00:00+05:30,3050.8303797556778,3076.180782298025,2995.9188559761033,3065.742431640625,1004959,0.0,0.0
2021-02-09 00:00:00+05:30,3035.918243080473,3103.461064437652,3031.8394440761585,3069.645751953125,1543021,0.0,0.0
2021-02-10 00:00:00+05:30,3061.3565387254657,3130.4344262396867,3057.189935986513,3104.29443359375,1477082,0.0,0.0
2021-02-11 00:00:00+05:30,3091.1806084992236,3117.495993929126,3046.9269448323016,3106.53125,757116,0.0,0.0
2021-02-12 00:00:00+05:30,3101.6625852998336,3140.3023823041844,3072.6717620958584,3083.943603515625,566161,0.0,0.0
2021-02-15 00:00:00+05:30,3118.083113247657,3133.4547517200554,3085.0608514219603,3097.036376953125,809861,65.0,0.0
2021-02-16 00:00:00+05:30,3101.1474450522264,3114.82113592615,3067.1867525703865,3093.595703125,759332,0.0,0.0
2021-02-17 00:00:00+05:30,3095.2939042972866,3212.8605127334595,3089.7529923915863,3203.02978515625,1946207,0.0,0.0
2021-02-18 00:00:00+05:30,3199.1422574258117,3243.2912944692707,3133.32115165541,3148.380126953125,1701157,0.0,0.0
2021-02-19 00:00:00+05:30,3148.379918790727,3148.379918790727,3011.777405284319,3029.38330078125,995322,0.0,0.0
2021-02-22 00:00:00+05:30,3038.588328473856,3068.035780548751,2994.0371740881023,3051.234130859375,921345,0.0,0.0
2021-02-23 00:00:00+05:30,3051.2341521024114,3109.682423623424,3018.0779219066717,3043.458984375,1069537,0.0,0.0
2021-02-24 00:00:00+05:30,3074.336590291381,3127.9587401220447,2994.8865255679157,3075.7666015625,823330,0.0,0.0
2021-02-25 00:00:00+05:30,3083.273633423097,3092.210658447512,3040.5993389315167,3069.331787109375,897962,0.0,0.0
2021-02-26 00:00:00+05:30,3043.0567704950904,3059.724233518944,2859.669075717165,2881.296630859375,1880371,0.0,0.0
2021-03-01 00:00:00+05:30,2909.0018352449374,3005.5664405719176,2904.533322441182,2994.082275390625,1176879,0.0,0.0
2021-03-02 00:00:00+05:30,2995.690687218939,3119.0216283991936,2995.2438359827784,3106.8671875,1402320,0.0,0.0
2021-03-03 00:00:00+05:30,3136.895625866507,3137.699870802637,3033.2261407951355,3060.35009765625,965062,0.0,0.0
2021-03-04 00:00:00+05:30,3036.8011261801184,3092.2106817490317,3010.2134765321316,3056.32861328125,934953,0.0,0.0
2021-03-05 00:00:00+05:30,3051.9941162792647,3120.3623592940125,3033.2263632948243,3093.72998046875,1017875,0.0,0.0
2021-03-08 00:00:00+05:30,3093.684919295614,3118.5746191643716,3058.875253400127,3095.740478515625,749107,0.0,0.0
2021-03-09 00:00:00+05:30,3096.7237859793318,3119.021618958425,3053.3344874416784,3082.245849609375,564852,0.0,0.0
2021-03-10 00:00:00+05:30,3082.3795361845905,3105.615798272384,3045.6037701943415,3055.88134765625,787897,0.0,0.0
2021-03-12 00:00:00+05:30,2998.371952104121,3055.56891333651,2958.155338737598,2994.39501953125,1098158,0.0,0.0
2021-03-15 00:00:00+05:30,3002.8404277709774,3011.2411440730343,2898.2772343039524,2917.178955078125,781236,0.0,0.0
2021-03-16 00:00:00+05:30,2948.2798394689985,2949.2182707384145,2902.7457404116276,2909.04638671875,523881,0.0,0.0
2021-03-17 00:00:00+05:30,2910.789325287927,2930.361324663744,2837.5057131683047,2851.40283203125,991815,0.0,0.0
2021-03-18 00:00:00+05:30,2875.6667322027856,2875.6667322027856,2745.7224650615385,2776.91259765625,1472097,0.0,0.0
2021-03-19 00:00:00+05:30,2757.0721881854142,2799.120934077404,2713.2807660716103,2787.592041015625,1554560,0.0,0.0
2021-03-22 00:00:00+05:30,2798.7189081644246,2809.756003409475,2753.631441330024,2766.76904296875,619756,0.0,0.0
2021-03-23 00:00:00+05:30,2777.5381652299734,2799.0764847155924,2735.2214789176123,2741.387939453125,944310,0.0,0.0
2021-03-24 00:00:00+05:30,2741.8792276277195,2757.9211436169944,2701.6626157492165,2711.359375,975533,0.0,0.0
2021-03-25 00:00:00+05:30,2710.689231883347,2725.435323633051,2615.9567636731276,2628.9599609375,1075251,0.0,0.0
2021-03-26 00:00:00+05:30,2656.0841164079898,2665.7361480865948,2619.4423099568703,2625.51953125,611318,0.0,0.0
2021-03-30 00:00:00+05:30,2622.9724010673776,2659.971819604414,2606.573089278127,2648.800537109375,899455,0.0,0.0
2021-03-31 00:00:00+05:30,2641.427105269271,2647.146713796576,2593.5245656440457,2603.8916015625,1212659,0.0,0.0
2021-04-01 00:00:00+05:30,2635.5284049154843,2685.5310110759156,2621.2291663672822,2641.873779296875,1067722,0.0,0.0
2021-04-05 00:00:00+05:30,2646.2532308950167,2656.9329326503735,2561.8877980772786,2580.02978515625,1152927,0.0,0.0
2021-04-06 00:00:00+05:30,2591.7369308742896,2616.760597793076,2563.138454395677,2580.9677734375,788062,0.0,0.0
2021-04-07 00:00:00+05:30,2573.863123562408,2635.4391367081125,2569.439339956601,2628.915283203125,649751,0.0,0.0
2021-04-08 00:00:00+05:30,2653.402542197639,2672.4831765517183,2603.7125992985043,2616.7607421875,953450,0.0,0.0
2021-04-09 00:00:00+05:30,2616.7608638768247,2634.63491349347,2592.764864990846,2603.265869140625,557093,0.0,0.0
2021-04-12 00:00:00+05:30,2568.5011930564206,2582.755705448262,2449.7282084610815,2489.94482421875,859305,0.0,0.0
2021-04-13 00:00:00+05:30,2501.4730220507454,2572.969214177955,2478.4601852098,2560.770263671875,714921,0.0,0.0
2021-04-15 00:00:00+05:30,2548.8397048871193,2582.8004022173122,2520.2412229248516,2558.268310546875,683426,0.0,0.0
2021-04-16 00:00:00+05:30,2536.550877555998,2614.0348332431577,2536.550877555998,2587.134521484375,709663,0.0,0.0
2021-04-19 00:00:00+05:30,2467.8255674211955,2522.5201185956635,2451.515496255767,2489.453125,740714,0.0,0.0
2021-04-20 00:00:00+05:30,2539.232129324413,2546.024355335765,2503.1266370048993,2523.547607421875,740095,0.0,0.0
2021-04-22 00:00:00+05:30,2460.6311739554753,2576.142223820567,2457.6819120232294,2548.079833984375,1436707,0.0,0.0
2021-04-23 00:00:00+05:30,2518.453599557895,2568.3222417958996,2513.136113416659,2559.608642578125,682515,0.0,0.0
2021-04-26 00:00:00+05:30,2556.0337588605294,2572.4330680527937,2529.177956357504,2560.055419921875,831133,0.0,0.0
2021-04-27 00:00:00+05:30,2569.3946619120798,2626.5916213424703,2565.149575079355,2596.652587890625,811184,0.0,0.0
2021-04-28 00:00:00+05:30,2616.760756621102,2689.150654601399,2605.1873536065114,2615.19677734375,1389833,0.0,0.0
2021-04-29 00:00:00+05:30,2648.7555191021165,2648.7555191021165,2547.0968594982082,2556.07861328125,1009327,0.0,0.0
2021-04-30 00:00:00+05:30,2533.468021071038,2555.9892815927064,2506.8356415620774,2519.4814453125,670258,0.0,0.0
2021-05-03 00:00:00+05:30,2484.448428915467,2545.2649327620156,2472.5621410340596,2496.334716796875,668727,0.0,0.0
2021-05-04 00:00:00+05:30,2497.004501138077,2520.0173378969553,2472.6511107815945,2481.588134765625,642256,0.0,0.0
2021-05-05 00:00:00+05:30,2490.659188137541,2502.36677712041,2473.7682996676053,2491.821044921875,365152,0.0,0.0
2021-05-06 00:00:00+05:30,2518.453643325076,2611.3987032632617,2504.288371433862,2603.62353515625,2249529,0.0,0.0
2021-05-07 00:00:00+05:30,2635.483887995641,2676.638930888013,2520.240996695892,2556.7041015625,2287493,0.0,0.0
2021-05-10 00:00:00+05:30,2556.7038137911622,2572.9691534785716,2529.1777368337466,2534.80810546875,781259,0.0,0.0
2021-05-11 00:00:00+05:30,2529.624729504394,2541.376829189721,2503.3499653235904,2536.640380859375,684120,0.0,0.0
2021-05-12 00:00:00+05:30,2537.9363584814537,2554.2017000574388,2515.7724932336214,2538.2490234375,486996,0.0,0.0
2021-05-14 00:00:00+05:30,2538.2490516628477,2548.750055969848,2504.824665654923,2513.404296875,518143,0.0,0.0
2021-05-17 00:00:00+05:30,2533.6467378587768,2577.7955567031454,2513.9852816919715,2551.29736328125,926624,0.0,0.0
2021-05-18 00:00:00+05:30,2570.4668923916215,2609.3429482004253,2552.9057268708593,2597.9482421875,1288013,0.0,0.0
2021-05-19 00:00:00+05:30,2605.142822265625,2631.015466348078,2586.3750695151693,2605.142822265625,717841,0.0,0.0
2021-05-20 00:00:00+05:30,2601.8806116696633,2606.751246190762,2557.5528846358684,2560.546875,637388,0.0,0.0
2021-05-21 00:00:00+05:30,2568.5009914086945,2582.8896889702305,2533.646593821729,2577.79541015625,1658538,0.0,0.0
2021-05-24 00:00:00+05:30,2609.6113320241006,2648.6660881155476,2584.58766171702,2592.139404296875,1587246,0.0,0.0
2021-05-25 00:00:00+05:30,2613.9904576312124,2631.819997757685,2598.350663267005,2618.2802734375,501532,0.0,0.0
2021-05-26 00:00:00+05:30,2629.272568638252,2669.2657526785515,2610.0579662501746,2649.5595703125,817054,0.0,0.0
2021-05-27 00:00:00+05:30,2654.296126502924,2706.532988115649,2623.1505106048658,2673.33203125,2097924,0.0,0.0
2021-05-28 00:00:00+05:30,2703.4499680047697,2710.9569814667384,2642.276077655833,2673.5556640625,1077246,0.0,0.0
2021-05-31 00:00:00+05:30,2671.2768062753275,2694.513071569124,2645.359433447631,2687.810302734375,662303,0.0,0.0
2021-06-01 00:00:00+05:30,2695.8535310029683,2730.2610764840274,2650.7215557615796,2660.328857421875,971553,0.0,0.0
2021-06-02 00:00:00+05:30,2656.0838084162233,2674.851560763713,2629.362191159002,2656.6201171875,793261,0.0,0.0
2021-06-03 00:00:00+05:30,2666.8083246809297,2693.619400331207,2647.14686920406,2688.570068359375,851280,0.0,0.0
2021-06-04 00:00:00+05:30,2685.576189192492,2730.261317132467,2685.4422210843127,2724.36279296875,1023321,0.0,0.0
2021-06-07 00:00:00+05:30,2739.4215993444577,2749.565210036636,2717.5258880047827,2727.803466796875,612460,0.0,0.0
2021-06-08 00:00:00+05:30,2732.942241182133,2750.816291157163,2717.1684793548034,2731.110107421875,555729,0.0,0.0
2021-06-09 00:00:00+05:30,2731.1099760517004,2761.540588308252,2690.5807005962856,2702.109375,845692,0.0,0.0
2021-06-10 00:00:00+05:30,2715.9167325635335,2720.340515590261,2680.2133670602775,2689.150390625,567660,0.0,0.0
2021-06-11 00:00:00+05:30,2698.087525835341,2715.0678713109523,2676.638668392463,2684.994873046875,467264,0.0,0.0
2021-06-14 00:00:00+05:30,2690.044949711437,2696.256139429259,2630.166872757727,2668.283203125,489598,0.0,0.0
2021-06-15 00:00:00+05:30,2667.7020189452246,2703.4501197016093,2656.3520405928907,2687.408203125,454939,0.0,0.0
2021-06-16 00:00:00+05:30,2688.2568562294427,2694.3788050293942,2654.2961645616506,2659.1220703125,444814,0.0,0.0
2021-06-17 00:00:00+05:30,2633.7411020333684,2644.4208025995913,2593.5244920600053,2604.33837890625,782315,0.0,0.0
2021-06-18 00:00:00+05:30,2604.3385680114643,2631.953888256071,2548.8395549427214,2584.0068359375,904203,0.0,0.0
2021-06-21 00:00:00+05:30,2564.9259292119136,2603.3551330293744,2560.457417140116,2587.134521484375,577938,0.0,0.0
2021-06-22 00:00:00+05:30,2592.6311417799384,2629.317675721126,2588.6542090024122,2598.0380859375,522538,0.0,0.0
2021-06-23 00:00:00+05:30,2644.421141987584,2676.6391628611796,2610.5051735283823,2617.073974609375,1911546,0.0,0.0
2021-06-24 00:00:00+05:30,2627.4851512156806,2627.4851512156806,2585.9279881097186,2597.9482421875,844653,0.0,0.0
2021-06-25 00:00:00+05:30,2598.886548617186,2635.7965009406544,2593.4796055230004,2626.77001953125,631005,0.0,0.0
2021-06-28 00:00:00+05:30,2642.678330274301,2643.9294265165495,2618.012053646088,2630.747314453125,407079,0.0,0.0
2021-06-29 00:00:00+05:30,2630.74741785736,2643.170014186663,2605.1429271355946,2616.314208984375,470337,0.0,0.0
2021-06-30 00:00:00+05:30,2614.0798844314727,2618.5483970544324,2589.4136074770972,2594.06103515625,758083,0.0,0.0
2021-07-01 00:00:00+05:30,2596.205665816804,2633.7411694189746,2596.205665816804,2611.845458984375,634751,0.0,0.0
2021-07-02 00:00:00+05:30,2645.35961001048,2653.3582043826573,2598.127341860158,2609.4775390625,928741,0.0,0.0
2021-07-05 00:00:00+05:30,2624.714542946955,2638.120079210818,2614.1690289706366,2625.742431640625,480881,0.0,0.0
2021-07-06 00:00:00+05:30,2624.8041367043656,2639.9970785919973,2602.8189688148673,2608.94091796875,452807,0.0,0.0
2021-07-07 00:00:00+05:30,2608.7173000235816,2611.3984072178505,2583.8723297188776,2603.66796875,668763,0.0,0.0
2021-07-08 00:00:00+05:30,2601.5680606408832,2622.882953222699,2582.9342756447504,2592.0947265625,524837,0.0,0.0
2021-07-09 00:00:00+05:30,2592.094883931558,2609.298658650817,2570.333356953388,2588.877685546875,328728,0.0,0.0
2021-07-12 00:00:00+05:30,2604.2492059027413,2614.973636400625,2587.358315144213,2590.128662109375,392467,0.0,0.0
2021-07-13 00:00:00+05:30,2608.7176917837573,2608.7176917837573,2588.4306879383657,2595.401611328125,317264,0.0,0.0
2021-07-14 00:00:00+05:30,2609.6112948223454,2609.6112948223454,2588.162434864901,2592.36279296875,429264,0.0,0.0
2021-07-15 00:00:00+05:30,2600.674244210541,2603.7127453989337,2575.695303269085,2578.018798828125,349469,0.0,0.0
2021-07-16 00:00:00+05:30,2580.1190100466047,2599.4675810901663,2573.863092807143,2595.9375,459445,0.0,0.0
2021-07-19 00:00:00+05:30,2579.2250920505935,2586.732104834992,2565.01531135546,2580.208251953125,338468,0.0,0.0
2021-07-20 00:00:00+05:30,2581.0128587035488,2590.8435863509653,2527.3907078994584,2537.221435546875,481836,0.0,0.0
2021-07-22 00:00:00+05:30,2542.6476646370584,2553.3651175625387,2516.773118450286,2545.517578125,613062,10.0,0.0
2021-07-23 00:00:00+05:30,2556.100349419962,2568.6115244708994,2530.0464771412035,2542.6025390625,430659,0.0,0.0
2021-07-26 00:00:00+05:30,2538.118043914298,2541.571048271952,2518.387090922738,2520.405029296875,313614,0.0,0.0
2021-07-27 00:00:00+05:30,2530.764014357301,2534.7550045396515,2502.6922035092075,2505.69677734375,427442,0.0,0.0
2021-07-28 00:00:00+05:30,2507.8941155527327,2516.548742338471,2476.2348575371707,2491.21240234375,415048,0.0,0.0
2021-07-29 00:00:00+05:30,2497.5800692349053,2497.5800692349053,2457.4006283084514,2462.5126953125,611448,0.0,0.0
2021-07-30 00:00:00+05:30,2478.925366725576,2513.006106210226,2462.5127562869525,2478.297607421875,745920,0.0,0.0
2021-08-02 00:00:00+05:30,2484.3966401485777,2508.342803335843,2480.046773394024,2495.24853515625,464874,0.0,0.0
2021-08-03 00:00:00+05:30,2497.131702995636,2530.9433402551686,2497.131702995636,2528.342529296875,530085,0.0,0.0
2021-08-04 00:00:00+05:30,2539.732767964595,2541.9749220045805,2512.109386399901,2516.145263671875,308031,0.0,0.0
2021-08-05 00:00:00+05:30,2516.5936142174583,2539.6429132213216,2497.7595208822595,2528.073486328125,316844,0.0,0.0
2021-08-06 00:00:00+05:30,2538.118005607704,2556.9969836817627,2521.705396620367,2541.526123046875,445529,0.0,0.0
2021-08-09 00:00:00+05:30,2556.0555145971784,2570.3155261997395,2533.6339749954486,2543.7685546875,422204,0.0,0.0
2021-08-10 00:00:00+05:30,2550.5398148594104,2550.5398148594104,2502.243732650462,2508.566650390625,574570,0.0,0.0
2021-08-11 00:00:00+05:30,2520.1809858204297,2524.5308519743985,2467.490369124006,2494.710205078125,551805,0.0,0.0
2021-08-12 00:00:00+05:30,2511.2121865822355,2512.3332634512453,2488.790649202037,2495.920654296875,410605,0.0,0.0
2021-08-13 00:00:00+05:30,2508.3873095628514,2524.1270545711095,2468.1629815275846,2486.279541015625,1083905,0.0,0.0
2021-08-16 00:00:00+05:30,2488.790810143226,2491.3916210633834,2459.0150503688956,2463.99267578125,396756,0.0,0.0
2021-08-17 00:00:00+05:30,2469.957090001079,2502.244110785407,2433.1857607744832,2495.607421875,877329,0.0,0.0
2021-08-18 00:00:00+05:30,2502.692384855225,2506.7282622004495,2468.6116428288865,2478.56689453125,613650,0.0,0.0
2021-08-20 00:00:00+05:30,2404.6650490673524,2458.2974114305784,2404.6650490673524,2419.283935546875,809463,0.0,0.0
2021-08-23 00:00:00+05:30,2422.423085596396,2431.3019275003758,2382.512745978092,2404.127197265625,758426,0.0,0.0
2021-08-24 00:00:00+05:30,2404.485692521415,2417.041753578968,2378.476708902198,2399.866943359375,567946,0.0,0.0
2021-08-25 00:00:00+05:30,2406.279237459871,2428.700773403403,2394.6200387692343,2398.16259765625,407780,0.0,0.0
2021-08-26 00:00:00+05:30,2399.1048922643236,2403.589200474163,2369.9568889003644,2374.486083984375,445529,0.0,0.0
2021-08-27 00:00:00+05:30,2374.889398241143,2403.499194268749,2364.127059578419,2398.252685546875,517155,0.0,0.0
2021-08-30 00:00:00+05:30,2403.5892401707933,2447.5354613530203,2403.5892401707933,2445.069091796875,518747,0.0,0.0
2021-08-31 00:00:00+05:30,2445.7418191055917,2462.7821911492315,2422.5131890092,2459.060302734375,708031,0.0,0.0
2021-09-01 00:00:00+05:30,2474.4412813692434,2478.9255895993433,2448.97049820642,2458.163330078125,442282,0.0,0.0
2021-09-02 00:00:00+05:30,2443.948040392313,2456.3696620533165,2423.8584266536022,2448.746337890625,422436,0.0,0.0
2021-09-03 00:00:00+05:30,2450.2257270650002,2523.7234864694838,2450.2257270650002,2510.718994140625,981491,0.0,0.0
2021-09-06 00:00:00+05:30,2533.454418603741,2538.118054629369,2512.1090710306935,2526.63818359375,580935,0.0,0.0
2021-09-07 00:00:00+05:30,2527.5804890910526,2533.634305573396,2503.1410077364067,2509.19482421875,311022,0.0,0.0
2021-09-08 00:00:00+05:30,2510.3155384529214,2520.001687216513,2493.275168595613,2509.732666015625,341207,0.0,0.0
2021-09-09 00:00:00+05:30,2495.9657259449637,2516.8626441224137,2478.028494712876,2508.252685546875,403669,0.0,0.0
2021-09-13 00:00:00+05:30,2484.3067926452572,2522.7820701890823,2484.3067926452572,2502.064697265625,279930,0.0,0.0
2021-09-14 00:00:00+05:30,2511.2123790608384,2565.9209344618066,2511.2123790608384,2557.580078125,880592,0.0,0.0
2021-09-15 00:00:00+05:30,2565.024335087355,2587.445876477979,2565.024335087355,2578.432373046875,681873,0.0,0.0
2021-09-16 00:00:00+05:30,2591.0329713580336,2624.216848111321,2584.665166883404,2619.1943359375,1118060,0.0,0.0
2021-09-17 00:00:00+05:30,2637.670213828912,2649.7329596920567,2597.8943105414946,2629.688232421875,1024040,0.0,0.0
2021-09-20 00:00:00+05:30,2618.835475833838,2618.835475833838,2577.176304607928,2591.481201171875,442234,0.0,0.0
2021-09-21 00:00:00+05:30,2591.929902788271,2596.4142105785622,2524.127081414933,2556.458984375,580932,0.0,0.0
2021-09-22 00:00:00+05:30,2556.055445612813,2565.0240612114544,2533.723680356333,2553.544189453125,561230,0.0,0.0
2021-09-23 00:00:00+05:30,2556.0555439700847,2584.7551149900996,2553.589174585552,2558.791015625,448036,0.0,0.0
2021-09-24 00:00:00+05:30,2556.055750864804,2567.08719316061,2526.773305022377,2541.212646484375,603710,0.0,0.0
2021-09-27 00:00:00+05:30,2547.9837914827235,2626.0107502504097,2547.9837914827235,2612.512939453125,1187306,0.0,0.0
2021-09-28 00:00:00+05:30,2625.9655448359,2635.875908050885,2592.8265567115036,2619.328857421875,788979,0.0,0.0
2021-09-29 00:00:00+05:30,2614.35159584052,2619.3292215732135,2569.956946099832,2588.47705078125,613787,0.0,0.0
2021-09-30 00:00:00+05:30,2562.602808170727,2581.930220307866,2535.6071852182986,2540.360595703125,920513,0.0,0.0
2021-10-01 00:00:00+05:30,2535.6071621519654,2556.9525127852467,2513.2305082260464,2554.217041015625,329726,0.0,0.0
2021-10-04 00:00:00+05:30,2566.414617415278,2573.9930549172973,2556.0558210851214,2561.033447265625,386779,0.0,0.0
2021-10-05 00:00:00+05:30,2558.745916520567,2564.7099580443423,2547.0867167607466,2551.16748046875,316991,0.0,0.0
2021-10-06 00:00:00+05:30,2547.0869685623397,2556.055584648827,2494.172133652066,2509.55322265625,468624,0.0,0.0
2021-10-07 00:00:00+05:30,2529.1499268261127,2564.441521367923,2520.181310064318,2548.56689453125,552458,0.0,0.0
2021-10-08 00:00:00+05:30,2571.974871603047,2575.786533430024,2547.086962026904,2548.970458984375,300133,0.0,0.0
2021-10-11 00:00:00+05:30,2551.571153561443,2581.6609028726634,2549.9567589516555,2563.051025390625,658779,0.0,0.0
2021-10-12 00:00:00+05:30,2577.490705979006,2625.5625798239803,2560.7643231571033,2615.83154296875,956819,0.0,0.0
2021-10-13 00:00:00+05:30,2624.216800584295,2642.9164508110052,2607.22131861728,2623.499267578125,754779,0.0,0.0
2021-10-14 00:00:00+05:30,2631.3920413226224,2640.4950993483703,2600.8987456835735,2625.83154296875,572466,0.0,0.0
2021-10-18 00:00:00+05:30,2635.876310802497,2645.7417886585117,2597.4905895342954,2604.575927734375,440831,0.0,0.0
2021-10-19 00:00:00+05:30,2604.5759579290525,2627.804586656996,2569.957011285195,2579.4189453125,447221,0.0,0.0
2021-10-20 00:00:00+05:30,2567.7147508968005,2579.373951651833,2513.006193507801,2525.562255859375,424722,0.0,0.0
2021-10-21 00:00:00+05:30,2542.60259459088,2542.60259459088,2443.947820197583,2472.5576171875,737326,0.0,0.0
2021-10-22 00:00:00+05:30,2487.8942105,2511.21261333814,2446.145257011181,2461.122802734375,387942,0.0,0.0
2021-10-25 00:00:00+05:30,2460.943545340379,2470.7194689582757,2402.737310311252,2409.68798828125,326076,0.0,0.0
2021-10-26 00:00:00+05:30,2418.7455764042406,2428.700826163558,2408.0730126473977,2421.974365234375,282346,0.0,0.0
2021-10-27 00:00:00+05:30,2434.0372421815937,2447.8490407602058,2405.3825608361813,2412.69189453125,444512,0.0,0.0
2021-10-28 00:00:00+05:30,2433.903059632315,2433.903059632315,2385.65186164605,2392.6025390625,366561,0.0,0.0
2021-10-29 00:00:00+05:30,2404.4864225438146,2424.0829399424383,2366.8182279347734,2383.051513671875,614962,0.0,0.0
2021-11-01 00:00:00+05:30,2399.104729654348,2415.0689095914067,2369.5082974754346,2404.216796875,502481,0.0,0.0
2021-11-02 00:00:00+05:30,2417.0419316495395,2422.9164187263223,2400.4948794716884,2407.445556640625,813089,0.0,0.0
2021-11-03 00:00:00+05:30,2418.835844645058,2418.835844645058,2367.714731131981,2369.01513671875,504184,0.0,0.0
2021-11-04 00:00:00+05:30,2376.683229932598,2408.0733857996324,2376.683229932598,2401.346923828125,93301,0.0,0.0
2021-11-08 00:00:00+05:30,2428.4321532697963,2430.225876501367,2395.0689449546544,2406.18994140625,644351,0.0,0.0
2021-11-09 00:00:00+05:30,2416.996994756668,2466.36926696563,2406.817747521941,2434.396240234375,723569,0.0,0.0
2021-11-10 00:00:00+05:30,2434.0824715421454,2450.181094059647,2423.185690287219,2438.387451171875,390217,0.0,0.0
2021-11-11 00:00:00+05:30,2443.947949025236,2443.947949025236,2408.6116882821893,2422.33349609375,264937,0.0,0.0
2021-11-12 00:00:00+05:30,2439.463701388555,2439.463701388555,2403.589235191664,2406.32470703125,352693,0.0,0.0
2021-11-15 00:00:00+05:30,2452.91687833226,2497.5806371301683,2408.9706527241133,2415.472900390625,2023708,0.0,0.0
2021-11-16 00:00:00+05:30,2432.4680131807627,2483.409796385877,2422.4232069477266,2467.176513671875,1246961,0.0,0.0
2021-11-17 00:00:00+05:30,2467.1765814582027,2487.5801836322958,2450.0915424982936,2465.78662109375,570038,0.0,0.0
2021-11-18 00:00:00+05:30,2475.338026793497,2478.0286116052293,2392.064339286249,2407.93896484375,559569,0.0,0.0
2021-11-22 00:00:00+05:30,2408.073566426801,2419.91209659258,2348.6115943464233,2362.871826171875,636253,0.0,0.0
2021-11-23 00:00:00+05:30,2354.2167477212756,2373.9028155022716,2331.840095215031,2360.718994140625,626376,0.0,0.0
2021-11-24 00:00:00+05:30,2373.54432315889,2383.768458240157,2343.499458308778,2350.71923828125,564230,0.0,0.0
2021-11-25 00:00:00+05:30,2367.7142943976373,2367.7142943976373,2314.889241095394,2327.08642578125,625134,0.0,0.0
2021-11-26 00:00:00+05:30,2313.9027657367624,2322.6022788546356,2246.7725921001484,2268.521484375,685448,0.0,0.0
2021-11-29 00:00:00+05:30,2264.575453791526,2268.1180131845967,2193.857831739483,2233.90283203125,594113,0.0,0.0
2021-11-30 00:00:00+05:30,2220.6290189928905,2253.4989045695406,2174.037109014082,2196.682861328125,1527406,0.0,0.0
2021-12-01 00:00:00+05:30,2224.2165286656823,2224.2165286656823,2185.6963708826706,2195.6962890625,769987,0.0,0.0
2021-12-02 00:00:00+05:30,2177.580007225386,2227.0867247178458,2160.449862747502,2217.669677734375,921229,0.0,0.0
2021-12-03 00:00:00+05:30,2228.701325921222,2239.8672103012673,2198.2529149788807,2208.47705078125,499760,0.0,0.0
2021-12-06 00:00:00+05:30,2219.5082009307607,2220.091073375152,2162.916147500079,2170.405029296875,347297,0.0,0.0
2021-12-07 00:00:00+05:30,2183.8581070741775,2219.7325728988044,2179.4635725948056,2207.89404296875,347226,0.0,0.0
2021-12-08 00:00:00+05:30,2206.4135487826316,2242.153564179781,2206.4135487826316,2233.767822265625,308181,0.0,0.0
2021-12-09 00:00:00+05:30,2251.122524903855,2268.0731208737748,2225.472196597706,2260.943115234375,402958,0.0,0.0
2021-12-10 00:00:00+05:30,2260.7190329634545,2282.3334855056673,2253.723468562547,2266.23486328125,327197,0.0,0.0
2021-12-13 00:00:00+05:30,2286.9968158974198,2288.7905388902805,2233.185126111598,2237.66943359375,332491,0.0,0.0
2021-12-14 00:00:00+05:30,2224.2168819533213,2231.391775120913,2206.279649034343,2227.625,365318,0.0,0.0
2021-12-15 00:00:00+05:30,2227.8939221506307,2263.678611346495,2220.7636974735574,2248.56640625,470021,0.0,0.0
2021-12-16 00:00:00+05:30,2253.8135263049635,2264.5758670593045,2205.6520952213627,2216.235107421875,496003,0.0,0.0
2021-12-17 00:00:00+05:30,2214.350870433542,2214.350870433542,2171.3015217981388,2192.51220703125,492339,0.0,0.0
2021-12-20 00:00:00+05:30,2183.8580632970325,2183.8580632970325,2071.750359842359,2113.5888671875,687713,0.0,0.0
2021-12-21 00:00:00+05:30,2143.499114399971,2143.499114399971,2092.422892683638,2105.292724609375,401977,0.0,0.0
2021-12-22 00:00:00+05:30,2112.108837364491,2121.9743138872127,2096.2344325699955,2106.54833984375,367785,0.0,0.0
2021-12-23 00:00:00+05:30,2121.0776323736172,2155.158372344102,2109.8668626464837,2145.920654296875,472868,0.0,0.0
2021-12-24 00:00:00+05:30,2164.1268369989207,2164.1268369989207,2131.4811654173836,2145.6962890625,343453,0.0,0.0
2021-12-27 00:00:00+05:30,2143.499135851959,2161.615695634874,2126.458766152718,2154.261474609375,223494,0.0,0.0
2021-12-28 00:00:00+05:30,2156.0553944141298,2174.889488957681,2148.790727506044,2168.43212890625,265463,0.0,0.0
2021-12-29 00:00:00+05:30,2171.3020191856954,2190.8536466284277,2161.43654119683,2182.28857421875,270407,0.0,0.0
2021-12-30 00:00:00+05:30,2174.8896227129194,2186.4143831431984,2163.5444097909594,2181.077880859375,366389,0.0,0.0
2021-12-31 00:00:00+05:30,2181.1674635454956,2227.4456108002582,2181.1674635454956,2208.1630859375,253608,0.0,0.0
2022-01-03 00:00:00+05:30,2208.9703181753744,2239.015184459936,2208.9703181753744,2221.167724609375,234912,0.0,0.0
2022-01-04 00:00:00+05:30,2234.9791331430565,2239.1047841350864,2213.813111553226,2228.611328125,181575,0.0,0.0
2022-01-05 00:00:00+05:30,2228.656175890068,2253.768300540906,2222.3781447273586,2247.53515625,294097,0.0,0.0
2022-01-06 00:00:00+05:30,2233.185480557955,2250.2258516947427,2209.8670779497197,2238.566650390625,406402,0.0,0.0
2022-01-07 00:00:00+05:30,2250.2255210225085,2256.055120817904,2226.0102603339446,2241.3466796875,308537,0.0,0.0
2022-01-10 00:00:00+05:30,2232.5576208728335,2317.49037045623,2232.5576208728335,2312.198974609375,783876,0.0,0.0
2022-01-11 00:00:00+05:30,2318.0731883785643,2324.7996502088777,2296.6831711343743,2303.36474609375,372092,0.0,0.0
2022-01-12 00:00:00+05:30,2309.418470319738,2327.355701157173,2297.7592702754055,2323.31982421875,410716,0.0,0.0
2022-01-13 00:00:00+05:30,2330.9433068703333,2331.8401684735923,2304.93432037582,2326.100341796875,243121,0.0,0.0
2022-01-14 00:00:00+05:30,2322.871618055633,2327.1765976649504,2291.481461054881,2304.665283203125,267065,0.0,0.0
2022-01-17 00:00:00+05:30,2330.9432691834977,2443.454511701189,2324.1719203963007,2422.87158203125,2357848,0.0,0.0
2022-01-18 00:00:00+05:30,2424.21682689457,2445.7415046028464,2381.3468000001853,2415.11376953125,1082632,0.0,0.0
2022-01-19 00:00:00+05:30,2417.042188182881,2457.4009631247104,2399.1498417507437,2421.34716796875,763040,0.0,0.0
2022-01-20 00:00:00+05:30,2421.525923762021,2474.6649648667985,2417.9833648137655,2430.001220703125,1022978,0.0,0.0
2022-01-21 00:00:00+05:30,2424.8447179753007,2490.5847185072275,2383.1855395222656,2466.459228515625,1170753,0.0,0.0
2022-01-24 00:00:00+05:30,2457.4011283226855,2483.76877547309,2392.423540090317,2427.087158203125,593277,0.0,0.0
2022-01-25 00:00:00+05:30,2425.2036913842117,2501.347158388515,2379.2395315178037,2495.114013671875,971148,0.0,0.0
2022-01-27 00:00:00+05:30,2451.122756873705,2484.306636128856,2411.6608464081205,2434.979248046875,559824,0.0,0.0
2022-01-28 00:00:00+05:30,2439.6428267057213,2470.8536534892337,2388.387274980637,2396.548583984375,466238,0.0,0.0
2022-01-31 00:00:00+05:30,2403.723257682756,2452.064223829351,2403.723257682756,2443.31982421875,442531,0.0,0.0
2022-02-01 00:00:00+05:30,2464.5756427208444,2484.1272691225627,2401.7953315889454,2445.517333984375,414159,0.0,0.0
2022-02-02 00:00:00+05:30,2424.2169154840126,2460.450036699559,2419.7326074642497,2423.6787109375,283071,0.0,0.0
2022-02-03 00:00:00+05:30,2425.3831692994036,2527.311415189315,2407.17683277065,2494.620849609375,1436881,0.0,0.0
2022-02-04 00:00:00+05:30,2479.822717622652,2493.275643758037,2432.961691584394,2441.033447265625,585251,0.0,0.0
2022-02-07 00:00:00+05:30,2441.032980142836,2452.0195343843166,2354.2616231744078,2374.934326171875,688838,0.0,0.0
2022-02-08 00:00:00+05:30,2386.1452497836435,2414.0375150571203,2376.683315809763,2396.369384765625,625615,0.0,0.0
2022-02-09 00:00:00+05:30,2403.9477589665235,2454.3515563464707,2397.35595754459,2447.40087890625,359950,0.0,0.0
2022-02-10 00:00:00+05:30,2462.2437358573948,2467.266248374613,2422.4680554868173,2452.109375,448648,0.0,0.0
2022-02-11 00:00:00+05:30,2394.6204469247855,2463.6787894016425,2381.1675230656574,2438.2080078125,1235994,0.0,0.0
2022-02-14 00:00:00+05:30,2404.486139062353,2424.3515374835133,2359.4188401112588,2375.338134765625,576694,0.0,0.0
2022-02-15 00:00:00+05:30,2376.683060445378,2500.3155102492838,2358.745829800507,2492.064208984375,1131545,0.0,0.0
2022-02-16 00:00:00+05:30,2480.898828691407,2551.2129184230334,2480.898828691407,2499.374267578125,1127829,0.0,0.0
2022-02-17 00:00:00+05:30,2511.2121329445777,2576.055261455175,2493.7682210274374,2505.337646484375,1166885,0.0,0.0
2022-02-18 00:00:00+05:30,2493.2750029064887,2527.3557403562895,2465.4274091718876,2487.938720703125,662754,0.0,0.0
2022-02-21 00:00:00+05:30,2493.3473743954205,2519.0605370832623,2461.309149224366,2487.29736328125,522214,60.0,0.0
2022-02-22 00:00:00+05:30,2452.096360923933,2522.727269086415,2425.604147364154,2503.476806640625,644900,0.0,0.0
2022-02-23 00:00:00+05:30,2516.3104340970667,2532.3066068505364,2442.975339478573,2448.154541015625,631227,0.0,0.0
2022-02-24 00:00:00+05:30,2400.441310603928,2405.94144324217,2236.720606218528,2282.921630859375,1934361,0.0,0.0
2022-02-25 00:00:00+05:30,2369.365059265824,2376.0569310308433,2296.029968801909,2345.256103515625,715496,0.0,0.0
2022-02-28 00:00:00+05:30,2316.472530483997,2334.76042675394,2281.6842362921266,2324.218505859375,1008620,0.0,0.0
2022-03-02 00:00:00+05:30,2289.888401081693,2290.346745437394,2219.3033703037545,2224.161865234375,855090,0.0,0.0
2022-03-03 00:00:00+05:30,2237.6371166681984,2262.3877115678465,2204.6363234686673,2216.003173828125,831912,0.0,0.0
2022-03-04 00:00:00+05:30,2200.0529201966606,2203.353089097338,2109.3924956306055,2118.74267578125,1266961,0.0,0.0
2022-03-07 00:00:00+05:30,2099.0338691470497,2099.0338691470497,1989.3062744718725,2015.5234375,1284637,0.0,0.0
2022-03-08 00:00:00+05:30,1999.2975719410615,2071.028445395618,1967.9927499154385,2064.0615234375,1081826,0.0,0.0
2022-03-09 00:00:00+05:30,2077.216663213204,2118.101070111924,2048.936726358254,2099.675537109375,670764,0.0,0.0
2022-03-10 00:00:00+05:30,2154.2184175710977,2209.632204020343,2119.4301266092352,2127.4052734375,716132,0.0,0.0
2022-03-11 00:00:00+05:30,2124.8843732507244,2149.634967762273,2096.558782385665,2136.984619140625,467988,0.0,0.0
2022-03-14 00:00:00+05:30,2135.8847066986837,2155.1351697204313,2092.1586997380477,2146.793212890625,382149,0.0,0.0
2022-03-15 00:00:00+05:30,2149.6349853193383,2181.719089577836,2108.3839941298415,2125.2509765625,612285,0.0,0.0
2022-03-16 00:00:00+05:30,2154.4016143451086,2178.510570531758,2140.467991664908,2172.09375,493507,0.0,0.0
2022-03-17 00:00:00+05:30,2184.468717129191,2226.865560673977,2177.1352090565792,2218.29443359375,781757,0.0,0.0
2022-03-21 00:00:00+05:30,2231.907542924822,2244.007787544084,2181.718842657799,2192.306640625,516893,0.0,0.0
2022-03-22 00:00:00+05:30,2204.636267574066,2232.1369278764455,2149.680826163334,2221.732421875,470208,0.0,0.0
2022-03-23 00:00:00+05:30,2221.1368978861774,2236.5373140390616,2133.3180686367155,2195.148681640625,1137046,0.0,0.0
2022-03-24 00:00:00+05:30,2164.3018949276766,2225.0325177734867,2138.6346128192586,2211.1904296875,692836,0.0,0.0
2022-03-25 00:00:00+05:30,2218.386534654441,2234.886930366747,2169.5728640055368,2180.252197265625,467568,0.0,0.0
2022-03-28 00:00:00+05:30,2172.5519700396803,2198.081836929505,2153.301509545658,2179.839599609375,493636,0.0,0.0
2022-03-29 00:00:00+05:30,2186.3026791139573,2200.969699183485,1974.5934560580629,2026.4779052734375,2475877,0.0,0.0
2022-03-30 00:00:00+05:30,2062.5495315367175,2090.96688063789,2040.9155891522198,2082.395751953125,3115035,0.0,0.0
2022-03-31 00:00:00+05:30,2090.0504276012844,2123.876154211811,2090.0504276012844,2103.021484375,1338490,0.0,0.0
2022-04-01 00:00:00+05:30,2002.9647292716138,2058.882737731828,1970.8806260567367,2053.52001953125,3541517,0.0,0.0
2022-04-04 00:00:00+05:30,2062.5497416391804,2125.8012670494486,2062.5497416391804,2119.1552734375,1417392,0.0,0.0
2022-04-05 00:00:00+05:30,2135.7929576142246,2156.647625978666,2122.134385216797,2137.947265625,715666,0.0,0.0
2022-04-06 00:00:00+05:30,2134.051139187729,2153.439014269511,2114.388212755658,2151.37646484375,812337,0.0,0.0
2022-04-07 00:00:00+05:30,2154.218451945346,2170.9021415789443,2142.1640850218623,2154.7685546875,853476,0.0,0.0
2022-04-08 00:00:00+05:30,2158.8020610555677,2181.7192803873677,2136.3890653092612,2165.63134765625,694946,0.0,0.0
2022-04-11 00:00:00+05:30,2161.506091899814,2164.9895537465873,2136.9387897921442,2140.834716796875,408871,0.0,0.0
2022-04-12 00:00:00+05:30,2131.2552127524573,2132.171901394154,2095.0918905977114,2106.458740234375,502227,0.0,0.0
2022-04-13 00:00:00+05:30,2100.638093971962,2118.6050587136865,2079.8749600559236,2084.916748046875,426929,0.0,0.0
2022-04-18 00:00:00+05:30,2080.7915694352146,2103.7546658967294,2061.7702791037773,2095.000244140625,422209,0.0,0.0
2022-04-19 00:00:00+05:30,2115.717622093505,2133.5930526094594,2055.582750939959,2074.69580078125,484466,0.0,0.0
2022-04-20 00:00:00+05:30,2080.883316058128,2122.1343069050954,2073.228876013922,2085.329345703125,424461,0.0,0.0
2022-04-21 00:00:00+05:30,2091.8833735344874,2128.3217451812866,2087.299930560047,2124.563232421875,341987,0.0,0.0
2022-04-22 00:00:00+05:30,2103.8003094097335,2112.9671952895146,2084.2289185360314,2103.11279296875,598737,0.0,0.0
2022-04-25 00:00:00+05:30,2079.324770638045,2138.588598380825,2077.2163421237183,2097.93359375,596296,0.0,0.0
2022-04-26 00:00:00+05:30,2118.467683174687,2211.969934876902,2109.575847135747,2206.698974609375,1311255,0.0,0.0
2022-04-27 00:00:00+05:30,2190.88592578125,2317.9390652235033,2172.55215234375,2291.7216796875,2082863,0.0,0.0
2022-04-28 00:00:00+05:30,2328.2060626669404,2330.176853900357,2289.9343084943257,2307.58056640625,1182758,0.0,0.0
2022-04-29 00:00:00+05:30,2299.6051046179073,2339.3893002188124,2283.8837608942663,2297.8173828125,839920,0.0,0.0
2022-05-02 00:00:00+05:30,2255.2372393690252,2296.855035912595,2244.145441636752,2280.07958984375,667551,0.0,0.0
2022-05-04 00:00:00+05:30,2236.7207278481014,2310.0558336791864,2198.953193105289,2208.76171875,1263034,0.0,0.0
2022-05-05 00:00:00+05:30,2227.6452353020977,2326.6932674467716,2227.6452353020977,2293.234130859375,1675043,0.0,0.0
2022-05-06 00:00:00+05:30,2209.2198805617268,2382.474053767605,2206.6989865071437,2349.794189453125,2491483,0.0,0.0
2022-05-09 00:00:00+05:30,2342.139553337491,2346.7229966904024,2278.8880350673203,2285.07568359375,996952,0.0,0.0
2022-05-10 00:00:00+05:30,2277.9712005500937,2309.459543888935,2253.7707107165334,2263.99169921875,644415,0.0,0.0
2022-05-11 00:00:00+05:30,2260.0959433203975,2309.5053737128023,2207.2945857670616,2264.49609375,575504,0.0,0.0
2022-05-12 00:00:00+05:30,2254.1374829377605,2254.1374829377605,2173.468878424331,2201.15283203125,966472,0.0,0.0
2022-05-13 00:00:00+05:30,2213.7572031907616,2291.721617374013,2213.7572031907616,2245.10791015625,691344,0.0,0.0
2022-05-16 00:00:00+05:30,2245.9330940257514,2302.676032504615,2236.720328241454,2287.963134765625,473407,0.0,0.0
2022-05-17 00:00:00+05:30,2305.4715754911645,2327.3346857174756,2293.600504186689,2313.263427734375,517525,0.0,0.0
2022-05-18 00:00:00+05:30,2314.9599447629735,2341.40628001088,2302.538767867222,2327.47265625,332168,0.0,0.0
2022-05-19 00:00:00+05:30,2300.980390472835,2336.639491306245,2292.225968646354,2305.930419921875,556405,0.0,0.0
2022-05-20 00:00:00+05:30,2332.972919679367,2395.6743420277685,2332.972919679367,2374.361328125,751633,0.0,0.0
2022-05-23 00:00:00+05:30,2397.1865154281954,2475.01328633486,2393.0614168189886,2406.032470703125,744827,0.0,0.0
2022-05-24 00:00:00+05:30,2410.8454053640185,2432.891813391757,2395.67416259643,2417.30810546875,616849,0.0,0.0
2022-05-25 00:00:00+05:30,2420.241564191198,2446.8714168220204,2368.402771235338,2378.5322265625,525893,0.0,0.0
2022-05-26 00:00:00+05:30,2390.7242054953936,2426.7959965059013,2360.4734774350604,2416.803955078125,362813,0.0,0.0
2022-05-27 00:00:00+05:30,2424.7790154786676,2499.7183164006083,2418.2247808205543,2493.2099609375,654718,0.0,0.0
2022-05-30 00:00:00+05:30,2497.0602697015634,2555.224128800606,2497.0602697015634,2539.732177734375,924244,0.0,0.0
2022-05-31 00:00:00+05:30,2543.7189346317705,2575.848912649559,2522.8642703918117,2542.80224609375,1859231,0.0,0.0
2022-06-01 00:00:00+05:30,2566.636840563638,2566.636840563638,2503.9354171665136,2527.861083984375,430807,0.0,0.0
2022-06-02 00:00:00+05:30,2503.110377016106,2505.3103404840717,2420.424873163165,2441.23388671875,1093645,0.0,0.0
2022-06-03 00:00:00+05:30,2452.14247985456,2464.701071346331,2360.6110158992265,2368.49462890625,753558,0.0,0.0
2022-06-06 00:00:00+05:30,2351.306359657889,2378.302795323403,2314.7305724724747,2329.07666015625,965347,0.0,0.0
2022-06-07 00:00:00+05:30,2314.638923830711,2363.269303208413,2291.72170676308,2356.669189453125,550257,0.0,0.0
2022-06-08 00:00:00+05:30,2368.723732164809,2399.0203401401905,2340.627311472017,2370.51123046875,539786,0.0,0.0
2022-06-09 00:00:00+05:30,2365.0108921210845,2386.6448342782955,2346.7229978937808,2381.64892578125,327503,0.0,0.0
2022-06-10 00:00:00+05:30,2365.056949570292,2396.5909527108447,2360.8859710424467,2385.17822265625,324452,0.0,0.0
2022-06-13 00:00:00+05:30,2346.7229626804365,2394.6658242172603,2325.2266584270087,2382.29052734375,625967,0.0,0.0
2022-06-14 00:00:00+05:30,2379.677824192736,2397.049029116348,2319.2222532987525,2344.52294921875,509259,0.0,0.0
2022-06-15 00:00:00+05:30,2353.139802811445,2409.0578113706574,2344.5230188817145,2388.2490234375,673444,0.0,0.0
2022-06-16 00:00:00+05:30,2402.182588360626,2405.6201707709874,2301.8510611703955,2309.1845703125,493824,0.0,0.0
2022-06-17 00:00:00+05:30,2308.222184996344,2308.222184996344,2251.0665540802024,2261.837646484375,725864,0.0,0.0
2022-06-20 00:00:00+05:30,2250.5624543959043,2293.050840180499,2231.1284754547924,2248.224853515625,377385,0.0,0.0
2022-06-21 00:00:00+05:30,2259.6375734695566,2314.5014799360415,2259.6375734695566,2290.98828125,381831,0.0,0.0
2022-06-22 00:00:00+05:30,2287.1380866248805,2340.764370419492,2273.387757446775,2314.134521484375,873408,0.0,0.0
2022-06-23 00:00:00+05:30,2358.2278338939523,2462.8218924337816,2358.2278338939523,2451.317626953125,1846048,0.0,0.0
2022-06-24 00:00:00+05:30,2488.8097809284677,2537.1192298901674,2466.0758567697417,2530.014892578125,1354569,0.0,0.0
2022-06-27 00:00:00+05:30,2555.3154625396855,2574.978389102477,2503.1100892652034,2525.935546875,1005184,0.0,0.0
2022-06-28 00:00:00+05:30,2519.060602415922,2560.036543437387,2502.560205456866,2536.20263671875,714029,0.0,0.0
2022-06-29 00:00:00+05:30,2511.7730225015634,2552.748964349294,2502.5602559201266,2523.093994140625,653929,0.0,0.0
2022-06-30 00:00:00+05:30,2516.3104324808924,2541.9777155808797,2487.893083334478,2493.1181640625,643735,0.0,0.0
2022-07-01 00:00:00+05:30,2488.8094977927262,2539.2273697553783,2459.796393720042,2533.5439453125,393346,0.0,0.0
2022-07-04 00:00:00+05:30,2520.8937928785,2565.811536824335,2510.718459321414,2530.47314453125,499627,0.0,0.0
2022-07-05 00:00:00+05:30,2533.0860856960808,2540.0071305681204,2502.560305343239,2509.206298828125,401190,0.0,0.0
2022-07-06 00:00:00+05:30,2509.4353597229015,2605.2293305324147,2506.31870760929,2595.879150390625,739745,0.0,0.0
2022-07-07 00:00:00+05:30,2618.97953249535,2629.7506243773314,2589.782908809772,2602.8916015625,382303,0.0,0.0
2022-07-08 00:00:00+05:30,2611.0959884723216,2640.017561550399,2584.191309563352,2611.921142578125,532145,0.0,0.0
2022-07-11 00:00:00+05:30,2580.478768338211,2635.846677967962,2574.1078264412267,2629.155029296875,428940,0.0,0.0
2022-07-12 00:00:00+05:30,2616.68801298823,2644.234554434461,2597.8958937847765,2635.9384765625,422887,0.0,0.0
2022-07-13 00:00:00+05:30,2644.6465424138455,2650.880069492371,2598.812113602514,2606.466552734375,539917,0.0,0.0
2022-07-14 00:00:00+05:30,2601.5624571379267,2627.2297400131424,2541.106883840242,2560.128173828125,620757,0.0,0.0
2022-07-15 00:00:00+05:30,2566.6824115339705,2581.8077746757604,2550.9154110796885,2566.774169921875,816619,0.0,0.0
2022-07-18 00:00:00+05:30,2594.183125659664,2599.591723236574,2571.54095967077,2583.182861328125,369313,0.0,0.0
2022-07-19 00:00:00+05:30,2580.478472752722,2609.6750949044185,2551.5569019480067,2567.828125,661056,0.0,0.0
2022-07-20 00:00:00+05:30,2585.0618636408863,2602.2497749682857,2575.8949775996066,2591.24951171875,201509,0.0,0.0
2022-07-21 00:00:00+05:30,2585.0621517826303,2616.229567797031,2580.524587446607,2610.546142578125,314132,0.0,0.0
2022-07-22 00:00:00+05:30,2613.52504187804,2643.1797834000013,2603.6706395634483,2632.363037109375,576270,0.0,0.0
2022-07-25 00:00:00+05:30,2635.479756500082,2636.2131521490332,2595.5579227327385,2602.341552734375,421977,0.0,0.0
2022-07-26 00:00:00+05:30,2603.396049049362,2610.4545076615914,2553.5739259846687,2567.416015625,347002,0.0,0.0
2022-07-27 00:00:00+05:30,2566.7194666292307,2588.0236570202046,2534.554338650025,2583.010986328125,498259,35.0,0.0
2022-07-28 00:00:00+05:30,2597.353149459773,2610.349198098957,2556.879650187359,2581.293701171875,294368,0.0,0.0
2022-07-29 00:00:00+05:30,2599.2096672425846,2642.65364557883,2589.555550560351,2615.96533203125,400652,0.0,0.0
2022-08-01 00:00:00+05:30,2631.6536455814485,2699.465222723744,2617.7757661901505,2637.084228515625,961562,0.0,0.0
2022-08-02 00:00:00+05:30,2623.438171482117,2626.0836596947333,2545.4154197071516,2572.70703125,1137765,0.0,0.0
2022-08-03 00:00:00+05:30,2586.21392397144,2606.4506755229672,2552.238445802988,2600.9736328125,600314,0.0,0.0
2022-08-04 00:00:00+05:30,2617.6826036033744,2625.15537693055,2579.85481900429,2605.707763671875,396416,0.0,0.0
2022-08-05 00:00:00+05:30,2606.635725915025,2608.399384506538,2563.0061393345386,2572.010498046875,512072,0.0,0.0
2022-08-08 00:00:00+05:30,2571.3611883956323,2592.990372960385,2534.229618888114,2541.702392578125,675310,0.0,0.0
2022-08-10 00:00:00+05:30,2585.2856180150266,2585.2856180150266,2536.9216563748537,2576.42041015625,895054,0.0,0.0
2022-08-11 00:00:00+05:30,2590.251870649875,2615.9189764834196,2568.9474521147545,2585.56396484375,422152,0.0,0.0
2022-08-12 00:00:00+05:30,2589.880107093549,2594.5680123351176,2554.512428665537,2563.841552734375,435760,0.0,0.0
2022-08-16 00:00:00+05:30,2603.851008958583,2641.585871429828,2582.0362144093756,2614.990478515625,1213957,0.0,0.0
2022-08-17 00:00:00+05:30,2613.134141970694,2718.9591125513903,2606.682577248756,2704.524169921875,2510869,0.0,0.0
2022-08-18 00:00:00+05:30,2717.9841008615876,2727.870516032309,2694.9624852125717,2699.650390625,805655,0.0,0.0
2022-08-19 00:00:00+05:30,2703.1782405086046,2726.292551705862,2629.704238532641,2635.088134765625,510610,0.0,0.0
2022-08-22 00:00:00+05:30,2631.699841858024,2632.3031391755794,2567.2302032280163,2581.154541015625,570304,0.0,0.0
2022-08-23 00:00:00+05:30,2576.002401346161,2608.4925217235,2558.504060146842,2602.36572265625,396875,0.0,0.0
2022-08-24 00:00:00+05:30,2581.8972621419402,2621.488705946423,2580.6439810662378,2605.1044921875,324008,0.0,0.0
2022-08-25 00:00:00+05:30,2606.729015675006,2618.750315592155,2591.690549198707,2599.024169921875,363945,0.0,0.0
2022-08-26 00:00:00+05:30,2631.699889829033,2637.176705472084,2615.0371439660844,2624.04150390625,475372,0.0,0.0
2022-08-29 00:00:00+05:30,2588.9054580113684,2628.868350291986,2563.0992015635716,2624.31982421875,339203,0.0,0.0
2022-08-30 00:00:00+05:30,2638.197987837965,2658.620350868378,2628.4974107251405,2634.206298828125,918526,0.0,0.0
2022-09-01 00:00:00+05:30,2617.7755445711437,2675.51508749712,2592.6188165924127,2670.363037109375,838699,0.0,0.0
2022-09-02 00:00:00+05:30,2681.1777515185804,2681.827508634342,2617.8684731730445,2622.55615234375,776170,0.0,0.0
2022-09-05 00:00:00+05:30,2625.2021190208397,2643.767904869643,2606.6827929632836,2638.24462890625,930716,0.0,0.0
2022-09-06 00:00:00+05:30,2638.244462597015,2663.9580290500553,2625.016341013615,2660.987548828125,481401,0.0,0.0
2022-09-07 00:00:00+05:30,2636.3414252014186,2668.8315483993233,2627.986822093386,2650.03369140625,551689,0.0,0.0
2022-09-08 00:00:00+05:30,2663.3082774274276,2667.4391192003145,2641.91116521458,2652.40087890625,519141,0.0,0.0
2022-09-09 00:00:00+05:30,2665.675512642943,2671.848545529266,2629.564924679718,2634.902587890625,522672,0.0,0.0
2022-09-12 00:00:00+05:30,2642.839258264894,2664.096989534474,2637.594515124948,2652.95751953125,313906,0.0,0.0
2022-09-13 00:00:00+05:30,2632.6281093477787,2694.823484286531,2628.9149526350175,2664.18994140625,766550,0.0,0.0
2022-09-14 00:00:00+05:30,2627.0583841563653,2663.9114193424684,2627.0583841563653,2647.0166015625,519643,0.0,0.0
2022-09-15 00:00:00+05:30,2650.265336572909,2650.265336572909,2568.158212365418,2590.205078125,1010823,0.0,0.0
2022-09-16 00:00:00+05:30,2603.2014231227886,2603.2014231227886,2478.532139470017,2492.64208984375,1906557,0.0,0.0
2022-09-19 00:00:00+05:30,2505.1276688969374,2529.541721255287,2473.751673866077,2510.46533203125,534862,0.0,0.0
2022-09-20 00:00:00+05:30,2523.0436556771156,2620.792556470429,2519.980255905668,2572.800048828125,1009201,0.0,0.0
2022-09-21 00:00:00+05:30,2585.285485350683,2606.589677686107,2569.1333435281276,2577.5341796875,447919,0.0,0.0
2022-09-22 00:00:00+05:30,2577.5339679294366,2598.60631286108,2537.0142373386802,2577.8125,328914,0.0,0.0
2022-09-23 00:00:00+05:30,2590.761961618255,2610.5810245800603,2545.7399402147053,2563.98095703125,408930,0.0,0.0
2022-09-26 00:00:00+05:30,2543.5122086007905,2557.29739279334,2478.7175821937585,2526.19970703125,610918,0.0,0.0
2022-09-27 00:00:00+05:30,2538.8708127095083,2538.8708127095083,2441.400452440953,2449.058837890625,740040,0.0,0.0
2022-09-28 00:00:00+05:30,2413.5520723711793,2436.7593038362866,2390.43776048518,2405.5224609375,923391,0.0,0.0
2022-09-29 00:00:00+05:30,2413.598608113927,2417.5902973781635,2343.930451736673,2354.420166015625,1057406,0.0,0.0
2022-09-30 00:00:00+05:30,2366.2091628778676,2406.2647510705183,2330.005884199077,2366.394775390625,706844,0.0,0.0
2022-10-03 00:00:00+05:30,2356.461972818228,2389.369777377923,2339.7063085791146,2344.440673828125,658511,0.0,0.0
2022-10-04 00:00:00+05:30,2394.9860418573867,2439.4510021363067,2377.441467320275,2433.78857421875,391128,0.0,0.0
2022-10-06 00:00:00+05:30,2463.679585578201,2472.6374858823156,2441.632716641697,2456.34619140625,463669,0.0,0.0
2022-10-07 00:00:00+05:30,2492.3635376990483,2538.7779968660993,2422.741848948472,2436.712646484375,1065099,0.0,0.0
2022-10-10 00:00:00+05:30,2413.366400402544,2413.366400402544,2349.8712806980843,2386.16748046875,1076512,0.0,0.0
2022-10-11 00:00:00+05:30,2390.344823076485,2390.8089677023254,2352.099351233885,2365.420166015625,407068,0.0,0.0
2022-10-12 00:00:00+05:30,2367.1373781056113,2380.5511112549234,2335.668465967564,2367.183837890625,401910,0.0,0.0
2022-10-13 00:00:00+05:30,2369.9223807385797,2389.694986468544,2350.4283071014825,2363.842041015625,239037,0.0,0.0
2022-10-14 00:00:00+05:30,2390.8086804467794,2399.6274272781693,2347.689695213602,2354.04833984375,250851,0.0,0.0
2022-10-17 00:00:00+05:30,2343.00187830636,2385.703180367411,2340.727615153641,2370.572021484375,257635,0.0,0.0
2022-10-18 00:00:00+05:30,2382.4539121676944,2410.534656700355,2352.9342742414565,2378.276611328125,454003,0.0,0.0
2022-10-19 00:00:00+05:30,2389.416190120721,2389.416190120721,2350.613659655391,2358.96826171875,375698,0.0,0.0
2022-10-20 00:00:00+05:30,2354.558960802995,2385.7031070011653,2323.275661886057,2381.572265625,364460,0.0,0.0
2022-10-21 00:00:00+05:30,2386.6316509638036,2392.2013864386317,2365.2345385213825,2385.564208984375,360297,0.0,0.0
2022-10-24 00:00:00+05:30,2400.5555876424123,2404.268744003808,2390.344407648574,2396.74951171875,35097,0.0,0.0
2022-10-25 00:00:00+05:30,2400.6484707099935,2415.4081763689333,2382.0362294048246,2400.184326171875,410336,0.0,0.0
2022-10-27 00:00:00+05:30,2411.6953186718974,2432.117680877741,2392.247705443408,2423.531005859375,473043,0.0,0.0
2022-10-28 00:00:00+05:30,2435.6918717561744,2482.570479506502,2431.1895781803696,2459.827392578125,717856,0.0,0.0
2022-10-31 00:00:00+05:30,2476.6754196179663,2500.9500899178825,2466.0000945334064,2484.890869140625,511816,0.0,0.0
2022-11-01 00:00:00+05:30,2497.3301355338303,2497.8871997327774,2450.033843938068,2481.456298828125,368266,0.0,0.0
2022-11-02 00:00:00+05:30,2459.9203220473296,2466.650419846708,2441.7259867351045,2454.3505859375,565598,0.0,0.0
2022-11-03 00:00:00+05:30,2449.754865514394,2477.046473628168,2439.54368570361,2456.577880859375,311401,0.0,0.0
2022-11-04 00:00:00+05:30,2433.0457293353707,2448.0839674178474,2388.9055373357683,2403.24755859375,855256,0.0,0.0
2022-11-07 00:00:00+05:30,2412.6237064682805,2436.7592264252544,2404.269103406251,2433.092529296875,314060,0.0,0.0
2022-11-09 00:00:00+05:30,2441.4006683274797,2466.0467926442525,2434.02081429547,2461.35888671875,459177,0.0,0.0
2022-11-10 00:00:00+05:30,2461.312753105471,2526.803612111175,2438.012826387344,2517.98486328125,706321,0.0,0.0
2022-11-11 00:00:00+05:30,2530.6091952458823,2536.0395509067803,2469.2956502830266,2477.1396484375,474615,0.0,0.0
2022-11-14 00:00:00+05:30,2478.9962631063036,2513.8071074674667,2465.4431503817837,2495.612548828125,352558,0.0,0.0
2022-11-15 00:00:00+05:30,2501.2752971081663,2556.554965349166,2498.954574063902,2534.92578125,1012827,0.0,0.0
2022-11-16 00:00:00+05:30,2534.740026065047,2557.43665083385,2514.781809007723,2543.001708984375,647740,0.0,0.0
2022-11-17 00:00:00+05:30,2544.440474440683,2566.8123328553256,2531.630039275583,2547.225341796875,517393,0.0,0.0
2022-11-18 00:00:00+05:30,2538.870922972897,2542.676999287633,2508.7944440084702,2527.87060546875,469583,0.0,0.0
2022-11-21 00:00:00+05:30,2520.3050570196415,2527.2672256854416,2473.8905992476407,2485.44775390625,467604,0.0,0.0
2022-11-22 00:00:00+05:30,2478.346389062842,2497.886920768832,2475.747134146569,2492.8740234375,361527,0.0,0.0
2022-11-23 00:00:00+05:30,2498.0260454610147,2504.059924797877,2458.805829771409,2468.181640625,264132,0.0,0.0
2022-11-24 00:00:00+05:30,2473.890679054505,2488.41831415256,2456.0675720217087,2481.409912109375,498023,0.0,0.0
2022-11-25 00:00:00+05:30,2481.31701455982,2521.929666780917,2472.498267220382,2513.9462890625,423634,0.0,0.0
2022-11-28 00:00:00+05:30,2524.9002406341033,2602.9229955822257,2517.5668463853867,2583.89306640625,1223958,0.0,0.0
2022-11-29 00:00:00+05:30,2583.567905784591,2634.4381974884427,2574.2387809580187,2625.433837890625,731879,0.0,0.0
2022-11-30 00:00:00+05:30,2628.8686148156453,2655.8354620198193,2617.8685235236017,2647.387939453125,1379225,0.0,0.0
2022-12-01 00:00:00+05:30,2650.2657794302813,2677.186167382463,2623.9024556751842,2665.861083984375,782249,0.0,0.0
2022-12-02 00:00:00+05:30,2659.5484426269736,2659.5484426269736,2611.277406321004,2618.193115234375,526214,0.0,0.0
2022-12-05 00:00:00+05:30,2608.492738852711,2629.750471587269,2585.8888054268455,2624.876953125,397713,0.0,0.0
2022-12-06 00:00:00+05:30,2619.632212116573,2622.4170798119485,2578.833945705944,2598.095947265625,339117,0.0,0.0
2022-12-07 00:00:00+05:30,2592.758334398567,2601.066477857391,2553.7237261190876,2561.66064453125,340800,0.0,0.0
2022-12-08 00:00:00+05:30,2552.795300447786,2579.5300747390966,2548.3859267470125,2560.4072265625,190468,0.0,0.0
2022-12-09 00:00:00+05:30,2563.935025852376,2582.7328840252617,2535.297210525864,2554.18798828125,254995,0.0,0.0
2022-12-12 00:00:00+05:30,2553.7235626341026,2575.9095836300635,2539.8456845650926,2572.70703125,166357,0.0,0.0
2022-12-13 00:00:00+05:30,2584.264252915071,2613.1805979190226,2550.845841201842,2561.567626953125,440848,0.0,0.0
2022-12-14 00:00:00+05:30,2564.352480295991,2583.3359492950526,2532.001737339423,2550.33544921875,438317,0.0,0.0
2022-12-15 00:00:00+05:30,2542.119901074964,2584.1714459519567,2538.499663952344,2572.150146484375,299314,0.0,0.0
2022-12-16 00:00:00+05:30,2548.2468313354743,2569.1795719634815,2522.300966300864,2529.448974609375,271086,0.0,0.0
2022-12-19 00:00:00+05:30,2529.4488070887323,2585.285309383214,2514.7817930410165,2581.200927734375,276490,0.0,0.0
2022-12-20 00:00:00+05:30,2571.3610886934334,2590.48393690158,2546.6685052751204,2573.728271484375,234062,0.0,0.0
2022-12-21 00:00:00+05:30,2573.728194680532,2597.39956861735,2540.727469218466,2559.7109375,328455,0.0,0.0
2022-12-22 00:00:00+05:30,2559.4787678726393,2596.0070361333724,2522.440121892098,2532.09423828125,483991,0.0,0.0
2022-12-23 00:00:00+05:30,2520.3052334059653,2524.946679508002,2440.1473685705464,2447.759521484375,328855,0.0,0.0
2022-12-26 00:00:00+05:30,2455.324940687089,2504.5242684210834,2424.3201719758895,2493.663330078125,175951,0.0,0.0
2022-12-27 00:00:00+05:30,2501.693023694428,2523.322208154686,2492.92073576728,2508.5625,181947,0.0,0.0
2022-12-28 00:00:00+05:30,2494.870250361371,2531.21268342913,2492.456607685785,2503.224853515625,225857,0.0,0.0
2022-12-29 00:00:00+05:30,2498.5834978975226,2548.154054423217,2479.8783330664182,2526.989013671875,243791,0.0,0.0
2022-12-30 00:00:00+05:30,2539.660200647336,2566.5805885303807,2527.638673717209,2542.445068359375,211762,0.0,0.0
2023-01-02 00:00:00+05:30,2542.444797896623,2552.4239061365292,2515.6635655948953,2521.140380859375,131296,0.0,0.0
2023-01-03 00:00:00+05:30,2508.423052832739,2543.4195106519273,2508.237440317738,2525.31787109375,136701,0.0,0.0
2023-01-04 00:00:00+05:30,2512.878805578982,2532.3728783226684,2504.2921306799776,2515.013916015625,178937,0.0,0.0
2023-01-05 00:00:00+05:30,2513.714197725536,2572.382255624779,2508.2373821778706,2568.71533203125,258988,0.0,0.0
2023-01-06 00:00:00+05:30,2568.576018395004,2576.327323270718,2537.710404874356,2545.87939453125,162618,0.0,0.0
2023-01-09 00:00:00+05:30,2559.2930161067966,2573.588577411507,2543.7441738798148,2554.9765625,110658,0.0,0.0
2023-01-10 00:00:00+05:30,2552.795426084594,2560.2681998403013,2494.962960741582,2517.56689453125,206381,0.0,0.0
2023-01-11 00:00:00+05:30,2517.6130537024674,2524.9464472157774,2491.5744981389366,2500.578857421875,150551,0.0,0.0
2023-01-12 00:00:00+05:30,2497.097983734168,2506.6594079576153,2472.0341749754975,2501.043212890625,163626,0.0,0.0
2023-01-13 00:00:00+05:30,2490.8786022908166,2548.0610843965096,2490.8786022908166,2532.790771484375,196440,0.0,0.0
2023-01-16 00:00:00+05:30,2536.0859821725844,2566.7195244169825,2515.663620676319,2560.778564453125,362194,0.0,0.0
2023-01-17 00:00:00+05:30,2566.7198300576247,2570.4329871354657,2533.9511735190526,2568.437255859375,254062,0.0,0.0
2023-01-18 00:00:00+05:30,2568.483125926768,2586.538530971894,2550.4279475147323,2571.314453125,159791,0.0,0.0
2023-01-19 00:00:00+05:30,2563.9349741719843,2580.412108781525,2554.280856377953,2570.943603515625,140565,0.0,0.0
2023-01-20 00:00:00+05:30,2569.0402882929748,2569.0402882929748,2533.626146968481,2549.499755859375,300399,0.0,0.0
2023-01-23 00:00:00+05:30,2554.141074236643,2610.3490262268583,2552.841560111529,2575.631103515625,434312,0.0,0.0
2023-01-24 00:00:00+05:30,2577.8593660464226,2587.1422589742097,2564.1670989779373,2573.125,129633,0.0,0.0
2023-01-25 00:00:00+05:30,2579.7159088518288,2592.711958770478,2567.6481482130835,2585.28564453125,356744,0.0,0.0
2023-01-27 00:00:00+05:30,2588.070114845096,2608.58539543308,2519.933782819125,2539.938232421875,464092,0.0,0.0
2023-01-30 00:00:00+05:30,2527.7778694159983,2566.673094981464,2488.836184065418,2508.515869140625,459196,0.0,0.0
2023-01-31 00:00:00+05:30,2529.0777881050135,2573.2179905201074,2492.0855947478717,2565.095458984375,579601,0.0,0.0
2023-02-01 00:00:00+05:30,2576.51317215639,2620.4212972866712,2483.2201061887827,2531.6767578125,408279,0.0,0.0
2023-02-02 00:00:00+05:30,2496.169660924407,2518.634214256904,2445.670819054671,2470.131103515625,453723,0.0,0.0
2023-02-03 00:00:00+05:30,2482.5238649709713,2491.6673776556163,2433.0924648303508,2463.91162109375,328028,0.0,0.0
2023-02-06 00:00:00+05:30,2461.869284169528,2510.8365368038912,2455.417719907354,2501.7392578125,252416,0.0,0.0
2023-02-07 00:00:00+05:30,2493.3846496794768,2501.553639502439,2427.5225800043236,2462.3798828125,421543,0.0,0.0
2023-02-08 00:00:00+05:30,2468.367545363506,2494.266724468643,2406.17216637384,2427.1513671875,793670,0.0,0.0
2023-02-09 00:00:00+05:30,2426.548029126305,2426.548029126305,2366.3021492017774,2375.677734375,1266011,0.0,0.0
2023-02-10 00:00:00+05:30,2375.677941804697,2403.9443057888516,2367.4162576511862,2398.0498046875,283858,0.0,0.0
2023-02-13 00:00:00+05:30,2407.935608834999,2415.408381861073,2371.8252513504985,2377.859130859375,327921,0.0,0.0
2023-02-14 00:00:00+05:30,2389.787380616433,2392.2939425057248,2354.187629429101,2360.175048828125,409279,0.0,0.0
2023-02-15 00:00:00+05:30,2362.4962477142667,2390.344926469248,2355.0699333796047,2387.56005859375,643367,0.0,0.0
2023-02-16 00:00:00+05:30,2404.269009036555,2404.269009036555,2363.888429155053,2373.35693359375,433077,0.0,0.0
2023-02-17 00:00:00+05:30,2374.5476987708957,2418.505951555272,2374.5476987708957,2415.12451171875,705628,65.0,0.0
2023-02-20 00:00:00+05:30,2419.363166250259,2423.649439576293,2394.3599051817278,2407.4091796875,182493,0.0,0.0
2023-02-21 00:00:00+05:30,2419.3628467868566,2424.125372075807,2396.978977928789,2400.836669921875,203273,0.0,0.0
2023-02-22 00:00:00+05:30,2387.9304742537593,2414.2671493302573,2376.5004121512284,2380.739013671875,310260,0.0,0.0
2023-02-23 00:00:00+05:30,2381.78675993696,2393.2644933136116,2364.879793804171,2376.9765625,294710,0.0,0.0
2023-02-24 00:00:00+05:30,2377.452759207097,2389.4067448700016,2363.5460915558374,2367.59423828125,255112,0.0,0.0
2023-02-27 00:00:00+05:30,2367.5941635000963,2369.8326434603455,2314.587348717299,2321.77880859375,293892,0.0,0.0
2023-02-28 00:00:00+05:30,2331.6847095128333,2354.5925026598015,2295.870658870035,2304.205078125,542868,0.0,0.0
2023-03-01 00:00:00+05:30,2300.299828696861,2327.8748049790333,2299.6331216323642,2315.63525390625,293122,0.0,0.0
2023-03-02 00:00:00+05:30,2327.4461964966486,2365.3559457356096,2324.96959023491,2346.353515625,525446,0.0,0.0
2023-03-03 00:00:00+05:30,2358.1170153651406,2361.0698744258825,2340.3052151007255,2344.63916015625,197868,0.0,0.0
2023-03-06 00:00:00+05:30,2354.592515337677,2373.404490328745,2344.305414149981,2361.9267578125,203422,0.0,0.0
2023-03-08 00:00:00+05:30,2340.3051885337404,2363.165312475462,2324.684196858313,2360.35546875,286894,0.0,0.0
2023-03-09 00:00:00+05:30,2367.927600987232,2372.737798093608,2324.1123678233494,2327.73193359375,244591,0.0,0.0
2023-03-10 00:00:00+05:30,2302.2050202946953,2327.7322056303396,2291.0607561966012,2324.3984375,224485,0.0,0.0
2023-03-13 00:00:00+05:30,2325.922009018296,2325.922009018296,2266.9620389231977,2273.67724609375,249618,0.0,0.0
2023-03-14 00:00:00+05:30,2281.2020038320006,2296.966009477197,2255.9129473492458,2260.72314453125,302570,0.0,0.0
2023-03-15 00:00:00+05:30,2286.012258897725,2293.4895170126133,2257.484777425936,2266.438232421875,217071,0.0,0.0
2023-03-16 00:00:00+05:30,2256.8653675416767,2280.2970847387674,2252.674438348866,2258.341796875,577586,0.0,0.0
2023-03-17 00:00:00+05:30,2262.199555101468,2262.7234794022124,2218.1938671070575,2243.292236328125,628419,0.0,0.0
2023-03-20 00:00:00+05:30,2243.2920688194995,2244.530371834653,2194.5715308467625,2228.24267578125,352432,0.0,0.0
2023-03-21 00:00:00+05:30,2233.5768137607947,2244.435511554431,2220.289413970013,2237.482177734375,291142,0.0,0.0
2023-03-22 00:00:00+05:30,2237.482011553724,2256.7225668598494,2234.576824671608,2241.434814453125,166790,0.0,0.0
2023-03-23 00:00:00+05:30,2252.6747199487436,2270.6295353647265,2245.0546786127647,2250.29345703125,371585,0.0,0.0
2023-03-24 00:00:00+05:30,2250.769568767056,2265.7238524440704,2194.66711095975,2203.477783203125,272040,0.0,0.0
2023-03-27 00:00:00+05:30,2209.764407850537,2220.194293355217,2187.4758790310775,2198.95361328125,238881,0.0,0.0
2023-03-28 00:00:00+05:30,2191.714417114393,2198.953549493655,2139.326632263767,2142.660400390625,456838,0.0,0.0
2023-03-29 00:00:00+05:30,2143.136539900515,2205.5256258398413,2143.136539900515,2194.714599609375,712847,0.0,0.0
2023-03-31 00:00:00+05:30,2204.8112764757384,2244.9592751753175,2204.8112764757384,2235.863037109375,302919,0.0,0.0
2023-04-03 00:00:00+05:30,2271.724675545347,2318.8736782453448,2259.3897809439823,2315.63525390625,787785,0.0,0.0
2023-04-05 00:00:00+05:30,2324.874498218991,2325.5888770451065,2304.2051840257573,2316.682861328125,289012,0.0,0.0
2023-04-06 00:00:00+05:30,2316.682959252556,2322.397990103049,2295.823189666336,2311.2060546875,211340,0.0,0.0
2023-04-10 00:00:00+05:30,2314.5873069293216,2350.639716641746,2302.3475238313963,2343.781494140625,261131,0.0,0.0
2023-04-11 00:00:00+05:30,2356.4977252027525,2361.117468167168,2331.7802632360404,2352.544921875,575155,0.0,0.0
2023-04-12 00:00:00+05:30,2357.450060958778,2366.975111710127,2332.8753835112616,2359.640869140625,464883,0.0,0.0
2023-04-13 00:00:00+05:30,2359.6411629701197,2359.6411629701197,2322.2076623469525,2330.827880859375,458472,0.0,0.0
2023-04-17 00:00:00+05:30,2314.587563762737,2351.7352654033734,2304.5862594748733,2348.830078125,656224,0.0,0.0
2023-04-18 00:00:00+05:30,2353.5924447130765,2357.4024651363507,2309.824881609757,2323.82666015625,397381,0.0,0.0
2023-04-19 00:00:00+05:30,2319.3499008994363,2335.63783100391,2306.110173127983,2329.77978515625,247426,0.0,0.0
2023-04-20 00:00:00+05:30,2333.637677791016,2345.305866179971,2316.3498018899536,2332.256591796875,315314,0.0,0.0
2023-04-21 00:00:00+05:30,2334.542274847457,2358.7834825780096,2332.256355677908,2342.54345703125,699932,0.0,0.0
2023-04-24 00:00:00+05:30,2343.1148866181707,2404.1228851046058,2327.3508806208274,2382.262939453125,686216,0.0,0.0
2023-04-25 00:00:00+05:30,2385.9299473972033,2413.647939004479,2375.4049520103104,2379.11962890625,538138,0.0,0.0
2023-04-26 00:00:00+05:30,2390.7879559430994,2404.123028207324,2373.690534799081,2386.168212890625,560280,0.0,0.0
2023-04-27 00:00:00+05:30,2381.262633291259,2406.837486990879,2378.452789893011,2389.501708984375,685268,0.0,0.0
2023-04-28 00:00:00+05:30,2400.3128007506853,2445.0805394948447,2395.6930580962453,2437.07958984375,721370,0.0,0.0
2023-05-02 00:00:00+05:30,2419.315318670925,2419.315318670925,2348.877611974169,2377.357421875,997629,0.0,0.0
2023-05-03 00:00:00+05:30,2371.737768384956,2398.4079119651883,2361.164868447571,2383.786865234375,863935,0.0,0.0
2023-05-04 00:00:00+05:30,2388.8350199541105,2412.45719196337,2385.3584695013838,2395.073974609375,684323,0.0,0.0
2023-05-05 00:00:00+05:30,2416.5056208173337,2440.318250111947,2393.2169158762435,2426.268798828125,1527593,0.0,0.0
2023-05-08 00:00:00+05:30,2444.128051603708,2468.893183849108,2444.128051603708,2453.986572265625,855245,0.0,0.0
2023-05-09 00:00:00+05:30,2464.5592357426917,2480.323241408917,2452.938720214406,2468.464599609375,556418,0.0,0.0
2023-05-10 00:00:00+05:30,2476.5134750083103,2480.466278498412,2449.9386734291897,2463.22607421875,549062,0.0,0.0
2023-05-11 00:00:00+05:30,2476.5132927724385,2480.3233132228575,2452.748336721988,2462.654296875,506829,0.0,0.0
2023-05-12 00:00:00+05:30,2471.7508436103994,2489.848441309281,2463.368751851351,2482.133056640625,718178,0.0,0.0
2023-05-15 00:00:00+05:30,2502.230852976713,2590.8138256934367,2482.228246234227,2564.04833984375,1383562,0.0,0.0
2023-05-16 00:00:00+05:30,2571.7161106375374,2588.4802934964555,2553.237604626505,2558.4287109375,602177,0.0,0.0
2023-05-17 00:00:00+05:30,2561.2383640085536,2635.0098323639036,2554.9994095284183,2593.62353515625,1169727,0.0,0.0
2023-05-18 00:00:00+05:30,2614.6738352897833,2628.104015946949,2594.86168524652,2605.243896484375,610410,0.0,0.0
2023-05-19 00:00:00+05:30,2610.4829122522333,2613.7215689989503,2540.5214617670877,2584.146240234375,458137,0.0,0.0
2023-05-22 00:00:00+05:30,2581.8128552068542,2592.7189925570274,2553.7616253269143,2564.28662109375,241924,0.0,0.0
2023-05-23 00:00:00+05:30,2564.2863961046564,2589.0515275858857,2547.046194100601,2581.71728515625,224454,0.0,0.0
2023-05-24 00:00:00+05:30,2582.2413870382693,2614.388434921907,2577.4788614258787,2608.625732421875,402069,0.0,0.0
2023-05-25 00:00:00+05:30,2608.863917131982,2627.961691774432,2580.3841063501145,2603.006103515625,208718,0.0,0.0
2023-05-26 00:00:00+05:30,2604.5775290294605,2619.2936863427885,2584.7179371846432,2614.769287109375,167210,0.0,0.0
2023-05-29 00:00:00+05:30,2628.913987836664,2662.0612107140755,2606.101537965741,2645.01123046875,462628,0.0,0.0
2023-05-30 00:00:00+05:30,2644.9637213125393,2662.251594822565,2629.1043728216423,2647.154296875,399817,0.0,0.0
2023-05-31 00:00:00+05:30,2647.059460647595,2654.631830015348,2608.9592549781964,2628.81884765625,773286,0.0,0.0
2023-06-01 00:00:00+05:30,2627.818861695439,2679.063451473422,2616.3888001755563,2667.395263671875,552629,0.0,0.0
2023-06-02 00:00:00+05:30,2701.304592543028,2774.3140189249552,2701.304592543028,2755.263916015625,2090599,0.0,0.0
2023-06-05 00:00:00+05:30,2771.8375101188526,2781.12443483499,2728.9271088957644,2734.26123046875,620625,0.0,0.0
2023-06-06 00:00:00+05:30,2733.689689437632,2773.6949044050116,2725.0694716082407,2766.8369140625,729992,0.0,0.0
2023-06-07 00:00:00+05:30,2779.3621350310596,2837.5126163258274,2769.0275945020658,2817.510009765625,996180,0.0,0.0
2023-06-08 00:00:00+05:30,2836.131500114125,2882.2803239606383,2808.175383464775,2823.987060546875,1150017,0.0,0.0
2023-06-09 00:00:00+05:30,2845.989958746335,2881.327991762559,2750.1680830763244,2761.59814453125,826404,0.0,0.0
2023-06-12 00:00:00+05:30,2768.265713099447,2798.6982055738445,2741.405114871932,2791.220947265625,617327,0.0,0.0
2023-06-13 00:00:00+05:30,2778.457373564642,2815.509728894754,2766.1224790425995,2812.2236328125,973087,0.0,0.0
2023-06-14 00:00:00+05:30,2812.223359385818,2826.606277999242,2784.7911686949114,2792.36376953125,304861,0.0,0.0
2023-06-15 00:00:00+05:30,2800.269505895054,2820.748364487738,2676.53919281128,2708.01953125,951322,0.0,0.0
2023-06-16 00:00:00+05:30,2707.972121133334,2709.781787886676,2671.77692570489,2697.542236328125,1029235,0.0,0.0
2023-06-19 00:00:00+05:30,2686.064517487561,2693.3987606184687,2645.1544678880587,2650.44091796875,671364,0.0,0.0
2023-06-20 00:00:00+05:30,2643.201574365783,2676.158342869642,2614.674093973106,2667.680908203125,872568,0.0,0.0
2023-06-21 00:00:00+05:30,2667.9670066244075,2695.5896568179483,2667.0145014453196,2689.446044921875,407191,0.0,0.0
2023-06-22 00:00:00+05:30,2695.5893653363614,2726.0695277712603,2683.0163448410026,2690.87451171875,578572,0.0,0.0
2023-06-23 00:00:00+05:30,2691.0651249800612,2704.8764493981516,2633.676690760063,2644.53515625,381689,0.0,0.0
2023-06-26 00:00:00+05:30,2644.5349806886343,2723.211992410127,2643.201566610039,2715.830078125,583691,0.0,0.0
2023-06-27 00:00:00+05:30,2722.259502908038,2730.7367050529742,2693.160426373165,2709.019775390625,415101,0.0,0.0
2023-06-28 00:00:00+05:30,2714.6396600889307,2725.4506864901723,2662.2518771749337,2694.39892578125,781032,0.0,0.0
2023-06-30 00:00:00+05:30,2705.066879941723,2781.3149616141923,2700.3520260877517,2771.88525390625,962194,0.0,0.0
2023-07-03 00:00:00+05:30,2738.4522221323846,2773.5521288497944,2726.450564592961,2761.07421875,818522,0.0,0.0
2023-07-04 00:00:00+05:30,2810.9377999801904,2895.520064006135,2777.2189810364366,2885.89990234375,2177103,0.0,0.0
2023-07-05 00:00:00+05:30,2905.1406514245878,3021.346277481571,2886.2810033095784,3008.20166015625,3069147,0.0,0.0
2023-07-06 00:00:00+05:30,2989.9136372095513,3054.541204036064,2970.57773634073,3021.441650390625,1676341,0.0,0.0
2023-07-07 00:00:00+05:30,3000.3910693634066,3021.346181593881,2977.5309469301615,2998.676513671875,931135,0.0,0.0
2023-07-10 00:00:00+05:30,3006.534629428413,3035.014671000712,2939.335349163927,2975.340087890625,570281,0.0,0.0
2023-07-11 00:00:00+05:30,2951.813320244723,2979.4359682883164,2937.7161981824024,2955.242431640625,663715,0.0,0.0
2023-07-12 00:00:00+05:30,2952.670407244792,2965.434114855881,2912.2366130698847,2932.620361328125,739038,0.0,0.0
2023-07-13 00:00:00+05:30,2932.620459085209,2982.2458359268985,2910.3793716868704,2927.1435546875,665215,0.0,0.0
2023-07-14 00:00:00+05:30,2932.667864512058,2993.2472819963127,2927.1435209585275,2987.341796875,811153,0.0,0.0
2023-07-17 00:00:00+05:30,2995.295102652936,3007.4395428115563,2921.3331738422394,2944.764892578125,909246,0.0,0.0
2023-07-18 00:00:00+05:30,2951.813466262701,2971.8160744561555,2939.335555752512,2968.386962890625,578275,0.0,0.0
2023-07-19 00:00:00+05:30,2976.578564931009,2994.342692788437,2936.0970964479475,2949.574951171875,486164,0.0,0.0
2023-07-20 00:00:00+05:30,2948.9079698747173,2952.956116346602,2906.0929142869977,2940.52587890625,735511,0.0,0.0
2023-07-21 00:00:00+05:30,2932.811130786805,2976.1977883898053,2904.664556114723,2954.71875,749722,0.0,0.0
2023-07-24 00:00:00+05:30,2981.245694676916,3005.1536663080956,2943.2885050115215,2985.19873046875,784541,0.0,0.0
2023-07-25 00:00:00+05:30,3028.0135097155967,3028.0135097155967,2979.578535612582,2991.151611328125,748386,0.0,0.0
2023-07-26 00:00:00+05:30,3014.630888697731,3038.3958437948518,2977.6262060845916,2996.295166015625,509747,0.0,0.0
2023-07-27 00:00:00+05:30,2993.260953509725,3042.770476536644,2983.8695378162834,3021.57958984375,524436,35.0,0.0
2023-07-28 00:00:00+05:30,3031.21189270245,3058.2303209958627,3016.2819494031,3055.822265625,445865,0.0,0.0
2023-07-31 00:00:00+05:30,3072.4380969726853,3111.2077915892382,3056.30412467884,3085.875,933273,0.0,0.0
2023-08-01 00:00:00+05:30,3106.3434264304674,3124.6928566065612,2920.7305531582138,2988.01171875,3043469,0.0,0.0
2023-08-02 00:00:00+05:30,2948.42312793778,2959.9817942348245,2862.5519636373206,2883.357421875,2692656,0.0,0.0
2023-08-03 00:00:00+05:30,2862.696387919322,2910.424095120365,2825.1789301368995,2843.817138671875,1250490,0.0,0.0
2023-08-04 00:00:00+05:30,2867.5122681764633,2875.2180451819763,2814.0052320621035,2836.400146484375,642027,0.0,0.0
2023-08-07 00:00:00+05:30,2841.5053973255235,2855.9055217135356,2821.9037321301557,2845.406494140625,444210,0.0,0.0
2023-08-08 00:00:00+05:30,2894.482599218502,2975.152455353127,2870.4020451484644,2954.10595703125,2020469,0.0,0.0
2023-08-09 00:00:00+05:30,2966.5799667336437,2968.0248000239026,2893.615885575576,2947.1708984375,548711,0.0,0.0
2023-08-10 00:00:00+05:30,2939.17603739476,2950.2530923570016,2902.1884001072453,2924.24609375,476401,0.0,0.0
2023-08-11 00:00:00+05:30,2932.91529272299,2960.3191534701887,2870.402263662922,2887.932861328125,816082,0.0,0.0
2023-08-14 00:00:00+05:30,2899.2023880419038,2913.7471372379077,2843.6245144730387,2899.9248046875,526850,0.0,0.0
2023-08-16 00:00:00+05:30,2894.4825614775036,2905.896838022536,2847.284676115641,2872.087646484375,753515,0.0,0.0
2023-08-17 00:00:00+05:30,2887.162218501766,2887.162218501766,2851.8602178324804,2881.0458984375,565973,0.0,0.0
2023-08-18 00:00:00+05:30,2879.745436480864,2879.745436480864,2812.6088944905982,2819.399658203125,560922,0.0,0.0
2023-08-21 00:00:00+05:30,2821.2777355909143,2836.0632899633024,2805.288153506171,2823.685791015625,328451,0.0,0.0
2023-08-22 00:00:00+05:30,2831.8733518908007,2856.531935005949,2812.608907320115,2848.00732421875,255764,0.0,0.0
2023-08-23 00:00:00+05:30,2859.8067452537425,2865.5860785213486,2826.8645926607223,2843.191162109375,325912,0.0,0.0
2023-08-24 00:00:00+05:30,2846.321534808353,2862.1664925975424,2812.608758592349,2820.07373046875,273751,0.0,0.0
2023-08-25 00:00:00+05:30,2823.974745746066,2836.6892310907797,2783.7120128530914,2803.84326171875,429528,0.0,0.0
2023-08-28 00:00:00+05:30,2817.425007794513,2842.6613830542174,2804.758729601919,2823.9267578125,303029,0.0,0.0
2023-08-29 00:00:00+05:30,2839.5789216878975,2882.923918796431,2829.994908248454,2878.252197265625,590653,0.0,0.0
2023-08-30 00:00:00+05:30,2897.3724311206443,2897.3724311206443,2833.9441540143207,2843.28759765625,415898,0.0,0.0
2023-08-31 00:00:00+05:30,2855.9541084774933,2855.9541084774933,2783.760644403462,2808.7080078125,920121,0.0,0.0
2023-09-01 00:00:00+05:30,2825.0825025042623,2838.760210702471,2801.0501556632134,2819.736572265625,331811,0.0,0.0
2023-09-04 00:00:00+05:30,2841.5055972690698,2855.9057226703517,2815.2577913281943,2834.61865234375,643279,0.0,0.0
2023-09-05 00:00:00+05:30,2855.953730348192,2864.526313585415,2820.5071075058045,2827.394287109375,306742,0.0,0.0
2023-09-06 00:00:00+05:30,2846.3215544760997,2846.3215544760997,2809.5747222114046,2829.94677734375,275916,0.0,0.0
2023-09-07 00:00:00+05:30,2831.873387904167,2859.2770136221284,2822.819192905472,2852.004638671875,242002,0.0,0.0
2023-09-08 00:00:00+05:30,2860.5772697810867,2915.6735313019317,2851.282034671183,2898.0947265625,569352,0.0,0.0
2023-09-11 00:00:00+05:30,2917.503629132699,2946.49671143344,2908.0160315544417,2942.017822265625,486566,0.0,0.0
2023-09-12 00:00:00+05:30,2956.4179413300876,2956.4179413300876,2899.29881791817,2908.979248046875,429664,0.0,0.0
2023-09-13 00:00:00+05:30,2908.9792514586957,2923.282960028332,2875.314682608941,2884.2724609375,290774,0.0,0.0
2023-09-14 00:00:00+05:30,2896.216451419894,2917.551728300149,2866.5491617192306,2888.125244140625,311245,0.0,0.0
2023-09-15 00:00:00+05:30,2903.729677262381,2988.8784238912326,2894.4344421303995,2952.131591796875,949607,0.0,0.0
2023-09-18 00:00:00+05:30,2953.9616053944605,3012.9589636174687,2926.2689678612114,3000.099853515625,897322,0.0,0.0
2023-09-20 00:00:00+05:30,3000.051913655208,3017.6307185442874,2936.1420275691476,2949.241943359375,575906,0.0,0.0
2023-09-21 00:00:00+05:30,2944.5701929833253,2950.301317900044,2880.0343071704756,2890.58154296875,585566,0.0,0.0
2023-09-22 00:00:00+05:30,2899.298863199752,2928.1955296103806,2880.1788081933832,2911.53173828125,323540,0.0,0.0
2023-09-25 00:00:00+05:30,2904.3073719718996,2911.5315380778065,2859.2285284387062,2865.296875,408884,0.0,0.0
2023-09-26 00:00:00+05:30,2865.586085525612,2927.2323071974233,2860.8181826005175,2922.75341796875,372568,0.0,0.0
2023-09-27 00:00:00+05:30,2922.4159569465996,2922.4159569465996,2889.6664043638098,2895.782958984375,222370,0.0,0.0
2023-09-28 00:00:00+05:30,2895.9273837413853,2907.197035824229,2851.1857620643245,2860.769775390625,331995,0.0,0.0
2023-09-29 00:00:00+05:30,2875.2666785688934,2957.092363215768,2862.8409702127665,2944.811279296875,375842,0.0,0.0
2023-10-03 00:00:00+05:30,2945.533644626923,2952.179784096562,2881.479364912178,2904.693115234375,387906,0.0,0.0
2023-10-04 00:00:00+05:30,2905.0297217305915,2908.9308183703392,2866.5972529962532,2879.119140625,307263,0.0,0.0
2023-10-05 00:00:00+05:30,2908.930989937196,2936.7200439554013,2883.309185828712,2905.7041015625,537209,0.0,0.0
2023-10-06 00:00:00+05:30,2928.195243066985,2933.0113536641343,2911.338855976961,2926.268798828125,180660,0.0,0.0
2023-10-09 00:00:00+05:30,2909.9906328660136,2937.7794517651805,2816.4134566346092,2846.41796875,976306,0.0,0.0
2023-10-10 00:00:00+05:30,2865.585977267398,2892.652614512304,2856.9169776723033,2867.31982421875,467743,0.0,0.0
2023-10-11 00:00:00+05:30,2889.6665654154503,2996.584228335822,2877.67449620131,2986.8076171875,1048795,0.0,0.0
2023-10-12 00:00:00+05:30,3002.315327980948,3016.9082851101102,2952.227774603226,2974.6708984375,927642,0.0,0.0
2023-10-13 00:00:00+05:30,2970.577335520352,3004.2901133229498,2966.772654772108,2984.495849609375,374642,0.0,0.0
2023-10-16 00:00:00+05:30,2989.8416961602343,3057.5562635663,2985.8444181118007,3044.745361328125,966651,0.0,0.0
2023-10-17 00:00:00+05:30,3065.069483679626,3070.318997683526,3050.0431231626167,3056.255859375,416816,0.0,0.0
2023-10-18 00:00:00+05:30,3053.4144706798184,3066.8995819067954,3033.1868038393527,3037.18408203125,344063,0.0,0.0
2023-10-19 00:00:00+05:30,3033.6682628485087,3154.5526467149916,3022.639415894617,3145.7392578125,1129769,0.0,0.0
2023-10-20 00:00:00+05:30,3140.1042979393733,3144.9204088257834,3085.7304530641363,3093.147216796875,458086,0.0,0.0
2023-10-23 00:00:00+05:30,3087.6570460594467,3113.8566435104412,3023.9879630113905,3034.005615234375,313646,0.0,0.0
2023-10-25 00:00:00+05:30,3034.1498145111177,3054.377479941192,2976.356484710906,3025.33642578125,391029,0.0,0.0
2023-10-26 00:00:00+05:30,3013.922498540193,3014.933928961302,2971.540718439276,2997.49951171875,461475,0.0,0.0
2023-10-27 00:00:00+05:30,3010.261878443509,3036.943085518332,2989.889823614083,2997.739990234375,314423,0.0,0.0
2023-10-30 00:00:00+05:30,2997.788280061199,3013.488848891267,2942.6438093298943,2995.958251953125,265215,0.0,0.0
2023-10-31 00:00:00+05:30,3000.4853193336876,3024.1324710465233,2966.868723925098,2974.767333984375,207132,0.0,0.0
2023-11-01 00:00:00+05:30,2982.0875861389623,3028.996458092868,2962.437948225818,2978.71630859375,473455,0.0,0.0
2023-11-02 00:00:00+05:30,3023.5542503952756,3034.101485631766,2929.640093207146,2939.850341796875,1268028,0.0,0.0
2023-11-03 00:00:00+05:30,2971.540480846569,2995.8136332039708,2959.0668004147337,2975.778564453125,411691,0.0,0.0
2023-11-06 00:00:00+05:30,2995.6209747709268,3058.4712219104135,2981.846850587718,3050.42822265625,850503,0.0,0.0
2023-11-07 00:00:00+05:30,3058.1822049990983,3064.202343607642,3006.505429248023,3015.126220703125,355269,0.0,0.0
2023-11-08 00:00:00+05:30,3044.071020840123,3049.9465348835342,3011.8512868156336,3016.908203125,459324,0.0,0.0
2023-11-09 00:00:00+05:30,3029.3336285317855,3078.457957643112,3019.701407137408,3057.170654296875,604807,0.0,0.0
2023-11-10 00:00:00+05:30,3057.1226548499935,3062.131362899372,2981.31688500326,2990.997314453125,820659,0.0,0.0
2023-11-13 00:00:00+05:30,2988.0116485745716,3021.5798007868357,2988.0116485745716,3004.097412109375,386501,0.0,0.0
2023-11-15 00:00:00+05:30,3029.2854362867306,3064.587668979344,3014.981728538023,3060.9755859375,570652,0.0,0.0
2023-11-16 00:00:00+05:30,3068.825898161418,3177.6700056605523,3061.2165369230484,3159.4169921875,963718,0.0,0.0
2023-11-17 00:00:00+05:30,3168.712017559453,3244.9029874818616,3159.417017413916,3212.105224609375,947293,0.0,0.0
2023-11-20 00:00:00+05:30,3233.5367863774154,3244.132230121875,3193.659483076567,3223.278564453125,677714,0.0,0.0
2023-11-21 00:00:00+05:30,3231.5620957732676,3270.139189801639,3207.577958372228,3252.319580078125,742294,0.0,0.0
2023-11-22 00:00:00+05:30,3262.433615150679,3301.6367119437455,3244.903018015389,3288.055419921875,775145,0.0,0.0
2023-11-23 00:00:00+05:30,3294.1717598231453,3444.482633171595,3294.1717598231453,3436.77685546875,1726414,0.0,0.0
2023-11-24 00:00:00+05:30,3436.776748313355,3448.1428171030025,3402.8231663688352,3418.09033203125,514405,0.0,0.0
2023-11-28 00:00:00+05:30,3429.0709957162826,3494.5701046232225,3424.3030929090664,3488.790771484375,659645,0.0,0.0
2023-11-29 00:00:00+05:30,3501.3126978279306,3648.8300837281454,3492.3546843334784,3609.09716796875,1561256,0.0,0.0
2023-11-30 00:00:00+05:30,3660.2440773340936,3741.6363469484963,3643.0986764658296,3678.593505859375,2909100,0.0,0.0
2023-12-01 00:00:00+05:30,3718.037548308677,3722.8536591225484,3602.7881105974,3621.71533203125,1060628,0.0,0.0
2023-12-04 00:00:00+05:30,3737.3021995480976,3737.3021995480976,3644.8328667757737,3657.451171875,1018705,0.0,0.0
2023-12-05 00:00:00+05:30,3658.3178995370063,3684.3248988228147,3640.1130941016086,3666.74609375,713163,0.0,0.0
2023-12-06 00:00:00+05:30,3645.9887737997165,3684.325065962855,3592.3855502380266,3622.72705078125,672675,0.0,0.0
2023-12-07 00:00:00+05:30,3640.9799237340817,3671.754826057119,3622.9677155881545,3633.900146484375,500651,0.0,0.0
2023-12-08 00:00:00+05:30,3648.6855751278345,3662.2671017715124,3556.6014417331216,3579.0927734375,779332,0.0,0.0
2023-12-11 00:00:00+05:30,3579.092983812837,3591.5184564550723,3547.5474559329014,3568.401123046875,451738,0.0,0.0
2023-12-12 00:00:00+05:30,3590.892279978937,3654.4167355926907,3578.611197208086,3609.337890625,598126,0.0,0.0
2023-12-13 00:00:00+05:30,3602.4509663344033,3727.6698501909464,3597.4422580124747,3721.21630859375,1355603,0.0,0.0
2023-12-14 00:00:00+05:30,3735.3757596293053,3762.249565434068,3697.328482036382,3740.81787109375,1067427,0.0,0.0
2023-12-15 00:00:00+05:30,3794.1321424469725,3795.0953646207345,3743.2257564990064,3753.243408203125,924599,0.0,0.0
2023-12-18 00:00:00+05:30,3756.5666312001895,3803.379324822892,3741.4922976294015,3746.693603515625,725829,0.0,0.0
2023-12-19 00:00:00+05:30,3768.896031406723,3770.8224758886154,3660.1963074512696,3681.291015625,560186,0.0,0.0
2023-12-20 00:00:00+05:30,3712.6917741895427,3762.2495095131517,3649.4081224699726,3675.17431640625,595832,0.0,0.0
2023-12-21 00:00:00+05:30,3636.211959629081,3725.646998485885,3614.0578493551175,3708.5498046875,410786,0.0,0.0
2023-12-22 00:00:00+05:30,3727.6699609760835,3798.948404674334,3708.549906000465,3790.95361328125,573168,0.0,0.0
2023-12-26 00:00:00+05:30,3804.6793068618863,3928.9831730868787,3790.375598946786,3917.85791015625,1149831,0.0,0.0
2023-12-27 00:00:00+05:30,3914.534960921462,3946.273320055313,3874.0796291402853,3914.823974609375,683058,0.0,0.0
2023-12-28 00:00:00+05:30,3914.8238392784733,4034.9375945966312,3905.046993338997,4019.766845703125,1714818,0.0,0.0
2023-12-29 00:00:00+05:30,4022.4157886281323,4039.1757603494175,3960.3359315387725,3987.30615234375,383687,0.0,0.0
2024-01-01 00:00:00+05:30,3987.306279530202,4027.617222762425,3934.7626965223794,3967.07861328125,392408,0.0,0.0
2024-01-02 00:00:00+05:30,3962.7441236006584,3967.4642886629385,3877.161971799614,3937.844970703125,507848,0.0,0.0
2024-01-03 00:00:00+05:30,3852.8886714861064,3912.560237753415,3825.62943710301,3843.112060546875,896596,0.0,0.0
2024-01-04 00:00:00+05:30,3850.480476636337,3858.812254022058,3785.3185934040753,3801.78955078125,630734,0.0,0.0
2024-01-05 00:00:00+05:30,3814.359974129158,3888.528084737225,3808.3398352811005,3843.545654296875,593042,0.0,0.0
2024-01-08 00:00:00+05:30,3867.240612315543,3901.0498046875,3846.6759599977067,3862.039306640625,508360,0.0,0.0
2024-01-09 00:00:00+05:30,3899.0751818661993,3996.168024776192,3882.8450292078555,3961.251220703125,1043602,0.0,0.0
2024-01-10 00:00:00+05:30,3943.624418454808,4023.379266362122,3935.8224594662192,3985.861572265625,511944,0.0,0.0
2024-01-11 00:00:00+05:30,4021.4529554497076,4233.36185370095,4008.9310660075885,4182.50390625,2133475,0.0,0.0
2024-01-12 00:00:00+05:30,4086.6145473661227,4233.361542688725,4086.6145473661227,4221.947265625,905401,0.0,0.0
2024-01-15 00:00:00+05:30,4221.947412383079,4251.229274034277,4177.639189918277,4211.5927734375,490217,0.0,0.0
2024-01-16 00:00:00+05:30,4180.480246001851,4286.3382585932395,4180.480246001851,4223.3916015625,972808,0.0,0.0
2024-01-17 00:00:00+05:30,4186.163444990957,4267.074105225481,4181.347334262712,4210.099609375,443836,0.0,0.0
2024-01-18 00:00:00+05:30,4174.605104261493,4249.399215629657,4138.869465811013,4232.3984375,570816,0.0,0.0
2024-01-19 00:00:00+05:30,4233.361706120554,4277.525539485709,4213.13403926537,4237.93701171875,383901,0.0,0.0
2024-01-23 00:00:00+05:30,4239.766569540315,4392.292886994352,4239.766569540315,4280.751953125,1399043,0.0,0.0
2024-01-24 00:00:00+05:30,4266.110954762137,4289.806314007914,4152.354323384895,4270.58984375,596736,0.0,0.0
2024-01-25 00:00:00+05:30,4285.231120531981,4315.2833705712055,4217.468345614515,4278.77734375,664356,0.0,0.0
2024-01-29 00:00:00+05:30,4284.412682322848,4454.903025122116,4263.559014118573,4424.5615234375,418127,0.0,0.0
2024-01-30 00:00:00+05:30,4456.829521543234,4490.542301585165,4411.606047043349,4419.60107421875,709726,0.0,0.0
2024-01-31 00:00:00+05:30,4399.517615495259,4466.365145407679,4351.982503516039,4451.57958984375,645505,0.0,0.0
2024-02-01 00:00:00+05:30,4451.724005771665,4544.337721574867,4406.741343166735,4418.01123046875,660378,0.0,0.0
2024-02-02 00:00:00+05:30,4428.895879838899,4593.895662178542,4421.238074866423,4543.80810546875,994506,0.0,0.0
2024-02-05 00:00:00+05:30,4546.408349885749,4598.759565521656,4527.143907725216,4572.078125,425966,0.0,0.0
2024-02-06 00:00:00+05:30,4571.982115418481,4615.760752251875,4558.930642823064,4607.525390625,261001,0.0,0.0
2024-02-07 00:00:00+05:30,4613.834146855268,4640.081950717858,4556.185206508915,4617.06103515625,265821,0.0,0.0
2024-02-08 00:00:00+05:30,4619.565461088595,4647.258097917081,4589.175520044561,4631.07568359375,444060,0.0,0.0
2024-02-09 00:00:00+05:30,4661.995532821231,4742.906199093335,4615.85728266645,4728.3134765625,718094,0.0,0.0
2024-02-12 00:00:00+05:30,4767.034578917542,4767.034578917542,4457.358645636292,4515.10400390625,1321957,0.0,0.0
2024-02-13 00:00:00+05:30,4554.114442311947,4652.2187148769235,4533.21233299011,4570.29638671875,938269,0.0,0.0
2024-02-14 00:00:00+05:30,4533.886766274741,4647.546982637694,4489.674962618562,4636.99951171875,735284,0.0,0.0
2024-02-15 00:00:00+05:30,4652.556151435998,4676.251041770284,4610.992736417706,4639.79345703125,530347,0.0,0.0
2024-02-16 00:00:00+05:30,4652.363339008648,4739.053339114399,4652.363339008648,4714.29833984375,848705,0.0,0.0
2024-02-19 00:00:00+05:30,4747.674436123809,4762.170742670272,4665.704129639793,4674.13232421875,524294,0.0,0.0
2024-02-20 00:00:00+05:30,4674.132084262918,4702.45072252975,4481.87284144427,4491.84228515625,1153742,0.0,0.0
2024-02-21 00:00:00+05:30,4449.522283069467,4474.023435436967,4365.609323540682,4391.611328125,1112050,25.0,0.0
2024-02-22 00:00:00+05:30,4415.919030039235,4434.173253261549,4300.386971256769,4353.16552734375,1441798,0.0,0.0
2024-02-23 00:00:00+05:30,4391.756423044476,4459.49715503056,4343.432670756173,4376.50390625,819122,0.0,0.0
2024-02-26 00:00:00+05:30,4381.055868544514,4386.914582983321,4328.954921570257,4354.08544921875,605090,0.0,0.0
2024-02-27 00:00:00+05:30,4359.605275687479,4376.2621830313265,4268.768245807056,4290.12158203125,830187,0.0,0.0
2024-02-28 00:00:00+05:30,4299.757060801317,4318.350793991336,4211.679640874249,4236.8583984375,569688,0.0,0.0
2024-02-29 00:00:00+05:30,4240.683939236699,4313.314972678753,4212.599939639105,4286.68359375,1548190,0.0,0.0
2024-03-01 00:00:00+05:30,4319.028473927199,4382.072304862738,4309.441272185455,4364.73779296875,510674,0.0,0.0
2024-03-04 00:00:00+05:30,4444.9711792116805,4483.755963358314,4418.872237754641,4466.0341796875,570306,0.0,0.0
2024-03-05 00:00:00+05:30,4465.9855963409855,4498.040189057394,4427.442914603323,4445.01953125,442519,0.0,0.0
2024-03-06 00:00:00+05:30,4435.335090961914,4502.155641458939,4392.8218207970585,4488.88818359375,353334,0.0,0.0
2024-03-07 00:00:00+05:30,4503.124311650822,4555.4186584958,4474.84643865799,4505.9326171875,684934,0.0,0.0
2024-03-11 00:00:00+05:30,4551.545082895033,4575.755429080645,4455.236136625339,4524.13916015625,644170,0.0,0.0
2024-03-12 00:00:00+05:30,4518.909331937742,4548.639826097291,4486.661340069992,4511.7431640625,312738,0.0,0.0
2024-03-13 00:00:00+05:30,4499.25059364571,4538.713456687265,4335.152683216707,4369.580078125,700123,0.0,0.0
2024-03-14 00:00:00+05:30,4314.283621935174,4534.25872932144,4314.283621935174,4527.625,708629,0.0,0.0
2024-03-15 00:00:00+05:30,4507.966406955652,4532.999999190002,4358.491636784933,4440.4677734375,1278695,0.0,0.0
2024-03-18 00:00:00+05:30,4416.450915149369,4437.756017689285,4384.541492883775,4410.35009765625,232124,0.0,0.0
2024-03-19 00:00:00+05:30,4410.156526299403,4452.37946332751,4367.159047360372,4398.29345703125,388757,0.0,0.0
2024-03-20 00:00:00+05:30,4398.535197883561,4444.002412024806,4338.493546129095,4367.98193359375,418716,0.0,0.0
2024-03-21 00:00:00+05:30,4384.783674986178,4401.440580959526,4304.793075937877,4377.13330078125,633619,0.0,0.0
2024-03-22 00:00:00+05:30,4395.436418398643,4586.74685057135,4374.906329310266,4536.05029296875,902115,0.0,0.0
2024-03-26 00:00:00+05:30,4536.050168739609,4575.319158576307,4487.1935041452,4523.60595703125,551123,0.0,0.0
2024-03-27 00:00:00+05:30,4543.797830164764,4549.608313323542,4415.967200671636,4428.12060546875,693528,0.0,0.0
2024-03-28 00:00:00+05:30,4458.576977377325,4599.965387172522,4438.434160193651,4573.14013671875,1086607,0.0,0.0
2024-04-01 00:00:00+05:30,4590.281843354431,4628.776295521801,4514.842495816963,4532.9033203125,664163,0.0,0.0
2024-04-02 00:00:00+05:30,4503.124403807155,4537.45486394295,4379.167430971173,4416.74169921875,1342779,0.0,0.0
2024-04-03 00:00:00+05:30,4440.080639748787,4457.851128761941,4383.5253645448165,4413.255859375,681469,0.0,0.0
2024-04-04 00:00:00+05:30,4440.17728971666,4445.0193587348895,4321.788702220943,4380.08740234375,1378250,0.0,0.0
2024-04-05 00:00:00+05:30,4338.978107034696,4421.390217432417,4327.2119737299,4381.9755859375,605460,0.0,0.0
2024-04-08 00:00:00+05:30,4396.598799353719,4463.27418629003,4382.169527821777,4449.95849609375,711580,0.0,0.0
2024-04-09 00:00:00+05:30,4469.229773265682,4525.639878204517,4362.704253209512,4378.876953125,945922,0.0,0.0
2024-04-10 00:00:00+05:30,4407.929530492114,4407.929530492114,4334.523476608997,4352.92333984375,515061,0.0,0.0
2024-04-12 00:00:00+05:30,4366.577747423296,4379.941668485,4291.041472351436,4300.53173828125,438331,0.0,0.0
2024-04-15 00:00:00+05:30,4290.073348060973,4300.289925017428,4230.9518717643205,4242.81494140625,645166,0.0,0.0
2024-04-16 00:00:00+05:30,4206.7895829565905,4306.003766753205,4152.60664124273,4186.35595703125,719918,0.0,0.0
2024-04-18 00:00:00+05:30,4220.347524229148,4259.713452342182,4097.940109149007,4117.017578125,1103254,0.0,0.0
2024-04-19 00:00:00+05:30,4116.96946456337,4116.96946456337,4036.4941774000613,4080.605712890625,674079,0.0,0.0
2024-04-22 00:00:00+05:30,4105.92958406358,4198.074067938122,4074.0201583484927,4175.70361328125,619635,0.0,0.0
2024-04-23 00:00:00+05:30,4200.979024262299,4230.902915824735,4151.492984983447,4207.80615234375,547228,0.0,0.0
2024-04-24 00:00:00+05:30,4222.284358429227,4266.202020811617,4198.170948293348,4254.5810546875,658601,0.0,0.0
2024-04-25 00:00:00+05:30,4261.989342110376,4372.388520706283,4228.966335344673,4356.2158203125,1103462,0.0,0.0
2024-04-26 00:00:00+05:30,4367.788361945589,4397.373214531094,4325.372026449873,4349.7275390625,497777,0.0,0.0
2024-04-29 00:00:00+05:30,4386.91456694164,4386.91456694164,4305.180535806927,4316.8984375,590104,0.0,0.0
2024-04-30 00:00:00+05:30,4323.967736065758,4443.276508654391,4323.967736065758,4399.55224609375,828084,0.0,0.0
2024-05-02 00:00:00+05:30,4478.913708291372,4478.913708291372,4407.541423947825,4417.41943359375,808478,0.0,0.0
2024-05-03 00:00:00+05:30,4432.914041639926,4435.286844524806,4374.179840935677,4408.94580078125,347594,0.0,0.0
2024-05-06 00:00:00+05:30,4427.539727614007,4437.950176118159,4324.451887934215,4367.30419921875,241049,0.0,0.0
2024-05-07 00:00:00+05:30,4385.897577554395,4391.2238531008825,4292.203548623015,4335.34619140625,456294,0.0,0.0
2024-05-08 00:00:00+05:30,4350.7438964701905,4514.744857987397,4275.207624714932,4468.1640625,1313834,0.0,0.0
2024-05-09 00:00:00+05:30,4507.9664329050065,4766.532928626948,4487.484574725663,4614.39501953125,3589872,0.0,0.0
2024-05-10 00:00:00+05:30,4637.346353479658,4797.860938622289,4623.981959508463,4723.34130859375,1520297,0.0,0.0
2024-05-13 00:00:00+05:30,4752.974965834153,4754.863561901553,4581.178451005044,4731.23388671875,624906,0.0,0.0
2024-05-14 00:00:00+05:30,4759.657089754077,4891.458308008163,4750.118118854185,4884.14697265625,1335266,0.0,0.0
2024-05-15 00:00:00+05:30,4898.237160856783,4941.815783284334,4862.163745625087,4897.55908203125,882851,0.0,0.0
2024-05-16 00:00:00+05:30,4904.967867054451,4992.125112636738,4882.452245279027,4978.95458984375,1296732,0.0,0.0
2024-05-17 00:00:00+05:30,4972.80482269343,5005.343620681349,4912.618000082928,4928.45166015625,609690,0.0,0.0
2024-05-21 00:00:00+05:30,4914.700119368694,4960.990110660015,4870.395187258128,4894.21826171875,480490,0.0,0.0
2024-05-22 00:00:00+05:30,4890.490041445679,4907.873259548211,4808.174862530256,4838.1474609375,422368,0.0,0.0
2024-05-23 00:00:00+05:30,4842.068751500612,4992.6088581280765,4806.285674283711,4982.6826171875,644911,0.0,0.0
2024-05-24 00:00:00+05:30,4943.849545358983,5033.96026322938,4919.590495166897,4956.63232421875,458258,0.0,0.0
2024-05-27 00:00:00+05:30,4964.0891634100335,4966.800532920155,4890.489714245156,4923.31884765625,380940,0.0,0.0
2024-05-28 00:00:00+05:30,4924.336016709814,5059.962182329211,4885.647695665238,5020.208984375,727224,0.0,0.0
2024-05-29 00:00:00+05:30,5007.716317914497,5037.834083630225,4944.769416809546,4981.27880859375,409279,0.0,0.0
2024-05-30 00:00:00+05:30,4966.9945406809775,5023.114311347497,4933.778135411093,4973.7734375,457454,0.0,0.0
2024-05-31 00:00:00+05:30,5011.541140288725,5026.019114948424,4845.458182692683,4957.89111328125,1905070,0.0,0.0
2024-06-03 00:00:00+05:30,5113.224700865529,5146.150769015042,4991.78570879163,4997.59619140625,962485,0.0,0.0
2024-06-04 00:00:00+05:30,5001.857480852428,5180.045627314548,4764.838193642626,5142.95556640625,1945233,0.0,0.0
2024-06-05 00:00:00+05:30,5147.11938828201,5592.78361175974,5147.11938828201,5479.76953125,2058534,0.0,0.0
2024-06-06 00:00:00+05:30,5476.476745044775,5554.28888517982,5299.4991305244375,5359.44384765625,1498100,0.0,0.0
2024-06-07 00:00:00+05:30,5407.526074900768,5459.336216569992,5363.075973161831,5405.541015625,637134,0.0,0.0
2024-06-10 00:00:00+05:30,5408.590959808572,5602.273715755164,5404.765536235311,5541.45751953125,1018162,0.0,0.0
2024-06-11 00:00:00+05:30,5549.011411483478,5661.734690087497,5524.801065011036,5603.82373046875,1015127,0.0,0.0
2024-06-12 00:00:00+05:30,5616.800325172263,5673.936742273153,5594.139535673406,5607.31005859375,668529,0.0,0.0
2024-06-13 00:00:00+05:30,5636.362449166863,5655.5368541523385,5549.979745059426,5632.294921875,547596,0.0,0.0
2024-06-14 00:00:00+05:30,5639.0736664299375,5679.504943361665,5579.613152531945,5620.86767578125,573273,0.0,0.0
2024-06-18 00:00:00+05:30,5640.042384764957,5708.363794221411,5555.500042969077,5573.07666015625,527069,0.0,0.0
2024-06-19 00:00:00+05:30,5592.396055975113,5597.2381251767465,5447.327851837506,5469.31103515625,447054,0.0,0.0
2024-06-20 00:00:00+05:30,5489.938098914251,5489.938098914251,5322.402503374973,5330.73095703125,840321,0.0,0.0
2024-06-21 00:00:00+05:30,5307.875992145944,5437.64344022979,5260.42371635409,5279.7919921875,669719,0.0,0.0
2024-06-24 00:00:00+05:30,5219.750669829453,5359.202264719145,5219.750669829453,5349.9541015625,464982,0.0,0.0
2024-06-25 00:00:00+05:30,5390.094197004028,5403.603758462242,5300.564626202004,5335.9599609375,1118588,0.0,0.0
2024-06-26 00:00:00+05:30,5354.360195040287,5368.8864028401795,5256.550395854346,5280.7607421875,384494,0.0,0.0
2024-06-27 00:00:00+05:30,5287.4422074680115,5335.95983154244,5249.771006677236,5311.943359375,874237,0.0,0.0
2024-06-28 00:00:00+05:30,5326.275982165431,5428.201536187778,5279.889055001506,5403.36181640625,539635,0.0,0.0
2024-07-01 00:00:00+05:30,5418.275382306582,5547.364756784609,5408.591244000405,5426.11962890625,1018344,0.0,0.0
2024-07-02 00:00:00+05:30,5490.906526475954,5494.780181873821,5326.276172066622,5391.2568359375,689851,0.0,0.0
2024-07-03 00:00:00+05:30,5423.0202792025075,5450.18456968267,5377.649998643363,5403.5068359375,329072,0.0,0.0
2024-07-04 00:00:00+05:30,5417.307062212232,5426.942969136936,5355.909718860362,5382.783203125,676316,0.0,0.0
2024-07-05 00:00:00+05:30,5382.782995357982,5420.212094542631,5212.584268251341,5382.4921875,613329,0.0,0.0
2024-07-08 00:00:00+05:30,5389.852101606845,5452.169623401575,5314.218890234536,5328.11572265625,478557,0.0,0.0
2024-07-09 00:00:00+05:30,5350.534444501371,5422.584809076489,5331.166168617371,5412.60986328125,570084,0.0,0.0
2024-07-10 00:00:00+05:30,5418.275201827349,5471.53796073718,5297.804619882954,5334.74951171875,354244,0.0,0.0
2024-07-11 00:00:00+05:30,5355.3283291039925,5384.864950087296,5329.181156430248,5351.69677734375,491353,0.0,0.0
2024-07-12 00:00:00+05:30,5359.105443854172,5423.117695510346,5331.263544970972,5371.69482421875,265681,0.0,0.0
2024-07-15 00:00:00+05:30,5371.791150084851,5460.88521639237,5353.972431395005,5429.2666015625,249438,0.0,0.0
2024-07-16 00:00:00+05:30,5439.580382405418,5480.25376251242,5386.317622741488,5401.9091796875,336316,0.0,0.0
2024-07-18 00:00:00+05:30,5370.338867770049,5401.8123170897725,5245.994627183173,5328.40673828125,841644,0.0,0.0
2024-07-19 00:00:00+05:30,5345.596435156942,5353.149874346996,5201.350997262488,5256.26025390625,370397,0.0,0.0
2024-07-22 00:00:00+05:30,5250.739709797471,5316.591849278516,5219.750467688743,5290.58984375,415035,0.0,0.0
2024-07-23 00:00:00+05:30,5311.749437421126,5481.076676775477,5161.354970660791,5339.3974609375,908996,0.0,0.0
2024-07-24 00:00:00+05:30,5338.865440673884,5338.865440673884,5234.276747114519,5246.6240234375,723617,0.0,0.0
2024-07-25 00:00:00+05:30,5230.40299187927,5278.145603606092,5183.919128963105,5232.53369140625,438831,0.0,0.0
2024-07-26 00:00:00+05:30,5239.118668770738,5371.016817745218,5226.868328747213,5305.84228515625,517306,0.0,0.0
2024-07-29 00:00:00+05:30,5331.360208852785,5357.8946530800085,5226.819747324798,5253.015625,418301,0.0,0.0
2024-07-30 00:00:00+05:30,5282.697666782721,5372.7601567938655,5239.7001854781,5272.33544921875,412385,0.0,0.0
2024-07-31 00:00:00+05:30,5280.663426586854,5361.283874080196,5234.470372819158,5315.0908203125,870466,0.0,0.0
2024-08-01 00:00:00+05:30,5353.1363283657865,5353.1363283657865,5195.052468023081,5240.36572265625,868140,40.0,0.0
2024-08-02 00:00:00+05:30,5194.662357629388,5242.5606541647585,5108.2799468903095,5145.10595703125,402666,0.0,0.0
2024-08-05 00:00:00+05:30,5053.26025258715,5118.57174062911,4997.6068281385415,5057.01611328125,439371,0.0,0.0
2024-08-06 00:00:00+05:30,5072.9658719819345,5126.473429019583,5031.750005804109,5047.1630859375,552856,0.0,0.0
2024-08-07 00:00:00+05:30,5101.987754655239,5184.663368843963,5095.354385582644,5112.86474609375,515480,0.0,0.0
2024-08-08 00:00:00+05:30,5106.865360955123,5123.449259930526,5020.921648057803,5032.6279296875,243559,0.0,0.0
2024-08-09 00:00:00+05:30,5077.55116590351,5118.230209527221,5063.698541851511,5079.74609375,333635,0.0,0.0
2024-08-12 00:00:00+05:30,5087.159633486984,5194.662511103151,5058.08922442626,5181.83447265625,569618,0.0,0.0
2024-08-13 00:00:00+05:30,5219.050601780693,5274.94790647905,5088.330455866933,5117.1083984375,1042924,0.0,0.0
2024-08-14 00:00:00+05:30,5150.764148166345,5167.933457259534,4868.83785293527,4948.29443359375,2185163,0.0,0.0
2024-08-16 00:00:00+05:30,4994.680195830476,5013.166556227832,4897.17643389752,5002.58203125,679493,0.0,0.0
2024-08-19 00:00:00+05:30,5022.970264142762,5096.134523185432,4982.534626446589,5061.8935546875,714915,0.0,0.0
2024-08-20 00:00:00+05:30,5071.746486277075,5219.050529252232,5062.966775106371,5116.03515625,962948,0.0,0.0
2024-08-21 00:00:00+05:30,5116.03523908384,5175.347352417481,5087.354944061138,5155.34912109375,612911,0.0,0.0
2024-08-22 00:00:00+05:30,5155.641727109976,5251.243030659036,5134.619386096174,5199.49169921875,761731,0.0,0.0
2024-08-23 00:00:00+05:30,5199.540048647681,5310.554428009958,5184.90719672841,5253.09619140625,757678,0.0,0.0
2024-08-26 00:00:00+05:30,5277.582044042398,5292.214896290205,5196.613594937866,5212.95361328125,553070,0.0,0.0
2024-08-27 00:00:00+05:30,5222.952547142654,5264.851469818727,5195.637890564396,5225.43994140625,672259,0.0,0.0
2024-08-28 00:00:00+05:30,5233.683663538047,5251.438382061856,5137.106835450392,5181.3955078125,688591,0.0,0.0
2024-08-29 00:00:00+05:30,5170.27418793318,5255.437192987404,5161.3968294388815,5242.95068359375,516725,0.0,0.0
2024-08-30 00:00:00+05:30,5267.826700877562,5382.938469526368,5254.0231391402995,5321.87060546875,1569946,0.0,0.0
2024-09-02 00:00:00+05:30,5399.5222359572535,5491.270024881841,5381.962814051702,5441.6650390625,1054947,0.0,0.0
2024-09-03 00:00:00+05:30,5464.882661168699,5559.508440914034,5414.05779142096,5508.29345703125,805935,0.0,0.0
2024-09-04 00:00:00+05:30,5467.8088768178195,5550.04531221199,5467.8088768178195,5544.63134765625,532554,0.0,0.0
2024-09-05 00:00:00+05:30,5550.728353265537,5657.060407836002,5511.707415808486,5593.8466796875,817503,0.0,0.0
2024-09-06 00:00:00+05:30,5579.994402883569,5629.063044251119,5511.415291575867,5603.1630859375,683920,0.0,0.0
2024-09-09 00:00:00+05:30,5603.21151948171,5629.111953422096,5546.972686671786,5604.6748046875,469914,0.0,0.0
2024-09-10 00:00:00+05:30,5655.1097323302165,5720.616040122034,5519.755846637476,5530.92578125,775935,0.0,0.0
2024-09-11 00:00:00+05:30,5558.532684346901,5568.970975918229,5465.223960508304,5516.048828125,592210,0.0,0.0
2024-09-12 00:00:00+05:30,5560.483736817568,5675.595505404317,5516.585181000587,5661.10888671875,855863,0.0,0.0
2024-09-13 00:00:00+05:30,5684.277841249886,5703.983606670289,5628.770648834968,5653.93896484375,332581,0.0,0.0
2024-09-16 00:00:00+05:30,5638.525605184182,5679.9853522811245,5586.822861745642,5637.9892578125,333195,0.0,0.0
2024-09-17 00:00:00+05:30,5658.035958113904,5838.459209068785,5622.527000125494,5815.29052734375,1250736,0.0,0.0
2024-09-18 00:00:00+05:30,5838.800234057267,5995.518455197672,5783.000579286338,5818.75341796875,1446956,0.0,0.0
2024-09-19 00:00:00+05:30,5853.140754073651,5911.672161614388,5833.72793250527,5859.04248046875,532623,0.0,0.0
2024-09-20 00:00:00+05:30,5900.6974888462455,5942.8888782064605,5839.239511281077,5866.06640625,993542,0.0,0.0
2024-09-23 00:00:00+05:30,5901.917217097696,6058.000978211024,5857.335602297767,6039.02685546875,887240,0.0,0.0
2024-09-24 00:00:00+05:30,6039.465678839519,6093.363349451033,5960.740745894035,5976.34912109375,631130,0.0,0.0
2024-09-25 00:00:00+05:30,5993.616144182803,6017.41882136444,5886.162330223222,5939.279296875,341785,0.0,0.0
2024-09-26 00:00:00+05:30,5858.60369774051,5916.549695119245,5759.5880680530245,5903.33154296875,1255943,0.0,0.0
2024-09-27 00:00:00+05:30,5919.573889086669,5940.254700243187,5795.0970027178055,5811.53466796875,718197,0.0,0.0
2024-09-30 00:00:00+05:30,5745.833138658491,5745.833138658491,5551.216209768446,5572.580078125,1346723,0.0,0.0
2024-10-01 00:00:00+05:30,5572.579997692679,5652.182805581255,5526.340281949915,5609.357421875,742940,0.0,0.0
2024-10-03 00:00:00+05:30,5593.017559787053,5593.017559787053,5484.392926567812,5524.1455078125,1219791,0.0,0.0
2024-10-04 00:00:00+05:30,5508.829523953317,5511.658923030466,5349.770615496067,5385.71875,943922,0.0,0.0
2024-10-07 00:00:00+05:30,5433.61730165048,5471.174956347212,5303.043386094705,5366.89111328125,682783,0.0,0.0
2024-10-08 00:00:00+05:30,5328.3091727046385,5409.277620404105,5278.557475925449,5394.49853515625,473756,0.0,0.0
2024-10-09 00:00:00+05:30,5405.423949756503,5451.224965653028,5394.644606310173,5418.642578125,439340,0.0,0.0
2024-10-10 00:00:00+05:30,5451.225161630568,5458.005240293014,5311.725305132149,5322.5537109375,579335,0.0,0.0
2024-10-11 00:00:00+05:30,5326.845709343048,5354.014132235637,5306.8474789536085,5342.2587890625,303034,0.0,0.0
2024-10-14 00:00:00+05:30,5369.281285275658,5438.543453018131,5365.232958060901,5419.37451171875,407147,0.0,0.0
2024-10-15 00:00:00+05:30,5428.788037430654,5450.88354846259,5330.2601682877075,5370.890625,302887,0.0,0.0
2024-10-16 00:00:00+05:30,5370.890508142438,5383.913841274137,5255.144747770208,5266.07080078125,504211,0.0,0.0
2024-10-17 00:00:00+05:30,5231.780953302737,5231.780953302737,4975.169695146752,5089.7451171875,1947589,0.0,0.0
2024-10-18 00:00:00+05:30,5089.7452832830895,5159.202270789941,5020.092524214175,5088.52587890625,427617,0.0,0.0
2024-10-21 00:00:00+05:30,5088.525792033702,5125.254155971092,4960.585505936107,5113.93798828125,740720,0.0,0.0
2024-10-22 00:00:00+05:30,5134.180096146825,5145.300968598145,5028.823559877805,5049.1142578125,531833,0.0,0.0
2024-10-23 00:00:00+05:30,5049.114341131999,5150.764080371259,4995.216667753114,5019.75146484375,411524,0.0,0.0
2024-10-24 00:00:00+05:30,5033.749792013084,5103.158669362463,4968.926541926616,4988.43701171875,349453,0.0,0.0
2024-10-25 00:00:00+05:30,4994.680287841774,5018.775908668567,4755.677031880595,4851.57080078125,709797,0.0,0.0
2024-10-28 00:00:00+05:30,4851.570890093826,4893.079701313608,4776.211698816739,4807.1845703125,419927,0.0,0.0
2024-10-29 00:00:00+05:30,4807.233419234738,4838.547817837735,4628.8588577639,4670.27001953125,953917,0.0,0.0
2024-10-30 00:00:00+05:30,4628.8588905622555,4914.1995071037645,4624.078920798977,4789.13720703125,1039340,0.0,0.0
2024-10-31 00:00:00+05:30,4816.159284668993,4904.4441571143125,4799.526800336909,4867.4228515625,897452,0.0,0.0
2024-11-01 00:00:00+05:30,4916.345964353406,4919.565001365495,4887.518959184031,4897.61572265625,49631,0.0,0.0
2024-11-04 00:00:00+05:30,5001.996772002654,5001.996772002654,4610.811846488648,4688.41455078125,1676556,0.0,0.0
2024-11-05 00:00:00+05:30,4700.071950858085,4758.895823970152,4644.369466967384,4702.7060546875,673746,0.0,0.0
2024-11-06 00:00:00+05:30,4739.092989599074,4799.575444386052,4722.50909070587,4773.041015625,602657,0.0,0.0
2024-11-07 00:00:00+05:30,4796.600379882857,4796.600379882857,4670.855021870413,4698.12109375,373373,0.0,0.0
2024-11-08 00:00:00+05:30,4711.778408014083,4713.729454973924,4620.030615259528,4652.173828125,333494,0.0,0.0
2024-11-11 00:00:00+05:30,4646.418113258671,4669.001385475796,4602.080382678963,4641.052734375,424955,0.0,0.0
2024-11-12 00:00:00+05:30,4641.053101746514,4678.806052139214,4587.691775183987,4608.568359375,310558,0.0,0.0
2024-11-13 00:00:00+05:30,4576.814700657086,4581.789965737341,4382.051530546045,4408.97607421875,1304908,0.0,0.0
2024-11-14 00:00:00+05:30,4408.975972941966,4516.673668829076,4357.6633431229975,4491.31005859375,889483,0.0,0.0
2024-11-18 00:00:00+05:30,4715.826941066985,4721.485263295439,4598.715532721814,4617.15283203125,1783519,0.0,0.0
2024-11-19 00:00:00+05:30,4643.443119261551,4735.142325198712,4618.6158564838715,4658.90478515625,704072,0.0,0.0
2024-11-21 00:00:00+05:30,4682.4643025495125,4702.023358560967,4625.1522958450605,4651.14990234375,572418,0.0,0.0
2024-11-22 00:00:00+05:30,4661.44141467917,4690.707119789322,4625.932454411484,4676.75732421875,394712,0.0,0.0
2024-11-25 00:00:00+05:30,4731.2886000298695,4788.502953504478,4697.14528023584,4739.38525390625,1174601,0.0,0.0
2024-11-26 00:00:00+05:30,4741.0440844679,4761.77395829402,4683.53678513363,4720.265625,384827,0.0,0.0
2024-11-27 00:00:00+05:30,4723.484494081987,4773.626303606569,4692.853153347498,4752.0185546875,296689,0.0,0.0
2024-11-28 00:00:00+05:30,4774.211846998471,4789.7716368274205,4643.589350046802,4666.41650390625,778790,0.0,0.0
2024-11-29 00:00:00+05:30,4681.341931022685,4686.85401980239,4616.274800068958,4645.150390625,462448,0.0,0.0
2024-12-02 00:00:00+05:30,4617.640342973746,4662.026660836914,4579.692575275375,4632.224609375,510429,0.0,0.0
2024-12-03 00:00:00+05:30,4633.7364347838375,4666.904232422291,4575.205027186568,4582.03369140625,664696,0.0,0.0
2024-12-04 00:00:00+05:30,4589.886306396054,4609.348189282723,4502.52837410252,4522.38037109375,586762,0.0,0.0
2024-12-05 00:00:00+05:30,4542.037116039744,4563.547217262265,4476.091636528878,4530.67236328125,796988,0.0,0.0
2024-12-06 00:00:00+05:30,4542.964354400408,4604.470920550833,4502.04095303858,4516.28369140625,733835,0.0,0.0
2024-12-09 00:00:00+05:30,4525.405030959131,4545.549496413761,4477.652964045919,4483.45751953125,329145,0.0,0.0
2024-12-10 00:00:00+05:30,4487.4079557400055,4501.992222128088,4450.0455974230545,4475.994140625,384707,0.0,0.0
2024-12-11 00:00:00+05:30,4473.994734764003,4540.427981610767,4473.994734764003,4536.62353515625,571443,0.0,0.0
2024-12-12 00:00:00+05:30,4536.623541171613,4546.085833511566,4430.827824964339,4445.216796875,821540,0.0,0.0
2024-12-13 00:00:00+05:30,4445.216505227777,4470.8239959310695,4389.855549135897,4463.458984375,552194,0.0,0.0
2024-12-16 00:00:00+05:30,4477.65257417486,4477.65257417486,4405.171373364474,4427.90087890625,835965,0.0,0.0
2024-12-17 00:00:00+05:30,4402.829808666273,4446.972244902224,4288.010984078051,4307.03369140625,778939,0.0,0.0
2024-12-18 00:00:00+05:30,4290.791430047307,4321.471357616112,4265.1839387634955,4282.01171875,738092,0.0,0.0
2024-12-19 00:00:00+05:30,4223.577595827148,4348.981428052844,4219.139154416286,4299.08349609375,691740,0.0,0.0
2024-12-20 00:00:00+05:30,4299.08321502007,4352.346413787414,4219.13887856936,4233.72314453125,800108,0.0,0.0
2024-12-23 00:00:00+05:30,4258.159753653738,4268.402749624726,4154.12027555723,4168.021484375,931177,0.0,0.0
2024-12-24 00:00:00+05:30,4168.0216174501375,4209.383716759049,4145.9746920570005,4154.85205078125,561434,0.0,0.0
2024-12-26 00:00:00+05:30,4165.485175667032,4202.4088339069995,4151.437733104048,4170.36279296875,375676,0.0,0.0
2024-12-27 00:00:00+05:30,4175.728058136338,4242.209884879954,4125.049425221476,4134.2197265625,744900,0.0,0.0
2024-12-30 00:00:00+05:30,4148.657555541758,4169.387429871371,4066.225819972237,4085.102294921875,1819173,0.0,0.0
2024-12-31 00:00:00+05:30,4060.518691121735,4114.221542552582,4048.4222956729145,4058.762939453125,492605,0.0,0.0
2025-01-01 00:00:00+05:30,4072.615105885659,4094.2719169935312,4028.911845885939,4081.931640625,329310,0.0,0.0
2025-01-02 00:00:00+05:30,4082.5655252712586,4216.358467470282,4044.520111774107,4205.96923828125,1062633,0.0,0.0
2025-01-03 00:00:00+05:30,4161.046696750833,4194.555546246156,4060.567781245892,4139.24365234375,1269643,0.0,0.0
2025-01-06 00:00:00+05:30,4154.7542948838745,4194.7507555765815,4085.248250387402,4099.9296875,813031,0.0,0.0
2025-01-07 00:00:00+05:30,4097.296199726867,4121.440405480398,4053.5924627064232,4060.17724609375,396158,0.0,0.0
2025-01-08 00:00:00+05:30,4094.2719571686935,4094.2719571686935,3999.6461816515707,4036.813720703125,438731,0.0,0.0
2025-01-09 00:00:00+05:30,4047.78830979549,4062.4697471399013,4011.693942258986,4039.886474609375,340998,0.0,0.0
2025-01-10 00:00:00+05:30,4043.5447227675604,4062.079668420777,3986.378953013256,4021.302978515625,355269,0.0,0.0
2025-01-13 00:00:00+05:30,3999.6461344978716,4021.05906470107,3899.654981135425,3944.67529296875,801718,0.0,0.0
2025-01-14 00:00:00+05:30,3967.453885321118,4033.0578375679447,3958.430293376387,4002.231201171875,242769,0.0,0.0
2025-01-15 00:00:00+05:30,4022.278583881262,4055.4463820413994,3983.208582897678,4011.2548828125,281045,0.0,0.0
2025-01-16 00:00:00+05:30,4067.932979112407,4072.810596593357,3958.625523731331,3974.38037109375,349664,0.0,0.0
2025-01-17 00:00:00+05:30,3976.233552619037,4024.034201313427,3950.869943107728,3997.695068359375,211342,0.0,0.0
2025-01-20 00:00:00+05:30,4016.7178982022933,4016.7178982022933,3946.529031985693,3991.939697265625,254936,0.0,0.0
2025-01-21 00:00:00+05:30,3992.719869890255,4018.1811274349384,3911.849070408862,3926.286865234375,287082,0.0,0.0
2025-01-22 00:00:00+05:30,3928.4329444592563,3972.3314998356323,3928.4329444592563,3956.430419921875,272889,0.0,0.0
2025-01-23 00:00:00+05:30,3956.430526726081,4014.279116672226,3926.4820035493826,3999.98779296875,282745,0.0,0.0
2025-01-24 00:00:00+05:30,4004.57236499487,4024.034248437419,3942.1879258988,3952.723388671875,216273,0.0,0.0
2025-01-27 00:00:00+05:30,3945.9923239431437,3975.062970155483,3902.0937690414275,3917.6533203125,328160,0.0,0.0
2025-01-28 00:00:00+05:30,3921.6044028806814,3962.8690938574086,3902.0939332146086,3927.799072265625,444089,0.0,0.0
2025-01-29 00:00:00+05:30,3937.2127249635882,4014.0837838685115,3934.3349783600383,3972.7705078125,479893,0.0,0.0
2025-01-30 00:00:00+05:30,3979.3552771433715,4084.5167544711194,3960.6740980247823,4075.541748046875,807120,0.0,0.0
2025-01-31 00:00:00+05:30,4085.492112093979,4265.768650863628,4073.7858309705007,4232.9423828125,1056018,0.0,0.0
2025-02-01 00:00:00+05:30,4224.016470112981,4412.243907274994,4132.365852937384,4294.400390625,1141242,0.0,0.0
2025-02-03 00:00:00+05:30,4311.813687548974,4321.568922136188,4124.708478698118,4181.7275390625,846135,0.0,0.0
2025-02-04 00:00:00+05:30,4218.1635199948005,4243.527130429552,4116.709078255795,4133.390625,554233,0.0,0.0
2025-02-05 00:00:00+05:30,4134.268621926074,4184.995844280996,4109.490420118676,4165.87548828125,408928,0.0,0.0
2025-02-06 00:00:00+05:30,4184.019992053692,4228.552541375573,4113.684657471557,4126.5126953125,576470,0.0,0.0
2025-02-07 00:00:00+05:30,4214.21298525665,4214.21298525665,4112.41701153618,4170.021484375,1344288,0.0,0.0
2025-02-10 00:00:00+05:30,4200.896466234804,4215.1882659229095,4068.030457382614,4093.735595703125,779450,0.0,0.0
2025-02-11 00:00:00+05:30,4097.198664811249,4135.244080984496,3971.3561343920455,3985.550048828125,593081,0.0,0.0
2025-02-12 00:00:00+05:30,4007.0,4066.60009765625,3955.050048828125,4015.75,619474,100.0,0.0
2025-02-13 00:00:00+05:30,4005.0,4025.10009765625,3945.10009765625,3956.550048828125,557075,0.0,0.0
2025-02-14 00:00:00+05:30,3960.050048828125,3981.10009765625,3850.0,3862.39990234375,475952,0.0,0.0
2025-02-17 00:00:00+05:30,3845.050048828125,3886.14990234375,3757.64990234375,3876.449951171875,913565,0.0,0.0
2025-02-18 00:00:00+05:30,3880.0,3891.89990234375,3810.0,3840.5,482022,0.0,0.0
2025-02-19 00:00:00+05:30,3840.89990234375,3898.89990234375,3815.0,3879.14990234375,453662,0.0,0.0
2025-02-20 00:00:00+05:30,3864.5,3938.0,3855.5,3909.10009765625,438563,0.0,0.0
2025-02-21 00:00:00+05:30,3900.0,3916.85009765625,3828.64990234375,3852.60009765625,426337,0.0,0.0
2025-02-24 00:00:00+05:30,3839.85009765625,3891.10009765625,3800.10009765625,3884.85009765625,272543,0.0,0.0
2025-02-25 00:00:00+05:30,3877.0,3883.300048828125,3817.10009765625,3828.25,661184,0.0,0.0
2025-02-27 00:00:00+05:30,3808.14990234375,3810.300048828125,3725.25,3759.550048828125,877741,0.0,0.0
2025-02-28 00:00:00+05:30,3745.60009765625,3746.949951171875,3662.14990234375,3681.10009765625,995134,0.0,0.0
2025-03-03 00:00:00+05:30,3644.050048828125,3715.0,3617.0,3630.75,691809,0.0,0.0
2025-03-04 00:00:00+05:30,3625.0,3639.89990234375,3495.0,3514.85009765625,946922,0.0,0.0
2025-03-05 00:00:00+05:30,3515.0,3609.60009765625,3513.5,3588.75,611959,0.0,0.0
2025-03-06 00:00:00+05:30,3629.5,3658.0,3582.699951171875,3648.75,654829,0.0,0.0
2025-03-07 00:00:00+05:30,3664.0,3733.699951171875,3625.0,3652.5,621576,0.0,0.0
2025-03-10 00:00:00+05:30,3653.0,3665.75,3575.699951171875,3582.85009765625,675889,0.0,0.0
2025-03-11 00:00:00+05:30,3579.0,3663.5,3552.75,3650.64990234375,618870,0.0,0.0
2025-03-12 00:00:00+05:30,3650.64990234375,3669.449951171875,3597.0,3610.25,385877,0.0,0.0
2025-03-13 00:00:00+05:30,3625.0,3625.550048828125,3524.35009765625,3529.14990234375,359751,0.0,0.0
2025-03-17 00:00:00+05:30,3486.0,3549.0,3461.60009765625,3493.10009765625,673556,0.0,0.0
2025-03-18 00:00:00+05:30,3493.10009765625,3493.10009765625,3493.10009765625,3493.10009765625,0,0.0,0.0
2025-03-19 00:00:00+05:30,3585.0,3588.85009765625,3514.14990234375,3537.0,674188,0.0,0.0
2025-03-20 00:00:00+05:30,3579.0,3634.0,3561.25,3597.14990234375,771668,0.0,0.0
2025-03-21 00:00:00+05:30,3629.0,3711.89990234375,3611.75,3629.0,1195882,0.0,0.0
2025-03-24 00:00:00+05:30,3658.0,3687.35009765625,3582.85009765625,3626.35009765625,663262,0.0,0.0
2025-03-25 00:00:00+05:30,3652.5,3675.699951171875,3615.0,3627.949951171875,544164,0.0,0.0
2025-03-26 00:00:00+05:30,3650.0,3669.300048828125,3605.39990234375,3645.949951171875,755658,0.0,0.0
2025-03-27 00:00:00+05:30,3634.0,3789.0,3610.35009765625,3772.050048828125,1525094,0.0,0.0
2025-03-28 00:00:00+05:30,3779.0,3808.75,3707.35009765625,3722.949951171875,509889,0.0,0.0
2025-04-01 00:00:00+05:30,3707.35009765625,3816.60009765625,3707.35009765625,3762.050048828125,506307,0.0,0.0
2025-04-02 00:00:00+05:30,3770.0,3789.800048828125,3732.89990234375,3783.949951171875,321687,0.0,0.0
2025-04-03 00:00:00+05:30,3780.0,3807.10009765625,3735.64990234375,3753.35009765625,339509,0.0,0.0
2025-04-04 00:00:00+05:30,3744.949951171875,3744.949951171875,3632.550048828125,3659.199951171875,330498,0.0,0.0
2025-04-07 00:00:00+05:30,3478.949951171875,3545.0,3344.0,3526.89990234375,605866,0.0,0.0
2025-04-08 00:00:00+05:30,3600.0,3622.89990234375,3510.25,3574.14990234375,450859,0.0,0.0
2025-04-09 00:00:00+05:30,3590.0,3678.75,3538.0,3610.89990234375,584571,0.0,0.0
2025-04-11 00:00:00+05:30,3620.449951171875,3704.10009765625,3620.449951171875,3666.0,436704,0.0,0.0
2025-04-15 00:00:00+05:30,3749.0,3816.0,3686.5,3803.89990234375,604277,0.0,0.0
2025-04-16 00:00:00+05:30,3809.0,3816.60009765625,3742.0,3781.89990234375,491227,0.0,0.0
2025-04-17 00:00:00+05:30,3781.89990234375,3797.60009765625,3664.300048828125,3771.800048828125,970749,0.0,0.0
2025-04-21 00:00:00+05:30,3794.0,3932.5,3756.0,3917.0,1031160,0.0,0.0
2025-04-22 00:00:00+05:30,3901.0,3902.89990234375,3821.199951171875,3833.60009765625,927543,0.0,0.0
2025-04-23 00:00:00+05:30,3862.10009765625,3954.199951171875,3822.60009765625,3940.5,800615,0.0,0.0
2025-04-24 00:00:00+05:30,3940.60009765625,3988.0,3924.89990234375,3954.5,1227984,0.0,0.0
2025-04-25 00:00:00+05:30,3960.0,3994.10009765625,3839.89990234375,3895.5,652719,0.0,0.0
2025-04-28 00:00:00+05:30,3895.0,3935.0,3846.5,3911.699951171875,521342,0.0,0.0
2025-04-29 00:00:00+05:30,3935.5,3953.89990234375,3846.39990234375,3852.699951171875,428581,0.0,0.0
2025-04-30 00:00:00+05:30,3852.699951171875,3867.5,3806.5,3827.39990234375,892342,0.0,0.0
2025-05-02 00:00:00+05:30,3803.60009765625,3914.0,3725.0,3737.39990234375,881303,0.0,0.0
2025-05-05 00:00:00+05:30,3769.0,3794.5,3742.300048828125,3767.60009765625,640182,0.0,0.0
2025-05-06 00:00:00+05:30,3785.0,3908.0,3781.0,3872.60009765625,1210118,0.0,0.0
2025-05-07 00:00:00+05:30,3820.0,3894.800048828125,3813.60009765625,3868.0,448141,0.0,0.0
2025-05-08 00:00:00+05:30,3869.0,3875.0,3775.699951171875,3800.5,739365,0.0,0.0
2025-05-09 00:00:00+05:30,3735.0,3896.10009765625,3735.0,3853.89990234375,859973,0.0,0.0
2025-05-12 00:00:00+05:30,3929.89990234375,3999.5,3910.0,3984.89990234375,547435,0.0,0.0
2025-05-13 00:00:00+05:30,3999.0,4098.39990234375,3957.5,4063.60009765625,1197629,0.0,0.0
2025-05-14 00:00:00+05:30,4070.0,4107.7998046875,3933.0,4067.199951171875,1199813,0.0,0.0
2025-05-15 00:00:00+05:30,4083.0,4347.0,4067.199951171875,4325.0,2629014,0.0,0.0
2025-05-16 00:00:00+05:30,4330.0,4363.0,4294.2998046875,4345.2998046875,765257,0.0,0.0
2025-05-19 00:00:00+05:30,4323.10009765625,4454.60009765625,4323.10009765625,4387.7001953125,753807,0.0,0.0
2025-05-20 00:00:00+05:30,4409.0,4437.2001953125,4231.39990234375,4241.60009765625,842529,0.0,0.0
2025-05-21 00:00:00+05:30,4241.0,4288.89990234375,4212.0,4263.7998046875,396931,0.0,0.0
2025-05-22 00:00:00+05:30,4250.0,4284.0,4202.89990234375,4276.2998046875,394809,0.0,0.0
2025-05-23 00:00:00+05:30,4288.89990234375,4335.0,4276.39990234375,4308.7998046875,461297,0.0,0.0
2025-05-26 00:00:00+05:30,4309.89990234375,4418.2998046875,4300.0,4359.39990234375,765160,0.0,0.0
2025-05-27 00:00:00+05:30,4370.5,4374.89990234375,4300.0,4338.2001953125,411809,0.0,0.0
2025-05-28 00:00:00+05:30,4368.0,4383.39990234375,4310.5,4362.2001953125,424160,0.0,0.0
2025-05-29 00:00:00+05:30,4384.0,4384.0,4332.10009765625,4356.60009765625,369150,0.0,0.0
