timestamp,Open,High,Low,Close,Volume,Dividends,Stock Splits
2020-06-01 00:00:00+05:30,1924.2106504962994,1987.2691200065397,1920.6867495673914,1955.3226318359375,6592547,0.0,0.0
2020-06-02 00:00:00+05:30,1967.7947270071168,1970.576717667353,1938.1201599645965,1954.255615234375,3268728,0.0,0.0
2020-06-03 00:00:00+05:30,1961.3037356912064,1992.8329683217032,1933.48382454665,1966.404052734375,4895117,0.0,0.0
2020-06-04 00:00:00+05:30,1961.3035639164639,1977.4390204075255,1952.2620935863526,1966.4967041015625,3264730,0.0,0.0
2020-06-05 00:00:00+05:30,1969.6496310875812,1973.358952426729,1933.4837480308884,1935.8948974609375,2981853,0.0,0.0
2020-06-08 00:00:00+05:30,1953.8848791430464,1970.113158870148,1927.0851248961721,1958.2432861328125,4298456,0.0,0.0
2020-06-09 00:00:00+05:30,1947.3937394300378,1988.9381844843476,1942.803499466898,1953.42138671875,3127904,0.0,0.0
2020-06-10 00:00:00+05:30,1962.1380328104283,1975.2134802108576,1943.6842509492758,1965.5693359375,2421659,0.0,0.0
2020-06-11 00:00:00+05:30,1961.3037027706816,1982.8177217482219,1943.3597698240258,1953.792236328125,2566927,0.0,0.0
2020-06-12 00:00:00+05:30,1915.168828122683,1965.012829823007,1914.9369955566349,1954.11669921875,2338438,0.0,0.0
2020-06-15 00:00:00+05:30,1961.1647046064702,1976.7900853505973,1907.3331318682565,1932.834716796875,2830788,0.0,0.0
2020-06-16 00:00:00+05:30,1956.4814322609247,1965.9401556545592,1907.518349142183,1925.4622802734375,2806772,0.0,0.0
2020-06-17 00:00:00+05:30,1925.1378718761277,1946.4664706493218,1912.4334909301595,1927.224365234375,2293301,0.0,0.0
2020-06-18 00:00:00+05:30,1919.805546643996,1933.344659534716,1904.7828411180317,1915.26171875,2326907,0.0,0.0
2020-06-19 00:00:00+05:30,1941.0772267164914,1960.6840673903953,1920.5367269628778,1953.9150390625,4673528,14.0,0.0
2020-06-22 00:00:00+05:30,1970.0206481742853,1978.330122763822,1948.5464894501106,1961.4310302734375,2487234,0.0,0.0
2020-06-23 00:00:00+05:30,1974.6890673532355,2027.9076379627554,1962.1781261419808,2012.92236328125,4308814,0.0,0.0
2020-06-24 00:00:00+05:30,2027.9077862899164,2032.4826252010355,1984.0258038057423,1988.9742431640625,3023015,0.0,0.0
2020-06-25 00:00:00+05:30,1974.0354993838193,2044.6199912447437,1971.8880378446913,2028.981201171875,8208033,0.0,0.0
2020-06-26 00:00:00+05:30,2035.3299276857038,2035.3299276857038,1996.2564346067343,2011.2882080078125,3176048,0.0,0.0
2020-06-29 00:00:00+05:30,2008.6273718729844,2050.2216977822795,1998.0302510925908,2038.130859375,3295039,0.0,0.0
2020-06-30 00:00:00+05:30,2048.261249336491,2054.003161259884,2026.0401185761898,2035.376708984375,2373109,0.0,0.0
2020-07-01 00:00:00+05:30,2038.1776470147554,2046.393892005192,2016.796946567732,2026.4134521484375,1532931,0.0,0.0
2020-07-02 00:00:00+05:30,2023.939399245005,2033.1825326331696,2002.6986559245927,2009.0008544921875,2588838,0.0,0.0
2020-07-03 00:00:00+05:30,2021.8389135141056,2042.8462446404355,2013.2960233670506,2029.494873046875,1946252,0.0,0.0
2020-07-06 00:00:00+05:30,2035.3771145732835,2035.3771145732835,2010.1683154478346,2018.1978759765625,2375516,0.0,0.0
2020-07-07 00:00:00+05:30,2031.175535859314,2031.175535859314,2008.9076733508193,2011.2418212890625,2014667,0.0,0.0
2020-07-08 00:00:00+05:30,2010.7284408728344,2048.448179435007,1984.0256979486737,2041.025634765625,3349938,0.0,0.0
2020-07-09 00:00:00+05:30,2038.177768499695,2072.6764258637195,2027.0205880997078,2031.502197265625,3039571,0.0,0.0
2020-07-10 00:00:00+05:30,2026.0400947008268,2083.9269545494217,2023.659218585976,2076.27099609375,3179516,0.0,0.0
2020-07-13 00:00:00+05:30,2090.462882326213,2124.0746124574066,2086.728245644969,2114.971435546875,4556662,0.0,0.0
2020-07-14 00:00:00+05:30,2114.5508824238937,2119.3591349453504,2078.8851553320765,2086.494384765625,2403256,0.0,0.0
2020-07-15 00:00:00+05:30,2088.829247815273,2139.0134346831114,2086.775242964864,2124.21484375,2474512,0.0,0.0
2020-07-16 00:00:00+05:30,2124.3083114680835,2139.2935887453295,2089.529502720831,2136.072509765625,2495150,0.0,0.0
2020-07-17 00:00:00+05:30,2133.4114535211497,2184.7627138903676,2129.6768164033883,2179.67431640625,3088712,0.0,0.0
2020-07-20 00:00:00+05:30,2179.673763731372,2187.843280355024,2147.976084820422,2176.3125,2816219,0.0,0.0
2020-07-21 00:00:00+05:30,2192.2312039102944,2194.0985218011892,2154.884846092402,2164.221435546875,3037810,0.0,0.0
2020-07-22 00:00:00+05:30,2175.4257373839505,2175.4257373839505,2092.5634909492614,2099.33251953125,6950011,0.0,0.0
2020-07-23 00:00:00+05:30,2110.0696424805883,2116.7452141099016,2059.2319482317725,2064.647216796875,3936886,0.0,0.0
2020-07-24 00:00:00+05:30,2054.0498357164474,2072.7230160411427,2024.2194757365664,2062.73291015625,4203314,0.0,0.0
2020-07-27 00:00:00+05:30,2070.6225575222347,2087.6151082796637,2039.8118059054007,2074.123779296875,2209409,0.0,0.0
2020-07-28 00:00:00+05:30,2082.9468065806577,2095.97130595598,2064.367080927732,2093.77734375,1567837,0.0,0.0
2020-07-29 00:00:00+05:30,2086.728419410235,2112.1239053685895,2068.0552344490698,2083.27392578125,2404978,0.0,0.0
2020-07-30 00:00:00+05:30,2092.1813808468437,2098.5105270896956,2053.5501932668194,2058.707275390625,2044966,9.5,0.0
2020-07-31 00:00:00+05:30,2060.4884514044247,2083.4139767864726,2042.2042535421328,2072.115234375,1715659,0.0,0.0
2020-08-03 00:00:00+05:30,2072.021843659902,2084.4457231158976,2052.0967539663243,2067.05224609375,1683773,0.0,0.0
2020-08-04 00:00:00+05:30,2072.115462616036,2080.5543240973934,2039.4853813564687,2060.77001953125,1981720,0.0,0.0
2020-08-05 00:00:00+05:30,2064.70786751226,2072.1152201560926,2045.064121368496,2057.722412109375,1715477,0.0,0.0
2020-08-06 00:00:00+05:30,2062.8324051455734,2090.024286849765,2055.3781247379966,2082.00732421875,1824483,0.0,0.0
2020-08-07 00:00:00+05:30,2084.398810392236,2095.4631413593593,2067.5210872311654,2072.72509765625,1777905,0.0,0.0
2020-08-10 00:00:00+05:30,2079.7104416403504,2087.914889956109,2061.7075836912372,2069.161865234375,1476289,0.0,0.0
2020-08-11 00:00:00+05:30,2071.3184988963585,2093.7752001088484,2068.4586168563005,2072.818603515625,1665204,0.0,0.0
2020-08-12 00:00:00+05:30,2062.8796089977186,2071.3184699640265,2053.456168468257,2058.23828125,1170430,0.0,0.0
2020-08-13 00:00:00+05:30,2062.832815326344,2078.772887081139,2054.3470254613617,2061.56689453125,1453227,0.0,0.0
2020-08-14 00:00:00+05:30,2066.583627404935,2077.835443888084,2030.062152187141,2038.3602294921875,1341664,0.0,0.0
2020-08-17 00:00:00+05:30,2045.0174527663692,2066.2551628059946,2033.2029550068132,2059.129150390625,1559579,0.0,0.0
2020-08-18 00:00:00+05:30,2066.58330417119,2078.5852856597467,2052.518535767121,2076.2880859375,1339001,0.0,0.0
2020-08-19 00:00:00+05:30,2068.4585705531426,2082.992164317229,2053.4561511837637,2056.831787109375,1585107,0.0,0.0
2020-08-20 00:00:00+05:30,2049.7056575684433,2060.7699882375155,2040.4697010754803,2049.42431640625,1768939,0.0,0.0
2020-08-21 00:00:00+05:30,2061.8952446545004,2070.9904166393435,2051.065326166898,2064.755126953125,1374411,0.0,0.0
2020-08-24 00:00:00+05:30,2068.459123910718,2073.756763100262,2054.581836497817,2057.582275390625,1665474,0.0,0.0
2020-08-25 00:00:00+05:30,2057.582334834569,2060.864115044379,2039.391987524864,2043.2364501953125,1774886,0.0,0.0
2020-08-26 00:00:00+05:30,2046.049012133338,2049.705760669492,2025.3268266450607,2046.705322265625,2148146,0.0,0.0
2020-08-27 00:00:00+05:30,2046.0488516086123,2051.580902328008,2030.0149239214522,2035.875244140625,2172203,0.0,0.0
2020-08-28 00:00:00+05:30,2043.1419529798272,2046.3298754738842,2011.261812364263,2017.7784423828125,1939520,0.0,0.0
2020-08-31 00:00:00+05:30,2017.8253372146467,2032.3589304891946,1969.67685760534,1985.3358154296875,3534275,0.0,0.0
2020-09-01 00:00:00+05:30,2015.9034266146236,2039.2977814617377,1980.0851916729594,2026.8739013671875,1738003,0.0,0.0
2020-09-02 00:00:00+05:30,2035.6411310483415,2048.7682502720527,2003.3390870280396,2008.1209716796875,1667810,0.0,0.0
2020-09-03 00:00:00+05:30,2018.7630500511416,2020.1225985184706,1995.3686982042482,2005.7764892578125,1590711,0.0,0.0
2020-09-04 00:00:00+05:30,1983.1324209434322,2007.417497083933,1982.1947696805748,1992.1806640625,1590491,0.0,0.0
2020-09-07 00:00:00+05:30,1993.4465217356944,2038.453780928222,1972.5837817974916,2027.7646484375,2362992,0.0,0.0
2020-09-08 00:00:00+05:30,2019.700751573623,2035.969091998973,1998.275329377774,2008.683349609375,1804209,0.0,0.0
2020-09-09 00:00:00+05:30,1989.6962023867102,2010.5120169672239,1978.4443859735902,1999.30712890625,2009898,0.0,0.0
2020-09-10 00:00:00+05:30,2008.4490709521497,2009.9494045894644,1986.1329243800378,2000.85400390625,2137794,0.0,0.0
2020-09-11 00:00:00+05:30,1992.5090988104412,2033.7657577975751,1992.0402731401327,2024.6236572265625,1934110,0.0,0.0
2020-09-14 00:00:00+05:30,2031.8901215425963,2034.4217339628917,1983.1322598350673,1991.102294921875,2096908,0.0,0.0
2020-09-15 00:00:00+05:30,2003.6671219816708,2003.760978686234,1977.506740313181,1991.993408203125,1224058,0.0,0.0
2020-09-16 00:00:00+05:30,1992.508799484178,2024.3420119321872,1980.9756439434138,2009.8553466796875,2087841,0.0,0.0
2020-09-17 00:00:00+05:30,2001.8854738733849,2011.3089149791185,1989.9304201066936,1995.5093994140625,1741644,0.0,0.0
2020-09-18 00:00:00+05:30,1987.820650223498,1994.8999629455463,1959.6911127203352,1967.8486328125,4475166,0.0,0.0
2020-09-21 00:00:00+05:30,1967.8487217541933,1968.1300629256932,1896.0246556417312,1910.745849609375,3483963,0.0,0.0
2020-09-22 00:00:00+05:30,1913.3240997960652,1926.6387003414814,1875.3492282234506,1900.431396484375,2345687,0.0,0.0
2020-09-23 00:00:00+05:30,1908.1204672279682,1931.561750609147,1899.5409346185784,1924.5762939453125,2410295,0.0,0.0
2020-09-24 00:00:00+05:30,1916.5591807375183,1951.2522774534127,1908.1672477210752,1932.4053955078125,3798089,0.0,0.0
2020-09-25 00:00:00+05:30,1952.1898534592624,1979.3817390261781,1941.7351338518993,1949.423828125,2528873,0.0,0.0
2020-09-28 00:00:00+05:30,1953.1275677628364,1961.8946985807415,1931.5615888581099,1934.6558837890625,1523704,0.0,0.0
2020-09-29 00:00:00+05:30,1936.2498509543784,1940.2348688074321,1898.50938775781,1906.4324951171875,2298844,0.0,0.0
2020-09-30 00:00:00+05:30,1911.8241335283697,1966.2548390188715,1907.182805228605,1939.29736328125,2417367,0.0,0.0
2020-10-01 00:00:00+05:30,1959.6910164407443,1977.4125326295741,1940.9379923599718,1964.3792724609375,2131531,0.0,0.0
2020-10-05 00:00:00+05:30,1969.0677403048344,1990.915061492924,1952.3775012937335,1979.4288330078125,1646110,0.0,0.0
2020-10-06 00:00:00+05:30,1986.8831289924246,2006.5738065331707,1976.6158929156481,1983.976318359375,1679499,0.0,0.0
2020-10-07 00:00:00+05:30,1990.6336654882732,2015.9502500234516,1981.2571526974666,2005.96435546875,2428544,0.0,0.0
2020-10-08 00:00:00+05:30,2013.137392314248,2030.0151161436177,2012.4341538213578,2026.0770263671875,1617365,0.0,0.0
2020-10-09 00:00:00+05:30,2015.9500204586807,2031.8431620455249,1988.851993146524,2006.2452392578125,2001026,0.0,0.0
2020-10-12 00:00:00+05:30,2011.449438614149,2013.6999389910254,1990.9149675728938,2005.0733642578125,1741166,0.0,0.0
2020-10-13 00:00:00+05:30,2004.6516955565398,2018.997807264434,1995.3221102327716,2004.8861083984375,1679160,0.0,0.0
2020-10-14 00:00:00+05:30,1999.6353543036316,2030.0151663807999,1998.1350205808242,2023.5921630859375,2123033,0.0,0.0
2020-10-15 00:00:00+05:30,2025.326642353359,2043.798325668849,2007.5581974553525,2018.3411865234375,2344437,0.0,0.0
2020-10-16 00:00:00+05:30,2036.4846592281049,2036.4846592281049,2010.3712092550572,2016.4659423828125,1640399,0.0,0.0
2020-10-19 00:00:00+05:30,2019.2788039187349,2048.7678886141216,2017.9192554514598,2042.016845703125,1605969,0.0,0.0
2020-10-20 00:00:00+05:30,2046.0489690217505,2070.802871480543,1999.5883018742375,2037.610107421875,5855290,0.0,0.0
2020-10-21 00:00:00+05:30,2053.4559311000057,2059.7850760931224,2002.8227711550742,2028.2799072265625,3954242,0.0,0.0
2020-10-22 00:00:00+05:30,2025.3271776612376,2050.878180249788,2018.951101873726,2043.4708251953125,2632958,0.0,0.0
2020-10-23 00:00:00+05:30,2052.4247213284402,2052.4247213284402,2006.5736669547819,2010.1837158203125,2805684,0.0,0.0
2020-10-26 00:00:00+05:30,2015.9501039323009,2036.5784305771895,2008.7302353903403,2031.65576171875,1646050,0.0,0.0
2020-10-27 00:00:00+05:30,2022.513668431967,2052.518507277504,2018.2473096248666,2040.9853515625,2334808,0.0,0.0
2020-10-28 00:00:00+05:30,2061.039272397182,2061.039272397182,2023.432131697411,2042.54248046875,1555483,14.0,0.0
2020-10-29 00:00:00+05:30,2021.4503657449816,2038.4373436083847,1996.913619942288,2002.67041015625,1934367,0.0,0.0
2020-10-30 00:00:00+05:30,1998.989668401588,2000.6884121901758,1951.6149228345678,1954.729248046875,2414313,0.0,0.0
2020-11-02 00:00:00+05:30,1955.389892578125,1970.1590339211768,1940.2903567281007,1955.389892578125,1486077,0.0,0.0
2020-11-03 00:00:00+05:30,1974.0757464212281,1974.0757464212281,1928.022112915606,1940.00732421875,2227402,0.0,0.0
2020-11-04 00:00:00+05:30,1934.6282278961812,1967.658465933433,1934.5809957617112,1944.1126708984375,1479878,0.0,0.0
2020-11-05 00:00:00+05:30,1969.5458937554304,1993.1389207529799,1945.2923080820804,1984.0321044921875,2083827,0.0,0.0
2020-11-06 00:00:00+05:30,1986.5330458688045,2004.4165158072985,1968.602343792079,1976.2935791015625,2127821,0.0,0.0
2020-11-09 00:00:00+05:30,2000.68860350833,2017.3451876933186,1989.4111831677399,2012.5323486328125,2194404,0.0,0.0
2020-11-10 00:00:00+05:30,2019.5626848108798,2023.52626642992,1974.735942975124,2016.3541259765625,2471703,0.0,0.0
2020-11-11 00:00:00+05:30,2016.35464608795,2018.2420883363145,1986.1555701141197,2011.211181640625,2759942,0.0,0.0
2020-11-12 00:00:00+05:30,2009.1820680216892,2079.9611451008936,2003.7556721122835,2068.73095703125,3010512,0.0,0.0
2020-11-13 00:00:00+05:30,2080.904865875994,2093.5506354856866,2055.6603283874756,2062.36083984375,2799165,0.0,0.0
2020-11-14 00:00:00+05:30,2073.35526562918,2073.35526562918,2059.199449068216,2064.57861328125,258276,0.0,0.0
2020-11-17 00:00:00+05:30,2095.3914443064255,2095.3914443064255,2049.7624324369776,2055.04736328125,2733542,0.0,0.0
2020-11-18 00:00:00+05:30,2047.874724524515,2047.874724524515,2006.2565331239173,2012.1077880859375,3315051,0.0,0.0
2020-11-19 00:00:00+05:30,2006.1626104280786,2026.5468504875603,1995.4985145891999,2010.833984375,2704650,0.0,0.0
2020-11-20 00:00:00+05:30,2014.8440773056134,2021.4501234607137,1982.2857069697616,2000.9241943359375,2827038,0.0,0.0
2020-11-23 00:00:00+05:30,2019.5628605385311,2019.5628605385311,1977.0954172094498,2009.559326171875,3244576,0.0,0.0
2020-11-24 00:00:00+05:30,2012.0132253630566,2039.381135088914,2002.9534113625161,2035.9366455078125,1989749,0.0,0.0
2020-11-25 00:00:00+05:30,2040.3249422011372,2048.818431784768,2008.238425996309,2015.646728515625,1786536,0.0,0.0
2020-11-26 00:00:00+05:30,2019.5629529116393,2040.3248150443758,2003.0950674364824,2032.9637451171875,1630887,0.0,0.0
2020-11-27 00:00:00+05:30,2045.043593238097,2045.5154537810683,2006.3510287144413,2017.8643798828125,5687861,0.0,0.0
2020-12-01 00:00:00+05:30,2037.4939116785642,2037.4939116785642,2009.748602725653,2013.00439453125,2226742,0.0,0.0
2020-12-02 00:00:00+05:30,2024.2817520607246,2028.9058932734672,2002.6706311104097,2018.902587890625,1634682,0.0,0.0
2020-12-03 00:00:00+05:30,2031.8313976489983,2035.0399570224176,2000.7830676157346,2008.00244140625,3469163,0.0,0.0
2020-12-04 00:00:00+05:30,2020.5064496294244,2071.844774498531,2013.5230071202348,2061.275146484375,3712143,0.0,0.0
2020-12-07 00:00:00+05:30,2066.040946241772,2132.431802621774,2063.917574251801,2129.17578125,4147649,0.0,0.0
2020-12-08 00:00:00+05:30,2132.337709788095,2149.985247320728,2114.076615333346,2132.8095703125,2768211,0.0,0.0
2020-12-09 00:00:00+05:30,2132.8094950063646,2166.783451563988,2117.0021679969145,2163.197265625,2123890,0.0,0.0
2020-12-10 00:00:00+05:30,2161.12153351622,2225.200110406494,2147.012947750912,2218.16943359375,3041370,0.0,0.0
2020-12-11 00:00:00+05:30,2233.079690311768,2250.7744580638423,2201.700968831423,2241.101318359375,2611218,0.0,0.0
2020-12-14 00:00:00+05:30,2246.9528138948294,2256.814653779011,2223.548483420912,2237.326904296875,1575632,0.0,0.0
2020-12-15 00:00:00+05:30,2228.125309838813,2230.9092407447183,2177.447537563013,2189.47998046875,2207176,0.0,0.0
2020-12-16 00:00:00+05:30,2186.696140122417,2222.3686115409564,2173.3895811388593,2212.034912109375,1748634,0.0,0.0
2020-12-17 00:00:00+05:30,2210.194372544477,2210.194372544477,2179.99530340638,2184.9970703125,1912868,0.0,0.0
2020-12-18 00:00:00+05:30,2191.320415940428,2211.987816075209,2181.8832048468003,2202.1259765625,2229891,0.0,0.0
2020-12-21 00:00:00+05:30,2211.1384961691006,2217.744543746217,2137.6227160068815,2176.173583984375,2003069,0.0,0.0
2020-12-22 00:00:00+05:30,2179.995243958919,2201.9839866555963,2152.6273382988293,2180.93896484375,1764488,0.0,0.0
2020-12-23 00:00:00+05:30,2189.4327730876057,2243.508033778906,2173.6254459543225,2236.94921875,1559556,0.0,0.0
2020-12-24 00:00:00+05:30,2248.415705958444,2274.368038346212,2227.2292115983832,2267.05419921875,2489444,0.0,0.0
2020-12-28 00:00:00+05:30,2269.6488330938155,2281.350880447233,2242.328158293246,2254.454833984375,1532477,0.0,0.0
2020-12-29 00:00:00+05:30,2260.2117822347177,2267.7615501920777,2221.707919572054,2250.114013671875,1749013,0.0,0.0
2020-12-30 00:00:00+05:30,2255.49331803794,2278.755949848239,2242.2812232879264,2271.1591796875,1924886,0.0,0.0
2020-12-31 00:00:00+05:30,2261.1554360683594,2280.97357636779,2252.6619473686033,2260.589111328125,1709836,0.0,0.0
2021-01-01 00:00:00+05:30,2260.589224060926,2268.7053169390165,2247.943454637578,2253.18115234375,830096,0.0,0.0
2021-01-04 00:00:00+05:30,2269.64944766768,2293.242477269215,2265.59140049608,2289.939453125,1614486,0.0,0.0
2021-01-05 00:00:00+05:30,2269.648721642831,2318.6749753919594,2269.648721642831,2312.63525390625,2356303,0.0,0.0
2021-01-06 00:00:00+05:30,2308.152884632712,2312.1164667813523,2266.4404622100897,2281.2568359375,1641627,0.0,0.0
2021-01-07 00:00:00+05:30,2295.1298339347054,2295.7903926587464,2231.9005169636425,2235.533935546875,2403881,0.0,0.0
2021-01-08 00:00:00+05:30,2255.4930692220164,2264.930278716669,2227.9364635777547,2256.62548828125,2797948,0.0,0.0
2021-01-11 00:00:00+05:30,2288.523717651193,2304.5197445666013,2266.9125961478658,2292.39306640625,2787672,0.0,0.0
2021-01-12 00:00:00+05:30,2293.053470800163,2296.167796368965,2238.5063476154082,2242.186767578125,2036708,0.0,0.0
2021-01-13 00:00:00+05:30,2247.848776283224,2263.04277531695,2231.522588621656,2238.83642578125,1702740,0.0,0.0
2021-01-14 00:00:00+05:30,2232.8440884441397,2270.592931866695,2218.8297381632538,2263.562255859375,2120413,0.0,0.0
2021-01-15 00:00:00+05:30,2257.852546283557,2271.5365011095178,2210.9496575464254,2218.82958984375,2042957,0.0,0.0
2021-01-18 00:00:00+05:30,2240.8655488139934,2240.8655488139934,2190.0460800255496,2201.32373046875,1733797,0.0,0.0
2021-01-19 00:00:00+05:30,2210.1949308752905,2248.0382411090427,2192.5001593322027,2230.154541015625,1495269,0.0,0.0
2021-01-20 00:00:00+05:30,2224.350816598309,2240.3468444856494,2214.253046073607,2223.35986328125,1380562,0.0,0.0
2021-01-21 00:00:00+05:30,2242.2812862256487,2264.836127878852,2217.744538144055,2234.401123046875,1521133,0.0,0.0
2021-01-22 00:00:00+05:30,2226.2377086622773,2285.692128181448,2224.35026677278,2273.754150390625,2548089,0.0,0.0
2021-01-25 00:00:00+05:30,2283.804794540757,2295.4598409210835,2250.7745599089694,2264.552978515625,2124424,0.0,0.0
2021-01-27 00:00:00+05:30,2288.5233208759987,2288.5233208759987,2203.5884347403944,2256.719970703125,2460297,0.0,0.0
2021-01-28 00:00:00+05:30,2234.6369612966073,2275.830522985363,2161.1211843474057,2170.935791015625,3867335,0.0,0.0
2021-01-29 00:00:00+05:30,2184.8086922538214,2191.603437725104,2124.3160808650205,2136.489990234375,4472694,0.0,0.0
2021-02-01 00:00:00+05:30,2148.522213780752,2156.402375892292,2100.9115378198408,2122.051025390625,2717591,0.0,0.0
2021-02-02 00:00:00+05:30,2143.23777489527,2146.9654270291026,2080.904952351284,2104.922607421875,4215607,0.0,0.0
2021-02-03 00:00:00+05:30,2105.913384506078,2129.9782696976104,2092.7957549344756,2107.1875,2353429,0.0,0.0
2021-02-04 00:00:00+05:30,2112.9913199401,2131.8657399484973,2100.9116450545985,2119.219970703125,2908003,0.0,0.0
2021-02-05 00:00:00+05:30,2119.220191391369,2156.402710519717,2114.8789821771056,2141.822265625,4036942,0.0,0.0
2021-02-08 00:00:00+05:30,2159.233851723082,2159.8944104052784,2104.781190965616,2110.773681640625,2780672,0.0,0.0
2021-02-09 00:00:00+05:30,2120.5409026015227,2127.807507589505,2086.0950890968697,2091.521484375,3131481,0.0,0.0
2021-02-10 00:00:00+05:30,2095.06079980709,2114.878942507968,2088.2188219698824,2109.6884765625,2055520,0.0,0.0
2021-02-11 00:00:00+05:30,2115.8227258565094,2140.359474684462,2108.320189121941,2135.640869140625,1824480,0.0,0.0
2021-02-12 00:00:00+05:30,2140.3593247165545,2144.370139147791,2106.385367181371,2115.39794921875,1222094,0.0,0.0
2021-02-15 00:00:00+05:30,2124.3160203842876,2134.4610213701303,2088.4546215506125,2090.53076171875,2449407,0.0,0.0
2021-02-16 00:00:00+05:30,2101.6667472279187,2103.601421431899,2066.7963010269195,2072.505859375,2396356,0.0,0.0
2021-02-17 00:00:00+05:30,2072.4115821427918,2077.6492804455534,2038.4376217797953,2042.1180419921875,2447956,0.0,0.0
2021-02-18 00:00:00+05:30,2042.2124344600977,2046.5064114906882,2022.5829897492963,2026.0277099609375,3205806,0.0,0.0
2021-02-19 00:00:00+05:30,2031.736738439902,2070.5237615944684,2029.000039848727,2058.349853515625,3364030,0.0,0.0
2021-02-22 00:00:00+05:30,2080.9049387902674,2080.9049387902674,2039.9475369171948,2045.60986328125,2678023,0.0,0.0
2021-02-23 00:00:00+05:30,2062.0303996949206,2068.9668412546066,2048.063282715258,2056.60400390625,2062144,0.0,0.0
2021-02-24 00:00:00+05:30,2065.3333778546194,2065.3333778546194,2034.2378174461417,2056.2265625,924143,0.0,0.0
2021-02-25 00:00:00+05:30,2054.4809355778216,2062.0307047485257,2038.4376760900757,2041.552001953125,2099460,0.0,0.0
2021-02-26 00:00:00+05:30,2036.5503095944212,2059.5770142618157,2000.6889046988754,2012.060791015625,3413194,0.0,0.0
2021-03-01 00:00:00+05:30,2015.0330183119947,2032.775019061741,2008.2382732420542,2022.771484375,1229276,0.0,0.0
2021-03-02 00:00:00+05:30,2040.3248927264262,2060.9922913851824,2020.082122456425,2055.377197265625,2095135,0.0,0.0
2021-03-03 00:00:00+05:30,2080.904547971991,2080.904547971991,2051.17734014382,2070.0517578125,2031893,0.0,0.0
2021-03-04 00:00:00+05:30,2062.03055352991,2079.4893934568217,2051.6496216814753,2073.2607421875,2290915,0.0,0.0
2021-03-05 00:00:00+05:30,2061.652968884494,2085.576157763477,2052.8290854593083,2077.224365234375,2129837,0.0,0.0
2021-03-08 00:00:00+05:30,2085.6235670611186,2091.3803577548965,2046.931003147315,2052.168701171875,1440724,0.0,0.0
2021-03-09 00:00:00+05:30,2053.537028087332,2080.9049388476874,2040.3721653706707,2074.770751953125,1711842,0.0,0.0
2021-03-10 00:00:00+05:30,2086.095584307934,2111.0097302954746,2069.7691624718504,2102.46923828125,2696085,0.0,0.0
2021-03-12 00:00:00+05:30,2110.1599799615888,2113.840399394299,2076.1860267958386,2080.668701171875,2038930,0.0,0.0
2021-03-15 00:00:00+05:30,2081.9431062502595,2092.654201956619,2060.4262201713755,2086.42578125,1632022,0.0,0.0
2021-03-16 00:00:00+05:30,2096.3353852405407,2121.013604878961,2089.682104048321,2117.7578125,2633605,0.0,0.0
2021-03-17 00:00:00+05:30,2127.1471290749732,2134.696897057493,2094.3528244009026,2101.006103515625,3703365,0.0,0.0
2021-03-18 00:00:00+05:30,2112.047647099083,2123.277835099899,2080.904853375102,2090.53076171875,2597091,0.0,0.0
2021-03-19 00:00:00+05:30,2080.055540301187,2194.387246853458,2068.1645635864325,2181.93017578125,5382214,0.0,0.0
2021-03-22 00:00:00+05:30,2180.090163899137,2223.878729947907,2172.445930973937,2220.764404296875,2471516,0.0,0.0
2021-03-23 00:00:00+05:30,2230.013109305703,2239.4030888022044,2202.0788707063944,2205.759521484375,1970612,0.0,0.0
2021-03-24 00:00:00+05:30,2205.759354749219,2218.593823361988,2185.233420995078,2188.11181640625,1762743,0.0,0.0
2021-03-25 00:00:00+05:30,2188.1118702249228,2191.320429856868,2105.4890404953635,2111.1513671875,2495833,0.0,0.0
2021-03-26 00:00:00+05:30,2128.0907283857223,2194.151194455346,2122.239704613966,2187.45068359375,1929236,0.0,0.0
2021-03-30 00:00:00+05:30,2194.151309173886,2270.592709622525,2194.151309173886,2263.750732421875,3327203,0.0,0.0
2021-03-31 00:00:00+05:30,2251.7184074099064,2301.3582264057727,2247.6131287147646,2294.65771484375,2709756,0.0,0.0
2021-04-01 00:00:00+05:30,2309.0972455305364,2309.0972455305364,2257.428506087219,2264.081787109375,1532653,0.0,0.0
2021-04-05 00:00:00+05:30,2264.930441215366,2281.162396630615,2214.441366796607,2239.638671875,2545447,0.0,0.0
2021-04-06 00:00:00+05:30,2248.226680683339,2275.311428463392,2243.5553076133665,2272.763427734375,3683538,0.0,0.0
2021-04-07 00:00:00+05:30,2280.973731879645,2297.960710437292,2252.992495471333,2269.885009765625,1713970,0.0,0.0
2021-04-08 00:00:00+05:30,2270.592773542567,2301.735567194647,2260.7781670973186,2274.273193359375,1814515,0.0,0.0
2021-04-09 00:00:00+05:30,2287.579825701737,2343.259367663949,2287.579825701737,2336.6533203125,2604858,0.0,0.0
2021-04-12 00:00:00+05:30,2304.094639001098,2348.213592256597,2300.4142195528643,2323.44091796875,2261945,0.0,0.0
2021-04-13 00:00:00+05:30,2330.990693331949,2364.8701825039357,2310.9838557284133,2316.2685546875,1811781,0.0,0.0
2021-04-15 00:00:00+05:30,2356.4715905291314,2356.4715905291314,2284.843251083003,2322.167236328125,3352379,0.0,0.0
2021-04-16 00:00:00+05:30,2330.896556672196,2339.43727835536,2302.679389105305,2320.515625,1225517,0.0,0.0
2021-04-19 00:00:00+05:30,2302.679868920631,2321.271131618252,2278.190348362045,2299.518310546875,1746316,0.0,0.0
2021-04-20 00:00:00+05:30,2317.7788378867317,2317.7788378867317,2249.642225947551,2262.52392578125,1589508,0.0,0.0
2021-04-22 00:00:00+05:30,2255.4936391877,2255.4936391877,2200.7578102869106,2217.178466796875,1721265,0.0,0.0
2021-04-23 00:00:00+05:30,2208.3075667248945,2217.744778548505,2170.5587194304517,2177.87255859375,1949756,0.0,0.0
2021-04-26 00:00:00+05:30,2193.2078791861436,2236.43035248948,2180.939504646806,2227.795166015625,1946867,0.0,0.0
2021-04-27 00:00:00+05:30,2230.0127595106455,2252.1429712428435,2220.5283172252357,2245.91455078125,1668456,0.0,0.0
2021-04-28 00:00:00+05:30,2246.0557363534926,2307.3975946992814,2233.1268061361175,2271.111572265625,1951215,0.0,0.0
2021-04-29 00:00:00+05:30,2296.073451279872,2311.1257568429437,2249.972583083841,2272.10302734375,3151150,0.0,0.0
2021-04-30 00:00:00+05:30,2274.3677569453666,2305.416087691124,2199.1060023327555,2221.283447265625,4010778,0.0,0.0
2021-05-03 00:00:00+05:30,2211.1385956317486,2279.0865166242734,2208.3074322570596,2272.48046875,1692239,0.0,0.0
2021-05-04 00:00:00+05:30,2273.6124717590305,2282.105960328079,2238.6947965307186,2272.149658203125,1453111,0.0,0.0
2021-05-05 00:00:00+05:30,2297.016860298317,2297.016860298317,2235.3446022298917,2259.88134765625,1256857,0.0,0.0
2021-05-06 00:00:00+05:30,2264.930373953975,2280.5490024044925,2243.2720233331665,2255.4931640625,1377740,0.0,0.0
2021-05-07 00:00:00+05:30,2273.234917891609,2287.5794292888763,2262.240431321535,2275.499755859375,1169518,0.0,0.0
2021-05-10 00:00:00+05:30,2286.6362570468023,2309.2383316254695,2280.0302092550864,2295.97900390625,988495,0.0,0.0
2021-05-11 00:00:00+05:30,2288.5234727058696,2289.4671937255425,2259.50405135094,2266.912353515625,1019077,0.0,0.0
2021-05-12 00:00:00+05:30,2254.54989743043,2254.54989743043,2194.1989740921163,2197.87939453125,2053932,0.0,0.0
2021-05-14 00:00:00+05:30,2197.83164768098,2248.3207189513246,2195.0949490620897,2243.083251953125,1388970,0.0,0.0
2021-05-17 00:00:00+05:30,2250.774893867537,2260.2121051625786,2233.316052971709,2242.517333984375,811243,0.0,0.0
2021-05-18 00:00:00+05:30,2266.9126083249103,2272.810865360849,2233.74067251439,2240.6298828125,1153722,0.0,0.0
2021-05-19 00:00:00+05:30,2227.18173104937,2246.0561524989403,2212.082193889713,2226.94580078125,1323590,0.0,0.0
2021-05-20 00:00:00+05:30,2227.1817037884575,2229.0691459103123,2208.3072825699114,2212.2236328125,856235,0.0,0.0
2021-05-21 00:00:00+05:30,2208.3071393963646,2232.985351379365,2208.3071393963646,2229.304931640625,771492,0.0,0.0
2021-05-24 00:00:00+05:30,2222.4628752765398,2227.1342479788427,2194.387176533662,2205.05126953125,1194864,0.0,0.0
2021-05-25 00:00:00+05:30,2222.4630940476477,2236.4302118016226,2206.4198360439063,2212.12939453125,1098457,0.0,0.0
2021-05-26 00:00:00+05:30,2223.1707988988574,2236.8075215947406,2213.261728161963,2221.519287109375,811095,0.0,0.0
2021-05-27 00:00:00+05:30,2220.575729457251,2220.575729457251,2192.169632428028,2195.47265625,3755182,0.0,0.0
2021-05-28 00:00:00+05:30,2202.0318431818328,2217.744708209517,2188.819747047819,2191.037353515625,1215325,0.0,0.0
2021-05-31 00:00:00+05:30,2194.150959144358,2213.0253759972124,2189.573820897302,2208.35400390625,1178704,0.0,0.0
2021-06-01 00:00:00+05:30,2214.9135416311883,2230.0130800487846,2199.4366069134203,2225.57763671875,1141451,0.0,0.0
2021-06-02 00:00:00+05:30,2223.4070951685767,2240.0636817985114,2217.7447681010844,2226.049560546875,1113091,0.0,0.0
2021-06-03 00:00:00+05:30,2235.675175353558,2237.6098495930273,2213.0258700734885,2230.248779296875,868532,0.0,0.0
2021-06-04 00:00:00+05:30,2236.6191478256574,2236.6191478256574,2202.597953948428,2210.2421875,1283795,0.0,0.0
2021-06-07 00:00:00+05:30,2221.5191363853014,2221.5191363853014,2199.813554339056,2207.646484375,1128300,0.0,0.0
2021-06-08 00:00:00+05:30,2207.6465357332827,2229.068955910211,2203.729955423884,2226.23779296875,1106664,0.0,0.0
2021-06-09 00:00:00+05:30,2229.0688196774854,2238.458796779323,2213.591888703646,2223.406494140625,1072858,0.0,0.0
2021-06-10 00:00:00+05:30,2230.9564669605015,2264.883191179541,2222.6989081255165,2244.923583984375,1944339,0.0,0.0
2021-06-11 00:00:00+05:30,2246.999873519372,2254.1250136965505,2227.1817309977814,2233.31591796875,1128097,0.0,0.0
2021-06-14 00:00:00+05:30,2241.7758410577308,2257.6502033129623,2221.05404767585,2247.66943359375,1761632,17.0,0.0
2021-06-15 00:00:00+05:30,2243.2967390315844,2276.5659703307815,2243.2967390315844,2273.666748046875,1215463,0.0,0.0
2021-06-16 00:00:00+05:30,2267.0606335469247,2299.2368280283517,2265.777298851777,2288.828125,2153668,0.0,0.0
2021-06-17 00:00:00+05:30,2279.417291037705,2305.9375244908356,2268.3908259937593,2298.14306640625,1555777,0.0,0.0
2021-06-18 00:00:00+05:30,2300.3296729445688,2373.236769471041,2286.071431170119,2360.119140625,3937751,0.0,0.0
2021-06-21 00:00:00+05:30,2351.6120624259615,2403.939862671086,2345.005789327627,2390.014404296875,2506277,0.0,0.0
2021-06-22 00:00:00+05:30,2393.578607285433,2408.644676477408,2358.9308949833758,2367.105712890625,1945883,0.0,0.0
2021-06-23 00:00:00+05:30,2371.6208575325036,2389.681296928543,2336.6405916571543,2357.837890625,1035668,0.0,0.0
2021-06-24 00:00:00+05:30,2366.8680084638168,2380.936186012006,2351.754365815174,2367.010498046875,759681,0.0,0.0
2021-06-25 00:00:00+05:30,2364.96695663965,2366.820481594853,2324.0933315851867,2327.562744140625,1112942,0.0,0.0
2021-06-28 00:00:00+05:30,2328.9410945499244,2343.1041872767623,2316.7740162511304,2338.54150390625,694906,0.0,0.0
2021-06-29 00:00:00+05:30,2333.5988152193772,2373.9971653810157,2324.093321063697,2369.2919921875,1354397,0.0,0.0
2021-06-30 00:00:00+05:30,2369.292194382741,2381.1264892029544,2341.2034103420665,2349.093017578125,1447245,0.0,0.0
2021-07-01 00:00:00+05:30,2361.164477479949,2361.164477479949,2341.202942042316,2355.461181640625,735043,0.0,0.0
2021-07-02 00:00:00+05:30,2355.461601273108,2369.434632155247,2330.7473148997824,2364.3017578125,860231,0.0,0.0
2021-07-05 00:00:00+05:30,2375.4228851021417,2389.110703257636,2362.1627677513097,2375.470458984375,761700,0.0,0.0
2021-07-06 00:00:00+05:30,2366.8680129866025,2374.4248343253644,2346.9064755276795,2350.2333984375,461782,0.0,0.0
2021-07-07 00:00:00+05:30,2336.4502651198177,2367.6283297172204,2324.9011835281844,2358.9306640625,623145,0.0,0.0
2021-07-08 00:00:00+05:30,2340.44303608933,2347.6197315455656,2317.8674844649922,2326.517578125,1114426,0.0,0.0
2021-07-09 00:00:00+05:30,2319.340863621149,2342.6293272107873,2317.8674654294773,2330.224609375,538094,0.0,0.0
2021-07-12 00:00:00+05:30,2331.698101074013,2338.2568002964013,2309.83546090903,2323.28564453125,543898,0.0,0.0
2021-07-13 00:00:00+05:30,2333.598959213676,2334.1218078380466,2309.83522235814,2316.203857421875,994396,0.0,0.0
2021-07-14 00:00:00+05:30,2319.1504874407747,2320.6238854337907,2289.873519319041,2295.434326171875,1377829,0.0,0.0
2021-07-15 00:00:00+05:30,2305.0822180094174,2305.0822180094174,2282.269033171386,2293.057861328125,693792,0.0,0.0
2021-07-16 00:00:00+05:30,2300.329431297953,2309.834924815713,2287.0217403730885,2297.85791015625,545405,0.0,0.0
2021-07-19 00:00:00+05:30,2281.3661856993435,2297.477951981739,2279.892787682334,2289.540771484375,463873,0.0,0.0
2021-07-20 00:00:00+05:30,2284.1704832378286,2338.3518055618224,2284.1704832378286,2314.492919921875,1061476,0.0,0.0
2021-07-22 00:00:00+05:30,2328.846394307221,2383.978268131637,2258.0304529293076,2260.54931640625,3546044,0.0,0.0
2021-07-23 00:00:00+05:30,2264.208761398181,2273.4766184190175,2238.2587153262925,2241.49072265625,1517589,0.0,0.0
2021-07-26 00:00:00+05:30,2240.682664035072,2243.2966749910993,2222.3845873428772,2232.555419921875,1311535,0.0,0.0
2021-07-27 00:00:00+05:30,2232.555402360591,2242.7738087446855,2216.6812732751264,2226.56689453125,1656945,0.0,0.0
2021-07-28 00:00:00+05:30,2233.7910272371787,2251.3286167608803,2227.2323293885484,2244.627197265625,912373,0.0,0.0
2021-07-29 00:00:00+05:30,2244.6272141776435,2254.1327079821863,2214.7800564584672,2219.295166015625,1012663,0.0,0.0
2021-07-30 00:00:00+05:30,2224.2856268422634,2240.0172660439457,2203.3735397522937,2217.9169921875,1708251,0.0,0.0
2021-08-02 00:00:00+05:30,2226.186658313753,2237.0228284690634,2209.647191851918,2217.441650390625,1229936,0.0,0.0
2021-08-03 00:00:00+05:30,2214.7802616836348,2274.664878201261,2211.07321158345,2268.819091796875,1733476,0.0,0.0
2021-08-04 00:00:00+05:30,2268.8191269932267,2276.3283750840383,2250.47347555238,2259.55126953125,1588974,0.0,0.0
2021-08-05 00:00:00+05:30,2272.7639416808643,2272.7639416808643,2237.5936088317667,2241.110595703125,921757,0.0,0.0
2021-08-06 00:00:00+05:30,2241.1101557614556,2263.0203646893697,2240.9200923050253,2254.227783203125,1432661,0.0,0.0
2021-08-09 00:00:00+05:30,2261.784883854074,2276.565974486102,2257.4124955445573,2266.585205078125,921476,0.0,0.0
2021-08-10 00:00:00+05:30,2275.6154560754453,2275.6154560754453,2242.441372036614,2264.018798828125,1061370,0.0,0.0
2021-08-11 00:00:00+05:30,2271.8130218481074,2276.565768755739,2245.387702628129,2272.24072265625,1300594,0.0,0.0
2021-08-12 00:00:00+05:30,2276.565704422177,2294.150867483476,2259.8835168342675,2273.999267578125,1226064,0.0,0.0
2021-08-13 00:00:00+05:30,2282.269024489401,2290.4911836664105,2269.911882749142,2285.595947265625,1033159,0.0,0.0
2021-08-16 00:00:00+05:30,2285.1208711465897,2316.346513315267,2274.332042093408,2306.4130859375,1146309,0.0,0.0
2021-08-17 00:00:00+05:30,2312.686893340587,2364.4442663032796,2310.8333682613234,2360.974853515625,1921902,0.0,0.0
2021-08-18 00:00:00+05:30,2362.1154020466347,2376.3736439100953,2332.6483688621497,2363.113525390625,1545643,0.0,0.0
2021-08-20 00:00:00+05:30,2366.868134418461,2499.9450576387762,2353.5604420964296,2489.869140625,5779927,0.0,0.0
2021-08-23 00:00:00+05:30,2495.191970825651,2540.6758487209263,2466.200216497962,2503.889404296875,2163220,0.0,0.0
2021-08-24 00:00:00+05:30,2503.7474245157614,2526.560612894037,2480.9342361374856,2502.796875,1482854,0.0,0.0
2021-08-25 00:00:00+05:30,2501.8462259274575,2534.5926090288026,2491.0573965257868,2514.203369140625,1746570,0.0,0.0
2021-08-26 00:00:00+05:30,2500.8955646869217,2564.3923133889843,2500.8955646869217,2534.544921875,2117291,0.0,0.0
2021-08-27 00:00:00+05:30,2537.0163110500857,2556.9778481546387,2520.0015698690077,2545.523681640625,1176229,0.0,0.0
2021-08-30 00:00:00+05:30,2558.4987857023175,2571.948966505853,2539.4877982385397,2554.79150390625,1168190,0.0,0.0
2021-08-31 00:00:00+05:30,2554.982010906623,2602.0817869380944,2543.337779063646,2589.39208984375,2535891,0.0,0.0
2021-09-01 00:00:00+05:30,2609.257842936341,2637.7743220941156,2580.741363778567,2597.756103515625,1775792,0.0,0.0
2021-09-02 00:00:00+05:30,2612.1096861258347,2671.04374745764,2595.142286931445,2662.536376953125,1946183,0.0,0.0
2021-09-03 00:00:00+05:30,2663.629761139182,2669.8559067745828,2619.714420674944,2629.88525390625,1561823,0.0,0.0
2021-09-06 00:00:00+05:30,2652.032972416834,2685.3022032536046,2638.059941878938,2643.097900390625,1444978,0.0,0.0
2021-09-07 00:00:00+05:30,2650.7021923204843,2669.8080963272896,2633.0218803688945,2640.341064453125,1219915,0.0,0.0
2021-09-08 00:00:00+05:30,2650.987448792039,2671.044136379857,2628.364555995764,2662.39404296875,946711,0.0,0.0
2021-09-09 00:00:00+05:30,2644.428473174454,2684.0187634917615,2644.428473174454,2671.66162109375,879454,0.0,0.0
2021-09-13 00:00:00+05:30,2659.162009797694,2682.878171478679,2637.774647788597,2648.5634765625,1341412,0.0,0.0
2021-09-14 00:00:00+05:30,2663.439311451954,2665.3404101753317,2615.008867887454,2625.940185546875,1755061,0.0,0.0
2021-09-15 00:00:00+05:30,2636.8238982928146,2647.2799411483375,2613.1077384113296,2638.2021484375,1362350,0.0,0.0
2021-09-16 00:00:00+05:30,2615.9122132665043,2658.9721518533725,2615.9122132665043,2631.358642578125,1259196,0.0,0.0
2021-09-17 00:00:00+05:30,2633.116937422623,2645.378931630401,2565.5327834963896,2587.633056640625,3095032,0.0,0.0
2021-09-20 00:00:00+05:30,2585.4948312301217,2670.0937429872833,2576.036909419138,2661.87158203125,2671330,0.0,0.0
2021-09-21 00:00:00+05:30,2671.043759025226,2717.905889894266,2658.353831969317,2673.37255859375,2277437,0.0,0.0
2021-09-22 00:00:00+05:30,2688.0586847582977,2699.465278107081,2636.8241624604393,2646.804931640625,1580594,0.0,0.0
2021-09-23 00:00:00+05:30,2660.587751499368,2678.362978738213,2635.7309776949073,2644.713623046875,1054473,0.0,0.0
2021-09-24 00:00:00+05:30,2633.1169850941073,2642.5273313246125,2596.3305376693297,2610.826416015625,1635284,0.0,0.0
2021-09-27 00:00:00+05:30,2628.268915920113,2628.268915920113,2570.760681050975,2575.513427734375,1465932,0.0,0.0
2021-09-28 00:00:00+05:30,2590.247091707456,2618.240724872181,2575.893703069438,2589.154052734375,1078052,0.0,0.0
2021-09-29 00:00:00+05:30,2580.6939497255566,2608.7351559673302,2544.620647770445,2552.51025390625,1503894,0.0,0.0
2021-09-30 00:00:00+05:30,2552.510513972023,2571.5215031915404,2549.3260804506585,2568.194580078125,1620199,0.0,0.0
2021-10-01 00:00:00+05:30,2572.186776942031,2577.890073564962,2547.5676393468043,2570.333251953125,956111,0.0,0.0
2021-10-04 00:00:00+05:30,2566.4835960346004,2589.296783554908,2547.1873951767916,2553.365966796875,1025005,0.0,0.0
2021-10-05 00:00:00+05:30,2553.365778566648,2580.694074102416,2553.1757150982053,2574.70556640625,562784,0.0,0.0
2021-10-06 00:00:00+05:30,2560.8275393805425,2598.8019397456533,2543.670077088284,2553.22314453125,862471,0.0,0.0
2021-10-07 00:00:00+05:30,2564.5825368931855,2570.523471235507,2534.1649530605014,2537.396728515625,1082816,0.0,0.0
2021-10-08 00:00:00+05:30,2538.442230348786,2546.0941996061097,2495.5723586081085,2509.498046875,1579941,0.0,0.0
2021-10-11 00:00:00+05:30,2511.541607311235,2533.689455000909,2505.1729726711296,2514.29833984375,1086252,0.0,0.0
2021-10-12 00:00:00+05:30,2495.1919945336,2555.1241762825102,2495.1919945336,2543.8125,1174337,0.0,0.0
2021-10-13 00:00:00+05:30,2555.17201090395,2560.4000327593208,2511.9220119186084,2515.86669921875,1660007,0.0,0.0
2021-10-14 00:00:00+05:30,2515.8667354615136,2544.383218719791,2490.4395378895497,2518.5283203125,2158809,0.0,0.0
2021-10-18 00:00:00+05:30,2540.628431413191,2546.4266433954326,2512.3495873344195,2522.758056640625,1758177,0.0,0.0
2021-10-19 00:00:00+05:30,2537.871872538451,2596.9010859502864,2395.859878161675,2420.859375,5431133,0.0,0.0
2021-10-20 00:00:00+05:30,2441.9615829520662,2456.2198249700814,2347.857185633166,2356.079345703125,4864654,0.0,0.0
2021-10-21 00:00:00+05:30,2379.605481315388,2381.1264533142635,2307.9341431724674,2324.806396484375,3254632,0.0,0.0
2021-10-22 00:00:00+05:30,2337.4007628735153,2374.7098234439854,2309.834832770493,2332.7431640625,1845622,0.0,0.0
2021-10-25 00:00:00+05:30,2332.7435208681195,2341.7261668448523,2290.824196886381,2334.406982421875,1560381,0.0,0.0
2021-10-26 00:00:00+05:30,2361.233440914182,2361.233440914182,2311.6447119781196,2330.581298828125,1595060,15.0,0.0
2021-10-27 00:00:00+05:30,2347.9395585421,2348.130790015103,2286.8739088052826,2292.08642578125,3083879,0.0,0.0
2021-10-28 00:00:00+05:30,2295.3384376756617,2310.6406939268327,2264.733925173319,2285.439697265625,2015791,0.0,0.0
2021-10-29 00:00:00+05:30,2295.338481354762,2297.2512634225573,2269.515923439521,2288.787109375,2453400,0.0,0.0
2021-11-01 00:00:00+05:30,2288.6432141161167,2305.7625162608574,2264.972541508773,2302.12841796875,1941114,0.0,0.0
2021-11-02 00:00:00+05:30,2309.683987305373,2322.1170688105367,2297.2509058002097,2313.413818359375,1350154,0.0,0.0
2021-11-03 00:00:00+05:30,2327.8557669468833,2327.8557669468833,2282.1402290155384,2306.193603515625,1591607,0.0,0.0
2021-11-04 00:00:00+05:30,2323.073360685224,2324.029751529475,2314.4658430869667,2317.191650390625,245719,0.0,0.0
2021-11-08 00:00:00+05:30,2342.20105567057,2342.20105567057,2295.433639218255,2325.8466796875,2555533,0.0,0.0
2021-11-09 00:00:00+05:30,2333.4025600373097,2339.523368388005,2311.0707391676506,2325.129638671875,1696949,0.0,0.0
2021-11-10 00:00:00+05:30,2305.9064911052246,2314.466143573796,2291.512760331742,2295.481689453125,1794509,0.0,0.0
2021-11-11 00:00:00+05:30,2297.920532531597,2301.985194146334,2263.0122621932655,2272.576171875,1282647,0.0,0.0
2021-11-12 00:00:00+05:30,2283.861728866296,2308.3454320875476,2272.576268264408,2300.072509765625,1651974,0.0,0.0
2021-11-15 00:00:00+05:30,2299.2596528258,2324.030085857756,2299.2596528258,2319.009033203125,1007999,0.0,0.0
2021-11-16 00:00:00+05:30,2328.477189436324,2328.477189436324,2295.4340681083336,2301.6982421875,1245209,0.0,0.0
2021-11-17 00:00:00+05:30,2299.1639854402883,2304.9501977430255,2283.0965697916763,2286.874267578125,956809,0.0,0.0
2021-11-18 00:00:00+05:30,2285.774422559677,2301.4115083458737,2266.6466031240316,2294.764404296875,1236943,0.0,0.0
2021-11-22 00:00:00+05:30,2304.3283069164017,2304.8065024008197,2273.484698171434,2284.3876953125,1629290,0.0,0.0
2021-11-23 00:00:00+05:30,2283.6706943199933,2295.3386189341245,2234.607784641493,2289.79150390625,1932539,0.0,0.0
2021-11-24 00:00:00+05:30,2301.076423546229,2301.076423546229,2263.7771797730356,2271.189208984375,999070,0.0,0.0
2021-11-25 00:00:00+05:30,2282.905095654005,2282.905095654005,2238.9111139195747,2246.610107421875,1363272,0.0,0.0
2021-11-26 00:00:00+05:30,2241.7805856405466,2261.8647973719676,2223.800387486969,2233.268798828125,2450902,0.0,0.0
2021-11-29 00:00:00+05:30,2232.598849085918,2240.106611134297,2185.0662675112917,2227.81689453125,1724612,0.0,0.0
2021-11-30 00:00:00+05:30,2220.7395351262576,2258.0387779642956,2201.6117182862386,2216.483642578125,3931035,0.0,0.0
2021-12-01 00:00:00+05:30,2237.9549161612267,2253.9744652405857,2221.9353670818673,2242.593505859375,1263139,0.0,0.0
2021-12-02 00:00:00+05:30,2254.213327969677,2283.861445562829,2242.7366372884567,2279.366455078125,1673117,0.0,0.0
2021-12-03 00:00:00+05:30,2279.366349634626,2285.6783891209807,2235.9460651363106,2241.4453125,1890178,0.0,0.0
2021-12-06 00:00:00+05:30,2241.780432846033,2260.860385991657,2200.6556211513316,2205.915771484375,1079171,0.0,0.0
2021-12-07 00:00:00+05:30,2226.3822535303043,2239.5326282329365,2211.1757318171713,2220.357177734375,895313,0.0,0.0
2021-12-08 00:00:00+05:30,2217.1533769134307,2242.210773749704,2217.1533769134307,2238.52880859375,839769,0.0,0.0
2021-12-09 00:00:00+05:30,2238.9110647797243,2246.179728912994,2220.3093087403663,2237.715576171875,716666,0.0,0.0
2021-12-10 00:00:00+05:30,2244.649306776901,2244.649306776901,2218.826754035965,2231.068603515625,724539,0.0,0.0
2021-12-13 00:00:00+05:30,2249.431306150964,2249.431306150964,2200.655372216568,2203.859375,1804894,0.0,0.0
2021-12-14 00:00:00+05:30,2204.4811256227385,2223.5610782541894,2203.5247346788674,2217.201171875,1219031,0.0,0.0
2021-12-15 00:00:00+05:30,2215.0015070565105,2223.4177943693203,2200.177446884068,2219.735595703125,755122,0.0,0.0
2021-12-16 00:00:00+05:30,2219.7355418529673,2223.895935907666,2203.4768956066546,2208.784912109375,926493,0.0,0.0
2021-12-17 00:00:00+05:30,2202.568157954195,2208.2586368914745,2128.9260614876416,2132.99072265625,2439222,0.0,0.0
2021-12-20 00:00:00+05:30,2128.9264259970214,2175.1680255477527,2105.1600155796823,2170.14697265625,2175705,0.0,0.0
2021-12-21 00:00:00+05:30,2190.135164863258,2202.281282615909,2154.509603775417,2173.733154296875,1591415,0.0,0.0
2021-12-22 00:00:00+05:30,2199.698914832847,2216.340021921432,2170.0507990242304,2178.323486328125,1661605,0.0,0.0
2021-12-23 00:00:00+05:30,2198.6944949038834,2204.480705710916,2175.4065199528713,2200.3203125,1423081,0.0,0.0
2021-12-24 00:00:00+05:30,2209.262930089335,2212.1321027258145,2183.7273403234394,2196.781982421875,895503,0.0,0.0
2021-12-27 00:00:00+05:30,2196.7821928178887,2207.446092234456,2178.8977283697277,2201.0380859375,584302,0.0,0.0
2021-12-28 00:00:00+05:30,2209.2632464072494,2217.296837542079,2197.547456464181,2208.402587890625,783710,0.0,0.0
2021-12-29 00:00:00+05:30,2213.949248395923,2220.5963520882838,2198.7905924028173,2206.25048828125,1410236,0.0,0.0
2021-12-30 00:00:00+05:30,2207.350287402718,2228.390888062536,2196.4951568465776,2224.182861328125,963711,0.0,0.0
2021-12-31 00:00:00+05:30,2237.9546473457494,2266.9812037975453,2228.390738596409,2257.225830078125,1123597,0.0,0.0
2022-01-03 00:00:00+05:30,2274.2976094111955,2274.2976094111955,2250.387836393836,2258.325927734375,879278,0.0,0.0
2022-01-04 00:00:00+05:30,2265.642458918615,2303.085307427932,2252.6356811499113,2296.533935546875,1484275,0.0,0.0
2022-01-05 00:00:00+05:30,2298.972770699921,2314.4662584585913,2287.687310013616,2310.449462890625,1202512,0.0,0.0
2022-01-06 00:00:00+05:30,2293.425555074366,2306.815028706994,2264.446861870687,2287.11328125,1198901,0.0,0.0
2022-01-07 00:00:00+05:30,2283.8611407005474,2316.28269414964,2283.8611407005474,2310.783447265625,1026186,0.0,0.0
2022-01-10 00:00:00+05:30,2319.2482268223116,2319.2482268223116,2297.251233330801,2302.0810546875,919447,0.0,0.0
2022-01-11 00:00:00+05:30,2311.7403798817063,2312.8403696126416,2287.687239966075,2298.8291015625,1321335,0.0,0.0
2022-01-12 00:00:00+05:30,2302.224315302148,2310.6406026064465,2293.9037604931964,2307.914794921875,1487554,0.0,0.0
2022-01-13 00:00:00+05:30,2312.5537666089604,2316.283598641403,2298.4469973544183,2308.91943359375,1586299,0.0,0.0
2022-01-14 00:00:00+05:30,2314.4661973627603,2315.4225883534064,2257.84789741531,2260.621337890625,1596037,0.0,0.0
2022-01-17 00:00:00+05:30,2260.9084007034617,2289.7913631845645,2242.736971086979,2285.34423828125,912205,0.0,0.0
2022-01-18 00:00:00+05:30,2303.6589372434755,2303.6589372434755,2254.5960326228974,2266.16845703125,1667579,0.0,0.0
2022-01-19 00:00:00+05:30,2260.908077177147,2265.307568694414,2204.5288805808314,2209.167236328125,2145255,0.0,0.0
2022-01-20 00:00:00+05:30,2223.6088987733924,2224.13496048048,2145.184842988697,2163.1650390625,2829711,0.0,0.0
2022-01-21 00:00:00+05:30,2166.0345405137955,2232.5515860843702,2151.879905988952,2223.99169921875,4596050,0.0,0.0
2022-01-24 00:00:00+05:30,2236.9030411259837,2242.6892539557984,2167.851650690816,2184.97119140625,2231103,0.0,0.0
2022-01-25 00:00:00+05:30,2183.918639933465,2231.929416849606,2143.1762938268434,2225.7607421875,1843543,0.0,0.0
2022-01-27 00:00:00+05:30,2209.2629864597607,2224.1827779476876,2175.789304846734,2195.251953125,2620474,0.0,0.0
2022-01-28 00:00:00+05:30,2194.5347191991705,2217.5836004929843,2178.7064026245916,2183.966552734375,1967721,0.0,0.0
2022-01-31 00:00:00+05:30,2190.1353475896785,2211.032583932578,2171.9639189415548,2174.593994140625,1639875,0.0,0.0
2022-02-01 00:00:00+05:30,2202.8554044826365,2218.8270872481003,2179.0411288378186,2205.102783203125,1270508,0.0,0.0
2022-02-02 00:00:00+05:30,2222.7477380418636,2231.2595219462287,2196.3991273355464,2226.3818359375,1246111,0.0,0.0
2022-02-03 00:00:00+05:30,2227.434688037741,2230.255994851074,2190.135438216585,2197.929931640625,1448039,0.0,0.0
2022-02-04 00:00:00+05:30,2205.4373025605655,2211.892940805268,2183.440312986024,2206.01123046875,1014561,0.0,0.0
2022-02-07 00:00:00+05:30,2195.1564656277137,2215.671006092735,2139.446689297112,2159.1484375,1207402,0.0,0.0
2022-02-08 00:00:00+05:30,2169.0947375775463,2169.0947375775463,2148.5801978032036,2165.60400390625,1190660,0.0,0.0
2022-02-09 00:00:00+05:30,2168.6640790158244,2180.9059283710567,2157.2352552657903,2178.323486328125,1049611,0.0,0.0
2022-02-10 00:00:00+05:30,2180.5712023654955,2185.353156756648,2157.474456053776,2183.583740234375,1195100,0.0,0.0
2022-02-11 00:00:00+05:30,2179.6147252261057,2179.6147252261057,2150.9230000147045,2159.530517578125,2100036,0.0,0.0
2022-02-14 00:00:00+05:30,2123.187801327784,2138.729153477143,2110.754719608297,2131.364990234375,1661501,0.0,0.0
2022-02-15 00:00:00+05:30,2149.9186996832555,2203.667817132562,2125.6264662238364,2190.230712890625,1533070,0.0,0.0
2022-02-16 00:00:00+05:30,2190.2311870365156,2203.285831173635,2175.7895891134103,2186.7880859375,995668,0.0,0.0
2022-02-17 00:00:00+05:30,2182.484087084633,2212.1322057084817,2176.745741544533,2206.919921875,869374,0.0,0.0
2022-02-18 00:00:00+05:30,2193.961047929178,2226.28711181192,2193.961047929178,2211.7021484375,890713,0.0,0.0
2022-02-21 00:00:00+05:30,2197.786478665197,2203.572690810418,2185.114298141997,2194.72607421875,737919,0.0,0.0
2022-02-22 00:00:00+05:30,2180.571247881872,2180.571247881872,2151.975253423426,2170.95947265625,902667,0.0,0.0
2022-02-23 00:00:00+05:30,2171.007619080124,2174.785316916748,2154.031678446348,2161.826171875,1324411,0.0,0.0
2022-02-24 00:00:00+05:30,2104.060150747904,2144.228571807637,2066.0914756354587,2076.707275390625,2997629,0.0,0.0
2022-02-25 00:00:00+05:30,2099.2779423039915,2100.234333166089,2067.8604090865438,2076.03759765625,2193728,0.0,0.0
2022-02-28 00:00:00+05:30,2069.6303359746216,2084.836861034538,2027.5491276646014,2077.377197265625,2334036,0.0,0.0
2022-03-02 00:00:00+05:30,2036.108706936744,2060.8315093136075,2030.466093062438,2055.380126953125,2034688,0.0,0.0
2022-03-03 00:00:00+05:30,2063.796063699402,2073.4078400329304,1995.605571593268,1999.8135986328125,2372998,0.0,0.0
2022-03-04 00:00:00+05:30,1984.511090718038,1987.3323971361888,1889.1110997305084,1931.431396484375,6320118,0.0,0.0
2022-03-07 00:00:00+05:30,1893.1760168612077,1893.797694371224,1842.9654885029286,1859.17626953125,2976453,0.0,0.0
2022-03-08 00:00:00+05:30,1840.6222691670052,1872.613500087184,1818.6252770822223,1864.0059814453125,3211938,0.0,0.0
2022-03-09 00:00:00+05:30,1878.3516420470053,1919.5243151154941,1865.9185609132928,1910.7733154296875,2879079,0.0,0.0
2022-03-10 00:00:00+05:30,1962.4187137763458,2021.8106917323678,1959.6452731124036,2010.2861328125,4879791,0.0,0.0
2022-03-11 00:00:00+05:30,2008.420946063617,2018.1760868171502,1979.7292182627082,2003.0650634765625,2481643,0.0,0.0
2022-03-14 00:00:00+05:30,2003.6390826178827,2003.6390826178827,1956.8715408245728,1969.4959716796875,1730325,0.0,0.0
2022-03-15 00:00:00+05:30,1955.8195453728213,1990.0583890028204,1936.6917258581727,1949.3160400390625,2391023,0.0,0.0
2022-03-16 00:00:00+05:30,1970.1653438233946,1989.2931626954662,1943.4342636484507,1981.785400390625,2808685,0.0,0.0
2022-03-17 00:00:00+05:30,2006.6038943396422,2024.3926254589499,1991.5407372618872,2010.381591796875,2995889,0.0,0.0
2022-03-21 00:00:00+05:30,2014.6376137788534,2018.845640723393,1956.775959075022,1961.7491455078125,1674982,0.0,0.0
2022-03-22 00:00:00+05:30,1964.1879865666933,1964.1879865666933,1883.133850541604,1906.5654296875,5356303,0.0,0.0
2022-03-23 00:00:00+05:30,1924.2585641093856,1928.6101895689458,1889.1111971953596,1892.267333984375,3212162,0.0,0.0
2022-03-24 00:00:00+05:30,1884.0902470857336,1904.5091713380093,1866.2535318032735,1880.1690673828125,3054664,0.0,0.0
2022-03-25 00:00:00+05:30,1888.7766517598584,1890.7850495556715,1860.1805368668595,1867.8316650390625,2233647,0.0,0.0
2022-03-28 00:00:00+05:30,1874.4783058204653,1894.4191495688021,1847.0777998151339,1888.9676513671875,1794533,0.0,0.0
2022-03-29 00:00:00+05:30,1893.6540038238315,1907.8563855031227,1887.9635246020248,1900.3966064453125,1249125,0.0,0.0
2022-03-30 00:00:00+05:30,1912.7818860471616,1930.9533139646098,1908.0477975779716,1927.988525390625,1476829,0.0,0.0
2022-03-31 00:00:00+05:30,1931.3359831028,1964.427087913987,1929.9970123711905,1959.310302734375,2540524,0.0,0.0
2022-04-01 00:00:00+05:30,1965.2875929224683,1994.8880784628136,1949.5072596113591,1987.523681640625,1714996,0.0,0.0
2022-04-04 00:00:00+05:30,1987.380372811558,2039.4558127824587,1979.92047678269,2035.6302490234375,1693019,0.0,0.0
2022-04-05 00:00:00+05:30,2050.9804645574523,2063.8917428374825,2034.2436223425977,2046.4854736328125,1277652,0.0,0.0
2022-04-06 00:00:00+05:30,2041.8948477159993,2070.012650582068,2028.7923373123401,2048.637451171875,1736115,0.0,0.0
2022-04-07 00:00:00+05:30,2046.628371475724,2080.149914497778,2041.9900163603886,2070.394775390625,1824732,0.0,0.0
2022-04-08 00:00:00+05:30,2082.732580119192,2097.8436042270364,2069.1518749693155,2087.849365234375,1693462,0.0,0.0
2022-04-11 00:00:00+05:30,2092.5835893665503,2098.4176680909572,2045.6246960430751,2068.7216796875,1380107,0.0,0.0
2022-04-12 00:00:00+05:30,2047.5374595067303,2070.5865766910138,2032.330935551226,2039.2647705078125,1370233,0.0,0.0
2022-04-13 00:00:00+05:30,2044.4768287253496,2070.586347613431,2037.7820922665533,2058.296630859375,1071601,0.0,0.0
2022-04-18 00:00:00+05:30,2054.327673248312,2087.705622586501,2041.9424576712183,2082.6845703125,1828131,0.0,0.0
2022-04-19 00:00:00+05:30,2090.383940360568,2110.6117518328183,2009.4255287004532,2020.9022216796875,1775996,0.0,0.0
2022-04-20 00:00:00+05:30,2022.1929642102511,2074.077174092593,2001.439326956092,2070.53857421875,1511804,0.0,0.0
2022-04-21 00:00:00+05:30,2089.71414958208,2107.646479240965,2073.455504024691,2102.099365234375,2244813,0.0,0.0
2022-04-22 00:00:00+05:30,2086.8449218301175,2093.5396580596366,2027.5486866543763,2034.195556640625,3520828,0.0,0.0
2022-04-25 00:00:00+05:30,2008.4208904186005,2067.7171262309594,1957.732172708036,2009.13818359375,2437310,0.0,0.0
2022-04-26 00:00:00+05:30,2048.780653197878,2063.843810710422,2028.505211689294,2054.66259765625,1447088,0.0,0.0
2022-04-27 00:00:00+05:30,2054.1364079326454,2058.535665946797,2011.7682446482206,2051.55419921875,2214481,0.0,0.0
2022-04-28 00:00:00+05:30,2132.7521214538165,2151.8799431708912,2070.586700873324,2144.08544921875,5865359,0.0,0.0
2022-04-29 00:00:00+05:30,2146.5237275207705,2190.1352476844413,2125.626725625001,2137.390380859375,2678692,0.0,0.0
2022-05-02 00:00:00+05:30,2123.1878756514793,2153.79238557078,2109.702670070735,2133.22998046875,1543544,0.0,0.0
2022-05-04 00:00:00+05:30,2144.1809121317256,2152.692932748867,2054.949578625081,2076.85107421875,1608395,0.0,0.0
2022-05-05 00:00:00+05:30,2083.0194625120316,2105.9249787733856,2059.683617027448,2072.11669921875,1101451,0.0,0.0
2022-05-06 00:00:00+05:30,2032.3307279700625,2075.3683198564872,2014.350531772069,2055.475341796875,1585602,0.0,0.0
2022-05-09 00:00:00+05:30,2028.9830711742072,2046.1023730036395,2018.1279422556565,2024.344482421875,1341414,0.0,0.0
2022-05-10 00:00:00+05:30,2040.938490309731,2102.051784696044,2026.5926246327647,2085.31494140625,2162232,0.0,0.0
2022-05-11 00:00:00+05:30,2089.714014676197,2094.209004988399,2023.7230457916858,2069.151611328125,1858636,0.0,0.0
2022-05-12 00:00:00+05:30,2070.442960637242,2070.442960637242,2017.219666252218,2045.5289306640625,1531515,0.0,0.0
2022-05-13 00:00:00+05:30,2075.368365135817,2121.2751308162406,2060.2094751542063,2098.41748046875,2057239,0.0,0.0
2022-05-16 00:00:00+05:30,2104.0601172271395,2125.052852152515,2077.5681342681028,2120.557861328125,1396818,0.0,0.0
2022-05-17 00:00:00+05:30,2140.3071871912557,2177.702166272272,2124.431237713531,2147.09765625,2055096,0.0,0.0
2022-05-18 00:00:00+05:30,2138.5858885551006,2201.6119585227284,2138.5858885551006,2191.47412109375,2137455,0.0,0.0
2022-05-19 00:00:00+05:30,2147.671604266342,2184.205691747823,2147.5280055279427,2165.795166015625,1734602,0.0,0.0
2022-05-20 00:00:00+05:30,2190.1353687080345,2245.606046168762,2183.15366777713,2224.517578125,2599505,0.0,0.0
2022-05-23 00:00:00+05:30,2208.3069963142952,2283.861891380917,2205.772653358361,2276.01953125,2363306,0.0,0.0
2022-05-24 00:00:00+05:30,2276.2104181187838,2276.2104181187838,2201.6597916695096,2208.92822265625,3078655,0.0,0.0
2022-05-25 00:00:00+05:30,2228.3432749286458,2228.3432749286458,2186.7881306041386,2198.4560546875,1884260,0.0,0.0
2022-05-26 00:00:00+05:30,2190.2784937871143,2195.8734738667704,2159.530620205212,2180.762451171875,2299127,0.0,0.0
2022-05-27 00:00:00+05:30,2196.829773778674,2233.076893453055,2181.0493248159623,2228.964599609375,1011303,0.0,0.0
2022-05-30 00:00:00+05:30,2240.058765588422,2261.864525257972,2229.3472339857644,2246.514404296875,939562,0.0,0.0
2022-05-31 00:00:00+05:30,2257.0823470532773,2264.6377411734143,2203.428728371969,2250.626708984375,3123979,0.0,0.0
2022-06-01 00:00:00+05:30,2266.6464239365164,2308.536391887788,2201.6118429965654,2207.780517578125,2197599,0.0,0.0
2022-06-02 00:00:00+05:30,2194.9172504560274,2206.3460757149624,2158.717759267727,2185.162109375,1460335,0.0,0.0
2022-06-03 00:00:00+05:30,2184.3969826031093,2223.561146253542,2166.368919362266,2192.000244140625,1845303,0.0,0.0
2022-06-06 00:00:00+05:30,2173.111468966476,2201.5640997168684,2149.5843917028183,2181.049560546875,2131405,0.0,0.0
2022-06-07 00:00:00+05:30,2151.8793672037773,2161.2999102755225,2110.8024277597033,2115.154052734375,2034730,0.0,0.0
2022-06-08 00:00:00+05:30,2118.4059402716953,2122.1836378004914,2090.6706029047073,2101.23876953125,1506843,0.0,0.0
2022-06-09 00:00:00+05:30,2101.1911686567732,2112.0463006361565,2076.0859032142425,2101.860595703125,1497867,0.0,0.0
2022-06-10 00:00:00+05:30,2068.6738628910452,2112.5244863919634,2068.482631377817,2103.964599609375,1641981,0.0,0.0
2022-06-13 00:00:00+05:30,2073.455368460217,2120.3185202381464,2061.9786782288875,2101.094970703125,1519441,0.0,0.0
2022-06-14 00:00:00+05:30,2095.309160371027,2117.4016507364317,2065.8044068113772,2076.32470703125,1592475,0.0,0.0
2022-06-15 00:00:00+05:30,2082.789056088561,2082.9819759579054,2056.063176411004,2071.06640625,1432377,19.0,0.0
2022-06-16 00:00:00+05:30,2069.571009303774,2087.9028737218496,2059.970948469602,2071.211181640625,1353485,0.0,0.0
2022-06-17 00:00:00+05:30,2084.04333300981,2084.4291727382115,2026.153240426204,2036.2357177734375,3252189,0.0,0.0
2022-06-20 00:00:00+05:30,2036.7665176555295,2125.4347526482165,2034.0166439092961,2118.680908203125,2022000,0.0,0.0
2022-06-21 00:00:00+05:30,2117.8128316105085,2153.511726721939,2095.766257569525,2127.461181640625,1606187,0.0,0.0
2022-06-22 00:00:00+05:30,2112.2165806285952,2146.661140501941,2109.177444822719,2125.38671875,1741378,0.0,0.0
2022-06-23 00:00:00+05:30,2130.355475931134,2177.9701728422433,2115.0146951228107,2173.38720703125,1585753,0.0,0.0
2022-06-24 00:00:00+05:30,2185.351312853312,2237.2594838635173,2180.575426631671,2222.88330078125,1930048,0.0,0.0
2022-06-27 00:00:00+05:30,2234.412926383977,2249.850284293422,2217.238818598641,2239.0439453125,1450391,0.0,0.0
2022-06-28 00:00:00+05:30,2239.0439186360354,2242.2762096319702,2197.749175164574,2236.1494140625,1404108,0.0,0.0
2022-06-29 00:00:00+05:30,2215.4542906823885,2219.0241334109637,2146.758079257245,2154.910888671875,1682914,0.0,0.0
2022-06-30 00:00:00+05:30,2146.6611411275962,2169.913757158346,2135.565539434701,2152.160888671875,2387212,0.0,0.0
2022-07-01 00:00:00+05:30,2147.722760834726,2212.3667073647916,2126.1105505453515,2202.09130859375,1235612,0.0,0.0
2022-07-04 00:00:00+05:30,2195.964207371933,2294.666863628068,2195.964207371933,2291.67578125,2410245,0.0,0.0
2022-07-05 00:00:00+05:30,2300.648831998312,2327.181791897642,2288.202555940421,2317.051025390625,2463079,0.0,0.0
2022-07-06 00:00:00+05:30,2315.603795632478,2420.8673790644307,2315.603795632478,2410.54345703125,4770394,0.0,0.0
2022-07-07 00:00:00+05:30,2416.9115324275763,2441.9972409477823,2378.800552175724,2385.988525390625,3333262,0.0,0.0
2022-07-08 00:00:00+05:30,2389.365322561726,2415.7536510953173,2366.54707157491,2409.048095703125,1346970,0.0,0.0
2022-07-11 00:00:00+05:30,2399.5445662980082,2436.208295095485,2392.790721519526,2403.01806640625,1587197,0.0,0.0
2022-07-12 00:00:00+05:30,2387.9666247298887,2403.018144950354,2358.4908683721387,2363.41162109375,1116476,0.0,0.0
2022-07-13 00:00:00+05:30,2377.3533242418175,2430.75703311365,2374.8446591418015,2409.91650390625,2528792,0.0,0.0
2022-07-14 00:00:00+05:30,2414.7404851329625,2434.1818136559586,2381.4053930667974,2409.964599609375,1663307,0.0,0.0
2022-07-15 00:00:00+05:30,2441.0323227549516,2483.3884810896866,2414.0652341265054,2478.178466796875,2996964,0.0,0.0
2022-07-18 00:00:00+05:30,2490.2390159187144,2513.395054811411,2443.9752269920964,2463.7060546875,1566888,0.0,0.0
2022-07-19 00:00:00+05:30,2460.2809195125888,2484.4500829647463,2434.0374550676947,2477.64794921875,1473121,0.0,0.0
2022-07-20 00:00:00+05:30,2484.4502083420825,2525.938114733814,2446.4358022890387,2512.912841796875,4012897,0.0,0.0
2022-07-21 00:00:00+05:30,2524.973009747554,2537.4192861122265,2500.5626389274125,2515.7587890625,1990695,0.0,0.0
2022-07-22 00:00:00+05:30,2524.9727239476556,2550.251349120657,2519.2320038797134,2547.742919921875,1905780,0.0,0.0
2022-07-25 00:00:00+05:30,2552.4708555976563,2560.6719526577886,2520.148884831252,2531.341064453125,1253821,0.0,0.0
2022-07-26 00:00:00+05:30,2532.6915484463507,2532.6915484463507,2448.8474919789874,2457.531005859375,1685576,0.0,0.0
2022-07-27 00:00:00+05:30,2446.1941111290766,2499.404658448493,2436.2079762912354,2491.1552734375,1404133,0.0,0.0
2022-07-28 00:00:00+05:30,2532.6917082947803,2532.6917082947803,2494.09831083505,2527.964111328125,1442054,0.0,0.0
2022-07-29 00:00:00+05:30,2547.164182586165,2551.9883571743967,2504.7114462097293,2544.655517578125,1463059,0.0,0.0
2022-08-01 00:00:00+05:30,2544.7522958916584,2545.2347133885096,2489.2742837537357,2501.817138671875,1559918,0.0,0.0
2022-08-02 00:00:00+05:30,2508.5706260079687,2546.295763105858,2507.605791151812,2542.5810546875,1359934,0.0,0.0
2022-08-03 00:00:00+05:30,2523.284379406797,2570.320079051604,2506.5444002854138,2533.994140625,1767904,0.0,0.0
2022-08-04 00:00:00+05:30,2541.3751400839255,2550.4927828262225,2523.043276886661,2535.537841796875,1189384,0.0,0.0
2022-08-05 00:00:00+05:30,2545.2345832120504,2564.19349564649,2535.152105154608,2552.374267578125,1176666,0.0,0.0
2022-08-08 00:00:00+05:30,2552.37426920307,2564.5312837318625,2533.704854351133,2557.150390625,1024511,0.0,0.0
2022-08-10 00:00:00+05:30,2557.150518105638,2582.573778839786,2538.673786655094,2549.865966796875,1098949,0.0,0.0
2022-08-11 00:00:00+05:30,2562.649668771097,2573.9381894857092,2514.9386322086407,2521.788818359375,810674,0.0,0.0
2022-08-12 00:00:00+05:30,2532.5949999337377,2533.7529902421174,2494.1947598865263,2503.6982421875,1473527,0.0,0.0
2022-08-16 00:00:00+05:30,2516.2410971343484,2555.220567913131,2499.4530643180765,2551.505859375,1584117,0.0,0.0
2022-08-17 00:00:00+05:30,2557.777537697591,2599.265441930332,2551.506110313572,2590.244140625,1711381,0.0,0.0
2022-08-18 00:00:00+05:30,2590.5818116625856,2619.526859837587,2570.9473264283815,2587.735595703125,1465489,0.0,0.0
2022-08-19 00:00:00+05:30,2594.440973441396,2604.0410333164627,2534.1387938801886,2541.90576171875,1324508,0.0,0.0
2022-08-22 00:00:00+05:30,2554.8830637302126,2573.022008725786,2527.9642616238025,2534.33203125,1410895,0.0,0.0
2022-08-23 00:00:00+05:30,2510.5489402790445,2537.22653360942,2494.3396652879346,2501.575927734375,1305045,0.0,0.0
2022-08-24 00:00:00+05:30,2485.4146593982423,2518.2190454306724,2471.2316337247107,2497.23388671875,1242489,0.0,0.0
2022-08-25 00:00:00+05:30,2509.7287677901627,2535.9722328139833,2475.2359163628525,2483.67822265625,1106593,0.0,0.0
2022-08-26 00:00:00+05:30,2508.47426711545,2522.753871343265,2471.9071170994894,2481.121337890625,1048791,0.0,0.0
2022-08-29 00:00:00+05:30,2460.3288931865354,2516.1927373626168,2460.3288931865354,2485.2216796875,1450034,0.0,0.0
2022-08-30 00:00:00+05:30,2497.668256344546,2573.2148821092296,2494.677409250896,2566.31640625,2227943,0.0,0.0
2022-09-01 00:00:00+05:30,2556.812600804034,2561.636775522532,2502.781843956854,2514.35986328125,1702269,0.0,0.0
2022-09-02 00:00:00+05:30,2523.04321287025,2530.7618919153597,2494.098166451088,2512.044189453125,937600,0.0,0.0
2022-09-05 00:00:00+05:30,2505.6764022501566,2530.183116120851,2495.1597953616065,2509.14990234375,1274074,0.0,0.0
2022-09-06 00:00:00+05:30,2500.080314897522,2527.867609008391,2472.8720159879795,2482.616943359375,1250776,0.0,0.0
2022-09-07 00:00:00+05:30,2481.3625359136076,2505.579751477847,2470.7493516159066,2474.415771484375,1344964,0.0,0.0
2022-09-08 00:00:00+05:30,2489.2740436108124,2504.7114020208023,2472.8718503001987,2486.524169921875,1004533,0.0,0.0
2022-09-09 00:00:00+05:30,2506.6412251262927,2553.9181381483054,2492.6028293525524,2497.668212890625,1785443,0.0,0.0
2022-09-12 00:00:00+05:30,2499.8872563962973,2513.3949451610783,2483.485062896206,2489.659912109375,1595709,0.0,0.0
2022-09-13 00:00:00+05:30,2506.6411136723464,2517.2542977564094,2488.3092502544196,2495.64208984375,1342130,0.0,0.0
2022-09-14 00:00:00+05:30,2460.328946131642,2514.359699458455,2457.1449439138055,2480.976318359375,1610054,0.0,0.0
2022-09-15 00:00:00+05:30,2489.274140258623,2507.413084205697,2461.2939270541656,2470.36328125,1199906,0.0,0.0
2022-09-16 00:00:00+05:30,2465.1532263375807,2473.6921096216147,2430.0813826917915,2439.247314453125,2516820,0.0,0.0
2022-09-19 00:00:00+05:30,2441.9970113420204,2496.992597926965,2419.854098591264,2488.55029296875,1166725,0.0,0.0
2022-09-20 00:00:00+05:30,2507.220030906526,2529.314655590731,2488.8881680584527,2492.69921875,1253333,0.0,0.0
2022-09-21 00:00:00+05:30,2491.2038363837264,2553.6768992829698,2489.2741664872246,2531.341064453125,1960049,0.0,0.0
2022-09-22 00:00:00+05:30,2530.8584279241963,2606.2601783815485,2527.915634475659,2598.05908203125,2620240,0.0,0.0
2022-09-23 00:00:00+05:30,2603.028088155674,2627.969165555295,2579.968627331752,2587.735595703125,1789791,0.0,0.0
2022-09-26 00:00:00+05:30,2574.6618451673776,2633.034354679323,2550.1068448887195,2566.991455078125,2678551,0.0,0.0
2022-09-27 00:00:00+05:30,2581.8982220858215,2618.320739979596,2560.0928588729525,2585.033935546875,1898501,0.0,0.0
2022-09-28 00:00:00+05:30,2576.060981980332,2613.496624487861,2558.790530903617,2607.08056640625,1526197,0.0,0.0
2022-09-29 00:00:00+05:30,2615.764016339805,2631.104797172668,2596.467318157387,2605.5849609375,2019666,0.0,0.0
2022-09-30 00:00:00+05:30,2611.808206210803,2619.430308083603,2574.0830654933156,2601.629150390625,1340054,0.0,0.0
2022-10-03 00:00:00+05:30,2627.245195573165,2637.8583785152528,2525.5034116621355,2530.279296875,1683197,0.0,0.0
2022-10-04 00:00:00+05:30,2556.812364984636,2582.3804886344824,2541.51963831531,2574.131103515625,1327939,0.0,0.0
2022-10-06 00:00:00+05:30,2587.011803490863,2597.6249871406512,2513.4431441002844,2522.078369140625,1752351,0.0,0.0
2022-10-07 00:00:00+05:30,2520.0521887044974,2521.113601319864,2484.4498750090506,2508.28125,1025923,0.0,0.0
2022-10-10 00:00:00+05:30,2479.6259015428195,2518.8946381643404,2452.6105220707577,2513.97412109375,1043728,0.0,0.0
2022-10-11 00:00:00+05:30,2518.2193503072804,2518.750056668429,2455.5050752996276,2460.956298828125,1129783,0.0,0.0
2022-10-12 00:00:00+05:30,2473.306303206462,2513.009405906457,2464.381579205433,2500.225341796875,882873,0.0,0.0
2022-10-13 00:00:00+05:30,2492.168698286354,2515.469368316461,2472.775421394598,2476.15234375,753331,0.0,0.0
2022-10-14 00:00:00+05:30,2498.9222875894616,2532.5949299838603,2479.818510248936,2485.2216796875,1001536,0.0,0.0
2022-10-17 00:00:00+05:30,2483.0989778316634,2518.170582076308,2477.695808637407,2499.452880859375,778918,0.0,0.0
2022-10-18 00:00:00+05:30,2527.8675192441638,2549.0938877263666,2505.676315830952,2510.74169921875,1123374,0.0,0.0
2022-10-19 00:00:00+05:30,2523.332670291034,2525.455259883584,2487.730122428784,2492.16845703125,1241979,0.0,0.0
2022-10-20 00:00:00+05:30,2477.8408633424765,2518.219301537573,2477.8408633424765,2509.439208984375,1428125,0.0,0.0
2022-10-21 00:00:00+05:30,2514.359938489697,2572.973663072678,2514.359938489697,2560.575439453125,2458302,0.0,0.0
2022-10-24 00:00:00+05:30,2518.315837074379,2547.1643083137988,2460.3291614394648,2482.616943359375,719908,0.0,0.0
2022-10-25 00:00:00+05:30,2495.063153629689,2495.063153629689,2412.0873488299394,2417.29736328125,2923789,0.0,0.0
2022-10-27 00:00:00+05:30,2406.298316195353,2441.032373686545,2400.5093066134878,2430.419189453125,1846329,0.0,0.0
2022-10-28 00:00:00+05:30,2437.2694136982354,2461.1971295819467,2423.665148063781,2435.484375,1164951,0.0,0.0
2022-10-31 00:00:00+05:30,2455.5048825733056,2481.555425531844,2452.6586666574344,2461.00439453125,1324443,0.0,0.0
2022-11-01 00:00:00+05:30,2495.2914189231274,2501.9449766889607,2474.5055128568947,2478.5849609375,1280132,17.0,0.0
2022-11-02 00:00:00+05:30,2490.434891778996,2490.434891778996,2429.630887320378,2446.046142578125,1338284,0.0,0.0
2022-11-03 00:00:00+05:30,2443.5207559784367,2475.865376587391,2436.333167903498,2473.29150390625,730444,0.0,0.0
2022-11-04 00:00:00+05:30,2471.9316456931033,2472.9515670972824,2443.0838291993086,2448.03759765625,889055,0.0,0.0
2022-11-07 00:00:00+05:30,2458.4791939669803,2478.779448040547,2444.7836484004924,2460.13037109375,1283685,0.0,0.0
2022-11-09 00:00:00+05:30,2437.9846147034195,2471.8831903881664,2421.132315440655,2436.819091796875,1436444,0.0,0.0
2022-11-10 00:00:00+05:30,2432.1565444856333,2465.1810343069237,2429.291231766548,2441.481201171875,1459152,0.0,0.0
2022-11-11 00:00:00+05:30,2471.980232515155,2473.7286353130676,2423.4148055502205,2431.23388671875,1162847,0.0,0.0
2022-11-14 00:00:00+05:30,2434.876346009823,2441.626893075686,2384.7081165965765,2387.2822265625,2137131,0.0,0.0
2022-11-15 00:00:00+05:30,2387.281918473234,2398.1605255157997,2374.0234160567347,2386.990478515625,1558333,0.0,0.0
2022-11-16 00:00:00+05:30,2392.8668343766576,2411.75873515682,2358.433999338538,2406.756591796875,1330395,0.0,0.0
2022-11-17 00:00:00+05:30,2408.796256626161,2426.3284209460744,2383.8336777849895,2389.418701171875,960476,0.0,0.0
2022-11-18 00:00:00+05:30,2399.131842526001,2417.1496614830726,2378.588763910938,2412.438720703125,1075675,0.0,0.0
2022-11-21 00:00:00+05:30,2412.4389896686544,2439.927068963532,2399.1807228624343,2429.631103515625,1354881,0.0,0.0
2022-11-22 00:00:00+05:30,2434.002124392412,2451.5829048959818,2425.357572712071,2443.52099609375,921265,0.0,0.0
2022-11-23 00:00:00+05:30,2448.6689116938032,2452.5541459844717,2430.214048813128,2435.41064453125,734152,0.0,0.0
2022-11-24 00:00:00+05:30,2444.7835126753157,2486.5497784858194,2439.101263053726,2476.010986328125,999929,0.0,0.0
2022-11-25 00:00:00+05:30,2481.693240274232,2482.081668823451,2445.9490397190384,2464.646728515625,783480,0.0,0.0
2022-11-28 00:00:00+05:30,2454.4964495095774,2469.5517304622476,2449.445693004239,2452.748046875,830905,0.0,0.0
2022-11-29 00:00:00+05:30,2454.6908382272054,2564.20587358552,2454.6908382272054,2558.620849609375,2542932,0.0,0.0
2022-11-30 00:00:00+05:30,2558.426554088013,2620.5902972397334,2547.7421607338106,2607.33203125,3698270,0.0,0.0
2022-12-01 00:00:00+05:30,2603.107066504056,2606.0209923247694,2570.908281039528,2586.44921875,1675569,0.0,0.0
2022-12-02 00:00:00+05:30,2583.6807509720907,2583.6807509720907,2532.346999091847,2540.069091796875,2101890,0.0,0.0
2022-12-05 00:00:00+05:30,2525.40204899754,2549.6847610071322,2510.978023209499,2544.6826171875,1640511,0.0,0.0
2022-12-06 00:00:00+05:30,2532.0069831526735,2583.631933807694,2529.141670575092,2578.386962890625,1484562,0.0,0.0
2022-12-07 00:00:00+05:30,2583.7291804180013,2641.7648623398454,2580.0381607514482,2629.672119140625,2368561,0.0,0.0
2022-12-08 00:00:00+05:30,2617.7251461252513,2633.266082871942,2608.691929214062,2627.82666015625,1314703,0.0,0.0
2022-12-09 00:00:00+05:30,2646.5241896182406,2662.939445345666,2633.4601378828406,2644.14453125,1883397,0.0,0.0
2022-12-12 00:00:00+05:30,2624.669845229119,2645.8444184722607,2611.5085673062404,2639.2880859375,1163204,0.0,0.0
2022-12-13 00:00:00+05:30,2639.0453174823438,2641.959243118136,2620.3962408404495,2632.53759765625,1265839,0.0,0.0
2022-12-14 00:00:00+05:30,2641.95914162603,2641.95914162603,2594.705077568573,2607.623291015625,886858,0.0,0.0
2022-12-15 00:00:00+05:30,2591.7911706241566,2606.2635726420226,2572.4619888958546,2586.83740234375,990722,0.0,0.0
2022-12-16 00:00:00+05:30,2591.4511286008637,2610.5858589973172,2577.1729407992398,2594.656494140625,1793864,0.0,0.0
2022-12-19 00:00:00+05:30,2594.6564836011225,2641.9591608554415,2594.6564836011225,2640.11376953125,1546941,0.0,0.0
2022-12-20 00:00:00+05:30,2628.3608377467845,2628.409450599637,2577.124313655453,2597.813232421875,827567,0.0,0.0
2022-12-21 00:00:00+05:30,2610.828842411484,2617.8222167394883,2574.064955049459,2589.702880859375,779092,0.0,0.0
2022-12-22 00:00:00+05:30,2599.707338403526,2611.363041022933,2566.1971933727314,2569.451171875,852567,0.0,0.0
2022-12-23 00:00:00+05:30,2556.4838959965264,2573.5304070919115,2533.2211055402945,2545.896728515625,1189702,0.0,0.0
2022-12-26 00:00:00+05:30,2545.750898019064,2562.166153514506,2531.9583651126404,2542.351318359375,605144,0.0,0.0
2022-12-27 00:00:00+05:30,2549.6847472103054,2559.300606259727,2501.3621505727006,2518.845703125,870960,0.0,0.0
2022-12-28 00:00:00+05:30,2518.603106036366,2528.413417385499,2504.1307032895065,2509.472900390625,822651,0.0,0.0
2022-12-29 00:00:00+05:30,2506.218813021492,2509.181351439739,2466.5407650572024,2494.368896484375,1345863,0.0,0.0
2022-12-30 00:00:00+05:30,2505.9277070110447,2512.2412132432773,2481.887817896005,2487.570068359375,696432,0.0,0.0
2023-01-02 00:00:00+05:30,2500.0508874242723,2506.0245770623387,2465.2296195054396,2484.99560546875,681703,0.0,0.0
2023-01-03 00:00:00+05:30,2476.8852138616276,2488.492302662723,2462.2669739461367,2469.11474609375,821843,0.0,0.0
2023-01-04 00:00:00+05:30,2477.322441539003,2484.995684182461,2454.5453036087624,2463.335693359375,1672649,0.0,0.0
2023-01-05 00:00:00+05:30,2464.7440300084018,2517.583119663685,2464.695417154288,2509.56982421875,2008493,0.0,0.0
2023-01-06 00:00:00+05:30,2505.9760247638164,2536.9606722311596,2501.0222563721436,2502.52783203125,991782,0.0,0.0
2023-01-09 00:00:00+05:30,2515.0578483159115,2554.0071782624796,2496.262933321573,2548.76220703125,1267078,0.0,0.0
2023-01-10 00:00:00+05:30,2548.7621843882266,2577.2215716195046,2540.069020510052,2567.994140625,1413088,0.0,0.0
2023-01-11 00:00:00+05:30,2568.1396082377323,2571.8792407213177,2513.8435593324352,2518.845703125,1471687,0.0,0.0
2023-01-12 00:00:00+05:30,2511.901171569112,2527.927762870993,2498.934107388693,2515.73779296875,1703829,0.0,0.0
2023-01-13 00:00:00+05:30,2515.8833467862455,2563.526078363744,2493.008983115643,2548.713623046875,1348015,0.0,0.0
2023-01-16 00:00:00+05:30,2552.5501747444528,2552.5501747444528,2509.8612127671695,2522.58544921875,930068,0.0,0.0
2023-01-17 00:00:00+05:30,2530.6958045755873,2598.25036139914,2527.150623235879,2591.01416015625,1892865,0.0,0.0
2023-01-18 00:00:00+05:30,2591.451138564031,2616.219505892885,2583.6806703824295,2609.12890625,2038075,0.0,0.0
2023-01-19 00:00:00+05:30,2593.4908315246653,2602.4268219902197,2536.9604890598243,2573.724609375,1649842,0.0,0.0
2023-01-20 00:00:00+05:30,2476.8366942281755,2530.258662142901,2463.2869879751593,2475.62255859375,4569549,0.0,0.0
2023-01-23 00:00:00+05:30,2486.549979905695,2529.2875576853244,2478.77951121849,2521.905517578125,1388360,0.0,0.0
2023-01-24 00:00:00+05:30,2529.2872749831763,2535.1151258471928,2506.7529657361506,2525.8876953125,1462462,0.0,0.0
2023-01-25 00:00:00+05:30,2525.8878972038924,2566.197202235218,2519.5743915965763,2547.111083984375,1591810,0.0,0.0
2023-01-27 00:00:00+05:30,2559.8837634865467,2570.6167707264826,2504.2277344058775,2537.20361328125,1581382,0.0,0.0
2023-01-30 00:00:00+05:30,2535.115175743421,2535.115175743421,2457.6047102992657,2494.4658203125,2744039,0.0,0.0
2023-01-31 00:00:00+05:30,2494.320142712477,2515.883143248007,2468.289028375378,2502.819091796875,2366794,0.0,0.0
2023-02-01 00:00:00+05:30,2525.596523517334,2528.3162349698337,2473.777353030658,2500.39111328125,2014615,0.0,0.0
2023-02-02 00:00:00+05:30,2495.7770943870773,2564.01151387752,2489.4635893808445,2559.252197265625,1980667,0.0,0.0
2023-02-03 00:00:00+05:30,2564.254468499292,2581.2037545854946,2555.658293324408,2572.75341796875,1638238,0.0,0.0
2023-02-06 00:00:00+05:30,2555.5126090260574,2569.110927736192,2525.1592190480774,2561.92333984375,1697446,0.0,0.0
2023-02-07 00:00:00+05:30,2569.1109867506875,2569.645253853744,2520.8370016479894,2526.567626953125,1495745,0.0,0.0
2023-02-08 00:00:00+05:30,2518.311660688477,2532.687074829932,2504.3735251085245,2508.69580078125,1061956,0.0,0.0
2023-02-09 00:00:00+05:30,2512.775082554492,2525.3048673155135,2492.3776041108727,2512.483642578125,1102484,0.0,0.0
2023-02-10 00:00:00+05:30,2510.832665873545,2512.435230167622,2482.0334614849,2503.5478515625,1523011,0.0,0.0
2023-02-13 00:00:00+05:30,2486.5497869043006,2516.4175236024676,2476.8367017992055,2506.947265625,1146525,0.0,0.0
2023-02-14 00:00:00+05:30,2510.8326178336224,2527.3448632893947,2496.4572037743624,2505.587646484375,1944364,0.0,0.0
2023-02-15 00:00:00+05:30,2476.8368745515977,2498.011448984745,2464.2098630342757,2475.331298828125,2009134,0.0,0.0
2023-02-16 00:00:00+05:30,2486.549704076958,2488.395095331109,2450.465688967841,2454.59375,1982857,0.0,0.0
2023-02-17 00:00:00+05:30,2452.554091391187,2473.194398100915,2434.9733117629034,2443.32666015625,1395341,0.0,0.0
2023-02-20 00:00:00+05:30,2445.754940726063,2470.0376545934787,2436.236069462861,2439.392822265625,632091,0.0,0.0
2023-02-21 00:00:00+05:30,2455.467864139373,2470.960187136656,2440.2183682647305,2443.957763671875,862797,0.0,0.0
2023-02-22 00:00:00+05:30,2443.957964624902,2451.145790327589,2411.5163532270017,2422.4921875,885515,0.0,0.0
2023-02-23 00:00:00+05:30,2420.5005701989726,2443.714746463317,2408.9420949147193,2419.189208984375,757215,0.0,0.0
2023-02-24 00:00:00+05:30,2420.694783723965,2439.1982564514424,2401.025788325999,2412.92431640625,732783,0.0,0.0
2023-02-27 00:00:00+05:30,2415.6442208756835,2415.6442208756835,2385.533657607832,2397.3349609375,853991,0.0,0.0
2023-02-28 00:00:00+05:30,2398.889295643876,2403.357409836201,2365.767579175412,2390.05029296875,1780454,0.0,0.0
2023-03-01 00:00:00+05:30,2387.4764504403192,2399.132153208946,2377.7633647997973,2395.48974609375,967339,0.0,0.0
2023-03-02 00:00:00+05:30,2395.489756430125,2399.1321635610375,2373.878140786711,2384.902587890625,827174,0.0,0.0
2023-03-03 00:00:00+05:30,2395.2467290491577,2418.4609070351516,2385.1935913539137,2400.103271484375,1176008,0.0,0.0
2023-03-06 00:00:00+05:30,2410.7392152590287,2427.154472083312,2404.5715482301102,2413.55615234375,1214503,0.0,0.0
2023-03-08 00:00:00+05:30,2415.644463732578,2429.6312125765544,2396.4125062201956,2413.799072265625,1448340,0.0,0.0
2023-03-09 00:00:00+05:30,2413.556184166539,2420.4523327010024,2386.4079200484034,2390.77880859375,1038910,0.0,0.0
2023-03-10 00:00:00+05:30,2379.7057340196543,2399.6175575083903,2374.946417405957,2394.71240234375,772024,0.0,0.0
2023-03-13 00:00:00+05:30,2395.2468360963358,2417.1012780315214,2374.849356956829,2384.65966796875,1314549,0.0,0.0
2023-03-14 00:00:00+05:30,2391.3616884781754,2401.0747741340574,2369.7500728938376,2372.37255859375,1250763,0.0,0.0
2023-03-15 00:00:00+05:30,2381.5514171716595,2388.933457248656,2324.341436550532,2337.065673828125,1738040,0.0,0.0
2023-03-16 00:00:00+05:30,2355.374443767446,2398.452069574791,2338.667985390973,2388.78759765625,1628035,0.0,0.0
2023-03-17 00:00:00+05:30,2400.734405397542,2411.9530652811313,2369.798373935592,2377.18017578125,2127178,0.0,0.0
2023-03-20 00:00:00+05:30,2377.1803714841994,2444.4434863383076,2355.4231555409724,2439.14990234375,1561128,0.0,0.0
2023-03-21 00:00:00+05:30,2442.841054307556,2450.854350012541,2388.204947228113,2391.944580078125,1595161,0.0,0.0
2023-03-22 00:00:00+05:30,2401.6578854968943,2410.2052119887926,2383.979878191434,2405.30029296875,1063244,0.0,0.0
2023-03-23 00:00:00+05:30,2403.988760650636,2428.320088261368,2395.2469833391788,2413.799072265625,1578627,0.0,0.0
2023-03-24 00:00:00+05:30,2401.268966012663,2426.231548488167,2399.132134615485,2409.622314453125,1449326,0.0,0.0
2023-03-27 00:00:00+05:30,2413.701729226847,2433.127900085816,2393.30424982493,2427.300048828125,1387736,0.0,0.0
2023-03-28 00:00:00+05:30,2437.79027253942,2441.3840667860495,2400.9775358154056,2411.56494140625,1412387,0.0,0.0
2023-03-29 00:00:00+05:30,2413.701496725659,2466.9292471792146,2408.8935673283663,2458.236083984375,2613254,0.0,0.0
2023-03-31 00:00:00+05:30,2485.384316927672,2494.7573493988975,2444.3465314866853,2486.889892578125,2146167,0.0,0.0
2023-04-03 00:00:00+05:30,2496.2629581475157,2496.2629581475157,2442.889601080447,2463.335693359375,918048,0.0,0.0
2023-04-05 00:00:00+05:30,2440.412552046783,2514.280609258296,2430.213813023304,2508.64697265625,1489612,0.0,0.0
2023-04-06 00:00:00+05:30,2501.1196730185898,2510.8327591273996,2479.7508835792078,2491.6494140625,797414,0.0,0.0
2023-04-10 00:00:00+05:30,2491.649186231631,2495.2429803361038,2452.554018218446,2459.498779296875,853322,0.0,0.0
2023-04-11 00:00:00+05:30,2467.1237258978513,2481.6933542003976,2460.324566023329,2474.6513671875,913184,0.0,0.0
2023-04-12 00:00:00+05:30,2482.664567794482,2482.664567794482,2446.3860998544055,2456.390625,1109809,0.0,0.0
2023-04-13 00:00:00+05:30,2452.554252269987,2488.8327238856446,2452.554252269987,2463.432861328125,1261711,0.0,0.0
2023-04-17 00:00:00+05:30,2499.1766236353105,2505.0044742928358,2468.4831819846722,2478.633544921875,1566977,0.0,0.0
2023-04-18 00:00:00+05:30,2486.550049619812,2486.550049619812,2457.41079122583,2468.143798828125,1474786,0.0,0.0
2023-04-19 00:00:00+05:30,2474.8939635470942,2474.8939635470942,2438.227069071465,2458.964599609375,1320243,0.0,0.0
2023-04-20 00:00:00+05:30,2445.5606677986057,2459.7416300755954,2408.8451578843237,2421.083740234375,1401364,0.0,0.0
2023-04-21 00:00:00+05:30,2420.5007911272555,2437.498689941351,2414.3328872746515,2426.280029296875,1206288,0.0,0.0
2023-04-24 00:00:00+05:30,2430.214008705558,2433.030708665454,2404.0859033863762,2428.028564453125,1735797,0.0,0.0
2023-04-25 00:00:00+05:30,2419.3840270345368,2428.0285783838517,2406.951230011076,2418.995361328125,1701098,0.0,0.0
2023-04-26 00:00:00+05:30,2418.5579678881377,2445.754603671619,2410.981714778428,2438.76123046875,1245903,0.0,0.0
2023-04-27 00:00:00+05:30,2441.8206942176694,2449.639774231102,2386.504728503496,2398.11181640625,2743893,0.0,0.0
2023-04-28 00:00:00+05:30,2366.1560814202735,2396.995125807409,2349.5952243300885,2386.79638671875,3761927,0.0,0.0
2023-05-02 00:00:00+05:30,2400.8803287370847,2406.9023938368655,2379.70575661837,2381.35693359375,1760370,0.0,0.0
2023-05-03 00:00:00+05:30,2386.4565344263206,2418.5583299681343,2382.27986016426,2414.673095703125,1258140,0.0,0.0
2023-05-04 00:00:00+05:30,2415.5956805623323,2437.353133729463,2408.9907351877414,2434.82763671875,1150227,0.0,0.0
2023-05-05 00:00:00+05:30,2428.271274477032,2447.697444672848,2423.123291947967,2428.999755859375,1354871,0.0,0.0
2023-05-08 00:00:00+05:30,2433.8564071025194,2454.3511124287306,2425.503058690918,2444.103759765625,972810,0.0,0.0
2023-05-09 00:00:00+05:30,2452.553910505257,2452.553910505257,2428.3198113711987,2443.617919921875,1651327,0.0,0.0
2023-05-10 00:00:00+05:30,2448.6688912268187,2462.267211130498,2433.9536613282608,2450.320068359375,2025658,0.0,0.0
2023-05-11 00:00:00+05:30,2464.161011510698,2524.4307503811756,2451.1941855284244,2518.02001953125,1749356,0.0,0.0
2023-05-12 00:00:00+05:30,2519.5744816920583,2564.25467681844,2512.192441555954,2548.130859375,2170011,0.0,0.0
2023-05-15 00:00:00+05:30,2562.2633655289997,2594.122333688169,2547.7909628557077,2585.8662109375,1561055,0.0,0.0
2023-05-16 00:00:00+05:30,2593.393642398704,2601.5525387788725,2574.5503527352444,2599.124267578125,1477905,0.0,0.0
2023-05-17 00:00:00+05:30,2595.336283107918,2597.278900086292,2571.102183729872,2585.38037109375,839404,0.0,0.0
2023-05-18 00:00:00+05:30,2589.0229778177727,2592.6167720780572,2546.6254538457333,2552.161865234375,1434067,0.0,0.0
2023-05-19 00:00:00+05:30,2553.230045318208,2572.996268547391,2526.0334067680656,2565.662841796875,1174757,0.0,0.0
2023-05-22 00:00:00+05:30,2559.3980283292326,2579.2612407424112,2547.790938588084,2562.4091796875,768232,0.0,0.0
2023-05-23 00:00:00+05:30,2556.483930683496,2573.773269131248,2549.6847712933804,2552.89013671875,703864,0.0,0.0
2023-05-24 00:00:00+05:30,2544.8282510187114,2562.3118038883053,2533.1725491056486,2539.923095703125,628872,0.0,0.0
2023-05-25 00:00:00+05:30,2535.1151401873376,2550.8016773307045,2506.510152795154,2522.73095703125,1072231,0.0,0.0
2023-05-26 00:00:00+05:30,2529.044794949865,2580.4755384559926,2528.4135392073063,2576.25048828125,947073,0.0,0.0
2023-05-29 00:00:00+05:30,2593.3937637330823,2602.6698075810996,2569.1596634429757,2574.259033203125,698267,0.0,0.0
2023-05-30 00:00:00+05:30,2579.3096685126284,2588.537099072173,2574.793178935195,2580.32958984375,948051,0.0,0.0
2023-05-31 00:00:00+05:30,2580.329766146758,2603.106904130727,2562.311945185395,2591.01416015625,3388305,0.0,0.0
2023-06-01 00:00:00+05:30,2590.4800669610822,2652.8866452521393,2578.3387093169076,2620.493408203125,1541080,0.0,0.0
2023-06-02 00:00:00+05:30,2632.245942814459,2659.6367941280137,2614.4223376093246,2638.753662109375,1509260,0.0,0.0
2023-06-05 00:00:00+05:30,2638.5110398064116,2643.9018496382496,2607.1377264926405,2618.45361328125,1000190,0.0,0.0
2023-06-06 00:00:00+05:30,2622.532942633324,2630.2061849074244,2593.5392891354213,2613.936767578125,655372,0.0,0.0
2023-06-07 00:00:00+05:30,2612.8198314600936,2648.7582454987637,2602.475490922226,2638.26806640625,1428490,0.0,0.0
2023-06-08 00:00:00+05:30,2629.3320763569213,2643.464662280951,2598.1529790455925,2603.009521484375,923536,0.0,0.0
2023-06-09 00:00:00+05:30,2611.8000010638484,2611.8000010638484,2544.9255516502453,2560.5634765625,1413808,0.0,0.0
2023-06-12 00:00:00+05:30,2569.1110443884413,2580.7667466692205,2557.455342107662,2567.60546875,775484,0.0,0.0
2023-06-13 00:00:00+05:30,2554.152874648962,2619.6189713667804,2552.1130319859903,2599.124267578125,1787924,0.0,0.0
2023-06-14 00:00:00+05:30,2594.365036439034,2624.5728260269093,2575.9101747047243,2621.31884765625,1536248,0.0,0.0
2023-06-15 00:00:00+05:30,2636.082796835211,2639.5309896214135,2601.3099032522136,2612.528564453125,1830192,0.0,0.0
2023-06-16 00:00:00+05:30,2612.528236251544,2645.8441628214355,2606.2147314577337,2637.733642578125,1748145,0.0,0.0
2023-06-19 00:00:00+05:30,2645.910829007209,2655.1156045079265,2619.471305549328,2627.550048828125,1068263,22.0,0.0
2023-06-20 00:00:00+05:30,2614.574870914105,2624.758887141794,2593.129577152516,2620.54833984375,1129279,0.0,0.0
2023-06-21 00:00:00+05:30,2630.193606194093,2650.6598965759144,2613.0568802888633,2621.037841796875,1201840,0.0,0.0
2023-06-22 00:00:00+05:30,2613.2527179688723,2622.408721569049,2593.716897973353,2599.249755859375,830052,0.0,0.0
2023-06-23 00:00:00+05:30,2596.262998893796,2605.3209826366706,2572.9079938304144,2586.764404296875,991214,0.0,0.0
2023-06-26 00:00:00+05:30,2587.3029861019404,2618.687725841409,2587.3029861019404,2597.046630859375,758700,0.0,0.0
2023-06-27 00:00:00+05:30,2597.046442833868,2606.3492369586916,2581.2805592669565,2596.31201171875,687747,0.0,0.0
2023-06-28 00:00:00+05:30,2597.878595685578,2631.809455877405,2587.155949462776,2606.00634765625,1397573,0.0,0.0
2023-06-30 00:00:00+05:30,2610.608721926896,2630.144541235289,2596.3119400574574,2622.555419921875,1160181,0.0,0.0
2023-07-03 00:00:00+05:30,2631.221834119236,2649.6806314874552,2604.2436837628484,2644.980224609375,980665,0.0,0.0
2023-07-04 00:00:00+05:30,2644.980399865309,2650.513018917243,2619.4711100260415,2643.9521484375,721907,0.0,0.0
2023-07-05 00:00:00+05:30,2643.903078183771,2702.118938382577,2640.1331417980614,2698.642822265625,1717547,0.0,0.0
2023-07-06 00:00:00+05:30,2702.608628411024,2707.6028558900043,2678.8620210854065,2699.866943359375,1265020,0.0,0.0
2023-07-07 00:00:00+05:30,2695.949834540384,2712.156089898453,2635.1388425449113,2642.091552734375,1178930,0.0,0.0
2023-07-10 00:00:00+05:30,2653.646443277536,2655.0665347096015,2595.969214598829,2601.404052734375,1518183,0.0,0.0
2023-07-11 00:00:00+05:30,2601.942803095386,2660.3544655862215,2591.073126324153,2628.77392578125,2476367,0.0,0.0
2023-07-12 00:00:00+05:30,2648.7994793681614,2648.7994793681614,2587.645890157032,2618.149169921875,2395826,0.0,0.0
2023-07-13 00:00:00+05:30,2629.2143396529414,2631.6624433303537,2596.1649400078727,2599.59228515625,1495067,0.0,0.0
2023-07-14 00:00:00+05:30,2599.886249197644,2630.732357238972,2596.0182929879415,2621.33154296875,1419016,0.0,0.0
2023-07-17 00:00:00+05:30,2614.5749042514813,2647.0856754710912,2614.5749042514813,2626.031982421875,912701,0.0,0.0
2023-07-18 00:00:00+05:30,2629.80204497089,2645.029298034167,2621.723302636344,2627.109130859375,1215904,0.0,0.0
2023-07-19 00:00:00+05:30,2627.060293461297,2640.9164658976483,2605.663769759504,2616.141845703125,1166542,0.0,0.0
2023-07-20 00:00:00+05:30,2613.644751852782,2659.9139158871044,2603.019885223249,2647.134765625,1430764,0.0,0.0
2023-07-21 00:00:00+05:30,2594.989932480679,2620.7930412119435,2538.1939264112902,2549.94482421875,5198952,0.0,0.0
2023-07-24 00:00:00+05:30,2549.944974899477,2551.8544480914975,2521.5469701866946,2526.68798828125,1777469,0.0,0.0
2023-07-25 00:00:00+05:30,2526.638774629359,2532.9060634351686,2509.1104480734048,2514.8388671875,1653775,0.0,0.0
2023-07-26 00:00:00+05:30,2525.9533951121034,2544.852803471565,2518.90290427774,2529.674560546875,1300033,0.0,0.0
2023-07-27 00:00:00+05:30,2507.8375232018375,2529.3808365600726,2500.00359107157,2516.50390625,2276136,0.0,0.0
2023-07-28 00:00:00+05:30,2516.6507319401026,2539.907718276125,2511.9503247818734,2530.94775390625,966450,0.0,0.0
2023-07-31 00:00:00+05:30,2521.5960379945623,2529.282940830818,2500.982955251278,2507.641845703125,2003252,0.0,0.0
2023-08-01 00:00:00+05:30,2516.6506349799693,2520.3718004648936,2492.1695976747164,2498.14306640625,1758897,0.0,0.0
2023-08-02 00:00:00+05:30,2485.3148389167927,2520.028901046949,2483.356355986204,2515.622314453125,2082908,0.0,0.0
2023-08-03 00:00:00+05:30,2504.85072748242,2507.8864717376846,2484.5314665166425,2498.3388671875,1475310,0.0,0.0
2023-08-04 00:00:00+05:30,2498.338953684796,2505.830055731399,2482.4262788835604,2493.14892578125,1359318,0.0,0.0
2023-08-07 00:00:00+05:30,2487.273383815544,2520.5675944650434,2486.0493319534303,2515.8671875,803823,0.0,0.0
2023-08-08 00:00:00+05:30,2515.867229664364,2531.535093762006,2502.5006787351163,2512.5869140625,1002061,0.0,0.0
2023-08-09 00:00:00+05:30,2512.587005331174,2515.6225106667757,2488.252757391539,2499.22021484375,1212549,0.0,0.0
2023-08-10 00:00:00+05:30,2496.135475630387,2498.436549603251,2475.1307942608423,2484.041748046875,1313334,0.0,0.0
2023-08-11 00:00:00+05:30,2482.3772253630273,2483.992878223855,2447.124531038345,2449.866455078125,1472199,0.0,0.0
2023-08-14 00:00:00+05:30,2449.866537623578,2487.2735167139604,2436.4509763125234,2480.516845703125,1060479,0.0,0.0
2023-08-16 00:00:00+05:30,2481.398072201579,2502.011154514862,2471.9972577512376,2499.612060546875,1155882,0.0,0.0
2023-08-17 00:00:00+05:30,2499.611813707079,2507.4945160988027,2480.4185857132543,2490.455810546875,1532873,0.0,0.0
2023-08-18 00:00:00+05:30,2479.5375602514805,2514.4474249769883,2479.5375602514805,2501.71728515625,1970819,0.0,0.0
2023-08-21 00:00:00+05:30,2501.7170937924884,2521.4487133762473,2486.343050845669,2509.551025390625,977004,0.0,0.0
2023-08-22 00:00:00+05:30,2520.1762180521937,2521.547060630855,2500.0037459380865,2512.5380859375,960025,0.0,0.0
2023-08-23 00:00:00+05:30,2521.5469308544402,2529.8704838300764,2509.3064117726226,2520.61669921875,1136112,0.0,0.0
2023-08-24 00:00:00+05:30,2531.3393921194006,2537.949272543697,2513.664034429532,2527.667236328125,1143934,0.0,0.0
2023-08-25 00:00:00+05:30,2513.7128078518895,2527.128367932796,2498.53456534246,2510.33447265625,802955,0.0,0.0
2023-08-28 00:00:00+05:30,2511.754699757273,2514.692424552311,2486.2944182002793,2502.647705078125,619841,0.0,0.0
2023-08-29 00:00:00+05:30,2505.7810981535545,2505.7810981535545,2469.7452004940874,2473.7109375,958564,0.0,0.0
2023-08-30 00:00:00+05:30,2473.71097612608,2483.3566011404832,2467.688736149061,2479.390625,1227377,0.0,0.0
2023-08-31 00:00:00+05:30,2479.4885938960033,2487.077715845464,2439.3887005711244,2453.049072265625,3235414,0.0,0.0
2023-09-01 00:00:00+05:30,2453.049009597962,2462.3027941176615,2448.103792123346,2452.80419921875,813413,0.0,0.0
2023-09-04 00:00:00+05:30,2461.813147989202,2461.813147989202,2440.2698348405297,2449.474609375,1143301,0.0,0.0
2023-09-05 00:00:00+05:30,2457.8962831086596,2471.0670341020236,2450.1603705159805,2455.007568359375,844088,0.0,0.0
2023-09-06 00:00:00+05:30,2461.2745417418846,2473.662090368736,2455.3990926431006,2471.115966796875,1094146,0.0,0.0
2023-09-07 00:00:00+05:30,2457.896283681977,2469.5003916463456,2448.1038682091403,2455.399169921875,1894798,0.0,0.0
2023-09-08 00:00:00+05:30,2452.020573543016,2468.7166879625347,2449.6214798219244,2461.6171875,1018234,0.0,0.0
2023-09-11 00:00:00+05:30,2461.6173939325354,2486.196212772174,2456.9659966877025,2483.601318359375,1121083,0.0,0.0
2023-09-12 00:00:00+05:30,2496.0864010692417,2496.0864010692417,2436.3526739349836,2446.9775390625,3946716,0.0,0.0
2023-09-13 00:00:00+05:30,2442.228293663019,2456.916916118891,2440.2698106689027,2454.517822265625,1231305,0.0,0.0
2023-09-14 00:00:00+05:30,2458.8754225820508,2461.8131471012643,2441.347095246461,2448.88720703125,2081195,0.0,0.0
2023-09-15 00:00:00+05:30,2423.4270889718537,2438.3115130441797,2414.8097153280914,2418.432861328125,3750697,0.0,0.0
2023-09-18 00:00:00+05:30,2420.0485711590713,2441.2000440674656,2410.8925675258083,2436.9892578125,1499641,0.0,0.0
2023-09-20 00:00:00+05:30,2398.798944088812,2428.5190204724404,2394.2455665544826,2415.64208984375,1795159,0.0,0.0
2023-09-21 00:00:00+05:30,2414.809802778486,2431.45691009691,2392.189226028505,2422.00732421875,2223720,0.0,0.0
2023-09-22 00:00:00+05:30,2416.7679771521075,2438.311289752329,2406.9755623338247,2430.91796875,1176741,0.0,0.0
2023-09-25 00:00:00+05:30,2430.9179283540934,2447.8098436349283,2408.9340052668936,2424.455078125,1122778,0.0,0.0
2023-09-26 00:00:00+05:30,2422.6435249378583,2437.3321477648865,2410.1581955348843,2427.49072265625,1263548,0.0,0.0
2023-09-27 00:00:00+05:30,2424.601914597282,2452.8041171534883,2417.747224208679,2449.8173828125,1086791,0.0,0.0
2023-09-28 00:00:00+05:30,2448.103932347344,2449.083173920283,2402.275378919272,2409.277099609375,1612346,0.0,0.0
2023-09-29 00:00:00+05:30,2414.36895885985,2421.468459825184,2399.6313262828025,2414.41796875,1249567,0.0,0.0
2023-10-03 00:00:00+05:30,2438.3115067973526,2447.1246809183067,2410.6969423662254,2417.6494140625,1585626,0.0,0.0
2023-10-04 00:00:00+05:30,2415.8379125895312,2458.9245407689764,2413.9772102018323,2455.791015625,1587335,0.0,0.0
2023-10-05 00:00:00+05:30,2465.73017468765,2472.3890649119776,2443.550449642887,2467.248046875,1909928,0.0,0.0
2023-10-06 00:00:00+05:30,2467.639573952105,2467.6885838417074,2442.228304802071,2447.51611328125,1083342,0.0,0.0
2023-10-09 00:00:00+05:30,2433.415090579349,2464.2611973613407,2429.498124638779,2459.169189453125,1468771,0.0,0.0
2023-10-10 00:00:00+05:30,2460.0503193618447,2468.520901335818,2451.384175985294,2463.96728515625,1092373,0.0,0.0
2023-10-11 00:00:00+05:30,2466.0730580183736,2510.7263293443593,2464.0165551301907,2503.3330078125,1697398,0.0,0.0
2023-10-12 00:00:00+05:30,2501.962171188313,2514.25170050907,2486.4901068161416,2503.920654296875,1625010,0.0,0.0
2023-10-13 00:00:00+05:30,2500.052595344963,2523.211561523979,2489.917350045146,2516.112060546875,1531977,0.0,0.0
2023-10-16 00:00:00+05:30,2506.8580219656897,2528.401333091957,2499.611731124989,2505.193359375,954899,0.0,0.0
2023-10-17 00:00:00+05:30,2505.1934031472406,2516.650480086418,2493.589296549703,2503.087890625,1253538,0.0,0.0
2023-10-18 00:00:00+05:30,2516.699808655877,2517.8748507084747,2486.832941199734,2495.352294921875,1084689,0.0,0.0
2023-10-19 00:00:00+05:30,2472.584748344786,2501.3743523598287,2472.584748344786,2495.205322265625,1272343,0.0,0.0
2023-10-20 00:00:00+05:30,2467.6884941038934,2490.7496784406985,2433.464052684715,2443.354248046875,3608160,0.0,0.0
2023-10-23 00:00:00+05:30,2442.228324913177,2457.8471791765833,2428.861773936351,2431.9462890625,922707,0.0,0.0
2023-10-25 00:00:00+05:30,2423.671706639318,2438.3113191546563,2413.830281813746,2425.875,1435836,0.0,0.0
2023-10-26 00:00:00+05:30,2409.913428267274,2438.311432907563,2404.6743904028535,2424.99365234375,2650560,0.0,0.0
2023-10-27 00:00:00+05:30,2416.082555334092,2443.2074965595257,2412.7042200371425,2430.5263671875,1784812,0.0,0.0
2023-10-30 00:00:00+05:30,2419.7057381962254,2440.269809625655,2411.284165696073,2427.441650390625,875135,0.0,0.0
2023-10-31 00:00:00+05:30,2418.9224538130748,2440.269967636624,2416.5723696980212,2432.43603515625,920414,0.0,0.0
2023-11-01 00:00:00+05:30,2433.4150160531904,2442.1791792622785,2415.5928693839446,2420.9296875,1267131,0.0,0.0
2023-11-02 00:00:00+05:30,2441.398240102306,2462.1131342607496,2429.8571329506703,2453.0380859375,1595123,18.0,0.0
2023-11-03 00:00:00+05:30,2463.0994178959722,2478.3889817635686,2452.051523137499,2475.18310546875,1125583,0.0,0.0
2023-11-06 00:00:00+05:30,2480.8550460195415,2483.5677105827835,2457.279621236692,2463.493896484375,1338677,0.0,0.0
2023-11-07 00:00:00+05:30,2462.113042358294,2471.1880903428028,2451.5089897920475,2462.556884765625,1473411,0.0,0.0
2023-11-08 00:00:00+05:30,2464.0857592668,2490.719192213239,2463.7897840688547,2485.14599609375,745022,0.0,0.0
2023-11-09 00:00:00+05:30,2485.8365047725556,2487.7599823669093,2439.474601849778,2443.074951171875,1823094,0.0,0.0
2023-11-10 00:00:00+05:30,2443.3708677220384,2454.8134759884947,2431.879130944273,2452.791259765625,771062,0.0,0.0
2023-11-13 00:00:00+05:30,2443.568316906782,2453.4325521928795,2437.452539194613,2444.50537109375,760809,0.0,0.0
2023-11-15 00:00:00+05:30,2467.932874899593,2469.067406427845,2442.384602408375,2452.643310546875,1457029,0.0,0.0
2023-11-16 00:00:00+05:30,2446.5275153334533,2471.780053251473,2441.743505856432,2457.378173828125,1420578,0.0,0.0
2023-11-17 00:00:00+05:30,2431.5339065154208,2499.103915682279,2431.5339065154208,2494.4677734375,1756043,0.0,0.0
2023-11-20 00:00:00+05:30,2500.041000680546,2500.090370020939,2466.0587591447415,2472.421142578125,944231,0.0,0.0
2023-11-21 00:00:00+05:30,2470.9906988293333,2482.82778002133,2464.0857348006684,2471.2373046875,1088806,0.0,0.0
2023-11-22 00:00:00+05:30,2473.7035804856714,2489.979568553865,2470.0044922883544,2487.661376953125,816610,0.0,0.0
2023-11-23 00:00:00+05:30,2472.174522803573,2493.4319973531005,2472.174522803573,2485.6884765625,1023670,0.0,0.0
2023-11-24 00:00:00+05:30,2480.953992374002,2485.5901349413266,2473.4077076434887,2481.052490234375,735137,0.0,0.0
2023-11-28 00:00:00+05:30,2497.3777062917984,2497.3777062917984,2466.058760039299,2476.465576171875,1880641,0.0,0.0
2023-11-29 00:00:00+05:30,2477.8959235125,2494.319779063638,2474.048968050846,2490.768798828125,1265214,0.0,0.0
2023-11-30 00:00:00+05:30,2481.98948208139,2519.8189209915854,2481.98948208139,2510.990478515625,3095684,0.0,0.0
2023-12-01 00:00:00+05:30,2512.9138393975263,2546.8960804441895,2507.4885102055005,2528.844482421875,1345599,0.0,0.0
2023-12-04 00:00:00+05:30,2542.0134075165065,2572.987009671152,2540.040560479241,2566.969970703125,2188039,0.0,0.0
2023-12-05 00:00:00+05:30,2601.1986818454047,2601.1986818454047,2521.594356243103,2528.449951171875,3108717,0.0,0.0
2023-12-06 00:00:00+05:30,2535.1084748315457,2548.6224290418954,2528.2035101141055,2532.790283203125,1573754,0.0,0.0
2023-12-07 00:00:00+05:30,2516.465144195848,2525.0469806750766,2464.6779092725073,2484.06103515625,3925967,0.0,0.0
2023-12-08 00:00:00+05:30,2484.8006626632496,2499.547645028735,2474.245979946958,2488.055908203125,1605805,0.0,0.0
2023-12-11 00:00:00+05:30,2488.055877096601,2495.6019200403916,2465.072162906694,2469.658935546875,2012243,0.0,0.0
2023-12-12 00:00:00+05:30,2466.0588196733593,2483.8144431750075,2463.0995490897512,2468.771484375,1677929,0.0,0.0
2023-12-13 00:00:00+05:30,2473.802296584835,2482.5320001551772,2464.135298018886,2477.797119140625,1513205,0.0,0.0
2023-12-14 00:00:00+05:30,2487.1188848735087,2490.5219976421154,2467.242307677489,2482.186767578125,2166569,0.0,0.0
2023-12-15 00:00:00+05:30,2485.787417172273,2497.6245001111884,2472.9639106551144,2488.64794921875,2543337,0.0,0.0
2023-12-18 00:00:00+05:30,2485.9352065146827,2509.954716222993,2480.855221576273,2501.076904296875,1969036,0.0,0.0
2023-12-19 00:00:00+05:30,2500.6331459434073,2532.099961831328,2500.583776599168,2525.934814453125,1656220,0.0,0.0
2023-12-20 00:00:00+05:30,2538.018270930167,2538.018270930167,2512.420629524835,2522.778076171875,1468642,0.0,0.0
2023-12-21 00:00:00+05:30,2507.7350880295644,2544.972574340162,2501.5699412893996,2518.536376953125,1945695,0.0,0.0
2023-12-22 00:00:00+05:30,2524.4548352063675,2544.7258851898328,2512.2232808045974,2540.63232421875,1174984,0.0,0.0
2023-12-26 00:00:00+05:30,2540.6325242127127,2556.464429108752,2532.1985549190676,2549.658203125,893776,0.0,0.0
2023-12-27 00:00:00+05:30,2550.8911358225137,2576.5381464688344,2545.860279711471,2572.888427734375,1073278,0.0,0.0
2023-12-28 00:00:00+05:30,2578.3631358663124,2604.1580138013883,2571.4581714357787,2598.042236328125,1635216,0.0,0.0
2023-12-29 00:00:00+05:30,2598.042144005217,2630.890093222696,2585.6624814794686,2627.78271484375,1305681,0.0,0.0
2024-01-01 00:00:00+05:30,2627.684313773615,2633.158771489791,2602.185170191696,2618.707763671875,526353,0.0,0.0
2024-01-02 00:00:00+05:30,2612.049355298953,2617.9185267953862,2571.6059929246107,2578.313720703125,1310629,0.0,0.0
2024-01-03 00:00:00+05:30,2563.714807544732,2592.913040967625,2560.3116944609915,2571.162353515625,1008270,0.0,0.0
2024-01-04 00:00:00+05:30,2571.162223931766,2587.3888423531785,2552.9133891686956,2557.352294921875,1376844,0.0,0.0
2024-01-05 00:00:00+05:30,2559.7688046423104,2594.1948860699,2559.7688046423104,2584.478759765625,1150738,0.0,0.0
2024-01-08 00:00:00+05:30,2589.312266251933,2590.3480590713784,2531.6558619979787,2543.246337890625,1189828,0.0,0.0
2024-01-09 00:00:00+05:30,2547.4881082383313,2553.850491773367,2536.637449524733,2544.72607421875,1017205,0.0,0.0
2024-01-10 00:00:00+05:30,2544.9725121554075,2559.0784157174453,2530.1761603405503,2542.40771484375,881278,0.0,0.0
2024-01-11 00:00:00+05:30,2544.972733201614,2553.85054506162,2497.476536081008,2501.767333984375,2399600,0.0,0.0
2024-01-12 00:00:00+05:30,2499.1039788588037,2520.312084461908,2477.7480060586577,2509.46142578125,2979841,0.0,0.0
2024-01-15 00:00:00+05:30,2511.4342216432965,2543.739591147938,2496.6378691984223,2538.264892578125,1391204,0.0,0.0
2024-01-16 00:00:00+05:30,2538.2648949681106,2549.5102673324327,2521.6438035350147,2534.220703125,1599406,0.0,0.0
2024-01-17 00:00:00+05:30,2514.3935457671523,2536.4402077107147,2505.2691282315127,2528.104736328125,3047652,0.0,0.0
2024-01-18 00:00:00+05:30,2535.108544845222,2535.108544845222,2503.09914854342,2513.4072265625,1273095,0.0,0.0
2024-01-19 00:00:00+05:30,2530.176327703843,2539.0047700388072,2497.6243515579454,2530.57080078125,1323064,0.0,0.0
2024-01-23 00:00:00+05:30,2417.723943046496,2446.823435629063,2333.3353663918433,2343.29833984375,4369332,0.0,0.0
2024-01-24 00:00:00+05:30,2355.5794491709726,2412.693276670949,2335.0124217202733,2408.5009765625,1551469,0.0,0.0
2024-01-25 00:00:00+05:30,2421.4722517959567,2434.492992732888,2387.341905243277,2395.33203125,2364765,0.0,0.0
2024-01-29 00:00:00+05:30,2377.2807493451533,2415.7512676955516,2377.2807493451533,2411.213623046875,1587091,0.0,0.0
2024-01-30 00:00:00+05:30,2420.683246629059,2460.68276734961,2414.0742574053465,2425.27001953125,1793711,0.0,0.0
2024-01-31 00:00:00+05:30,2416.7374232236753,2452.149928319274,2408.599429859759,2447.859130859375,1445004,0.0,0.0
2024-02-01 00:00:00+05:30,2441.49672498697,2477.4518108020197,2434.8383668424785,2440.01708984375,1727534,0.0,0.0
2024-02-02 00:00:00+05:30,2443.371128475938,2453.1366252710327,2408.8463042948083,2419.302490234375,1956115,0.0,0.0
2024-02-05 00:00:00+05:30,2430.547456215127,2431.2872738255824,2379.993252834029,2386.651611328125,1315445,0.0,0.0
2024-02-06 00:00:00+05:30,2392.0275540476378,2408.2050435096717,2385.221328410481,2393.40869140625,1557511,0.0,0.0
2024-02-07 00:00:00+05:30,2406.774768493604,2406.774768493604,2378.8098048217935,2392.52099609375,1149076,0.0,0.0
2024-02-08 00:00:00+05:30,2408.6488438253523,2408.6488438253523,2366.429871729333,2384.23486328125,1758661,0.0,0.0
2024-02-09 00:00:00+05:30,2384.2350627603732,2395.4801947729234,2373.4337731750975,2391.238525390625,886474,0.0,0.0
2024-02-12 00:00:00+05:30,2391.1891603056683,2396.8610950929533,2349.660637097915,2353.260986328125,1292460,0.0,0.0
2024-02-13 00:00:00+05:30,2357.55235256109,2368.3536425802045,2347.786855464591,2361.498046875,957865,0.0,0.0
2024-02-14 00:00:00+05:30,2352.62012803747,2361.4979398413852,2337.823775030945,2355.530029296875,1397975,0.0,0.0
2024-02-15 00:00:00+05:30,2336.196249561852,2352.3241296847646,2314.8894051115153,2318.933837890625,2553695,0.0,0.0
2024-02-16 00:00:00+05:30,2337.774348639649,2349.6608000967003,2325.5921627905304,2343.00244140625,2363302,0.0,0.0
2024-02-19 00:00:00+05:30,2357.0589141732376,2362.4348739939014,2341.572113645197,2354.74072265625,576683,0.0,0.0
2024-02-20 00:00:00+05:30,2337.9225370175886,2375.7517354190254,2336.0481877891116,2371.4609375,1032995,0.0,0.0
2024-02-21 00:00:00+05:30,2371.460895437313,2389.9069672102482,2361.5966601762716,2374.420166015625,1127778,0.0,0.0
2024-02-22 00:00:00+05:30,2387.44076599648,2387.44076599648,2333.631317691745,2355.677978515625,2258516,0.0,0.0
2024-02-23 00:00:00+05:30,2356.1219809071795,2372.84181164757,2351.584336319189,2361.5966796875,1210775,0.0,0.0
2024-02-26 00:00:00+05:30,2358.6372701969267,2373.877464738521,2347.6878732810387,2371.608642578125,831596,0.0,0.0
2024-02-27 00:00:00+05:30,2371.4115018549737,2376.244880753054,2356.713646970632,2372.64453125,1120424,0.0,0.0
2024-02-28 00:00:00+05:30,2378.3657509157256,2392.0769409685913,2368.4027774291085,2388.673828125,629152,0.0,0.0
2024-02-29 00:00:00+05:30,2392.076845949728,2395.8253031931245,2364.70359544453,2379.54931640625,2848084,0.0,0.0
2024-03-01 00:00:00+05:30,2384.136434268504,2405.6898859191406,2371.3622970151055,2376.98486328125,2326244,0.0,0.0
2024-03-04 00:00:00+05:30,2383.396371414748,2394.9374780004227,2371.756526150357,2389.11767578125,1501261,0.0,0.0
2024-03-05 00:00:00+05:30,2372.3485394290374,2387.144892065809,2358.6373489827165,2367.2685546875,1587199,0.0,0.0
2024-03-06 00:00:00+05:30,2371.3620734136375,2376.1463236775244,2343.0517673746162,2368.20556640625,1354111,0.0,0.0
2024-03-07 00:00:00+05:30,2372.2992915739337,2393.063555669419,2370.3758137978625,2386.701171875,1820704,0.0,0.0
2024-03-11 00:00:00+05:30,2376.2942105621246,2380.2399045605675,2351.189780662243,2357.404296875,2040761,0.0,0.0
2024-03-12 00:00:00+05:30,2347.687772651855,2352.6198898212915,2328.748490886425,2345.86279296875,1012157,0.0,0.0
2024-03-13 00:00:00+05:30,2342.755856218217,2342.755856218217,2272.5719192139327,2281.203125,2322669,0.0,0.0
2024-03-14 00:00:00+05:30,2273.558440086393,2309.9080038005764,2270.5991694044537,2302.904541015625,2292515,0.0,0.0
2024-03-15 00:00:00+05:30,2298.416091913339,2305.2223176368943,2284.458055089634,2296.097900390625,2751403,0.0,0.0
2024-03-18 00:00:00+05:30,2289.2916350341907,2293.434565438807,2265.814708306641,2268.724609375,2487402,0.0,0.0
2024-03-19 00:00:00+05:30,2252.2516038303893,2272.621154108568,2216.345882410054,2236.1728515625,4220638,0.0,0.0
2024-03-20 00:00:00+05:30,2219.452964692361,2234.693160218037,2209.5887292937286,2211.51220703125,2995013,0.0,0.0
2024-03-21 00:00:00+05:30,2203.670006073166,2228.4784597215953,2203.670006073166,2211.90673828125,3504486,0.0,0.0
2024-03-22 00:00:00+05:30,2208.651650742734,2235.2357166837123,2201.7466860398276,2225.9140625,3507809,0.0,0.0
2024-03-26 00:00:00+05:30,2201.795973787084,2228.4785365965217,2201.697235107422,2209.588623046875,3027027,0.0,0.0
2024-03-27 00:00:00+05:30,2219.452689836318,2232.276194266483,2205.642761988447,2209.29248046875,2168861,0.0,0.0
2024-03-28 00:00:00+05:30,2214.5207631923913,2256.838235120748,2209.687384360387,2233.608154296875,3186360,0.0,0.0
2024-04-01 00:00:00+05:30,2239.1814405269397,2263.8420290789986,2231.2900521902807,2254.865478515625,1427873,0.0,0.0
2024-04-02 00:00:00+05:30,2266.801174591139,2266.801174591139,2246.135650690341,2255.654541015625,1221495,0.0,0.0
2024-04-03 00:00:00+05:30,2250.8706294821704,2250.8706294821704,2230.3529718818268,2234.446533203125,1175309,0.0,0.0
2024-04-04 00:00:00+05:30,2239.1811935344963,2251.018274733797,2218.7129072940374,2234.19970703125,1890255,0.0,0.0
2024-04-05 00:00:00+05:30,2234.200004433337,2249.5389390277905,2227.4431475115944,2236.1728515625,1153449,0.0,0.0
2024-04-08 00:00:00+05:30,2246.0862649953697,2257.873977421594,2236.4192667217044,2238.1455078125,1127294,0.0,0.0
2024-04-09 00:00:00+05:30,2240.167741756001,2243.718962644025,2225.1247835605895,2233.41064453125,1189343,0.0,0.0
2024-04-10 00:00:00+05:30,2245.9876102615376,2245.9876102615376,2227.0483268941534,2230.204833984375,2308993,0.0,0.0
2024-04-12 00:00:00+05:30,2230.204730857768,2234.1012962318555,2198.3434453823834,2201.9931640625,3388551,0.0,0.0
2024-04-15 00:00:00+05:30,2197.455504432933,2197.504873771383,2160.267387974112,2164.262451171875,4909564,0.0,0.0
2024-04-16 00:00:00+05:30,2153.3623166403136,2200.9572464515345,2142.5610284027657,2190.649169921875,2821129,0.0,0.0
2024-04-18 00:00:00+05:30,2184.977562922173,2207.319960309381,2179.0590215400184,2184.73095703125,3392171,0.0,0.0
2024-04-19 00:00:00+05:30,2189.860125676184,2213.287683326999,2166.1859621553604,2201.302734375,2337694,0.0,0.0
2024-04-22 00:00:00+05:30,2219.452959444011,2222.9548111674567,2198.787434497955,2211.068359375,1804108,0.0,0.0
2024-04-23 00:00:00+05:30,2222.412155985872,2242.6338378312826,2218.1704867506487,2232.02978515625,1991778,0.0,0.0
2024-04-24 00:00:00+05:30,2235.2850251807245,2237.5538474008476,2215.161841241518,2229.563720703125,1404398,0.0,0.0
2024-04-25 00:00:00+05:30,2207.6651894031033,2209.4407998900797,2185.0268179657983,2200.56298828125,4951866,0.0,0.0
2024-04-26 00:00:00+05:30,2214.52078290206,2224.38501801521,2188.4792985337667,2192.47412109375,2307512,0.0,0.0
2024-04-29 00:00:00+05:30,2203.670090696467,2203.670090696467,2189.8601617485033,2195.87744140625,1395292,0.0,0.0
2024-04-30 00:00:00+05:30,2201.74683111205,2209.835456417485,2194.7924966092646,2200.16845703125,2119102,0.0,0.0
2024-05-02 00:00:00+05:30,2175.113207457561,2212.745168008845,2175.113207457561,2196.07470703125,2140383,0.0,0.0
2024-05-03 00:00:00+05:30,2201.69717797648,2205.2975273000125,2174.0773209050903,2186.9501953125,2595307,0.0,0.0
2024-05-06 00:00:00+05:30,2194.7922391586985,2230.796696115684,2181.968733941142,2225.568603515625,1619256,0.0,0.0
2024-05-07 00:00:00+05:30,2235.2356202356204,2357.1576594879816,2228.330655830656,2347.095947265625,8277810,0.0,0.0
2024-05-08 00:00:00+05:30,2334.2725376132007,2340.04321157571,2293.434699931932,2309.266845703125,1813439,0.0,0.0
2024-05-09 00:00:00+05:30,2308.822907368412,2330.0310123147146,2287.959906146537,2294.07568359375,1558987,0.0,0.0
2024-05-10 00:00:00+05:30,2289.4891493804125,2338.810328815579,2289.4891493804125,2330.47509765625,2610266,0.0,0.0
2024-05-13 00:00:00+05:30,2341.769190737373,2349.3152335430777,2316.0234432366806,2328.600341796875,1170617,0.0,0.0
2024-05-14 00:00:00+05:30,2328.5513417738216,2340.092448218326,2314.8892803712233,2317.70068359375,689430,0.0,0.0
2024-05-15 00:00:00+05:30,2317.651429903602,2323.8165769044595,2286.184375115592,2291.7578125,812282,0.0,0.0
2024-05-16 00:00:00+05:30,2305.271726552486,2316.2211237664033,2270.1058250003234,2311.338134765625,1880021,0.0,0.0
2024-05-17 00:00:00+05:30,2319.9693696420363,2319.9693696420363,2283.669176934545,2288.847900390625,1264582,0.0,0.0
2024-05-21 00:00:00+05:30,2275.6791384383137,2293.237525859791,2270.5004147812692,2279.328857421875,1663959,0.0,0.0
2024-05-22 00:00:00+05:30,2279.624649116817,2341.7693279979767,2279.3286739093173,2334.765625,1914851,0.0,0.0
2024-05-23 00:00:00+05:30,2334.7655068429544,2354.3954774838053,2323.027164423203,2350.15380859375,1614718,0.0,0.0
2024-05-24 00:00:00+05:30,2346.208372970566,2350.893884751777,2332.5956800515205,2336.88671875,974100,0.0,0.0
2024-05-27 00:00:00+05:30,2336.886757454699,2367.3671487953006,2330.4256350420687,2352.126953125,1116934,0.0,0.0
2024-05-28 00:00:00+05:30,2357.5522149346466,2376.294261831617,2346.257713785631,2363.42138671875,1631747,0.0,0.0
2024-05-29 00:00:00+05:30,2348.8713969263986,2362.4840882724648,2337.2315524181386,2341.17724609375,1592495,0.0,0.0
2024-05-30 00:00:00+05:30,2335.8508003148886,2340.2403366350686,2302.361771338759,2319.47607421875,1837380,0.0,0.0
2024-05-31 00:00:00+05:30,2321.0544820226105,2345.1724882923577,2286.1351866557925,2297.4296875,5529186,0.0,0.0
2024-06-03 00:00:00+05:30,2348.6743653680305,2355.0367488099705,2312.4726709003107,2323.9150390625,1207445,0.0,0.0
2024-06-04 00:00:00+05:30,2341.769530198257,2475.972503630308,2310.3027149813684,2462.4091796875,7826048,0.0,0.0
2024-06-05 00:00:00+05:30,2499.1531212463374,2686.968045387061,2490.719152781613,2567.41357421875,11061076,0.0,0.0
2024-06-06 00:00:00+05:30,2564.7012466147703,2564.7012466147703,2483.8145149907664,2514.985595703125,4102547,0.0,0.0
2024-06-07 00:00:00+05:30,2520.6079619751786,2561.248561111254,2490.7192824209187,2542.802490234375,3974253,0.0,0.0
2024-06-10 00:00:00+05:30,2543.9863135266664,2558.4373220792068,2511.4343366571898,2530.521728515625,1449122,0.0,0.0
2024-06-11 00:00:00+05:30,2531.1626892284357,2541.7173724641398,2516.662312011082,2521.643798828125,1402423,0.0,0.0
2024-06-12 00:00:00+05:30,2533.1353857160307,2533.1353857160307,2482.8277904389597,2494.368896484375,1754677,0.0,0.0
2024-06-13 00:00:00+05:30,2454.172219744638,2471.7799749838714,2413.2356458109743,2453.629638671875,3123098,0.0,0.0
2024-06-14 00:00:00+05:30,2463.191810304088,2500.443380526206,2460.6020249208023,2469.9150390625,1729552,24.0,0.0
2024-06-18 00:00:00+05:30,2470.0642479383027,2488.092557896556,2463.3410194491908,2476.38916015625,1820933,0.0,0.0
2024-06-19 00:00:00+05:30,2485.1044125958674,2485.1044125958674,2441.7769408732543,2447.255126953125,986976,0.0,0.0
2024-06-20 00:00:00+05:30,2447.255219708371,2480.1243374333917,2436.946171880227,2472.355224609375,2163310,0.0,0.0
2024-06-21 00:00:00+05:30,2465.18372299195,2468.1718244743647,2416.9259326854203,2431.617431640625,3646215,0.0,0.0
2024-06-24 00:00:00+05:30,2425.342520646538,2458.0623311816894,2417.4240998604137,2432.513916015625,1945519,0.0,0.0
2024-06-25 00:00:00+05:30,2429.6752546850303,2436.9959575352,2418.2704726331135,2422.553466796875,833789,0.0,0.0
2024-06-26 00:00:00+05:30,2427.334402563277,2457.2154169567516,2422.752549754017,2435.900390625,1738656,0.0,0.0
2024-06-27 00:00:00+05:30,2440.2329577683354,2473.351081592451,2426.3383349036576,2452.384521484375,3402726,0.0,0.0
2024-06-28 00:00:00+05:30,2453.23126668314,2480.6221963761104,2453.0819588810136,2463.241455078125,2129791,0.0,0.0
2024-07-01 00:00:00+05:30,2451.28921007173,2512.9934598265845,2440.382687804452,2495.16455078125,3312865,0.0,0.0
2024-07-02 00:00:00+05:30,2505.025165106717,2505.025165106717,2469.516655164494,2475.29345703125,1305210,0.0,0.0
2024-07-03 00:00:00+05:30,2476.7873590180047,2509.8558758162176,2464.486487454061,2500.3935546875,1406405,0.0,0.0
2024-07-04 00:00:00+05:30,2505.074880131505,2526.7884658036555,2483.0125853572536,2486.050537109375,1977010,0.0,0.0
2024-07-05 00:00:00+05:30,2486.050617135198,2543.8704302472884,2486.050617135198,2536.898193359375,1754286,0.0,0.0
2024-07-08 00:00:00+05:30,2549.846693855581,2584.707879123138,2526.1908895668817,2576.888916015625,2818809,0.0,0.0
2024-07-09 00:00:00+05:30,2576.8888516053266,2603.6324574753326,2557.814900840342,2579.876953125,1479529,0.0,0.0
2024-07-10 00:00:00+05:30,2570.763288196302,2615.5848100749663,2562.7950176400946,2600.096435546875,1764036,0.0,0.0
2024-07-11 00:00:00+05:30,2606.620508055045,2606.6703583805297,2579.777445229026,2598.5029296875,1432671,0.0,0.0
2024-07-12 00:00:00+05:30,2590.684133470928,2629.031438022497,2590.684133470928,2611.849853515625,1912642,0.0,0.0
2024-07-15 00:00:00+05:30,2617.576882493013,2618.8219247696934,2603.2836998877933,2609.907470703125,920101,0.0,0.0
2024-07-16 00:00:00+05:30,2615.534994819925,2714.192194601272,2614.14064472282,2677.787109375,3298003,0.0,0.0
2024-07-18 00:00:00+05:30,2689.291459018448,2740.2883447179615,2644.4699347014744,2727.5390625,5569762,0.0,0.0
2024-07-19 00:00:00+05:30,2728.1367324476587,2732.12086787292,2705.1781034251253,2716.184326171875,1668862,0.0,0.0
2024-07-22 00:00:00+05:30,2694.9687170304364,2739.0432145285595,2694.9188667038834,2724.451416015625,1911629,0.0,0.0
2024-07-23 00:00:00+05:30,2735.1090312656374,2800.1500921876664,2721.1645569620255,2755.37841796875,3906259,0.0,0.0
2024-07-24 00:00:00+05:30,2737.1011260003897,2746.513597613631,2664.4903527869997,2706.27392578125,3611927,0.0,0.0
2024-07-25 00:00:00+05:30,2706.2739216822415,2714.0430346363837,2659.4104786579405,2696.462890625,2166670,0.0,0.0
2024-07-26 00:00:00+05:30,2713.1961970959237,2716.184298634576,2676.591953247438,2700.297607421875,2135309,0.0,0.0
2024-07-29 00:00:00+05:30,2700.446899544808,2709.212045975074,2682.1199741497885,2700.845458984375,957011,0.0,0.0
2024-07-30 00:00:00+05:30,2704.8295549218583,2743.425865676038,2674.749138841389,2680.725341796875,1560399,0.0,0.0
2024-07-31 00:00:00+05:30,2694.2716205654,2698.903080795776,2664.4404547688378,2694.9189453125,1751085,0.0,0.0
2024-08-01 00:00:00+05:30,2703.2358840456345,2714.1424061297757,2684.5103989262543,2704.77978515625,1886392,0.0,0.0
2024-08-02 00:00:00+05:30,2701.2439042369965,2748.5555139166636,2670.5161615234783,2681.87109375,1738872,0.0,0.0
2024-08-05 00:00:00+05:30,2665.3366710688238,2731.1247539850956,2655.6253412543256,2705.128173828125,3118731,0.0,0.0
2024-08-06 00:00:00+05:30,2709.3116583511332,2760.756707264294,2697.906876711927,2739.142822265625,2296031,0.0,0.0
2024-08-07 00:00:00+05:30,2770.667325413201,2770.816876394826,2724.650609953407,2733.166748046875,1713875,0.0,0.0
2024-08-08 00:00:00+05:30,2743.077171466631,2748.3063490810828,2709.610337465212,2722.359619140625,1464161,0.0,0.0
2024-08-09 00:00:00+05:30,2745.0693459098225,2747.0614136499603,2707.8177764381794,2736.30419921875,1284031,0.0,0.0
2024-08-12 00:00:00+05:30,2727.1405825285838,2752.4397441333695,2711.6023577624155,2737.798095703125,1297178,0.0,0.0
2024-08-13 00:00:00+05:30,2731.1248171884126,2746.7126496747696,2719.2721116402236,2730.527099609375,1051237,0.0,0.0
2024-08-14 00:00:00+05:30,2730.128698489809,2731.672599544068,2695.865232377471,2711.25390625,946995,0.0,0.0
2024-08-16 00:00:00+05:30,2727.041049778478,2742.6789761577716,2699.94897700614,2737.35009765625,1727926,0.0,0.0
2024-08-19 00:00:00+05:30,2739.1428610875896,2748.8043405274498,2726.194421400351,2731.672607421875,1130327,0.0,0.0
2024-08-20 00:00:00+05:30,2731.6726284626034,2745.31824329595,2724.202374739349,2740.138916015625,1097889,0.0,0.0
2024-08-21 00:00:00+05:30,2738.5950756838574,2784.014316597518,2732.0710053197217,2780.129638671875,1417729,0.0,0.0
2024-08-22 00:00:00+05:30,2791.8330349940998,2798.8551222805504,2771.0658750969446,2781.723388671875,1552947,0.0,0.0
2024-08-23 00:00:00+05:30,2788.0980038420653,2809.8115911818727,2760.358606032452,2804.43310546875,2111401,0.0,0.0
2024-08-26 00:00:00+05:30,2804.4329002368822,2823.706008608755,2792.4804944847815,2809.960693359375,1152244,0.0,0.0
2024-08-27 00:00:00+05:30,2797.8591487045783,2812.8993574528417,2748.6053223289196,2755.926025390625,1357212,0.0,0.0
2024-08-28 00:00:00+05:30,2749.05338601534,2770.7171219377433,2734.8599038592824,2753.38623046875,1723549,0.0,0.0
2024-08-29 00:00:00+05:30,2758.9640021154028,2798.855207713906,2734.113005400239,2774.203369140625,2129934,0.0,0.0
2024-08-30 00:00:00+05:30,2784.6116834562663,2805.130077281,2749.1530256030196,2766.98193359375,4029712,0.0,0.0
2024-09-02 00:00:00+05:30,2782.918600214339,2797.7594074347394,2767.9780923391727,2777.98828125,957950,0.0,0.0
2024-09-03 00:00:00+05:30,2768.974196128366,2816.7339722076963,2763.994026710869,2783.217529296875,2022116,0.0,0.0
2024-09-04 00:00:00+05:30,2768.9741273234713,2832.570986473555,2760.657147333982,2829.981201171875,1640986,0.0,0.0
2024-09-05 00:00:00+05:30,2828.785890047688,2843.676546974439,2812.4507895487172,2827.192138671875,1945173,0.0,0.0
2024-09-06 00:00:00+05:30,2816.8833644234205,2855.0811157992525,2816.8833644234205,2827.690185546875,1672730,0.0,0.0
2024-09-09 00:00:00+05:30,2841.7841949809936,2926.546527334689,2831.9233142392327,2910.211669921875,3342754,0.0,0.0
2024-09-10 00:00:00+05:30,2922.3632601136087,2925.949079174088,2876.047686972749,2887.103759765625,1536584,0.0,0.0
2024-09-11 00:00:00+05:30,2900.0522384751343,2938.299840829201,2886.6057815764243,2892.631591796875,1913665,0.0,0.0
2024-09-12 00:00:00+05:30,2899.454477813708,2951.646553213085,2882.72106084284,2944.67431640625,2454564,0.0,0.0
2024-09-13 00:00:00+05:30,2944.674327569478,2944.674327569478,2906.924742555436,2921.3173828125,1902001,0.0,0.0
2024-09-16 00:00:00+05:30,2898.4585148287047,2898.4585148287047,2796.2653441503494,2855.728759765625,1489057,0.0,0.0
2024-09-17 00:00:00+05:30,2855.7287521054895,2902.3429418047845,2848.7565151469407,2862.103271484375,1098661,0.0,0.0
2024-09-18 00:00:00+05:30,2862.601331875205,2882.0738425967133,2850.3500666846962,2864.444091796875,464796,0.0,0.0
2024-09-19 00:00:00+05:30,2864.8424572935223,2922.662272862675,2861.9540563004307,2900.20166015625,1713010,0.0,0.0
2024-09-20 00:00:00+05:30,2913.19989074987,2977.4939252324452,2883.916349278162,2965.79052734375,3641632,0.0,0.0
2024-09-23 00:00:00+05:30,2968.180838586818,3022.9626997016753,2958.1706498759113,3016.538330078125,1300470,0.0,0.0
2024-09-24 00:00:00+05:30,3008.0221568856377,3008.0221568856377,2934.4153543552784,2938.84765625,1929308,0.0,0.0
2024-09-25 00:00:00+05:30,2938.847657642537,2948.608837784103,2893.5779688282487,2937.25390625,1055354,0.0,0.0
2024-09-26 00:00:00+05:30,2939.395650493811,2980.980064558783,2929.534769279197,2974.2568359375,1902889,0.0,0.0
2024-09-27 00:00:00+05:30,2974.2567203791796,3017.98250829646,2941.038894842367,2954.4853515625,2977081,0.0,0.0
2024-09-30 00:00:00+05:30,2952.4433967927253,2986.0096878488685,2930.92921221193,2946.56689453125,1627702,0.0,0.0
2024-10-01 00:00:00+05:30,2950.9495236737444,2950.9495236737444,2879.9322594907662,2912.154052734375,1184642,0.0,0.0
2024-10-03 00:00:00+05:30,2897.213335072122,2911.506517466372,2849.752421454521,2881.87451171875,1233447,0.0,0.0
2024-10-04 00:00:00+05:30,2879.533845967941,2902.442624403521,2805.8771917627905,2837.451416015625,2456486,0.0,0.0
2024-10-07 00:00:00+05:30,2833.7161988783696,2855.081075539492,2813.8453729372186,2822.162109375,1280975,0.0,0.0
2024-10-08 00:00:00+05:30,2832.7203665746997,2874.5537897097693,2787.5999829874077,2807.620361328125,1761488,0.0,0.0
2024-10-09 00:00:00+05:30,2812.2017658336867,2814.642243209467,2749.750494493462,2757.9677734375,1476282,0.0,0.0
2024-10-10 00:00:00+05:30,2759.0137806913986,2776.344672514175,2722.3596861618266,2743.7744140625,2065078,0.0,0.0
2024-10-11 00:00:00+05:30,2753.834451287732,2778.9344558024495,2726.194511807976,2772.161376953125,679307,0.0,0.0
2024-10-14 00:00:00+05:30,2780.528170542452,2793.576067969005,2754.0335730768334,2778.0380859375,874010,0.0,0.0
2024-10-15 00:00:00+05:30,2782.02215276722,2788.197513800899,2754.282513682522,2770.418212890625,1082666,0.0,0.0
2024-10-16 00:00:00+05:30,2778.087808691389,2786.4546392155767,2744.671066440282,2770.21923828125,1170797,0.0,0.0
2024-10-17 00:00:00+05:30,2768.4263168423636,2770.96625186873,2712.6484196084857,2727.7880859375,1368242,0.0,0.0
2024-10-18 00:00:00+05:30,2727.7880658692216,2729.1328088651503,2682.7673834961315,2706.32373046875,1137277,0.0,0.0
2024-10-21 00:00:00+05:30,2704.231820154864,2727.140598005163,2669.8188030539727,2682.866943359375,792345,0.0,0.0
2024-10-22 00:00:00+05:30,2674.4506258852416,2699.2517718335253,2663.1455442582615,2671.06396484375,1272253,0.0,0.0
2024-10-23 00:00:00+05:30,2610.604783679916,2682.369072934046,2610.604783679916,2648.7529296875,1431962,0.0,0.0
2024-10-24 00:00:00+05:30,2636.501659992457,2636.501659992457,2442.872772485215,2495.16455078125,9216267,0.0,0.0
2024-10-25 00:00:00+05:30,2492.3755657161005,2529.925993440975,2490.184339868058,2518.0234375,2761166,0.0,0.0
2024-10-28 00:00:00+05:30,2533.9100599906524,2579.3292998443194,2510.104948755738,2565.583984375,852829,0.0,0.0
2024-10-29 00:00:00+05:30,2575.444792620695,2575.444792620695,2525.9419566937745,2537.545654296875,1695654,0.0,0.0
2024-10-30 00:00:00+05:30,2546.8585684287978,2553.1336303527046,2523.3520721708483,2544.816650390625,1200637,0.0,0.0
2024-10-31 00:00:00+05:30,2544.816712202451,2553.3328505080094,2514.0892129183453,2518.22265625,1901355,0.0,0.0
2024-11-01 00:00:00+05:30,2533.8601604509354,2535.8522280694697,2501.3896041722132,2527.435791015625,118532,0.0,0.0
2024-11-04 00:00:00+05:30,2536.8982803499775,2536.8982803499775,2493.5708067750957,2514.786376953125,1097260,0.0,0.0
2024-11-05 00:00:00+05:30,2510.0053546616055,2520.214701838305,2497.0569143399384,2511.35009765625,702046,0.0,0.0
2024-11-06 00:00:00+05:30,2515.199951171875,2522.10009765625,2495.0,2500.699951171875,1219166,10.0,0.0
2024-11-07 00:00:00+05:30,2500.699951171875,2509.89990234375,2466.10009765625,2475.5,1322446,0.0,0.0
2024-11-08 00:00:00+05:30,2483.949951171875,2515.25,2467.300048828125,2507.699951171875,1700877,0.0,0.0
2024-11-11 00:00:00+05:30,2509.0,2514.89990234375,2475.050048828125,2491.050048828125,1175577,0.0,0.0
2024-11-12 00:00:00+05:30,2495.0,2496.949951171875,2456.0,2461.5,1624222,0.0,0.0
2024-11-13 00:00:00+05:30,2462.10009765625,2472.800048828125,2450.39990234375,2464.949951171875,1262017,0.0,0.0
2024-11-14 00:00:00+05:30,2460.39990234375,2464.699951171875,2383.699951171875,2389.199951171875,2443393,0.0,0.0
2024-11-18 00:00:00+05:30,2401.14990234375,2425.0,2375.75,2422.89990234375,1374215,0.0,0.0
2024-11-19 00:00:00+05:30,2431.89990234375,2440.199951171875,2405.10009765625,2410.35009765625,1133370,0.0,0.0
2024-11-21 00:00:00+05:30,2424.75,2424.75,2376.10009765625,2382.800048828125,1291829,0.0,0.0
2024-11-22 00:00:00+05:30,2390.949951171875,2452.10009765625,2377.85009765625,2445.25,1696471,0.0,0.0
2024-11-25 00:00:00+05:30,2470.0,2505.699951171875,2457.60009765625,2471.449951171875,4368045,0.0,0.0
2024-11-26 00:00:00+05:30,2486.25,2494.949951171875,2460.39990234375,2479.199951171875,982442,0.0,0.0
2024-11-27 00:00:00+05:30,2475.14990234375,2492.949951171875,2458.0,2486.89990234375,948232,0.0,0.0
2024-11-28 00:00:00+05:30,2486.0,2539.14990234375,2453.199951171875,2462.199951171875,2540530,0.0,0.0
2024-11-29 00:00:00+05:30,2455.10009765625,2507.5,2455.10009765625,2496.14990234375,1795164,0.0,0.0
2024-12-02 00:00:00+05:30,2485.0,2490.5,2460.550048828125,2479.14990234375,1006993,0.0,0.0
2024-12-03 00:00:00+05:30,2480.0,2491.449951171875,2466.0,2482.85009765625,1641588,0.0,0.0
2024-12-04 00:00:00+05:30,2481.10009765625,2493.0,2456.550048828125,2464.5,1321495,0.0,0.0
2024-12-05 00:00:00+05:30,2465.60009765625,2515.0,2450.050048828125,2494.60009765625,2071795,0.0,0.0
2024-12-06 00:00:00+05:30,2495.0,2495.800048828125,2475.0,2483.800048828125,1308086,0.0,0.0
2024-12-09 00:00:00+05:30,2465.0,2476.949951171875,2383.300048828125,2400.75,3385021,0.0,0.0
2024-12-10 00:00:00+05:30,2408.699951171875,2413.0,2388.300048828125,2397.35009765625,2063838,0.0,0.0
2024-12-11 00:00:00+05:30,2405.0,2409.35009765625,2385.0,2401.35009765625,1718225,0.0,0.0
2024-12-12 00:00:00+05:30,2385.050048828125,2399.949951171875,2338.0,2344.949951171875,3231056,0.0,0.0
2024-12-13 00:00:00+05:30,2344.949951171875,2394.550048828125,2333.449951171875,2390.10009765625,2260902,0.0,0.0
2024-12-16 00:00:00+05:30,2390.300048828125,2393.0,2363.0,2366.14990234375,1247552,0.0,0.0
2024-12-17 00:00:00+05:30,2353.35009765625,2380.0,2353.35009765625,2363.25,2131569,0.0,0.0
2024-12-18 00:00:00+05:30,2350.050048828125,2383.0,2350.050048828125,2359.199951171875,988403,0.0,0.0
2024-12-19 00:00:00+05:30,2347.0,2386.949951171875,2336.0,2359.85009765625,1655915,0.0,0.0
2024-12-20 00:00:00+05:30,2352.10009765625,2373.5,2324.64990234375,2333.89990234375,2069691,0.0,0.0
2024-12-23 00:00:00+05:30,2337.0,2351.75,2315.25,2338.89990234375,1066199,0.0,0.0
2024-12-24 00:00:00+05:30,2331.10009765625,2356.949951171875,2331.10009765625,2335.550048828125,683646,0.0,0.0
2024-12-26 00:00:00+05:30,2332.25,2341.85009765625,2324.699951171875,2332.75,1033769,0.0,0.0
2024-12-27 00:00:00+05:30,2343.0,2345.64990234375,2328.25,2341.25,556816,0.0,0.0
2024-12-30 00:00:00+05:30,2341.5,2359.14990234375,2325.0,2343.5,924180,0.0,0.0
2024-12-31 00:00:00+05:30,2340.0,2352.64990234375,2323.25,2326.85009765625,1878762,0.0,0.0
2025-01-01 00:00:00+05:30,2325.0,2337.14990234375,2320.25,2322.10009765625,559893,0.0,0.0
2025-01-02 00:00:00+05:30,2330.0,2379.64990234375,2315.5,2370.0,1650744,0.0,0.0
2025-01-03 00:00:00+05:30,2381.85009765625,2414.60009765625,2364.800048828125,2406.25,1274239,0.0,0.0
2025-01-06 00:00:00+05:30,2418.0,2418.949951171875,2361.64990234375,2376.199951171875,900419,0.0,0.0
2025-01-07 00:00:00+05:30,2377.14990234375,2402.25,2375.25,2390.800048828125,922768,0.0,0.0
2025-01-08 00:00:00+05:30,2391.0,2409.0,2368.0,2401.0,953351,0.0,0.0
2025-01-09 00:00:00+05:30,2405.050048828125,2473.64990234375,2386.39990234375,2435.39990234375,2425267,0.0,0.0
2025-01-10 00:00:00+05:30,2435.39990234375,2456.0,2413.800048828125,2442.050048828125,1651911,0.0,0.0
2025-01-13 00:00:00+05:30,2417.050048828125,2460.5,2409.050048828125,2451.0,2595013,0.0,0.0
2025-01-14 00:00:00+05:30,2465.0,2468.0,2364.10009765625,2367.949951171875,2052741,0.0,0.0
2025-01-15 00:00:00+05:30,2373.89990234375,2384.89990234375,2350.10009765625,2373.0,1215150,0.0,0.0
2025-01-16 00:00:00+05:30,2376.949951171875,2380.0,2326.050048828125,2345.0,2762596,0.0,0.0
2025-01-17 00:00:00+05:30,2350.0,2379.300048828125,2343.0,2354.0,1333005,0.0,0.0
2025-01-20 00:00:00+05:30,2356.449951171875,2368.0,2335.64990234375,2345.199951171875,1382273,0.0,0.0
2025-01-21 00:00:00+05:30,2353.5,2377.300048828125,2332.449951171875,2340.5,1842885,0.0,0.0
2025-01-22 00:00:00+05:30,2342.550048828125,2362.0,2332.199951171875,2342.949951171875,2658047,0.0,0.0
2025-01-23 00:00:00+05:30,2315.0,2341.300048828125,2253.85009765625,2321.699951171875,3408925,0.0,0.0
2025-01-24 00:00:00+05:30,2332.85009765625,2380.800048828125,2323.0,2368.10009765625,1688664,0.0,0.0
2025-01-27 00:00:00+05:30,2365.0,2409.699951171875,2361.14990234375,2392.85009765625,2477358,0.0,0.0
2025-01-28 00:00:00+05:30,2401.0,2407.0,2379.449951171875,2388.85009765625,1892156,0.0,0.0
2025-01-29 00:00:00+05:30,2385.14990234375,2396.0,2364.0,2383.949951171875,699576,0.0,0.0
2025-01-30 00:00:00+05:30,2384.0,2425.0,2384.0,2408.75,1419960,0.0,0.0
2025-01-31 00:00:00+05:30,2401.5,2479.0,2401.5,2468.800048828125,2116148,0.0,0.0
2025-02-01 00:00:00+05:30,2475.0,2602.0,2435.14990234375,2506.050048828125,2970999,0.0,0.0
2025-02-03 00:00:00+05:30,2505.0,2520.0,2416.5,2441.949951171875,2528480,0.0,0.0
2025-02-04 00:00:00+05:30,2450.0,2450.0,2402.85009765625,2438.050048828125,1992474,0.0,0.0
2025-02-05 00:00:00+05:30,2453.0,2453.0,2387.0,2391.050048828125,1357416,0.0,0.0
2025-02-06 00:00:00+05:30,2400.0,2408.949951171875,2360.300048828125,2372.699951171875,1132113,0.0,0.0
2025-02-07 00:00:00+05:30,2380.0,2381.949951171875,2336.10009765625,2363.85009765625,855602,0.0,0.0
2025-02-10 00:00:00+05:30,2370.89990234375,2398.0,2352.050048828125,2361.449951171875,1326354,0.0,0.0
2025-02-11 00:00:00+05:30,2371.0,2377.949951171875,2296.550048828125,2315.25,1389260,0.0,0.0
2025-02-12 00:00:00+05:30,2325.699951171875,2339.89990234375,2305.10009765625,2332.5,1341909,0.0,0.0
2025-02-13 00:00:00+05:30,2330.10009765625,2345.60009765625,2313.35009765625,2321.5,1334967,0.0,0.0
2025-02-14 00:00:00+05:30,2322.0,2366.0,2313.39990234375,2318.35009765625,1135380,0.0,0.0
2025-02-17 00:00:00+05:30,2318.35009765625,2336.0,2300.0,2329.39990234375,1409168,0.0,0.0
2025-02-18 00:00:00+05:30,2329.39990234375,2338.550048828125,2288.0,2296.0,1035705,0.0,0.0
2025-02-19 00:00:00+05:30,2298.75,2305.699951171875,2248.0,2250.39990234375,1521343,0.0,0.0
2025-02-20 00:00:00+05:30,2250.39990234375,2254.449951171875,2226.5,2248.050048828125,2206196,0.0,0.0
2025-02-21 00:00:00+05:30,2248.050048828125,2253.550048828125,2226.39990234375,2241.64990234375,1781509,0.0,0.0
2025-02-24 00:00:00+05:30,2230.0,2251.0,2218.800048828125,2241.449951171875,1627949,0.0,0.0
2025-02-25 00:00:00+05:30,2243.0,2269.60009765625,2237.949951171875,2259.300048828125,1988040,0.0,0.0
2025-02-27 00:00:00+05:30,2269.64990234375,2269.64990234375,2233.10009765625,2244.949951171875,1699658,0.0,0.0
2025-02-28 00:00:00+05:30,2245.050048828125,2249.60009765625,2185.85009765625,2190.25,3683249,0.0,0.0
2025-03-03 00:00:00+05:30,2199.0,2199.0,2158.5,2176.85009765625,1306470,0.0,0.0
2025-03-04 00:00:00+05:30,2179.949951171875,2180.0,2136.0,2157.35009765625,1800330,0.0,0.0
2025-03-05 00:00:00+05:30,2152.0,2191.89990234375,2150.0,2170.449951171875,1145673,0.0,0.0
2025-03-06 00:00:00+05:30,2175.0,2229.800048828125,2163.75,2218.949951171875,1856868,0.0,0.0
2025-03-07 00:00:00+05:30,2226.699951171875,2226.699951171875,2189.199951171875,2204.550048828125,1738356,0.0,0.0
2025-03-10 00:00:00+05:30,2208.0,2267.14990234375,2194.64990234375,2247.75,1242387,0.0,0.0
2025-03-11 00:00:00+05:30,2240.0,2262.449951171875,2211.25,2216.949951171875,1325891,0.0,0.0
2025-03-12 00:00:00+05:30,2217.35009765625,2229.949951171875,2185.0,2192.89990234375,1526212,0.0,0.0
2025-03-13 00:00:00+05:30,2185.0,2209.949951171875,2164.449951171875,2174.800048828125,1845629,0.0,0.0
2025-03-17 00:00:00+05:30,2161.0,2195.449951171875,2156.5,2171.25,1111886,0.0,0.0
2025-03-18 00:00:00+05:30,2171.25,2171.25,2171.25,2171.25,0,0.0,0.0
2025-03-19 00:00:00+05:30,2207.0,2212.85009765625,2193.449951171875,2200.050048828125,1341405,0.0,0.0
2025-03-20 00:00:00+05:30,2203.89990234375,2248.89990234375,2188.449951171875,2242.39990234375,1426689,0.0,0.0
2025-03-21 00:00:00+05:30,2245.0,2255.199951171875,2225.800048828125,2246.199951171875,2152415,0.0,0.0
2025-03-24 00:00:00+05:30,2250.25,2266.0,2241.0,2256.199951171875,1454404,0.0,0.0
2025-03-25 00:00:00+05:30,2250.75,2292.0,2243.35009765625,2271.300048828125,2229340,0.0,0.0
2025-03-26 00:00:00+05:30,2272.0,2279.89990234375,2237.800048828125,2245.949951171875,1416907,0.0,0.0
2025-03-27 00:00:00+05:30,2244.199951171875,2260.89990234375,2200.0,2244.64990234375,3752627,0.0,0.0
2025-03-28 00:00:00+05:30,2247.0,2296.0,2240.300048828125,2258.85009765625,2280152,0.0,0.0
2025-04-01 00:00:00+05:30,2259.0,2284.64990234375,2220.0,2233.85009765625,2495962,0.0,0.0
2025-04-02 00:00:00+05:30,2243.699951171875,2243.699951171875,2190.050048828125,2237.89990234375,1351493,0.0,0.0
2025-04-03 00:00:00+05:30,2225.449951171875,2252.89990234375,2220.60009765625,2244.550048828125,1310088,0.0,0.0
2025-04-04 00:00:00+05:30,2230.0,2267.050048828125,2222.0,2244.550048828125,1120226,0.0,0.0
2025-04-07 00:00:00+05:30,2150.0,2261.60009765625,2150.0,2249.39990234375,3435185,0.0,0.0
2025-04-08 00:00:00+05:30,2268.300048828125,2306.199951171875,2252.35009765625,2289.25,2774874,0.0,0.0
2025-04-09 00:00:00+05:30,2293.949951171875,2354.14990234375,2289.5,2350.0,2989089,0.0,0.0
2025-04-11 00:00:00+05:30,2394.60009765625,2394.85009765625,2344.35009765625,2366.14990234375,3836083,0.0,0.0
2025-04-15 00:00:00+05:30,2400.0,2400.0,2345.199951171875,2361.5,3042779,0.0,0.0
2025-04-16 00:00:00+05:30,2351.0,2376.0,2351.0,2366.60009765625,1131979,0.0,0.0
2025-04-17 00:00:00+05:30,2357.10009765625,2379.89990234375,2343.10009765625,2375.0,1962402,0.0,0.0
2025-04-21 00:00:00+05:30,2368.10009765625,2372.39990234375,2348.800048828125,2351.0,1478430,0.0,0.0
2025-04-22 00:00:00+05:30,2370.0,2406.0,2355.10009765625,2398.699951171875,2352346,0.0,0.0
2025-04-23 00:00:00+05:30,2410.0,2438.0,2393.39990234375,2423.800048828125,2226066,0.0,0.0
2025-04-24 00:00:00+05:30,2423.800048828125,2487.39990234375,2317.10009765625,2325.300048828125,7065430,0.0,0.0
2025-04-25 00:00:00+05:30,2331.89990234375,2341.89990234375,2294.39990234375,2332.199951171875,2859858,0.0,0.0
2025-04-28 00:00:00+05:30,2345.0,2349.0,2315.0,2318.60009765625,1555660,0.0,0.0
2025-04-29 00:00:00+05:30,2328.0,2332.5,2312.60009765625,2321.699951171875,1896387,0.0,0.0
2025-04-30 00:00:00+05:30,2320.0,2352.5,2316.0,2342.10009765625,2083807,0.0,0.0
2025-05-02 00:00:00+05:30,2334.10009765625,2345.0,2310.0,2318.60009765625,1424284,0.0,0.0
2025-05-05 00:00:00+05:30,2324.10009765625,2354.89990234375,2319.10009765625,2348.60009765625,2074103,0.0,0.0
2025-05-06 00:00:00+05:30,2340.199951171875,2390.10009765625,2340.199951171875,2381.800048828125,1888125,0.0,0.0
2025-05-07 00:00:00+05:30,2369.0,2386.89990234375,2355.300048828125,2370.800048828125,1610400,0.0,0.0
2025-05-08 00:00:00+05:30,2361.699951171875,2371.89990234375,2341.0,2354.89990234375,2323073,0.0,0.0
2025-05-09 00:00:00+05:30,2330.0,2342.699951171875,2302.300048828125,2332.89990234375,1805685,0.0,0.0
2025-05-12 00:00:00+05:30,2360.0,2387.0,2346.10009765625,2382.5,1274873,0.0,0.0
2025-05-13 00:00:00+05:30,2375.60009765625,2398.0,2352.800048828125,2360.0,1929665,0.0,0.0
2025-05-14 00:00:00+05:30,2370.0,2370.0,2338.5,2350.5,1568111,0.0,0.0
2025-05-15 00:00:00+05:30,2351.60009765625,2369.89990234375,2340.0,2355.199951171875,3236681,0.0,0.0
2025-05-16 00:00:00+05:30,2360.0,2387.0,2349.0,2381.39990234375,1473000,0.0,0.0
2025-05-19 00:00:00+05:30,2375.0,2405.0,2375.0,2382.699951171875,936655,0.0,0.0
2025-05-20 00:00:00+05:30,2394.60009765625,2394.60009765625,2338.5,2341.10009765625,1617408,0.0,0.0
2025-05-21 00:00:00+05:30,2346.0,2375.699951171875,2345.0,2363.89990234375,1570754,0.0,0.0
2025-05-22 00:00:00+05:30,2355.0,2363.10009765625,2313.10009765625,2330.699951171875,2423653,0.0,0.0
2025-05-23 00:00:00+05:30,2336.89990234375,2364.5,2329.60009765625,2359.199951171875,844118,0.0,0.0
2025-05-26 00:00:00+05:30,2368.0,2397.300048828125,2364.10009765625,2394.10009765625,892618,0.0,0.0
2025-05-27 00:00:00+05:30,2394.10009765625,2409.5,2360.300048828125,2380.199951171875,1865258,0.0,0.0
2025-05-28 00:00:00+05:30,2388.0,2388.0,2352.0,2362.0,897517,0.0,0.0
2025-05-29 00:00:00+05:30,2369.0,2376.0,2355.5,2366.699951171875,1111275,0.0,0.0
