timestamp,Close,High,Low,Open,Volume,Dividends,Stock Splits
2020-06-01 00:00:00+05:30,627.4508666992188,633.8191380297014,620.2305509165657,626.7333296499642,12276438,0.0,0.0
2020-06-02 00:00:00+05:30,635.1197509765625,638.3039145204289,625.6570961948962,628.3030658078129,7059304,0.0,0.0
2020-06-03 00:00:00+05:30,629.2448120117188,638.5281231959198,624.2668331275048,637.451790120923,11378568,0.0,0.0
2020-06-04 00:00:00+05:30,634.8058471679688,636.3306478592868,625.6122619564228,629.648470098077,10782424,0.0,0.0
2020-06-05 00:00:00+05:30,631.0387573242188,638.3488011983513,628.3927875004455,634.1331947539,7718679,0.0,0.0
2020-06-08 00:00:00+05:30,646.5557250976562,650.9955653420259,631.4423886867226,634.7162241054448,10719105,0.0,0.0
2020-06-09 00:00:00+05:30,643.6407470703125,654.4039706316527,641.3535730124448,645.7934136804149,10078029,0.0,0.0
2020-06-10 00:00:00+05:30,642.071044921875,645.3000445082348,636.1064586523963,641.3086718950767,7263049,0.0,0.0
2020-06-11 00:00:00+05:30,631.3974609375,639.8735083980874,628.0787901903643,638.6177773874178,8825715,0.0,0.0
2020-06-12 00:00:00+05:30,620.7239379882812,623.5044697031794,605.8796727217341,606.1487423084468,9795316,0.0,0.0
2020-06-15 00:00:00+05:30,616.687744140625,631.80113408614,614.6248042689367,621.5760515992312,7857344,0.0,0.0
2020-06-16 00:00:00+05:30,628.930908203125,638.6177964132881,627.0922021820297,629.6484453400677,10131760,0.0,0.0
2020-06-17 00:00:00+05:30,631.12841796875,637.0930036594477,626.0607126518896,627.7649112747033,7291916,0.0,0.0
2020-06-18 00:00:00+05:30,640.3218994140625,642.7435800466121,633.2360912263099,635.2093591167215,6670195,0.0,0.0
2020-06-19 00:00:00+05:30,632.83251953125,638.5280899990672,628.7514759642763,635.9269564317716,22438862,0.0,0.0
2020-06-22 00:00:00+05:30,631.1732788085938,635.6579545785218,627.8546077899315,634.2228254853984,7804096,0.0,0.0
2020-06-23 00:00:00+05:30,646.3762817382812,649.8294598687404,620.7687416289554,623.9977407359161,12157390,0.0,0.0
2020-06-24 00:00:00+05:30,640.5462646484375,651.8924615444554,636.2858226501662,643.0128363316471,10220838,0.0,0.0
2020-06-25 00:00:00+05:30,628.3031005859375,632.8774481570397,622.0245542560281,632.2047467645494,14945284,0.0,0.0
2020-06-26 00:00:00+05:30,671.0868530273438,674.1363995217737,636.8239212452346,637.0033192142185,26030458,0.0,0.0
2020-06-29 00:00:00+05:30,656.332275390625,667.9475961670885,654.8523105417945,659.6061104830923,8954428,0.0,0.0
2020-06-30 00:00:00+05:30,660.0994873046875,662.7902929695659,649.6053342627451,657.2741194587326,10411290,0.0,0.0
2020-07-01 00:00:00+05:30,656.4669189453125,665.7950125219733,654.5384862964862,661.2655005441377,5477468,0.0,0.0
2020-07-02 00:00:00+05:30,678.6212158203125,686.5591259520302,659.6062315435188,661.3552115564024,17263756,0.0,0.0
2020-07-03 00:00:00+05:30,684.0924072265625,685.2584118999906,674.9436583177264,677.1859960530013,7796572,0.0,0.0
2020-07-06 00:00:00+05:30,685.2584838867188,695.1247709583862,683.0161459158852,686.3348170616347,8810958,0.0,0.0
2020-07-07 00:00:00+05:30,712.3010864257812,714.8124939503003,686.6487077432358,690.1019409909557,19362533,0.0,0.0
2020-07-08 00:00:00+05:30,694.8556518554688,704.0044010737099,692.6133140443595,704.0044010737099,8476642,0.0,0.0
2020-07-09 00:00:00+05:30,701.1342163085938,708.5787670898629,695.1247398666377,699.6094156077128,6854166,0.0,0.0
2020-07-10 00:00:00+05:30,701.2687377929688,708.4891096765136,693.7793510530585,693.7793510530585,5206452,0.0,0.0
2020-07-13 00:00:00+05:30,714.902099609375,722.3466498769885,705.0358136597594,706.784848027015,10804688,0.0,0.0
2020-07-14 00:00:00+05:30,702.5245361328125,723.2886091145585,700.82033725617,711.2248190261764,8961822,0.0,0.0
2020-07-15 00:00:00+05:30,745.3082275390625,761.0045916889242,712.8840019830901,716.6511403279717,30060599,0.0,0.0
2020-07-16 00:00:00+05:30,817.10791015625,857.02152376981,802.0842466050785,807.3312952609408,90432109,0.0,0.0
2020-07-17 00:00:00+05:30,810.06689453125,825.0905562891083,800.200609197731,817.1078126214334,31682878,0.0,0.0
2020-07-20 00:00:00+05:30,838.0064086914062,847.6036247030962,813.2958589413042,814.8654952833471,18421053,0.0,0.0
2020-07-21 00:00:00+05:30,840.2039794921875,851.819300325729,833.4321302380965,847.6036942835518,12877784,0.0,0.0
2020-07-22 00:00:00+05:30,823.2967529296875,842.2220617048856,816.2109437182598,842.1772258986512,14354201,0.0,0.0
2020-07-23 00:00:00+05:30,814.3721923828125,821.4131106515748,807.8245774443238,821.2786032403571,13051307,0.0,0.0
2020-07-24 00:00:00+05:30,827.7366333007812,830.3377672970867,810.1567251537601,810.1567251537601,18209580,0.0,0.0
2020-07-27 00:00:00+05:30,850.6981201171875,854.5997659666104,823.9694646596345,826.5705436443915,16827870,0.0,0.0
2020-07-28 00:00:00+05:30,863.6139526367188,867.8295586215296,844.1953402649218,848.5006178633048,15818463,0.0,0.0
2020-07-29 00:00:00+05:30,855.8107299804688,861.0577789229488,846.3480199685167,855.0034664148968,11152710,0.0,0.0
2020-07-30 00:00:00+05:30,862.3582153320312,872.4038988474762,859.9364797465428,862.8515186609378,12492320,0.0,0.0
2020-07-31 00:00:00+05:30,866.439453125,884.7817899708175,855.0483644797195,869.354492692967,12704346,0.0,0.0
2020-08-03 00:00:00+05:30,858.2772827148438,865.901231630033,849.8012344425706,861.0577598331404,8479792,0.0,0.0
2020-08-04 00:00:00+05:30,851.9539184570312,870.65505111575,843.6124316480909,861.461464877252,11133170,0.0,0.0
2020-08-05 00:00:00+05:30,847.3346557617188,861.9098520972835,841.594248845573,853.8822714743185,9614176,0.0,0.0
2020-08-06 00:00:00+05:30,870.7894287109375,873.9735921436792,845.3613402675627,855.2276264669719,10976491,0.0,0.0
2020-08-07 00:00:00+05:30,852.895751953125,869.5338899079055,851.1915530786326,869.5338899079055,8010948,0.0,0.0
2020-08-10 00:00:00+05:30,853.2991943359375,858.1875016305444,847.8727478735797,851.101747113809,5716319,0.0,0.0
2020-08-11 00:00:00+05:30,850.6981201171875,862.8515799671866,848.5902897518117,851.9986869818534,6802442,0.0,0.0
2020-08-12 00:00:00+05:30,856.5283203125,859.9814990964302,845.0923959767906,850.2946094315694,6908726,0.0,0.0
2020-08-13 00:00:00+05:30,853.1646728515625,868.6816390377569,850.5187033738287,856.393617293987,5097703,0.0,0.0
2020-08-14 00:00:00+05:30,855.3173828125,863.748595570522,853.9271442046826,857.3354870077583,4663873,0.0,0.0
2020-08-17 00:00:00+05:30,858.8154907226562,872.2246834849446,855.7658890144243,855.7658890144243,9008210,0.0,0.0
2020-08-18 00:00:00+05:30,867.8296508789062,869.3096158722022,859.8917961737968,864.5558702114471,6141761,0.0,0.0
2020-08-19 00:00:00+05:30,860.4298095703125,871.4172642782876,858.7705015734678,870.8342893241999,6622744,0.0,0.0
2020-08-20 00:00:00+05:30,856.7076416015625,865.9908986273911,853.2544083822468,860.0711484579609,5656501,0.0,0.0
2020-08-21 00:00:00+05:30,851.011962890625,864.1520832462413,848.9938590319204,863.7932873290877,6513773,0.0,0.0
2020-08-24 00:00:00+05:30,849.75634765625,853.8822272767743,842.4014687833125,849.3975517133458,5798574,0.0,0.0
2020-08-25 00:00:00+05:30,841.4147338867188,850.8774422954511,837.378526231852,849.8459451080461,6233918,0.0,0.0
2020-08-26 00:00:00+05:30,852.805908203125,855.9003453416431,841.6839454698479,844.240188685168,5153601,0.0,0.0
2020-08-27 00:00:00+05:30,849.4424438476562,861.9098646385474,847.7831356769868,861.0577652760774,6154280,0.0,0.0
2020-08-28 00:00:00+05:30,838.8585205078125,854.3306503968901,836.8852524136245,853.3888795264693,7593610,0.0,0.0
2020-08-31 00:00:00+05:30,832.8939208984375,852.5368216970193,820.3368293637102,838.8585612752628,12808355,0.0,0.0
2020-09-01 00:00:00+05:30,819.9332885742188,838.634364538011,818.0945277226183,830.7861819821741,6907773,0.0,0.0
2020-09-02 00:00:00+05:30,828.7681274414062,830.9207938260992,819.3503078113903,820.6957106156783,5678118,0.0,0.0
2020-09-03 00:00:00+05:30,839.127685546875,851.5502704715084,828.7680953044846,831.0104332246807,8827948,0.0,0.0
2020-09-04 00:00:00+05:30,824.4178466796875,833.7011022517964,820.2022411308991,820.6955444436727,8650342,0.0,0.0
2020-09-07 00:00:00+05:30,829.7099609375,831.9522991135078,818.9467376926624,824.1938418712714,6700385,0.0,0.0
2020-09-08 00:00:00+05:30,842.4911499023438,853.8822369108894,830.1582919637674,834.104828401942,12891964,0.0,0.0
2020-09-09 00:00:00+05:30,832.1316528320312,848.5007206457575,830.5620161923589,838.6344331963883,5528947,0.0,0.0
2020-09-10 00:00:00+05:30,843.1638793945312,844.9129138913108,829.4856183150806,838.9034374189647,5171884,0.0,0.0
2020-09-11 00:00:00+05:30,848.2315673828125,855.810680215905,835.0466099608316,838.5446788821284,6671903,0.0,0.0
2020-09-14 00:00:00+05:30,877.5614013671875,888.9075985391313,850.5636196222109,858.3669666314122,21871587,0.0,0.0
2020-09-15 00:00:00+05:30,881.1939697265625,891.5535600030342,871.5070808283627,878.5480000231107,11608203,0.0,0.0
2020-09-16 00:00:00+05:30,898.5046997070312,902.00276835191,880.7902322059443,884.377972459329,10059251,0.0,0.0
2020-09-17 00:00:00+05:30,906.8013305664062,915.7706810171126,892.4503698452762,892.4503698452762,15628241,0.0,0.0
2020-09-18 00:00:00+05:30,898.863525390625,913.7974618430427,896.1278295611858,906.801379066224,12897633,0.0,0.0
2020-09-21 00:00:00+05:30,905.8148803710938,924.740191193121,897.3836675933245,897.8321351933212,14140637,0.0,0.0
2020-09-22 00:00:00+05:30,903.6622314453125,917.1162597050442,889.0421983519869,905.0076342712857,12625762,0.0,0.0
2020-09-23 00:00:00+05:30,914.649658203125,930.1217902001869,904.20034136235,915.0084541762509,13486204,0.0,0.0
2020-09-24 00:00:00+05:30,874.87060546875,905.0076059289077,870.0271335490985,899.6259947935524,14427432,0.0,0.0
2020-09-25 00:00:00+05:30,907.205078125,910.299515374531,874.5117806087127,875.229317787476,13311078,0.0,0.0
2020-09-28 00:00:00+05:30,906.2633056640625,911.4206828232627,895.5897553845825,910.2097875130518,8554526,0.0,0.0
2020-09-29 00:00:00+05:30,905.0076293945312,922.0493984316929,900.6126249555361,913.0800463068709,8708463,0.0,0.0
2020-09-30 00:00:00+05:30,904.3348388671875,918.4167312643692,901.4197997138839,905.0075402102575,8048817,0.0,0.0
2020-10-01 00:00:00+05:30,912.7659912109375,920.7038446419754,907.4740524271978,915.4119058582355,5563358,0.0,0.0
2020-10-05 00:00:00+05:30,940.6159057617188,946.1769697266519,913.1248745730576,913.1248745730576,14212509,0.0,0.0
2020-10-06 00:00:00+05:30,946.9392700195312,950.7512443482861,925.0540307989667,946.266568667398,9090819,0.0,0.0
2020-10-07 00:00:00+05:30,956.6264038085938,961.5146574786504,928.7765184880061,937.2077323450753,9284008,0.0,0.0
2020-10-08 00:00:00+05:30,980.9779663085938,1008.1551461618222,976.2242755299733,977.6593499256105,21482613,0.0,0.0
2020-10-09 00:00:00+05:30,992.7279052734375,998.557983968419,976.2690570585862,982.2336979289759,10567867,0.0,0.0
2020-10-12 00:00:00+05:30,1015.42041015625,1022.5062207770125,997.4817045285831,1007.2583209934955,14633537,0.0,0.0
2020-10-13 00:00:00+05:30,1038.4715576171875,1045.8712725843905,1018.514750584428,1018.514750584428,17523825,0.0,0.0
2020-10-14 00:00:00+05:30,1019.815185546875,1044.8396961665667,1014.5232466791896,1042.2385625377913,16649573,0.0,0.0
2020-10-15 00:00:00+05:30,994.0283813476562,1063.765089355579,979.9016527158262,1058.383478448215,44288251,0.0,0.0
2020-10-16 00:00:00+05:30,1011.2944946289062,1018.8735536976427,983.8482978698486,999.0513065654991,18365685,0.0,0.0
2020-10-19 00:00:00+05:30,1009.8593139648438,1021.6091426097589,1000.3518232097656,1018.0214019860197,12902123,0.0,0.0
2020-10-20 00:00:00+05:30,1020.263671875,1026.7215607716487,995.5979567307692,1003.5807009843679,10448776,0.0,0.0
2020-10-21 00:00:00+05:30,1029.9954833984375,1035.377094433207,1018.0214207439066,1023.5375939523767,19811433,0.0,0.0
2020-10-22 00:00:00+05:30,1012.684814453125,1038.6510468281613,1007.9759042667279,1024.3000824505702,11271335,0.0,0.0
2020-10-23 00:00:00+05:30,1017.6253051757812,1028.9574355229504,1015.4948868035806,1027.1442946674033,9069862,12.0,0.0
2020-10-26 00:00:00+05:30,1008.5142211914062,1024.0619260541212,1000.0831826701566,1017.3986555887675,6309368,0.0,0.0
2020-10-27 00:00:00+05:30,988.9326782226562,1006.0215146876523,976.5127032424629,1002.3952316960191,10172479,0.0,0.0
2020-10-28 00:00:00+05:30,975.9686889648438,1001.533937328398,970.075979670764,993.1481587175922,7608392,0.0,0.0
2020-10-29 00:00:00+05:30,974.42724609375,980.9092470776546,961.0553316811848,970.0304014538729,6935616,0.0,0.0
2020-10-30 00:00:00+05:30,961.5087280273438,982.3598512158121,954.0295207966975,971.8436546973074,8800386,0.0,0.0
2020-11-02 00:00:00+05:30,972.1155395507812,979.0507149734929,952.8961795769867,965.4975309877346,7183119,0.0,0.0
2020-11-03 00:00:00+05:30,963.2765502929688,978.5522414219125,958.6983249008262,971.8435974408375,7204782,0.0,0.0
2020-11-04 00:00:00+05:30,991.7427978515625,1011.7327225223783,967.1294962257033,968.2173366074372,15702690,0.0,0.0
2020-11-05 00:00:00+05:30,1000.8539428710938,1018.0787842792013,996.3210898689601,1006.2027315466827,9568890,0.0,0.0
2020-11-06 00:00:00+05:30,1008.786376953125,1016.3562188933496,989.7030226579009,1004.4801668515502,8807127,0.0,0.0
2020-11-09 00:00:00+05:30,1030.36279296875,1038.9298403177963,1016.4015844998214,1023.7901565444009,10160320,0.0,0.0
2020-11-10 00:00:00+05:30,989.1138305664062,1009.7835724506359,977.2830407696141,1009.7835724506359,15622869,0.0,0.0
2020-11-11 00:00:00+05:30,1017.6253051757812,1021.1155791896422,985.4420549898211,993.6011888397828,12514800,0.0,0.0
2020-11-12 00:00:00+05:30,1013.3193969726562,1035.303736383604,1009.6931141832216,1022.7023815572448,9180976,0.0,0.0
2020-11-13 00:00:00+05:30,1019.1666259765625,1027.1444915361901,1012.6393619116719,1015.3590737162691,6363212,0.0,0.0
2020-11-14 00:00:00+05:30,1027.552490234375,1033.1732948345768,1025.4220712751405,1030.7708604059223,1136144,0.0,0.0
2020-11-17 00:00:00+05:30,1018.7133178710938,1038.0233155176068,1008.6957793476255,1037.7966728722972,12813968,0.0,0.0
2020-11-18 00:00:00+05:30,1006.7919311523438,1026.872379556296,998.542050921661,1023.0648276539396,9839468,0.0,0.0
2020-11-19 00:00:00+05:30,994.28125,1010.5541470946987,991.6069111455565,997.2276042853887,10092343,0.0,0.0
2020-11-20 00:00:00+05:30,1000.2645874023438,1005.3867331080562,989.1590982404198,1002.6670214765646,8063554,0.0,0.0
2020-11-23 00:00:00+05:30,1033.3543701171875,1037.841960525377,998.9953257739288,1001.7604100860055,10546363,0.0,0.0
2020-11-24 00:00:00+05:30,1033.53564453125,1046.998193043275,1027.4615563595166,1038.0231238134804,8515426,0.0,0.0
2020-11-25 00:00:00+05:30,1011.4156494140625,1036.663621920683,1007.4267160991334,1030.7709122202157,8958701,0.0,0.0
2020-11-26 00:00:00+05:30,1009.1942138671875,1015.3135646059585,995.6864022501736,1015.3135646059585,10962256,0.0,0.0
2020-11-27 00:00:00+05:30,997.2276000976562,1016.265581554066,989.0684651877663,1013.545869917436,25306145,0.0,0.0
2020-12-01 00:00:00+05:30,1031.541259765625,1033.717051179845,1001.80581265578,1001.80581265578,8933802,0.0,0.0
2020-12-02 00:00:00+05:30,1034.306396484375,1040.2443673820344,1016.26561981577,1028.0510373515463,6741637,0.0,0.0
2020-12-03 00:00:00+05:30,1021.2064819335938,1039.8365533766269,1017.8068419378114,1039.8365533766269,16212632,0.0,0.0
2020-12-04 00:00:00+05:30,1028.64013671875,1030.770555046862,1010.8260060485939,1019.8917101387158,10564055,0.0,0.0
2020-12-07 00:00:00+05:30,1036.66357421875,1045.2759956923644,1029.8642941080018,1040.1085870743423,7792141,0.0,0.0
2020-12-08 00:00:00+05:30,1045.5931396484375,1057.9678500013179,1038.0232975591337,1038.0232975591337,12308330,0.0,0.0
2020-12-09 00:00:00+05:30,1065.401611328125,1069.2999087588776,1048.9020724324048,1058.9197207610994,10039346,0.0,0.0
2020-12-10 00:00:00+05:30,1058.6474609375,1062.1831072175612,1042.5558382171912,1049.264480526609,9488782,0.0,0.0
2020-12-11 00:00:00+05:30,1054.522705078125,1062.4551965299495,1047.3155142537455,1051.349708497395,10574009,0.0,0.0
2020-12-14 00:00:00+05:30,1055.7469482421875,1063.0447759454157,1040.9244288310056,1060.1437939845025,6728187,0.0,0.0
2020-12-15 00:00:00+05:30,1046.726318359375,1054.9760881009643,1044.369257099685,1047.9955392423922,6905926,0.0,0.0
2020-12-16 00:00:00+05:30,1056.789306640625,1059.6903989666655,1045.8198244878836,1051.621898474608,7788404,0.0,0.0
2020-12-17 00:00:00+05:30,1050.8966064453125,1059.6904077581755,1048.176894616349,1056.970695929212,6658153,0.0,0.0
2020-12-18 00:00:00+05:30,1078.6376953125,1083.3518179529328,1065.764326976108,1072.336963528542,15995676,0.0,0.0
2020-12-21 00:00:00+05:30,1067.3055419921875,1096.723711776171,1044.4146358360822,1077.0058025129913,10858352,0.0,0.0
2020-12-22 00:00:00+05:30,1106.46923828125,1109.5062271668157,1066.2174880206219,1071.5662758282979,10901851,0.0,0.0
2020-12-23 00:00:00+05:30,1135.9781494140625,1141.236191637706,1115.5803142392265,1122.3342198420924,15878346,0.0,0.0
2020-12-24 00:00:00+05:30,1120.5665283203125,1133.1225078086586,1111.455450386649,1133.1225078086586,7313885,0.0,0.0
2020-12-28 00:00:00+05:30,1124.41943359375,1131.3999821662987,1120.5211361839304,1122.742189639193,4607051,0.0,0.0
2020-12-29 00:00:00+05:30,1133.485107421875,1137.2472863550875,1119.6145349094913,1119.6145349094913,6878105,0.0,0.0
2020-12-30 00:00:00+05:30,1130.312255859375,1136.2049646942771,1122.470398122934,1135.9329492511395,5194690,0.0,0.0
2020-12-31 00:00:00+05:30,1138.471435546875,1140.8284970396433,1123.2410047753033,1126.8672872765958,7430470,0.0,0.0
2021-01-01 00:00:00+05:30,1142.686767578125,1147.2649929699041,1138.4713031927333,1140.3750791515145,4253550,0.0,0.0
2021-01-04 00:00:00+05:30,1167.8896484375,1169.4761470866486,1143.3216057751865,1150.438163296866,7208454,0.0,0.0
2021-01-05 00:00:00+05:30,1172.9210205078125,1177.6351430962534,1155.9228227148528,1162.2234437639697,8145280,0.0,0.0
2021-01-06 00:00:00+05:30,1162.314208984375,1180.3549870641266,1149.5769577428468,1178.5418457629528,7161715,0.0,0.0
2021-01-07 00:00:00+05:30,1144.22802734375,1176.4112814617067,1138.1993111294291,1174.915417940056,10954918,0.0,0.0
2021-01-08 00:00:00+05:30,1189.5113525390625,1193.7723010821417,1158.8239575296525,1158.8239575296525,13186251,0.0,0.0
2021-01-11 00:00:00+05:30,1247.6224365234375,1254.1044385559755,1214.8046245153598,1216.7084006744392,20528626,0.0,0.0
2021-01-12 00:00:00+05:30,1243.5882568359375,1249.2543232512644,1232.936051975123,1249.2543232512644,8309868,0.0,0.0
2021-01-13 00:00:00+05:30,1257.54931640625,1262.671461966954,1232.935904704989,1245.491884248511,14442997,0.0,0.0
2021-01-14 00:00:00+05:30,1242.4549560546875,1254.6936586498998,1195.2679140047842,1232.9359651473003,27521697,0.0,0.0
2021-01-15 00:00:00+05:30,1219.2921142578125,1236.9702413935552,1214.8046339433447,1232.9360463902601,15018441,0.0,0.0
2021-01-18 00:00:00+05:30,1189.4659423828125,1214.8045451593616,1183.981146252333,1212.9914040471836,8861765,0.0,0.0
2021-01-19 00:00:00+05:30,1193.6361083984375,1206.6453733484257,1189.4205333081402,1196.6730975356288,5585744,0.0,0.0
2021-01-20 00:00:00+05:30,1214.305908203125,1222.4197812204263,1197.171812927375,1197.171812927375,8225838,0.0,0.0
2021-01-21 00:00:00+05:30,1214.532470703125,1233.8878396672847,1210.2716335627129,1223.8701912431927,6142421,0.0,0.0
2021-01-22 00:00:00+05:30,1215.5751953125,1229.3097623568597,1202.6113018284536,1203.0192143418533,9646591,0.0,0.0
2021-01-25 00:00:00+05:30,1201.296630859375,1221.9664839612471,1190.3271491805,1219.3374071955618,6542611,0.0,0.0
2021-01-27 00:00:00+05:30,1179.4483642578125,1203.5178582326757,1165.0338694178238,1196.3105554800024,8133665,0.0,0.0
2021-01-28 00:00:00+05:30,1156.96533203125,1175.3233863095936,1153.6564379405233,1171.1079216372204,4660690,0.0,0.0
2021-01-29 00:00:00+05:30,1123.2862548828125,1170.5185571701688,1115.9883178799282,1166.0763394582111,12183519,0.0,0.0
2021-02-01 00:00:00+05:30,1143.094970703125,1158.5519341025579,1125.05419238277,1133.7119864774857,8880279,0.0,0.0
2021-02-02 00:00:00+05:30,1152.4779052734375,1173.4650373432487,1145.5426178696937,1160.4103982300885,6892490,0.0,0.0
2021-02-03 00:00:00+05:30,1164.6258544921875,1182.1679721295993,1154.064285675598,1158.279860776768,8182968,0.0,0.0
2021-02-04 00:00:00+05:30,1159.8209228515625,1172.5582823770374,1153.2030247387984,1164.943068202799,5032240,0.0,0.0
2021-02-05 00:00:00+05:30,1153.248291015625,1168.3427117132132,1144.0919512567025,1166.2122932080463,5477481,0.0,0.0
2021-02-08 00:00:00+05:30,1181.7598876953125,1187.607222501803,1156.3305437412594,1165.3962477298228,6921922,0.0,0.0
2021-02-09 00:00:00+05:30,1183.5731201171875,1207.5518647570757,1176.5924611063995,1184.796968117319,7965949,0.0,0.0
2021-02-10 00:00:00+05:30,1175.3687744140625,1182.485331439611,1163.6739916254253,1174.7342192647864,5951207,0.0,0.0
2021-02-11 00:00:00+05:30,1171.878662109375,1174.9156518851087,1163.1756053395966,1168.5696568517787,4673317,0.0,0.0
2021-02-12 00:00:00+05:30,1187.4261474609375,1200.072762333267,1179.946940443563,1183.074564566507,5797875,0.0,0.0
2021-02-15 00:00:00+05:30,1187.2901611328125,1204.2883592057674,1184.9783619287498,1196.6731443360131,4363513,0.0,0.0
2021-02-16 00:00:00+05:30,1169.8387451171875,1196.4465705659384,1165.8498122733827,1191.233789523503,6896421,0.0,0.0
2021-02-17 00:00:00+05:30,1161.5889892578125,1173.5556772744205,1155.8775500385368,1169.8387598348195,4575741,0.0,0.0
2021-02-18 00:00:00+05:30,1171.6971435546875,1183.9812196170103,1155.877530636821,1156.784101249085,6437551,0.0,0.0
2021-02-19 00:00:00+05:30,1170.6546630859375,1178.0884977590981,1157.5093893518035,1175.0061355780228,5389696,0.0,0.0
2021-02-22 00:00:00+05:30,1146.9930419921875,1186.2929647714652,1142.278919289831,1174.008889270104,7371303,0.0,0.0
2021-02-23 00:00:00+05:30,1148.0355224609375,1170.3825072617065,1140.0577685162993,1152.3871050964444,6612942,0.0,0.0
2021-02-24 00:00:00+05:30,1155.2430419921875,1157.3280881212354,1135.0264719085021,1142.3244100235804,4537258,0.0,0.0
2021-02-25 00:00:00+05:30,1155.4696044921875,1178.3151393855098,1153.1578051920512,1168.0708473216705,8788221,0.0,0.0
2021-02-26 00:00:00+05:30,1136.2049560546875,1155.2429382996086,1128.4537333031137,1150.438069943082,15132388,0.0,0.0
2021-03-01 00:00:00+05:30,1148.624755859375,1164.4897386751122,1141.3721922864665,1145.27048947304,5756286,0.0,0.0
2021-03-02 00:00:00+05:30,1182.6214599609375,1187.6075987342492,1159.6851773375568,1162.4502621961765,10461434,0.0,0.0
2021-03-03 00:00:00+05:30,1218.02294921875,1221.150573459241,1185.794320775566,1195.9478670237104,9056399,0.0,0.0
2021-03-04 00:00:00+05:30,1206.05615234375,1236.4262668587073,1202.0219575176063,1210.2717276856135,12041941,0.0,0.0
2021-03-05 00:00:00+05:30,1193.6815185546875,1214.8046587528784,1183.1200591209536,1204.3790963829842,6486176,0.0,0.0
2021-03-08 00:00:00+05:30,1210.9515380859375,1220.33452057139,1194.1346111460257,1201.024635436828,5119392,0.0,0.0
2021-03-09 00:00:00+05:30,1219.8360595703125,1224.2781667758268,1195.5399243301079,1205.2855578364956,6518173,0.0,0.0
2021-03-10 00:00:00+05:30,1240.3245849609375,1245.6280008226352,1228.4031594721039,1230.1256657402282,7925984,0.0,0.0
2021-03-12 00:00:00+05:30,1246.3985595703125,1261.67425195279,1242.047087116432,1244.7214261037539,9462061,0.0,0.0
2021-03-15 00:00:00+05:30,1245.26513671875,1250.9765747682036,1231.5759451806887,1242.0015052613496,6658635,0.0,0.0
2021-03-16 00:00:00+05:30,1254.693603515625,1274.6381550165959,1251.520606685925,1256.5521173534453,9352771,0.0,0.0
2021-03-17 00:00:00+05:30,1257.413330078125,1269.19874701469,1252.8804774102155,1262.1728253794302,7626744,0.0,0.0
2021-03-18 00:00:00+05:30,1212.17529296875,1263.5325296710475,1190.7802530747415,1263.5325296710475,10961755,0.0,0.0
2021-03-19 00:00:00+05:30,1218.8388671875,1228.5845016834849,1194.8601177402686,1205.73896554974,12767112,0.0,0.0
2021-03-22 00:00:00+05:30,1242.7269287109375,1247.4410512080847,1211.2688648721062,1223.9608523117233,4862758,0.0,0.0
2021-03-23 00:00:00+05:30,1243.406982421875,1254.0138144463674,1232.5733970762406,1244.2228074504058,7165335,0.0,0.0
2021-03-24 00:00:00+05:30,1227.2698974609375,1242.4095815697535,1220.4706182506277,1230.9868146295032,6134303,0.0,0.0
2021-03-25 00:00:00+05:30,1209.183837890625,1226.136662825848,1203.563034109145,1220.9238821890654,8749994,0.0,0.0
2021-03-26 00:00:00+05:30,1211.3594970703125,1229.9441929222787,1207.551945113122,1219.0653465699083,4922071,0.0,0.0
2021-03-30 00:00:00+05:30,1255.872314453125,1269.1988581980613,1211.3143466911715,1221.0599807809065,10546381,0.0,0.0
2021-03-31 00:00:00+05:30,1240.2337646484375,1258.319801096915,1235.9275549544818,1252.8803783256028,8220987,0.0,0.0
2021-04-01 00:00:00+05:30,1255.781494140625,1261.5835678516648,1242.9082364681458,1251.0673714996653,5675155,0.0,0.0
2021-04-05 00:00:00+05:30,1278.1737060546875,1291.862897785877,1257.413220511587,1261.0395023299334,9479572,0.0,0.0
2021-04-06 00:00:00+05:30,1279.216552734375,1292.7697396092956,1275.046239235604,1290.0500276746336,5793571,0.0,0.0
2021-04-07 00:00:00+05:30,1296.577392578125,1300.8836034752096,1275.1823458330528,1278.4913510765182,5879234,0.0,0.0
2021-04-08 00:00:00+05:30,1305.32568359375,1316.0685232954963,1288.2368495591998,1296.3959851299476,5654434,0.0,0.0
2021-04-09 00:00:00+05:30,1306.4136962890625,1319.0603127534396,1296.4414190105142,1319.0603127534396,6052712,0.0,0.0
2021-04-12 00:00:00+05:30,1292.5430908203125,1339.503494268987,1282.7974564339765,1336.2851242287502,20384532,0.0,0.0
2021-04-13 00:00:00+05:30,1266.6151123046875,1301.155429387548,1246.5345517560554,1299.1156455755836,14855206,0.0,0.0
2021-04-15 00:00:00+05:30,1233.615966796875,1238.7381129148098,1196.673214162686,1207.8240770153454,25342491,0.0,0.0
2021-04-16 00:00:00+05:30,1227.2698974609375,1242.7722319273737,1220.7878958140384,1237.4688162764023,10879878,0.0,0.0
2021-04-19 00:00:00+05:30,1235.2476806640625,1250.7952762272143,1207.8691851288847,1214.8044715960657,12508028,0.0,0.0
2021-04-20 00:00:00+05:30,1225.093994140625,1250.160690007343,1216.9802326231752,1250.160690007343,8560766,0.0,0.0
2021-04-22 00:00:00+05:30,1224.8675537109375,1237.287637717335,1219.473502738926,1228.9018594059169,6622446,0.0,0.0
2021-04-23 00:00:00+05:30,1209.183837890625,1222.4197457222556,1206.6453960970082,1217.5242426433374,7316262,0.0,0.0
2021-04-26 00:00:00+05:30,1218.02294921875,1225.0488712264034,1197.579738336791,1207.7786573801588,7088606,0.0,0.0
2021-04-27 00:00:00+05:30,1222.5103759765625,1226.5899434158614,1214.9405340833778,1220.2439496213965,3636115,0.0,0.0
2021-04-28 00:00:00+05:30,1229.3096923828125,1232.482689376426,1218.9747657562582,1231.1228335220203,4879234,0.0,0.0
2021-04-29 00:00:00+05:30,1229.626953125,1241.0950928066488,1225.139473133001,1240.1885222494489,5412357,0.0,0.0
2021-04-30 00:00:00+05:30,1227.813720703125,1245.5372180444995,1220.1532443306046,1220.5158946595861,8354677,0.0,0.0
2021-05-03 00:00:00+05:30,1225.728759765625,1233.8425219443059,1212.9913992369443,1215.5298410500677,4560337,0.0,0.0
2021-05-04 00:00:00+05:30,1205.1949462890625,1228.3577581147529,1200.3900779684402,1227.496560333393,4887060,0.0,0.0
2021-05-05 00:00:00+05:30,1216.16455078125,1218.3403425169133,1203.7445768992757,1215.8019003810787,3939788,0.0,0.0
2021-05-06 00:00:00+05:30,1234.386474609375,1237.1968212629536,1212.4475109281257,1219.3374251752273,4810090,0.0,0.0
2021-05-07 00:00:00+05:30,1226.1820068359375,1244.7667025829937,1222.5103519465997,1237.7407810200823,4991435,0.0,0.0
2021-05-10 00:00:00+05:30,1214.3966064453125,1226.4993009746233,1210.317039031027,1223.7342165721348,7195348,0.0,0.0
2021-05-11 00:00:00+05:30,1206.3282470703125,1215.7112310831842,1201.2967357404007,1211.9943135835638,6420988,0.0,0.0
2021-05-12 00:00:00+05:30,1203.0189208984375,1205.73863209866,1191.6867908975103,1205.73863209866,5241898,0.0,0.0
2021-05-14 00:00:00+05:30,1193.4095458984375,1202.8831642905666,1188.7860580260365,1202.8831642905666,4824609,0.0,0.0
2021-05-17 00:00:00+05:30,1205.1949462890625,1210.2263465884105,1196.9451761776472,1196.9451761776472,5017129,0.0,0.0
2021-05-18 00:00:00+05:30,1214.804443359375,1218.9746454348538,1205.2854533181262,1212.991302399137,5620150,0.0,0.0
2021-05-19 00:00:00+05:30,1212.0848388671875,1230.6241625552982,1208.6851992667746,1216.617691667738,4435878,0.0,0.0
2021-05-20 00:00:00+05:30,1214.1700439453125,1223.0543693902382,1210.2717461149048,1222.419814238942,4490092,0.0,0.0
2021-05-21 00:00:00+05:30,1227.9495849609375,1230.6692961125675,1220.5610141992768,1221.6035922738008,4969733,0.0,0.0
2021-05-24 00:00:00+05:30,1222.1024169921875,1235.65560181418,1219.427967595657,1229.898901224197,4225371,0.0,0.0
2021-05-25 00:00:00+05:30,1234.386474609375,1240.188548431012,1227.9044728554843,1231.1228426676273,4099340,0.0,0.0
2021-05-26 00:00:00+05:30,1266.7056884765625,1269.198757464439,1234.794449697882,1240.0978652299316,6850024,0.0,0.0
2021-05-27 00:00:00+05:30,1271.2384033203125,1283.9303895185542,1261.6740408833598,1273.0061714175042,15365391,0.0,0.0
2021-05-28 00:00:00+05:30,1273.7769775390625,1281.890739580736,1265.6631048320403,1278.0378147976962,4261312,0.0,0.0
2021-05-31 00:00:00+05:30,1277.1673583984375,1284.269096176079,1267.3165608359025,1284.269096176079,4429904,15.0,0.0
2021-06-01 00:00:00+05:30,1271.1654052734375,1283.8111270719264,1263.330650735729,1282.8947736621676,4791325,0.0,0.0
2021-06-02 00:00:00+05:30,1263.3304443359375,1275.5178755788475,1250.822199964388,1265.2547638101307,9272276,0.0,0.0
2021-06-03 00:00:00+05:30,1273.4105224609375,1281.978404364085,1261.864492012984,1271.9901299495964,5115645,0.0,0.0
2021-06-04 00:00:00+05:30,1269.7451171875,1280.0540929870708,1262.4142899522494,1277.3507833283443,4194328,0.0,0.0
2021-06-07 00:00:00+05:30,1273.4105224609375,1275.5639305752725,1262.0935803625846,1274.6475771768708,5154576,0.0,0.0
2021-06-08 00:00:00+05:30,1294.7613525390625,1302.8253063356303,1278.8168945814707,1279.2292088233094,7360630,0.0,0.0
2021-06-09 00:00:00+05:30,1296.9150390625,1305.8036224857767,1287.1099903603865,1295.1739451939425,5394317,0.0,0.0
2021-06-10 00:00:00+05:30,1305.1622314453125,1309.4690478104567,1300.3055135360657,1304.887280673261,3496575,0.0,0.0
2021-06-11 00:00:00+05:30,1325.87158203125,1330.1783976996285,1309.8811501936739,1310.4768021970533,6140828,0.0,0.0
2021-06-14 00:00:00+05:30,1339.5255126953125,1353.4540403368133,1331.8738719302085,1347.9559196583969,7132294,0.0,0.0
2021-06-15 00:00:00+05:30,1350.61328125,1352.5376009933254,1340.6250069466364,1341.5413603348431,5403104,0.0,0.0
2021-06-16 00:00:00+05:30,1356.7528076171875,1364.862512751292,1344.7486005734156,1349.5135934602497,7661710,0.0,0.0
2021-06-17 00:00:00+05:30,1370.223388671875,1376.9585643056294,1351.71298145894,1351.71298145894,7677951,0.0,0.0
2021-06-18 00:00:00+05:30,1377.55419921875,1389.0086174525932,1362.9841568533907,1382.7773691895613,13533974,0.0,0.0
2021-06-21 00:00:00+05:30,1374.804931640625,1379.8448749039273,1360.0515536913292,1368.1155076564276,5454052,0.0,0.0
2021-06-22 00:00:00+05:30,1385.388671875,1394.185640914127,1376.4542274731696,1383.4184899683314,6427862,0.0,0.0
2021-06-23 00:00:00+05:30,1377.41650390625,1397.4388014102872,1373.2929140004492,1397.4388014102872,5529809,0.0,0.0
2021-06-24 00:00:00+05:30,1428.7781982421875,1437.5294180889543,1384.7932343739676,1390.10812891853,10785137,0.0,0.0
2021-06-25 00:00:00+05:30,1442.5234375,1446.0056250671728,1413.933256957318,1440.507504819769,9780240,0.0,0.0
2021-06-28 00:00:00+05:30,1440.32421875,1447.9757467362497,1430.060994267647,1441.3321850480293,5019178,0.0,0.0
2021-06-29 00:00:00+05:30,1432.30615234375,1442.0194755081711,1428.778102449055,1430.427583227342,5913567,0.0,0.0
2021-06-30 00:00:00+05:30,1448.5712890625,1457.9180476410886,1440.5531979771074,1440.5531979771074,6058722,0.0,0.0
2021-07-01 00:00:00+05:30,1429.8778076171875,1444.9517756696314,1428.6407529511048,1444.9517756696314,4814317,0.0,0.0
2021-07-02 00:00:00+05:30,1436.658935546875,1438.1708292011072,1413.5667622643919,1428.549118298293,5166064,0.0,0.0
2021-07-05 00:00:00+05:30,1446.8760986328125,1452.4200812261042,1430.473462912908,1437.8959027857513,4058338,0.0,0.0
2021-07-06 00:00:00+05:30,1431.5272216796875,1454.0237421568922,1426.8538417607501,1442.0652856688503,4089574,0.0,0.0
2021-07-07 00:00:00+05:30,1433.7265625,1439.1789325557709,1415.4453562095655,1435.0553420969165,4797120,0.0,0.0
2021-07-08 00:00:00+05:30,1430.1986083984375,1444.172998132909,1419.4314556522056,1436.842170731219,3326813,0.0,0.0
2021-07-09 00:00:00+05:30,1432.1688232421875,1438.5832973647111,1421.2641948619873,1425.8459620923613,3436594,0.0,0.0
2021-07-12 00:00:00+05:30,1418.377685546875,1446.0057648324087,1405.457124088534,1439.178976275849,4588982,0.0,0.0
2021-07-13 00:00:00+05:30,1415.7200927734375,1426.2124059648108,1407.7937256187693,1426.2124059648108,4456160,0.0,0.0
2021-07-14 00:00:00+05:30,1444.99755859375,1450.4040655009533,1409.4430053805293,1424.0130453984045,5657716,0.0,0.0
2021-07-15 00:00:00+05:30,1448.5712890625,1463.2786918805593,1425.8456832995184,1427.586776878538,10021355,0.0,0.0
2021-07-16 00:00:00+05:30,1425.3416748046875,1442.935725021973,1419.9810304503353,1442.1109846921806,6265593,0.0,0.0
2021-07-19 00:00:00+05:30,1412.7420654296875,1423.0052911586008,1408.9392881097658,1415.4911257725041,5669162,0.0,0.0
2021-07-20 00:00:00+05:30,1420.3935546875,1427.4035683262637,1409.351452077924,1409.6264028266967,5069939,0.0,0.0
2021-07-22 00:00:00+05:30,1457.18505859375,1459.613417353436,1430.7941491177737,1430.7941491177737,7854575,0.0,0.0
2021-07-23 00:00:00+05:30,1457.4141845703125,1464.7908740033554,1452.465965819212,1455.6732026406144,4179719,0.0,0.0
2021-07-26 00:00:00+05:30,1469.739013671875,1476.8407514252103,1460.7587069948136,1460.7587069948136,4586710,0.0,0.0
2021-07-27 00:00:00+05:30,1468.502197265625,1474.6875827634392,1464.241131550777,1470.7472183691611,5892859,0.0,0.0
2021-07-28 00:00:00+05:30,1471.297119140625,1473.1298260931817,1452.8784366393409,1470.8389424024858,4686788,0.0,0.0
2021-07-29 00:00:00+05:30,1481.743408203125,1484.4924683296615,1466.2570137850614,1466.2570137850614,4660873,0.0,0.0
2021-07-30 00:00:00+05:30,1475.787109375,1487.608090275898,1471.8009945685283,1475.3289326878298,6234257,0.0,0.0
2021-08-02 00:00:00+05:30,1495.0762939453125,1498.0085798057978,1483.7592410317159,1491.3191558709254,5553389,0.0,0.0
2021-08-03 00:00:00+05:30,1516.748046875,1519.9095331038745,1498.7875432707551,1509.2339940165486,5513668,0.0,0.0
2021-08-04 00:00:00+05:30,1511.2958984375,1539.3821535134325,1501.9491381705195,1529.4854916993534,6740391,0.0,0.0
2021-08-05 00:00:00+05:30,1515.236083984375,1526.644638126923,1509.279787377037,1511.5248082775267,5420536,0.0,0.0
2021-08-06 00:00:00+05:30,1512.166259765625,1521.742219428994,1506.484913715623,1518.397507315564,3754855,0.0,0.0
2021-08-09 00:00:00+05:30,1524.1705322265625,1527.9733090426987,1508.68413864173,1522.062874832468,5018477,0.0,0.0
2021-08-10 00:00:00+05:30,1536.9537353515625,1539.4737071936952,1522.1088550617274,1528.4774664280258,6846517,0.0,0.0
2021-08-11 00:00:00+05:30,1537.228515625,1543.1389496372199,1528.4772969090754,1534.70854406235,4899639,0.0,0.0
2021-08-12 00:00:00+05:30,1548.2706298828125,1554.5934905007896,1533.9755396983917,1538.6947819206268,5659579,0.0,0.0
2021-08-13 00:00:00+05:30,1568.9801025390625,1578.418586435437,1549.8284077268358,1555.051576882982,5612790,0.0,0.0
2021-08-16 00:00:00+05:30,1561.8326416015625,1576.0818687999804,1548.7287442087306,1564.8565404817668,4564109,0.0,0.0
2021-08-17 00:00:00+05:30,1595.966796875,1602.6103585062965,1545.4757508490547,1561.374458725836,9510390,0.0,0.0
2021-08-18 00:00:00+05:30,1588.45263671875,1608.6582724090874,1582.542202478208,1584.374909140024,6686090,0.0,0.0
2021-08-20 00:00:00+05:30,1587.99462890625,1599.036732461624,1572.5540960105504,1572.5540960105504,6206972,0.0,0.0
2021-08-23 00:00:00+05:30,1593.309326171875,1606.5048362774269,1587.1239412967288,1590.5602662273657,6189051,0.0,0.0
2021-08-24 00:00:00+05:30,1576.9066162109375,1610.0328116861194,1569.43831414908,1603.6183383327884,7602939,0.0,0.0
2021-08-25 00:00:00+05:30,1590.3770751953125,1600.7776631749502,1574.295029423337,1574.295029423337,6153253,0.0,0.0
2021-08-26 00:00:00+05:30,1583.18359375,1599.9529043295713,1576.127717896256,1588.956664437272,5302248,0.0,0.0
2021-08-27 00:00:00+05:30,1565.86474609375,1583.1837359925323,1562.5657843420329,1580.7096265382909,6698514,0.0,0.0
2021-08-30 00:00:00+05:30,1556.013671875,1574.8905263435308,1549.003547181282,1560.595438098407,6559667,0.0,0.0
2021-08-31 00:00:00+05:30,1563.711181640625,1571.546047788871,1544.8343243714546,1557.9382224583512,12255438,0.0,0.0
2021-09-01 00:00:00+05:30,1537.411865234375,1566.506084707593,1533.1966621078013,1566.506084707593,7801974,0.0,0.0
2021-09-02 00:00:00+05:30,1547.8123779296875,1552.5774823324666,1523.574877242221,1537.045226367587,6830050,0.0,0.0
2021-09-03 00:00:00+05:30,1558.396240234375,1563.2528455407714,1543.5054993175108,1554.1810374851998,5339139,0.0,0.0
2021-09-06 00:00:00+05:30,1585.65771484375,1587.1238576983553,1557.2049011729557,1562.5197948628704,4876026,0.0,0.0
2021-09-07 00:00:00+05:30,1563.8944091796875,1589.7813903576207,1561.4660505202928,1585.2912367371518,3520341,0.0,0.0
2021-09-08 00:00:00+05:30,1551.615234375,1558.5794971241621,1542.176750585527,1558.5794971241621,4584896,0.0,0.0
2021-09-09 00:00:00+05:30,1550.1031494140625,1553.1271599103532,1541.4436558666837,1544.87998058541,3331674,0.0,0.0
2021-09-13 00:00:00+05:30,1550.378173828125,1559.175143154297,1535.0750065709549,1542.2226070694576,4662374,0.0,0.0
2021-09-14 00:00:00+05:30,1545.1092529296875,1554.089448815158,1538.19074026148,1554.089448815158,4945167,0.0,0.0
2021-09-15 00:00:00+05:30,1568.292724609375,1571.6374363430143,1548.8202180513365,1551.6151402070072,4062344,0.0,0.0
2021-09-16 00:00:00+05:30,1559.8624267578125,1575.440433075852,1549.9657662354791,1571.7291574150934,3246568,0.0,0.0
2021-09-17 00:00:00+05:30,1549.828369140625,1574.294957319058,1543.551259596168,1555.0515381667296,7454864,0.0,0.0
2021-09-20 00:00:00+05:30,1546.6669921875,1564.8565839631785,1537.5950715757374,1544.0554074903591,5660743,0.0,0.0
2021-09-21 00:00:00+05:30,1574.70751953125,1582.3132978044036,1543.734840467285,1557.8008433574555,4672222,0.0,0.0
2021-09-22 00:00:00+05:30,1573.287109375,1593.4468833362487,1569.7591713036898,1573.3787223392792,4553892,0.0,0.0
2021-09-23 00:00:00+05:30,1596.79150390625,1599.0365247702798,1577.1356583055306,1587.1239317490686,3826090,0.0,0.0
2021-09-24 00:00:00+05:30,1616.309814453125,1638.4397699595536,1605.8633640177168,1610.9491697924468,8280446,0.0,0.0
2021-09-27 00:00:00+05:30,1577.181640625,1621.0291274378867,1574.3867180752554,1620.8000390931386,5045337,0.0,0.0
2021-09-28 00:00:00+05:30,1545.979736328125,1566.9642507124988,1534.8918830078571,1566.9642507124988,6557197,0.0,0.0
2021-09-29 00:00:00+05:30,1550.6988525390625,1559.0835075011491,1516.564692540788,1520.4591940171013,7792548,0.0,0.0
2021-09-30 00:00:00+05:30,1535.0751953125,1560.5498649808449,1530.4018152701979,1560.5498649808449,6914031,0.0,0.0
2021-10-01 00:00:00+05:30,1525.86572265625,1538.5113311036464,1522.2919224078103,1525.8198602473526,5733906,0.0,0.0
2021-10-04 00:00:00+05:30,1538.328125,1546.804393149665,1526.0948306369853,1532.6009167907669,2947154,0.0,0.0
2021-10-05 00:00:00+05:30,1551.203125,1560.5040227905981,1523.8957481486461,1531.2265755600647,4373310,0.0,0.0
2021-10-06 00:00:00+05:30,1533.5631103515625,1566.0477901010684,1530.3100113919159,1559.7249299575424,4271698,0.0,0.0
2021-10-07 00:00:00+05:30,1549.553466796875,1561.6492858979561,1536.403819004066,1545.888053510543,5476108,0.0,0.0
2021-10-08 00:00:00+05:30,1579.6556396484375,1586.6657648799064,1556.3344925261276,1562.611490361802,4738376,0.0,0.0
2021-10-11 00:00:00+05:30,1549.507568359375,1585.2912094790006,1524.53694092683,1541.3062510657105,8840633,0.0,0.0
2021-10-12 00:00:00+05:30,1544.1929931640625,1547.7209314707568,1522.979389049377,1536.7246903945882,7439300,0.0,0.0
2021-10-13 00:00:00+05:30,1566.2310791015625,1570.3089185675733,1539.519468811465,1554.0893973844134,7104171,0.0,0.0
2021-10-14 00:00:00+05:30,1572.2332763671875,1634.4078294296455,1556.15123016614,1607.2837923637167,19655776,0.0,0.0
2021-10-18 00:00:00+05:30,1642.2427978515625,1648.519796383057,1594.454944806292,1594.454944806292,13438109,0.0,0.0
2021-10-19 00:00:00+05:30,1669.7332763671875,1681.050217849431,1633.2166178008017,1662.2649742048884,10324260,0.0,0.0
2021-10-20 00:00:00+05:30,1651.5894775390625,1693.421031339903,1643.9838116677095,1676.37688099378,5876115,0.0,0.0
2021-10-21 00:00:00+05:30,1606.9630126953125,1662.2649128655419,1600.7317654115393,1662.2649128655419,8779629,0.0,0.0
2021-10-22 00:00:00+05:30,1575.9444580078125,1615.7141019401513,1564.2150909650227,1603.5266701045919,7369809,0.0,0.0
2021-10-25 00:00:00+05:30,1564.7191162109375,1585.0621146497954,1546.0712371391955,1578.00623901043,5905209,0.0,0.0
2021-10-26 00:00:00+05:30,1575.02685546875,1596.1973399887672,1567.8160234758313,1580.8973576875023,5871709,15.0,0.0
2021-10-27 00:00:00+05:30,1598.3701171875,1603.1774522245062,1572.6697941911223,1580.0193212133545,5090259,0.0,0.0
2021-10-28 00:00:00+05:30,1575.2120361328125,1594.487305823203,1564.2570364829546,1589.4951212287065,5329972,0.0,0.0
2021-10-29 00:00:00+05:30,1541.792236328125,1583.254892096618,1535.5983027645966,1570.6820623723486,5875091,0.0,0.0
2021-11-01 00:00:00+05:30,1571.6529541015625,1578.2628566440426,1549.4192967377312,1550.806008518821,3636806,0.0,0.0
2021-11-02 00:00:00+05:30,1569.6651611328125,1577.5693498182486,1558.9874362996632,1566.9841627090334,3471772,0.0,0.0
2021-11-03 00:00:00+05:30,1573.9176025390625,1587.7384491214493,1570.6819422695255,1579.926685896774,3530713,0.0,0.0
2021-11-04 00:00:00+05:30,1579.6492919921875,1587.3224743117962,1576.2287820044337,1585.4735255939024,483407,0.0,0.0
2021-11-08 00:00:00+05:30,1606.274169921875,1609.5098301202788,1574.3798051090378,1599.340612353867,5245903,0.0,0.0
2021-11-09 00:00:00+05:30,1610.8966064453125,1617.8301642922793,1595.6427791819851,1603.7319300034467,4016134,0.0,0.0
2021-11-10 00:00:00+05:30,1608.7242431640625,1618.7084995534158,1591.8987403963185,1595.6429070741294,4780368,0.0,0.0
2021-11-11 00:00:00+05:30,1602.3914794921875,1608.3542940711986,1579.926707037033,1602.0678231802035,4731349,0.0,0.0
2021-11-12 00:00:00+05:30,1645.74951171875,1648.199391791275,1606.783000594224,1611.359104373343,5069009,0.0,0.0
2021-11-15 00:00:00+05:30,1652.174560546875,1664.0540348365028,1641.4044104734503,1647.5059193643401,4354074,0.0,0.0
2021-11-16 00:00:00+05:30,1656.935546875,1672.3279556758562,1642.791043119159,1654.8092105702276,6034233,0.0,0.0
2021-11-17 00:00:00+05:30,1652.4517822265625,1665.9029303841687,1646.2115797958782,1657.1666921215638,4732492,0.0,0.0
2021-11-18 00:00:00+05:30,1645.009765625,1654.3006656101572,1626.1504653441812,1647.0435641593258,4326924,0.0,0.0
2021-11-22 00:00:00+05:30,1626.520263671875,1650.5565978020581,1618.89334995749,1649.2623110864113,6621839,0.0,0.0
2021-11-23 00:00:00+05:30,1605.7197265625,1615.2880147392398,1580.8513407950209,1604.055627379203,8436160,0.0,0.0
2021-11-24 00:00:00+05:30,1567.908447265625,1609.0475545199413,1560.5126527030513,1608.5853173597804,7333061,0.0,0.0
2021-11-25 00:00:00+05:30,1592.3148193359375,1595.8277545444205,1568.7868768125356,1571.6065690326247,4476260,0.0,0.0
2021-11-26 00:00:00+05:30,1563.88720703125,1588.5706294078832,1556.814955003959,1573.9640009847658,4494181,0.0,0.0
2021-11-29 00:00:00+05:30,1568.232177734375,1582.7002251430379,1543.0865183631097,1563.2862621009795,3942776,0.0,0.0
2021-11-30 00:00:00+05:30,1583.3011474609375,1599.2483313013986,1571.6527922693858,1575.8129271842888,14808963,0.0,0.0
2021-12-01 00:00:00+05:30,1585.381103515625,1610.3419112510771,1583.6245796603628,1585.4735283815073,5193264,0.0,0.0
2021-12-02 00:00:00+05:30,1616.2125244140625,1618.292592013051,1582.0993932204733,1585.4737476734547,5559574,0.0,0.0
2021-12-03 00:00:00+05:30,1604.4715576171875,1651.7121759317843,1601.6981344732674,1637.3365541621147,6754012,0.0,0.0
2021-12-06 00:00:00+05:30,1567.261474609375,1602.9923194133057,1563.7484267957614,1599.3406907222388,3991449,0.0,0.0
2021-12-07 00:00:00+05:30,1582.376708984375,1594.6259954009836,1566.059712432829,1572.6234584330612,4202122,0.0,0.0
2021-12-08 00:00:00+05:30,1620.9271240234375,1626.890051457081,1601.7442807281357,1602.1140930485817,3029169,0.0,0.0
2021-12-09 00:00:00+05:30,1630.2645263671875,1635.765217401588,1610.4345933063837,1626.150659945998,2082171,0.0,0.0
2021-12-10 00:00:00+05:30,1626.381591796875,1630.5417266060754,1614.1323059697847,1627.0749475984085,1823469,0.0,0.0
2021-12-13 00:00:00+05:30,1612.8843994140625,1637.5678225118825,1607.4762463590218,1633.592650019263,4040584,0.0,0.0
2021-12-14 00:00:00+05:30,1619.8177490234375,1629.8482731142326,1581.1746761938232,1600.1726691574831,4768144,0.0,0.0
2021-12-15 00:00:00+05:30,1603.2235107421875,1615.935034149744,1591.205343156861,1613.2078797226577,3053149,0.0,0.0
2021-12-16 00:00:00+05:30,1637.798828125,1643.3456745373794,1625.2259988271162,1629.524827366886,4481031,0.0,0.0
2021-12-17 00:00:00+05:30,1683.3291015625,1702.8817566808834,1670.2940357672019,1682.5433209333376,18887243,0.0,0.0
2021-12-20 00:00:00+05:30,1663.0369873046875,1691.4645745333196,1652.3131070504032,1665.6254478621345,5773891,0.0,0.0
2021-12-21 00:00:00+05:30,1674.7777099609375,1699.1838553721484,1664.9783044206958,1664.9783044206958,5353584,0.0,0.0
2021-12-22 00:00:00+05:30,1686.8883056640625,1691.002284242718,1675.4710699822315,1687.1656931101284,4156428,0.0,0.0
2021-12-23 00:00:00+05:30,1717.3037109375,1721.0016087271374,1689.0148154169497,1692.9438318184395,4112933,0.0,0.0
2021-12-24 00:00:00+05:30,1722.7581787109375,1734.0829909938507,1713.9756712262292,1731.494417331687,3780347,0.0,0.0
2021-12-27 00:00:00+05:30,1725.2078857421875,1732.927224240247,1705.7014989064044,1719.5223457385218,2647733,0.0,0.0
2021-12-28 00:00:00+05:30,1745.4078369140625,1752.7112079543788,1736.5329043812876,1738.6591279975028,3340933,0.0,0.0
2021-12-29 00:00:00+05:30,1743.142822265625,1750.7697363815505,1734.683858585058,1741.2476045267688,3236635,0.0,0.0
2021-12-30 00:00:00+05:30,1749.891357421875,1765.5612663194304,1732.7885809050601,1742.1720186993264,4584738,0.0,0.0
2021-12-31 00:00:00+05:30,1745.1766357421875,1754.976042301327,1730.2926197291572,1747.2567032460518,4619420,0.0,0.0
2022-01-03 00:00:00+05:30,1755.068359375,1769.4902501300044,1745.1765285490026,1745.1765285490026,3329616,0.0,0.0
2022-01-04 00:00:00+05:30,1755.7156982421875,1762.649256711787,1736.1630407877392,1755.0684984078262,3921999,0.0,0.0
2022-01-05 00:00:00+05:30,1705.331787109375,1759.182422885489,1701.0329584214485,1756.5014244569306,6995719,0.0,0.0
2022-01-06 00:00:00+05:30,1680.5096435546875,1689.9392374856445,1664.0539537604814,1689.9392374856445,6449205,0.0,0.0
2022-01-07 00:00:00+05:30,1677.274169921875,1697.3352219031394,1670.340611008872,1678.3372253411537,4834389,0.0,0.0
2022-01-10 00:00:00+05:30,1710.970947265625,1728.6746540936074,1676.072039655587,1677.9209884031388,7857560,0.0,0.0
2022-01-11 00:00:00+05:30,1715.4547119140625,1728.767166137921,1710.4163714632643,1714.900049832002,5142287,0.0,0.0
2022-01-12 00:00:00+05:30,1735.6544189453125,1746.3321434167724,1719.5223857888814,1727.7502305276168,5362535,0.0,0.0
2022-01-13 00:00:00+05:30,1753.5430908203125,1768.0572937910824,1725.3927775694249,1761.1237357762154,14277630,0.0,0.0
2022-01-14 00:00:00+05:30,1783.634521484375,1787.0088753504774,1738.936210312596,1739.8606846402474,7688506,0.0,0.0
2022-01-17 00:00:00+05:30,1793.0181884765625,1806.3306430725515,1784.69791846043,1792.1399828929912,5262464,0.0,0.0
2022-01-18 00:00:00+05:30,1775.6842041015625,1798.1027083053698,1767.0865470397507,1776.9322219715987,3690315,0.0,0.0
2022-01-19 00:00:00+05:30,1726.0400390625,1771.2930175168492,1722.1571787248456,1771.2930175168492,5747770,0.0,0.0
2022-01-20 00:00:00+05:30,1685.9638671875,1708.4286395689353,1678.3832224769492,1704.7307420806908,5533463,0.0,0.0
2022-01-21 00:00:00+05:30,1650.833984375,1671.449809802184,1641.8666273278093,1659.4316419219692,8252758,0.0,0.0
2022-01-24 00:00:00+05:30,1605.6273193359375,1635.0718089048255,1597.4918987851024,1631.6974544882557,7116712,0.0,0.0
2022-01-25 00:00:00+05:30,1592.083740234375,1608.585587048575,1572.0688452736217,1596.1976065091726,9137653,0.0,0.0
2022-01-27 00:00:00+05:30,1551.82275390625,1580.5738860771773,1539.2499242423748,1573.4554781144275,11231734,0.0,0.0
2022-01-28 00:00:00+05:30,1558.8487548828125,1597.075863240235,1552.6548212779667,1554.0415329373398,10998502,0.0,0.0
2022-01-31 00:00:00+05:30,1605.072265625,1617.3678191936274,1585.7969986666303,1588.2468781792807,8788872,0.0,0.0
2022-02-01 00:00:00+05:30,1638.21484375,1645.5643698119,1603.6856359342023,1632.7141535673513,5119935,0.0,0.0
2022-02-02 00:00:00+05:30,1652.1282958984375,1657.3978680660628,1638.1687540296489,1653.8848199543124,4253717,0.0,0.0
2022-02-03 00:00:00+05:30,1607.2449951171875,1644.6399390347083,1603.0385915043194,1644.6399390347083,3832922,0.0,0.0
2022-02-04 00:00:00+05:30,1609.602294921875,1621.4817679463085,1580.9898584549771,1601.1896007674634,4700077,0.0,0.0
2022-02-07 00:00:00+05:30,1585.4737548828125,1601.1898212577441,1567.354077397187,1592.1299260894864,4310209,0.0,0.0
2022-02-08 00:00:00+05:30,1587.599853515625,1594.7182609022013,1567.9085046319615,1580.8511455900084,6053401,0.0,0.0
2022-02-09 00:00:00+05:30,1606.0894775390625,1611.358936666638,1594.718396873179,1603.9631412028784,3867244,0.0,0.0
2022-02-10 00:00:00+05:30,1635.949951171875,1639.9252364156932,1616.674681612462,1623.0535778370356,4334630,0.0,0.0
2022-02-11 00:00:00+05:30,1591.3438720703125,1614.0859181138171,1583.6245339525103,1608.5853409675235,7551371,0.0,0.0
2022-02-14 00:00:00+05:30,1555.15087890625,1588.7556155364375,1551.499249959109,1562.361824776341,7459637,0.0,0.0
2022-02-15 00:00:00+05:30,1606.9676513671875,1614.8256838922105,1562.7777292037651,1570.6820305898757,4669915,0.0,0.0
2022-02-16 00:00:00+05:30,1602.3914794921875,1622.8684966198368,1596.4285520623005,1606.9675825085565,5350642,0.0,0.0
2022-02-17 00:00:00+05:30,1594.5335693359375,1616.9058057850625,1590.3734343296294,1612.2834335558314,3937950,0.0,0.0
2022-02-18 00:00:00+05:30,1578.0316162109375,1592.4072390389874,1574.8422245009667,1580.8513084218685,5602215,0.0,0.0
2022-02-21 00:00:00+05:30,1599.98779296875,1606.089414266683,1563.7484417643411,1572.530948531566,5120890,0.0,0.0
2022-02-22 00:00:00+05:30,1603.362060546875,1618.7545809888163,1563.332389047338,1571.5139644450396,8878515,0.0,0.0
2022-02-23 00:00:00+05:30,1611.22021484375,1625.457143433477,1602.4839767448325,1617.830229494432,5478811,0.0,0.0
2022-02-24 00:00:00+05:30,1551.40673828125,1585.42732852035,1544.334486544915,1562.4541622305192,13592379,0.0,0.0
2022-02-25 00:00:00+05:30,1566.614501953125,1597.630667297517,1550.3437729408595,1585.4738047665915,9737281,0.0,0.0
2022-02-28 00:00:00+05:30,1586.0283203125,1597.538094754721,1539.2499364068876,1555.1508515705575,15076542,0.0,0.0
2022-03-02 00:00:00+05:30,1574.195068359375,1584.9189489306957,1563.2862251957763,1580.851238962021,6771489,0.0,0.0
2022-03-03 00:00:00+05:30,1590.8817138671875,1602.9461496636136,1576.737323567142,1590.2807829501578,7344147,0.0,0.0
2022-03-04 00:00:00+05:30,1593.1466064453125,1604.887384915813,1554.041298412144,1567.2150571880945,9074499,0.0,0.0
2022-03-07 00:00:00+05:30,1608.44677734375,1618.7546895705286,1567.908597094013,1568.8330715026768,9742588,0.0,0.0
2022-03-08 00:00:00+05:30,1643.900390625,1664.053978392552,1588.6630432866916,1588.6630432866916,10984500,0.0,0.0
2022-03-09 00:00:00+05:30,1676.395751953125,1693.26741097375,1655.7337701884549,1655.7337701884549,10193515,0.0,0.0
2022-03-10 00:00:00+05:30,1687.9979248046875,1705.4242456580937,1673.4836081949386,1705.4242456580937,6547182,0.0,0.0
2022-03-11 00:00:00+05:30,1684.3924560546875,1693.082538496936,1674.223237055455,1676.9966604188821,4758657,0.0,0.0
2022-03-14 00:00:00+05:30,1747.9036865234375,1751.8789715464534,1693.2211165577162,1693.2211165577162,10289724,0.0,0.0
2022-03-15 00:00:00+05:30,1700.3857421875,1745.7311420136266,1691.7880854652774,1745.7311420136266,7140443,0.0,0.0
2022-03-16 00:00:00+05:30,1746.7020263671875,1750.908317351098,1709.35323648813,1724.1448275015482,5233979,0.0,0.0
2022-03-17 00:00:00+05:30,1714.5302734375,1778.0417351606084,1694.6079169708678,1778.0417351606084,17731459,0.0,0.0
2022-03-21 00:00:00+05:30,1713.0972900390625,1744.3907251412768,1702.0497535195248,1720.4468161984312,8362085,0.0,0.0
2022-03-22 00:00:00+05:30,1744.85302734375,1747.2566382441744,1700.1084432439347,1710.2776617733982,5709382,0.0,0.0
2022-03-23 00:00:00+05:30,1730.98583984375,1756.5013099870712,1716.748911918943,1753.727886866039,6192824,0.0,0.0
2022-03-24 00:00:00+05:30,1744.205810546875,1751.5091808988545,1715.9631852530856,1715.9631852530856,3784303,0.0,0.0
2022-03-25 00:00:00+05:30,1734.8226318359375,1750.9546663832205,1717.67358507921,1749.1057174218865,3438588,0.0,0.0
2022-03-28 00:00:00+05:30,1732.37255859375,1738.8438792363484,1712.7274780715766,1725.0691884412138,4008555,0.0,0.0
2022-03-29 00:00:00+05:30,1743.558837890625,1746.702073636215,1720.031007938553,1732.372719454187,3917785,0.0,0.0
2022-03-30 00:00:00+05:30,1760.1529541015625,1774.0663386881122,1751.8789535247383,1765.746069251847,7795839,0.0,0.0
2022-03-31 00:00:00+05:30,1762.834228515625,1768.5197694245182,1751.1396031837,1756.501600578455,5399145,0.0,0.0
2022-04-01 00:00:00+05:30,1759.783447265625,1766.0236500259127,1736.4404665697343,1744.3446556888985,6171518,0.0,0.0
2022-04-04 00:00:00+05:30,1740.739013671875,1750.0300264646137,1731.5405385991662,1747.0254846864784,7364074,0.0,0.0
2022-04-05 00:00:00+05:30,1720.539306640625,1746.8868273985145,1716.887677851375,1741.524943516209,5472024,0.0,0.0
2022-04-06 00:00:00+05:30,1690.72509765625,1717.2113135689578,1684.5311638997475,1714.9001274134143,5407453,0.0,0.0
2022-04-07 00:00:00+05:30,1674.22314453125,1690.0779031194882,1671.0337529799215,1683.5141574256265,5797544,0.0,0.0
2022-04-08 00:00:00+05:30,1677.55126953125,1699.1839936528281,1671.4497608946208,1685.3168772737245,5131446,0.0,0.0
2022-04-11 00:00:00+05:30,1633.13037109375,1676.9966382380692,1629.4324733247577,1676.9966382380692,8248407,0.0,0.0
2022-04-12 00:00:00+05:30,1610.8504638671875,1624.7638495111794,1597.2607345621282,1624.7638495111794,6456184,0.0,0.0
2022-04-13 00:00:00+05:30,1616.48974609375,1624.7637467762422,1601.1896497390906,1622.4062919321757,6257693,0.0,0.0
2022-04-18 00:00:00+05:30,1498.94287109375,1525.3828173577747,1469.9143512720375,1484.2437050108529,30523965,0.0,0.0
2022-04-19 00:00:00+05:30,1444.0289306640625,1513.0409632688543,1432.9352384950685,1513.0409632688543,17044923,0.0,0.0
2022-04-20 00:00:00+05:30,1467.7879638671875,1475.7385340102483,1444.9534912633267,1456.0471840945231,10678747,0.0,0.0
2022-04-21 00:00:00+05:30,1496.5391845703125,1504.304679149514,1469.220921262087,1474.5366489935684,7766514,0.0,0.0
2022-04-22 00:00:00+05:30,1465.7078857421875,1489.0508642371158,1462.8883065454063,1483.1804743937155,8134245,0.0,0.0
2022-04-25 00:00:00+05:30,1443.1968994140625,1454.013317126006,1436.7255789003927,1454.013317126006,7000570,0.0,0.0
2022-04-26 00:00:00+05:30,1461.593994140625,1471.7632123161764,1448.2353844958193,1458.0809463578112,5345435,0.0,0.0
2022-04-27 00:00:00+05:30,1435.52392578125,1453.9671453361484,1433.2588957397254,1453.9671453361484,8819356,0.0,0.0
2022-04-28 00:00:00+05:30,1463.0732421875,1480.8232193403078,1439.8226871968404,1451.4248866861828,9245177,0.0,0.0
2022-04-29 00:00:00+05:30,1449.1597900390625,1476.6629015256096,1442.9195882732074,1469.9141937347806,9831395,0.0,0.0
2022-05-02 00:00:00+05:30,1424.614990234375,1435.477563975617,1415.3702466248074,1433.7673089780217,7072627,0.0,0.0
2022-05-04 00:00:00+05:30,1419.5767822265625,1451.4248817852547,1414.584597642602,1430.3930881160734,6220959,0.0,0.0
2022-05-05 00:00:00+05:30,1465.4306640625,1469.3596803867233,1439.8226546623277,1442.226378459029,6144870,0.0,0.0
2022-05-06 00:00:00+05:30,1426.3253173828125,1443.8903311295194,1419.1144847131134,1432.9353319681966,6171472,0.0,0.0
2022-05-09 00:00:00+05:30,1451.7484130859375,1466.9560853219195,1407.1887902550586,1423.6906364252657,6832202,0.0,0.0
2022-05-10 00:00:00+05:30,1435.708740234375,1450.6390243337105,1429.2836883079983,1440.331112224827,6212545,0.0,0.0
2022-05-11 00:00:00+05:30,1411.4412841796875,1432.8890450278534,1397.4354745092514,1432.8890450278534,7846080,0.0,0.0
2022-05-12 00:00:00+05:30,1394.846923828125,1412.1345487775575,1390.6867893145413,1399.6541452368065,7034979,0.0,0.0
2022-05-13 00:00:00+05:30,1390.7791748046875,1413.7523388424825,1384.9549415102076,1404.5538645965403,6723761,0.0,0.0
2022-05-16 00:00:00+05:30,1376.6348876953125,1397.6666815362498,1366.9741747856538,1395.9564263655157,6145331,0.0,0.0
2022-05-17 00:00:00+05:30,1403.76806640625,1409.8234186891668,1369.05412141397,1381.996762634723,6516378,0.0,0.0
2022-05-18 00:00:00+05:30,1395.2169189453125,1432.6581375018125,1391.6115585502175,1407.050238098589,6594126,0.0,0.0
2022-05-19 00:00:00+05:30,1319.3638916015625,1372.5673348483554,1310.5813832767205,1369.1468241148289,16561140,0.0,0.0
2022-05-20 00:00:00+05:30,1345.2489013671875,1355.9727814833648,1337.4370252342767,1343.2612589025593,10488908,0.0,0.0
2022-05-23 00:00:00+05:30,1357.4981689453125,1375.6178437797637,1340.5340870575849,1345.202614851824,5887569,0.0,0.0
2022-05-24 00:00:00+05:30,1332.1676025390625,1358.561391643668,1326.85187477043,1357.6830732583235,5693167,0.0,0.0
2022-05-25 00:00:00+05:30,1303.9249267578125,1333.5543776547233,1293.570858186046,1326.6208193653572,9630092,0.0,0.0
2022-05-26 00:00:00+05:30,1316.4052734375,1321.9983886838215,1300.781746397394,1310.9046959116495,13040065,0.0,0.0
2022-05-27 00:00:00+05:30,1350.9805908203125,1356.2038935531154,1328.8394749173106,1334.894714297974,8284860,0.0,0.0
2022-05-30 00:00:00+05:30,1411.487548828125,1414.4458217463282,1372.844474047907,1374.6934228345033,10904213,0.0,0.0
2022-05-31 00:00:00+05:30,1404.7608642578125,1418.2143033837006,1390.326515286447,1411.3941231047504,16033857,16.0,0.0
2022-06-01 00:00:00+05:30,1381.3575439453125,1415.1778909003274,1375.3314663437072,1413.5429271709493,8738508,0.0,0.0
2022-06-02 00:00:00+05:30,1408.8717041015625,1414.337131868613,1378.6014934854004,1386.449342763076,7205840,0.0,0.0
2022-06-03 00:00:00+05:30,1421.6710205078125,1452.7820909681764,1418.2142855882262,1424.660736968286,9395707,0.0,0.0
2022-06-06 00:00:00+05:30,1429.4722900390625,1435.5916577089301,1394.8577242051128,1416.3458204252854,6624883,0.0,0.0
2022-06-07 00:00:00+05:30,1407.656982421875,1419.9425895668649,1403.8265188602247,1419.9425895668649,4904592,0.0,0.0
2022-06-08 00:00:00+05:30,1401.3974609375,1420.2695677930515,1393.9233411458333,1420.2695677930515,4697608,0.0,0.0
2022-06-09 00:00:00+05:30,1415.4112548828125,1417.233025731092,1384.1133822500901,1387.3833092415687,4361061,0.0,0.0
2022-06-10 00:00:00+05:30,1379.7225341796875,1395.7450869561649,1376.7328178895402,1388.4111298525793,6516436,0.0,0.0
2022-06-13 00:00:00+05:30,1330.860595703125,1348.7050357776886,1318.9019571573704,1348.7050357776886,6987685,0.0,0.0
2022-06-14 00:00:00+05:30,1345.8555908203125,1353.6566813375696,1310.914054429106,1317.313747342807,6090247,0.0,0.0
2022-06-15 00:00:00+05:30,1328.7117919921875,1351.3210760506447,1325.582026687208,1345.5285639490085,4651958,0.0,0.0
2022-06-16 00:00:00+05:30,1305.35498046875,1348.8450607739285,1300.496848205928,1343.4730371552619,6641772,0.0,0.0
2022-06-17 00:00:00+05:30,1296.10595703125,1305.1215235794307,1277.280493354915,1299.6094509891525,9692047,0.0,0.0
2022-06-20 00:00:00+05:30,1321.19091796875,1328.8518456136492,1291.1542743771815,1298.6751535040837,4595194,0.0,0.0
2022-06-21 00:00:00+05:30,1354.5908203125,1360.2898138939233,1329.2255032400958,1330.3933344676832,6270787,0.0,0.0
2022-06-22 00:00:00+05:30,1342.7723388671875,1363.6531383044141,1340.6702426678826,1341.651266512632,6253366,0.0,0.0
2022-06-23 00:00:00+05:30,1356.9732666015625,1362.1584834016473,1338.8018564571746,1345.1549046044834,6254281,0.0,0.0
2022-06-24 00:00:00+05:30,1346.3692626953125,1371.0338813946832,1334.9712753644767,1362.1583639342066,6114340,0.0,0.0
2022-06-27 00:00:00+05:30,1377.6669921875,1386.4491050149907,1368.838234542836,1371.5476255491692,4511097,0.0,0.0
2022-06-28 00:00:00+05:30,1382.8524169921875,1390.4199409808625,1357.4870984345328,1372.4353390229378,4412178,0.0,0.0
2022-06-29 00:00:00+05:30,1367.0631103515625,1379.9092526835864,1361.2239547460972,1368.4177488336275,5060038,0.0,0.0
2022-06-30 00:00:00+05:30,1365.802001953125,1384.5807053090439,1359.3555507588792,1368.744959459848,9165177,0.0,0.0
2022-07-01 00:00:00+05:30,1382.151611328125,1387.3834723202642,1347.5370487740513,1358.4212584199759,4651635,0.0,0.0
2022-07-04 00:00:00+05:30,1390.186279296875,1394.1569054306194,1365.8953900080855,1382.9457257588706,4800224,0.0,0.0
2022-07-05 00:00:00+05:30,1378.9283447265625,1410.6933538879357,1375.2380436923982,1400.27639064977,7379669,0.0,0.0
2022-07-06 00:00:00+05:30,1393.5963134765625,1401.397402876707,1373.369454819173,1384.7674414108317,5209162,0.0,0.0
2022-07-07 00:00:00+05:30,1400.1829833984375,1414.4305253965072,1397.3801882512762,1404.2471275986425,3323472,0.0,0.0
2022-07-08 00:00:00+05:30,1414.897705078125,1417.2333677786046,1401.3508614153432,1415.4115964906425,3652582,0.0,0.0
2022-07-11 00:00:00+05:30,1376.3125,1401.3040886127371,1370.0062112846365,1396.7261673286766,4702638,0.0,0.0
2022-07-12 00:00:00+05:30,1344.03369140625,1372.0616431832996,1341.6046250614445,1365.7087092081183,4710356,0.0,0.0
2022-07-13 00:00:00+05:30,1349.4990234375,1364.026889696165,1344.0335960379898,1354.6842397667392,5264025,0.0,0.0
2022-07-14 00:00:00+05:30,1334.924560546875,1357.4403248803944,1321.050747710044,1355.6185536967992,6157606,0.0,0.0
2022-07-15 00:00:00+05:30,1336.3258056640625,1350.9470744729197,1317.9208323563835,1350.9470744729197,5620018,0.0,0.0
2022-07-18 00:00:00+05:30,1391.96142578125,1395.4181606118636,1352.862458917066,1354.6842300217913,5835171,0.0,0.0
2022-07-19 00:00:00+05:30,1386.5894775390625,1389.111947520673,1373.4630081501748,1374.8177608815047,3418540,0.0,0.0
2022-07-20 00:00:00+05:30,1415.691650390625,1425.5014318531132,1401.3973517840245,1402.565182910511,5079392,0.0,0.0
2022-07-21 00:00:00+05:30,1432.134765625,1434.5170728214896,1404.293624477916,1417.2799301008313,5008061,0.0,0.0
2022-07-22 00:00:00+05:30,1407.2833251953125,1438.7680080650846,1394.0634534808364,1433.1624184232726,7020642,0.0,0.0
2022-07-25 00:00:00+05:30,1404.7608642578125,1417.420200924212,1382.805636241003,1382.805636241003,7859626,0.0,0.0
2022-07-26 00:00:00+05:30,1355.7586669921875,1398.2677241608646,1350.0129144777668,1398.2677241608646,7268273,0.0,0.0
2022-07-27 00:00:00+05:30,1374.3505859375,1376.17235708509,1350.0129368553667,1355.618526904593,4517285,0.0,0.0
2022-07-28 00:00:00+05:30,1417.6536865234375,1424.2401861261328,1391.9146410135538,1398.0341221778472,6636841,0.0,0.0
2022-07-29 00:00:00+05:30,1447.8304443359375,1453.4360344112592,1427.5569391819329,1432.041456860599,7009465,0.0,0.0
2022-08-01 00:00:00+05:30,1449.091796875,1461.1904831986774,1436.8061891207428,1461.1904831986774,2983249,0.0,0.0
2022-08-02 00:00:00+05:30,1442.1314697265625,1445.3079936206477,1427.8839280958484,1444.887619977823,4374635,0.0,0.0
2022-08-03 00:00:00+05:30,1463.15234375,1466.7959999348375,1438.674647203889,1447.176435604499,6011955,0.0,0.0
2022-08-04 00:00:00+05:30,1494.730712890625,1498.4210143100418,1471.4207308949524,1483.1458031778568,7402209,0.0,0.0
2022-08-05 00:00:00+05:30,1510.3795166015625,1518.8345463206253,1496.9728368246035,1502.6718304457545,5361971,0.0,0.0
2022-08-08 00:00:00+05:30,1512.9488525390625,1515.3779188723158,1491.0870274477288,1510.7065935983567,3763409,0.0,0.0
2022-08-10 00:00:00+05:30,1497.113037109375,1514.6305074211764,1483.7063559732826,1514.6305074211764,4423829,0.0,0.0
2022-08-11 00:00:00+05:30,1513.46240234375,1524.1130451762667,1509.772101550567,1522.8518103511287,3462090,0.0,0.0
2022-08-12 00:00:00+05:30,1489.311767578125,1507.9036633116793,1485.6214665607938,1507.249723450335,3562286,0.0,0.0
2022-08-16 00:00:00+05:30,1491.5072021484375,1503.2322726404518,1486.5089075812407,1503.2322726404518,3004430,0.0,0.0
2022-08-17 00:00:00+05:30,1500.6630859375,1506.0351094357977,1480.8099556177044,1491.5072437480824,4067324,0.0,0.0
2022-08-18 00:00:00+05:30,1478.894775390625,1493.142317018843,1470.5331490370638,1489.311853226363,4635706,0.0,0.0
2022-08-19 00:00:00+05:30,1492.1146240234375,1499.4019367167284,1480.9034439082338,1481.090365337767,4739884,0.0,0.0
2022-08-22 00:00:00+05:30,1472.0745849609375,1493.8896486406397,1470.5330249908486,1481.7442043427482,3950555,0.0,0.0
2022-08-23 00:00:00+05:30,1441.010498046875,1452.3150828299767,1432.2283833890988,1446.2423597431996,5551574,0.0,0.0
2022-08-24 00:00:00+05:30,1436.4324951171875,1444.3737479357214,1430.3597723736025,1434.096832523501,2888426,0.0,0.0
2022-08-25 00:00:00+05:30,1418.354248046875,1446.8959716562977,1414.2434597724393,1446.2420318597763,4331088,0.0,0.0
2022-08-26 00:00:00+05:30,1421.5308837890625,1443.392592436049,1417.7003062478245,1434.236864331127,3079136,0.0,0.0
2022-08-29 00:00:00+05:30,1365.661865234375,1372.0149128596886,1354.684251472443,1372.0149128596886,8079050,0.0,0.0
2022-08-30 00:00:00+05:30,1394.810791015625,1397.7537483741407,1369.6323966010168,1376.2656548394727,6725875,0.0,0.0
2022-09-01 00:00:00+05:30,1367.9508056640625,1371.5944620752352,1355.665311807066,1364.073697042377,8140604,0.0,0.0
2022-09-02 00:00:00+05:30,1357.487060546875,1380.8436858143712,1352.8157354933758,1380.8436858143712,5175653,0.0,0.0
2022-09-05 00:00:00+05:30,1365.241455078125,1370.5667198230385,1351.274125258998,1355.6184802067,3669352,0.0,0.0
2022-09-06 00:00:00+05:30,1359.448974609375,1373.3695458767859,1350.4332945772383,1365.2414860195968,3428442,0.0,0.0
2022-09-07 00:00:00+05:30,1361.8314208984375,1369.3989447050344,1343.5198494274314,1345.3416205869005,3600574,0.0,0.0
2022-09-08 00:00:00+05:30,1378.8817138671875,1383.7398461697105,1367.3902089358094,1378.040852571669,4061475,0.0,0.0
2022-09-09 00:00:00+05:30,1412.28173828125,1420.0828283779374,1382.7122276311495,1390.1863477805073,4816910,0.0,0.0
2022-09-12 00:00:00+05:30,1435.2178955078125,1444.2803347393096,1421.1572752139393,1425.5016304188198,5494819,0.0,0.0
2022-09-13 00:00:00+05:30,1443.3927001953125,1450.9135792412117,1439.9827241016542,1449.885910526163,4947158,0.0,0.0
2022-09-14 00:00:00+05:30,1378.4146728515625,1400.4165462759852,1375.2381488832518,1398.594775053144,14332197,0.0,0.0
2022-09-15 00:00:00+05:30,1338.6148681640625,1378.2276108719295,1335.111374595842,1378.0408035000303,12784100,0.0,0.0
2022-09-16 00:00:00+05:30,1286.5296630859375,1331.327624190283,1278.4014891632687,1331.327624190283,20464045,0.0,0.0
2022-09-19 00:00:00+05:30,1298.9085693359375,1313.5764830229816,1289.8461311463657,1300.4967740881866,6595241,0.0,0.0
2022-09-20 00:00:00+05:30,1297.273681640625,1320.6303061053943,1294.0503990368761,1315.3983309884716,7219797,0.0,0.0
2022-09-21 00:00:00+05:30,1286.716552734375,1297.5073597861367,1278.4483297699744,1289.1923779503666,7917054,0.0,0.0
2022-09-22 00:00:00+05:30,1278.02783203125,1292.976072860516,1270.600470487619,1276.5330307575286,9168498,0.0,0.0
2022-09-23 00:00:00+05:30,1275.6920166015625,1303.1127838251584,1272.4688481772282,1277.607305346813,10426200,0.0,0.0
2022-09-26 00:00:00+05:30,1289.519287109375,1307.4571297811308,1265.929095477778,1270.6004205533418,9414587,0.0,0.0
2022-09-27 00:00:00+05:30,1301.945068359375,1314.0437547882518,1287.4172016339928,1301.8515506202607,8561254,0.0,0.0
2022-09-28 00:00:00+05:30,1303.019287109375,1313.4363641667424,1286.482843024417,1288.3513729344015,7022098,0.0,0.0
2022-09-29 00:00:00+05:30,1306.709716796875,1317.1734387919971,1301.4310969326327,1312.5488728312102,6119965,0.0,0.0
2022-09-30 00:00:00+05:30,1320.536865234375,1326.0024069140748,1285.548685368023,1297.6473719265869,8120130,0.0,0.0
2022-10-03 00:00:00+05:30,1302.1317138671875,1319.1820484164798,1294.8911608394058,1319.1820484164798,4943169,0.0,0.0
2022-10-04 00:00:00+05:30,1335.4383544921875,1338.1009868147155,1321.0506513220512,1326.3759159671074,6631341,0.0,0.0
2022-10-06 00:00:00+05:30,1359.4957275390625,1363.8400825662466,1349.1720537467447,1350.0129150497514,6180672,0.0,0.0
2022-10-07 00:00:00+05:30,1355.80517578125,1362.018060168668,1345.4816170751267,1351.2740138303989,3994466,0.0,0.0
2022-10-10 00:00:00+05:30,1366.502685546875,1368.6981854241883,1332.588821409084,1332.588821409084,5274677,0.0,0.0
2022-10-11 00:00:00+05:30,1330.2064208984375,1382.3850931723864,1326.74957231313,1366.502589745107,12824774,0.0,0.0
2022-10-12 00:00:00+05:30,1334.784423828125,1346.3693331923362,1320.6303996368538,1342.5388693180314,5481467,0.0,0.0
2022-10-13 00:00:00+05:30,1326.56298828125,1343.4264042727966,1321.9850666546536,1336.9333076910314,4821514,0.0,0.0
2022-10-14 00:00:00+05:30,1377.3402099609375,1395.7919441625509,1370.8003548008721,1387.3835589567525,14990688,0.0,0.0
2022-10-17 00:00:00+05:30,1392.0081787109375,1396.7262628761878,1378.5080942299767,1379.8160881214742,4286396,0.0,0.0
2022-10-18 00:00:00+05:30,1404.8543701171875,1411.6277920192178,1398.828405905518,1410.740285802192,4692004,0.0,0.0
2022-10-19 00:00:00+05:30,1387.8037109375,1406.0218759735767,1383.9266029486776,1405.134369962016,3553171,0.0,0.0
2022-10-20 00:00:00+05:30,1402.238525390625,1405.1347244203164,1377.2935785441068,1378.0410362499779,4583939,0.0,0.0
2022-10-21 00:00:00+05:30,1401.8646240234375,1407.0030814923673,1393.3160765159234,1401.6778166429754,3594485,0.0,0.0
2022-10-24 00:00:00+05:30,1418.0740966796875,1421.7645118292949,1411.674404287456,1418.6813917342831,982837,0.0,0.0
2022-10-25 00:00:00+05:30,1425.9688720703125,1432.1349989397945,1421.0639802804465,1427.6504808277896,3914341,0.0,0.0
2022-10-27 00:00:00+05:30,1439.3328857421875,1449.6749580042367,1428.518691188653,1445.8026328750277,6760137,16.5,0.0
2022-10-28 00:00:00+05:30,1429.22705078125,1443.110789661149,1423.3240809696638,1441.269109196886,3053981,0.0,0.0
2022-10-31 00:00:00+05:30,1452.2724609375,1460.536619771722,1445.2833206935077,1445.2833206935077,4542336,0.0,0.0
2022-11-01 00:00:00+05:30,1485.659423828125,1487.548374144499,1461.1974941726066,1466.8171905392458,4542692,0.0,0.0
2022-11-02 00:00:00+05:30,1467.0533447265625,1485.4233408795883,1459.2141546075115,1484.7149844938565,2938906,0.0,0.0
2022-11-03 00:00:00+05:30,1445.7552490234375,1458.1751195584152,1437.1605487331522,1453.3110497695995,3174027,0.0,0.0
2022-11-04 00:00:00+05:30,1429.9354248046875,1436.0272436084686,1417.7989417807726,1436.0272436084686,4509682,0.0,0.0
2022-11-07 00:00:00+05:30,1423.7491455078125,1443.0637332203282,1408.306998488964,1436.9246441987611,4898592,0.0,0.0
2022-11-09 00:00:00+05:30,1427.2906494140625,1444.1023514206668,1417.7514744677292,1444.1023514206668,3334755,0.0,0.0
2022-11-10 00:00:00+05:30,1418.554443359375,1428.0464649876537,1402.5456352557312,1402.5456352557312,3435763,0.0,0.0
2022-11-11 00:00:00+05:30,1482.92041015625,1486.131648725158,1460.7725140027178,1460.7725140027178,7214098,0.0,0.0
2022-11-14 00:00:00+05:30,1497.2764892578125,1503.03776456757,1481.361990875597,1487.690043504655,4908813,0.0,0.0
2022-11-15 00:00:00+05:30,1505.4932861328125,1509.1294921531414,1485.423190567993,1490.2399904450758,3497614,0.0,0.0
2022-11-16 00:00:00+05:30,1513.8048095703125,1519.6605093564135,1505.0211445987848,1508.468501938895,4497697,0.0,0.0
2022-11-17 00:00:00+05:30,1499.260009765625,1513.8049514301815,1495.0570257981765,1508.5157978849704,3469515,0.0,0.0
2022-11-18 00:00:00+05:30,1504.9267578125,1509.2713205327793,1488.0206292236508,1503.3210808492718,3126064,0.0,0.0
2022-11-21 00:00:00+05:30,1481.1260986328125,1499.685061076786,1477.2066184265336,1494.2543281777228,3071764,0.0,0.0
2022-11-22 00:00:00+05:30,1497.0404052734375,1499.826560891139,1475.2702066196216,1481.8815327696454,3399329,0.0,0.0
2022-11-23 00:00:00+05:30,1495.245849609375,1503.6044315883096,1491.6096433577904,1500.6765816958277,3245067,0.0,0.0
2022-11-24 00:00:00+05:30,1539.3056640625,1545.1613639458326,1496.7570119273582,1500.7710313630366,5282215,0.0,0.0
2022-11-25 00:00:00+05:30,1544.8309326171875,1552.717277727215,1524.194171905385,1540.816912890703,4563255,0.0,0.0
2022-11-28 00:00:00+05:30,1533.260986328125,1561.6896653728998,1530.049747749681,1537.6055489731361,3825766,0.0,0.0
2022-11-29 00:00:00+05:30,1538.59716796875,1547.758530084799,1525.3745169108172,1531.1829463916579,3131710,0.0,0.0
2022-11-30 00:00:00+05:30,1544.1697998046875,1554.3701788590145,1523.5803080509859,1530.0026707250063,11868134,0.0,0.0
2022-12-01 00:00:00+05:30,1565.08984375,1579.7292094705547,1560.556431928097,1564.2397930045233,5407928,0.0,0.0
2022-12-02 00:00:00+05:30,1546.9559326171875,1569.5289126562202,1543.2251864512484,1564.050910451936,4283343,0.0,0.0
2022-12-05 00:00:00+05:30,1548.7032470703125,1553.520047649621,1533.1666757673513,1547.050415429896,3824966,0.0,0.0
2022-12-06 00:00:00+05:30,1523.343994140625,1535.7165955605278,1518.2910751411368,1534.7721204095067,4822398,0.0,0.0
2022-12-07 00:00:00+05:30,1516.35498046875,1533.6389232799295,1508.0435523349004,1518.7161685417316,4898087,0.0,0.0
2022-12-08 00:00:00+05:30,1530.1915283203125,1533.7333103434164,1509.7436170484489,1516.3549434915763,4206837,0.0,0.0
2022-12-09 00:00:00+05:30,1482.1650390625,1537.6056894891653,1474.420272925267,1537.6056894891653,8880658,0.0,0.0
2022-12-12 00:00:00+05:30,1461.291748046875,1479.0006551956417,1445.0940932086946,1463.9363242980364,8037679,0.0,0.0
2022-12-13 00:00:00+05:30,1484.8568115234375,1489.9097311347348,1455.578078296701,1461.292084476807,6135067,0.0,0.0
2022-12-14 00:00:00+05:30,1491.7041015625,1500.2988025222505,1485.6594374362608,1494.1597139378032,4976020,0.0,0.0
2022-12-15 00:00:00+05:30,1454.964111328125,1482.826130986794,1450.0056163041245,1482.1650444338825,6443866,0.0,0.0
2022-12-16 00:00:00+05:30,1437.6800537109375,1463.4642718981172,1428.0937229956533,1440.3246302966304,9630453,0.0,0.0
2022-12-19 00:00:00+05:30,1423.65478515625,1432.6745701649377,1412.0378084292465,1424.221447263744,6222740,0.0,0.0
2022-12-20 00:00:00+05:30,1423.607666015625,1431.8245550098713,1400.1373625732688,1417.6574255077949,7396259,0.0,0.0
2022-12-21 00:00:00+05:30,1425.732666015625,1436.5468615586603,1418.9323750103279,1430.8800100337742,6236361,0.0,0.0
2022-12-22 00:00:00+05:30,1437.5384521484375,1444.9997136201623,1427.810311959594,1437.0189446975508,6302640,0.0,0.0
2022-12-23 00:00:00+05:30,1413.9737548828125,1426.0630831837523,1410.1014297417296,1424.9296438035758,6283822,0.0,0.0
2022-12-26 00:00:00+05:30,1418.9794921875,1426.063055831315,1413.2653713978718,1417.1849663392582,4115459,0.0,0.0
2022-12-27 00:00:00+05:30,1430.73828125,1436.9717947188592,1414.351659043433,1426.1103295575908,4860076,0.0,0.0
2022-12-28 00:00:00+05:30,1426.29931640625,1440.2774808775057,1415.2961567272368,1421.5296702949852,5029860,0.0,0.0
2022-12-29 00:00:00+05:30,1433.2884521484375,1436.8302343122002,1417.657340748743,1420.4907664797531,4624745,0.0,0.0
2022-12-30 00:00:00+05:30,1424.4573974609375,1445.424815295315,1420.5379177608472,1443.158051841277,5060544,0.0,0.0
2023-01-02 00:00:00+05:30,1439.380126953125,1441.7413148254234,1420.5378938491342,1429.9353754639312,3801140,0.0,0.0
2023-01-03 00:00:00+05:30,1438.0107421875,1447.5499185184115,1430.9743328684137,1435.4605900069873,4551130,0.0,0.0
2023-01-04 00:00:00+05:30,1411.801513671875,1436.5467167186507,1408.3068864084412,1436.5467167186507,7059590,0.0,0.0
2023-01-05 00:00:00+05:30,1393.289794921875,1422.2852532783609,1387.6702134939665,1422.2852532783609,9868404,0.0,0.0
2023-01-06 00:00:00+05:30,1368.0723876953125,1393.1009816020614,1366.1834372117844,1388.3786053932408,6443714,0.0,0.0
2023-01-09 00:00:00+05:30,1402.0262451171875,1406.6541969216976,1367.7890171490933,1367.7890171490933,11498717,0.0,0.0
2023-01-10 00:00:00+05:30,1388.1424560546875,1401.5068034902176,1373.314241202049,1399.7122775118537,7158624,0.0,0.0
2023-01-11 00:00:00+05:30,1389.55908203125,1411.0458919658029,1382.711637107052,1388.378488078802,6173092,0.0,0.0
2023-01-12 00:00:00+05:30,1398.389892578125,1402.545606321999,1374.2113516488273,1399.6649109799423,6591385,0.0,0.0
2023-01-13 00:00:00+05:30,1420.1600341796875,1435.0355172875645,1386.4894731659233,1401.1288374943101,11610426,0.0,0.0
2023-01-16 00:00:00+05:30,1440.7967529296875,1443.1579406598246,1418.8849769109625,1426.1573890028371,6073063,0.0,0.0
2023-01-17 00:00:00+05:30,1454.0196533203125,1456.5696903887838,1439.3802868854539,1442.2137126470395,5922644,0.0,0.0
2023-01-18 00:00:00+05:30,1459.592041015625,1465.6838601217994,1454.1140385739964,1458.9781090586928,5843098,0.0,0.0
2023-01-19 00:00:00+05:30,1453.452880859375,1463.5115646076813,1441.4108222870432,1454.3973560415186,6165284,0.0,0.0
2023-01-20 00:00:00+05:30,1440.8441162109375,1459.2141118253805,1439.3801336063948,1452.6027857523852,6496429,0.0,0.0
2023-01-23 00:00:00+05:30,1462.047607421875,1467.0533720913706,1443.2525279113988,1449.7694298401668,4855020,0.0,0.0
2023-01-24 00:00:00+05:30,1465.7310791015625,1481.692732965586,1463.700434372558,1473.3813051274014,5200802,0.0,0.0
2023-01-25 00:00:00+05:30,1457.3251953125,1469.6033725899222,1453.311175817958,1461.1030960132452,4158617,0.0,0.0
2023-01-27 00:00:00+05:30,1434.799560546875,1464.8338035145046,1423.7019766575365,1460.1586972695673,6209955,0.0,0.0
2023-01-30 00:00:00+05:30,1453.3583984375,1458.269623071828,1435.60221960439,1443.9136469927344,6964719,0.0,0.0
2023-01-31 00:00:00+05:30,1448.5888671875,1462.897689814284,1428.9910063926243,1462.897689814284,9448126,0.0,0.0
2023-02-01 00:00:00+05:30,1464.9754638671875,1468.7062100933274,1443.2053796201194,1456.5696115045794,6194199,0.0,0.0
2023-02-02 00:00:00+05:30,1495.8125,1498.8347743250388,1465.825414364641,1465.825414364641,6916834,0.0,0.0
2023-02-03 00:00:00+05:30,1510.5936279296875,1515.5521226311844,1485.6594600865421,1508.7991020268603,7040194,0.0,0.0
2023-02-06 00:00:00+05:30,1482.6844482421875,1509.2714495897462,1474.8925274292242,1509.2714495897462,4570612,0.0,0.0
2023-02-07 00:00:00+05:30,1475.6480712890625,1488.5401807904138,1468.753356231964,1481.8815845326353,4336238,0.0,0.0
2023-02-08 00:00:00+05:30,1502.1878662109375,1513.9938066872887,1478.5759852582348,1478.5759852582348,7983338,0.0,0.0
2023-02-09 00:00:00+05:30,1527.2164306640625,1529.8137375189335,1497.98496872347,1507.5712999720852,6904911,0.0,0.0
2023-02-10 00:00:00+05:30,1519.2354736328125,1526.555155683882,1507.8072326482136,1523.3910718537165,4786762,0.0,0.0
2023-02-13 00:00:00+05:30,1480.4176025390625,1508.3268907484492,1479.0481596193308,1508.3268907484492,4001199,0.0,0.0
2023-02-14 00:00:00+05:30,1504.7850341796875,1507.3823408446767,1490.5234824594945,1496.7097255224974,5043736,0.0,0.0
2023-02-15 00:00:00+05:30,1508.3740234375,1510.215703788586,1488.4927762168927,1496.0485771113947,3465747,0.0,0.0
2023-02-16 00:00:00+05:30,1512.8603515625,1524.8078700564581,1509.129605519481,1511.1602501641144,4290289,0.0,0.0
2023-02-17 00:00:00+05:30,1495.8597412109375,1506.4378164382567,1488.020551597789,1505.4933413182328,2857734,0.0,0.0
2023-02-20 00:00:00+05:30,1504.0294189453125,1513.9936779772104,1494.6319372420057,1496.9458552617011,2417716,0.0,0.0
2023-02-21 00:00:00+05:30,1491.7984619140625,1512.7186090190055,1488.4927989721828,1509.9323382211396,2723288,0.0,0.0
2023-02-22 00:00:00+05:30,1475.081298828125,1487.5483243821882,1468.942210505278,1476.2146228630859,3656244,0.0,0.0
2023-02-23 00:00:00+05:30,1464.59765625,1482.6843795085974,1462.189313649435,1482.6843795085974,4766854,0.0,0.0
2023-02-24 00:00:00+05:30,1464.5504150390625,1481.881510990579,1459.2141073807804,1473.3812346369045,2790986,0.0,0.0
2023-02-27 00:00:00+05:30,1425.4964599609375,1454.4918023717858,1418.6017449106637,1454.4918023717858,4920268,0.0,0.0
2023-02-28 00:00:00+05:30,1404.9542236328125,1439.3803008531916,1399.0512532388937,1431.4466855852863,9679811,0.0,0.0
2023-03-01 00:00:00+05:30,1412.982177734375,1417.5155895467217,1399.2400173732228,1409.5348201747763,5125043,0.0,0.0
2023-03-02 00:00:00+05:30,1390.4090576171875,1405.945627075072,1385.8283763876411,1402.5455397341907,4644499,0.0,0.0
2023-03-03 00:00:00+05:30,1397.162109375,1407.0790982644812,1391.2118699243615,1404.1984029939204,4615015,0.0,0.0
2023-03-06 00:00:00+05:30,1423.7491455078125,1435.980168964674,1410.2432188357975,1411.565507221997,6561742,0.0,0.0
2023-03-08 00:00:00+05:30,1409.8179931640625,1412.9348072381556,1398.8621046156106,1407.787463850127,4137080,0.0,0.0
2023-03-09 00:00:00+05:30,1398.201171875,1415.1544563587315,1392.723169352252,1411.9904873552425,5104656,0.0,0.0
2023-03-10 00:00:00+05:30,1389.842529296875,1392.439836101771,1376.7143009336512,1378.9337945993584,3699580,0.0,0.0
2023-03-13 00:00:00+05:30,1355.416259765625,1396.2176552723176,1348.7105092835448,1382.9004634719615,8798403,0.0,0.0
2023-03-14 00:00:00+05:30,1341.15478515625,1367.9306340408577,1332.6545083489218,1360.9887643733496,7402784,0.0,0.0
2023-03-15 00:00:00+05:30,1340.82421875,1362.7359969137106,1338.1796421164158,1358.1553153273069,7556182,0.0,0.0
2023-03-16 00:00:00+05:30,1326.1375732421875,1339.0769523451984,1321.0373842268539,1339.0769523451984,7323117,0.0,0.0
2023-03-17 00:00:00+05:30,1341.81591796875,1362.7833373255735,1333.0323674735994,1350.5995837562878,9090018,0.0,0.0
2023-03-20 00:00:00+05:30,1325.712646484375,1340.8714043712364,1307.9564664876032,1340.8714043712364,8221829,0.0,0.0
2023-03-21 00:00:00+05:30,1313.4815673828125,1326.9876083750403,1312.8204808834917,1321.3207573784207,8536755,0.0,0.0
2023-03-22 00:00:00+05:30,1312.1121826171875,1329.1127363599333,1305.406431699359,1325.0987167262294,8356487,0.0,0.0
2023-03-23 00:00:00+05:30,1298.228271484375,1307.1062450308839,1293.930863739679,1307.1062450308839,7607718,0.0,0.0
2023-03-24 00:00:00+05:30,1303.9898681640625,1321.2736972723544,1301.014747860023,1310.9317386785567,7559127,0.0,0.0
2023-03-27 00:00:00+05:30,1311.8287353515625,1318.2512125956143,1297.8033021986503,1309.2786985209889,4170193,0.0,0.0
2023-03-28 00:00:00+05:30,1301.1090087890625,1320.3763258731558,1299.4561771937276,1314.8038991504077,6633366,0.0,0.0
2023-03-29 00:00:00+05:30,1306.7286376953125,1312.726031829221,1288.7836098755815,1302.4312296531107,8813966,0.0,0.0
2023-03-31 00:00:00+05:30,1348.663330078125,1350.5522804982309,1316.504018351253,1326.043194914311,8711975,0.0,0.0
2023-04-03 00:00:00+05:30,1332.5126953125,1355.3217924388478,1327.129233264361,1355.3217924388478,5242764,0.0,0.0
2023-04-05 00:00:00+05:30,1344.5076904296875,1348.2383212787956,1322.265253793565,1322.265253793565,7506334,0.0,0.0
2023-04-06 00:00:00+05:30,1342.9493408203125,1349.0884297614841,1332.040605892507,1337.3769139536948,6948465,0.0,0.0
2023-04-10 00:00:00+05:30,1348.332763671875,1354.3774279709469,1336.4323992879288,1344.8854061558714,4993788,0.0,0.0
2023-04-11 00:00:00+05:30,1328.0738525390625,1353.763532384397,1311.8760794712748,1349.560663775903,6942255,0.0,0.0
2023-04-12 00:00:00+05:30,1348.993896484375,1352.0161708331361,1322.2652037487883,1334.5906505149685,5831169,0.0,0.0
2023-04-13 00:00:00+05:30,1312.0648193359375,1332.7016933940142,1306.2091195805815,1331.473829594161,11267238,0.0,0.0
2023-04-17 00:00:00+05:30,1188.4332275390625,1191.1249588849823,1119.4865357773094,1180.877425702158,53171705,0.0,0.0
2023-04-18 00:00:00+05:30,1189.4246826171875,1199.436095521839,1183.5217132993068,1199.436095521839,12430884,0.0,0.0
2023-04-19 00:00:00+05:30,1163.7823486328125,1184.7024983295853,1161.1378871271065,1184.7024983295853,11307230,0.0,0.0
2023-04-20 00:00:00+05:30,1155.4710693359375,1169.1186908818133,1153.5821187943689,1162.3656696372277,8621249,0.0,0.0
2023-04-21 00:00:00+05:30,1159.2015380859375,1164.7739644611129,1152.259668876998,1159.9098944397554,8691352,0.0,0.0
2023-04-24 00:00:00+05:30,1158.2100830078125,1161.7045954299535,1150.3708920599054,1159.815644868279,8313774,0.0,0.0
2023-04-25 00:00:00+05:30,1156.8876953125,1166.8991093720679,1147.5373677758498,1157.8793250968768,6808576,0.0,0.0
2023-04-26 00:00:00+05:30,1159.390625,1164.537968932259,1152.7792983312847,1159.8155927403195,5680192,0.0,0.0
2023-04-27 00:00:00+05:30,1177.052001953125,1178.5159843613656,1157.3597207061027,1161.7042827701857,8020704,0.0,0.0
2023-04-28 00:00:00+05:30,1183.1912841796875,1189.0942540668343,1175.8243316435762,1185.9774398494685,10118277,0.0,0.0
2023-05-02 00:00:00+05:30,1206.519775390625,1208.6921144266482,1184.8913859520385,1184.8913859520385,8886401,0.0,0.0
2023-05-03 00:00:00+05:30,1198.6805419921875,1201.8445103755676,1192.0219467214906,1195.7054225033153,5549783,0.0,0.0
2023-05-04 00:00:00+05:30,1202.8363037109375,1204.9613726753178,1192.3998077911442,1198.4916260387529,4505401,0.0,0.0
2023-05-05 00:00:00+05:30,1189.188720703125,1207.9838005488753,1184.6080389667136,1207.9838005488753,5373791,0.0,0.0
2023-05-08 00:00:00+05:30,1195.3277587890625,1199.7668612883554,1185.5051939075663,1192.3526389284218,5260842,0.0,0.0
2023-05-09 00:00:00+05:30,1200.14453125,1201.3723950663111,1190.6997797164597,1195.7055441461869,4969897,0.0,0.0
2023-05-10 00:00:00+05:30,1193.1082763671875,1205.528148097129,1189.235951170682,1205.528148097129,6515734,0.0,0.0
2023-05-11 00:00:00+05:30,1186.355224609375,1205.0558788815872,1183.474644548764,1199.7195711727468,6888461,0.0,0.0
2023-05-12 00:00:00+05:30,1176.0606689453125,1186.2610489224344,1170.2522377310868,1183.7581661667848,8292212,0.0,0.0
2023-05-15 00:00:00+05:30,1188.480224609375,1198.4444830781301,1176.4854368999781,1180.499456093834,5534710,0.0,0.0
2023-05-16 00:00:00+05:30,1194.10009765625,1203.214191531138,1192.6361149104202,1194.7611842103993,5236469,0.0,0.0
2023-05-17 00:00:00+05:30,1177.666015625,1190.9358214961414,1173.463032288923,1190.6052782723166,10465667,0.0,0.0
2023-05-18 00:00:00+05:30,1176.8160400390625,1189.7081489294264,1173.463107130668,1188.7164039023305,6948732,0.0,0.0
2023-05-19 00:00:00+05:30,1198.444580078125,1202.6002939324767,1183.2385527244203,1186.3080970622827,11094136,0.0,0.0
2023-05-22 00:00:00+05:30,1221.0174560546875,1223.6619171606897,1199.7194964212665,1202.269533075692,7625947,0.0,0.0
2023-05-23 00:00:00+05:30,1227.8651123046875,1241.1821904601989,1225.0316865144769,1227.0622160968821,7436031,0.0,0.0
2023-05-24 00:00:00+05:30,1226.542724609375,1232.5401189881206,1219.6008550436654,1224.3232309784858,4824077,0.0,0.0
2023-05-25 00:00:00+05:30,1231.92626953125,1234.4291520027402,1217.6647163118078,1222.623211375323,4334121,0.0,0.0
2023-05-26 00:00:00+05:30,1244.2989501953125,1249.965802051454,1233.4847540201342,1233.4847540201342,5521606,0.0,0.0
2023-05-29 00:00:00+05:30,1241.4180908203125,1258.7019159236804,1237.1206830110968,1258.7019159236804,4419365,0.0,0.0
2023-05-30 00:00:00+05:30,1250.3433837890625,1252.751841499064,1236.4596454284215,1241.984801906947,6274719,0.0,0.0
2023-05-31 00:00:00+05:30,1245.101806640625,1257.1910210385058,1241.1822111736103,1246.5656741478958,17800782,0.0,0.0
2023-06-01 00:00:00+05:30,1246.235107421875,1255.6798600359098,1244.9128189974322,1249.1158030861118,4277841,0.0,0.0
2023-06-02 00:00:00+05:30,1243.363525390625,1256.6682084995432,1240.539921319191,1252.9352230456723,10909311,17.5,0.0
2023-06-05 00:00:00+05:30,1248.6280517578125,1253.3659957118443,1241.7364756715806,1248.1494668395458,5002553,0.0,0.0
2023-06-06 00:00:00+05:30,1224.22021484375,1233.4090218604124,1218.4771958530835,1233.4090218604124,10008100,0.0,0.0
2023-06-07 00:00:00+05:30,1233.743896484375,1238.5776504350094,1227.57019836391,1235.227556326414,5397578,0.0,0.0
2023-06-08 00:00:00+05:30,1227.857421875,1236.6633369804708,1226.2301631685025,1231.1117056039702,5034942,0.0,0.0
2023-06-09 00:00:00+05:30,1211.7291259765625,1227.570333745329,1209.8626915041682,1227.570333745329,5339073,0.0,0.0
2023-06-12 00:00:00+05:30,1236.615478515625,1240.2048652718436,1218.477157511007,1218.9557424118361,4785588,0.0,0.0
2023-06-13 00:00:00+05:30,1248.9630126953125,1250.5423662622104,1241.497158225824,1244.2250688366375,4846587,0.0,0.0
2023-06-14 00:00:00+05:30,1244.7037353515625,1250.7338354904978,1237.8120421101742,1250.3988494008945,3457981,0.0,0.0
2023-06-15 00:00:00+05:30,1231.68603515625,1238.5297051402135,1227.713757473316,1238.5297051402135,6161155,0.0,0.0
2023-06-16 00:00:00+05:30,1236.328369140625,1245.756468100915,1226.1823928456627,1231.8775062972554,8536287,0.0,0.0
2023-06-19 00:00:00+05:30,1238.57763671875,1243.842070259672,1231.9253537992975,1238.57763671875,4451787,0.0,0.0
2023-06-20 00:00:00+05:30,1247.5751953125,1249.1066436911499,1235.8019595202115,1238.5777754301519,4009180,0.0,0.0
2023-06-21 00:00:00+05:30,1243.6986083984375,1247.958084292208,1239.5349429622966,1244.2728869341083,4041529,0.0,0.0
2023-06-22 00:00:00+05:30,1226.660888671875,1234.1746475274917,1218.9556257690415,1234.1746475274917,6676607,0.0,0.0
2023-06-23 00:00:00+05:30,1210.81982421875,1224.555187789112,1209.2404706448435,1221.7793719383096,7239467,0.0,0.0
2023-06-26 00:00:00+05:30,1215.9405517578125,1219.4342446654837,1208.187500258247,1215.8448581525356,3403244,0.0,0.0
2023-06-27 00:00:00+05:30,1224.36376953125,1227.0916800850327,1219.625708929612,1225.1773404905161,3240024,0.0,0.0
2023-06-28 00:00:00+05:30,1237.95556640625,1241.1620619428177,1226.5174337656215,1234.749070869682,5662358,0.0,0.0
2023-06-30 00:00:00+05:30,1278.3001708984375,1281.5545713398865,1248.5800041268935,1252.1693906045193,12821692,0.0,0.0
2023-07-03 00:00:00+05:30,1276.577392578125,1288.3506285655708,1271.5522508248046,1273.0359108411658,7732412,0.0,0.0
2023-07-04 00:00:00+05:30,1287.5369873046875,1288.350558271002,1274.3759024783678,1286.723416338373,5797775,0.0,0.0
2023-07-05 00:00:00+05:30,1289.594970703125,1299.7887360139223,1283.56475398117,1299.6930423984352,5414936,0.0,0.0
2023-07-06 00:00:00+05:30,1286.3404541015625,1289.7383366186514,1279.8795582704377,1285.0482983037398,5963897,0.0,0.0
2023-07-07 00:00:00+05:30,1273.22705078125,1288.1589911359824,1268.5848012410931,1276.8643422711466,6295647,0.0,0.0
2023-07-10 00:00:00+05:30,1272.2222900390625,1284.426205248069,1262.7941906773713,1279.3053700777916,3940315,0.0,0.0
2023-07-11 00:00:00+05:30,1290.839111328125,1293.0406485067226,1270.1642679388192,1276.337966136608,6126128,0.0,0.0
2023-07-12 00:00:00+05:30,1276.1944580078125,1293.9977917605693,1270.1642419235197,1293.1363156282405,8102770,0.0,0.0
2023-07-13 00:00:00+05:30,1306.632568359375,1317.831525962367,1273.8495002569089,1277.7260849737188,9977644,0.0,0.0
2023-07-14 00:00:00+05:30,1364.8760986328125,1368.7526826877163,1321.5163809577684,1321.5163809577684,12833381,0.0,0.0
2023-07-17 00:00:00+05:30,1362.004638671875,1396.462749409928,1353.7252138709227,1364.8761479000461,11569884,0.0,0.0
2023-07-18 00:00:00+05:30,1412.016845703125,1414.6490626596121,1367.795647570948,1372.5814965827428,16743977,0.0,0.0
2023-07-19 00:00:00+05:30,1411.7774658203125,1434.6060576663988,1398.1377969814102,1422.35423821816,13687062,0.0,0.0
2023-07-20 00:00:00+05:30,1387.41748046875,1407.996629023478,1378.994340370013,1407.996629023478,8347221,0.0,0.0
2023-07-21 00:00:00+05:30,1274.567138671875,1292.1790843754673,1249.1064482296183,1263.6553808131926,45548305,0.0,0.0
2023-07-24 00:00:00+05:30,1279.3531494140625,1292.0835546710005,1277.1038237206385,1283.5647199620582,8859789,0.0,0.0
2023-07-25 00:00:00+05:30,1277.438720703125,1285.335371114177,1267.532037192207,1279.735951463833,6801982,0.0,0.0
2023-07-26 00:00:00+05:30,1291.0784912109375,1292.1792598747902,1282.0332831286216,1285.4790711198839,5528885,0.0,0.0
2023-07-27 00:00:00+05:30,1295.1943359375,1305.388217657794,1289.3556235362757,1300.4108646014263,9191861,0.0,0.0
2023-07-28 00:00:00+05:30,1283.0860595703125,1305.4359500332916,1278.7787956627658,1295.8642524609656,6122735,0.0,0.0
2023-07-31 00:00:00+05:30,1297.635009765625,1299.3579620875187,1276.1465951772996,1290.98272660445,7902180,0.0,0.0
2023-08-01 00:00:00+05:30,1306.7281494140625,1310.3654413496479,1298.879403879819,1303.6652528255809,6064652,0.0,0.0
2023-08-02 00:00:00+05:30,1298.7357177734375,1313.1889572500386,1290.6954687164252,1310.6525509528328,7419145,0.0,0.0
2023-08-03 00:00:00+05:30,1305.86669921875,1308.0203310944992,1291.2219557268538,1292.179125449409,6503741,0.0,0.0
2023-08-04 00:00:00+05:30,1319.3148193359375,1326.5414972349383,1303.665118266992,1310.26961249886,5712345,0.0,0.0
2023-08-07 00:00:00+05:30,1333.3375244140625,1335.2518640040323,1318.0228076943029,1328.4559818280422,3729093,0.0,0.0
2023-08-08 00:00:00+05:30,1330.657470703125,1333.8640831548923,1325.1059557118401,1333.1939941587225,4161877,0.0,0.0
2023-08-09 00:00:00+05:30,1334.677490234375,1336.2089384286423,1323.2871471186234,1324.7229017086254,4090828,0.0,0.0
2023-08-10 00:00:00+05:30,1329.6044921875,1336.0175996940638,1326.2543980226121,1331.9974165909912,3873025,0.0,0.0
2023-08-11 00:00:00+05:30,1313.0933837890625,1337.0226290993637,1308.4990387946955,1332.3803788775688,5783517,0.0,0.0
2023-08-14 00:00:00+05:30,1333.864013671875,1335.2518631368955,1307.1110478142093,1313.0933590289803,4304135,0.0,0.0
2023-08-16 00:00:00+05:30,1357.7452392578125,1359.1330886062578,1345.2063393732865,1350.3750791970929,7735313,0.0,0.0
2023-08-17 00:00:00+05:30,1351.093017578125,1359.1810552900536,1345.7806786886022,1359.1810552900536,5618346,0.0,0.0
2023-08-18 00:00:00+05:30,1329.3175048828125,1348.3650910010062,1326.780981468263,1343.5792418573355,5134103,0.0,0.0
2023-08-21 00:00:00+05:30,1345.2064208984375,1346.7378691651907,1327.738072559941,1330.2266905986667,3032722,0.0,0.0
2023-08-22 00:00:00+05:30,1343.6270751953125,1345.8286124204167,1336.8311931433152,1344.5363397471522,2890714,0.0,0.0
2023-08-23 00:00:00+05:30,1347.647216796875,1355.9267592032893,1345.4457962908243,1355.352480673103,2559125,0.0,0.0
2023-08-24 00:00:00+05:30,1362.6268310546875,1364.0147972956859,1353.8687044845635,1360.6167979505633,5171963,0.0,0.0
2023-08-25 00:00:00+05:30,1359.2767333984375,1361.5739641580376,1350.9494033421483,1352.4808515678785,4307172,0.0,0.0
2023-08-28 00:00:00+05:30,1355.0174560546875,1363.7755831274526,1350.9494843887273,1359.2768149445922,3133464,0.0,0.0
2023-08-29 00:00:00+05:30,1356.931884765625,1363.3927813652308,1354.6825589475004,1363.0098900501825,3074444,0.0,0.0
2023-08-30 00:00:00+05:30,1373.68212890625,1375.117883467311,1363.0096633006285,1365.8811724227505,3070887,0.0,0.0
2023-08-31 00:00:00+05:30,1373.96923828125,1383.014562309211,1367.4605542409793,1373.682157468272,9792735,0.0,0.0
2023-09-01 00:00:00+05:30,1382.0096435546875,1384.067582069322,1367.0299122613976,1369.6621293089015,3582133,0.0,0.0
2023-09-04 00:00:00+05:30,1402.349365234375,1407.0395203372343,1373.2513817175025,1381.1959373106322,4609014,0.0,0.0
2023-09-05 00:00:00+05:30,1415.5584716796875,1416.659240342268,1394.1178443203628,1402.2537877990603,5496840,0.0,0.0
2023-09-06 00:00:00+05:30,1414.17041015625,1419.387055434943,1400.6265515739271,1418.42988567834,5075786,0.0,0.0
2023-09-07 00:00:00+05:30,1403.40234375,1410.2940365611894,1399.430182469475,1407.6139143276125,4411743,0.0,0.0
2023-09-08 00:00:00+05:30,1406.65673828125,1411.58618620225,1397.6593186420878,1400.8180257718209,3125838,0.0,0.0
2023-09-11 00:00:00+05:30,1413.2132568359375,1414.7448219379241,1401.7751248483062,1406.6566672953534,4182226,0.0,0.0
2023-09-12 00:00:00+05:30,1436.8074951171875,1439.5833107736507,1413.8354210090974,1419.00416105182,6793161,0.0,0.0
2023-09-13 00:00:00+05:30,1434.17529296875,1440.5404952697397,1424.8907929918562,1440.5404952697397,4804686,0.0,0.0
2023-09-14 00:00:00+05:30,1442.4068603515625,1447.7671042480051,1434.9410066535286,1440.5404261375556,6444213,0.0,0.0
2023-09-15 00:00:00+05:30,1446.8577880859375,1453.3665892008116,1444.3691700744898,1452.9836979278168,8657816,0.0,0.0
2023-09-18 00:00:00+05:30,1427.9058837890625,1440.4447841808055,1424.2685919920634,1440.4447841808055,3991916,0.0,0.0
2023-09-20 00:00:00+05:30,1426.4222412109375,1431.0644911992692,1412.9739592860678,1412.9739592860678,4169337,0.0,0.0
2023-09-21 00:00:00+05:30,1437.4296875,1440.1098095655877,1412.7825661727984,1422.8807538805536,6779195,0.0,0.0
2023-09-22 00:00:00+05:30,1432.0697021484375,1442.4070664788244,1421.5886221293504,1428.0017302640576,5455613,0.0,0.0
2023-09-25 00:00:00+05:30,1411.011962890625,1426.0394828536082,1408.5233446399557,1426.0394828536082,4217863,0.0,0.0
2023-09-26 00:00:00+05:30,1398.0899658203125,1416.51548281083,1396.5106124241527,1415.797605525485,3996528,0.0,0.0
2023-09-27 00:00:00+05:30,1404.1680908203125,1406.6567089216658,1387.9441095138986,1393.6392230636502,3863586,0.0,0.0
2023-09-28 00:00:00+05:30,1377.7979736328125,1409.528174760257,1373.5386149087508,1405.0295235945734,5814602,0.0,0.0
2023-09-29 00:00:00+05:30,1373.96923828125,1384.8332081594365,1355.3523338225386,1370.7627430632776,6068968,0.0,0.0
2023-10-03 00:00:00+05:30,1372.5814208984375,1375.4529301471791,1359.4682420659888,1374.5436656218817,4181867,0.0,0.0
2023-10-04 00:00:00+05:30,1382.4881591796875,1387.8482866211777,1357.458145868658,1363.9669471603343,4510406,0.0,0.0
2023-10-05 00:00:00+05:30,1400.7701416015625,1412.4476836379838,1388.087641348405,1389.8105937799817,7384621,0.0,0.0
2023-10-06 00:00:00+05:30,1415.3668212890625,1420.9184524138752,1400.6265010427803,1406.5609065828155,3598672,0.0,0.0
2023-10-09 00:00:00+05:30,1412.256103515625,1427.1401403140562,1399.5736039454298,1402.1580324536212,3567552,0.0,0.0
2023-10-10 00:00:00+05:30,1431.1124267578125,1432.883167490851,1406.1781071331397,1420.3442666814785,5688951,0.0,0.0
2023-10-11 00:00:00+05:30,1430.3946533203125,1453.2231309719514,1417.9992336046346,1432.8832715725416,7220129,0.0,0.0
2023-10-12 00:00:00+05:30,1402.7322998046875,1439.966227275719,1389.8105078924643,1428.0016051347714,11081662,0.0,0.0
2023-10-13 00:00:00+05:30,1369.8536376953125,1376.4102277204304,1340.0377738585555,1344.8236230509074,17973439,0.0,0.0
2023-10-16 00:00:00+05:30,1372.7249755859375,1381.7701826917983,1368.7526978845146,1370.762730925594,4850745,0.0,0.0
2023-10-17 00:00:00+05:30,1380.6695556640625,1391.102730036778,1376.4581019432765,1378.5638288036694,3923764,0.0,0.0
2023-10-18 00:00:00+05:30,1378.85107421875,1391.7249619650427,1376.745230443438,1380.2389237645057,4264837,0.0,0.0
2023-10-19 00:00:00+05:30,1372.24658203125,1377.9896011446858,1365.0199029100343,1365.0199029100343,6795691,0.0,0.0
2023-10-20 00:00:00+05:30,1366.1204833984375,1376.888642752603,1364.206143957697,1368.7527001294557,3928622,0.0,0.0
2023-10-23 00:00:00+05:30,1348.317138671875,1371.0020141177954,1345.0627382814798,1364.541118559425,2636516,0.0,0.0
2023-10-25 00:00:00+05:30,1328.34423828125,1359.854903005555,1319.8605977785526,1356.4129215170024,6940777,18.0,0.0
2023-10-26 00:00:00+05:30,1318.06689453125,1332.1740248876365,1311.9102187421258,1313.8009297463984,6357656,0.0,0.0
2023-10-27 00:00:00+05:30,1338.33056640625,1342.8390388356668,1322.1389805721394,1322.1389805721394,4634358,0.0,0.0
2023-10-30 00:00:00+05:30,1335.1312255859375,1338.3306991709762,1321.6058069559424,1338.3306991709762,2667696,0.0,0.0
2023-10-31 00:00:00+05:30,1326.744384765625,1339.106260389681,1321.5087431833892,1337.9427187300982,3451595,0.0,0.0
2023-11-01 00:00:00+05:30,1312.92822265625,1335.5188742639937,1310.5043253793874,1331.2529097402028,3090672,0.0,0.0
2023-11-02 00:00:00+05:30,1328.4412841796875,1334.4040956855645,1320.2000327004152,1328.2958266591793,3758060,0.0,0.0
2023-11-03 00:00:00+05:30,1346.765869140625,1349.626020621318,1335.809805970561,1338.0398388348838,3349045,0.0,0.0
2023-11-06 00:00:00+05:30,1360.5821533203125,1364.4118639195729,1348.4626661652264,1351.4682753088146,2736381,0.0,0.0
2023-11-07 00:00:00+05:30,1361.5516357421875,1363.102906339948,1352.3892329554603,1357.3824850534934,2272209,0.0,0.0
2023-11-08 00:00:00+05:30,1348.6566162109375,1362.2304426861015,1344.2450752647594,1362.2304426861015,3550635,0.0,0.0
2023-11-09 00:00:00+05:30,1332.94970703125,1354.9586481059657,1328.3443019661313,1353.4073774391145,5498051,0.0,0.0
2023-11-10 00:00:00+05:30,1327.1806640625,1331.3498146348768,1319.569650440237,1328.2471551715582,2943649,0.0,0.0
2023-11-13 00:00:00+05:30,1331.73779296875,1340.3667732632905,1329.1199126931294,1337.8459435697944,3462092,0.0,0.0
2023-11-15 00:00:00+05:30,1367.5628662109375,1370.956322454637,1350.5955849924396,1356.4129385530675,8551860,0.0,0.0
2023-11-16 00:00:00+05:30,1400.915771484375,1409.1570226826689,1367.6598516601018,1372.99242596488,6673907,0.0,0.0
2023-11-17 00:00:00+05:30,1393.78955078125,1406.8300716432257,1391.3656533456137,1397.1830071911406,4901251,0.0,0.0
2023-11-20 00:00:00+05:30,1392.868408203125,1407.7996401789267,1390.0082565513956,1398.1040503705317,3584210,0.0,0.0
2023-11-21 00:00:00+05:30,1395.1953125,1405.8604608234884,1393.0138048883773,1398.1039893154968,3793135,0.0,0.0
2023-11-22 00:00:00+05:30,1413.423095703125,1414.537993820851,1392.4805275358865,1392.4805275358865,3108786,0.0,0.0
2023-11-23 00:00:00+05:30,1405.13330078125,1423.2155987730268,1403.630437075033,1423.2155987730268,3186928,0.0,0.0
2023-11-24 00:00:00+05:30,1393.6441650390625,1408.4299401579333,1390.202183161445,1401.5460947570714,2973195,0.0,0.0
2023-11-28 00:00:00+05:30,1398.7825927734375,1401.0126256092306,1383.6090905082851,1400.0430666987743,3755373,0.0,0.0
2023-11-29 00:00:00+05:30,1415.168212890625,1416.2347040595835,1405.6666062392922,1406.9269618555657,3875778,0.0,0.0
2023-11-30 00:00:00+05:30,1410.853759765625,1416.186334104024,1405.4242532010376,1409.0115740505776,10120867,0.0,0.0
2023-12-01 00:00:00+05:30,1408.090576171875,1415.4592008650504,1402.1277646800927,1415.4592008650504,3489187,0.0,0.0
2023-12-04 00:00:00+05:30,1419.7735595703125,1427.093776648438,1405.1817690554378,1415.9922561680646,5511948,0.0,0.0
2023-12-05 00:00:00+05:30,1409.6903076171875,1422.2461680976191,1398.104124523393,1421.1796768330046,5123039,0.0,0.0
2023-12-06 00:00:00+05:30,1429.4208984375,1432.0386604276096,1406.8786514131657,1412.4050904386731,5269178,0.0,0.0
2023-12-07 00:00:00+05:30,1421.2764892578125,1428.0148766222742,1417.3013212314984,1428.0148766222742,4424453,0.0,0.0
2023-12-08 00:00:00+05:30,1445.7579345703125,1449.1997980268534,1421.6158916650245,1425.639585208301,6323433,0.0,0.0
2023-12-11 00:00:00+05:30,1443.1884765625,1452.3992864565837,1436.8863434770742,1444.642814966829,3862018,0.0,0.0
2023-12-12 00:00:00+05:30,1431.1175537109375,1444.6428538939026,1422.9732347563672,1432.5233668645915,6103494,0.0,0.0
2023-12-13 00:00:00+05:30,1404.890869140625,1431.1174851574924,1389.5233839944653,1431.0689598699535,8549258,0.0,0.0
2023-12-14 00:00:00+05:30,1455.7442626953125,1465.0035981657704,1416.8649718152608,1418.8526150380396,12489858,0.0,0.0
2023-12-15 00:00:00+05:30,1530.3519287109375,1540.1929760995993,1474.699219187745,1476.6868624527897,18395389,0.0,0.0
2023-12-18 00:00:00+05:30,1516.7294921875,1544.507379270871,1512.8028495240046,1520.219880673172,6467243,0.0,0.0
2023-12-19 00:00:00+05:30,1510.8638916015625,1526.037395816007,1496.2719807828762,1522.304617202084,4221721,0.0,0.0
2023-12-20 00:00:00+05:30,1489.63037109375,1535.2965732518398,1483.4251702401737,1517.4082582465708,6592367,0.0,0.0
2023-12-21 00:00:00+05:30,1489.24267578125,1499.5685031611551,1474.9416800340018,1474.9416800340018,5319038,0.0,0.0
2023-12-22 00:00:00+05:30,1515.32373046875,1518.329339590169,1476.6383040841808,1488.2244863772382,6741060,0.0,0.0
2023-12-26 00:00:00+05:30,1496.9505615234375,1500.8773227910922,1476.6383479398148,1488.273055868428,6878067,0.0,0.0
2023-12-27 00:00:00+05:30,1519.3958740234375,1522.2076187735747,1496.99908495949,1496.99908495949,4225849,0.0,0.0
2023-12-28 00:00:00+05:30,1515.081298828125,1521.1894491276955,1507.664149278167,1521.1894491276955,5702253,0.0,0.0
2023-12-29 00:00:00+05:30,1495.9324951171875,1511.9786243783644,1493.1207505524178,1494.138834769539,4388990,0.0,0.0
2024-01-01 00:00:00+05:30,1504.1253662109375,1509.603398360126,1488.5154896161744,1492.1513359513383,2808451,0.0,0.0
2024-01-02 00:00:00+05:30,1487.691162109375,1501.992155521763,1476.6381672587602,1498.9380213933312,5396313,0.0,0.0
2024-01-03 00:00:00+05:30,1444.642822265625,1473.68106521036,1442.7037043833893,1473.68106521036,7550363,0.0,0.0
2024-01-04 00:00:00+05:30,1466.65185546875,1473.4872937768591,1447.4546582354228,1459.1377732007647,7056038,0.0,0.0
2024-01-05 00:00:00+05:30,1485.8975830078125,1492.8298346621345,1460.3981358500635,1460.8829153142462,8895403,0.0,0.0
2024-01-08 00:00:00+05:30,1476.4444580078125,1489.2425891667172,1467.1851224326397,1482.4071510348494,4440136,0.0,0.0
2024-01-09 00:00:00+05:30,1482.74658203125,1505.72508230746,1479.4015325679147,1494.9630013977714,4412074,0.0,0.0
2024-01-10 00:00:00+05:30,1473.6326904296875,1488.709261280414,1459.1862382209458,1478.528892176547,4096845,0.0,0.0
2024-01-11 00:00:00+05:30,1448.7149658203125,1478.5774294419355,1441.3463413182292,1478.4804972157963,11296088,0.0,0.0
2024-01-12 00:00:00+05:30,1563.65625,1568.7464346612928,1508.052065989894,1514.4511316075027,26754401,0.0,0.0
2024-01-15 00:00:00+05:30,1601.808349609375,1614.2671586947822,1586.1984738735464,1594.875979307575,13228305,0.0,0.0
2024-01-16 00:00:00+05:30,1581.884033203125,1598.3180109052619,1575.5333744137401,1594.7306899483447,6500917,0.0,0.0
2024-01-17 00:00:00+05:30,1590.2705078125,1597.348335335092,1570.9278545230245,1570.9278545230245,9209876,0.0,0.0
2024-01-18 00:00:00+05:30,1592.5975341796875,1598.8027352341255,1578.684386685849,1592.646059469743,6375464,0.0,0.0
2024-01-19 00:00:00+05:30,1608.692138671875,1614.8004073081509,1594.1003477031127,1601.3235144318846,4522736,0.0,0.0
2024-01-23 00:00:00+05:30,1592.1612548828125,1623.7203277218207,1587.846646538712,1599.8692012006807,9401255,0.0,0.0
2024-01-24 00:00:00+05:30,1624.399169921875,1628.8591176445516,1594.9245526936234,1609.371005443607,8999681,0.0,0.0
2024-01-25 00:00:00+05:30,1618.2908935546875,1629.3924150509426,1607.5288123898993,1622.0236720114983,8865304,0.0,0.0
2024-01-29 00:00:00+05:30,1606.17138671875,1628.228853570352,1597.445355876358,1614.4611633607697,4253785,0.0,0.0
2024-01-30 00:00:00+05:30,1601.1781005859375,1638.5546459158832,1598.0755592490264,1611.8432491688218,4995943,0.0,0.0
2024-01-31 00:00:00+05:30,1610.340576171875,1616.497252186943,1588.2345835010744,1598.0756310793995,6763779,0.0,0.0
2024-02-01 00:00:00+05:30,1606.6077880859375,1625.9504427917118,1600.1116717741477,1609.031685585627,5760011,0.0,0.0
2024-02-02 00:00:00+05:30,1641.8026123046875,1666.1870433897304,1614.31563994408,1615.33372417588,7858483,0.0,0.0
2024-02-05 00:00:00+05:30,1635.83984375,1648.9774151104125,1630.6527269411786,1643.160061301409,3634135,0.0,0.0
2024-02-06 00:00:00+05:30,1676.8035888671875,1680.2455702969596,1622.9930700261712,1635.4034712627792,7694265,0.0,0.0
2024-02-07 00:00:00+05:30,1642.1904296875,1676.3673818035056,1635.5004494322184,1676.3673818035056,4613877,0.0,0.0
2024-02-08 00:00:00+05:30,1640.5906982421875,1654.4069134701651,1631.573870895495,1646.3111197969251,5919715,0.0,0.0
2024-02-09 00:00:00+05:30,1618.5333251953125,1641.3664874415445,1609.274107573634,1633.4160324706722,4600004,0.0,0.0
2024-02-12 00:00:00+05:30,1628.9559326171875,1641.4147411814808,1619.5027330613227,1619.5027330613227,3555808,0.0,0.0
2024-02-13 00:00:00+05:30,1633.2706298828125,1637.682052236706,1612.861365977301,1631.7677661195055,2696481,0.0,0.0
2024-02-14 00:00:00+05:30,1615.479248046875,1618.6303149716216,1585.713832437941,1609.6618937242656,3768579,0.0,0.0
2024-02-15 00:00:00+05:30,1625.3201904296875,1636.3731865948175,1611.0191953165051,1625.9504274445321,4834391,0.0,0.0
2024-02-16 00:00:00+05:30,1649.85009765625,1656.9763326424397,1636.5670683304616,1637.5851526232186,4880654,0.0,0.0
2024-02-19 00:00:00+05:30,1648.0078125,1659.4001300742755,1636.3245799012316,1653.0979969480804,3690993,0.0,0.0
2024-02-20 00:00:00+05:30,1633.94921875,1642.675249290721,1617.9514960920117,1633.706829012758,3706389,0.0,0.0
2024-02-21 00:00:00+05:30,1605.1533203125,1623.041635077796,1595.2153413641443,1623.041635077796,4300508,0.0,0.0
2024-02-22 00:00:00+05:30,1630.16796875,1633.319035437702,1594.3428117500268,1614.3157030842801,5841277,0.0,0.0
2024-02-23 00:00:00+05:30,1625.804931640625,1646.7473816762422,1621.0056620913008,1645.3415685145437,5373072,0.0,0.0
2024-02-26 00:00:00+05:30,1609.61328125,1623.9626824008449,1594.9244397901787,1623.9626824008449,2782438,0.0,0.0
2024-02-27 00:00:00+05:30,1612.958251953125,1620.229944106996,1602.4870862641692,1610.4374223439893,5159088,0.0,0.0
2024-02-28 00:00:00+05:30,1620.3753662109375,1636.421613888234,1611.4554713721943,1619.1634175451104,3188916,0.0,0.0
2024-02-29 00:00:00+05:30,1622.9447021484375,1631.0404954709866,1602.9718120391328,1614.315604077392,7814722,0.0,0.0
2024-03-01 00:00:00+05:30,1604.3292236328125,1621.0541163168707,1600.7419026887044,1618.1939646198955,6387291,0.0,0.0
2024-03-04 00:00:00+05:30,1587.3619384765625,1613.7824210770686,1583.9200750586594,1607.3833553841503,4445156,0.0,0.0
2024-03-05 00:00:00+05:30,1557.596435546875,1587.5073051449854,1553.2334203212533,1584.2593063701174,4596579,0.0,0.0
2024-03-06 00:00:00+05:30,1568.31005859375,1570.8308880830618,1528.0248386344547,1554.009064704246,6420684,0.0,0.0
2024-03-07 00:00:00+05:30,1567.2435302734375,1578.8782377691116,1555.3664330382703,1567.3889877880065,6348359,0.0,0.0
2024-03-11 00:00:00+05:30,1551.8760986328125,1564.6743483374298,1539.659679006781,1559.196316362785,6752895,0.0,0.0
2024-03-12 00:00:00+05:30,1563.8499755859375,1575.5332076366167,1549.0157954743427,1551.2942352114378,4614222,0.0,0.0
2024-03-13 00:00:00+05:30,1562.3472900390625,1575.0484884045704,1549.8884814070734,1563.8016284401747,5688997,0.0,0.0
2024-03-14 00:00:00+05:30,1602.971923828125,1607.2864139873539,1559.050854285426,1565.2560554857941,8803799,0.0,0.0
2024-03-15 00:00:00+05:30,1584.2593994140625,1595.7002429082497,1569.085777456267,1591.1432446145716,11809997,0.0,0.0
2024-03-18 00:00:00+05:30,1553.8636474609375,1582.9504154475233,1550.1792761742252,1580.3810606045026,4958904,0.0,0.0
2024-03-19 00:00:00+05:30,1513.9178466796875,1550.3248343144353,1510.57291548586,1543.8772433213658,6870411,0.0,0.0
2024-03-20 00:00:00+05:30,1507.61572265625,1527.0069026941676,1505.0948929221947,1515.4207199632601,4759059,0.0,0.0
2024-03-21 00:00:00+05:30,1507.373291015625,1528.9459782083,1496.4173456112912,1516.3902368244223,11062497,0.0,0.0
2024-03-22 00:00:00+05:30,1462.9189453125,1482.3586489011318,1452.5931191962738,1474.6991098013114,14673890,0.0,0.0
2024-03-26 00:00:00+05:30,1447.212158203125,1461.5615593313835,1442.606753293047,1446.5819212287684,8351081,0.0,0.0
2024-03-27 00:00:00+05:30,1438.6800537109375,1453.3688957747308,1436.450139092949,1450.4602188652416,6857402,0.0,0.0
2024-03-28 00:00:00+05:30,1452.4478759765625,1465.779311939133,1441.8796594335422,1441.8796594335422,12499530,0.0,0.0
2024-04-01 00:00:00+05:30,1449.927001953125,1483.3767884392482,1447.3577652108781,1478.5775185895104,6580002,0.0,0.0
2024-04-02 00:00:00+05:30,1437.71044921875,1447.696953633539,1435.771331340489,1439.649567097011,7279400,0.0,0.0
2024-04-03 00:00:00+05:30,1435.57763671875,1449.587717704789,1430.0996043937562,1433.9778406090613,8736248,0.0,0.0
2024-04-04 00:00:00+05:30,1441.4432373046875,1450.1208608817676,1423.312532360909,1445.1761339293155,11186915,0.0,0.0
2024-04-05 00:00:00+05:30,1434.07470703125,1441.4433318312947,1431.1176230654119,1434.9958591027375,5072482,0.0,0.0
2024-04-08 00:00:00+05:30,1431.7476806640625,1445.5638959576786,1429.2268510182057,1437.8559495040392,6610887,0.0,0.0
2024-04-09 00:00:00+05:30,1449.34521484375,1467.7184284926564,1442.025115571201,1444.642877470508,9423230,0.0,0.0
2024-04-10 00:00:00+05:30,1460.931396484375,1463.8884801139723,1439.3587109797138,1454.6776705726563,6744595,0.0,0.0
2024-04-12 00:00:00+05:30,1439.552734375,1460.9315578022636,1434.4625495927344,1458.216745243307,12275616,0.0,0.0
2024-04-15 00:00:00+05:30,1423.4580078125,1446.5334399995343,1416.574162881796,1434.947257793555,8531224,0.0,0.0
2024-04-16 00:00:00+05:30,1371.392578125,1410.853697500229,1370.0352903095295,1406.8300042788692,16173541,0.0,0.0
2024-04-18 00:00:00+05:30,1376.046630859375,1400.7218604282277,1364.654312442889,1377.8402913647133,22107945,0.0,0.0
2024-04-19 00:00:00+05:30,1368.2900390625,1383.415134689679,1336.7793738582263,1342.8391171667406,20603621,0.0,0.0
2024-04-22 00:00:00+05:30,1389.1356201171875,1393.1107882400538,1370.0353556695025,1376.6768109710965,5859087,0.0,0.0
2024-04-23 00:00:00+05:30,1398.4918212890625,1402.80631117652,1389.377943695831,1399.0735329749366,4856174,0.0,0.0
2024-04-24 00:00:00+05:30,1387.196533203125,1400.3341049376056,1383.6092122605103,1400.3341049376056,4268213,0.0,0.0
2024-04-25 00:00:00+05:30,1394.6619873046875,1400.9157133789813,1376.7736724932624,1376.7736724932624,9089398,0.0,0.0
2024-04-26 00:00:00+05:30,1386.711669921875,1401.4005114912384,1383.560603375994,1395.8739545366145,8062444,0.0,0.0
2024-04-29 00:00:00+05:30,1391.07470703125,1395.971027082881,1384.7725738403087,1386.4207767177322,5055957,0.0,0.0
2024-04-30 00:00:00+05:30,1377.3070068359375,1392.8199499579023,1374.398330000569,1391.0261712259344,6936588,0.0,0.0
2024-05-02 00:00:00+05:30,1371.392578125,1380.6519132275048,1368.8717485835186,1369.9867650213935,10076354,0.0,0.0
2024-05-03 00:00:00+05:30,1373.1864013671875,1381.4276525210505,1360.4850843171535,1378.8097723183807,8842345,0.0,0.0
2024-05-06 00:00:00+05:30,1382.494140625,1401.6913369633114,1373.9619744606182,1376.7737191071326,6445422,0.0,0.0
2024-05-07 00:00:00+05:30,1397.0859375,1399.4129026772546,1372.5076415097203,1381.5729941241245,6080661,0.0,0.0
2024-05-08 00:00:00+05:30,1383.8516845703125,1395.9226474461022,1382.2033631665363,1391.5596317048226,6234983,0.0,0.0
2024-05-09 00:00:00+05:30,1395.728515625,1405.811833167661,1381.47592925428,1384.093809210218,6088406,0.0,0.0
2024-05-10 00:00:00+05:30,1381.5245361328125,1392.2380912432252,1369.986761252524,1391.3655828940691,8777481,0.0,0.0
2024-05-13 00:00:00+05:30,1380.11865234375,1381.6215160713982,1368.2415551003292,1381.6215160713982,3735954,0.0,0.0
2024-05-14 00:00:00+05:30,1381.33056640625,1390.1051221037324,1374.8830941764077,1382.9788876072378,3463230,0.0,0.0
2024-05-15 00:00:00+05:30,1376.7252197265625,1388.2145882681214,1375.3679318445465,1382.5910988692624,4327544,0.0,0.0
2024-05-16 00:00:00+05:30,1409.1085205078125,1411.4354857316696,1383.5606650448858,1390.2990526169874,9249145,0.0,0.0
2024-05-17 00:00:00+05:30,1400.333984375,1412.6473352194519,1395.437664526147,1412.6473352194519,7542860,0.0,0.0
2024-05-21 00:00:00+05:30,1390.4930419921875,1400.7218182711956,1384.9180778285033,1386.4693485336113,6752663,0.0,0.0
2024-05-22 00:00:00+05:30,1410.5145263671875,1415.5076606959108,1384.530296981252,1385.2574662548766,7173285,0.0,0.0
2024-05-23 00:00:00+05:30,1427.57861328125,1433.153577211065,1405.8604692577067,1410.4173489542447,8641428,0.0,0.0
2024-05-24 00:00:00+05:30,1420.5008544921875,1430.5842916726483,1415.5561273073984,1423.5549889856766,5277938,0.0,0.0
2024-05-27 00:00:00+05:30,1426.560546875,1434.559408265562,1415.7984661294804,1427.0453263532158,5821844,0.0,0.0
2024-05-28 00:00:00+05:30,1422.3914794921875,1431.0689845976983,1415.846956696771,1430.5842051313712,6186922,0.0,0.0
2024-05-29 00:00:00+05:30,1406.7816162109375,1420.8887473286209,1405.8605824814058,1420.7918150972553,7401634,0.0,0.0
2024-05-30 00:00:00+05:30,1383.9969482421875,1405.7150935292864,1378.2766448214102,1398.879773586802,9663150,0.0,0.0
2024-05-31 00:00:00+05:30,1371.7603759765625,1400.8647991922137,1365.0326910520962,1374.5879674980229,37113815,8.0,0.0
2024-06-03 00:00:00+05:30,1370.785400390625,1404.033674005501,1368.9328321553635,1404.033674005501,10589244,0.0,0.0
2024-06-04 00:00:00+05:30,1358.84130859375,1379.658033205682,1324.4229369059228,1373.807893135552,13736134,0.0,0.0
2024-06-05 00:00:00+05:30,1394.380859375,1402.0835675909418,1365.1789578532776,1365.1789578532776,9233424,0.0,0.0
2024-06-06 00:00:00+05:30,1435.478271484375,1437.4771171615735,1401.5962066624481,1408.8600837423232,12660930,0.0,0.0
2024-06-07 00:00:00+05:30,1495.2957763671875,1501.2433949605631,1440.353234743937,1444.0095722834799,24075302,0.0,0.0
2024-06-10 00:00:00+05:30,1462.2913818359375,1491.590883369604,1459.9026220529393,1487.2032779565272,6810606,0.0,0.0
2024-06-11 00:00:00+05:30,1458.39111328125,1468.823815070724,1456.6360237178806,1462.583761115188,4853054,0.0,0.0
2024-06-12 00:00:00+05:30,1448.104736328125,1471.0665854864542,1445.7159765567787,1469.3602945008029,9564320,0.0,0.0
2024-06-13 00:00:00+05:30,1456.6361083984375,1467.4101641892535,1452.1510247241338,1457.6599305401555,7307565,0.0,0.0
2024-06-14 00:00:00+05:30,1451.7122802734375,1466.142554347695,1448.9334875481077,1466.142554347695,4237727,0.0,0.0
2024-06-18 00:00:00+05:30,1460.7799072265625,1469.3601601498674,1458.0499133119856,1459.6099268376586,5420939,0.0,0.0
2024-06-19 00:00:00+05:30,1473.6015625,1477.7942106452415,1459.3174461695942,1467.410187837327,5493456,0.0,0.0
2024-06-20 00:00:00+05:30,1477.5504150390625,1479.5979402789894,1461.6574867540273,1478.42795986229,7927010,0.0,0.0
2024-06-21 00:00:00+05:30,1494.4183349609375,1518.8427190237114,1485.6431242588264,1506.4111705290543,17301941,0.0,0.0
2024-06-24 00:00:00+05:30,1489.0069580078125,1490.9082059639925,1477.5504334510292,1486.4719210591036,5564989,0.0,0.0
2024-06-25 00:00:00+05:30,1503.437255859375,1505.3386228666056,1482.3767746181575,1487.8856805292482,4551525,0.0,0.0
2024-06-26 00:00:00+05:30,1502.2183837890625,1510.16484766337,1496.6607984652117,1502.510938394066,4851004,0.0,0.0
2024-06-27 00:00:00+05:30,1534.052978515625,1538.976894088541,1493.784585190291,1500.0246394725445,14757754,0.0,0.0
2024-06-28 00:00:00+05:30,1527.6177978515625,1548.8245552176206,1525.180239533625,1533.2729807577389,8197544,0.0,0.0
2024-07-01 00:00:00+05:30,1551.0672607421875,1559.9399498116268,1520.5489809415928,1520.5489809415928,6801771,0.0,0.0
2024-07-02 00:00:00+05:30,1580.5616455078125,1592.993193191854,1546.8745412338676,1556.332220098655,10493173,0.0,0.0
2024-07-03 00:00:00+05:30,1586.7530517578125,1595.1382289123615,1565.887527893186,1584.4129718719971,7269965,0.0,0.0
2024-07-04 00:00:00+05:30,1609.42236328125,1618.538808064561,1587.3380599572922,1587.5330170243992,8008311,0.0,0.0
2024-07-05 00:00:00+05:30,1606.30224609375,1624.242700384009,1592.5544400147564,1610.202339677658,7065022,0.0,0.0
2024-07-08 00:00:00+05:30,1620.1475830078125,1624.388910801362,1599.0383035499601,1602.0608521487309,5880533,0.0,0.0
2024-07-09 00:00:00+05:30,1615.760009765625,1625.1202103618075,1609.7635922047962,1618.441324047008,5191182,0.0,0.0
2024-07-10 00:00:00+05:30,1607.082275390625,1632.1891272585506,1596.649572902613,1615.613729908852,9852770,0.0,0.0
2024-07-11 00:00:00+05:30,1611.4210205078125,1623.4138551544518,1601.0371171919653,1614.63864512659,8857679,0.0,0.0
2024-07-12 00:00:00+05:30,1668.9962158203125,1676.7964026037578,1625.0226866329206,1638.039224523514,17078316,0.0,0.0
2024-07-15 00:00:00+05:30,1664.4136962890625,1684.8403883424053,1660.1235696440942,1683.0852986626521,6942230,0.0,0.0
2024-07-16 00:00:00+05:30,1682.939208984375,1694.4932126197978,1657.5398014767109,1675.6752131474088,6886281,0.0,0.0
2024-07-18 00:00:00+05:30,1714.139892578125,1721.3062905823963,1676.0651821635772,1676.0651821635772,11248896,0.0,0.0
2024-07-19 00:00:00+05:30,1748.1680908203125,1797.943081102566,1741.8304389617622,1797.943081102566,29819116,0.0,0.0
2024-07-22 00:00:00+05:30,1765.6209716796875,1777.4675289324205,1748.1680302846828,1755.1882696669777,8462126,0.0,0.0
2024-07-23 00:00:00+05:30,1791.0203857421875,1793.9941354975697,1738.7103600771802,1764.7922342575052,7113056,0.0,0.0
2024-07-24 00:00:00+05:30,1788.1441650390625,1796.3343856241954,1774.1526026760598,1791.6055458109638,6002845,0.0,0.0
2024-07-25 00:00:00+05:30,1779.2713623046875,1785.1703012664898,1766.7423358793608,1774.5425227927356,5815599,0.0,0.0
2024-07-26 00:00:00+05:30,1831.971435546875,1835.9690075636295,1779.7588864220972,1779.7588864220972,11369047,0.0,0.0
2024-07-29 00:00:00+05:30,1824.3662109375,1855.469480366421,1817.4435687877083,1846.304236848296,4635931,0.0,0.0
2024-07-30 00:00:00+05:30,1830.26513671875,1832.9951307328352,1813.543462174526,1824.366197741286,2721265,0.0,0.0
2024-07-31 00:00:00+05:30,1821.58740234375,1838.0653210227051,1818.4673751831438,1830.1188567906963,5004209,0.0,0.0
2024-08-01 00:00:00+05:30,1806.3282470703125,1821.2461520384675,1799.0155718940416,1809.740828819239,7475014,0.0,0.0
2024-08-02 00:00:00+05:30,1775.7125244140625,1813.0559673160951,1770.788727779074,1796.9680816152534,7400938,0.0,0.0
2024-08-05 00:00:00+05:30,1708.1435546875,1752.6045988712729,1675.626547408413,1740.3680073317842,10736703,0.0,0.0
2024-08-06 00:00:00+05:30,1707.3634033203125,1752.0682011331073,1701.2695072438298,1716.2360922033897,7690163,0.0,0.0
2024-08-07 00:00:00+05:30,1746.9007568359375,1752.9946532897359,1718.0887667938127,1751.142084963498,5094329,0.0,0.0
2024-08-08 00:00:00+05:30,1699.6119384765625,1735.4927255440239,1683.9627664492825,1735.4927255440239,6227910,0.0,0.0
2024-08-09 00:00:00+05:30,1726.5225830078125,1736.2728164287234,1712.140988711969,1727.010094678858,4258524,0.0,0.0
2024-08-12 00:00:00+05:30,1752.507080078125,1758.4546990040476,1723.9388468966088,1728.7652841315069,4315329,0.0,0.0
2024-08-13 00:00:00+05:30,1752.5556640625,1764.7922546522138,1744.365563180685,1764.7922546522138,4176918,0.0,0.0
2024-08-14 00:00:00+05:30,1777.71142578125,1779.4177167425098,1752.5557742866815,1756.9921783945222,7450718,0.0,0.0
2024-08-16 00:00:00+05:30,1812.5196533203125,1815.3472449089315,1783.805262567244,1803.7932417323866,7335657,0.0,0.0
2024-08-19 00:00:00+05:30,1818.2236328125,1820.9049470871198,1803.0131729829857,1813.5434730155098,2585989,0.0,0.0
2024-08-20 00:00:00+05:30,1825.438720703125,1838.6015363062697,1821.538627191082,1833.043950660172,3870333,0.0,0.0
2024-08-21 00:00:00+05:30,1825.9261474609375,1832.0688420652468,1820.4660406023306,1828.2662272635982,1966902,0.0,0.0
2024-08-22 00:00:00+05:30,1833.2877197265625,1846.3530568904166,1823.001175405798,1836.9440574204725,4300287,0.0,0.0
2024-08-23 00:00:00+05:30,1815.5909423828125,1835.5789209053598,1810.6183471400204,1831.2887943938006,5015935,0.0,0.0
2024-08-26 00:00:00+05:30,1829.2901611328125,1841.575432070603,1817.4436031129605,1823.2937434663284,3728589,0.0,0.0
2024-08-27 00:00:00+05:30,1852.641845703125,1855.2256813879358,1827.0962815117323,1829.2900840518048,3830679,0.0,0.0
2024-08-28 00:00:00+05:30,1890.6678466796875,1902.2706489166237,1850.009418604078,1859.2721408822472,6514531,0.0,0.0
2024-08-29 00:00:00+05:30,1885.0614013671875,1901.7830759029405,1872.9224080657316,1884.7201669932756,7228284,0.0,0.0
2024-08-30 00:00:00+05:30,1895.15283203125,1901.295526726158,1879.8450130912988,1889.5952465616892,13466759,0.0,0.0
2024-09-02 00:00:00+05:30,1915.4334716796875,1926.4024849433151,1894.2755114819659,1894.8117029397854,5573739,0.0,0.0
2024-09-03 00:00:00+05:30,1892.76416015625,1917.8710125060368,1888.0840002650073,1917.8710125060368,4694322,0.0,0.0
2024-09-04 00:00:00+05:30,1874.43359375,1879.0649546678148,1852.5931659020603,1873.1173360302705,4778310,0.0,0.0
2024-09-05 00:00:00+05:30,1884.866455078125,1891.5453413709522,1861.9046070627135,1878.1387700081425,4081810,0.0,0.0
2024-09-06 00:00:00+05:30,1854.34814453125,1888.1327275977371,1849.473027754597,1873.994888945443,5848106,0.0,0.0
2024-09-09 00:00:00+05:30,1847.3280029296875,1872.8735669396758,1841.8190972305667,1842.7941205747861,4772612,0.0,0.0
2024-09-10 00:00:00+05:30,1864.5372314453125,1886.670214257235,1848.644302962128,1857.3220347286262,6909600,0.0,0.0
2024-09-11 00:00:00+05:30,1862.4407958984375,1877.894891528596,1857.4194020571003,1866.877080537755,5312946,0.0,0.0
2024-09-12 00:00:00+05:30,1901.7342529296875,1907.5357132980039,1863.074672166222,1876.9199561824864,8555092,0.0,0.0
2024-09-13 00:00:00+05:30,1895.54296875,1909.6808080545816,1887.3040686258946,1901.7343435377243,3843127,0.0,0.0
2024-09-16 00:00:00+05:30,1901.5394287109375,1903.2457196993976,1884.7690734614962,1897.1518233120405,1570181,0.0,0.0
2024-09-17 00:00:00+05:30,1903.7818603515625,1909.534402810906,1893.6415938633418,1899.1017007350288,2793127,0.0,0.0
2024-09-18 00:00:00+05:30,1844.8905029296875,1890.3265684033404,1834.3115231145357,1890.3265684033404,6385468,0.0,0.0
2024-09-19 00:00:00+05:30,1846.88916015625,1876.8224480606875,1831.873895960651,1862.8795667117413,7976570,0.0,0.0
2024-09-20 00:00:00+05:30,1858.15087890625,1867.1698455230062,1820.7587546291713,1857.4196113427292,15242974,0.0,0.0
2024-09-23 00:00:00+05:30,1849.0830078125,1870.9723537088278,1831.5325872912213,1861.3195986178432,3636672,0.0,0.0
2024-09-24 00:00:00+05:30,1851.1793212890625,1863.172156185441,1824.6587335944862,1840.8440975119734,7277616,0.0,0.0
2024-09-25 00:00:00+05:30,1847.9617919921875,1854.1043676482084,1829.9238601233028,1839.235261648182,4268341,0.0,0.0
2024-09-26 00:00:00+05:30,1852.7882080078125,1870.0460745062019,1845.7192883877328,1850.399448296488,8952803,0.0,0.0
2024-09-27 00:00:00+05:30,1859.1258544921875,1925.2811678990213,1855.7620713951017,1883.8426736989857,14908931,0.0,0.0
2024-09-30 00:00:00+05:30,1828.75390625,1853.7632808251788,1823.7813106027597,1833.044033110499,6986955,0.0,0.0
2024-10-01 00:00:00+05:30,1856.7857666015625,1861.2708503856265,1828.1688539454187,1828.1688539454187,4029072,0.0,0.0
2024-10-03 00:00:00+05:30,1846.1092529296875,1864.0983863063177,1834.0189394659815,1842.3066380228454,7503887,0.0,0.0
2024-10-04 00:00:00+05:30,1870.2410888671875,1905.2931311832979,1838.8940639202572,1842.355444469921,10001483,0.0,0.0
2024-10-07 00:00:00+05:30,1885.9876708984375,1893.4953029152355,1868.1934951630085,1875.164816740863,6112575,0.0,0.0
2024-10-08 00:00:00+05:30,1899.8818359375,1909.0469604018253,1858.7357782951613,1889.4978132388082,5637391,0.0,0.0
2024-10-09 00:00:00+05:30,1903.976806640625,1927.6211223804971,1896.5178543658283,1903.7818495832903,4857163,0.0,0.0
2024-10-10 00:00:00+05:30,1871.0699462890625,1914.9460002666592,1866.2923077183304,1908.9983811984232,4782119,0.0,0.0
2024-10-11 00:00:00+05:30,1886.7677001953125,1898.3705021069761,1862.3921159361064,1870.094824366297,4709431,0.0,0.0
2024-10-14 00:00:00+05:30,1909.9732666015625,1920.3084903207136,1882.8675698277727,1883.8913919551653,3751378,0.0,0.0
2024-10-15 00:00:00+05:30,1910.3634033203125,1941.71031054596,1903.001929010567,1911.0458720946388,5353705,0.0,0.0
2024-10-16 00:00:00+05:30,1872.1424560546875,1910.6072016149433,1868.4861182079758,1906.170797419034,3111512,0.0,0.0
2024-10-17 00:00:00+05:30,1918.9434814453125,1928.596236666682,1881.9413919550382,1886.8651885882837,8162822,0.0,0.0
2024-10-18 00:00:00+05:30,1832.6539306640625,1888.474019455993,1822.5624624334712,1846.4993341440768,10526196,0.0,0.0
2024-10-21 00:00:00+05:30,1806.474609375,1851.3744846784607,1792.0930141849954,1843.86673306473,4654601,0.0,0.0
2024-10-22 00:00:00+05:30,1805.3531494140625,1830.8988317246783,1800.8192671870856,1811.7882795000614,4125240,0.0,0.0
2024-10-23 00:00:00+05:30,1826.60888671875,1838.894157924995,1797.9431745565698,1799.1619538234872,4311910,0.0,0.0
2024-10-24 00:00:00+05:30,1816.809814453125,1836.944071310787,1813.543509892815,1814.9085664464787,2906475,0.0,0.0
2024-10-25 00:00:00+05:30,1815.5423583984375,1829.4851215197311,1800.2832184781212,1816.9072959329033,4689120,0.0,0.0
2024-10-28 00:00:00+05:30,1818.7598876953125,1834.896572683092,1810.6184660544925,1813.2509816437453,7018940,0.0,0.0
2024-10-29 00:00:00+05:30,1813.7799072265625,1825.9091734808057,1803.6227707551052,1820.3868971098545,4621252,21.0,0.0
2024-10-30 00:00:00+05:30,1777.0960693359375,1813.4841106394226,1771.4258498491638,1806.5812347424808,5919715,0.0,0.0
2024-10-31 00:00:00+05:30,1732.868408203125,1763.0931679230187,1722.2675629117984,1763.0931679230187,7395236,0.0,0.0
2024-11-01 00:00:00+05:30,1736.4183349609375,1741.4969032331146,1727.7405064233335,1740.017715602962,371966,0.0,0.0
2024-11-04 00:00:00+05:30,1739.1795654296875,1742.4830604559677,1694.1629303131592,1700.5727434953685,7336722,0.0,0.0
2024-11-05 00:00:00+05:30,1729.860595703125,1743.9128783247852,1720.7882929682014,1735.5801694120541,3160880,0.0,0.0
2024-11-06 00:00:00+05:30,1798.3963623046875,1801.8478002805573,1738.1934949801216,1739.5247398383508,10421494,0.0,0.0
2024-11-07 00:00:00+05:30,1778.032958984375,1800.3685968171349,1762.2056025400752,1787.7955014436675,4550965,0.0,0.0
2024-11-08 00:00:00+05:30,1804.5595703125,1815.0618266546207,1787.9927409344914,1792.775423572222,4210960,0.0,0.0
2024-11-11 00:00:00+05:30,1834.291259765625,1842.081672068644,1797.2623347827093,1803.6227934762044,3804234,0.0,0.0
2024-11-12 00:00:00+05:30,1842.87060546875,1854.9012833451236,1835.1787816614965,1845.1386209364089,5012450,0.0,0.0
2024-11-13 00:00:00+05:30,1842.4761962890625,1847.2095246339784,1830.544106425298,1835.2774347702136,4257495,0.0,0.0
2024-11-14 00:00:00+05:30,1838.6795654296875,1849.9706494411498,1830.2481478479606,1839.714924537372,4311431,0.0,0.0
2024-11-18 00:00:00+05:30,1786.3162841796875,1823.5425071201328,1770.0945742542924,1823.5425071201328,4839244,0.0,0.0
2024-11-19 00:00:00+05:30,1799.4317626953125,1833.8967865305349,1795.2900854570928,1800.1713565147516,4669769,0.0,0.0
2024-11-21 00:00:00+05:30,1808.602783203125,1841.095557014798,1795.339328415918,1816.442429577535,5436504,0.0,0.0
2024-11-22 00:00:00+05:30,1875.8564453125,1887.4927694808482,1808.553408176173,1828.374498334409,6301486,0.0,0.0
2024-11-25 00:00:00+05:30,1863.4805908203125,1892.6699906690035,1855.8874755481472,1889.4157296228746,12764638,0.0,0.0
2024-11-26 00:00:00+05:30,1897.45263671875,1911.702096274213,1870.9752018384395,1878.518962558038,6850495,0.0,0.0
2024-11-27 00:00:00+05:30,1897.7977294921875,1914.4632675339492,1885.224634635848,1903.3200059027895,4447143,0.0,0.0
2024-11-28 00:00:00+05:30,1830.88916015625,1888.3309462638708,1825.9585347392867,1888.3309462638708,8468790,0.0,0.0
2024-11-29 00:00:00+05:30,1832.072509765625,1850.9568296791742,1819.4008261897052,1825.4161652795651,5244346,0.0,0.0
2024-12-02 00:00:00+05:30,1853.718017578125,1856.6763928884145,1809.7367416638726,1833.2065672761437,2868263,0.0,0.0
2024-12-03 00:00:00+05:30,1865.8472900390625,1873.391171179535,1845.1880172073568,1860.8180760709474,4715792,0.0,0.0
2024-12-04 00:00:00+05:30,1863.036865234375,1887.3941073159906,1848.9845824080737,1857.8597084036323,4705573,0.0,0.0
2024-12-05 00:00:00+05:30,1908.004150390625,1922.845381488632,1862.7409836386182,1873.6377142854979,9050038,0.0,0.0
2024-12-06 00:00:00+05:30,1895.7269287109375,1911.061101890244,1885.8656776464575,1905.9826538933166,3573331,0.0,0.0
2024-12-09 00:00:00+05:30,1896.9595947265625,1903.4186419806354,1870.876513302606,1897.5018913119027,4274645,0.0,0.0
2024-12-10 00:00:00+05:30,1921.51416015625,1938.3275213087989,1905.193741189519,1912.096617063394,6174921,0.0,0.0
2024-12-11 00:00:00+05:30,1946.7589111328125,1950.5554687332371,1924.9162158580782,1927.8745911898272,5025612,0.0,0.0
2024-12-12 00:00:00+05:30,1959.4305419921875,1971.0668661345264,1943.2088325103296,1947.7942178498488,6462130,0.0,0.0
2024-12-13 00:00:00+05:30,1971.954345703125,1978.6106902340612,1926.6912991940405,1942.419946638723,5362693,0.0,0.0
2024-12-16 00:00:00+05:30,1952.5770263671875,1971.8556995891386,1950.1609476784474,1967.7632564033934,3119221,0.0,0.0
2024-12-17 00:00:00+05:30,1949.1749267578125,1954.5000265866995,1930.8330232375165,1940.6942746330094,5811050,0.0,0.0
2024-12-18 00:00:00+05:30,1951.6895751953125,1957.4090287235867,1934.3830310124576,1939.5109539146308,3064095,0.0,0.0
2024-12-19 00:00:00+05:30,1919.1966552734375,1932.5586987644317,1893.360225349003,1907.165976992173,5323592,0.0,0.0
2024-12-20 00:00:00+05:30,1895.4803466796875,1952.4783040802065,1884.7315592319012,1947.7449759219587,11056720,0.0,0.0
2024-12-23 00:00:00+05:30,1897.6005859375,1913.0827019209628,1882.5128236943906,1903.270805285977,2781793,0.0,0.0
2024-12-24 00:00:00+05:30,1882.5621337890625,1915.0549070531515,1814.4701488042217,1900.312385244756,2360544,0.0,0.0
2024-12-26 00:00:00+05:30,1880.93505859375,1893.1136796250162,1875.9058446088604,1882.5621891003143,3623321,0.0,0.0
2024-12-27 00:00:00+05:30,1890.1552734375,1897.4526232065393,1877.4835900581845,1882.907278073787,3937500,0.0,0.0
2024-12-30 00:00:00+05:30,1879.554443359375,1889.4156943738521,1860.325003881144,1889.1198086927782,7789055,0.0,0.0
2024-12-31 00:00:00+05:30,1853.9151611328125,1870.6792875898645,1819.4501375379239,1866.0445478376714,3613063,0.0,0.0
2025-01-01 00:00:00+05:30,1856.3804931640625,1866.6854522663125,1847.998429848315,1847.998429848315,1838368,0.0,0.0
2025-01-02 00:00:00+05:30,1930.68505859375,1935.4185073607873,1859.141752753138,1860.818117320804,7083645,0.0,0.0
2025-01-03 00:00:00+05:30,1911.85009765625,1925.8530263652963,1895.3325017126049,1925.8530263652963,6218003,0.0,0.0
2025-01-06 00:00:00+05:30,1910.9625244140625,1945.6248461798139,1901.2492161351652,1924.9162188256444,7164403,0.0,0.0
2025-01-07 00:00:00+05:30,1904.0596923828125,1931.375430841724,1896.9596395631565,1918.013387115037,4294832,0.0,0.0
2025-01-08 00:00:00+05:30,1906.3277587890625,1911.7020924267943,1862.5437803277457,1903.221440652574,5482050,0.0,0.0
2025-01-09 00:00:00+05:30,1890.69775390625,1924.7683048137867,1884.04140929985,1907.2153497813902,6833503,0.0,0.0
2025-01-10 00:00:00+05:30,1939.65869140625,1950.3582448997252,1905.440199043595,1910.1242932060775,8036913,0.0,0.0
2025-01-13 00:00:00+05:30,1934.974609375,1955.2888825925095,1921.9578062977632,1928.8606819489098,5804152,0.0,0.0
2025-01-14 00:00:00+05:30,1913.132080078125,1944.4415525214629,1904.30618806105,1941.5324112023416,5792162,0.0,0.0
2025-01-15 00:00:00+05:30,1922.598876953125,1930.8823520910328,1910.2229584649278,1919.9856212925836,2985439,0.0,0.0
2025-01-16 00:00:00+05:30,1901.69287109375,1939.6586868478057,1890.2538441886265,1938.6725617632849,7533579,0.0,0.0
2025-01-17 00:00:00+05:30,1790.2607421875,1832.2204128168014,1786.858658785815,1825.3175372033904,16409953,0.0,0.0
2025-01-20 00:00:00+05:30,1788.1407470703125,1802.5873839291105,1768.270301617817,1797.6567582772059,4333011,0.0,0.0
2025-01-21 00:00:00+05:30,1775.7154541015625,1806.236098768633,1768.1716932405016,1793.810946341272,7169109,0.0,0.0
2025-01-22 00:00:00+05:30,1830.69189453125,1839.9122605214925,1780.103749105465,1782.3225305814187,8373913,0.0,0.0
2025-01-23 00:00:00+05:30,1839.5670166015625,1853.4714767898427,1826.9939215973595,1832.220432769354,5907471,0.0,0.0
2025-01-24 00:00:00+05:30,1849.4283447265625,1868.60855091582,1838.3837913147927,1839.616447739169,4887027,0.0,0.0
2025-01-27 00:00:00+05:30,1796.719970703125,1837.151100669551,1786.8587194918016,1823.0988176934152,7652371,0.0,0.0
2025-01-28 00:00:00+05:30,1804.3624267578125,1837.6441493445463,1799.57974403178,1804.6089580362327,6999495,0.0,0.0
2025-01-29 00:00:00+05:30,1855.1478271484375,1862.4451768959955,1814.9632296965842,1819.4007926053778,5145155,0.0,0.0
2025-01-30 00:00:00+05:30,1834.143310546875,1861.0152192135097,1818.414663533007,1847.1602339434605,7336056,0.0,0.0
2025-01-31 00:00:00+05:30,1853.718017578125,1871.1230293523827,1845.0400685173022,1845.0400685173022,5820470,0.0,0.0
2025-02-01 00:00:00+05:30,1825.6627197265625,1864.3681307478303,1820.3869744015317,1854.2111142217134,1701402,0.0,0.0
2025-02-03 00:00:00+05:30,1837.447021484375,1850.5131795891741,1806.975730583523,1810.5257570121476,4823228,0.0,0.0
2025-02-04 00:00:00+05:30,1872.4544677734375,1884.6823232329095,1848.984641243281,1862.7903932312308,7334787,0.0,0.0
2025-02-05 00:00:00+05:30,1870.7286376953125,1893.0642745340085,1868.0167937158456,1879.5544090414844,4996744,0.0,0.0
2025-02-06 00:00:00+05:30,1889.070556640625,1897.3046770838346,1873.6376748748885,1890.4018014395585,4765255,0.0,0.0
2025-02-07 00:00:00+05:30,1877.237060546875,1897.008796469081,1863.2340119765795,1892.6699423538048,4126260,0.0,0.0
2025-02-10 00:00:00+05:30,1854.2110595703125,1878.568301204317,1852.534574687111,1878.568301204317,3828734,0.0,0.0
2025-02-11 00:00:00+05:30,1849.6256103515625,1876.5961083803954,1844.0539793333367,1856.972194364576,4411601,0.0,0.0
2025-02-12 00:00:00+05:30,1837.299072265625,1868.3126596599398,1821.3731272347864,1858.8458824242405,5633947,0.0,0.0
2025-02-13 00:00:00+05:30,1817.6751708984375,1847.5054564916438,1810.1806438825727,1842.5748307737585,5237744,0.0,0.0
2025-02-14 00:00:00+05:30,1830.6427001953125,1833.5024871238693,1802.9818423780237,1828.2759758276586,5292961,0.0,0.0
2025-02-17 00:00:00+05:30,1816.73828125,1827.0432401752385,1796.8678368321998,1813.0403122036325,4428956,0.0,0.0
2025-02-18 00:00:00+05:30,1826.25439453125,1835.8198805610482,1812.1035229276997,1816.7383832854173,4365260,0.0,0.0
2025-02-19 00:00:00+05:30,1785.6754150390625,1823.5425233371382,1780.8433778768451,1821.7675703475043,4611411,0.0,0.0
2025-02-20 00:00:00+05:30,1799.8262939453125,1805.5951018447554,1780.4982655923657,1780.4982655923657,2218020,0.0,0.0
2025-02-21 00:00:00+05:30,1789.8170166015625,1804.4609499348014,1781.1390677643708,1796.5227152827192,3379879,0.0,0.0
2025-02-24 00:00:00+05:30,1739.623291015625,1782.9142076324636,1725.9654822503978,1775.0745611201182,7594720,0.0,0.0
2025-02-25 00:00:00+05:30,1743.17333984375,1753.7741849650602,1720.9362904431496,1720.9362904431496,5092963,0.0,0.0
2025-02-27 00:00:00+05:30,1739.820556640625,1751.2102292840527,1726.8036331353665,1730.846721957405,5757079,0.0,0.0
2025-02-28 00:00:00+05:30,1664.2833251953125,1730.7481826909784,1659.106168289425,1730.6989486606933,12182167,0.0,0.0
2025-03-03 00:00:00+05:30,1684.893310546875,1704.615812415331,1668.8195437500424,1668.8195437500424,7504969,0.0,0.0
2025-03-04 00:00:00+05:30,1664.8751220703125,1675.4266129180364,1646.8289838570458,1671.4821123578997,6759673,0.0,0.0
2025-03-05 00:00:00+05:30,1687.753173828125,1708.9055098893523,1668.9674417970127,1668.9674417970127,8180782,0.0,0.0
2025-03-06 00:00:00+05:30,1692.042724609375,1698.403303714733,1667.6361284442405,1691.204542351751,10610547,0.0,0.0
2025-03-07 00:00:00+05:30,1662.60693359375,1681.3433106627187,1652.2526199503725,1679.4696488805018,8019331,0.0,0.0
2025-03-10 00:00:00+05:30,1677.842529296875,1695.14907322124,1652.9428701352483,1662.606944415946,7558981,0.0,0.0
2025-03-11 00:00:00+05:30,1638.54541015625,1656.6901357180045,1614.336111648948,1656.6901357180045,12671234,0.0,0.0
2025-03-12 00:00:00+05:30,1568.777099609375,1614.1882088567118,1542.1024877383609,1614.1882088567118,14870008,0.0,0.0
2025-03-13 00:00:00+05:30,1557.9296875,1583.766236887254,1548.5122651881575,1577.0605381756682,7822888,0.0,0.0
2025-03-17 00:00:00+05:30,1567.98828125,1571.8834272886888,1523.711239680789,1523.711239680789,7526032,0.0,0.0
2025-03-18 00:00:00+05:30,1567.98828125,1567.98828125,1567.98828125,1567.98828125,0,0.0,0.0
2025-03-19 00:00:00+05:30,1564.536865234375,1580.7585753901394,1550.9776447654951,1580.7585753901394,7387068,0.0,0.0
2025-03-20 00:00:00+05:30,1593.134521484375,1609.2576434825316,1569.9112262370732,1569.9112262370732,7186750,0.0,0.0
2025-03-21 00:00:00+05:30,1570.45361328125,1581.6461093555213,1541.9545731422113,1556.0560901796125,10074677,0.0,0.0
2025-03-24 00:00:00+05:30,1570.6507568359375,1584.8016279799526,1550.8789003823247,1575.7785592177397,8857726,0.0,0.0
2025-03-25 00:00:00+05:30,1605.8553466796875,1613.4485820609123,1582.7307615847424,1582.7307615847424,9890140,0.0,0.0
2025-03-26 00:00:00+05:30,1577.2578125,1615.0264536438078,1572.8696037624018,1603.4394832085677,6651302,0.0,0.0
2025-03-27 00:00:00+05:30,1581.301025390625,1597.4733814773153,1563.9944809345598,1573.4120242257595,9426573,0.0,0.0
2025-03-28 00:00:00+05:30,1548.857421875,1576.271627596916,1538.355165420368,1567.938918601529,6799047,0.0,0.0
2025-04-01 00:00:00+05:30,1505.3199462890625,1525.9299846961485,1496.7899402056196,1517.8930411565277,12680733,0.0,0.0
2025-04-02 00:00:00+05:30,1528.641845703125,1534.065533745542,1513.8992032527772,1513.8992032527772,6193478,0.0,0.0
2025-04-03 00:00:00+05:30,1475.7362060546875,1513.3569025396205,1464.4451218569632,1513.3569025396205,10459504,0.0,0.0
2025-04-04 00:00:00+05:30,1431.508544921875,1451.5761669039568,1427.9091641826965,1440.2357281000195,9590254,0.0,0.0
2025-04-07 00:00:00+05:30,1377.3702392578125,1386.3933080363427,1288.8655111580174,1333.241140845937,21715252,0.0,0.0
2025-04-08 00:00:00+05:30,1408.9755859375,1436.2912029581203,1395.3670114560523,1411.1450129990183,12805001,0.0,0.0
2025-04-09 00:00:00+05:30,1384.2237548828125,1389.8939742084822,1362.7262999262337,1385.5551200692491,8546854,0.0,0.0
2025-04-11 00:00:00+05:30,1389.89404296875,1418.8369123902967,1377.6661874236538,1391.669116387415,12567440,0.0,0.0
2025-04-15 00:00:00+05:30,1406.21435546875,1427.6132214230709,1389.4502292114087,1425.5423828430714,10178530,0.0,0.0
2025-04-16 00:00:00+05:30,1393.493408203125,1407.6936342633087,1377.4196406823328,1405.2283214187144,12022740,0.0,0.0
2025-04-17 00:00:00+05:30,1399.8045654296875,1409.9617020085943,1359.1762598672565,1378.6028759920416,14264227,0.0,0.0
2025-04-21 00:00:00+05:30,1430.8675537109375,1451.379004423389,1390.4364236612141,1390.4364236612141,15648970,0.0,0.0
2025-04-22 00:00:00+05:30,1403.058837890625,1420.0201414292796,1399.6074000468734,1420.0201414292796,9399738,0.0,0.0
2025-04-23 00:00:00+05:30,1454.4359130859375,1467.1569507677636,1419.6256494074153,1425.9368740316995,11136642,0.0,0.0
2025-04-24 00:00:00+05:30,1450.9844970703125,1462.324935726995,1441.22183449924,1449.505309419441,7114292,0.0,0.0
2025-04-25 00:00:00+05:30,1459.662353515625,1480.864043581714,1443.194112173071,1455.0276136053067,8329979,0.0,0.0
2025-04-28 00:00:00+05:30,1461.5360107421875,1468.9319491141807,1444.9691810148831,1459.6623489459623,5886253,0.0,0.0
2025-04-29 00:00:00+05:30,1476.722412109375,1488.8517996048886,1453.6470595242981,1461.4374722845366,8056743,0.0,0.0
2025-04-30 00:00:00+05:30,1479.2862548828125,1487.8656155741658,1462.0290654409305,1476.0321142425894,7704183,0.0,0.0
2025-05-02 00:00:00+05:30,1485.991943359375,1502.065710329334,1475.4403325201433,1478.8917703842976,7402310,0.0,0.0
2025-05-05 00:00:00+05:30,1487.6683349609375,1501.8685607929344,1481.9488814793483,1493.979559817003,4282493,0.0,0.0
2025-05-06 00:00:00+05:30,1490.528076171875,1494.571164972708,1478.3001009589232,1485.1043881672801,4270530,0.0,0.0
2025-05-07 00:00:00+05:30,1487.37255859375,1497.72687229769,1475.8348225262564,1479.1876719914237,5691799,0.0,0.0
2025-05-08 00:00:00+05:30,1490.4295654296875,1495.4587795844232,1480.371016743612,1487.0767158676624,8424409,0.0,0.0
2025-05-09 00:00:00+05:30,1486.6822509765625,1490.429574694462,1473.3695614613061,1479.8779633712215,4478653,0.0,0.0
2025-05-12 00:00:00+05:30,1604.3270263671875,1609.356240543565,1510.743725804376,1515.6743515413355,11372857,0.0,0.0
2025-05-13 00:00:00+05:30,1546.8358154296875,1589.8308459268644,1542.8913150101926,1586.675293741908,12846210,0.0,0.0
2025-05-14 00:00:00+05:30,1570.3056640625,1572.8695652973822,1547.7233747550104,1552.1609377918994,4870057,0.0,0.0
2025-05-15 00:00:00+05:30,1590.6197509765625,1596.1420273386075,1549.2024976963296,1567.7416973152629,11151167,0.0,0.0
2025-05-16 00:00:00+05:30,1567.84033203125,1590.2253238143162,1559.5568570553514,1590.2253238143162,4576751,0.0,0.0
2025-05-19 00:00:00+05:30,1538.157958984375,1563.0082630282545,1534.1147498260523,1554.62619978804,8855798,0.0,0.0
2025-05-20 00:00:00+05:30,1538.94677734375,1561.529065774123,1536.382876208452,1548.2163771805324,7143998,0.0,0.0
2025-05-21 00:00:00+05:30,1546.7371826171875,1549.2024953086398,1530.564707285941,1546.145531646558,4157309,0.0,0.0
2025-05-22 00:00:00+05:30,1526.028564453125,1539.1440761948634,1518.6326263378432,1533.9175651094254,6158990,0.0,0.0
2025-05-23 00:00:00+05:30,1543.088623046875,1565.1777292492216,1528.4939232420525,1528.4939232420525,5038421,0.0,0.0
2025-05-26 00:00:00+05:30,1558.5706787109375,1561.8249396042181,1541.0176042515016,1544.8635161135799,3170102,0.0,0.0
2025-05-27 00:00:00+05:30,1548.3150634765625,1560.9375134619054,1534.805197163501,1557.9791380318973,7775714,0.0,0.0
2025-05-28 00:00:00+05:30,1549.991455078125,1565.6707476113982,1548.216381776405,1559.0637576996792,3623370,0.0,0.0
2025-05-29 00:00:00+05:30,1563.5999755859375,1586.5767391705513,1554.7248494526432,1566.9528250893914,8609500,0.0,0.0
2025-05-30 00:00:00+05:30,,,,,0,22.0,0.0
