timestamp,Open,High,Low,Close,Volume,Dividends,Stock Splits
2020-06-01 00:00:00+05:30,157.49682852294086,160.82698534494335,155.92969590082205,157.14422607421875,28508405,0.0,0.0
2020-06-02 00:00:00+05:30,158.2020662586985,158.2020662586985,154.12752298668323,154.55848693847656,22631373,0.0,0.0
2020-06-03 00:00:00+05:30,156.71327385120594,157.4184788010268,153.265586608989,154.12750244140625,18979188,0.0,0.0
2020-06-04 00:00:00+05:30,154.9502559649555,158.6721963737218,152.79544835988025,156.830810546875,21996048,0.0,0.0
2020-06-05 00:00:00+05:30,158.12369393483385,158.28040481567382,155.65545272557765,156.71327209472656,14629659,0.0,0.0
2020-06-08 00:00:00+05:30,158.9856262859758,159.57330111742658,154.36258906107298,154.8719024658203,19551313,0.0,0.0
2020-06-09 00:00:00+05:30,155.3420112667516,161.5713606513896,154.87186672757156,155.53790283203125,39914264,0.0,0.0
2020-06-10 00:00:00+05:30,156.28230909256106,159.18150225151996,155.3812125554096,155.96888732910156,27199665,0.0,0.0
2020-06-11 00:00:00+05:30,156.71328590029762,157.6927439371745,151.69846553399805,152.20777893066406,19847133,0.0,0.0
2020-06-12 00:00:00+05:30,148.05486623678402,152.95215614906368,147.19295038598733,151.9335174560547,22562768,0.0,0.0
2020-06-15 00:00:00+05:30,151.9335324387877,151.97271315320452,145.9784344919657,146.6836395263672,24462536,0.0,0.0
2020-06-16 00:00:00+05:30,149.50448088708487,149.62201107194574,142.5307323159776,144.9597930908203,27636105,0.0,0.0
2020-06-17 00:00:00+05:30,144.1762272272885,144.95979367961073,141.59045554337013,141.98223876953125,24027295,0.0,0.0
2020-06-18 00:00:00+05:30,141.9822350704938,146.91870598276984,141.59045185453974,146.2135009765625,28887489,0.0,0.0
2020-06-19 00:00:00+05:30,146.60525737909398,147.2712815506382,143.86277536900286,144.2153778076172,30531449,0.0,0.0
2020-06-22 00:00:00+05:30,146.13514276452966,146.91870921366925,143.51019037740204,144.9597930908203,31395991,0.0,0.0
2020-06-23 00:00:00+05:30,145.27319429866276,146.91868839115307,144.76388096141616,145.6258087158203,26546793,0.0,0.0
2020-06-24 00:00:00+05:30,146.84035944958475,152.56039737389386,145.8609013103632,150.32723999023438,54652978,0.0,0.0
2020-06-25 00:00:00+05:30,150.6406458076535,159.45576812409615,150.1705011682666,158.35877990722656,75574255,0.0,0.0
2020-06-26 00:00:00+05:30,161.4146673705096,164.07878816596002,151.46337716173775,152.9521484375,71956002,0.0,0.0
2020-06-29 00:00:00+05:30,158.6722109254322,159.06399416228513,153.73573974983032,154.55848693847656,91503336,0.0,0.0
2020-06-30 00:00:00+05:30,156.243134845331,156.243134845331,152.0118810822523,152.5211944580078,41210494,0.0,0.0
2020-07-01 00:00:00+05:30,152.5212030773985,159.73002390525522,152.5212030773985,158.98562622070312,44297953,0.0,0.0
2020-07-02 00:00:00+05:30,160.20013435966183,162.00233931646852,158.71136310975868,161.29713439941406,39320871,0.0,0.0
2020-07-03 00:00:00+05:30,162.98181392041184,163.3735971269513,161.41468109425404,162.62921142578125,37893277,0.0,0.0
2020-07-06 00:00:00+05:30,165.05955336445007,166.3777154117291,163.9061474306555,164.60643005371094,34710176,10.15,0.0
2020-07-07 00:00:00+05:30,164.77123049388672,165.18315857012146,159.82809357907013,160.0340576171875,31263172,0.0,0.0
2020-07-08 00:00:00+05:30,160.03403873944526,163.08230362979697,160.03403873944526,161.7229461669922,21274354,0.0,0.0
2020-07-09 00:00:00+05:30,162.2172634086215,162.29965404823213,159.9516591008416,161.02267456054688,18769502,0.0,0.0
2020-07-10 00:00:00+05:30,160.77551464972652,161.88772542534218,159.8280851527551,160.11643981933594,16191544,0.0,0.0
2020-07-13 00:00:00+05:30,161.39340697502288,163.74140191773355,160.73433214363783,162.75277709960938,20297515,0.0,0.0
2020-07-14 00:00:00+05:30,162.6292169789456,164.35932011382639,158.79829048591495,161.3934326171875,18474376,0.0,0.0
2020-07-15 00:00:00+05:30,161.76415620777266,164.771226054855,160.2400173383465,163.70021057128906,23776757,0.0,0.0
2020-07-16 00:00:00+05:30,163.70022382120794,163.8238097933803,158.18038981580355,159.70452880859375,22144320,0.0,0.0
2020-07-17 00:00:00+05:30,159.25140108187279,160.9814915060942,159.00424171525614,159.86929321289062,14882294,0.0,0.0
2020-07-20 00:00:00+05:30,160.65195176702244,160.94030645245914,158.46873796373572,158.757080078125,18914963,0.0,0.0
2020-07-21 00:00:00+05:30,158.2627791389726,159.9928695954702,157.76846039651738,158.3863525390625,28010715,0.0,0.0
2020-07-22 00:00:00+05:30,159.00424777354047,163.04113815491579,158.59231967050022,161.92893981933594,32572133,0.0,0.0
2020-07-23 00:00:00+05:30,162.83515204701817,166.00700303921326,162.1348819093317,165.34791564941406,31488108,0.0,0.0
2020-07-24 00:00:00+05:30,165.59507440799953,166.17177115789772,162.54680938335505,164.44168090820312,60183102,0.0,0.0
2020-07-27 00:00:00+05:30,165.18315888797298,165.18315888797298,160.7755234353613,161.8053436279297,22645697,0.0,0.0
2020-07-28 00:00:00+05:30,162.29966599337453,163.6590236496716,160.6931489711014,160.9814910888672,19287132,0.0,0.0
2020-07-29 00:00:00+05:30,159.3749729511002,163.2882897433474,159.33377762855125,162.05250549316406,14831635,0.0,0.0
2020-07-30 00:00:00+05:30,163.4530663246277,163.4530663246277,158.5923197351892,159.2926025390625,16315231,0.0,0.0
2020-07-31 00:00:00+05:30,159.4161739160915,162.25847527790526,159.4161739160915,159.95167541503906,16652851,0.0,0.0
2020-08-03 00:00:00+05:30,159.8280914456189,159.8280914456189,158.09798852010832,158.67469787597656,13265411,0.0,0.0
2020-08-04 00:00:00+05:30,158.6746950106314,161.3110321015263,158.6746950106314,159.53973388671875,17187619,0.0,0.0
2020-08-05 00:00:00+05:30,160.2400151685657,160.32240580889626,157.9332155208243,158.83946228027344,48768332,0.0,0.0
2020-08-06 00:00:00+05:30,159.9928654803584,161.14627165940502,159.08663123722982,160.9403076171875,17886089,0.0,0.0
2020-08-07 00:00:00+05:30,161.063890117107,162.29967444025618,159.95167919785348,161.5170135498047,20911818,0.0,0.0
2020-08-10 00:00:00+05:30,161.80534906065236,164.48288165123017,161.80534906065236,163.8238067626953,16474505,0.0,0.0
2020-08-11 00:00:00+05:30,164.77123276810812,171.1149227154708,164.77123276810812,167.28399658203125,55142972,0.0,0.0
2020-08-12 00:00:00+05:30,166.83087705682613,168.80812686759907,165.10077404411405,168.23143005371094,21287010,0.0,0.0
2020-08-13 00:00:00+05:30,167.65471253448376,168.2314092771499,162.3820386428988,165.96580505371094,22698888,0.0,0.0
2020-08-14 00:00:00+05:30,166.08940568585209,167.53115395544788,161.06387811769935,161.8053436279297,28751298,0.0,0.0
2020-08-17 00:00:00+05:30,163.16469730771843,164.35928609596107,162.1760725371399,163.74139404296875,11740766,0.0,0.0
2020-08-18 00:00:00+05:30,164.68884318317487,164.68884318317487,162.50562936336613,163.57664489746094,12488159,0.0,0.0
2020-08-19 00:00:00+05:30,163.6178486696946,166.17179538329913,163.20592056385053,163.4942626953125,15474353,0.0,0.0
2020-08-20 00:00:00+05:30,162.29966001267618,162.46442872690602,160.28121497850458,161.31103515625,16910449,0.0,0.0
2020-08-21 00:00:00+05:30,163.12352788159862,164.11215280909568,161.72297485339047,162.13490295410156,17233813,0.0,0.0
2020-08-24 00:00:00+05:30,162.50562889910745,163.947377190988,161.76416337741645,162.05250549316406,14737317,0.0,0.0
2020-08-25 00:00:00+05:30,162.50563003651334,163.3706815319058,160.73434429393868,160.9814910888672,15199264,0.0,0.0
2020-08-26 00:00:00+05:30,161.88771241279616,161.92890772914595,159.5397176623603,160.61073303222656,22631175,0.0,0.0
2020-08-27 00:00:00+05:30,163.53544626518257,163.86498369775146,159.7457029354043,160.0340576171875,47212216,0.0,0.0
2020-08-28 00:00:00+05:30,160.3224111962312,161.72296413158642,159.86928780128028,161.10507202148438,34645487,0.0,0.0
2020-08-31 00:00:00+05:30,163.947393669559,163.947393669559,156.53268742319705,157.43893432617188,96994911,0.0,0.0
2020-09-01 00:00:00+05:30,157.4389268625835,158.46874712575828,155.0909316341257,156.69744873046875,39779151,0.0,0.0
2020-09-02 00:00:00+05:30,157.6036868796887,159.0042398459879,156.2443166648018,157.64488220214844,20585374,0.0,0.0
2020-09-03 00:00:00+05:30,157.6860335623007,159.21017219256208,156.53264018932364,157.85081481933594,15691462,0.0,0.0
2020-09-04 00:00:00+05:30,156.53267755137867,156.53267755137867,152.9900933873221,153.81394958496094,41389019,0.0,0.0
2020-09-07 00:00:00+05:30,154.26705986625524,156.9445922804893,148.95319035836928,155.79119873046875,32660563,0.0,0.0
2020-09-08 00:00:00+05:30,156.2031465143392,156.98580742002204,152.0838653570101,155.008544921875,25589032,0.0,0.0
2020-09-09 00:00:00+05:30,152.82532721509585,153.44321937364748,150.18898985281868,151.42477416992188,27829564,0.0,0.0
2020-09-10 00:00:00+05:30,151.67193399689702,152.99009639641676,150.93045586180952,152.3310089111328,17784303,0.0,0.0
2020-09-11 00:00:00+05:30,152.3309700152701,153.64914464925815,150.55968463620334,151.54830932617188,19255948,0.0,0.0
2020-09-14 00:00:00+05:30,153.07250736731197,153.11370269768264,150.7657071481037,151.05406188964844,30992032,0.0,0.0
2020-09-15 00:00:00+05:30,151.58956577498992,151.75433452792666,148.9532280148523,149.77708435058594,30771790,0.0,0.0
2020-09-16 00:00:00+05:30,149.81825787716306,151.17761560486383,148.33531417445886,148.82962036132812,50641398,0.0,0.0
2020-09-17 00:00:00+05:30,148.95318216038646,149.5298789036569,146.48161391404503,147.1407012939453,33933262,0.0,0.0
2020-09-18 00:00:00+05:30,147.92339087602244,148.17055026301713,145.82255494314035,147.5526580810547,29782789,0.0,0.0
2020-09-21 00:00:00+05:30,148.29409777015914,148.78841645781156,144.21601259568905,144.79270935058594,23891325,0.0,0.0
2020-09-22 00:00:00+05:30,144.79271129591007,145.61656740570186,143.14499907632646,143.51573181152344,18529108,0.0,0.0
2020-09-23 00:00:00+05:30,144.13364916611462,146.27568045557354,141.45611633981537,142.11520385742188,61785000,0.0,0.0
2020-09-24 00:00:00+05:30,141.45609563713637,141.4972909580293,136.88369158105178,137.21324157714844,31486355,0.0,0.0
2020-09-25 00:00:00+05:30,139.14930765137981,141.04417943239545,137.58398589417666,140.67344665527344,26625318,0.0,0.0
2020-09-28 00:00:00+05:30,140.8794200850213,144.01007637889822,140.46749195611773,142.7742919921875,23194638,0.0,0.0
2020-09-29 00:00:00+05:30,143.96885342356256,143.96885342356256,139.23168085025506,139.56121826171875,25615786,0.0,0.0
2020-09-30 00:00:00+05:30,140.0555475030462,141.78565047120867,138.98453197851933,141.4561004638672,18481590,0.0,0.0
2020-10-01 00:00:00+05:30,143.76289878935336,143.84528943312432,140.1379367422814,140.75582885742188,19756417,0.0,0.0
2020-10-05 00:00:00+05:30,140.96180691064626,142.36235999666908,139.02573972896423,139.4376678466797,24298942,0.0,0.0
2020-10-06 00:00:00+05:30,139.64360712397772,141.37370993977294,138.49021362747843,139.97314453125,21885190,0.0,0.0
2020-10-07 00:00:00+05:30,140.05552848883434,140.79699390535697,139.23167243890003,139.6436004638672,16286540,0.0,0.0
2020-10-08 00:00:00+05:30,140.13798232545946,140.3851291950682,137.50163171982047,137.7075958251953,25502126,0.0,0.0
2020-10-09 00:00:00+05:30,137.9959165354723,139.1493102124241,137.04848691305105,138.28427124023438,22373277,0.0,0.0
2020-10-12 00:00:00+05:30,140.46745868230872,144.33957966256787,140.0555306509823,141.86801147460938,66250422,0.0,0.0
2020-10-13 00:00:00+05:30,142.4035446506037,144.05125699798216,139.64362144032572,140.1791229248047,35684395,0.0,0.0
2020-10-14 00:00:00+05:30,140.5086615449343,140.87939427882716,137.62516517080627,138.24305725097656,38216229,0.0,0.0
2020-10-15 00:00:00+05:30,138.16067658093556,138.24306722598848,135.5655346853849,135.9774627685547,27116799,0.0,0.0
2020-10-16 00:00:00+05:30,136.34818600436583,137.4192014599992,134.94763313363606,136.51295471191406,20227056,0.0,0.0
2020-10-19 00:00:00+05:30,137.4191959940221,139.14928621103238,136.8836820019827,138.61378479003906,19016521,0.0,0.0
2020-10-20 00:00:00+05:30,138.40782000879716,138.65497934445062,137.33680460166272,137.95469665527344,16148741,0.0,0.0
2020-10-21 00:00:00+05:30,138.53141969109288,139.1493118620095,137.25445259470385,138.11949157714844,16478833,0.0,0.0
2020-10-22 00:00:00+05:30,138.03707539599623,139.31405471096184,137.58395208151876,138.86093139648438,22044107,0.0,0.0
2020-10-23 00:00:00+05:30,139.1905029757374,140.87941070601323,138.20187804639602,140.67344665527344,20145584,0.0,0.0
2020-10-26 00:00:00+05:30,141.29130408371537,141.37369471218216,138.61377208212895,138.86093139648438,16080575,0.0,0.0
2020-10-27 00:00:00+05:30,138.8197489345085,139.47883631012783,137.37800080017385,137.7487335205078,45885092,0.0,0.0
2020-10-28 00:00:00+05:30,138.81975871198486,138.81975871198486,135.93626224022256,136.3481903076172,16820774,0.0,0.0
2020-10-29 00:00:00+05:30,135.93624471204055,136.7189054249614,134.65926535356684,134.9888153076172,21007139,0.0,0.0
2020-10-30 00:00:00+05:30,135.11240699756524,137.419206704416,134.5769055348352,136.14222717285156,16347325,0.0,0.0
2020-11-02 00:00:00+05:30,137.41923182777575,137.74876931569548,135.48316451586152,137.37803649902344,14370649,0.0,0.0
2020-11-03 00:00:00+05:30,137.74873402042573,140.67342561775666,137.66635595507813,140.13792419433594,22602903,0.0,0.0
2020-11-04 00:00:00+05:30,140.0967416265739,141.53848989735684,138.57260271189875,139.89077758789062,18808819,0.0,0.0
2020-11-05 00:00:00+05:30,141.0853753478742,144.17483612191523,140.2203238169331,143.9688720703125,26997641,0.0,0.0
2020-11-06 00:00:00+05:30,145.4106197664962,145.98731659413673,142.8566605098836,143.30978393554688,34252005,0.0,0.0
2020-11-09 00:00:00+05:30,143.30979540308917,146.06971893120956,141.57970478172703,142.36236572265625,35286484,0.0,0.0
2020-11-10 00:00:00+05:30,144.17481523904237,147.92336294946674,141.5796735931581,146.9347381591797,57459436,0.0,0.0
2020-11-11 00:00:00+05:30,147.96457525717986,153.1548591448918,147.14071907550525,152.66055297851562,63318644,0.0,0.0
2020-11-12 00:00:00+05:30,152.57816413903802,155.502856132832,151.46596582323323,154.8849639892578,46367792,0.0,0.0
2020-11-13 00:00:00+05:30,154.225856459353,155.54403122258825,152.86649894874168,154.1434783935547,28198725,0.0,0.0
2020-11-14 00:00:00+05:30,155.75000520836454,156.53266602427652,154.92614907139466,155.3792724609375,7767144,0.0,0.0
2020-11-17 00:00:00+05:30,155.7088298174728,156.03836728602155,153.56679855876007,154.34947204589844,20950589,0.0,0.0
2020-11-18 00:00:00+05:30,153.8963418723257,155.25569958448943,150.5597217221398,151.6307373046875,26595992,0.0,0.0
2020-11-19 00:00:00+05:30,150.60090767957365,158.01561307611783,150.51851703563756,154.8025665283203,48984610,0.0,0.0
2020-11-20 00:00:00+05:30,155.5440496402281,158.1803869078155,153.2784451402464,157.9332275390625,45307312,0.0,0.0
2020-11-23 00:00:00+05:30,158.18037015414535,158.59229820142178,155.4204472089748,157.23294067382812,23180456,0.0,0.0
2020-11-24 00:00:00+05:30,157.02698660902027,161.84653752518795,157.02698660902027,161.10507202148438,45411815,0.0,0.0
2020-11-25 00:00:00+05:30,161.47581460363278,163.08233167348996,158.5923179142822,159.70452880859375,41659179,0.0,0.0
2020-11-26 00:00:00+05:30,160.73434197960484,161.35223410012452,158.63350625562848,160.4871826171875,24222956,0.0,0.0
2020-11-27 00:00:00+05:30,160.1988213022042,161.26983678098716,159.16900114396034,159.53973388671875,31385396,0.0,0.0
2020-12-01 00:00:00+05:30,160.65195729297142,161.76416817957266,158.50992616731267,160.1576385498047,15893346,0.0,0.0
2020-12-02 00:00:00+05:30,160.6519400466244,163.7414004321364,159.45735121176904,161.43460083007812,28425948,0.0,0.0
2020-12-03 00:00:00+05:30,162.46445073622732,162.46445073622732,160.28123669206238,161.64059448242188,28009042,0.0,0.0
2020-12-04 00:00:00+05:30,162.17608605628536,164.23572640461995,161.8877313790997,163.2882843017578,22152332,0.0,0.0
2020-12-07 00:00:00+05:30,163.28827829979508,167.86068221924015,162.79397217699216,167.36636352539062,35693450,0.0,0.0
2020-12-08 00:00:00+05:30,167.98427710716004,168.64336459296587,164.40051011673467,166.78968811035156,30853963,0.0,0.0
2020-12-09 00:00:00+05:30,168.89052479687015,171.1973247229395,168.6021700919684,169.22006225585938,39684395,0.0,0.0
2020-12-10 00:00:00+05:30,170.24984509540613,176.01683735704063,167.36634896458887,175.2341766357422,65227495,0.0,0.0
2020-12-11 00:00:00+05:30,176.67596471699457,179.55946150090324,175.7697304132523,178.20010375976562,60322445,0.0,0.0
2020-12-14 00:00:00+05:30,179.55945211870244,180.09496617893322,177.12907889917906,177.87054443359375,26990063,0.0,0.0
2020-12-15 00:00:00+05:30,177.3350470443001,178.28247664585044,174.32797694281592,175.9344940185547,23255609,0.0,0.0
2020-12-16 00:00:00+05:30,176.0992422727781,177.58218577454764,175.89327824672807,176.30520629882812,19551630,0.0,0.0
2020-12-17 00:00:00+05:30,176.46999736045416,177.21147549079168,174.03962405939646,175.52256774902344,22386185,0.0,0.0
2020-12-18 00:00:00+05:30,175.5637693809289,177.91175211706397,172.8038459546638,176.7171630859375,23775053,0.0,0.0
2020-12-21 00:00:00+05:30,176.7171399397513,176.88190865159294,164.07094331191442,167.20159912109375,41834797,0.0,0.0
2020-12-22 00:00:00+05:30,167.32517988559437,169.9203215868661,162.21726197984287,167.57232666015625,40986353,0.0,0.0
2020-12-23 00:00:00+05:30,167.24279601536645,171.5680407399018,166.41893987735972,171.15611267089844,23695667,0.0,0.0
2020-12-24 00:00:00+05:30,173.0098084897676,173.54531001143562,169.38484610221093,171.85641479492188,22768284,0.0,0.0
2020-12-28 00:00:00+05:30,172.18595700502965,173.174581995155,171.2385273417947,172.59788513183594,15741000,0.0,0.0
2020-12-29 00:00:00+05:30,173.421722196853,175.8932906842191,173.09218476028983,174.28677368164062,26546469,0.0,0.0
2020-12-30 00:00:00+05:30,175.23417848227837,175.8932658333337,172.63903696561462,173.9571990966797,18925262,0.0,0.0
2020-12-31 00:00:00+05:30,173.46292321143548,174.08081535355336,171.81521083245448,172.18594360351562,18245270,0.0,0.0
2021-01-01 00:00:00+05:30,172.92739881409878,176.46998273146602,172.43309267256546,176.181640625,19527333,0.0,0.0
2021-01-04 00:00:00+05:30,176.3052165468201,177.952928850996,174.7398948862719,175.81089782714844,26891799,0.0,0.0
2021-01-05 00:00:00+05:30,175.02823235092262,175.6873197693076,173.5041060526447,174.20437622070312,18024083,0.0,0.0
2021-01-06 00:00:00+05:30,174.20439489212302,174.24559021725872,168.4785966876095,169.22006225585938,49067837,0.0,0.0
2021-01-07 00:00:00+05:30,169.7967303027283,171.03251432947,166.50130623141706,167.0780029296875,34952401,0.0,0.0
2021-01-08 00:00:00+05:30,168.35501416703275,169.71437182556608,164.97719882558061,166.00701904296875,56427360,0.0,0.0
2021-01-11 00:00:00+05:30,168.0666558159722,169.7967587719085,165.80105138708043,166.83087158203125,42970983,0.0,0.0
2021-01-12 00:00:00+05:30,167.24281209028265,170.45584630891807,166.08941841463104,170.08511352539062,35617404,0.0,0.0
2021-01-13 00:00:00+05:30,170.90895592987803,175.4813600799741,169.096474912745,174.03961181640625,63925996,0.0,0.0
2021-01-14 00:00:00+05:30,174.65750156008028,178.36485418753483,174.32796413272538,176.4287872314453,48304263,0.0,0.0
2021-01-15 00:00:00+05:30,177.0466954100056,180.01258280965956,173.9984299315574,179.47708129882812,58321158,0.0,0.0
2021-01-18 00:00:00+05:30,179.9301780853823,182.89606525303967,176.7995347730239,181.04238891601562,67607822,0.0,0.0
2021-01-19 00:00:00+05:30,182.07218881658036,182.6488855429667,179.18869261360285,180.3009033203125,31785089,0.0,0.0
2021-01-20 00:00:00+05:30,180.0125844526501,180.4245125635257,177.7057845175369,179.3123016357422,44672447,0.0,0.0
2021-01-21 00:00:00+05:30,180.4244998747951,180.83642795670102,174.82227544666503,176.0580596923828,28999164,0.0,0.0
2021-01-22 00:00:00+05:30,176.3051991047501,176.9230911576873,172.30949213400442,173.5864715576172,24712182,0.0,0.0
2021-01-25 00:00:00+05:30,174.65750473569508,175.06943281290194,170.41465056888367,171.1973114013672,24967899,0.0,0.0
2021-01-27 00:00:00+05:30,171.36205931145446,175.19298493591242,170.62059389092897,173.54527282714844,48471357,0.0,0.0
2021-01-28 00:00:00+05:30,172.3919083404716,173.8336566778471,169.50841166572056,170.2086944580078,22131983,0.0,0.0
2021-01-29 00:00:00+05:30,171.81521671307405,172.02118076749608,166.70731067761713,167.4487762451172,23764654,0.0,0.0
2021-02-01 00:00:00+05:30,168.06664971324145,179.55944015736404,166.25416875015117,177.91172790527344,57744414,0.0,0.0
2021-02-02 00:00:00+05:30,181.24835497734082,184.13185153379854,178.77678650037709,179.76541137695312,48457781,0.0,0.0
2021-02-03 00:00:00+05:30,182.48413265452666,182.89606071920957,177.7057645899956,178.57081604003906,53643263,0.0,0.0
2021-02-04 00:00:00+05:30,178.03529535317796,190.64028271405934,177.95290472072236,189.44569396972656,105818897,0.0,0.0
2021-02-05 00:00:00+05:30,191.25820038111632,196.77804664835205,187.22131027058745,193.07069396972656,125490301,0.0,0.0
2021-02-08 00:00:00+05:30,195.66584041624353,196.11896382404854,190.7227033952016,192.04087829589844,41495834,0.0,0.0
2021-02-09 00:00:00+05:30,193.27668608054844,197.0664173820784,188.00399840691466,188.6630859375,70655961,0.0,0.0
2021-02-10 00:00:00+05:30,188.6630642826522,190.39316728047547,183.80231787322123,187.46847534179688,47283127,0.0,0.0
2021-02-11 00:00:00+05:30,188.663061068781,188.91022043155218,184.95570834035516,186.56222534179688,43631374,0.0,0.0
2021-02-12 00:00:00+05:30,185.98553071009403,185.98553071009403,177.78816431814434,179.14752197265625,110568108,0.0,0.0
2021-02-15 00:00:00+05:30,179.9713847302528,182.0722205586001,179.1887238529209,180.094970703125,31776555,0.0,0.0
2021-02-16 00:00:00+05:30,180.46571287603567,182.73131754846213,178.98276912169223,179.80662536621094,29148891,0.0,0.0
2021-02-17 00:00:00+05:30,179.27111043886686,179.93018532839062,178.40605893255724,179.39468383789062,19850516,0.0,0.0
2021-02-18 00:00:00+05:30,179.76538933998918,181.74265142180127,179.51823000838195,180.3009033203125,24070563,0.0,0.0
2021-02-19 00:00:00+05:30,180.3009182134329,180.3421009628977,176.30521097369447,177.91172790527344,28125203,0.0,0.0
2021-02-22 00:00:00+05:30,178.79728877742426,178.79728877742426,173.73698815164812,174.62254333496094,51546288,5.0,0.0
2021-02-23 00:00:00+05:30,175.4237520140138,177.5743823168337,174.58036859086948,175.84544372558594,26675953,0.0,0.0
2021-02-24 00:00:00+05:30,176.35147084612447,176.9418366414712,174.15866889882616,176.140625,13160617,0.0,0.0
2021-02-25 00:00:00+05:30,176.688820315734,178.1225695058307,176.09845451616587,176.3936309814453,25954142,0.0,0.0
2021-02-26 00:00:00+05:30,174.7912043806384,175.42374191156955,171.20682503869529,171.9237060546875,43429293,0.0,0.0
2021-03-01 00:00:00+05:30,173.27311411987438,175.21289848192376,172.09238252680566,174.4960174560547,16225536,0.0,0.0
2021-03-02 00:00:00+05:30,174.58036213418342,177.78522159740507,174.15867043820714,177.0261688232422,25604169,0.0,0.0
2021-03-03 00:00:00+05:30,178.79728267817444,178.79728267817444,176.09845834362653,177.06834411621094,20846117,0.0,0.0
2021-03-04 00:00:00+05:30,176.0984734422848,178.20693214521205,175.0864158386819,176.85751342773438,24899212,0.0,0.0
2021-03-05 00:00:00+05:30,175.42377077121378,177.11053779786008,174.74906138675306,175.88763427734375,17323590,0.0,0.0
2021-03-08 00:00:00+05:30,176.85748569160262,177.7852125230017,175.17071899379238,175.42373657226562,22988740,0.0,0.0
2021-03-09 00:00:00+05:30,176.01413644903758,176.8996917107841,172.68277414914445,175.25509643554688,22593086,0.0,0.0
2021-03-10 00:00:00+05:30,176.35146273511572,176.43579334828138,173.5682951204781,174.15866088867188,19603214,0.0,0.0
2021-03-12 00:00:00+05:30,175.42376267912812,175.42376267912812,171.62853704424313,173.06228637695312,30787960,0.0,0.0
2021-03-15 00:00:00+05:30,173.61047814704798,173.736980509524,170.0260986947884,173.2731170654297,41115805,0.0,0.0
2021-03-16 00:00:00+05:30,174.07434016337052,176.18279880328058,172.85143672602473,175.29725646972656,48763187,0.0,0.0
2021-03-17 00:00:00+05:30,178.965967704744,180.39971701347505,175.88762322220347,177.61656188964844,78578698,0.0,0.0
2021-03-18 00:00:00+05:30,179.6406654977492,184.7853094225186,178.71293860344343,183.56239318847656,91993104,0.0,0.0
2021-03-19 00:00:00+05:30,184.70097139526246,190.73115777951296,181.79130113201578,188.03233337402344,134184994,0.0,0.0
2021-03-22 00:00:00+05:30,188.3275122124953,190.94199298137173,186.80941954756204,190.60464477539062,46050245,0.0,0.0
2021-03-23 00:00:00+05:30,189.76127170952483,192.3757654895711,186.6407555929924,187.39979553222656,41564683,0.0,0.0
2021-03-24 00:00:00+05:30,186.38773569247383,187.9058284212371,181.5382810307918,182.12864685058594,27609243,0.0,0.0
2021-03-25 00:00:00+05:30,181.45393115834742,182.12864044395388,176.30930020224284,178.45993041992188,40681282,0.0,0.0
2021-03-26 00:00:00+05:30,180.69490763042214,180.8635817498573,177.40571725989957,177.86956787109375,26079435,0.0,0.0
2021-03-30 00:00:00+05:30,179.8514903615732,181.32741115000346,177.44784278709787,180.94789123535156,27792033,0.0,0.0
2021-03-31 00:00:00+05:30,180.52624283052418,184.95400625658252,179.38766994479045,184.279296875,36485322,0.0,0.0
2021-04-01 00:00:00+05:30,185.5443608460518,186.05039606869062,183.2672280821978,185.58653259277344,29062762,0.0,0.0
2021-04-05 00:00:00+05:30,183.52024315455853,185.54435827909003,177.53221553522022,179.2611541748047,31378045,0.0,0.0
2021-04-06 00:00:00+05:30,180.31538821252934,181.2852740540951,177.2370308298445,179.34548950195312,25674227,0.0,0.0
2021-04-07 00:00:00+05:30,179.38765696993164,181.49611559174326,179.17681110775047,180.3153839111328,15204883,0.0,0.0
2021-04-08 00:00:00+05:30,181.20091998803343,182.25514918771012,179.51415326855073,179.85150146484375,14116874,0.0,0.0
2021-04-09 00:00:00+05:30,180.27320016108013,182.12864105092447,179.26114266380222,179.72500610351562,16364247,0.0,0.0
2021-04-12 00:00:00+05:30,177.11053688119128,177.95392039014934,172.893619336401,173.14663696289062,34511670,0.0,0.0
2021-04-13 00:00:00+05:30,174.5803500279988,176.85748245456233,173.73696669453022,176.01409912109375,20247639,0.0,0.0
2021-04-15 00:00:00+05:30,176.26713120218665,177.4900345625626,173.7369809935428,174.3273468017578,17530742,0.0,0.0
2021-04-16 00:00:00+05:30,175.42374828214795,176.47797753865126,174.15867317434402,175.38157653808594,13311926,0.0,0.0
2021-04-19 00:00:00+05:30,172.89360772534062,173.8213346704953,171.83937840994219,173.39964294433594,15792299,0.0,0.0
2021-04-20 00:00:00+05:30,173.90563010445962,174.58033930358903,170.7851145361197,171.67066955566406,21364882,0.0,0.0
2021-04-22 00:00:00+05:30,170.3634436160678,173.98999474209288,169.1405402827246,173.6526336669922,23139735,0.0,0.0
2021-04-23 00:00:00+05:30,172.26105487531484,174.5803591637218,172.26105487531484,173.18878173828125,19625381,0.0,0.0
2021-04-26 00:00:00+05:30,173.56832871736967,174.3695404770776,172.64060170991138,173.14663696289062,19886214,0.0,0.0
2021-04-27 00:00:00+05:30,173.1466264069021,174.5382039642401,172.93578054251694,173.23095703125,11444814,0.0,0.0
2021-04-28 00:00:00+05:30,173.73696877138457,174.1586604431598,173.146603004701,173.31527709960938,12708021,0.0,0.0
2021-04-29 00:00:00+05:30,174.66469863304175,175.04421857043482,172.09237681669734,172.30322265625,13096755,0.0,0.0
2021-04-30 00:00:00+05:30,171.96587976347246,173.48397254247283,170.36345636114496,170.86949157714844,16495657,0.0,0.0
2021-05-03 00:00:00+05:30,169.6887358626062,170.23694278870195,168.67667836621078,169.47789001464844,20611626,0.0,0.0
2021-05-04 00:00:00+05:30,169.6887613771721,170.6586601450183,167.9176637094285,168.33935546875,18259282,0.0,0.0
2021-05-05 00:00:00+05:30,169.89957835877237,170.36344178893017,168.25498335094838,169.85740661621094,13862655,0.0,0.0
2021-05-06 00:00:00+05:30,170.61645175161073,173.6947957859105,170.44777765791088,170.9959716796875,14320889,0.0,0.0
2021-05-07 00:00:00+05:30,171.16465391062977,174.11649573223858,171.16465391062977,173.18878173828125,19463495,0.0,0.0
2021-05-10 00:00:00+05:30,174.70685804850217,174.95987563055317,172.89358897031943,173.35745239257812,16295368,0.0,0.0
2021-05-11 00:00:00+05:30,171.96585793438476,174.1586597667021,171.83935558094697,172.05020141601562,13747541,0.0,0.0
2021-05-12 00:00:00+05:30,171.9658882118908,173.10446106932991,171.08034584389455,171.41769409179688,16537612,0.0,0.0
2021-05-14 00:00:00+05:30,172.89358833232112,179.80932929181222,172.05020497460248,179.00811767578125,61647120,0.0,0.0
2021-05-17 00:00:00+05:30,182.84552188004517,183.0141959845701,178.50208969172468,179.30331420898438,38001828,0.0,0.0
2021-05-18 00:00:00+05:30,180.56838466568155,180.99007635068406,176.815318373952,177.15267944335938,30479551,0.0,0.0
2021-05-19 00:00:00+05:30,177.15270575550392,178.29126575271343,175.0442470173261,175.21292114257812,24405319,0.0,0.0
2021-05-20 00:00:00+05:30,175.8032714279047,176.5201524829274,174.4116939316956,174.5803680419922,20884367,0.0,0.0
2021-05-21 00:00:00+05:30,175.08640749745018,176.98402023968117,174.91772051404385,176.30931091308594,22638020,0.0,0.0
2021-05-24 00:00:00+05:30,176.6888282361042,178.83945855215944,175.2129072365186,178.37559509277344,28865798,0.0,0.0
2021-05-25 00:00:00+05:30,179.64067829768922,179.97802653655958,177.32137376567678,177.86956787109375,25334878,0.0,0.0
2021-05-26 00:00:00+05:30,178.6286194682227,179.1768135698224,177.36354427775228,177.61656188964844,17576137,0.0,0.0
2021-05-27 00:00:00+05:30,177.9538961980285,180.61054874248066,177.36353039581795,178.0803985595703,47554219,0.0,0.0
2021-05-28 00:00:00+05:30,179.21898720913515,180.0623706783546,178.41777548717874,179.55633544921875,25597550,0.0,0.0
2021-05-31 00:00:00+05:30,181.32743077927324,183.77323748869225,180.82139559228546,182.67684936523438,73039531,0.0,0.0
2021-06-01 00:00:00+05:30,183.8575887469603,185.03832040782305,180.69490086713873,181.5382843017578,38755111,0.0,0.0
2021-06-02 00:00:00+05:30,177.53221075614672,179.1768058591832,175.9297873981132,176.2671356201172,96654991,0.0,0.0
2021-06-03 00:00:00+05:30,177.74306018896957,177.74306018896957,176.01412156113489,176.30931091308594,46657520,0.0,0.0
2021-06-04 00:00:00+05:30,176.68882724053847,176.857501351453,175.42375210516468,176.05628967285156,30126021,0.0,0.0
2021-06-07 00:00:00+05:30,177.4478646438685,179.13463146698138,177.27919053535913,178.3334197998047,31433280,0.0,0.0
2021-06-08 00:00:00+05:30,178.96595467759056,180.69489321918394,178.1225712786679,180.18885803222656,21261361,0.0,0.0
2021-06-09 00:00:00+05:30,180.4840540268842,181.1165915994083,178.37559545180378,179.21897888183594,24887924,0.0,0.0
2021-06-10 00:00:00+05:30,180.9093193445876,183.24978229274996,179.869115059506,181.42942810058594,30719587,5.75,0.0
2021-06-11 00:00:00+05:30,182.29627268970037,182.42629326915124,180.08583025062725,180.21585083007812,21424291,0.0,0.0
2021-06-14 00:00:00+05:30,180.25919515084442,180.69261471755811,177.87538753391908,179.6957550048828,17677889,0.0,0.0
2021-06-15 00:00:00+05:30,179.91245396446672,180.64925924740353,179.4356898243813,179.47903442382812,14854294,0.0,0.0
2021-06-16 00:00:00+05:30,179.47904192973448,181.4727745454339,179.47904192973448,180.17251586914062,20104244,0.0,0.0
2021-06-17 00:00:00+05:30,179.39235063836932,180.3025343465595,177.70201702425334,178.2654571533203,21476893,0.0,0.0
2021-06-18 00:00:00+05:30,178.5688494380879,178.958924376429,175.5349126757903,177.3119354248047,23567549,0.0,0.0
2021-06-21 00:00:00+05:30,176.05504056062384,178.56886886061363,175.44824256063262,177.2252655029297,19074685,0.0,0.0
2021-06-22 00:00:00+05:30,178.6555506812357,178.7855712604771,177.13858219781346,177.78871154785156,18042675,0.0,0.0
2021-06-23 00:00:00+05:30,178.26544810326556,178.43882649748275,176.48843860476907,176.7918243408203,12575210,0.0,0.0
2021-06-24 00:00:00+05:30,177.2252475874966,177.39861275843342,175.5782586232247,176.18504333496094,22435272,0.0,0.0
2021-06-25 00:00:00+05:30,176.83516244080195,178.2221101820836,176.6184526829088,177.74534606933594,13877208,0.0,0.0
2021-06-28 00:00:00+05:30,178.48215304839468,178.48215304839468,176.2717240778868,176.48843383789062,14627153,0.0,0.0
2021-06-29 00:00:00+05:30,176.48846321414968,177.96208718207563,176.09837499968188,176.22840881347656,13326068,0.0,0.0
2021-06-30 00:00:00+05:30,177.09523031788615,177.18190629151326,175.578261896805,175.70828247070312,15942408,0.0,0.0
2021-07-01 00:00:00+05:30,175.88164881157823,176.661811940887,175.2315194839451,175.9683380126953,10191296,0.0,0.0
2021-07-02 00:00:00+05:30,176.22835939437377,176.5750896800947,175.3181758607156,175.4481964111328,12698779,0.0,0.0
2021-07-05 00:00:00+05:30,175.96834391221128,176.92187224880718,175.70828952705645,176.5317840576172,10248249,0.0,0.0
2021-07-06 00:00:00+05:30,176.1850414134838,176.66180554854648,175.31820234133875,175.534912109375,11088659,0.0,0.0
2021-07-07 00:00:00+05:30,175.53492034724886,177.87538330649582,175.3615551700667,176.61846923828125,17879443,0.0,0.0
2021-07-08 00:00:00+05:30,176.40174476699073,177.26858380761476,174.92812104331267,175.1014862060547,20925008,0.0,0.0
2021-07-09 00:00:00+05:30,175.10149553558233,175.4048945067317,174.14796724932563,174.53805541992188,11834045,0.0,0.0
2021-07-12 00:00:00+05:30,175.10151533200954,175.57827952903935,174.19133154257378,174.3213653564453,13085323,0.0,0.0
2021-07-13 00:00:00+05:30,175.10150190022378,175.27486707850431,174.5380617640832,174.9714813232422,10830411,0.0,0.0
2021-07-14 00:00:00+05:30,174.97148692138276,177.83204552182215,174.84145311332554,176.921875,20480406,0.0,0.0
2021-07-15 00:00:00+05:30,177.18192569881677,180.7359716796875,175.88166690975427,178.78558349609375,28852257,0.0,0.0
2021-07-16 00:00:00+05:30,180.04248564850514,181.7328193159438,179.60906608111495,180.21585083007812,29019824,0.0,0.0
2021-07-19 00:00:00+05:30,179.2623361538161,181.60279917803052,178.87226118759963,180.08583068847656,16464973,0.0,0.0
2021-07-20 00:00:00+05:30,180.47588319260916,181.42941141527572,178.91557029502474,179.26231384277344,23656813,0.0,0.0
2021-07-22 00:00:00+05:30,179.43569946289062,180.5192483726907,178.43883975664073,179.43569946289062,18311537,0.0,0.0
2021-07-23 00:00:00+05:30,179.4356969897512,185.1568404454079,179.00227743180494,184.1166229248047,44526781,0.0,0.0
2021-07-26 00:00:00+05:30,185.5035624558189,186.6738005003948,182.7296800551335,183.03306579589844,47263771,0.0,0.0
2021-07-27 00:00:00+05:30,183.76986747048394,184.63670646798624,180.259166885217,180.86595153808594,24436949,0.0,0.0
2021-07-28 00:00:00+05:30,180.56255342591587,182.03617697509367,179.82573503787074,181.2560272216797,14736840,0.0,0.0
2021-07-29 00:00:00+05:30,181.25605975675538,182.2095748235361,178.26545430239867,178.61219787597656,15603733,0.0,0.0
2021-07-30 00:00:00+05:30,178.65554907805648,179.52238820366196,177.35529038964825,177.65867614746094,14940336,0.0,0.0
2021-08-02 00:00:00+05:30,178.95893645070333,179.8691201861852,178.09209731727591,179.6957550048828,9674128,0.0,0.0
2021-08-03 00:00:00+05:30,179.86911535223234,182.8163630359125,178.9589316412115,181.94952392578125,18468527,0.0,0.0
2021-08-04 00:00:00+05:30,182.81636650432134,182.98974491116905,180.38922753143808,180.82264709472656,10998260,0.0,0.0
2021-08-05 00:00:00+05:30,180.82263782141248,187.8873710499408,179.34900080027336,186.5871124267578,47178466,0.0,0.0
2021-08-06 00:00:00+05:30,186.71713554618344,187.23724429331972,184.28999666465378,185.72027587890625,23581637,0.0,0.0
2021-08-09 00:00:00+05:30,186.37040445853532,188.23410321235474,184.37667190499127,185.3302001953125,20358146,0.0,0.0
2021-08-10 00:00:00+05:30,185.50355034963968,185.89362526340335,180.77928033424888,181.9061737060547,18155926,0.0,0.0
2021-08-11 00:00:00+05:30,181.9061689166194,182.55629816474612,179.82574738646588,180.86595153808594,15418634,0.0,0.0
2021-08-12 00:00:00+05:30,182.25292548393153,185.6769373720159,180.6059364421437,181.0826873779297,27692208,0.0,0.0
2021-08-13 00:00:00+05:30,181.90618674212536,184.0299398487359,181.34273340238641,183.29312133789062,18850939,0.0,0.0
2021-08-16 00:00:00+05:30,183.24978002262378,184.85343764465642,182.469630125206,182.8163604736328,11190075,0.0,0.0
2021-08-17 00:00:00+05:30,182.72967543990248,183.33646013302135,180.99599732989753,181.3427276611328,7858486,0.0,0.0
2021-08-18 00:00:00+05:30,181.68949098084076,183.3364800737154,180.60594204423487,181.12603759765625,10735658,0.0,0.0
2021-08-20 00:00:00+05:30,179.43569833614185,182.64300044362705,179.17564395403974,181.0826873779297,19421004,0.0,0.0
2021-08-23 00:00:00+05:30,181.6027855832478,182.20957028826237,178.56884883126037,178.8289031982422,9936365,0.0,0.0
2021-08-24 00:00:00+05:30,179.4356758423593,179.4356758423593,177.44194346539481,178.3521270751953,12490094,0.0,0.0
2021-08-25 00:00:00+05:30,178.9155731201172,180.21583168414978,178.56884279380748,178.9155731201172,10586894,0.0,0.0
2021-08-26 00:00:00+05:30,178.91557005431352,179.30565819837025,177.13856062878352,177.3552703857422,14836173,0.0,0.0
2021-08-27 00:00:00+05:30,177.70199739703875,179.305654859436,177.61530820510401,178.48214721679688,10476384,0.0,0.0
2021-08-30 00:00:00+05:30,178.56884266779971,180.47588591498564,178.56884266779971,180.30252075195312,12084844,0.0,0.0
2021-08-31 00:00:00+05:30,180.34587417172474,183.4231555670164,179.65240025875673,183.16310119628906,25808430,0.0,0.0
2021-09-01 00:00:00+05:30,182.9030571621187,184.02995068101248,181.4294332806032,181.60279846191406,16241960,0.0,0.0
2021-09-02 00:00:00+05:30,181.16937445002887,183.33647223053163,181.16937445002887,181.8195037841797,14321164,0.0,0.0
2021-09-03 00:00:00+05:30,181.81950166288917,183.11976031602066,181.81950166288917,182.5563201904297,10228853,0.0,0.0
2021-09-06 00:00:00+05:30,182.90305194002778,183.07641711638888,181.21271832340582,181.42942810058594,10632156,0.0,0.0
2021-09-07 00:00:00+05:30,182.81635836433344,185.80696379939818,182.16622904834801,183.5531768798828,37489544,0.0,0.0
2021-09-08 00:00:00+05:30,183.9865747034197,184.6367039426544,181.7761326446391,183.11973571777344,17233315,0.0,0.0
2021-09-09 00:00:00+05:30,182.946408775305,185.41689246422186,182.51298919196,184.33334350585938,19051252,0.0,0.0
2021-09-13 00:00:00+05:30,184.94012998959826,186.5004298109623,183.59652671949908,185.6335906982422,16043896,0.0,0.0
2021-09-14 00:00:00+05:30,186.28372653867143,188.32080381547388,185.67694178395865,187.32394409179688,19621849,0.0,0.0
2021-09-15 00:00:00+05:30,188.19078727968736,188.27746325970037,186.63047414337808,187.2372589111328,20248758,0.0,0.0
2021-09-16 00:00:00+05:30,188.06073515459528,202.53694509856308,187.49729504517683,200.0231170654297,149238901,0.0,0.0
2021-09-17 00:00:00+05:30,201.973500073868,205.70091066052825,198.59283304580072,200.36984252929688,79501805,0.0,0.0
2021-09-20 00:00:00+05:30,200.23983441521142,207.47794627466584,199.58970508269448,202.62364196777344,70390969,0.0,0.0
2021-09-21 00:00:00+05:30,203.66383064738676,210.16512347435324,200.8466037557013,209.3416290283203,56671832,0.0,0.0
2021-09-22 00:00:00+05:30,211.07533264160156,213.06906532836328,208.6481803806271,211.07533264160156,52621868,0.0,0.0
2021-09-23 00:00:00+05:30,212.37557857552753,212.8956873240295,209.51500691259662,210.20848083496094,21791090,0.0,0.0
2021-09-24 00:00:00+05:30,211.50872854578714,211.50872854578714,206.04763987647618,206.69776916503906,24823291,0.0,0.0
2021-09-27 00:00:00+05:30,207.8680333723785,209.6450562971209,204.14062233614428,206.9145050048828,22890540,0.0,0.0
2021-09-28 00:00:00+05:30,207.9113400969008,209.4283083516881,204.83405899180667,206.09097290039062,15713947,0.0,0.0
2021-09-29 00:00:00+05:30,204.57402652965672,209.25495235439985,204.31397215563433,206.39439392089844,15450046,0.0,0.0
2021-09-30 00:00:00+05:30,207.95468703091314,208.3881065647224,203.92389065725288,204.70404052734375,16357902,0.0,0.0
2021-10-01 00:00:00+05:30,203.8805862952333,205.44089957026426,201.88685340085573,204.0106201171875,15956143,0.0,0.0
2021-10-04 00:00:00+05:30,204.57402273133863,206.6110998586242,204.05391399295073,205.09413146972656,10686552,0.0,0.0
2021-10-05 00:00:00+05:30,204.92073670898372,205.83092031502522,203.27374788046185,203.44711303710938,9223597,0.0,0.0
2021-10-06 00:00:00+05:30,203.53382443592355,204.9207590673421,199.89310284144167,200.45654296875,17505160,0.0,0.0
2021-10-07 00:00:00+05:30,201.97350512173264,203.6638386780123,201.3667204126726,201.93016052246094,10371535,0.0,0.0
2021-10-08 00:00:00+05:30,203.49046511713675,203.53380971462119,200.41318387253844,200.8466033935547,9739240,0.0,0.0
2021-10-11 00:00:00+05:30,201.10666467104826,207.60795770998303,200.84661030410797,206.35104370117188,21184428,0.0,0.0
2021-10-12 00:00:00+05:30,206.82779595282938,210.6418823591011,206.3076872488315,209.1682586669922,29222028,0.0,0.0
2021-10-13 00:00:00+05:30,210.25183663918568,217.4899355422375,208.17141476122995,216.0163116455078,50159625,0.0,0.0
2021-10-14 00:00:00+05:30,219.5269995676032,226.9818210332216,217.01317149708166,222.38755798339844,85406902,0.0,0.0
2021-10-18 00:00:00+05:30,226.24501768985118,229.97241544573762,223.0810600895525,227.58860778808594,60292901,0.0,0.0
2021-10-19 00:00:00+05:30,226.5917271193927,227.58858675698067,212.4189162915548,213.19906616210938,59061766,0.0,0.0
2021-10-20 00:00:00+05:30,213.19907411436807,215.40951646594078,210.07846128883742,213.7625274658203,47822165,0.0,0.0
2021-10-21 00:00:00+05:30,214.9760804915787,215.27947944432836,210.72857451456713,212.11550903320312,22518727,0.0,0.0
2021-10-22 00:00:00+05:30,212.1155200764754,213.06904835454836,202.58029020340453,205.09413146972656,35537151,0.0,0.0
2021-10-25 00:00:00+05:30,202.92704944881385,205.1374786904467,199.80642323122584,202.32025146484375,22333919,0.0,0.0
2021-10-26 00:00:00+05:30,202.9270277878424,207.17453386074894,201.62676920712642,205.18080139160156,18934170,0.0,0.0
2021-10-27 00:00:00+05:30,208.2580821029728,209.16826575234367,204.74738129935045,206.69776916503906,25911499,0.0,0.0
2021-10-28 00:00:00+05:30,203.79387935146252,204.53068465628155,194.30198054804774,195.12548828125,46282465,0.0,0.0
2021-10-29 00:00:00+05:30,195.0387827560641,197.85600961809615,192.69832000837414,193.4784698486328,26642108,0.0,0.0
2021-11-01 00:00:00+05:30,194.30196481492328,197.2492254762974,192.8716856949176,196.64244079589844,23197539,0.0,0.0
2021-11-02 00:00:00+05:30,197.63932281820627,198.72287173716575,194.60538584511977,195.5589141845703,14343859,0.0,0.0
2021-11-03 00:00:00+05:30,195.90560430738918,196.6424227116998,192.17819414642355,192.8283233642578,17843327,0.0,0.0
2021-11-04 00:00:00+05:30,194.90876154557245,197.03251452760475,194.17194307794858,196.38238525390625,7024796,0.0,0.0
2021-11-08 00:00:00+05:30,199.11294153527146,199.97978064794302,195.64558508458526,199.1996307373047,20270558,0.0,0.0
2021-11-09 00:00:00+05:30,199.24297226974588,200.1531427425012,197.50929407110348,198.28944396972656,11520817,0.0,0.0
2021-11-10 00:00:00+05:30,197.1625565406721,201.8434957566837,196.945846759197,200.1098175048828,13431108,0.0,0.0
2021-11-11 00:00:00+05:30,199.7197161766255,200.67324444314707,198.11607183536677,199.37298583984375,8134962,0.0,0.0
2021-11-12 00:00:00+05:30,200.41318655692382,202.7969939544426,198.6361638515724,201.88681030273438,11855531,0.0,0.0
2021-11-15 00:00:00+05:30,202.79700373857122,207.17454381605066,202.06019844357522,206.39439392089844,38755267,0.0,0.0
2021-11-16 00:00:00+05:30,207.21788551218964,207.7379810260307,203.7071845793749,204.09725952148438,14675969,0.0,0.0
2021-11-17 00:00:00+05:30,204.57401920708836,212.5922805531289,204.27062024376968,207.6079559326172,46697822,0.0,0.0
2021-11-18 00:00:00+05:30,208.04138055098684,210.6418978078742,204.83407857954208,205.87428283691406,20226071,0.0,0.0
2021-11-22 00:00:00+05:30,206.22099501308867,208.69149148025588,198.98289722188423,200.1531219482422,22574227,0.0,0.0
2021-11-23 00:00:00+05:30,198.63618227058024,201.7134638417446,198.63618227058024,200.75994873046875,13433385,0.0,0.0
2021-11-24 00:00:00+05:30,201.49672728282587,201.71343703753465,196.72911267923308,197.37924194335938,14139854,0.0,0.0
2021-11-25 00:00:00+05:30,196.77246731317402,201.28002779567,195.68891848435698,200.4998779296875,23904846,0.0,0.0
2021-11-26 00:00:00+05:30,198.41944184515992,199.4163146314885,193.39178622578038,194.17193603515625,27027022,0.0,0.0
2021-11-29 00:00:00+05:30,192.43827182606165,193.86855098805717,190.87795886857558,192.00485229492188,22132952,0.0,0.0
2021-11-30 00:00:00+05:30,192.43826500077347,195.21214725630273,190.70458693770343,191.70144653320312,23503453,0.0,0.0
2021-12-01 00:00:00+05:30,192.43826695358783,193.56516035140157,191.2246975878894,192.35157775878906,12995800,0.0,0.0
2021-12-02 00:00:00+05:30,192.35158221553118,196.03564822229893,191.83148671543023,195.42886352539062,15904846,0.0,0.0
2021-12-03 00:00:00+05:30,195.03878857947245,196.07899280651344,191.874831299949,192.13487243652344,13794647,0.0,0.0
2021-12-06 00:00:00+05:30,192.13486261881678,192.61162672303223,188.53748599293544,188.88421630859375,13138355,0.0,0.0
2021-12-07 00:00:00+05:30,189.75105237535692,192.39491397862759,189.05759175481876,191.2680206298828,8903842,0.0,0.0
2021-12-08 00:00:00+05:30,191.57144108157175,195.602237605418,191.57144108157175,194.99545288085938,9861847,0.0,0.0
2021-12-09 00:00:00+05:30,193.30511025544925,204.96409295955422,193.30511025544925,204.0539093017578,38241864,0.0,0.0
2021-12-10 00:00:00+05:30,204.7473968007507,207.13120437262566,202.6236436093724,204.6607208251953,35162889,0.0,0.0
2021-12-13 00:00:00+05:30,206.30770602649307,206.95783535220679,202.9703701970632,203.36045837402344,22054342,0.0,0.0
2021-12-14 00:00:00+05:30,203.70717309914275,205.52754036228364,197.2492249377655,198.15940856933594,37508445,0.0,0.0
2021-12-15 00:00:00+05:30,199.37297580979697,201.28001901998616,193.65183295231552,194.2152862548828,34653042,0.0,0.0
2021-12-16 00:00:00+05:30,195.9056205877694,196.03564115137627,191.3980602815752,193.21841430664062,24199205,0.0,0.0
2021-12-17 00:00:00+05:30,193.13174117211398,193.17508576958986,187.88736232346938,188.9275665283203,29683982,0.0,0.0
2021-12-20 00:00:00+05:30,187.453958811757,187.453958811757,181.86284915963327,184.1166229248047,37340790,0.0,0.0
2021-12-21 00:00:00+05:30,185.5035667509191,186.76048079613815,182.9463940602497,184.20330810546875,19395604,0.0,0.0
2021-12-22 00:00:00+05:30,185.50356033613096,185.67692550414634,182.98973233262208,183.76988220214844,17239484,0.0,0.0
2021-12-23 00:00:00+05:30,185.41685989815105,189.36098005924006,184.81007523342512,188.36412048339844,22209720,0.0,0.0
2021-12-24 00:00:00+05:30,188.97091674804688,191.09466981841038,187.627313547804,188.97091674804688,16581585,0.0,0.0
2021-12-27 00:00:00+05:30,189.3176463328837,189.36099093147712,186.93383890630386,188.58084106445312,8153106,0.0,0.0
2021-12-28 00:00:00+05:30,188.9709173239919,191.2247041975209,188.9709173239919,190.74794006347656,11568803,0.0,0.0
2021-12-29 00:00:00+05:30,190.7046019522239,190.96465632754175,187.4972999284104,187.8873748779297,11480954,0.0,0.0
2021-12-30 00:00:00+05:30,187.75736769887456,188.88424802745513,186.80383933032002,187.2372589111328,9741198,0.0,0.0
2021-12-31 00:00:00+05:30,188.01739407418012,189.66439628784588,187.36726475410768,189.01426696777344,7583815,0.0,0.0
2022-01-03 00:00:00+05:30,189.0142548414714,190.57456775492557,188.14741580365398,189.9244384765625,7765495,0.0,0.0
2022-01-04 00:00:00+05:30,190.27116589757287,192.1782091062888,189.88109098189,190.92129516601562,9050253,0.0,0.0
2022-01-05 00:00:00+05:30,190.40121803791882,192.00487579013787,189.53437886956607,191.18138122558594,11230588,0.0,0.0
2022-01-06 00:00:00+05:30,189.83775211451447,191.05132149480048,189.14427822853065,189.57769775390625,8950589,0.0,0.0
2022-01-07 00:00:00+05:30,190.53120945493882,191.2680146479453,188.53747716596212,189.317626953125,8855041,0.0,0.0
2022-01-10 00:00:00+05:30,190.61792448996837,194.7787550705381,189.7510853368045,193.565185546875,15841299,0.0,0.0
2022-01-11 00:00:00+05:30,193.60852596163045,194.38867589183482,191.74481388649588,192.3949432373047,8020695,0.0,0.0
2022-01-12 00:00:00+05:30,192.87168440727808,193.86854400221304,192.0915345701041,193.08839416503906,13158894,0.0,0.0
2022-01-13 00:00:00+05:30,194.08527173205917,195.73227397970163,193.08841204481607,194.1286163330078,11501088,0.0,0.0
2022-01-14 00:00:00+05:30,194.12861413308778,194.86543266011947,192.69833490639687,192.95838928222656,10569725,0.0,0.0
2022-01-17 00:00:00+05:30,192.95839934334427,195.55891678340598,191.87485040998524,194.69207763671875,12318313,0.0,0.0
2022-01-18 00:00:00+05:30,194.6920567162373,197.03251951541708,190.964646140625,191.35472106933594,14394097,0.0,0.0
2022-01-19 00:00:00+05:30,191.35472594495423,192.78500512897514,189.57770319453323,191.00799560546875,11473796,0.0,0.0
2022-01-20 00:00:00+05:30,191.18136095662734,192.5682955428,188.97091866629464,189.6210479736328,17329896,0.0,0.0
2022-01-21 00:00:00+05:30,189.40435983774293,191.1380381886605,187.23726189909598,188.14744567871094,16586264,0.0,0.0
2022-01-24 00:00:00+05:30,188.14743245081186,188.75421718558917,182.81636396039698,183.59652709960938,17354942,0.0,0.0
2022-01-25 00:00:00+05:30,183.76987838182785,186.11034116866642,181.64612535723202,185.76361083984375,18322935,0.0,0.0
2022-01-27 00:00:00+05:30,183.1197502585675,186.80381624010082,182.98972969116144,186.02366638183594,23149684,0.0,0.0
2022-01-28 00:00:00+05:30,186.45709355907152,190.05447049198514,186.45709355907152,188.6241912841797,15276991,0.0,0.0
2022-01-31 00:00:00+05:30,189.40433643426763,191.35472433805302,188.19076702934478,190.87796020507812,15039006,0.0,0.0
2022-02-01 00:00:00+05:30,191.57142861928426,198.33277580417123,189.96777109799518,197.42259216308594,43207074,0.0,0.0
2022-02-02 00:00:00+05:30,199.37299553797897,202.23356724977648,198.50615642694427,201.2366943359375,41130638,0.0,0.0
2022-02-03 00:00:00+05:30,201.2366904117485,203.88055229423108,200.93330466495158,203.2304229736328,27845963,0.0,0.0
2022-02-04 00:00:00+05:30,205.6575755197708,206.741124389738,200.71659531810346,203.10040283203125,56705951,0.0,0.0
2022-02-07 00:00:00+05:30,202.84034739397842,203.49047671254888,198.0727323911285,199.54635620117188,24171083,0.0,0.0
2022-02-08 00:00:00+05:30,199.63304846463976,201.36672667409923,198.5494995837276,200.45654296875,16201280,0.0,0.0
2022-02-09 00:00:00+05:30,201.3667487143306,201.97353350867294,198.28946691033877,199.50303649902344,11893807,0.0,0.0
2022-02-10 00:00:00+05:30,198.24609808851056,202.32023918361426,197.422603594859,201.32337951660156,19563580,0.0,0.0
2022-02-11 00:00:00+05:30,201.10665969184532,202.23355310274283,199.19961642635724,201.49673461914062,18096561,0.0,0.0
2022-02-14 00:00:00+05:30,200.43251815218807,200.43251815218807,193.78099653209335,194.62351989746094,22745228,5.25,0.0
2022-02-15 00:00:00+05:30,195.9981422595379,198.21531581451006,193.8253148821759,197.77188110351562,12875311,0.0,0.0
2022-02-16 00:00:00+05:30,198.48138653174226,199.27956362740125,196.75199380277851,197.5501708984375,11231596,0.0,0.0
2022-02-17 00:00:00+05:30,197.81624273244364,198.9691757775948,195.8651325581787,197.46148681640625,14024149,0.0,0.0
2022-02-18 00:00:00+05:30,197.4614777715724,198.17097603859372,196.44158331636,196.79632568359375,8670947,0.0,0.0
2022-02-21 00:00:00+05:30,195.37732669007923,196.2641960681254,192.58368002970218,193.3375244140625,16129017,0.0,0.0
2022-02-22 00:00:00+05:30,190.67693980501988,192.361986418182,188.90320083008947,190.54391479492188,25749340,0.0,0.0
2022-02-23 00:00:00+05:30,192.27328408247106,192.8940899412888,190.72126266915035,191.51943969726562,11014283,0.0,0.0
2022-02-24 00:00:00+05:30,186.24258137435365,189.16925321674708,183.58197306900573,184.9122772216797,41341523,0.0,0.0
2022-02-25 00:00:00+05:30,187.57289996232194,192.0072474791617,186.73037664063332,189.7457275390625,23633656,0.0,0.0
2022-02-28 00:00:00+05:30,189.0805738487792,191.96289971090255,186.95209247130998,191.4307861328125,20034633,0.0,0.0
2022-03-02 00:00:00+05:30,190.1448329384303,192.09595684457386,188.4154399603084,190.94302368164062,19295994,0.0,0.0
2022-03-03 00:00:00+05:30,191.6081729224112,195.28867621753975,191.5638267374886,194.5791778564453,28532668,0.0,0.0
2022-03-04 00:00:00+05:30,193.07148981553206,201.6741213647116,192.45068386441588,199.98907470703125,66835736,0.0,0.0
2022-03-07 00:00:00+05:30,196.88501954542716,201.3193668324863,195.19997298936624,199.50128173828125,45258669,0.0,0.0
2022-03-08 00:00:00+05:30,198.57007389636902,202.60533279250802,198.43704888555695,201.23068237304688,36036336,0.0,0.0
2022-03-09 00:00:00+05:30,201.94019930720972,205.22161402472477,200.52121610824534,203.31484985351562,42294906,0.0,0.0
2022-03-10 00:00:00+05:30,204.8668536482186,206.19715789268756,202.07322014785564,205.75372314453125,36132245,0.0,0.0
2022-03-11 00:00:00+05:30,205.6650228507613,210.27675487978718,204.11300129206523,209.61160278320312,41699184,0.0,0.0
2022-03-14 00:00:00+05:30,209.52291616336072,212.36089581334826,208.68039285778613,211.96180725097656,35113638,0.0,0.0
2022-03-15 00:00:00+05:30,211.96181960461487,214.09030108301988,209.21251862349945,210.94192504882812,32998305,0.0,0.0
2022-03-16 00:00:00+05:30,212.84869005248999,215.5092986781461,212.05051287781524,215.15455627441406,21629521,0.0,0.0
2022-03-17 00:00:00+05:30,217.50474567666592,217.63777068913438,215.24322573681962,217.1943359375,34223740,0.0,0.0
2022-03-21 00:00:00+05:30,218.08118084330943,219.72189465232177,216.2187632160406,216.83956909179688,27975134,0.0,0.0
2022-03-22 00:00:00+05:30,216.8839177433737,222.3825053996868,215.99704833001502,221.49563598632812,36945426,0.0,0.0
2022-03-23 00:00:00+05:30,223.00330799053026,224.99876414113012,220.38704596625433,223.4910888671875,40491633,0.0,0.0
2022-03-24 00:00:00+05:30,223.4467624093296,227.48202124315569,223.00332767006418,226.01869201660156,38239419,0.0,0.0
2022-03-25 00:00:00+05:30,226.4177623886894,226.8168509154611,221.05219976804955,224.68836975097656,29284643,0.0,0.0
2022-03-28 00:00:00+05:30,225.2648616041716,228.81233973967036,223.97890348656432,227.9698028564453,24916402,0.0,0.0
2022-03-29 00:00:00+05:30,227.96979586380235,228.36889796784817,225.04313731783097,225.79698181152344,18122714,0.0,0.0
2022-03-30 00:00:00+05:30,226.24041162991298,227.39333113739337,220.52009261061602,221.00787353515625,17603827,0.0,0.0
2022-03-31 00:00:00+05:30,221.36263633635735,225.5752665322141,221.2739439718437,222.29383850097656,25656796,0.0,0.0
2022-04-01 00:00:00+05:30,221.7173709654946,226.46212811717794,220.6531302913711,224.64404296875,14305709,0.0,0.0
2022-04-04 00:00:00+05:30,224.4666765556797,228.72363934277212,222.6929375502063,226.55081176757812,15907398,0.0,0.0
2022-04-05 00:00:00+05:30,227.08291923889215,232.22677845540946,226.24040947302979,230.09829711914062,27183142,0.0,0.0
2022-04-06 00:00:00+05:30,228.36889191452303,233.55708380404948,228.1915071918469,230.2313232421875,19597941,0.0,0.0
2022-04-07 00:00:00+05:30,228.81231516591086,232.5371776341896,226.86120510744098,227.6150360107422,16061089,0.0,0.0
2022-04-08 00:00:00+05:30,228.81235107295842,238.43489140513424,227.0386119173541,237.503662109375,37826800,0.0,0.0
2022-04-11 00:00:00+05:30,238.34615083498375,242.24837077516784,235.90725998923043,237.23756408691406,46147653,0.0,0.0
2022-04-12 00:00:00+05:30,236.70544882063575,238.25747034521012,233.33535576474583,234.843017578125,23553762,0.0,0.0
2022-04-13 00:00:00+05:30,235.28645365095096,239.9868779628692,233.8231244752539,239.05564880371094,21414383,0.0,0.0
2022-04-18 00:00:00+05:30,237.68104081096084,241.67195380965236,237.01588864451227,239.54347229003906,24399444,0.0,0.0
2022-04-19 00:00:00+05:30,241.2284740510147,241.67190874596142,229.521787278379,231.96067810058594,23380138,0.0,0.0
2022-04-20 00:00:00+05:30,233.1579841551512,235.4195175999939,228.41322695745947,230.1869659423828,24510612,0.0,0.0
2022-04-21 00:00:00+05:30,230.31997309628215,234.53260236383565,230.2312807513129,230.94076538085938,23412279,0.0,0.0
2022-04-22 00:00:00+05:30,230.5860683928013,233.2466768742567,229.30009680072092,231.56163024902344,15671273,0.0,0.0
2022-04-25 00:00:00+05:30,229.5218195543277,229.69920428329303,223.93455243834552,226.37344360351562,24208645,0.0,0.0
2022-04-26 00:00:00+05:30,227.57071277026202,231.206883031938,227.26030304089178,229.6548614501953,20536714,0.0,0.0
2022-04-27 00:00:00+05:30,227.21596177748035,229.25575066723871,226.81685970269362,228.36888122558594,16580824,0.0,0.0
2022-04-28 00:00:00+05:30,230.1426336458921,233.86749634597325,228.94535441621534,231.56163024902344,27924384,0.0,0.0
2022-04-29 00:00:00+05:30,233.2466765174192,233.2466765174192,229.25576380134166,230.1869659423828,20419904,0.0,0.0
2022-05-02 00:00:00+05:30,228.81229734918617,234.57694825139436,227.9697606220521,233.37966918945312,18965820,0.0,0.0
2022-05-04 00:00:00+05:30,234.13352917844682,235.9516006812518,229.34443967645456,230.3643341064453,25951999,0.0,0.0
2022-05-05 00:00:00+05:30,232.3597963817715,235.19778945369885,230.94079984580782,232.4041290283203,17932895,0.0,0.0
2022-05-06 00:00:00+05:30,229.6991882312588,237.10455357374374,229.6104958729742,236.48373413085938,34490123,0.0,0.0
2022-05-09 00:00:00+05:30,236.040312974262,236.040312974262,231.07383834099295,233.2023468017578,21403710,0.0,0.0
2022-05-10 00:00:00+05:30,232.35979032103435,236.61675275278145,229.78787439080767,230.3643341064453,18033260,0.0,0.0
2022-05-11 00:00:00+05:30,229.69919813912603,232.53719133600052,223.26939433021226,226.72817993164062,17344099,0.0,0.0
2022-05-12 00:00:00+05:30,226.15170736139754,227.39331916526214,220.9635157206734,224.28927612304688,20044726,0.0,0.0
2022-05-13 00:00:00+05:30,226.1073551539782,231.3398928337255,225.70826662284534,229.3444366455078,11921627,0.0,0.0
2022-05-16 00:00:00+05:30,230.54173814854727,230.54173814854727,224.37798427618154,225.35354614257812,8186859,0.0,0.0
2022-05-17 00:00:00+05:30,226.15173386413394,235.46386408206888,225.97436266173196,234.75437927246094,17797974,0.0,0.0
2022-05-18 00:00:00+05:30,235.90727551449228,237.50362971072764,233.37969214952972,236.61676025390625,20200332,0.0,0.0
2022-05-19 00:00:00+05:30,232.89189622861912,247.65826546175094,232.89189622861912,244.4655303955078,78287713,0.0,0.0
2022-05-20 00:00:00+05:30,245.66284735543385,250.40760451340714,245.66284735543385,248.32345581054688,32370771,0.0,0.0
2022-05-23 00:00:00+05:30,248.32344541567053,248.7225474932745,242.15969192663135,243.44566345214844,21700165,0.0,0.0
2022-05-24 00:00:00+05:30,243.8891213089759,243.8891213089759,239.4547736488127,240.2086181640625,15547968,0.0,0.0
2022-05-25 00:00:00+05:30,242.07102155654655,242.91353127532798,239.89818062869116,241.84930419921875,15288648,0.0,0.0
2022-05-26 00:00:00+05:30,243.4830986605679,243.4830986605679,239.4893460119058,242.0762176513672,18420159,6.25,0.0
2022-05-27 00:00:00+05:30,244.1638524064787,245.70690641988685,240.5785356870684,244.34539794921875,13468067,0.0,0.0
2022-05-30 00:00:00+05:30,245.5253644698471,245.9792006333773,242.89312026136406,244.209228515625,11819102,0.0,0.0
2022-05-31 00:00:00+05:30,244.20926332948218,249.15608929715304,241.80393685986698,245.6615447998047,23208345,0.0,0.0
2022-06-01 00:00:00+05:30,245.66151452835985,248.79299519724464,245.25307859326293,246.750732421875,14699792,0.0,0.0
2022-06-02 00:00:00+05:30,245.70689601856037,249.11066705114132,243.12002449380694,248.2483673095703,14240994,0.0,0.0
2022-06-03 00:00:00+05:30,249.60989791215908,250.24527964137485,246.52381744160115,247.5222625732422,12487862,0.0,0.0
2022-06-06 00:00:00+05:30,247.24992155319975,250.3360017405091,244.7992230367892,249.42832946777344,10925182,0.0,0.0
2022-06-07 00:00:00+05:30,247.976080952872,249.60987999650146,247.11378119653645,248.61143493652344,10828539,0.0,0.0
2022-06-08 00:00:00+05:30,248.65687055228778,249.06530652133122,241.62240929691146,243.16543579101562,14361969,0.0,0.0
2022-06-09 00:00:00+05:30,243.074646046554,246.61459039768684,241.2139287952864,245.8430633544922,9860194,0.0,0.0
2022-06-10 00:00:00+05:30,244.20924222213216,245.97921443922607,243.93695158871589,245.2076873779297,8371061,0.0,0.0
2022-06-13 00:00:00+05:30,241.80391124970356,244.25463770255695,238.71783076460227,240.21548461914062,11092690,0.0,0.0
2022-06-14 00:00:00+05:30,238.8993572255261,242.75696444862092,238.7631842223901,240.94161987304688,7422193,0.0,0.0
2022-06-15 00:00:00+05:30,241.44084044531567,242.62080339758268,238.76319598445264,239.0808868408203,5059474,0.0,0.0
2022-06-16 00:00:00+05:30,242.34852822635872,243.1654278376909,235.540985298652,236.6302032470703,14293357,0.0,0.0
2022-06-17 00:00:00+05:30,235.08713238370692,239.76163932161467,234.67866875710988,238.9901123046875,16654660,0.0,0.0
2022-06-20 00:00:00+05:30,238.99012356134799,241.5769953517309,237.22017906263724,239.71627807617188,17081136,0.0,0.0
2022-06-21 00:00:00+05:30,240.53315476573434,245.84304315621515,239.7162552518049,244.98074340820312,13883034,0.0,0.0
2022-06-22 00:00:00+05:30,242.34851978811392,245.3438274920271,240.44240229473183,240.8054656982422,11320918,0.0,0.0
2022-06-23 00:00:00+05:30,240.9870147705078,242.57544142153753,238.17322487726267,240.9870147705078,9067252,0.0,0.0
2022-06-24 00:00:00+05:30,241.53162084908323,243.57388366173055,240.71472126401673,241.30470275878906,7013132,0.0,0.0
2022-06-27 00:00:00+05:30,242.34852423578312,245.66152286605507,241.89468804807566,245.0261688232422,8172964,0.0,0.0
2022-06-28 00:00:00+05:30,244.07308792529457,247.11379581972614,243.7553970646892,246.750732421875,11240154,0.0,0.0
2022-06-29 00:00:00+05:30,244.3907730396311,249.60988889841616,244.3000002673122,248.74758911132812,16018449,0.0,0.0
2022-06-30 00:00:00+05:30,248.65683091346386,249.33758511998005,246.88685889653794,248.2483673095703,19262054,0.0,0.0
2022-07-01 00:00:00+05:30,248.24839821623232,258.68663068236276,246.16076280299146,258.0966491699219,35165665,0.0,0.0
2022-07-04 00:00:00+05:30,259.27663209820776,266.22032086219593,258.5051049688835,264.9495849609375,39881736,0.0,0.0
2022-07-05 00:00:00+05:30,265.94803193527935,265.94803193527935,259.3674065716931,260.4112243652344,18568655,0.0,0.0
2022-07-06 00:00:00+05:30,259.68509489120385,263.2250119253797,258.9589403072927,262.5896301269531,18292925,0.0,0.0
2022-07-07 00:00:00+05:30,264.13266475153495,266.08415484458635,261.86348378287914,264.9949645996094,13794991,0.0,0.0
2022-07-08 00:00:00+05:30,265.85723236966214,267.26414116703796,263.5880514383745,265.9933776855469,11110418,0.0,0.0
2022-07-11 00:00:00+05:30,265.9480521509203,269.5333697360135,265.0857521646419,267.7633972167969,12352667,0.0,0.0
2022-07-12 00:00:00+05:30,265.9480108524549,268.08104651361907,264.04189328928766,265.67572021484375,14074628,0.0,0.0
2022-07-13 00:00:00+05:30,265.9480170578791,267.58181632159386,265.67572641391456,266.90106201171875,9277570,0.0,0.0
2022-07-14 00:00:00+05:30,267.1279741313971,268.988719156687,262.45346684828877,263.99652099609375,13414357,0.0,0.0
2022-07-15 00:00:00+05:30,265.04035389788135,266.85569878759287,262.77117278574195,266.4472351074219,11025420,0.0,0.0
2022-07-18 00:00:00+05:30,267.7633234088333,268.9432862964137,266.62873305540603,268.0356140136719,11315876,0.0,0.0
2022-07-19 00:00:00+05:30,267.7633624983723,268.30797148751435,265.67572702328584,267.4002990722656,9188419,0.0,0.0
2022-07-20 00:00:00+05:30,267.67257231922923,271.84787069798875,266.49260933608423,270.66790771484375,15789281,0.0,0.0
2022-07-21 00:00:00+05:30,271.3940712457876,274.2986342588392,270.48639876670467,271.8932800292969,16042840,0.0,0.0
2022-07-22 00:00:00+05:30,272.3017250885472,274.5709061309517,270.5771530363125,272.8009338378906,9967545,0.0,0.0
2022-07-25 00:00:00+05:30,271.3939926690921,274.9793090033993,271.212447145852,273.30010986328125,10640727,0.0,0.0
2022-07-26 00:00:00+05:30,273.20934633963634,275.7054450188191,272.7101376837833,274.5254821777344,9739177,0.0,0.0
2022-07-27 00:00:00+05:30,274.8886098807637,276.84010012856214,272.84634684702837,276.0685729980469,9346146,0.0,0.0
2022-07-28 00:00:00+05:30,276.7493360265657,277.02165439292105,274.4801548067677,275.4332275390625,10839070,0.0,0.0
2022-07-29 00:00:00+05:30,276.84007106703876,277.65697065478514,273.52707247786833,275.0700988769531,16932743,0.0,0.0
2022-08-01 00:00:00+05:30,275.93239964430893,280.2892159271289,275.1155000537755,279.1092529296875,15889556,0.0,0.0
2022-08-02 00:00:00+05:30,281.37844138724955,287.4144572512092,279.7446421624056,281.33306884765625,38982557,0.0,0.0
2022-08-03 00:00:00+05:30,282.19531762002265,282.19531762002265,275.6146933263266,279.69921875,17695228,0.0,0.0
2022-08-04 00:00:00+05:30,279.5631129152363,281.6961486998747,278.7915857973928,280.92462158203125,15901918,0.0,0.0
2022-08-05 00:00:00+05:30,280.92463051740083,283.0122661262353,280.5615670680338,282.1499938964844,10088723,0.0,0.0
2022-08-08 00:00:00+05:30,282.2407471797717,284.96376441180047,281.42381985019205,284.23760986328125,8307140,0.0,0.0
2022-08-10 00:00:00+05:30,284.2375958608349,285.09989568848323,282.05918772251994,282.4676513671875,8923568,0.0,0.0
2022-08-11 00:00:00+05:30,284.1014278738839,284.50989148595505,277.1123401337436,277.9746398925781,10885990,0.0,0.0
2022-08-12 00:00:00+05:30,277.974681387768,280.8338439991922,276.38625463698077,280.06231689453125,6422504,0.0,0.0
2022-08-16 00:00:00+05:30,280.06231021455346,282.73995489628544,280.06231021455346,281.8776550292969,8609864,0.0,0.0
2022-08-17 00:00:00+05:30,282.92146336134755,284.32834432831936,282.2860816795126,283.6929626464844,7975854,0.0,0.0
2022-08-18 00:00:00+05:30,284.1014789496384,286.8244963197627,283.7384155069482,286.5068054199219,9883851,0.0,0.0
2022-08-19 00:00:00+05:30,286.96059058861846,286.96059058861846,282.46762934733687,283.1937561035156,10422413,0.0,0.0
2022-08-22 00:00:00+05:30,282.46765736998816,287.7321461244568,282.28611181295287,285.3721923828125,11355837,0.0,0.0
2022-08-23 00:00:00+05:30,284.0560866719988,286.82447639263864,283.2845595974057,286.73370361328125,9338887,0.0,0.0
2022-08-24 00:00:00+05:30,286.5975378358209,289.9559365325672,284.1468114679291,285.0998840332031,11346892,0.0,0.0
2022-08-25 00:00:00+05:30,286.3252645390429,287.1875366836431,282.8307203215503,283.511474609375,7759104,0.0,0.0
2022-08-26 00:00:00+05:30,285.68988058936674,286.2798620942768,283.1937815532404,284.01068115234375,6956588,0.0,0.0
2022-08-29 00:00:00+05:30,281.3784212926762,285.87141039007594,280.33460365690524,284.60064697265625,11361400,0.0,0.0
2022-08-30 00:00:00+05:30,285.2360442305876,291.7258961806466,285.2360442305876,290.90899658203125,17829428,0.0,0.0
2022-09-01 00:00:00+05:30,290.0013359607661,292.1797442120279,286.8244825151865,288.2767639160156,13254985,0.0,0.0
2022-09-02 00:00:00+05:30,289.275175389971,294.31274561503994,288.68516623031167,293.3143005371094,25758860,0.0,0.0
2022-09-05 00:00:00+05:30,294.9935234248508,299.1688219117797,293.85893295013983,298.4880676269531,17471906,0.0,0.0
2022-09-06 00:00:00+05:30,299.53187909273936,299.53187909273936,296.26425305355343,296.94500732421875,11970750,0.0,0.0
2022-09-07 00:00:00+05:30,295.90117058914086,297.9888058047242,295.22041636232535,295.991943359375,8085824,0.0,0.0
2022-09-08 00:00:00+05:30,298.6242319380383,300.07651337803384,297.26272328178584,299.4411315917969,10911130,0.0,0.0
2022-09-09 00:00:00+05:30,300.07652107708765,302.52722010124086,299.53191206062075,299.9857482910156,9408098,0.0,0.0
2022-09-12 00:00:00+05:30,301.34719994068024,301.71026331627945,299.53185536272434,300.3487548828125,8712689,0.0,0.0
2022-09-13 00:00:00+05:30,301.074935988398,304.0702437272185,300.07649084213705,303.525634765625,10520207,0.0,0.0
2022-09-14 00:00:00+05:30,300.4395590435272,307.7009381140656,300.39418650432145,304.387939453125,12267025,0.0,0.0
2022-09-15 00:00:00+05:30,305.34099239118774,305.9309739161631,302.16413896443646,303.25335693359375,8418672,0.0,0.0
2022-09-16 00:00:00+05:30,301.66492566094286,303.7071885472739,299.2595993570344,300.71185302734375,12492851,0.0,0.0
2022-09-19 00:00:00+05:30,298.7149376106466,305.7947699525748,298.7149376106466,304.61480712890625,14365461,0.0,0.0
2022-09-20 00:00:00+05:30,307.4740042005266,308.24553122707374,304.07023293631414,304.9779052734375,9526068,0.0,0.0
2022-09-21 00:00:00+05:30,304.9779272751684,313.32852445911675,304.5240910738661,309.4709167480469,20992080,0.0,0.0
2022-09-22 00:00:00+05:30,309.5162901343092,316.5507512737253,309.4255173538079,313.1923522949219,24179987,0.0,0.0
2022-09-23 00:00:00+05:30,315.41616982362973,317.27688722749565,311.60393453282603,314.417724609375,22838807,0.0,0.0
2022-09-26 00:00:00+05:30,313.0108326002939,314.00927778003233,301.1203186233288,301.891845703125,16205789,0.0,0.0
2022-09-27 00:00:00+05:30,304.07025787056847,308.2001562631534,303.16258545901457,303.9341125488281,9991052,0.0,0.0
2022-09-28 00:00:00+05:30,301.3018572877383,302.5271928394128,294.358141428448,294.9481506347656,15552911,0.0,0.0
2022-09-29 00:00:00+05:30,298.6242005457153,303.97946182402006,297.48961011811,302.3002624511719,18281337,0.0,0.0
2022-09-30 00:00:00+05:30,302.3002774452405,304.7510039704084,299.66803306262943,301.5287780761719,12427919,0.0,0.0
2022-10-03 00:00:00+05:30,302.16412877912256,302.25490155681985,293.40509588060667,294.44891357421875,9111289,0.0,0.0
2022-10-04 00:00:00+05:30,298.35190922563265,303.16256154744883,297.7165275076743,302.1187438964844,8803255,0.0,0.0
2022-10-06 00:00:00+05:30,304.070247722241,307.97322788167565,301.8464393081678,305.5679016113281,22235092,0.0,0.0
2022-10-07 00:00:00+05:30,305.7040558142523,305.7494560546126,300.71185757221457,303.25335693359375,10506078,0.0,0.0
2022-10-10 00:00:00+05:30,299.5318732989487,300.8480092767621,295.94655646281,297.58038330078125,9388996,0.0,0.0
2022-10-11 00:00:00+05:30,298.62424975669177,299.94038594958766,295.08433257920444,296.17352294921875,10609956,0.0,0.0
2022-10-12 00:00:00+05:30,297.67112980297514,300.84798272424507,294.7665674806875,299.62261962890625,10337544,0.0,0.0
2022-10-13 00:00:00+05:30,299.48647861616087,300.7118140290795,297.71650659756347,298.3064880371094,7266724,0.0,0.0
2022-10-14 00:00:00+05:30,301.61953666440144,303.07181808880904,300.30342826412914,301.4380187988281,6424915,0.0,0.0
2022-10-17 00:00:00+05:30,300.5303399850936,303.8433387360239,299.1688313723855,301.57415771484375,6929063,0.0,0.0
2022-10-18 00:00:00+05:30,303.1171926250549,309.51627161811325,302.7541015247709,308.8808898925781,20887417,0.0,0.0
2022-10-19 00:00:00+05:30,311.4223794048568,315.37075954791567,308.4270441204849,314.372314453125,16296080,0.0,0.0
2022-10-20 00:00:00+05:30,314.96232881314813,318.547645941583,312.9654384150388,317.4130554199219,18474706,0.0,0.0
2022-10-21 00:00:00+05:30,320.58990518769997,320.58990518769997,312.6931441679152,313.69158935546875,27372160,0.0,0.0
2022-10-24 00:00:00+05:30,316.7322772036135,317.4130314652347,314.9623050434136,315.5976867675781,3170564,0.0,0.0
2022-10-25 00:00:00+05:30,317.1861249777947,317.2314975169107,311.9216085420857,314.3269348144531,17242211,0.0,0.0
2022-10-27 00:00:00+05:30,314.64460440510265,316.1876584301517,312.1031329873335,313.8730773925781,18558597,0.0,0.0
2022-10-28 00:00:00+05:30,315.4615039536741,316.4145765103083,313.2377233881163,313.8730773925781,13069167,0.0,0.0
2022-10-31 00:00:00+05:30,315.86998934554106,318.1391703034832,312.92005410021636,316.50537109375,13825970,0.0,0.0
2022-11-01 00:00:00+05:30,317.00461874158253,318.13920935984163,315.1439012076242,317.2315368652344,19665200,0.0,0.0
2022-11-02 00:00:00+05:30,316.32379624222034,323.3582565603759,316.32379624222034,321.9059753417969,16781507,0.0,0.0
2022-11-03 00:00:00+05:30,321.31599177984,325.4005170990752,320.4083194866766,321.043701171875,10736155,0.0,0.0
2022-11-04 00:00:00+05:30,321.3160358391665,323.13138067441605,319.9545272127294,320.9529724121094,8386849,0.0,0.0
2022-11-07 00:00:00+05:30,322.2236605243602,323.4490236466279,317.68529910852413,320.8621520996094,10050303,0.0,0.0
2022-11-09 00:00:00+05:30,320.86214845773287,328.07815410699243,320.5898578558572,327.39739990234375,20611075,0.0,0.0
2022-11-10 00:00:00+05:30,325.8543338561326,326.6712333313791,321.4067454242718,323.1313171386719,19327625,0.0,0.0
2022-11-11 00:00:00+05:30,326.76209572131313,327.6243956650086,321.906042369906,323.4490966796875,10950902,0.0,0.0
2022-11-14 00:00:00+05:30,323.4490878811975,323.99369689924504,314.5992813628118,315.1438903808594,17639889,0.0,0.0
2022-11-15 00:00:00+05:30,316.73226953898865,316.73226953898865,307.83706411575,313.3738708496094,15451411,0.0,0.0
2022-11-16 00:00:00+05:30,313.782359503807,314.82617722296214,310.1062696668302,312.330078125,7604924,0.0,0.0
2022-11-17 00:00:00+05:30,312.33010446595557,315.3708127999097,310.9685957522417,311.967041015625,9994270,0.0,0.0
2022-11-18 00:00:00+05:30,311.966999407872,312.92004430037565,308.42705506437386,309.5616455078125,7838297,0.0,0.0
2022-11-21 00:00:00+05:30,307.7916799702989,308.6085794936725,303.5256091149612,306.0671081542969,9198816,0.0,0.0
2022-11-22 00:00:00+05:30,305.88557518167937,309.5162645013432,304.7056122327731,308.83551025390625,6495845,0.0,0.0
2022-11-23 00:00:00+05:30,310.42395330002086,310.42395330002086,306.3394275987048,308.42706298828125,7768291,0.0,0.0
2022-11-24 00:00:00+05:30,308.4270678231122,310.877794362304,306.3848049404401,309.28936767578125,8140857,0.0,0.0
2022-11-25 00:00:00+05:30,309.51627161811325,310.3331711938285,306.61170901561246,308.8808898925781,6933254,0.0,0.0
2022-11-28 00:00:00+05:30,308.6085886456477,310.19701520485324,307.47399824621516,308.6539611816406,9902739,0.0,0.0
2022-11-29 00:00:00+05:30,308.6086230571678,313.14698516094967,308.6086230571678,310.6962585449219,10189855,0.0,0.0
2022-11-30 00:00:00+05:30,309.74320254606357,312.37544693246974,307.70093967213353,308.6086120605469,22556502,0.0,0.0
2022-12-01 00:00:00+05:30,310.1516826937568,310.1516826937568,305.7040655940501,308.2001647949219,16630417,0.0,0.0
2022-12-02 00:00:00+05:30,308.0186494905019,309.33475791466105,305.6586955955028,306.0217590332031,8388835,0.0,0.0
2022-12-05 00:00:00+05:30,306.47559105487073,307.5648090530079,303.2987375435957,305.65869140625,9716390,0.0,0.0
2022-12-06 00:00:00+05:30,303.25336280846955,306.9748252918947,303.25336280846955,306.15789794921875,6327430,0.0,0.0
2022-12-07 00:00:00+05:30,307.24712041396225,309.9701377293002,305.5679208628443,308.69940185546875,9813208,0.0,0.0
2022-12-08 00:00:00+05:30,308.7901378496816,310.5600822737993,306.33941147787414,307.15631103515625,6200447,0.0,0.0
2022-12-09 00:00:00+05:30,308.3817100347323,310.8778092329531,306.79328327222817,309.8793640136719,8132228,0.0,0.0
2022-12-12 00:00:00+05:30,309.5162932027788,312.239310445032,308.69939357009565,311.51318359375,11214662,0.0,0.0
2022-12-13 00:00:00+05:30,312.6931441679152,314.05465277822543,310.78702657348816,313.69158935546875,10693426,0.0,0.0
2022-12-14 00:00:00+05:30,314.05461869062975,315.27998184690034,312.0123559968323,313.510009765625,7379878,0.0,0.0
2022-12-15 00:00:00+05:30,312.9200502736225,314.14541351591924,306.7932617621012,307.5647888183594,8154931,0.0,0.0
2022-12-16 00:00:00+05:30,306.3394495834774,307.6101854639789,300.7118693555877,304.1610412597656,12429280,0.0,0.0
2022-12-19 00:00:00+05:30,305.70404014867705,310.7416383729271,304.3879318450155,309.06243896484375,7812801,0.0,0.0
2022-12-20 00:00:00+05:30,308.65394769100504,309.470874902859,305.65864024740637,308.7447204589844,5482218,0.0,0.0
2022-12-21 00:00:00+05:30,309.5162482545611,309.743166325129,303.6163784197968,304.20635986328125,7045201,0.0,0.0
2022-12-22 00:00:00+05:30,304.6602419080328,306.24866864133844,299.4411254985999,301.7557067871094,6584445,0.0,0.0
2022-12-23 00:00:00+05:30,300.34876720877367,301.2564395350014,295.31119687819404,296.53656005859375,10073884,0.0,0.0
2022-12-26 00:00:00+05:30,296.3550617999187,304.161050590997,295.4473893288623,303.70721435546875,9566210,0.0,0.0
2022-12-27 00:00:00+05:30,304.61489143136345,305.34101833919914,299.668065309339,302.3910827636719,6727343,0.0,0.0
2022-12-28 00:00:00+05:30,302.11875367314076,304.0702437272185,300.89339043454606,303.525634765625,7737562,0.0,0.0
2022-12-29 00:00:00+05:30,303.48026706930773,304.75100286665935,300.9387677746415,304.387939453125,8105359,0.0,0.0
2022-12-30 00:00:00+05:30,304.4332952461656,305.65865843690716,299.98570635010486,300.9387512207031,6960264,0.0,0.0
2023-01-02 00:00:00+05:30,300.34877175357303,303.16256154744883,299.21418132862,302.1187438964844,5951893,0.0,0.0
2023-01-03 00:00:00+05:30,300.89339788939293,302.57259735425845,299.7588073996139,300.53033447265625,5997051,0.0,0.0
2023-01-04 00:00:00+05:30,301.2110230529749,301.80100443895435,295.9011351792455,296.8088073730469,6689769,0.0,0.0
2023-01-05 00:00:00+05:30,298.3065166322696,303.0717965391748,297.89808068879796,302.6633605957031,8171437,0.0,0.0
2023-01-06 00:00:00+05:30,303.7979679187195,306.3848121375665,302.34568651693417,304.1156311035156,8284135,0.0,0.0
2023-01-09 00:00:00+05:30,305.84023605245625,309.78858895890494,305.11408148922806,306.8386535644531,10618786,0.0,0.0
2023-01-10 00:00:00+05:30,306.70247594007554,307.15631210681136,301.84642341601,302.6179504394531,6949605,0.0,0.0
2023-01-11 00:00:00+05:30,304.16101535914777,304.16101535914777,300.7118437486816,301.1656799316406,4584293,0.0,0.0
2023-01-12 00:00:00+05:30,302.6179779498914,302.7995235130742,297.8073252251487,299.395751953125,6638422,0.0,0.0
2023-01-13 00:00:00+05:30,299.39572293283027,301.57413098005287,296.2642423212245,298.39727783203125,14412671,0.0,0.0
2023-01-16 00:00:00+05:30,299.8495547310546,301.5287540534093,297.3080556296645,299.7134094238281,8253942,0.0,0.0
2023-01-17 00:00:00+05:30,299.7134403574615,302.7087482254338,298.71499516814947,301.57415771484375,13712537,0.0,0.0
2023-01-18 00:00:00+05:30,303.1625514975591,305.47710480775083,301.7102702617703,303.7525329589844,12555527,0.0,0.0
2023-01-19 00:00:00+05:30,303.16256732082303,304.6602211702898,301.0295317412979,301.4833679199219,8346130,0.0,0.0
2023-01-20 00:00:00+05:30,301.347260390729,304.2518233780957,298.85116109532385,303.70721435546875,13103664,0.0,0.0
2023-01-23 00:00:00+05:30,304.97788819624355,306.929378071793,302.30024387167947,306.5663146972656,7124807,0.0,0.0
2023-01-24 00:00:00+05:30,306.6117331676829,309.28937789340756,306.4302153032045,307.65557861328125,12302874,0.0,0.0
2023-01-25 00:00:00+05:30,307.61019605683407,309.5163137932077,304.2971970650231,307.9278869628906,12497542,0.0,0.0
2023-01-27 00:00:00+05:30,310.2423915954016,316.6414981476823,309.9701009761391,314.05462646484375,21040139,0.0,0.0
2023-01-30 00:00:00+05:30,314.87157181348493,319.27378879817206,310.2878369562123,312.9654541015625,14091519,0.0,0.0
2023-01-31 00:00:00+05:30,314.0546343888538,322.2236855723789,309.56164515793023,319.818359375,17134291,0.0,0.0
2023-02-01 00:00:00+05:30,320.40836362362046,331.9358144147108,298.7149983686996,328.0328063964844,64518967,0.0,0.0
2023-02-02 00:00:00+05:30,328.21434462606936,349.18158255789933,327.125126668586,343.644775390625,55745171,0.0,0.0
2023-02-03 00:00:00+05:30,346.64008366289363,346.95777454255904,337.65413245214376,345.5054931640625,22295321,0.0,0.0
2023-02-06 00:00:00+05:30,347.18471775339043,352.3584618822506,344.55247314571074,348.0016174316406,25790153,0.0,0.0
2023-02-07 00:00:00+05:30,348.455401038363,348.455401038363,334.431880196408,338.7886962890625,20643707,0.0,0.0
2023-02-08 00:00:00+05:30,340.1501855148642,342.464738739251,337.2456231509642,340.8763122558594,10420462,0.0,0.0
2023-02-09 00:00:00+05:30,339.46946252531103,344.91549668347113,337.79026311988594,339.6963806152344,11861196,0.0,0.0
2023-02-10 00:00:00+05:30,337.8356750215874,342.14711887898295,336.1110753186587,337.06414794921875,10278597,0.0,0.0
2023-02-13 00:00:00+05:30,338.5617830877166,340.5132730802674,335.8387660655634,339.6510009765625,9901148,0.0,0.0
2023-02-14 00:00:00+05:30,340.3771295772615,351.8591792083421,339.2425391453373,350.7699890136719,29125052,0.0,0.0
2023-02-15 00:00:00+05:30,351.968578433447,352.9827698794785,349.01820843350345,352.38348388671875,12209350,6.0,0.0
2023-02-16 00:00:00+05:30,352.1990646009006,355.1955226112486,351.2770775207935,352.7061462402344,9775280,0.0,0.0
2023-02-17 00:00:00+05:30,351.3232230617728,354.550178369758,349.66365730096453,353.4898986816406,7672135,0.0,0.0
2023-02-20 00:00:00+05:30,354.6883948441249,357.2699470779646,351.5536166699936,354.0890808105469,7804976,0.0,0.0
2023-02-21 00:00:00+05:30,354.96502992918164,355.79481268347166,351.92248378451393,352.4295654296875,8259574,0.0,0.0
2023-02-22 00:00:00+05:30,352.1990425025543,354.87279923974023,350.35506845803826,353.90472412109375,8961077,0.0,0.0
2023-02-23 00:00:00+05:30,354.45792906622694,363.26289405054473,353.2132409338691,357.3621826171875,18830592,0.0,0.0
2023-02-24 00:00:00+05:30,358.65299517226345,358.65299517226345,351.277098099312,355.0572509765625,12910220,0.0,0.0
2023-02-27 00:00:00+05:30,355.05724087221,356.624602073519,348.6033311170453,352.38348388671875,8142319,0.0,0.0
2023-02-28 00:00:00+05:30,352.6600441147902,354.27352144080555,345.74514128900995,347.3125305175781,16367477,0.0,0.0
2023-03-01 00:00:00+05:30,345.05367082453546,350.7238858399808,344.4543848392436,349.1565246582031,7766667,0.0,0.0
2023-03-02 00:00:00+05:30,349.89411874934075,350.1246155337606,345.46859174320537,346.25225830078125,5019603,0.0,0.0
2023-03-03 00:00:00+05:30,347.58913661457603,355.33382262531,346.7593538521426,354.9189453125,8180709,0.0,0.0
2023-03-06 00:00:00+05:30,355.79479186257765,361.8799119326288,355.19550591603877,357.8692626953125,10714339,0.0,0.0
2023-03-08 00:00:00+05:30,357.7309822561745,362.4792100273154,355.0572253872924,361.7877197265625,8917699,0.0,0.0
2023-03-09 00:00:00+05:30,361.51113515577725,362.89411575841086,355.56430730972795,357.2699890136719,9634283,0.0,0.0
2023-03-10 00:00:00+05:30,356.7629123681763,359.75937038243836,353.5820456829268,357.7309875488281,8362265,0.0,0.0
2023-03-13 00:00:00+05:30,358.837351120959,360.40471213654143,352.6600269754236,353.7203063964844,8791872,0.0,0.0
2023-03-14 00:00:00+05:30,355.61044446447227,356.3019348064669,347.773553921867,350.0785217285156,10229766,0.0,0.0
2023-03-15 00:00:00+05:30,351.27709543113883,354.3196416958955,348.5111340497913,349.8019104003906,8423692,0.0,0.0
2023-03-16 00:00:00+05:30,350.908291431573,352.52176883608524,347.4508398504753,351.6919860839844,15710094,0.0,0.0
2023-03-17 00:00:00+05:30,354.9650480065776,354.9650480065776,340.8125398158356,346.25225830078125,48904254,0.0,0.0
2023-03-20 00:00:00+05:30,344.1777589044,349.755797510202,342.9791869788225,349.2486877441406,10122167,0.0,0.0
2023-03-21 00:00:00+05:30,349.24871398571906,349.24871398571906,344.86927511324785,347.5430603027344,11610832,0.0,0.0
2023-03-22 00:00:00+05:30,347.5430307434804,349.2948005161144,345.0075663487488,348.2806091308594,4774867,0.0,0.0
2023-03-23 00:00:00+05:30,347.5890987825919,352.89052402927604,345.1919269567292,350.954345703125,9752326,0.0,0.0
2023-03-24 00:00:00+05:30,351.73807727337413,353.1210579179615,348.51112243600375,349.1565246582031,9934501,0.0,0.0
2023-03-27 00:00:00+05:30,348.46504920825333,354.4118493516978,346.98986416370394,350.5395202636719,10816352,0.0,0.0
2023-03-28 00:00:00+05:30,350.53950872363487,352.52177537285854,348.6494182754992,350.1246032714844,9170535,0.0,0.0
2023-03-29 00:00:00+05:30,350.53950810497645,354.04304784454604,347.7274305564148,352.89056396484375,10160322,0.0,0.0
2023-03-31 00:00:00+05:30,352.199050684485,354.50401829367667,350.35507659713164,353.58203125,9511189,0.0,0.0
2023-04-03 00:00:00+05:30,354.0430208456245,354.0430208456245,348.97209216163765,349.34088134765625,7059200,0.0,0.0
2023-04-05 00:00:00+05:30,349.34089531253,356.8550843081818,349.34089531253,356.25579833984375,11608424,0.0,0.0
2023-04-06 00:00:00+05:30,356.4862811708999,359.851528218602,354.22742981903934,357.1316833496094,12897667,0.0,0.0
2023-04-10 00:00:00+05:30,357.1317000162907,359.5749601437511,354.73452798796984,358.2380676269531,6783022,0.0,0.0
2023-04-11 00:00:00+05:30,358.2380877105435,367.04308167439325,357.73100604433006,365.1069030761719,18237451,0.0,0.0
2023-04-12 00:00:00+05:30,366.7203488045686,366.76643690230196,361.51112760416015,362.8479919433594,9747526,0.0,0.0
2023-04-13 00:00:00+05:30,364.6458938082411,365.66008523380617,362.98632830227143,364.73809814453125,6059044,0.0,0.0
2023-04-17 00:00:00+05:30,362.24872944703225,370.63881776509743,362.24872944703225,368.9331359863281,11041243,0.0,0.0
2023-04-18 00:00:00+05:30,368.79481527407467,370.63878935044505,366.0288541595191,367.4118347167969,9494641,0.0,0.0
2023-04-19 00:00:00+05:30,365.15298802050586,370.0395366439368,365.10689991918105,367.6423645019531,9744202,0.0,0.0
2023-04-20 00:00:00+05:30,368.7948262678365,371.2380863644985,366.6742672715214,369.0714111328125,6667781,0.0,0.0
2023-04-21 00:00:00+05:30,369.07143619269664,377.09273546339176,367.9189522823562,376.4012451171875,14252204,0.0,0.0
2023-04-24 00:00:00+05:30,378.01473415807703,378.01473415807703,372.66721990520097,376.816162109375,5981760,0.0,0.0
2023-04-25 00:00:00+05:30,376.81614584796415,381.28776085448374,375.61754571417237,379.44378662109375,8840188,0.0,0.0
2023-04-26 00:00:00+05:30,379.85867559411,380.78066267079475,377.138802463165,380.08917236328125,7620723,0.0,0.0
2023-04-27 00:00:00+05:30,380.0430911591348,384.83740716278913,378.93669539231524,383.546630859375,12614263,0.0,0.0
2023-04-28 00:00:00+05:30,385.39060177610804,394.840969403393,381.42606856280145,392.3515930175781,12718721,0.0,0.0
2023-05-02 00:00:00+05:30,392.766470971669,393.68845799272924,388.34094452530417,391.33740234375,10253527,0.0,0.0
2023-05-03 00:00:00+05:30,390.9225285030183,395.07147043288523,389.12464241201735,393.8267822265625,7325483,0.0,0.0
2023-05-04 00:00:00+05:30,392.1211431980691,393.6885326859716,390.922571098014,391.47576904296875,7984933,0.0,0.0
2023-05-05 00:00:00+05:30,392.720418795183,398.2062251901596,391.2452337991978,395.3019714355469,12412416,0.0,0.0
2023-05-08 00:00:00+05:30,397.37644586261723,399.63532554510005,395.8551727529189,397.7913513183594,7243636,0.0,0.0
2023-05-09 00:00:00+05:30,399.036012709423,399.35871382751463,388.6175695491881,390.7381286621094,9992962,0.0,0.0
2023-05-10 00:00:00+05:30,390.87642954004536,393.0891928804498,389.26295216771535,392.1672058105469,9754485,0.0,0.0
2023-05-11 00:00:00+05:30,393.9189801662598,394.05727260098024,386.2203824162799,387.6033630371094,15982423,0.0,0.0
2023-05-12 00:00:00+05:30,387.6033588620377,389.72394600655525,383.5927094774704,387.64947509765625,11135894,0.0,0.0
2023-05-15 00:00:00+05:30,387.2345980033029,395.25589735952565,386.3586989673791,394.42608642578125,9151102,0.0,0.0
2023-05-16 00:00:00+05:30,396.45444491265977,396.45444491265977,390.46152888491025,390.8764343261719,7994197,0.0,0.0
2023-05-17 00:00:00+05:30,391.06080211996294,395.4863568475933,389.6317334453977,394.2416687011719,9479691,0.0,0.0
2023-05-18 00:00:00+05:30,396.45446395006667,398.71334366218224,385.48282278439274,386.9580078125,23995166,0.0,0.0
2023-05-19 00:00:00+05:30,388.1104743790462,390.0927409828685,379.2593927426719,387.0962829589844,25767521,0.0,0.0
2023-05-22 00:00:00+05:30,389.0324914094988,392.5360313446961,386.4048223896933,391.6140441894531,15421680,0.0,0.0
2023-05-23 00:00:00+05:30,392.7664619100584,397.5608055636846,391.1068965651625,395.67071533203125,8732608,0.0,0.0
2023-05-24 00:00:00+05:30,394.8870524459851,400.8338803266022,393.68848050479386,399.681396484375,11479706,0.0,0.0
2023-05-25 00:00:00+05:30,402.8622900541643,407.9332192986932,400.87999520366964,406.734619140625,18204464,0.0,0.0
2023-05-26 00:00:00+05:30,408.8090910736635,410.05377933644905,405.21334686536113,408.9934997558594,12995706,0.0,0.0
2023-05-29 00:00:00+05:30,410.2842395364155,416.5537402566292,409.4544568141537,414.06439208984375,19826254,0.0,0.0
2023-05-30 00:00:00+05:30,412.8007289624573,422.58252637000624,412.8007289624573,421.1316223144531,18900002,6.75,0.0
2023-05-31 00:00:00+05:30,420.5699715316421,423.09733429126334,414.15801044675186,417.0129699707031,14272292,0.0,0.0
2023-06-01 00:00:00+05:30,418.41706013774206,418.41706013774206,410.9286116341583,411.5838623046875,8803137,0.0,0.0
2023-06-02 00:00:00+05:30,411.8646866810316,416.4513558876555,411.67746403334684,415.0472717285156,9203842,0.0,0.0
2023-06-05 00:00:00+05:30,416.5449637546186,418.27667324975283,411.9582945860592,412.4731140136719,7152179,0.0,0.0
2023-06-06 00:00:00+05:30,412.61351403620824,415.23448823420006,412.23909731254224,414.4856262207031,6454486,0.0,0.0
2023-06-07 00:00:00+05:30,415.6088946484701,417.1533814491336,414.438824562185,415.5621032714844,7543432,0.0,0.0
2023-06-08 00:00:00+05:30,417.2002284533735,417.2470198333943,413.6431980206466,414.5792541503906,7024424,0.0,0.0
2023-06-09 00:00:00+05:30,407.3247857273681,416.26413817272584,407.3247857273681,410.4137878417969,7057843,0.0,0.0
2023-06-12 00:00:00+05:30,411.86469486124366,412.75395960616044,406.1079554076663,409.0097351074219,8719176,0.0,0.0
2023-06-13 00:00:00+05:30,412.8007315174575,417.85542863913224,410.27336867353785,416.91937255859375,16111860,0.0,0.0
2023-06-14 00:00:00+05:30,417.71500234528787,419.11908638678466,415.37486227612663,416.076904296875,8704178,0.0,0.0
2023-06-15 00:00:00+05:30,416.5449368777855,420.0551470200141,416.31092286830363,419.44671630859375,7498727,0.0,0.0
2023-06-16 00:00:00+05:30,420.2891785316014,426.4671543524258,419.25951113376993,424.12701416015625,11729681,0.0,0.0
2023-06-19 00:00:00+05:30,425.6715210819208,426.7479799079822,423.3313807791065,424.5950622558594,4189180,0.0,0.0
2023-06-20 00:00:00+05:30,425.71829760388647,425.71829760388647,421.3656425057933,423.89300537109375,4472119,0.0,0.0
2023-06-21 00:00:00+05:30,423.0973562991,425.1566911411811,416.5917549914863,418.4638671875,6059504,0.0,0.0
2023-06-22 00:00:00+05:30,419.3531380476453,420.8976249187395,417.34062312069443,419.0255126953125,6637099,0.0,0.0
2023-06-23 00:00:00+05:30,418.88506712975163,419.02546981890896,414.3920096797411,416.3109130859375,6090901,0.0,0.0
2023-06-26 00:00:00+05:30,418.32344543926627,422.53569768850826,415.6088885918764,417.2001953125,5477339,0.0,0.0
2023-06-27 00:00:00+05:30,417.57463643237355,418.60430386672533,414.813259481089,416.6385803222656,4865596,0.0,0.0
2023-06-28 00:00:00+05:30,416.54497147266954,421.78689143364863,416.0769434148351,420.6168212890625,12082753,0.0,0.0
2023-06-30 00:00:00+05:30,421.2252354688587,423.0505562490229,418.04265051410465,422.7229309082031,9106074,0.0,0.0
2023-07-03 00:00:00+05:30,422.7229725607021,436.155384328544,421.27206835586975,433.6280212402344,10699143,0.0,0.0
2023-07-04 00:00:00+05:30,435.2660732289678,438.0742414433482,430.39857023090934,436.5297546386719,7725081,0.0,0.0
2023-07-05 00:00:00+05:30,436.5297547342584,449.91534513260376,434.61082264764633,444.7202453613281,16252992,0.0,0.0
2023-07-06 00:00:00+05:30,446.8263898695933,446.87318124863214,440.4143998021734,443.59698486328125,9471054,0.0,0.0
2023-07-07 00:00:00+05:30,442.7545331862704,445.09467342509845,437.6998359836348,438.44866943359375,7323451,0.0,0.0
2023-07-10 00:00:00+05:30,439.9463641370345,440.7888089083192,434.0492221718764,436.0617370605469,6521300,0.0,0.0
2023-07-11 00:00:00+05:30,436.20216278462726,444.2054313835009,436.20216278462726,442.89495849609375,8457557,0.0,0.0
2023-07-12 00:00:00+05:30,447.2007907270757,447.2007907270757,440.36759279235326,442.0992736816406,12340934,0.0,0.0
2023-07-13 00:00:00+05:30,443.5969823311178,446.26474794290834,440.8824253405555,441.8184814453125,7909757,0.0,0.0
2023-07-14 00:00:00+05:30,442.7545305116738,444.62664269142715,441.2100436766102,442.6609191894531,5081391,0.0,0.0
2023-07-17 00:00:00+05:30,444.1586331278046,445.3754946688116,440.5080199386175,442.1461181640625,6090738,0.0,0.0
2023-07-18 00:00:00+05:30,442.3332904011011,443.87780579030516,440.88241489955357,442.2864990234375,5352283,0.0,0.0
2023-07-19 00:00:00+05:30,442.5205208324769,449.7281642217353,438.1678656850626,448.23046875,13867323,0.0,0.0
2023-07-20 00:00:00+05:30,449.2133354881765,462.13092734881707,445.84352767382825,460.6800231933594,20250206,0.0,0.0
2023-07-21 00:00:00+05:30,460.3523980527802,465.8751521296408,455.8593400089328,459.0887451171875,13971982,0.0,0.0
2023-07-24 00:00:00+05:30,461.8968662545391,467.74721652847865,438.2146312059338,441.21002197265625,38976815,0.0,0.0
2023-07-25 00:00:00+05:30,437.9806281863249,438.54226753995044,426.2799273448108,432.73870849609375,43534718,0.0,0.0
2023-07-26 00:00:00+05:30,435.1724722326875,442.75453230462546,432.5047066525027,442.052490234375,18143422,0.0,0.0
2023-07-27 00:00:00+05:30,444.0650273557347,444.7670694611346,431.6154921131092,435.3128967285156,13989457,0.0,0.0
2023-07-28 00:00:00+05:30,437.7934413363626,439.431539481204,433.76838304076784,438.4954833984375,9978231,0.0,0.0
2023-07-31 00:00:00+05:30,439.01033003937465,439.6655807644075,433.8620212649257,435.9213562011719,8194797,0.0,0.0
2023-08-01 00:00:00+05:30,436.20216674810376,438.869932494024,434.14283178763316,435.0788879394531,6438221,0.0,0.0
2023-08-02 00:00:00+05:30,434.891696064021,435.0788901556385,428.7137197173068,430.679443359375,10318220,0.0,0.0
2023-08-03 00:00:00+05:30,430.6794109881535,434.09600998966397,425.25026854831435,426.88836669921875,10617897,0.0,0.0
2023-08-04 00:00:00+05:30,427.12238701295513,431.89627883629345,425.2034834343788,425.8587341308594,6834401,0.0,0.0
2023-08-07 00:00:00+05:30,425.0630562380391,427.35637641123634,422.11448540612065,425.8118896484375,9161131,0.0,0.0
2023-08-08 00:00:00+05:30,427.77761216736195,427.77761216736195,422.2080672783237,423.4249572753906,6392488,0.0,0.0
2023-08-09 00:00:00+05:30,423.42497119174004,430.4921831307274,418.3234541570995,429.3221130371094,9758343,0.0,0.0
2023-08-10 00:00:00+05:30,429.5561376728394,429.93055439881846,420.28918801557313,422.86334228515625,13194170,0.0,0.0
2023-08-11 00:00:00+05:30,424.8758281256101,424.8758281256101,416.31092112761684,420.0551452636719,11582326,0.0,0.0
2023-08-14 00:00:00+05:30,420.0551732422806,422.3953134831847,416.59175425927657,420.4764099121094,7562808,0.0,0.0
2023-08-16 00:00:00+05:30,422.1613316766293,428.1520854372992,419.54038583326343,421.45928955078125,14920272,0.0,0.0
2023-08-17 00:00:00+05:30,421.2252558494101,421.2252558494101,411.8646946083121,412.8007507324219,16269569,0.0,0.0
2023-08-18 00:00:00+05:30,412.80071845006495,415.00045588292954,410.460578322797,413.4091491699219,19324262,0.0,0.0
2023-08-21 00:00:00+05:30,413.73677981614486,419.82114422520584,413.12834908847157,419.1658935546875,9572041,0.0,0.0
2023-08-22 00:00:00+05:30,420.2891664310806,426.04590542508873,418.4170543311649,425.2034606933594,9854945,0.0,0.0
2023-08-23 00:00:00+05:30,426.46716760767646,426.51395898651043,419.9147748656635,421.646484375,8445029,0.0,0.0
2023-08-24 00:00:00+05:30,421.78685208866267,424.50140885765103,420.56996211210725,422.0676574707031,6088274,0.0,0.0
2023-08-25 00:00:00+05:30,422.0676695535835,422.1612808723312,413.7835677522795,415.0004577636719,9270988,0.0,0.0
2023-08-28 00:00:00+05:30,416.54494791996154,418.2766573492661,412.8007236689956,413.1751403808594,6910750,0.0,0.0
2023-08-29 00:00:00+05:30,414.62604798570555,415.608895433576,411.11583772021925,411.9582824707031,9480003,0.0,0.0
2023-08-30 00:00:00+05:30,412.8007366811237,415.608904957866,412.33270863499996,414.4856262207031,7364924,0.0,0.0
2023-08-31 00:00:00+05:30,414.6728358859502,416.45133669231853,408.214054764842,411.5838623046875,19900312,0.0,0.0
2023-09-01 00:00:00+05:30,411.86468669472305,416.5449672253449,410.2733798878455,412.8475341796875,11438624,0.0,0.0
2023-09-04 00:00:00+05:30,415.0004699291928,415.0004699291928,408.72888274937867,409.5245361328125,13604608,0.0,0.0
2023-09-05 00:00:00+05:30,410.83500206699324,416.0769217550934,410.4605853534498,414.7664489746094,8378915,0.0,0.0
2023-09-06 00:00:00+05:30,415.5621214858972,419.82116536018657,413.7368006448215,418.83831787109375,12863039,0.0,0.0
2023-09-07 00:00:00+05:30,420.1019777050597,420.2892003566293,416.17055911759263,417.3874206542969,8090369,0.0,0.0
2023-09-08 00:00:00+05:30,419.2595401046726,419.2595401046726,413.59641187452314,414.3452453613281,9939517,0.0,0.0
2023-09-11 00:00:00+05:30,417.4809998737533,419.4467232993961,414.3452063811998,418.6042785644531,9320577,0.0,0.0
2023-09-12 00:00:00+05:30,420.1955705873763,425.25026773006516,417.1065969352233,422.30169677734375,14406441,0.0,0.0
2023-09-13 00:00:00+05:30,423.2846032728697,427.77766137506893,422.25493579265043,424.50146484375,11813170,0.0,0.0
2023-09-14 00:00:00+05:30,426.747952705271,426.747952705271,418.5574621675173,421.1784362792969,14430930,0.0,0.0
2023-09-15 00:00:00+05:30,419.39992164723026,423.19096596904836,418.41707417462834,419.6807556152344,15077136,0.0,0.0
2023-09-18 00:00:00+05:30,419.68074420623896,424.9694552823124,417.66822937132866,423.1441345214844,8197425,0.0,0.0
2023-09-20 00:00:00+05:30,422.81656314437794,425.9991482565618,420.80401962243144,423.98663330078125,9959649,0.0,0.0
2023-09-21 00:00:00+05:30,423.8461871812505,424.54822925049916,416.0769330413648,418.8851013183594,10719470,0.0,0.0
2023-09-22 00:00:00+05:30,418.88508995591513,419.72753470292884,413.970795604477,414.7664489746094,7506309,0.0,0.0
2023-09-25 00:00:00+05:30,414.76645944176596,416.35773765602437,410.32019301159096,414.2984313964844,5782955,0.0,0.0
2023-09-26 00:00:00+05:30,415.23447878789415,416.07692353851877,411.5838658244111,414.15802001953125,5327833,0.0,0.0
2023-09-27 00:00:00+05:30,414.1580070897962,421.03799614357916,410.7413796845519,420.4295654296875,10490786,0.0,0.0
2023-09-28 00:00:00+05:30,421.17846982105425,421.17846982105425,411.49028310018906,412.5667419433594,10216736,0.0,0.0
2023-09-29 00:00:00+05:30,413.7368084092822,417.1066161819575,411.11586267840477,415.98333740234375,8160058,0.0,0.0
2023-10-03 00:00:00+05:30,412.80074641242356,414.57924731638684,411.1626482123743,411.63067626953125,7481883,0.0,0.0
2023-10-04 00:00:00+05:30,411.63067994506696,413.45600081074394,405.5931065273654,408.2140808105469,13396709,0.0,0.0
2023-10-05 00:00:00+05:30,411.86470001090385,412.3327280790981,407.2312107093147,408.1672668457031,10030257,0.0,0.0
2023-10-06 00:00:00+05:30,409.8521372572136,415.2344594140662,408.72885859801397,413.8771667480469,8418580,0.0,0.0
2023-10-09 00:00:00+05:30,412.7539472377708,414.86007345520005,409.29052825375436,412.2859191894531,5611154,0.0,0.0
2023-10-10 00:00:00+05:30,412.2859328379333,416.4045740862404,412.2859328379333,415.98333740234375,5014758,0.0,0.0
2023-10-11 00:00:00+05:30,418.60428025184547,420.7104063807746,416.35772286139,419.5871276855469,7651513,0.0,0.0
2023-10-12 00:00:00+05:30,420.8976171252633,423.5653827074826,417.6214207949292,421.8804931640625,11774487,0.0,0.0
2023-10-13 00:00:00+05:30,421.08483975675995,422.91013200104425,418.41707417462834,419.6807556152344,7632483,0.0,0.0
2023-10-16 00:00:00+05:30,419.353105940959,422.16127406109933,417.6682164953401,420.24237060546875,4214958,0.0,0.0
2023-10-17 00:00:00+05:30,421.03802325366973,425.43749835954145,420.2891897985349,424.45465087890625,6936218,0.0,0.0
2023-10-18 00:00:00+05:30,425.2034658279811,428.9008986964292,422.1612836288817,422.76971435546875,6894947,0.0,0.0
2023-10-19 00:00:00+05:30,420.9912396458579,425.81192294691306,418.2766826131811,421.59967041015625,9465463,0.0,0.0
2023-10-20 00:00:00+05:30,416.54493276593706,420.2891568806871,409.3841098597103,410.2733459472656,13020371,0.0,0.0
2023-10-23 00:00:00+05:30,409.99254836203073,411.81786907914903,405.40587944746903,408.0268249511719,7275471,0.0,0.0
2023-10-25 00:00:00+05:30,408.9629127009474,409.9925801451387,399.74275421504393,405.031494140625,10889221,0.0,0.0
2023-10-26 00:00:00+05:30,402.08293235310737,408.6821457531879,402.08293235310737,406.5760192871094,18801214,0.0,0.0
2023-10-27 00:00:00+05:30,406.57598264862804,408.8693030097728,404.563467697855,406.01434326171875,13132487,0.0,0.0
2023-10-30 00:00:00+05:30,406.76319191524516,409.19694363857735,400.9596608770173,402.9253845214844,7618033,0.0,0.0
2023-10-31 00:00:00+05:30,402.50410409429225,405.63989759523633,400.53838066338966,401.00640869140625,8620154,0.0,0.0
2023-11-01 00:00:00+05:30,402.50414795970994,403.53381544679377,398.2918952485037,400.72564697265625,7990245,0.0,0.0
2023-11-02 00:00:00+05:30,402.5509294620137,405.03150107289224,401.2404565861437,403.5805969238281,8152031,0.0,0.0
2023-11-03 00:00:00+05:30,405.1250585051016,406.6227539408172,403.5337803146624,405.5462951660156,13802600,0.0,0.0
2023-11-06 00:00:00+05:30,405.780314448466,408.8692881146874,404.89104973774164,407.51202392578125,7308229,0.0,0.0
2023-11-07 00:00:00+05:30,407.09080046284174,407.09080046284174,404.5166461354465,405.031494140625,5124012,0.0,0.0
2023-11-08 00:00:00+05:30,405.4527046939207,409.52455454953207,404.65705127470557,409.0097351074219,6979849,0.0,0.0
2023-11-09 00:00:00+05:30,409.8053573068835,409.9925799570745,406.15474415748514,406.6227722167969,7785767,0.0,0.0
2023-11-10 00:00:00+05:30,406.62273912820945,409.99254659427174,404.8442383607821,408.63525390625,4079205,0.0,0.0
2023-11-13 00:00:00+05:30,410.36698177064034,410.36698177064034,407.1843967962703,408.1204528808594,3744754,0.0,0.0
2023-11-15 00:00:00+05:30,410.08615051217976,414.20479131142235,409.52451118360966,413.6899719238281,7436428,0.0,0.0
2023-11-16 00:00:00+05:30,413.6899847861117,416.07691629904457,409.6181352350818,410.6009826660156,10857863,0.0,0.0
2023-11-17 00:00:00+05:30,411.16259765625,413.2687236544892,410.2733330305286,411.16259765625,6655278,0.0,0.0
2023-11-20 00:00:00+05:30,411.7242814587024,412.1454895641675,406.7163756085176,408.8692932128906,4335388,0.0,0.0
2023-11-21 00:00:00+05:30,409.1969370025618,411.2094519958113,407.65245008058736,408.3544921875,5997810,0.0,0.0
2023-11-22 00:00:00+05:30,409.0564995082624,412.2390844090527,406.99716474331126,411.5838623046875,4886687,0.0,0.0
2023-11-23 00:00:00+05:30,412.7539611675123,413.97082270773905,410.2265981948369,412.19232177734375,6366606,0.0,0.0
2023-11-24 00:00:00+05:30,412.80074990432763,413.97082005711763,408.9161227102978,409.80535888671875,6821878,0.0,0.0
2023-11-28 00:00:00+05:30,409.9925808454642,410.9286369661159,407.09080115821064,407.4184265136719,8745691,0.0,0.0
2023-11-29 00:00:00+05:30,408.1204651347848,410.46060541652093,406.38875561306696,409.2437438964844,13785216,0.0,0.0
2023-11-30 00:00:00+05:30,408.7757008625516,410.41379899974686,406.7163660636118,407.9332275390625,15127505,0.0,0.0
2023-12-01 00:00:00+05:30,409.898962958145,422.11451227679254,409.4309349053117,421.03802490234375,19336856,0.0,0.0
2023-12-04 00:00:00+05:30,425.9055306012578,427.21600344372087,422.16130615641157,425.0162658691406,12800220,0.0,0.0
2023-12-05 00:00:00+05:30,425.90552460375454,428.5264702517731,421.3188554366394,422.86334228515625,12136292,0.0,0.0
2023-12-06 00:00:00+05:30,424.8758903276567,434.7980914540504,423.19100064622853,433.6280212402344,20417559,0.0,0.0
2023-12-07 00:00:00+05:30,435.0320485028966,435.07883987885214,428.1520308337816,428.8072814941406,11310918,0.0,0.0
2023-12-08 00:00:00+05:30,430.53898782006695,432.08347457568834,419.82113471579584,420.4295654296875,18667895,0.0,0.0
2023-12-11 00:00:00+05:30,422.62932050180893,424.5950439848177,420.5699856974827,423.5185852050781,6599973,0.0,0.0
2023-12-12 00:00:00+05:30,425.1566815579877,430.5857953775872,423.4249721024754,424.12701416015625,10158101,0.0,0.0
2023-12-13 00:00:00+05:30,427.12237727110636,429.5093374114161,424.1270149590579,426.5139465332031,11283868,0.0,0.0
2023-12-14 00:00:00+05:30,430.58583203048283,431.52188818707083,420.7104510049461,430.679443359375,14370803,0.0,0.0
2023-12-15 00:00:00+05:30,432.364299797421,433.3471758260269,425.90551852640726,428.9009094238281,15789845,0.0,0.0
2023-12-18 00:00:00+05:30,425.9055078739272,426.84156393518856,421.55285290229455,422.76971435546875,12027620,0.0,0.0
2023-12-19 00:00:00+05:30,424.3610567965537,428.71371213446736,423.1441666748128,426.9352111816406,10268755,0.0,0.0
2023-12-20 00:00:00+05:30,429.6497339219053,429.88374793820265,420.5699786631031,422.1612854003906,10367665,0.0,0.0
2023-12-21 00:00:00+05:30,420.2891707587733,424.7354370418561,416.03012711407536,422.58251953125,11154625,0.0,0.0
2023-12-22 00:00:00+05:30,424.03340809871605,426.7479650421857,421.7400592553807,426.0927429199219,11026317,0.0,0.0
2023-12-26 00:00:00+05:30,426.8883720906592,429.5561376833436,425.62471921121954,427.2628173828125,5871301,0.0,0.0
2023-12-27 00:00:00+05:30,427.7776350152451,429.181719156433,424.735452709338,427.8712463378906,7543383,0.0,0.0
2023-12-28 00:00:00+05:30,427.9648335298978,434.98525383999345,426.93516617118445,434.4236145019531,20696101,0.0,0.0
2023-12-29 00:00:00+05:30,434.42362580326926,437.98062742645266,431.84947162260215,432.551513671875,12888266,0.0,0.0
2024-01-01 00:00:00+05:30,433.86198901719246,439.89956210312073,433.0663356434103,438.12103271484375,9346277,0.0,0.0
2024-01-02 00:00:00+05:30,439.94633097742087,441.21001232218435,433.95557814117365,440.2739562988281,10519771,0.0,0.0
2024-01-03 00:00:00+05:30,440.1803951753004,449.96219316121795,439.3379503714517,446.7327880859375,24036012,0.0,0.0
2024-01-04 00:00:00+05:30,449.30694156402586,450.66423437646694,443.87782744659364,445.9371337890625,11786959,0.0,0.0
2024-01-05 00:00:00+05:30,448.7452874197036,448.7452874197036,441.8184780115688,443.643798828125,9209405,0.0,0.0
2024-01-08 00:00:00+05:30,444.6266330018335,445.0946610365723,434.8448356493275,435.7341003417969,8003177,0.0,0.0
2024-01-09 00:00:00+05:30,437.6061948353128,439.8995435395246,434.002373399907,434.8448181152344,5696780,0.0,0.0
2024-01-10 00:00:00+05:30,434.84487487990765,436.90420984501185,430.63262218724014,433.6748046875,5896123,0.0,0.0
2024-01-11 00:00:00+05:30,434.42363797459774,436.7169582601096,431.6154696988294,433.06634521484375,6534775,0.0,0.0
2024-01-12 00:00:00+05:30,433.62798640028996,437.7934474532671,430.91342943557186,436.8573913574219,9354326,0.0,0.0
2024-01-15 00:00:00+05:30,439.94635798228165,440.41438602268835,436.2957449803424,437.6998291015625,6902156,0.0,0.0
2024-01-16 00:00:00+05:30,437.8870213357027,444.62663651566913,434.5640336892619,442.0992736816406,12066347,0.0,0.0
2024-01-17 00:00:00+05:30,441.2568827535224,446.4988031367047,435.453351508637,436.7638244628906,11108698,0.0,0.0
2024-01-18 00:00:00+05:30,435.50008632442746,437.9338378183019,425.48427495455206,435.7341003417969,9143784,0.0,0.0
2024-01-19 00:00:00+05:30,438.58905653951416,442.75451744298033,436.5765417189153,441.3504333496094,12203322,0.0,0.0
2024-01-23 00:00:00+05:30,443.456563644866,443.456563644866,427.2159850994676,429.9305419921875,8404513,0.0,0.0
2024-01-24 00:00:00+05:30,430.6794309874619,437.5126293077937,428.8073187280651,433.95562744140625,21626183,0.0,0.0
2024-01-25 00:00:00+05:30,433.908783841471,435.219285204542,423.1909588803869,426.5139465332031,19677700,0.0,0.0
2024-01-29 00:00:00+05:30,426.7479728601427,428.0116543160256,418.8851072857768,421.03802490234375,17869152,0.0,0.0
2024-01-30 00:00:00+05:30,418.41708128913274,424.6886686543846,409.4309369173411,410.03936767578125,43514448,0.0,0.0
2024-01-31 00:00:00+05:30,411.86464584610513,414.20478587932166,410.64778445529754,413.3155212402344,19882944,0.0,0.0
2024-02-01 00:00:00+05:30,413.7368093468542,419.1191320928823,411.209446370079,414.5792541503906,19165409,0.0,0.0
2024-02-02 00:00:00+05:30,416.54495150437236,418.60428628659,411.39664311499246,411.9582824707031,17156021,0.0,0.0
2024-02-05 00:00:00+05:30,413.7368007378002,415.28128760650685,408.6352835103815,410.03936767578125,12041897,0.0,0.0
2024-02-06 00:00:00+05:30,411.8646940832046,412.7071388805962,402.03610479258265,403.8146057128906,18764371,0.0,0.0
2024-02-07 00:00:00+05:30,407.18438618038505,407.18438618038505,403.25293930114333,404.1889953613281,12880824,0.0,0.0
2024-02-08 00:00:00+05:30,407.465857855735,407.56084403932425,388.0898648177798,393.7411804199219,48183882,6.25,0.0
2024-02-09 00:00:00+05:30,389.5145587377591,402.9067986155227,388.08985298450153,394.64349365234375,32283965,0.0,0.0
2024-02-12 00:00:00+05:30,396.5905563852044,397.01797968010135,385.6678129251059,386.42767333984375,10906914,0.0,0.0
2024-02-13 00:00:00+05:30,386.475136883321,390.17936568056047,383.0558376144423,386.3326721191406,15606705,0.0,0.0
2024-02-14 00:00:00+05:30,385.62035449480817,391.5566284248391,384.10066257157774,390.8917541503906,12150077,0.0,0.0
2024-02-15 00:00:00+05:30,392.2689836301412,393.7411679792622,382.9134100636115,383.6257629394531,20383983,0.0,0.0
2024-02-16 00:00:00+05:30,384.67053461501126,388.9921302614633,379.35162759850095,384.2906188964844,37518847,0.0,0.0
2024-02-19 00:00:00+05:30,384.6705179092137,392.0314969556246,384.2906022071861,388.7071838378906,16949793,0.0,0.0
2024-02-20 00:00:00+05:30,389.8469535466348,389.8469535466348,384.00563740397536,385.7153015136719,14084218,0.0,0.0
2024-02-21 00:00:00+05:30,386.5701410602867,389.5145385952345,381.15624788358537,383.1033630371094,19414653,0.0,0.0
2024-02-22 00:00:00+05:30,386.4751733946781,394.31105500768507,383.19836756612096,393.6462097167969,18604659,0.0,0.0
2024-02-23 00:00:00+05:30,395.02341542073424,395.02341542073424,389.89448042783954,390.7492980957031,11147636,0.0,0.0
2024-02-26 00:00:00+05:30,390.464350438138,392.3164504683843,386.85507858396267,388.65972900390625,7982145,0.0,0.0
2024-02-27 00:00:00+05:30,389.4195417753845,392.0315021165609,388.0423147284801,390.5118103027344,7783743,0.0,0.0
2024-02-28 00:00:00+05:30,390.5118478980107,391.65162411453656,386.38019534524625,387.8049011230469,8617768,0.0,0.0
2024-02-29 00:00:00+05:30,388.46975529903995,390.4168415002639,384.19563818694786,385.9052734375,14895144,0.0,0.0
2024-03-01 00:00:00+05:30,388.3747530580977,392.4114190525579,387.04503358647645,388.94464111328125,12395632,0.0,0.0
2024-03-04 00:00:00+05:30,391.5566346116476,392.22150889660145,387.9473915994458,388.56475830078125,6840352,0.0,0.0
2024-03-05 00:00:00+05:30,389.08713076734983,390.7492874596185,383.67326636110215,385.7628173828125,9733507,0.0,0.0
2024-03-06 00:00:00+05:30,386.09526145860775,389.37209630512467,380.5864107737787,387.37750244140625,11106855,0.0,0.0
2024-03-07 00:00:00+05:30,387.377487030178,394.12109983174486,383.38829946144494,392.7913513183594,23020545,0.0,0.0
2024-03-11 00:00:00+05:30,395.8782127418219,397.3029184436073,387.51995088563217,388.84967041015625,17620081,0.0,0.0
2024-03-12 00:00:00+05:30,386.09524905949723,386.09524905949723,379.3041576099597,384.1481628417969,34882639,0.0,0.0
2024-03-13 00:00:00+05:30,413.164623637256,416.0140348347543,400.0098361449968,401.2445983886719,101612428,0.0,0.0
2024-03-14 00:00:00+05:30,400.7697100931161,404.1415018633794,397.0179736284197,398.58514404296875,30764728,0.0,0.0
2024-03-15 00:00:00+05:30,396.25812287297896,407.03837188722366,394.4059940279919,398.062744140625,73253754,0.0,0.0
2024-03-18 00:00:00+05:30,397.9678203863118,399.582498554957,395.97322646790116,396.4956359863281,15933704,0.0,0.0
2024-03-19 00:00:00+05:30,397.0179799993055,398.49016426387016,388.18481644049535,388.99212646484375,20994563,0.0,0.0
2024-03-20 00:00:00+05:30,389.4195420263818,395.7357312401554,388.99211873962963,394.83343505859375,19609321,0.0,0.0
2024-03-21 00:00:00+05:30,397.96779980758527,400.81721126205485,395.3083607110319,400.1048583984375,19227982,0.0,0.0
2024-03-22 00:00:00+05:30,400.10484338380553,408.0831893597766,400.10484338380553,407.0859069824219,38861818,0.0,0.0
2024-03-26 00:00:00+05:30,404.1889999508723,407.6558070476544,404.1889999508723,406.18359375,10274145,0.0,0.0
2024-03-27 00:00:00+05:30,405.5662483857057,407.3708699233003,405.04386785677764,406.51605224609375,12227545,0.0,0.0
2024-03-28 00:00:00+05:30,406.5160430838235,411.5025132384732,405.5662392448426,406.8484802246094,27933211,0.0,0.0
2024-04-01 00:00:00+05:30,407.56080376992253,409.69786225381614,404.3789553412054,405.2812805175781,9382308,0.0,0.0
2024-04-02 00:00:00+05:30,407.1809152299007,407.1809152299007,403.2867137133599,404.4739685058594,8853678,0.0,0.0
2024-04-03 00:00:00+05:30,404.6163987909527,407.2758377051538,399.8673800258007,403.8565673828125,12664520,0.0,0.0
2024-04-04 00:00:00+05:30,404.1889799591143,405.8986441248236,398.82259449253485,401.529541015625,18358410,0.0,0.0
2024-04-05 00:00:00+05:30,401.29212521550744,410.03033219910077,398.8701370007997,406.088623046875,16147032,0.0,0.0
2024-04-08 00:00:00+05:30,406.8009610921631,409.74535870655507,406.2785805898391,407.5608215332031,8516632,0.0,0.0
2024-04-09 00:00:00+05:30,408.84305388362327,409.84033627099467,404.188992113993,404.9488525390625,6708894,0.0,0.0
2024-04-10 00:00:00+05:30,406.80095855666815,415.82409471458095,404.3789704454079,415.01678466796875,14008124,0.0,0.0
2024-04-12 00:00:00+05:30,413.16465293936216,413.87700578925757,406.8009558860114,408.5106201171875,18088372,0.0,0.0
2024-04-15 00:00:00+05:30,406.51601707121387,407.608285619006,401.67201200523243,404.52142333984375,8746243,0.0,0.0
2024-04-16 00:00:00+05:30,402.004449124746,405.5662132930101,401.95697053012015,404.52142333984375,9973638,0.0,0.0
2024-04-18 00:00:00+05:30,404.6164085842081,405.47122618548326,396.68554125730503,397.8253173828125,21312388,0.0,0.0
2024-04-19 00:00:00+05:30,397.0179929772569,404.85387441759747,395.1183853553561,403.4291687011719,16582634,0.0,0.0
2024-04-22 00:00:00+05:30,405.56621611440113,406.13610418243013,402.09943809698234,403.9515380859375,7112139,0.0,0.0
2024-04-23 00:00:00+05:30,403.9515645617884,408.89055616080344,403.7616211838036,407.65582275390625,12021404,0.0,0.0
2024-04-24 00:00:00+05:30,407.7032867410762,409.17547105698054,406.80096152441746,407.370849609375,5845170,0.0,0.0
2024-04-25 00:00:00+05:30,409.3654361339016,416.29899225139764,407.4658285416329,415.5866394042969,29211997,0.0,0.0
2024-04-26 00:00:00+05:30,417.2013129321012,421.048006670486,414.49436634530275,417.9136657714844,14773975,0.0,0.0
2024-04-29 00:00:00+05:30,419.8132834057783,420.24070671393775,412.78474101920403,416.20404052734375,11627882,0.0,0.0
2024-04-30 00:00:00+05:30,417.86618660441906,418.3885670916338,413.2596324522384,413.7820129394531,12064043,0.0,0.0
2024-05-02 00:00:00+05:30,414.11445579441914,420.38316665633937,413.0221872242138,416.9638671875,23228909,0.0,0.0
2024-05-03 00:00:00+05:30,417.9611405262415,417.9611405262415,409.6978650567464,414.5418701171875,22904276,0.0,0.0
2024-05-06 00:00:00+05:30,416.0140780272876,418.3411090077983,411.59749600975687,412.9272155761719,10355056,0.0,0.0
2024-05-07 00:00:00+05:30,414.9692894446726,423.612510134698,413.3546403176496,418.2461242675781,25968921,0.0,0.0
2024-05-08 00:00:00+05:30,419.10094583385927,422.37778068735537,416.20405570623336,418.8634948730469,10511646,0.0,0.0
2024-05-09 00:00:00+05:30,417.9611775309183,419.33840472395735,402.09947044014916,403.7616271972656,23412609,0.0,0.0
2024-05-10 00:00:00+05:30,405.09134150088454,414.44691520842275,405.09134150088454,411.5975036621094,13985963,0.0,0.0
2024-05-13 00:00:00+05:30,411.50247947810385,413.5920593467143,407.94071537413873,410.1727600097656,7302959,0.0,0.0
2024-05-14 00:00:00+05:30,408.89053823716785,411.5499772980842,407.0384092222966,408.1307067871094,11000103,0.0,0.0
2024-05-15 00:00:00+05:30,409.127982579727,411.50249205494305,405.3287674193813,406.3260498046875,7565080,0.0,0.0
2024-05-16 00:00:00+05:30,408.4156500388959,410.8851458130178,401.67203699692504,409.7928771972656,23025186,0.0,0.0
2024-05-17 00:00:00+05:30,410.6951545470999,415.5391596915032,407.3708412695679,414.3993835449219,11453714,0.0,0.0
2024-05-21 00:00:00+05:30,414.1144771379957,415.1592671664498,411.45503796167,412.9747009277344,10760726,0.0,0.0
2024-05-22 00:00:00+05:30,415.3967069190502,419.7658102928722,413.5445778737816,417.8186950683594,10627595,0.0,0.0
2024-05-23 00:00:00+05:30,419.2433709273673,422.56768406405916,414.6368169265237,419.1958923339844,26234369,0.0,0.0
2024-05-24 00:00:00+05:30,418.86345930800803,420.24068635806685,413.4495662668856,414.3044128417969,12761457,0.0,0.0
2024-05-27 00:00:00+05:30,416.7739190810931,416.86890526353096,409.08053106075175,409.8403625488281,11827050,0.0,0.0
2024-05-28 00:00:00+05:30,410.41021781819404,410.79013353183274,406.7534674797858,407.4658203125,9310198,0.0,0.0
2024-05-29 00:00:00+05:30,404.1415202986679,410.69516077663906,404.1415202986679,409.3179626464844,10430363,0.0,0.0
2024-05-30 00:00:00+05:30,406.9909534840403,409.31798453231846,401.14966554973176,402.5743713378906,20524428,0.0,0.0
2024-05-31 00:00:00+05:30,405.32878331368005,407.98822243592303,402.95427374535154,405.0438537597656,28214102,0.0,0.0
2024-06-03 00:00:00+05:30,412.2148555185758,413.0696731545364,407.13339931354307,408.7480773925781,15519148,0.0,0.0
2024-06-04 00:00:00+05:30,411.7930217355417,412.0830050213407,389.41507352006596,401.35321044921875,46019632,7.5,0.0
2024-06-05 00:00:00+05:30,407.92639979801515,421.4595031088498,404.1081195639572,415.9495849609375,27151351,0.0,0.0
2024-06-06 00:00:00+05:30,421.4595432161925,423.10286057453504,416.7229625066181,420.8795471191406,31119999,0.0,0.0
2024-06-07 00:00:00+05:30,417.01291605515866,426.9210812151958,416.72293277723384,424.50445556640625,28448041,0.0,0.0
2024-06-10 00:00:00+05:30,425.32612003669374,426.2927703095044,421.3145273044945,422.3294982910156,11432393,0.0,0.0
2024-06-11 00:00:00+05:30,422.42617142393186,423.19947984628806,417.8345826041065,418.5595703125,12670589,0.0,0.0
2024-06-12 00:00:00+05:30,416.1912660635089,419.91287553977,415.8529620655242,417.8829040527344,10352936,0.0,0.0
2024-06-13 00:00:00+05:30,422.3294824217243,422.3294824217243,415.41793913079863,415.9495849609375,9283802,0.0,0.0
2024-06-14 00:00:00+05:30,416.6262791069855,417.49625847661724,414.7412992229284,416.7712707519531,9217804,0.0,0.0
2024-06-18 00:00:00+05:30,418.5595883205403,419.7195805038073,413.9196785871254,414.4513244628906,14098178,0.0,0.0
2024-06-19 00:00:00+05:30,415.6596281141491,416.384615837604,408.9413967435365,409.5213928222656,10909803,0.0,0.0
2024-06-20 00:00:00+05:30,409.90803213067653,412.27633707441026,407.44308576052504,409.18304443359375,14585806,0.0,0.0
2024-06-21 00:00:00+05:30,410.8263816022354,411.11636489520055,404.5914753050474,405.6064758300781,25205627,0.0,0.0
2024-06-24 00:00:00+05:30,405.9931103663595,409.81139070425877,405.9931103663595,409.18304443359375,9362433,0.0,0.0
2024-06-25 00:00:00+05:30,408.8930611546906,409.8597114174677,405.75144780066523,409.18304443359375,10260449,0.0,0.0
2024-06-26 00:00:00+05:30,408.89307179372526,412.17967687271675,407.97474222026295,409.8114013671875,11084805,0.0,0.0
2024-06-27 00:00:00+05:30,409.8114049811304,413.00133915949453,407.0564457362745,411.4063720703125,37012589,0.0,0.0
2024-06-28 00:00:00+05:30,411.3097018894396,413.72632763497097,409.3764012930145,410.7297058105469,17866326,0.0,0.0
2024-07-01 00:00:00+05:30,412.08301414552403,415.9012946587657,410.4880470386631,414.7413024902344,12894747,0.0,0.0
2024-07-02 00:00:00+05:30,415.65964946455455,416.28796629052385,408.45809257506323,411.3097229003906,10763335,0.0,0.0
2024-07-03 00:00:00+05:30,411.8896835052207,415.32128014344767,411.309687446694,414.01629638671875,7159756,0.0,0.0
2024-07-04 00:00:00+05:30,415.6596320819739,417.1096075427249,412.8080018758996,414.7413024902344,9127340,0.0,0.0
2024-07-05 00:00:00+05:30,414.69297873312183,419.5262302335079,413.339674212979,419.1878967285156,12929586,0.0,0.0
2024-07-08 00:00:00+05:30,420.63785430256144,429.72436083716786,419.18787891406595,428.8060607910156,20521107,0.0,0.0
2024-07-09 00:00:00+05:30,432.672669034657,439.82587517043083,429.19272214433255,437.50592041015625,26470260,0.0,0.0
2024-07-10 00:00:00+05:30,438.5692502712894,440.1642173567281,431.609356353233,436.394287109375,11618210,0.0,0.0
2024-07-11 00:00:00+05:30,434.9926372557454,444.1758151533667,433.7360036591593,443.3541564941406,18831345,0.0,0.0
2024-07-12 00:00:00+05:30,443.35412949291447,447.8007265251311,440.64752060364754,443.74078369140625,18962800,0.0,0.0
2024-07-15 00:00:00+05:30,443.74077484169527,450.8940101203432,441.9524955218571,447.9457092285156,16251032,0.0,0.0
2024-07-16 00:00:00+05:30,447.9941057651,451.1840400436784,446.01245489522097,450.0240478515625,12996711,0.0,0.0
2024-07-18 00:00:00+05:30,447.5590767746337,455.19560803777796,447.2207432788347,454.5672912597656,21094737,0.0,0.0
2024-07-19 00:00:00+05:30,455.292280271181,463.41213669452367,453.7456339286812,458.723876953125,24977373,0.0,0.0
2024-07-22 00:00:00+05:30,458.7722138211261,463.4604734261429,450.31402414706344,450.99066162109375,18066586,0.0,0.0
2024-07-23 00:00:00+05:30,450.9906751059707,480.81184206272934,450.8456834643306,475.7852783203125,54044423,0.0,0.0
2024-07-24 00:00:00+05:30,479.4585578011777,493.61997906207375,474.28697269912306,477.5735778808594,42073323,0.0,0.0
2024-07-25 00:00:00+05:30,473.6586417594568,479.4585434952869,468.48705681170986,473.6103210449219,17878994,0.0,0.0
2024-07-26 00:00:00+05:30,477.57355884777536,489.51169570108357,471.145340388248,485.4517822265625,20736094,0.0,0.0
2024-07-29 00:00:00+05:30,488.6417235317141,489.31839053732637,477.57356586741554,479.5068664550781,12496895,0.0,0.0
2024-07-30 00:00:00+05:30,479.7485372882392,481.19851275394996,472.35366831307954,473.5619812011719,13375906,0.0,0.0
2024-07-31 00:00:00+05:30,476.0269507504202,481.34352738607396,474.14197087057624,478.8302307128906,11538215,0.0,0.0
2024-08-01 00:00:00+05:30,479.4102231624335,480.1835315945629,474.57697171206047,477.2352600097656,11665529,0.0,0.0
2024-08-02 00:00:00+05:30,468.6320215486511,482.79347107375105,468.6320215486511,472.78863525390625,21320064,0.0,0.0
2024-08-05 00:00:00+05:30,464.04047204685156,475.49528418280136,463.55714688921506,469.79205322265625,24094139,0.0,0.0
2024-08-06 00:00:00+05:30,470.03371053470835,475.3019664938453,467.90706806500646,470.08203125,13722855,0.0,0.0
2024-08-07 00:00:00+05:30,473.658658422099,479.07190613260263,471.82202870777456,476.22027587890625,10900585,0.0,0.0
2024-08-08 00:00:00+05:30,477.5252259318548,481.3918269515459,476.07525054947064,478.2502136230469,20558134,0.0,0.0
2024-08-09 00:00:00+05:30,481.3918489695563,481.3918489695563,476.6552684037568,479.36187744140625,9201793,0.0,0.0
2024-08-12 00:00:00+05:30,475.59195838996766,483.3251609654143,475.59195838996766,478.1052551269531,9076097,0.0,0.0
2024-08-13 00:00:00+05:30,479.4102112541013,481.24684085965686,471.9669924054827,473.65863037109375,7757706,0.0,0.0
2024-08-14 00:00:00+05:30,475.54361575097056,482.3584884064827,473.5619649824716,475.7852783203125,9253598,0.0,0.0
2024-08-16 00:00:00+05:30,478.0085555164629,487.3850748765742,476.2202466282159,485.8867492675781,13137392,0.0,0.0
2024-08-19 00:00:00+05:30,487.91674084323574,492.31498792559694,482.93849767862906,484.726806640625,10198725,0.0,0.0
2024-08-20 00:00:00+05:30,484.2917729550866,486.61172764412817,481.1018389451326,482.1651306152344,6633171,0.0,0.0
2024-08-21 00:00:00+05:30,483.3251383510858,492.0249908414054,482.40680878828863,488.5450439453125,8474830,0.0,0.0
2024-08-22 00:00:00+05:30,490.9133523068748,491.54166909109694,484.72679639330397,487.723388671875,8364290,0.0,0.0
2024-08-23 00:00:00+05:30,488.20671394743374,490.04337308619125,483.2768211007808,488.93170166015625,7891446,0.0,0.0
2024-08-26 00:00:00+05:30,489.1250357708009,491.05833630744434,485.2584346975139,488.8350524902344,7825037,0.0,0.0
2024-08-27 00:00:00+05:30,490.623353325696,490.6717035411199,483.32515528088516,483.9051513671875,7954114,0.0,0.0
2024-08-28 00:00:00+05:30,483.71180125495573,485.54843091373226,479.94187100803003,480.7151794433594,7782216,0.0,0.0
2024-08-29 00:00:00+05:30,481.3918429795403,490.76836256441345,480.76352619288554,488.25506591796875,18670632,0.0,0.0
2024-08-30 00:00:00+05:30,485.21012389593943,492.1699882701376,483.5184858918195,485.1617736816406,14947670,0.0,0.0
2024-09-02 00:00:00+05:30,487.1917554611239,495.79496680623095,486.5150884452751,493.03997802734375,15885469,0.0,0.0
2024-09-03 00:00:00+05:30,493.039968399589,498.74322870796277,490.96167617696034,492.4116516113281,12018677,0.0,0.0
2024-09-04 00:00:00+05:30,483.3251436815295,493.0399672695979,483.27682296709156,489.46337890625,8414967,0.0,0.0
2024-09-05 00:00:00+05:30,491.39665226177647,494.8282487919038,490.13998925791753,494.151611328125,10898888,0.0,0.0
2024-09-06 00:00:00+05:30,494.92496179676203,494.92496179676203,480.5701987040586,484.9684753417969,13716752,0.0,0.0
2024-09-09 00:00:00+05:30,485.2584182597628,495.55326686851936,483.66345127102517,494.6832580566406,13736044,0.0,0.0
2024-09-10 00:00:00+05:30,494.8282698496586,497.82489160198514,491.78332738351446,496.4715576171875,10911995,0.0,0.0
2024-09-11 00:00:00+05:30,495.8915789636068,502.1748055976486,494.876607999576,497.196533203125,14922832,0.0,0.0
2024-09-12 00:00:00+05:30,497.9215199892285,503.1414549371391,491.58997265402235,502.1748046875,18377550,0.0,0.0
2024-09-13 00:00:00+05:30,502.17482403914613,502.65814918259093,494.92494688747416,496.7132263183594,8825193,0.0,0.0
2024-09-16 00:00:00+05:30,498.6949011847263,499.75819288888493,492.70165767123507,494.0549621582031,7531604,0.0,0.0
2024-09-17 00:00:00+05:30,494.00661504032036,496.42324074641687,489.3667054845452,490.8166809082031,10486015,0.0,0.0
2024-09-18 00:00:00+05:30,490.91334833112757,495.3116247847134,488.25506007340243,490.4300231933594,5429619,0.0,0.0
2024-09-19 00:00:00+05:30,492.9916257243759,497.6315351077344,490.57500010807996,491.29998779296875,13925311,0.0,0.0
2024-09-20 00:00:00+05:30,494.9249497800765,500.0965052453006,491.0583486099196,497.24493408203125,23808194,0.0,0.0
2024-09-23 00:00:00+05:30,498.2599244073179,502.1265257273868,496.47158589699364,499.70989990234375,7804918,0.0,0.0
2024-09-24 00:00:00+05:30,499.75819683491403,500.5315052621945,497.0032671253364,498.0665588378906,6755320,0.0,0.0
2024-09-25 00:00:00+05:30,498.3082042254892,501.98146337814296,495.21491162338367,500.2898254394531,8476223,0.0,0.0
2024-09-26 00:00:00+05:30,500.38657413101663,506.2831176290781,499.7582278076055,505.31646728515625,15489991,0.0,0.0
2024-09-27 00:00:00+05:30,502.8997920139815,510.8746565677832,502.8997920139815,505.2680969238281,17251962,0.0,0.0
2024-09-30 00:00:00+05:30,503.23808840374056,506.86302678256015,496.9065411686652,500.8698425292969,10531347,0.0,0.0
2024-10-01 00:00:00+05:30,500.8698430400882,502.41645981676925,496.8582209635775,498.98486328125,5089315,0.0,0.0
2024-10-03 00:00:00+05:30,491.5899898707249,498.50156299756435,491.1550149430481,495.6499328613281,15870147,0.0,0.0
2024-10-04 00:00:00+05:30,492.99165058920653,500.096506659602,484.8234437942197,486.7567443847656,18228912,0.0,0.0
2024-10-07 00:00:00+05:30,490.0917047817371,497.7765865087185,489.85004220541475,493.18499755859375,16479772,0.0,0.0
2024-10-08 00:00:00+05:30,492.9916309922325,495.45657734726376,489.12502996484244,491.010009765625,9502367,0.0,0.0
2024-10-09 00:00:00+05:30,492.79828688702605,492.79828688702605,474.1902695278187,475.30194091796875,23952459,0.0,0.0
2024-10-10 00:00:00+05:30,478.83022241507035,479.1202056993322,473.12699165925847,475.6402587890625,12799333,0.0,0.0
2024-10-11 00:00:00+05:30,476.55861093889496,477.47694054895135,471.14536321082045,471.918701171875,14394986,0.0,0.0
2024-10-14 00:00:00+05:30,474.62528068863423,482.35848281798064,472.3536466631737,480.3768615722656,6712103,0.0,0.0
2024-10-15 00:00:00+05:30,481.39184656969684,482.74515108177496,478.0085705395885,481.9234924316406,8037662,0.0,0.0
2024-10-16 00:00:00+05:30,479.4585622409456,482.2135215731422,475.9302944470008,476.751953125,6682083,0.0,0.0
2024-10-17 00:00:00+05:30,478.49187888472574,478.49187888472574,471.7253270621135,472.5953063964844,7385299,0.0,0.0
2024-10-18 00:00:00+05:30,472.45031017947747,475.15691908236613,462.4454741815942,470.46868896484375,21778099,0.0,0.0
2024-10-21 00:00:00+05:30,470.46868669341796,471.33866601515876,461.43050099017773,467.5203857421875,7395274,0.0,0.0
2024-10-22 00:00:00+05:30,467.52039507302516,472.11198383477785,464.76543591600847,465.7320861816406,12299288,0.0,0.0
2024-10-23 00:00:00+05:30,464.95879164496256,467.18207552233656,463.5088162032423,464.3304748535156,10162570,0.0,0.0
2024-10-24 00:00:00+05:30,465.9254188451766,466.3120730438384,454.3256158863755,455.96893310546875,13092399,0.0,0.0
2024-10-25 00:00:00+05:30,459.9321966920179,477.0419186439185,458.3855798261637,466.2154235839844,30961625,0.0,0.0
2024-10-28 00:00:00+05:30,465.8771102466821,469.69536112000964,460.1255293301254,468.00372314453125,8614446,0.0,0.0
2024-10-29 00:00:00+05:30,468.82540224474775,472.88534536308646,465.2487842833624,471.6770324707031,6866704,0.0,0.0
2024-10-30 00:00:00+05:30,471.67703436015404,476.80026924445167,470.27537959944397,475.1569519042969,6393835,0.0,0.0
2024-10-31 00:00:00+05:30,475.5919500021165,476.55860030699887,468.5354145764058,472.4986572265625,7810874,0.0,0.0
2024-11-01 00:00:00+05:30,474.62527537711276,475.6885965579633,472.98195814308696,473.9486083984375,1461602,0.0,0.0
2024-11-04 00:00:00+05:30,476.993612457211,476.993612457211,463.55714940221503,468.4387512207031,8429731,0.0,0.0
2024-11-05 00:00:00+05:30,466.8437741647287,468.87371619478006,461.0438723649797,464.18548583984375,7327830,0.0,0.0
2024-11-06 00:00:00+05:30,464.1854710970869,468.24538452807076,462.0588287047917,465.0554504394531,11313985,0.0,0.0
2024-11-07 00:00:00+05:30,465.6837676431547,466.602097199724,460.222199516791,461.962158203125,8924280,0.0,0.0
2024-11-08 00:00:00+05:30,461.96215557706415,464.66879401798377,458.77222150364366,462.1071472167969,6090462,0.0,0.0
2024-11-11 00:00:00+05:30,462.10714544695014,465.44210064715566,458.28889461609475,461.0438537597656,5488948,0.0,0.0
2024-11-12 00:00:00+05:30,461.6721858153653,462.01051931786475,455.43727962587394,457.0805969238281,5041916,0.0,0.0
2024-11-13 00:00:00+05:30,454.3739792005506,458.8689268683886,452.6340203935229,456.4523010253906,11120381,0.0,0.0
2024-11-14 00:00:00+05:30,455.48561948908895,457.1772574633165,446.8340877638236,450.41070556640625,11639562,0.0,0.0
2024-11-18 00:00:00+05:30,450.45901578436815,452.1989744316741,446.59241479051093,450.99066162109375,8135260,0.0,0.0
2024-11-19 00:00:00+05:30,452.39232434109033,457.95056336878537,450.7006863761397,451.7640075683594,6857374,0.0,0.0
2024-11-21 00:00:00+05:30,445.6257843264681,448.57405591524866,440.2125367947714,441.9041748046875,19559847,0.0,0.0
2024-11-22 00:00:00+05:30,440.9858763970382,460.60886558641363,440.30920939058007,458.820556640625,19464568,0.0,0.0
2024-11-25 00:00:00+05:30,463.02547660995265,466.11876925571113,456.6455789654664,460.8988342285156,13891991,0.0,0.0
2024-11-26 00:00:00+05:30,463.99211379716985,466.5537310254602,458.28888329837775,461.0921630859375,6539846,0.0,0.0
2024-11-27 00:00:00+05:30,461.5754996033579,464.0887961817914,457.2255734290854,461.0438537597656,7067013,0.0,0.0
2024-11-28 00:00:00+05:30,461.0921968884408,467.6654071825174,454.85729060228294,459.0622253417969,14412539,0.0,0.0
2024-11-29 00:00:00+05:30,457.41892817914174,462.9288171220221,456.83893210625286,460.85052490234375,8346687,0.0,0.0
2024-12-02 00:00:00+05:30,460.12553033243825,463.31546443607334,457.61223372057333,461.2855224609375,5478598,0.0,0.0
2024-12-03 00:00:00+05:30,450.4590106065943,457.6122164630432,447.3173973351964,456.7905578613281,22218251,0.0,0.0
2024-12-04 00:00:00+05:30,458.57887391089014,462.25216257048396,450.84567189047095,451.5223388671875,13439484,0.0,0.0
2024-12-05 00:00:00+05:30,451.957347815946,456.98394130767986,447.0757754728756,451.9090270996094,26415053,0.0,0.0
2024-12-06 00:00:00+05:30,454.3256139804515,459.1105444808137,452.10233022260456,455.437255859375,7551407,0.0,0.0
2024-12-09 00:00:00+05:30,455.7756088386308,456.25893398055933,447.51076071158263,449.4440612792969,11703384,0.0,0.0
2024-12-10 00:00:00+05:30,449.83072775065557,450.89404899183876,447.17243939761073,449.9273986816406,8823805,0.0,0.0
2024-12-11 00:00:00+05:30,451.61901913805474,452.58566941061065,449.20239345666494,449.7340393066406,6745816,0.0,0.0
2024-12-12 00:00:00+05:30,449.9757163299055,452.2956711586014,443.8374810020243,445.2391357421875,12884401,0.0,0.0
2024-12-13 00:00:00+05:30,444.659149819232,458.57890860926,436.5876136997219,454.3256530761719,31753858,0.0,0.0
2024-12-16 00:00:00+05:30,454.56729388803876,458.5788866475853,452.39233075938785,454.42230224609375,9007264,0.0,0.0
2024-12-17 00:00:00+05:30,454.3256294238466,459.93218922106183,447.60739821009577,453.890625,19844152,0.0,0.0
2024-12-18 00:00:00+05:30,456.9356023919285,457.99889410759835,451.3290130283276,454.8089599609375,12365167,0.0,0.0
2024-12-19 00:00:00+05:30,453.35896652976106,458.53055125901005,449.7823488105133,450.99066162109375,14599270,0.0,0.0
2024-12-20 00:00:00+05:30,450.94236167635785,451.8606912546216,443.9824677669532,449.154052734375,19481288,0.0,0.0
2024-12-23 00:00:00+05:30,455.4856273483291,461.7688542181605,452.00568041276495,458.43389892578125,18837469,0.0,0.0
2024-12-24 00:00:00+05:30,459.06220927622303,464.2337941426918,456.88724615946916,462.49383544921875,11564497,0.0,0.0
2024-12-26 00:00:00+05:30,464.52377109932377,465.78043413845296,460.12552421193374,461.0438537597656,8848065,0.0,0.0
2024-12-27 00:00:00+05:30,463.7504663718419,465.8287585494162,460.125527864506,462.6388244628906,16279450,0.0,0.0
2024-12-30 00:00:00+05:30,464.7171014749779,465.3937684408618,460.12551284886007,461.0921630859375,13074810,0.0,0.0
2024-12-31 00:00:00+05:30,462.4938221611162,468.4870359885271,458.7238626005322,467.5203857421875,13276195,0.0,0.0
2025-01-01 00:00:00+05:30,469.7920461211115,470.6137047766384,466.0704365636025,467.8104248046875,18229128,0.0,0.0
2025-01-02 00:00:00+05:30,469.16373745322613,473.6586555292012,466.2154362852403,472.7403259277344,26124980,0.0,0.0
2025-01-03 00:00:00+05:30,473.9003069912437,474.625294712291,463.84714982601986,465.5387878417969,37072992,0.0,0.0
2025-01-06 00:00:00+05:30,440.4058583256005,446.35075144323366,426.5344213845736,427.8877258300781,22009958,0.0,0.0
2025-01-07 00:00:00+05:30,430.6426900507923,432.6726614930842,425.4711052691848,426.3894348144531,14294780,0.0,0.0
2025-01-08 00:00:00+05:30,428.2260997902769,436.9742735503957,422.52286869529286,434.5576477050781,13482926,0.0,0.0
2025-01-09 00:00:00+05:30,434.412657911659,445.2874742620835,431.1743733651227,435.0893249511719,19732649,0.0,0.0
2025-01-10 00:00:00+05:30,434.94428448591486,436.9259056652191,427.74272844437934,430.06268310546875,9145729,0.0,0.0
2025-01-13 00:00:00+05:30,420.4928844446885,429.19273722630277,420.4928844446885,424.4078063964844,17799607,0.0,0.0
2025-01-14 00:00:00+05:30,426.29277561702855,426.77610075945154,421.3145325500375,422.0395202636719,18048459,0.0,0.0
2025-01-15 00:00:00+05:30,422.0395386220168,427.066102621971,420.8312257133989,422.7645263671875,9786805,0.0,0.0
2025-01-16 00:00:00+05:30,423.4411450753659,424.7944790727276,416.72294330195155,418.4145812988281,15774070,0.0,0.0
2025-01-17 00:00:00+05:30,418.5595763145332,427.0660870817343,418.0762511686735,425.51947021484375,11270061,0.0,0.0
2025-01-20 00:00:00+05:30,424.35944720863523,426.486089495715,421.4594965443393,423.1028137207031,8742771,0.0,0.0
2025-01-21 00:00:00+05:30,423.39282913963933,432.09268179319355,420.7345408288311,422.95782470703125,15686500,0.0,0.0
2025-01-22 00:00:00+05:30,425.2294579278358,427.2111087280882,421.99117354679964,422.4261779785156,9619648,0.0,0.0
2025-01-23 00:00:00+05:30,420.49287689797217,427.1144372962157,419.6228975353898,425.51947021484375,8888248,0.0,0.0
2025-01-24 00:00:00+05:30,424.74612978757085,430.15937728937985,424.40779628749044,426.8727722167969,9665384,0.0,0.0
2025-01-27 00:00:00+05:30,426.09942801772166,430.15937095928996,421.9911643624925,425.42279052734375,10480203,0.0,0.0
2025-01-28 00:00:00+05:30,425.32613404915026,427.06609279760266,420.00955737353587,420.9278869628906,20813072,0.0,0.0
2025-01-29 00:00:00+05:30,421.4111847122362,422.90948078709505,415.7562748977468,418.89788818359375,15158510,0.0,0.0
2025-01-30 00:00:00+05:30,418.5595698630739,423.392821247174,417.061273733933,421.6528625488281,22496695,0.0,0.0
2025-01-31 00:00:00+05:30,421.9428359729618,433.2526557474246,420.58953151699967,432.57598876953125,13546181,0.0,0.0
2025-02-01 00:00:00+05:30,433.05930484973186,455.775585349662,424.8910985721678,447.1240539550781,30393007,0.0,0.0
2025-02-03 00:00:00+05:30,446.59243971426656,449.68573248191484,437.21591998094135,439.19757080078125,16991730,0.0,0.0
2025-02-04 00:00:00+05:30,442.7258148273928,444.9974488165376,433.78430000828064,439.9708557128906,18923681,0.0,0.0
2025-02-05 00:00:00+05:30,439.97089811017986,440.64756515081626,431.60937853571323,433.204345703125,12836283,0.0,0.0
2025-02-06 00:00:00+05:30,434.99261621292146,434.99261621292146,423.5861549654903,426.3894348144531,17469129,0.0,0.0
2025-02-07 00:00:00+05:30,425.32610601162634,430.64268233677166,414.1129573168095,416.48126220703125,18875982,0.0,0.0
2025-02-10 00:00:00+05:30,412.7596610777305,418.84954591665235,412.2763359476629,412.9530029296875,12227140,0.0,0.0
2025-02-11 00:00:00+05:30,414.49965150720004,416.19128959205887,403.5765145306136,404.3498229980469,14288751,0.0,0.0
2025-02-12 00:00:00+05:30,405.6753937562897,406.3136281355489,400.2258148708563,402.48419189453125,13884574,6.5,0.0
2025-02-13 00:00:00+05:30,402.5333188714483,406.46095206462076,401.60049400188456,402.287841796875,12989029,0.0,0.0
2025-02-14 00:00:00+05:30,404.30071268308313,408.6702162817502,401.01131412778494,402.8278503417969,14124236,0.0,0.0
2025-02-17 00:00:00+05:30,402.3860051226291,403.95706437920165,399.39119682530554,401.2077331542969,11975265,0.0,0.0
2025-02-18 00:00:00+05:30,400.6185827614127,403.4170273840887,396.69094959708514,397.9183349609375,12998403,0.0,0.0
2025-02-19 00:00:00+05:30,397.4764566403701,401.40408972956527,397.1818961448654,399.0475158691406,7079032,0.0,0.0
2025-02-20 00:00:00+05:30,392.71423117033765,396.5927509227199,389.03207509597695,394.7762145996094,15355585,0.0,0.0
2025-02-21 00:00:00+05:30,394.7761916445472,395.9544935060131,391.9777771631228,393.6470031738281,8240986,0.0,0.0
2025-02-24 00:00:00+05:30,392.7633170048975,396.10179920634647,391.53593163925717,394.6289367675781,7037625,0.0,0.0
2025-02-25 00:00:00+05:30,394.7271291352976,399.63667054245303,393.25426671315097,397.52557373046875,15760891,0.0,0.0
2025-02-27 00:00:00+05:30,397.525552328783,399.1456949128277,392.2723373128528,394.3343505859375,19051003,0.0,0.0
2025-02-28 00:00:00+05:30,391.7813927759098,395.218071659909,385.1044286446103,387.853759765625,31954776,0.0,0.0
2025-03-03 00:00:00+05:30,388.7865980194929,391.78140630708367,384.12253365869424,390.25946044921875,10702826,0.0,0.0
2025-03-04 00:00:00+05:30,388.2465194896839,390.01397233458835,385.7426654162302,387.70648193359375,13404774,0.0,0.0
2025-03-05 00:00:00+05:30,387.3628037989018,405.2826293231856,387.3628037989018,397.721923828125,15665018,0.0,0.0
2025-03-06 00:00:00+05:30,401.747764542559,402.28783207284374,393.3033473882626,398.3601989746094,17869996,0.0,0.0
2025-03-07 00:00:00+05:30,396.2490690334906,398.50747602613745,394.432562712498,396.5927429199219,11180761,0.0,0.0
2025-03-10 00:00:00+05:30,393.7943018882363,399.489387865199,393.1560675022779,397.6728515625,9785018,0.0,0.0
2025-03-11 00:00:00+05:30,394.23615458392493,401.01131538193874,393.94159410093084,398.85113525390625,11099475,0.0,0.0
2025-03-12 00:00:00+05:30,399.0475152195476,405.8226762942879,396.69094136295917,404.93896484375,13844306,0.0,0.0
2025-03-13 00:00:00+05:30,405.5281006874954,406.90276622215737,400.8149531499511,404.59527587890625,8196569,0.0,0.0
2025-03-17 00:00:00+05:30,405.5281132753817,408.719315135297,399.63666368784595,400.5694885253906,5257805,0.0,0.0
2025-03-18 00:00:00+05:30,400.5694885253906,400.5694885253906,400.5694885253906,400.5694885253906,0,0.0,0.0
2025-03-19 00:00:00+05:30,402.5823921632704,403.31882336844717,395.3162769319527,395.75811767578125,12830387,0.0,0.0
2025-03-20 00:00:00+05:30,397.6728373693795,399.2929799729773,394.62891583099076,396.641845703125,16994037,0.0,0.0
2025-03-21 00:00:00+05:30,398.60567790903195,400.12762375553666,394.4325677226245,398.212890625,25302035,0.0,0.0
2025-03-24 00:00:00+05:30,399.6366587789359,405.38082804931764,398.2619932184889,403.4660949707031,14362572,0.0,0.0
2025-03-25 00:00:00+05:30,404.5461964506968,407.73739824308706,401.3059112323006,402.385986328125,20338110,0.0,0.0
2025-03-26 00:00:00+05:30,402.8769581468943,403.76069957751406,398.90024157095667,399.9803466796875,13891436,0.0,0.0
2025-03-27 00:00:00+05:30,400.6185794021223,403.2697437519979,398.3110889443362,402.0423583984375,18642328,0.0,0.0
2025-03-28 00:00:00+05:30,403.46610258111434,408.08108344123156,400.7658548357284,402.3369140625,12981873,0.0,0.0
2025-04-01 00:00:00+05:30,402.38600438126315,406.90278849853894,398.2620075515041,399.2929992675781,15206240,0.0,0.0
2025-04-02 00:00:00+05:30,399.685750106513,402.5823914949175,398.7038418345742,401.6495666503906,8001323,0.0,0.0
2025-04-03 00:00:00+05:30,399.68573475414075,402.7787696643111,399.34209084453187,401.99322509765625,7059566,0.0,0.0
2025-04-04 00:00:00+05:30,400.12763155444486,405.3317335492131,397.1819066595655,402.287841796875,18627592,0.0,0.0
2025-04-07 00:00:00+05:30,383.09149195819776,400.71675676567065,383.09149195819776,398.7038269042969,26762866,0.0,0.0
2025-04-08 00:00:00+05:30,404.4480082967242,408.2774445365288,399.88214085828554,405.08624267578125,18600796,0.0,0.0
2025-04-09 00:00:00+05:30,405.52811678460984,411.4686498505965,403.8097773067089,408.7684020996094,21785572,0.0,0.0
2025-04-11 00:00:00+05:30,412.40145511407445,414.8071422550909,409.4557304346882,413.92340087890625,8939356,0.0,0.0
2025-04-15 00:00:00+05:30,421.4350305010776,421.4350305010776,411.4195544215754,412.7942199707031,11685880,0.0,0.0
2025-04-16 00:00:00+05:30,410.4376454249374,418.3419947920321,410.4376454249374,416.7709655761719,13034594,0.0,0.0
2025-04-17 00:00:00+05:30,417.3110006565654,420.10944512464874,413.92340525328643,419.5202941894531,22410217,0.0,0.0
2025-04-21 00:00:00+05:30,420.3058257121206,421.336847381582,413.87433848811077,415.1999206542969,27388236,0.0,0.0
2025-04-22 00:00:00+05:30,418.24383985184426,426.9337040743589,415.88723603001415,425.75543212890625,32031936,0.0,0.0
2025-04-23 00:00:00+05:30,428.3083909152653,429.53577622856506,421.0913592799704,423.05517578125,19566317,0.0,0.0
2025-04-24 00:00:00+05:30,424.0370755980093,428.16107218939527,421.53319162940176,422.2696228027344,26064089,0.0,0.0
2025-04-25 00:00:00+05:30,422.2696267928269,424.87170760222523,415.6417461702055,420.0603332519531,22944377,0.0,0.0
2025-04-28 00:00:00+05:30,418.9311396302756,422.71149230249586,417.06551998951244,421.042236328125,6287095,0.0,0.0
2025-04-29 00:00:00+05:30,421.14043560056143,421.82778335059663,417.31099948077133,418.29290771484375,11189930,0.0,0.0
2025-04-30 00:00:00+05:30,419.6675863161336,421.5332060258665,414.3652876801437,418.0965270996094,10026546,0.0,0.0
2025-05-02 00:00:00+05:30,416.42728530446215,423.69340019536935,416.42728530446215,421.7295837402344,9263372,0.0,0.0
2025-05-05 00:00:00+05:30,422.4660329307672,430.56677615372786,421.5823214813549,429.0448303222656,11525305,0.0,0.0
2025-05-06 00:00:00+05:30,429.5848686129065,431.69596540271175,425.16628139288804,427.6701354980469,15026568,0.0,0.0
2025-05-07 00:00:00+05:30,425.5590249840726,427.13008416028316,421.9259824773884,423.3497314453125,9710361,0.0,0.0
2025-05-08 00:00:00+05:30,421.2386332122387,423.6934038020536,415.88722134025767,422.8096923828125,19937960,0.0,0.0
2025-05-09 00:00:00+05:30,418.24384137926455,421.38592987740896,415.34719998420627,415.8872375488281,8226512,0.0,0.0
2025-05-12 00:00:00+05:30,421.7296134519522,428.3084110263286,420.40403125825395,427.6210632324219,8031891,0.0,0.0
2025-05-13 00:00:00+05:30,427.0318966442069,430.026734819032,417.654684739414,420.1585388183594,14976369,0.0,0.0
2025-05-14 00:00:00+05:30,419.3730364482981,424.0371008235316,418.1947345146855,421.33685302734375,9557309,0.0,0.0
2025-05-15 00:00:00+05:30,421.3368389928473,427.52284902460343,418.2929174036252,424.8226013183594,24263510,0.0,0.0
2025-05-16 00:00:00+05:30,427.03189925490824,428.3083979810754,424.2825680939457,427.81744384765625,16402035,0.0,0.0
2025-05-19 00:00:00+05:30,427.1300810084491,430.56675982116076,424.822590669679,427.4737548828125,7543854,0.0,0.0
2025-05-20 00:00:00+05:30,429.09390418210114,432.82514353663043,425.068074374028,427.0318908691406,9868414,0.0,0.0
2025-05-21 00:00:00+05:30,428.70116612622536,430.27222538595333,424.184381991556,425.1662902832031,5776672,0.0,0.0
2025-05-22 00:00:00+05:30,425.1662742449478,425.1662742449478,415.248994880322,418.39111328125,19451749,0.0,0.0
2025-05-23 00:00:00+05:30,426.14817819915925,431.05771942265187,421.2386369756667,428.40655517578125,18536884,0.0,0.0
2025-05-26 00:00:00+05:30,430.32130894917486,435.5254109103499,428.8484465112427,434.8871765136719,13107662,0.0,0.0
2025-05-27 00:00:00+05:30,434.8871621282408,436.1636608448351,423.0551795877558,426.04998779296875,26986022,0.0,0.0
2025-05-28 00:00:00+05:30,417.70001220703125,422.6000061035156,413.0,420.20001220703125,431851622,7.85,0.0
2025-05-29 00:00:00+05:30,422.0,422.79998779296875,416.6000061035156,418.75,21478547,0.0,0.0
