timestamp,Open,High,Low,Close,Volume,Dividends,Stock Splits
2020-06-01 00:00:00+05:30,174.7521801895048,185.3488492722585,173.96207157374022,180.28289794921875,17324578,0.0,0.0
2020-06-02 00:00:00+05:30,181.25891565157136,183.8151311287089,176.93659333637555,178.6097412109375,14155546,0.0,0.0
2020-06-03 00:00:00+05:30,181.25891544453162,183.86161040044445,178.05202977722226,179.12098693847656,11567639,0.0,0.0
2020-06-04 00:00:00+05:30,179.39986991882324,181.44483969258727,176.42536714029848,178.4703369140625,10238285,0.0,0.0
2020-06-05 00:00:00+05:30,182.14196737376756,188.1374516912179,180.37586055216232,183.16445922851562,26006736,0.0,0.0
2020-06-08 00:00:00+05:30,187.76562671827702,187.76562671827702,178.70268186430079,181.21241760253906,13522911,0.0,0.0
2020-06-09 00:00:00+05:30,182.1419842598388,184.88410370909418,175.30992537951255,176.65774536132812,8055268,0.0,0.0
2020-06-10 00:00:00+05:30,174.75220421382315,178.37737724483964,171.54531819660886,177.49432373046875,11823033,0.0,0.0
2020-06-11 00:00:00+05:30,174.7521855230819,177.40135996639825,170.61576694714375,171.63824462890625,6481994,0.0,0.0
2020-06-12 00:00:00+05:30,164.52732332732538,176.7971547726539,163.08654449537678,175.63523864746094,9000558,0.0,0.0
2020-06-15 00:00:00+05:30,172.84663575378556,173.31140219258765,167.26943848816057,170.80166625976562,12059372,0.0,0.0
2020-06-16 00:00:00+05:30,175.68173289741077,182.1419842598388,172.66075071795794,176.65774536132812,23464025,0.0,0.0
2020-06-17 00:00:00+05:30,175.44932926946632,180.74766379347741,172.70721013878517,178.3308868408203,11912711,0.0,0.0
2020-06-18 00:00:00+05:30,175.68171324805348,180.37585710012073,174.75218037372517,179.7716522216797,8868746,0.0,0.0
2020-06-19 00:00:00+05:30,181.351859686939,183.44330854152855,179.12097239858298,180.6082305908203,18204886,0.0,0.0
2020-06-22 00:00:00+05:30,181.16595937158186,185.81362394431147,179.39985250736328,184.00103759765625,11091702,0.0,0.0
2020-06-23 00:00:00+05:30,184.14047709850718,189.53175668688183,184.14047709850718,187.4403076171875,14850064,0.0,0.0
2020-06-24 00:00:00+05:30,192.36682659300237,193.11045573337805,178.79565506121756,180.23641967773438,19739136,0.0,0.0
2020-06-25 00:00:00+05:30,178.60974767659684,183.44333028245126,177.54079047542538,179.91110229492188,9502767,0.0,0.0
2020-06-26 00:00:00+05:30,181.8631228813878,183.58276457743094,178.0520461521875,179.07452392578125,6960491,0.0,0.0
2020-06-29 00:00:00+05:30,178.9350791324654,179.3533660911308,172.56777324056702,177.2619171142578,7560301,0.0,0.0
2020-06-30 00:00:00+05:30,177.6801819278878,181.81661406899903,174.56625568277312,176.0070343017578,11450934,0.0,0.0
2020-07-01 00:00:00+05:30,176.8901187357621,179.44633428343627,175.2634361145149,177.95907592773438,8343254,0.0,0.0
2020-07-02 00:00:00+05:30,178.7956548703604,181.2589113252076,176.65772641289234,180.74766540527344,9164240,0.0,0.0
2020-07-03 00:00:00+05:30,181.9096054858712,182.65323472349067,177.07603671666655,177.49432373046875,6610649,0.0,0.0
2020-07-06 00:00:00+05:30,180.50029520528932,183.41235367313507,178.95033738659274,182.0032958984375,10803795,2.0,0.0
2020-07-07 00:00:00+05:30,184.80334260375218,184.85080398664934,180.57954022315806,181.1490478515625,6564431,2.0,0.0
2020-07-08 00:00:00+05:30,181.29140943090772,191.73227594263537,181.29140943090772,185.42030334472656,22609621,0.0,0.0
2020-07-09 00:00:00+05:30,186.36948095428937,192.4441613898458,186.13218852347575,187.41355895996094,14801828,0.0,0.0
2020-07-10 00:00:00+05:30,186.0372578101436,186.0372578101436,181.2914093966195,183.47450256347656,10893405,0.0,0.0
2020-07-13 00:00:00+05:30,185.46773772554985,189.64409273829662,185.32536807599737,188.31524658203125,11050735,0.0,0.0
2020-07-14 00:00:00+05:30,187.9356035863383,188.3152656790991,181.9083701022921,184.18638610839844,7233291,0.0,0.0
2020-07-15 00:00:00+05:30,186.0372718442999,189.6915811916568,183.5694246898276,184.99317932128906,9389574,0.0,0.0
2020-07-16 00:00:00+05:30,184.13893334575377,191.63736865264346,182.81010147570635,190.9254913330078,13647306,0.0,0.0
2020-07-17 00:00:00+05:30,192.8712892360724,201.034154834174,192.34924297982505,196.2408447265625,23873501,0.0,0.0
2020-07-20 00:00:00+05:30,196.95270015262477,198.23408495893767,193.63060641511063,196.2882843017578,6380397,0.0,0.0
2020-07-21 00:00:00+05:30,197.4273048966287,200.03752166809855,193.77299562329858,199.27818298339844,5672048,0.0,0.0
2020-07-22 00:00:00+05:30,200.27481307614826,203.12232226680442,193.72554773091144,196.47813415527344,9323617,0.0,0.0
2020-07-23 00:00:00+05:30,196.38320188616618,199.80021854287935,195.00690874058282,198.70867919921875,5251159,0.0,0.0
2020-07-24 00:00:00+05:30,195.52895790658346,200.84431401187916,192.91874123550042,194.5797882080078,8215298,0.0,0.0
2020-07-27 00:00:00+05:30,191.77973838392003,197.90187997574225,189.9288603886966,196.4306640625,10548105,0.0,0.0
2020-07-28 00:00:00+05:30,197.52223490999666,204.78337785647878,196.9052658696512,203.97657775878906,9785198,0.0,0.0
2020-07-29 00:00:00+05:30,203.16977318084787,209.71903818860864,202.97994214122204,206.4918670654297,11276308,0.0,0.0
2020-07-30 00:00:00+05:30,207.53594688832393,210.66820976140295,202.31551359425222,203.45452880859375,6483799,0.0,0.0
2020-07-31 00:00:00+05:30,203.59690068880357,210.00379616502465,202.45789994522252,209.05462646484375,7306693,0.0,0.0
2020-08-03 00:00:00+05:30,209.7665094664336,213.99031185090894,207.53595481684408,209.33938598632812,9867115,0.0,0.0
2020-08-04 00:00:00+05:30,210.28855077772482,217.5971546004947,208.01053479865115,216.505615234375,9878205,0.0,0.0
2020-08-05 00:00:00+05:30,216.88527762042048,224.1938814532253,216.5530624303556,223.19725036621094,11076862,0.0,0.0
2020-08-06 00:00:00+05:30,223.05489271319237,227.75328010987658,220.6819683226265,227.32615661621094,10772820,0.0,0.0
2020-08-07 00:00:00+05:30,224.76336863996784,228.74987814249587,223.81419902111932,227.99053955078125,6794779,0.0,0.0
2020-08-10 00:00:00+05:30,228.7498946290991,233.82795824919967,226.4244317919538,232.7364044189453,6482352,0.0,0.0
2020-08-11 00:00:00+05:30,233.9703116280692,242.51283821895206,233.78048060046316,240.85179138183594,15124909,0.0,0.0
2020-08-12 00:00:00+05:30,239.190762205071,244.79085759040976,236.39071451240164,243.74676513671875,8055616,0.0,0.0
2020-08-13 00:00:00+05:30,244.98069166579302,250.5807867894057,242.8450599602015,245.4552764892578,14516418,0.0,0.0
2020-08-14 00:00:00+05:30,245.83493440877268,253.7130307588811,244.45862685739257,251.86216735839844,13200307,0.0,0.0
2020-08-17 00:00:00+05:30,253.33336388156116,257.4622574908144,249.8214536937592,255.89613342285156,10757867,0.0,0.0
2020-08-18 00:00:00+05:30,256.8453279489022,265.0081932046223,253.7605264078608,263.0623779296875,10683706,0.0,0.0
2020-08-19 00:00:00+05:30,263.86917309246775,265.6725897052234,260.2623398669565,264.3912048339844,10287307,0.0,0.0
2020-08-20 00:00:00+05:30,259.1233247047709,270.0387761117484,257.36735498950685,268.2828063964844,11325005,0.0,0.0
2020-08-21 00:00:00+05:30,269.8964309008716,273.36089478103935,266.09975180669056,267.5709533691406,10884179,0.0,0.0
2020-08-24 00:00:00+05:30,269.7065728834471,272.64900483859805,268.2353713890523,271.2252502441406,9488675,0.0,0.0
2020-08-25 00:00:00+05:30,271.98455063723566,272.64898097637615,265.90987069247853,270.4184265136719,7787006,0.0,0.0
2020-08-26 00:00:00+05:30,270.9879743473216,272.2693593537952,268.7574195532917,271.65240478515625,5278655,0.0,0.0
2020-08-27 00:00:00+05:30,270.8456146954607,275.97112594466836,269.3743840904857,274.5948181152344,5931448,0.0,0.0
2020-08-28 00:00:00+05:30,270.9879487643915,275.021919980674,265.81496232402617,266.43194580078125,11914490,0.0,0.0
2020-08-31 00:00:00+05:30,266.7166800176364,267.42855727746996,254.8046121229656,256.0859680175781,19774736,0.0,0.0
2020-09-01 00:00:00+05:30,256.0859776310032,273.83546289570967,255.37410034444588,272.22186279296875,13679100,0.0,0.0
2020-09-02 00:00:00+05:30,273.8354563534056,279.0558896634359,270.56080932693345,278.1067199707031,11710724,0.0,0.0
2020-09-03 00:00:00+05:30,278.10672706664803,280.81186655323063,276.06601796847553,278.48638916015625,6425365,0.0,0.0
2020-09-04 00:00:00+05:30,271.50998799192706,276.4456821437855,266.2895545093835,267.9980773925781,8443061,0.0,0.0
2020-09-07 00:00:00+05:30,266.7166702243878,273.12356532764267,264.67596128106726,271.9371032714844,8634438,0.0,0.0
2020-09-08 00:00:00+05:30,271.4625489119775,273.74055052216227,264.2488530077574,266.85906982421875,7609074,0.0,0.0
2020-09-09 00:00:00+05:30,259.31315780568855,273.83544174313084,258.6012805741206,272.2693176269531,14099249,0.0,0.0
2020-09-10 00:00:00+05:30,274.6422908192114,275.4965378565014,264.29634566455695,270.8456115722656,9369826,0.0,0.0
2020-09-11 00:00:00+05:30,269.51674043710847,274.3100357028109,268.3302783449683,273.1710205078125,6485991,0.0,0.0
2020-09-14 00:00:00+05:30,272.5066350512956,279.00845348970006,271.082880457471,275.1168518066406,7275752,0.0,0.0
2020-09-15 00:00:00+05:30,276.1609319897259,279.5779196894732,274.0727470920047,274.8795471191406,6682215,0.0,0.0
2020-09-16 00:00:00+05:30,274.3100594461078,276.87282937349863,271.7472895187169,273.97784423828125,6090447,0.0,0.0
2020-09-17 00:00:00+05:30,271.4625176379044,274.1201810492145,268.75737836467454,272.2693176269531,5287608,0.0,0.0
2020-09-18 00:00:00+05:30,270.79811084526403,278.62876107331317,269.9913397524328,273.0761413574219,9911089,0.0,0.0
2020-09-21 00:00:00+05:30,274.6897129433067,275.5439599035345,256.3232729497829,257.5097351074219,7522304,0.0,0.0
2020-09-22 00:00:00+05:30,255.61137673432617,261.1640250143306,249.3468801787921,258.0792236328125,13246982,0.0,0.0
2020-09-23 00:00:00+05:30,260.92675694383337,260.92675694383337,250.24859731927012,254.5673370361328,8444261,0.0,0.0
2020-09-24 00:00:00+05:30,249.67906990808225,251.48251545273342,244.45863672724042,245.40780639648438,7984730,0.0,0.0
2020-09-25 00:00:00+05:30,247.82819133764045,256.70293299778234,245.6450838515368,254.7096710205078,6842615,0.0,0.0
2020-09-28 00:00:00+05:30,257.1775183356653,264.6284766277224,255.46899565174127,262.91998291015625,5470078,0.0,0.0
2020-09-29 00:00:00+05:30,262.9200079618544,272.2218594728776,262.01828515666847,269.65911865234375,11242724,0.0,0.0
2020-09-30 00:00:00+05:30,268.8048525589219,270.46589942227524,261.0216499555229,263.6318664550781,6288603,0.0,0.0
2020-10-01 00:00:00+05:30,267.1438391910561,272.0795045383429,264.10648438783176,267.71331787109375,4873599,0.0,0.0
2020-10-05 00:00:00+05:30,269.84895443984857,277.1575732666442,268.0930135357357,275.3541564941406,9269669,0.0,0.0
2020-10-06 00:00:00+05:30,277.8694201199398,280.0050518715021,272.1269552189494,276.54058837890625,9592838,0.0,0.0
2020-10-07 00:00:00+05:30,275.2592208735409,278.86605425016694,272.601557224065,276.6355285644531,8126575,0.0,0.0
2020-10-08 00:00:00+05:30,276.68295753499234,283.2322224346585,273.02864852899415,278.05926513671875,11623030,0.0,0.0
2020-10-09 00:00:00+05:30,278.24910165640296,283.1847958584629,276.2558394222495,277.1575622558594,7301282,0.0,0.0
2020-10-12 00:00:00+05:30,279.910135674943,279.910135674943,265.15055858793414,270.6557312011719,10299648,0.0,0.0
2020-10-13 00:00:00+05:30,270.513359952056,276.30330081798604,269.5167433703556,275.2117614746094,7541780,0.0,0.0
2020-10-14 00:00:00+05:30,274.5472975484404,277.15751386048265,270.9879116683828,275.8761291503906,6525761,0.0,0.0
2020-10-15 00:00:00+05:30,276.9677001340698,282.5678244008917,274.49988214720696,276.73040771484375,10663375,0.0,0.0
2020-10-16 00:00:00+05:30,276.68297101413725,296.5680880646479,275.97109373022437,295.2392272949219,19877383,0.0,0.0
2020-10-19 00:00:00+05:30,298.229158219663,301.9309145902006,292.0595546133127,297.5647277832031,18884145,0.0,0.0
2020-10-20 00:00:00+05:30,294.24260870414537,303.5444602314741,292.9137769097214,302.5003967285156,10739805,0.0,0.0
2020-10-21 00:00:00+05:30,304.44617788964456,307.81571870063203,298.75115975297155,306.53436279296875,11914326,0.0,0.0
2020-10-22 00:00:00+05:30,305.63264842699937,310.42594390429457,303.25972413796984,308.9547424316406,8493745,0.0,0.0
2020-10-23 00:00:00+05:30,309.4293325936284,310.6632416585308,303.63939143587413,304.9207763671875,7402260,0.0,0.0
2020-10-26 00:00:00+05:30,298.03927651064987,299.74777033085496,288.8797949844066,292.6289978027344,15424754,0.0,0.0
2020-10-27 00:00:00+05:30,292.6764641027748,296.56806541759335,287.74077039134266,293.2459716796875,7123843,0.0,0.0
2020-10-28 00:00:00+05:30,293.34088400781917,299.1308249673285,288.5475886124784,290.3035583496094,8888276,0.0,0.0
2020-10-29 00:00:00+05:30,287.408552195297,292.86627756433785,284.371226761037,291.2052307128906,6945269,0.0,0.0
2020-10-30 00:00:00+05:30,290.9205023509399,296.9951824142619,288.5475781882079,293.2934265136719,7786860,0.0,0.0
2020-11-02 00:00:00+05:30,295.61893367828196,296.140965460337,290.96797867584706,293.62567138671875,7660136,0.0,0.0
2020-11-03 00:00:00+05:30,296.04602026054675,300.0325445416276,295.1917733335609,298.75115966796875,5951181,0.0,0.0
2020-11-04 00:00:00+05:30,298.75117156869754,302.50040357683497,295.90366238774095,301.693603515625,7627927,0.0,0.0
2020-11-05 00:00:00+05:30,305.8225046146241,312.1819245510333,301.55124074551685,311.0429382324219,6640466,0.0,0.0
2020-11-06 00:00:00+05:30,310.2361684909875,313.84300230218156,305.91742833229574,309.85650634765625,6994007,0.0,0.0
2020-11-09 00:00:00+05:30,313.2259947094925,317.2125189559755,309.6666084059756,316.1684265136719,6297158,0.0,0.0
2020-11-10 00:00:00+05:30,316.07351901779333,320.48715245404884,313.5582250350982,317.7820129394531,6004813,0.0,0.0
2020-11-11 00:00:00+05:30,318.9210159669037,327.2262507577085,315.124337205393,325.3279113769531,9211868,0.0,0.0
2020-11-12 00:00:00+05:30,326.2770613269693,326.8940157951159,317.97182703864644,320.8193359375,5061012,0.0,0.0
2020-11-13 00:00:00+05:30,319.91764885170267,326.75168255708843,317.25998516980917,325.75506591796875,5043441,0.0,0.0
2020-11-14 00:00:00+05:30,326.60931265917833,327.4161127298003,322.8126337069446,324.568603515625,975283,0.0,0.0
2020-11-17 00:00:00+05:30,326.4194484706408,332.6839741770906,322.3380304167811,323.6194152832031,7389747,0.0,0.0
2020-11-18 00:00:00+05:30,321.7210832434376,328.41271808020383,321.151575626905,325.185546875,4844406,0.0,0.0
2020-11-19 00:00:00+05:30,322.62277988101056,328.7449361206856,312.4192054591261,314.3650207519531,7370265,0.0,0.0
2020-11-20 00:00:00+05:30,315.12433659559275,321.7685244153793,312.56156684998814,319.0633850097656,5918276,0.0,0.0
2020-11-23 00:00:00+05:30,321.05667717380936,324.90080318535416,318.92104517487047,320.58209228515625,4559744,0.0,0.0
2020-11-24 00:00:00+05:30,321.67358272735595,324.85330679015874,317.11758007695914,323.52447509765625,5014303,0.0,0.0
2020-11-25 00:00:00+05:30,326.03978138858093,328.31778280151747,319.87017853843315,321.056640625,6195795,0.0,0.0
2020-11-26 00:00:00+05:30,321.293947817322,343.78928159964346,318.9210235350671,340.9417724609375,10967276,0.0,0.0
2020-11-27 00:00:00+05:30,342.9349911506266,343.5994215080424,329.9788309118964,332.39923095703125,14338746,0.0,0.0
2020-12-01 00:00:00+05:30,336.48069591667723,340.75196003973804,333.96540172636975,339.9451599121094,6475456,0.0,0.0
2020-12-02 00:00:00+05:30,338.85360384521493,351.9046880269284,337.95188098793346,349.67413330078125,11048627,0.0,0.0
2020-12-03 00:00:00+05:30,351.1927727529587,355.2741906875981,349.00969413049745,351.99957275390625,7385497,0.0,0.0
2020-12-04 00:00:00+05:30,354.04029572720117,357.0776503333888,344.73844431608694,351.57244873046875,7570516,0.0,0.0
2020-12-07 00:00:00+05:30,351.9521024371612,354.23013282075834,343.8841602332737,346.4469299316406,6085158,0.0,0.0
2020-12-08 00:00:00+05:30,347.87070943587713,348.53513983989825,339.3756286830266,344.2164001464844,5311652,0.0,0.0
2020-12-09 00:00:00+05:30,349.29441859355,349.53171099748585,340.8468148067058,343.45703125,6923848,0.0,0.0
2020-12-10 00:00:00+05:30,343.59941596277446,347.82323252455114,338.18913732930315,343.8841552734375,6429901,0.0,0.0
2020-12-11 00:00:00+05:30,345.11806689648125,348.06049840322885,339.4230493865273,341.36883544921875,4518654,0.0,0.0
2020-12-14 00:00:00+05:30,345.45031144842505,346.35200525110366,338.1891403320942,339.3281555175781,4927085,0.0,0.0
2020-12-15 00:00:00+05:30,339.802743345996,348.3452704133535,335.5314798123173,347.3011779785156,5978528,0.0,0.0
2020-12-16 00:00:00+05:30,351.1927604993519,353.56568455677996,345.97232757301015,351.76226806640625,7762252,0.0,0.0
2020-12-17 00:00:00+05:30,351.1453545184421,354.3725258192864,345.54522991732694,347.5859680175781,4501529,0.0,0.0
2020-12-18 00:00:00+05:30,349.57919473188446,350.19617822022434,339.5180189178015,345.6876220703125,5666541,0.0,0.0
2020-12-21 00:00:00+05:30,343.2197746228337,349.6741170961373,326.51438185113153,335.531494140625,7345501,0.0,0.0
2020-12-22 00:00:00+05:30,335.7687686050141,345.4977576600004,328.55507336609384,343.5519714355469,7273802,0.0,0.0
2020-12-23 00:00:00+05:30,342.6502628205229,349.00971141786357,339.5654612854351,348.2029113769531,4499725,0.0,0.0
2020-12-24 00:00:00+05:30,349.1995164993502,359.68785875367934,346.4469302441073,347.6333923339844,8104991,0.0,0.0
2020-12-28 00:00:00+05:30,350.9080432825138,369.2270065721727,350.0537673949915,366.9490051269531,11720459,0.0,0.0
2020-12-29 00:00:00+05:30,369.84399383361057,369.84399383361057,358.88109461381526,362.39300537109375,8144640,0.0,0.0
2020-12-30 00:00:00+05:30,363.3421488856444,368.18292013975287,359.40310043137316,366.47442626953125,4637174,0.0,0.0
2020-12-31 00:00:00+05:30,366.28455574906394,373.87791281653915,363.5319696053759,367.51849365234375,7375061,0.0,0.0
2021-01-01 00:00:00+05:30,367.5659412640401,371.59991221400054,365.0506475238071,369.89141845703125,4461761,0.0,0.0
2021-01-04 00:00:00+05:30,372.0745313288183,384.50866049047704,371.2202843715907,382.6103210449219,8872723,0.0,0.0
2021-01-05 00:00:00+05:30,379.66785756641366,380.6170272103297,371.69483835079075,375.1593017578125,6190435,0.0,0.0
2021-01-06 00:00:00+05:30,377.01023033307365,386.6442973501671,375.6339226307625,381.281494140625,7910567,0.0,0.0
2021-01-07 00:00:00+05:30,383.46453377849554,392.101983278164,382.65773379286804,384.7933654785156,10231006,0.0,0.0
2021-01-08 00:00:00+05:30,389.44431318563085,389.5867118125719,378.244122402417,382.3730163574219,7559664,0.0,0.0
2021-01-11 00:00:00+05:30,382.373036719231,384.36629897258655,372.69149375513933,378.76617431640625,4822618,0.0,0.0
2021-01-12 00:00:00+05:30,378.6712745102103,391.9596507000369,376.8678288542162,379.2407531738281,6708618,0.0,0.0
2021-01-13 00:00:00+05:30,381.13909574005197,386.6917444865321,374.1152454899503,382.46795654296875,6885599,0.0,0.0
2021-01-14 00:00:00+05:30,383.7967650173525,385.03067401196677,373.97285305870594,376.2508544921875,4886430,0.0,0.0
2021-01-15 00:00:00+05:30,377.76955311955135,382.08826381113226,371.31521053219404,374.1627197265625,7329969,0.0,0.0
2021-01-18 00:00:00+05:30,373.4982504769019,373.97283529326387,356.4131970878695,363.62689208984375,10605461,0.0,0.0
2021-01-19 00:00:00+05:30,366.5693528429223,377.53225138457884,362.20316639253116,375.30169677734375,5842513,0.0,0.0
2021-01-20 00:00:00+05:30,374.92199976386746,382.42043396587326,373.4507984399449,380.5220947265625,5604951,0.0,0.0
2021-01-21 00:00:00+05:30,382.04081421645867,384.4137385283621,369.17957603248635,373.3084411621094,7085945,0.0,0.0
2021-01-22 00:00:00+05:30,375.871232076918,377.24753984152255,353.2810029477292,356.3183288574219,8779405,0.0,0.0
2021-01-25 00:00:00+05:30,368.2778597271875,374.87460101760837,352.5691120908328,363.0099792480469,17874949,0.0,0.0
2021-01-27 00:00:00+05:30,361.25398544767916,362.5828172043708,352.6639824770267,357.1250915527344,8576326,0.0,0.0
2021-01-28 00:00:00+05:30,352.1419585651888,361.4912858998817,350.81312677896966,357.17254638671875,6969457,0.0,0.0
2021-01-29 00:00:00+05:30,362.63027348431666,363.10485833586864,344.73844775389585,348.2029113769531,7981367,0.0,0.0
2021-02-01 00:00:00+05:30,347.87071088207057,364.8608434920426,345.16557132068385,361.4913024902344,6141212,0.0,0.0
2021-02-02 00:00:00+05:30,365.0981563738425,371.789820817948,357.5522738726556,369.22705078125,7450391,0.0,0.0
2021-02-03 00:00:00+05:30,366.569352317523,378.19668122470705,365.14559775745965,372.92877197265625,6063017,0.0,0.0
2021-02-04 00:00:00+05:30,372.9287864104506,381.5662368691693,370.60333791880134,379.95263671875,6283280,0.0,0.0
2021-02-05 00:00:00+05:30,382.51539718755714,385.9324139730755,369.36939077133786,381.7560729980469,9008833,0.0,0.0
2021-02-08 00:00:00+05:30,383.9865865967229,397.93939262967416,380.80689130753456,396.42071533203125,9008722,0.0,0.0
2021-02-09 00:00:00+05:30,395.8037678865138,398.6512770079995,381.4238526162831,385.7900390625,7961747,0.0,0.0
2021-02-10 00:00:00+05:30,389.1595826755554,392.90881463177885,379.6678855371272,389.8714599609375,8008124,0.0,0.0
2021-02-11 00:00:00+05:30,387.4510691921011,394.3799961663623,384.3662677780441,388.0680236816406,3598146,0.0,0.0
2021-02-12 00:00:00+05:30,387.1188431392611,390.0137989522647,382.13570253348337,383.2746887207031,4667663,0.0,0.0
2021-02-15 00:00:00+05:30,384.5086413226865,387.11885793020537,380.6170398600228,383.1798095703125,4678133,0.0,0.0
2021-02-16 00:00:00+05:30,383.179843461001,400.45471570247446,383.179843461001,386.9290466308594,10594928,0.0,0.0
2021-02-17 00:00:00+05:30,385.6951046419969,390.1087378536384,380.6170410688783,387.9256591796875,5486323,0.0,0.0
2021-02-18 00:00:00+05:30,389.15960135874906,393.66815771595407,385.36292232110276,386.9290466308594,5889983,0.0,0.0
2021-02-19 00:00:00+05:30,387.35617630265483,387.6409156378274,371.0779210710903,375.53900146484375,4527644,0.0,0.0
2021-02-22 00:00:00+05:30,376.01357451375975,392.81388995347703,376.01357451375975,385.45782470703125,9371697,0.0,0.0
2021-02-23 00:00:00+05:30,389.1595639581047,395.0444274874296,385.45780804543364,391.6274108886719,8127742,0.0,0.0
2021-02-24 00:00:00+05:30,393.9054049314641,404.9157786698081,379.6678601749052,387.35614013671875,10570509,0.0,0.0
2021-02-25 00:00:00+05:30,390.10874272353846,403.3971183880872,389.1595730332135,400.31231689453125,9051315,0.0,0.0
2021-02-26 00:00:00+05:30,391.10537650798096,399.88519652951805,372.1219818668197,375.34918212890625,11433748,0.0,0.0
2021-03-01 00:00:00+05:30,382.1357426451194,387.6883914105311,373.35592256096743,384.5086669921875,5834233,0.0,0.0
2021-03-02 00:00:00+05:30,386.1222363266599,393.85799283429344,380.617063454265,392.2918395996094,5055665,0.0,0.0
2021-03-03 00:00:00+05:30,394.1901868072961,412.88884252665736,394.1901868072961,406.38702392578125,11903775,0.0,0.0
2021-03-04 00:00:00+05:30,394.0003782683778,399.9801362472222,390.1562233108098,393.05120849609375,8655068,0.0,0.0
2021-03-05 00:00:00+05:30,393.05120295868204,393.05120295868204,382.04082796203176,385.7425842285156,7045618,0.0,0.0
2021-03-08 00:00:00+05:30,391.0104983346134,394.38003943153876,385.83751150161373,387.118896484375,4176709,0.0,0.0
2021-03-09 00:00:00+05:30,391.0579129548409,393.6681296068453,376.6305220553998,381.1865539550781,5477847,0.0,0.0
2021-03-10 00:00:00+05:30,385.8849422338729,394.19017737328664,382.98998614325035,392.9562683105469,6536253,0.0,0.0
2021-03-12 00:00:00+05:30,396.89530561720477,406.67177094040966,392.95625714202424,397.4648132324219,13448994,0.0,0.0
2021-03-15 00:00:00+05:30,401.4038349112898,409.80399201748503,393.8104777922628,407.81072998046875,10146579,0.0,0.0
2021-03-16 00:00:00+05:30,411.8922164931434,411.8922164931434,398.0343326225895,404.2988586425781,8103798,0.0,0.0
2021-03-17 00:00:00+05:30,404.2988475088758,404.2988475088758,396.27835191354245,401.0242004394531,4738590,0.0,0.0
2021-03-18 00:00:00+05:30,405.2954528555518,410.65825574760504,398.74618786497524,401.6411437988281,6837030,0.0,0.0
2021-03-19 00:00:00+05:30,398.74617530545186,423.6144027273959,389.15955605806676,418.15667724609375,11116495,0.0,0.0
2021-03-22 00:00:00+05:30,418.58383459239195,426.1771921360181,414.5973102954441,422.6652526855469,7010923,0.0,0.0
2021-03-23 00:00:00+05:30,422.38052485262386,424.5161567198562,417.1600913993892,419.3431701660156,5066287,0.0,0.0
2021-03-24 00:00:00+05:30,414.78716956880794,420.62455758068023,409.66165885024594,415.119384765625,7803892,0.0,0.0
2021-03-25 00:00:00+05:30,414.8346053244861,419.7228524469894,406.7192159853025,415.736328125,10870751,0.0,0.0
2021-03-26 00:00:00+05:30,421.0516961805233,429.2620085158573,414.0278460025024,422.57037353515625,12165673,0.0,0.0
2021-03-30 00:00:00+05:30,431.8722176254172,446.2996087897776,429.2145540265743,443.68939208984375,17646211,0.0,0.0
2021-03-31 00:00:00+05:30,443.5944573596064,449.71658443812544,437.85196339484054,444.6385498046875,7635784,0.0,0.0
2021-04-01 00:00:00+05:30,446.6317822471957,486.8765999342578,446.1097505086763,482.89007568359375,35736230,0.0,0.0
2021-04-05 00:00:00+05:30,487.3986640377321,495.4666068699049,477.62222725117334,491.1953430175781,29711225,0.0,0.0
2021-04-06 00:00:00+05:30,496.41574264094555,513.7855361984347,494.18521706602917,510.1312561035156,26533367,0.0,0.0
2021-04-07 00:00:00+05:30,511.83978846427925,537.6572172900052,506.09732305460915,533.7181396484375,20024702,0.0,0.0
2021-04-08 00:00:00+05:30,542.9250508924491,606.5194187417395,534.6198162852656,582.8850708007812,72006147,0.0,0.0
2021-04-09 00:00:00+05:30,586.586878090089,598.7836856345696,567.6034839771412,589.4343872070312,51062079,0.0,0.0
2021-04-12 00:00:00+05:30,578.0443680055573,590.1462821140481,567.034022264255,573.44091796875,27047004,0.0,0.0
2021-04-13 00:00:00+05:30,576.1459344978056,600.6344980513674,573.2984257605841,598.3090209960938,26091257,0.0,0.0
2021-04-15 00:00:00+05:30,605.5702529131652,611.2652709656401,584.6885200540905,597.1226196289062,24006650,0.0,0.0
2021-04-16 00:00:00+05:30,599.780393463534,603.5770724968648,585.5902939899149,587.915771484375,14389029,0.0,0.0
2021-04-19 00:00:00+05:30,569.501788385618,593.7056143920069,564.8508339407151,584.4986572265625,17044636,0.0,0.0
2021-04-20 00:00:00+05:30,591.1428724082984,597.9769057751298,582.2207120658891,589.0546875,13626064,0.0,0.0
2021-04-22 00:00:00+05:30,584.4037917273855,617.9094703129573,580.5121612253828,608.1804809570312,22859059,0.0,0.0
2021-04-23 00:00:00+05:30,608.4177438433165,619.6179340935142,594.0378005154304,603.1024169921875,17931094,0.0,0.0
2021-04-26 00:00:00+05:30,609.3669840749242,627.1164701197262,605.8075974857015,622.4655151367188,16506538,0.0,0.0
2021-04-27 00:00:00+05:30,627.0689831171987,636.2758828263584,624.5536602485805,632.0521240234375,15799458,0.0,0.0
2021-04-28 00:00:00+05:30,635.7064281166798,641.6387389427033,617.5773094054412,628.9673461914062,15558949,0.0,0.0
2021-04-29 00:00:00+05:30,637.8420294218857,691.8498077647733,634.0927975731148,689.57177734375,56816962,0.0,0.0
2021-04-30 00:00:00+05:30,683.0224971806084,702.3855823537184,675.2867988372915,681.3614501953125,36449711,0.0,0.0
2021-05-03 00:00:00+05:30,677.7071796078358,692.893895117255,674.4799793889953,686.4869995117188,16906171,0.0,0.0
2021-05-04 00:00:00+05:30,690.9480786132788,700.0126374506724,675.0969334058179,679.0360107421875,13790054,0.0,0.0
2021-05-05 00:00:00+05:30,686.2496426292587,695.7413389311848,676.8528401172651,681.2190551757812,12284261,0.0,0.0
2021-05-06 00:00:00+05:30,684.636098018481,704.2839225383734,681.5038495721726,692.7040405273438,18365325,0.0,0.0
2021-05-07 00:00:00+05:30,700.487222046935,727.7284033797486,699.3007599499721,718.4739990234375,26586556,0.0,0.0
2021-05-10 00:00:00+05:30,726.9690654815155,733.7081468917808,717.6197095745571,720.0875854492188,15105182,0.0,0.0
2021-05-11 00:00:00+05:30,703.33475195911,716.4332823118853,693.4159169475014,696.9278564453125,16277517,0.0,0.0
2021-05-12 00:00:00+05:30,702.3856235354451,704.1890692554504,664.4188330740698,671.9172973632812,14410802,0.0,0.0
2021-05-14 00:00:00+05:30,673.8630664596639,684.8259653369329,644.5336984093587,671.1578979492188,26344309,0.0,0.0
2021-05-17 00:00:00+05:30,671.9172500121524,685.6802105845022,658.7712149816894,678.0868530273438,12706884,0.0,0.0
2021-05-18 00:00:00+05:30,687.0565244115738,693.9380053399275,675.6664870129194,680.9818725585938,9477286,0.0,0.0
2021-05-19 00:00:00+05:30,676.8054075806319,683.7343344414909,668.3103276236428,669.9713745117188,6562006,0.0,0.0
2021-05-20 00:00:00+05:30,662.5204582461528,667.645997858395,648.4727581105724,659.1983642578125,10104850,0.0,0.0
2021-05-21 00:00:00+05:30,665.7001770837618,670.0189457671028,659.6729723797129,662.7103271484375,7340528,0.0,0.0
2021-05-24 00:00:00+05:30,661.5712838574038,661.5712838574038,637.7471474539918,646.8117065429688,22332409,0.0,0.0
2021-05-25 00:00:00+05:30,653.9779099412667,678.1817367968579,653.0761871581419,665.1781005859375,22058890,0.0,0.0
2021-05-26 00:00:00+05:30,651.4151320388746,655.8762410682851,639.3132187630126,647.5235595703125,18721303,0.0,0.0
2021-05-27 00:00:00+05:30,650.0864204919659,659.0560287737055,643.5371256857895,647.19140625,15110958,0.0,0.0
2021-05-28 00:00:00+05:30,662.3306012080282,672.7714678470942,651.320255925374,654.7372436523438,12698590,0.0,0.0
2021-05-31 00:00:00+05:30,658.723838808124,677.8970802850499,651.0830335324138,674.7648315429688,11685565,0.0,0.0
2021-06-01 00:00:00+05:30,680.0800978988087,680.5072358552825,652.5541762811318,659.1983642578125,14156453,0.0,0.0
2021-06-02 00:00:00+05:30,661.5712806871207,673.0087639818962,661.144142735714,670.1612548828125,9653111,0.0,0.0
2021-06-03 00:00:00+05:30,673.9104903718982,684.208958495338,667.3137493373473,677.8020629882812,8329454,0.0,0.0
2021-06-04 00:00:00+05:30,672.0595940114256,689.0972017006229,667.3137455148649,684.5411987304688,9653847,0.0,0.0
2021-06-07 00:00:00+05:30,685.8700144874999,693.6057708559026,676.5681628453234,679.3682250976562,6872666,0.0,0.0
2021-06-08 00:00:00+05:30,677.9919403651999,677.9919403651999,656.8254665415194,671.53759765625,8230750,0.0,0.0
2021-06-09 00:00:00+05:30,669.164699944217,677.0902444938699,658.2966942947479,662.3781127929688,6922786,0.0,0.0
2021-06-10 00:00:00+05:30,665.65268662487,682.453001588488,664.4187776243972,669.9239501953125,8543092,0.0,0.0
2021-06-11 00:00:00+05:30,677.7071674821522,696.7854553264184,668.9273477353595,694.0328979492188,11372473,0.0,0.0
2021-06-14 00:00:00+05:30,695.4092523848504,699.7279632345485,678.3241965931195,692.087158203125,10470356,0.0,0.0
2021-06-15 00:00:00+05:30,690.9955964787318,695.1719666635067,680.5547289495203,688.2429809570312,5124845,0.0,0.0
2021-06-16 00:00:00+05:30,683.4022278956093,691.8498619412977,667.7883737411717,669.5443725585938,9016464,0.0,0.0
2021-06-17 00:00:00+05:30,666.4120718767995,674.8597059969684,658.2017881316895,660.954345703125,5639158,0.0,0.0
2021-06-18 00:00:00+05:30,660.1474692161997,661.001745045353,622.7501630997369,636.5131225585938,13505600,0.0,0.0
2021-06-21 00:00:00+05:30,623.5096120004856,641.9234698017466,613.306037514423,638.7437744140625,8187341,0.0,0.0
2021-06-22 00:00:00+05:30,641.6386960992456,647.8082989463538,639.0284795100846,640.9268188476562,5398107,0.0,0.0
2021-06-23 00:00:00+05:30,644.4862773158692,650.1812959666721,630.3911293282221,631.6724853515625,6059813,0.0,0.0
2021-06-24 00:00:00+05:30,635.5639879818738,646.8591302301467,631.1029368781859,644.4862060546875,6985183,0.0,0.0
2021-06-25 00:00:00+05:30,650.1811903192134,666.6492600688107,650.1811903192134,654.4524536132812,9066409,0.0,0.0
2021-06-28 00:00:00+05:30,657.6797075370105,665.7001451464913,648.0456119201441,660.005126953125,5669654,0.0,0.0
2021-06-29 00:00:00+05:30,659.6729435851511,661.0966981396514,648.85238579786,651.0355224609375,4377422,0.0,0.0
2021-06-30 00:00:00+05:30,652.1270569465001,662.5204771647846,647.950744858677,649.13720703125,6112824,0.0,0.0
2021-07-01 00:00:00+05:30,652.8388157779073,654.9270004092328,645.0556137517187,645.9573364257812,4133198,0.0,0.0
2021-07-02 00:00:00+05:30,646.4320169418684,648.2354625570741,633.5707790069972,637.1776123046875,5499982,0.0,0.0
2021-07-05 00:00:00+05:30,645.036914770154,646.9538149626359,636.8421781471242,644.7973022460938,5427717,6.5,0.0
2021-07-06 00:00:00+05:30,644.7973216479628,653.3754619672646,641.6344479350274,645.1807250976562,4790854,0.0,0.0
2021-07-07 00:00:00+05:30,643.8867818452245,665.1643863058473,641.203133196847,661.7139892578125,8536360,0.0,0.0
2021-07-08 00:00:00+05:30,659.4137044636177,662.7203691872851,638.9508171215671,640.4843139648438,7099529,0.0,0.0
2021-07-09 00:00:00+05:30,643.1200520484681,655.1965005650666,642.161601896384,653.231689453125,7814242,0.0,0.0
2021-07-12 00:00:00+05:30,656.5383377150853,674.5092776160457,652.5607462840114,665.595703125,11632489,0.0,0.0
2021-07-13 00:00:00+05:30,668.9981433617787,674.2696187034546,665.1643431132871,672.2568969726562,6832695,0.0,0.0
2021-07-14 00:00:00+05:30,674.7488588151616,676.5219680700583,665.356059696258,671.2984619140625,5996797,0.0,0.0
2021-07-15 00:00:00+05:30,670.91505767303,678.5347475278609,667.1291681477592,670.0524291992188,4735495,0.0,0.0
2021-07-16 00:00:00+05:30,674.2695958771601,677.6241709810265,671.5859474938964,674.3654174804688,3590287,0.0,0.0
2021-07-19 00:00:00+05:30,668.0397382200142,682.7519242632184,665.1643878403012,669.381591796875,5377227,0.0,0.0
2021-07-20 00:00:00+05:30,668.6627936681673,668.998227832604,647.3372770932741,653.6630249023438,5829609,0.0,0.0
2021-07-22 00:00:00+05:30,661.2346860538169,692.5759546172931,660.4199684448987,686.77734375,9472817,0.0,0.0
2021-07-23 00:00:00+05:30,696.6973831474522,696.7932047553239,682.4164536255716,687.73583984375,8731309,0.0,0.0
2021-07-26 00:00:00+05:30,699.189342484463,699.189342484463,671.8735148479899,675.2760009765625,14645713,0.0,0.0
2021-07-27 00:00:00+05:30,680.3557517463687,688.0713215293121,674.0779155526908,681.12255859375,6840353,0.0,0.0
2021-07-28 00:00:00+05:30,682.4164623915784,695.2597169654623,672.3048256669266,691.7134399414062,8329455,0.0,0.0
2021-07-29 00:00:00+05:30,695.3555464921668,726.600996304973,693.0073320509088,717.3040771484375,18513875,0.0,0.0
2021-07-30 00:00:00+05:30,715.1475868674851,726.3614065729853,703.0710801474147,706.329833984375,9971622,0.0,0.0
2021-08-02 00:00:00+05:30,710.5949695220578,720.2273818963165,703.0231898850517,715.6747436523438,6971560,0.0,0.0
2021-08-03 00:00:00+05:30,715.003704074713,715.003704074713,698.1350073782387,709.54052734375,6939253,0.0,0.0
2021-08-04 00:00:00+05:30,710.2115300862276,722.6713814912491,705.802682988727,716.2018432617188,6680733,0.0,0.0
2021-08-05 00:00:00+05:30,716.2018465403843,733.5977394813071,709.7323082812372,731.5370483398438,8613347,0.0,0.0
2021-08-06 00:00:00+05:30,735.6104327770283,744.236483454544,724.3007335885601,725.8821411132812,8973665,0.0,0.0
2021-08-09 00:00:00+05:30,730.1951950937103,730.8182110667395,711.601298003438,716.2976684570312,5119564,0.0,0.0
2021-08-10 00:00:00+05:30,717.7833160203533,718.8375877493913,689.7006807929549,692.144775390625,6382357,0.0,0.0
2021-08-11 00:00:00+05:30,696.7931916833139,720.7544431167154,696.7931916833139,717.9749145507812,11909486,0.0,0.0
2021-08-12 00:00:00+05:30,721.7608581322098,722.9589207937728,710.5949492259342,717.7833251953125,3506281,0.0,0.0
2021-08-13 00:00:00+05:30,715.8664302944628,726.073889147882,701.9689033163203,717.9270629882812,5611264,0.0,0.0
2021-08-16 00:00:00+05:30,714.0453225186824,738.5816216109389,708.4863236539377,730.0035400390625,9095337,0.0,0.0
2021-08-17 00:00:00+05:30,727.0802123957346,730.7702803291459,705.2754729225666,713.3264770507812,6482187,0.0,0.0
2021-08-18 00:00:00+05:30,716.9206576087942,717.7832860777696,702.4480848454959,706.8090209960938,5905871,0.0,0.0
2021-08-20 00:00:00+05:30,692.0009639382602,692.0009639382602,653.1837353516958,656.1549072265625,13126219,0.0,0.0
2021-08-23 00:00:00+05:30,667.081306551966,671.5860339713289,636.410901653025,655.7716064453125,11781361,0.0,0.0
2021-08-24 00:00:00+05:30,661.4264038557716,668.0397330778678,654.6214314091588,662.9120483398438,8283854,0.0,0.0
2021-08-25 00:00:00+05:30,667.0812886384192,671.8735392751895,651.7460866007544,655.4360961914062,5539409,0.0,0.0
2021-08-26 00:00:00+05:30,654.6214427039737,656.5383429754347,641.4906641446341,644.0784912109375,5659963,0.0,0.0
2021-08-27 00:00:00+05:30,644.9410676819042,653.0878931781133,643.8388267151105,649.3499145507812,4978277,0.0,0.0
2021-08-30 00:00:00+05:30,654.6693503225306,665.1643909574976,654.6693503225306,658.02392578125,5891576,0.0,0.0
2021-08-31 00:00:00+05:30,659.6532894097965,663.6787915789638,652.1773902380012,659.0302734375,5399215,0.0,0.0
2021-09-01 00:00:00+05:30,659.4136634676843,660.3721135599338,646.9538122684403,648.5352783203125,4316801,0.0,0.0
2021-09-02 00:00:00+05:30,652.7524421977104,660.3721323477067,649.8291810330119,656.5862426757812,3635439,0.0,0.0
2021-09-03 00:00:00+05:30,657.5925691376374,666.3624106712665,654.0463506805982,662.1931762695312,4145359,0.0,0.0
2021-09-06 00:00:00+05:30,668.0396856056236,668.0396856056236,653.2795314192689,658.1197509765625,5179490,0.0,0.0
2021-09-07 00:00:00+05:30,660.8033886586917,668.8064230552565,654.1421492123046,655.3881225585938,3555927,0.0,0.0
2021-09-08 00:00:00+05:30,655.5798517619887,662.7682273295544,653.3754282877653,658.5031127929688,3288571,0.0,0.0
2021-09-09 00:00:00+05:30,655.4360274782969,662.7681935835437,654.6692791566269,660.3241577148438,2381494,0.0,0.0
2021-09-13 00:00:00+05:30,664.4455494833899,670.9150878303251,658.9344612619265,665.5477905273438,3778975,0.0,0.0
2021-09-14 00:00:00+05:30,667.4646561653968,672.8319531900448,663.4870649512942,664.8289184570312,3185808,0.0,0.0
2021-09-15 00:00:00+05:30,668.0397188028576,668.9981689015705,658.5031286208344,667.7042846679688,2871538,0.0,0.0
2021-09-16 00:00:00+05:30,670.963014974599,671.8256435081898,659.4137023812697,660.803466796875,3372499,0.0,0.0
2021-09-17 00:00:00+05:30,663.2474163825948,663.2474163825948,640.9155425308137,653.950439453125,7804735,0.0,0.0
2021-09-20 00:00:00+05:30,642.0657559482769,642.0657559482769,602.0024943101249,606.890625,10340874,0.0,0.0
2021-09-21 00:00:00+05:30,606.9385317958988,644.0784735362716,602.5775954978275,641.1552124023438,14289169,0.0,0.0
2021-09-22 00:00:00+05:30,643.8867848723421,655.0048414666796,638.5194875503539,650.3563232421875,8147214,0.0,0.0
2021-09-23 00:00:00+05:30,656.8258634212933,658.694852877561,646.0912102485944,649.1103515625,4039612,0.0,0.0
2021-09-24 00:00:00+05:30,649.110313089089,650.7876007198101,623.7113861095971,631.7623901367188,7363339,0.0,0.0
2021-09-27 00:00:00+05:30,633.008430853117,636.1713047361548,619.4463374541828,621.69873046875,5889365,0.0,0.0
2021-09-28 00:00:00+05:30,622.9925634729628,640.1488436205711,621.1714848877659,633.3917236328125,4735779,0.0,0.0
2021-09-29 00:00:00+05:30,631.5228098404469,655.8674078804239,626.4429773860385,651.5543823242188,7345149,0.0,0.0
2021-09-30 00:00:00+05:30,654.8130948684742,654.8130948684742,638.6631762043013,640.5321655273438,4934499,0.0,0.0
2021-10-01 00:00:00+05:30,632.5770115666713,658.167638734425,631.5227399470522,646.2349243164062,5193048,0.0,0.0
2021-10-04 00:00:00+05:30,646.4745504509783,658.2634742152659,634.5897465834287,652.8482666015625,5617530,0.0,0.0
2021-10-05 00:00:00+05:30,652.8483650375271,662.1452850060022,649.0145643085372,651.1231079101562,4186464,0.0,0.0
2021-10-06 00:00:00+05:30,651.7460544949279,655.5798548154863,628.3119383356847,631.8582153320312,5994344,0.0,0.0
2021-10-07 00:00:00+05:30,638.3277835644147,642.1615840663031,631.6186326861101,638.8549194335938,3042177,0.0,0.0
2021-10-08 00:00:00+05:30,642.2095234017328,654.6214647778048,636.8901366688892,638.1840209960938,3826818,0.0,0.0
2021-10-11 00:00:00+05:30,643.1679712408252,649.8292115844795,638.9987364245693,644.4619140625,2257738,0.0,0.0
2021-10-12 00:00:00+05:30,644.461914017415,652.7045620325545,637.7527628658322,645.7557983398438,2930894,0.0,0.0
2021-10-13 00:00:00+05:30,645.8036972348935,663.2475016070485,643.1200485235977,653.1358642578125,5601758,0.0,0.0
2021-10-14 00:00:00+05:30,661.3305743814955,669.9566253516889,654.5735128213411,664.0621337890625,4751065,0.0,0.0
2021-10-18 00:00:00+05:30,666.6020084386776,697.0807082677478,666.6020084386776,686.0585327148438,9493244,0.0,0.0
2021-10-19 00:00:00+05:30,692.4802047243886,692.4802047243886,659.8449901669659,662.816162109375,4164143,0.0,0.0
2021-10-20 00:00:00+05:30,663.2474272410899,666.7937040865727,647.3371799872778,656.6820678710938,3256699,0.0,0.0
2021-10-21 00:00:00+05:30,662.6244506847985,665.1164560346973,627.8806346935327,646.0911865234375,5811087,0.0,0.0
2021-10-22 00:00:00+05:30,647.9122812004313,661.330582882097,630.708089844465,640.052978515625,10162556,0.0,0.0
2021-10-25 00:00:00+05:30,642.161511741924,649.829111882126,625.9157722450415,646.2349243164062,3987950,0.0,0.0
2021-10-26 00:00:00+05:30,650.5000479684352,668.470986056009,646.4745461369891,665.499755859375,4238644,0.0,0.0
2021-10-27 00:00:00+05:30,665.4998735160699,670.4359154497807,653.7588585564419,656.4425659179688,3330934,0.0,0.0
2021-10-28 00:00:00+05:30,654.5256574515457,655.9633327350101,636.4588362898492,639.7175903320312,3080237,0.0,0.0
2021-10-29 00:00:00+05:30,642.1615830338052,656.3466331681541,635.4524321662877,641.346923828125,3612552,0.0,0.0
2021-11-01 00:00:00+05:30,651.7460182744899,662.049356063388,644.5576430729329,660.3241577148438,3234840,0.0,0.0
2021-11-02 00:00:00+05:30,664.5893867272614,664.5893867272614,643.5993041166461,644.8931884765625,3204544,0.0,0.0
2021-11-03 00:00:00+05:30,649.3020082560205,655.1485302530582,645.5640296027343,651.9856567382812,2265795,0.0,0.0
2021-11-04 00:00:00+05:30,651.9856567382812,651.9856567382812,651.9856567382812,651.9856567382812,0,0.0,0.0
2021-11-08 00:00:00+05:30,654.6214069705293,659.3657465832497,640.2925665236868,657.3529663085938,2919045,0.0,0.0
2021-11-09 00:00:00+05:30,657.4967632831853,662.6244478770598,647.0976031819382,648.5352783203125,2494969,0.0,0.0
2021-11-10 00:00:00+05:30,646.9538284355632,647.9601893577436,625.1011774860148,634.8773803710938,6871348,0.0,0.0
2021-11-11 00:00:00+05:30,634.8773662249937,642.017772632268,632.8166751214164,639.6696166992188,3868489,0.0,0.0
2021-11-12 00:00:00+05:30,644.1263710985738,647.6726481303795,635.7878436181527,643.4554443359375,2542949,0.0,0.0
2021-11-15 00:00:00+05:30,646.9538474569515,647.0017582643396,630.7081058098682,634.0147705078125,3143670,0.0,0.0
2021-11-16 00:00:00+05:30,630.6601694076643,645.9953710953887,628.4557458648843,637.2734985351562,2795558,0.0,0.0
2021-11-17 00:00:00+05:30,632.8645348670433,643.7908884664025,631.235158137434,634.829345703125,2882577,0.0,0.0
2021-11-18 00:00:00+05:30,635.4524300586634,639.1904089292578,616.2834276436207,623.5197143554688,4010171,0.0,0.0
2021-11-22 00:00:00+05:30,627.7369101691022,635.9316468957352,618.2482306966941,629.7017211914062,3944981,0.0,0.0
2021-11-23 00:00:00+05:30,629.7975314602986,661.0430395295574,629.7975314602986,654.908935546875,9033812,0.0,0.0
2021-11-24 00:00:00+05:30,654.9089337538122,667.0812615772503,642.1615592769507,654.8610229492188,4374307,0.0,0.0
2021-11-25 00:00:00+05:30,654.8610379732062,659.2219742759781,646.187076173355,652.6087036132812,2850008,0.0,0.0
2021-11-26 00:00:00+05:30,640.4842626586415,644.6055862815681,598.3124593560149,602.5296630859375,8921840,0.0,0.0
2021-11-29 00:00:00+05:30,605.4529652317431,611.2994876869883,592.4180082262288,599.6063842773438,4230776,0.0,0.0
2021-11-30 00:00:00+05:30,595.6767672957515,606.3155405444932,579.1914130416375,583.12109375,6606473,0.0,0.0
2021-12-01 00:00:00+05:30,589.3989700695838,613.2164344583396,588.4884306675791,610.7244873046875,6580138,0.0,0.0
2021-12-02 00:00:00+05:30,611.4911858345212,621.7945247807925,604.590333166025,619.8776245117188,4017457,0.0,0.0
2021-12-03 00:00:00+05:30,610.5326955930353,627.6410059709824,610.5326955930353,617.7689819335938,4885753,0.0,0.0
2021-12-06 00:00:00+05:30,617.9127550832804,633.5354791010718,610.2930655334455,616.1395874023438,13699768,0.0,0.0
2021-12-07 00:00:00+05:30,621.9861955268309,636.0754235025789,620.2609970704262,633.2000732421875,12896360,0.0,0.0
2021-12-08 00:00:00+05:30,637.8964594532927,647.912274809573,632.7208639551928,644.989013671875,9676621,0.0,0.0
2021-12-09 00:00:00+05:30,647.9122651060885,650.1645994327583,633.583424466412,646.0911865234375,9692290,0.0,0.0
2021-12-10 00:00:00+05:30,642.1615714817302,653.1358369031515,642.1615714817302,651.3147583007812,2430834,0.0,0.0
2021-12-13 00:00:00+05:30,653.6630484300844,664.1580900130677,639.8613418964131,642.6887817382812,4149735,0.0,0.0
2021-12-14 00:00:00+05:30,637.8964586596924,647.912274003512,633.7751348887905,642.4490966796875,2942047,0.0,0.0
2021-12-15 00:00:00+05:30,642.4491040180059,649.493747502588,629.318325668415,631.139404296875,4724542,0.0,0.0
2021-12-16 00:00:00+05:30,637.3693157296943,638.5194675481346,626.3471395930154,634.6377563476562,2474595,0.0,0.0
2021-12-17 00:00:00+05:30,634.6377901101216,637.3693496374775,625.9158586471686,632.8167114257812,3003978,0.0,0.0
2021-12-20 00:00:00+05:30,623.0883385747345,628.7432171284449,604.3027414626288,615.8999633789062,4070706,0.0,0.0
2021-12-21 00:00:00+05:30,620.1172183767096,638.327770384681,618.5837216072781,630.9476928710938,3127861,0.0,0.0
2021-12-22 00:00:00+05:30,635.5962135962882,638.4715639251579,630.3247379933606,633.5355224609375,1273217,0.0,0.0
2021-12-23 00:00:00+05:30,638.1360650945517,643.0241957056847,620.3089166282232,623.232177734375,2971327,0.0,0.0
2021-12-24 00:00:00+05:30,624.9574240560503,628.2161780462656,612.737184341477,624.2385864257812,3973912,0.0,0.0
2021-12-27 00:00:00+05:30,621.0756711647598,627.59312021172,616.4272115317832,625.9158325195312,1838919,0.0,0.0
2021-12-28 00:00:00+05:30,627.8326859863962,633.918878830038,625.3407392860871,630.037109375,2232852,0.0,0.0
2021-12-29 00:00:00+05:30,627.880593076799,629.8933732451327,618.1523603435351,628.6473999023438,3014867,0.0,0.0
2021-12-30 00:00:00+05:30,628.7433053892872,632.0020593351743,616.8105891893089,618.9671020507812,3713255,0.0,0.0
2021-12-31 00:00:00+05:30,620.8839815876515,637.3693354988818,620.4047565233666,628.6953735351562,2499623,0.0,0.0
2022-01-03 00:00:00+05:30,628.6953340854175,643.1199959154345,627.497271499882,639.3341064453125,2383218,0.0,0.0
2022-01-04 00:00:00+05:30,642.1615794630545,645.8995583252618,635.8358320799452,642.5449829101562,1999008,0.0,0.0
2022-01-05 00:00:00+05:30,640.3405088743583,668.0397410492317,638.6632211457554,665.6436157226562,6342812,0.0,0.0
2022-01-06 00:00:00+05:30,663.2474611250121,663.7266861691776,644.2701610758896,645.9474487304688,4714784,0.0,0.0
2022-01-07 00:00:00+05:30,647.9123299819103,650.7876805587531,639.7655033475224,644.8931884765625,2862614,0.0,0.0
2022-01-10 00:00:00+05:30,649.733312461843,651.2668091425782,642.1615336652352,644.1742553710938,1841965,0.0,0.0
2022-01-11 00:00:00+05:30,636.4108402292094,640.7717763050465,616.5230014720465,618.8712158203125,6912370,0.0,0.0
2022-01-12 00:00:00+05:30,624.9094118618607,631.8102636926799,622.0340618072815,629.7495727539062,5343630,0.0,0.0
2022-01-13 00:00:00+05:30,631.6186346545535,662.8161746360669,629.9413469297501,659.2698974609375,7202966,0.0,0.0
2022-01-14 00:00:00+05:30,651.6502746433189,660.899283409838,649.1103583685349,654.3339233398438,2054419,0.0,0.0
2022-01-17 00:00:00+05:30,653.6629716283401,675.5635331285438,647.3372243348234,670.3400268554688,5920282,0.0,0.0
2022-01-18 00:00:00+05:30,674.125891098,675.2760429803818,649.397888872986,651.9378051757812,3450193,0.0,0.0
2022-01-19 00:00:00+05:30,652.7045431722502,660.6117568009889,632.5770902990971,646.618408203125,4889920,0.0,0.0
2022-01-20 00:00:00+05:30,650.787575746194,657.4967260116186,644.4618288955954,654.1421508789062,2862609,0.0,0.0
2022-01-21 00:00:00+05:30,650.6918000471749,651.7460717636022,634.6377607794685,638.5673828125,3836844,0.0,0.0
2022-01-24 00:00:00+05:30,629.2225264982202,629.7017515755227,592.3221955459255,595.9642944335938,7296421,0.0,0.0
2022-01-25 00:00:00+05:30,594.2390396375044,613.9830875548328,587.1464857647519,604.92578125,5007835,0.0,0.0
2022-01-27 00:00:00+05:30,593.2805991252505,605.8842410685246,586.6193593738526,600.0855712890625,4760551,0.0,0.0
2022-01-28 00:00:00+05:30,604.7819680930102,619.062896919905,599.5584037369099,601.9545288085938,3719102,0.0,0.0
2022-01-31 00:00:00+05:30,609.5742611854357,612.4496114740463,601.9066604158076,602.8171997070312,2892647,0.0,0.0
2022-02-01 00:00:00+05:30,607.6093962400707,631.4747664171064,601.9066069741646,627.1138305664062,5150345,0.0,0.0
2022-02-02 00:00:00+05:30,632.577018442913,636.21911684927,625.1011199247807,632.4332275390625,2562721,0.0,0.0
2022-02-03 00:00:00+05:30,629.7016669143022,639.6695705817065,622.992516734089,626.0116577148438,2456228,0.0,0.0
2022-02-04 00:00:00+05:30,620.1171748767088,638.23190400306,620.1171748767088,630.037109375,3284062,0.0,0.0
2022-02-07 00:00:00+05:30,632.0020624977799,638.9508261972966,618.7754034152373,624.0948486328125,2768417,0.0,0.0
2022-02-08 00:00:00+05:30,628.359886977314,635.3566197829701,617.4815013123346,632.6729125976562,3184065,0.0,0.0
2022-02-09 00:00:00+05:30,635.3086644793107,638.9028525754806,630.5164136844177,635.5003662109375,2200828,0.0,0.0
2022-02-10 00:00:00+05:30,638.5194562004903,649.8291554659976,636.5066759292026,644.6055908203125,4284880,0.0,0.0
2022-02-11 00:00:00+05:30,641.1552035333012,646.9538149153044,632.2416293387429,643.50341796875,3122555,0.0,0.0
2022-02-14 00:00:00+05:30,629.0307336733395,637.3692605106769,579.191332851452,600.516845703125,6491576,0.0,0.0
2022-02-15 00:00:00+05:30,609.4304597131375,616.7147154175774,591.4595207206629,614.0310668945312,4001839,0.0,0.0
2022-02-16 00:00:00+05:30,614.5102910483869,619.302541439471,608.6157996676932,611.4911499023438,1939683,0.0,0.0
2022-02-17 00:00:00+05:30,615.1332582648197,622.4654248792349,608.0407626729137,611.682861328125,2382178,0.0,0.0
2022-02-18 00:00:00+05:30,608.8074462904117,615.8041195284153,604.9257355247308,606.5550537109375,1458069,0.0,0.0
2022-02-21 00:00:00+05:30,605.6446742474051,608.6158463179569,595.4371567323318,597.2102661132812,1857572,0.0,0.0
2022-02-22 00:00:00+05:30,585.6129940315075,598.7437717186233,577.4661684189579,596.1559448242188,3353278,0.0,0.0
2022-02-23 00:00:00+05:30,598.5521012546116,601.8587658757046,587.3861339324263,589.1593017578125,2339927,0.0,0.0
2022-02-24 00:00:00+05:30,574.1116114203874,579.3830869843475,542.4827580366265,545.6935424804688,5487481,0.0,0.0
2022-02-25 00:00:00+05:30,552.2110523539407,580.772853832688,552.2110523539407,573.7282104492188,4524909,0.0,0.0
2022-02-28 00:00:00+05:30,566.9232819374754,603.6319121619134,565.6773084022792,601.3795776367188,7142843,0.0,0.0
2022-03-02 00:00:00+05:30,599.031296473501,626.8263486298715,596.2997371612419,617.81689453125,8894940,0.0,0.0
2022-03-03 00:00:00+05:30,623.4717515467382,634.9731520364552,622.3215997979369,627.4972534179688,5940599,0.0,0.0
2022-03-04 00:00:00+05:30,627.497242947395,632.9604197886802,602.5775423021579,605.6925048828125,7605400,0.0,0.0
2022-03-07 00:00:00+05:30,603.8235719555754,616.283423440373,596.6351960989614,610.676513671875,5507113,0.0,0.0
2022-03-08 00:00:00+05:30,613.3601912808983,613.3601912808983,587.6257693984509,603.6798095703125,5422987,0.0,0.0
2022-03-09 00:00:00+05:30,602.8650891960917,607.896952023245,592.3221385106274,601.0919799804688,3784214,0.0,0.0
2022-03-10 00:00:00+05:30,605.7404264610545,625.0532182043692,598.0728261261045,623.7113647460938,5201836,0.0,0.0
2022-03-11 00:00:00+05:30,621.5549310938375,645.0369601020087,620.3089575809901,641.9219970703125,8172290,0.0,0.0
2022-03-14 00:00:00+05:30,639.286154782261,645.0368548252798,631.2351513223762,637.2254638671875,2529995,0.0,0.0
2022-03-15 00:00:00+05:30,631.6186261031118,633.3438246111501,608.6158233315265,614.5103149414062,4754984,0.0,0.0
2022-03-16 00:00:00+05:30,621.6986669427972,635.212789652685,620.5964259526421,628.0244140625,3150421,0.0,0.0
2022-03-17 00:00:00+05:30,634.4939808518338,664.1580238316708,632.9125147506537,656.6341552734375,9991824,0.0,0.0
2022-03-21 00:00:00+05:30,661.0430081775645,669.9565819021844,650.7875809893895,652.9920043945312,4609771,0.0,0.0
2022-03-22 00:00:00+05:30,650.6438183984416,670.8192395364969,649.3020233756408,667.5604858398438,4811589,0.0,0.0
2022-03-23 00:00:00+05:30,673.6945880562855,680.4995602592174,663.487071252737,675.1322631835938,8964532,0.0,0.0
2022-03-24 00:00:00+05:30,675.2280867479365,689.6048380626547,674.9405634214722,685.3876342773438,6069039,0.0,0.0
2022-03-25 00:00:00+05:30,688.1671453754498,696.3139709126243,680.7391573856729,691.3779296875,16121868,0.0,0.0
2022-03-28 00:00:00+05:30,692.00098177907,701.0583470492775,688.3109722426514,699.764404296875,8935680,0.0,0.0
2022-03-29 00:00:00+05:30,701.1062556539894,732.9747218200798,696.4577960188973,722.5755615234375,7285191,0.0,0.0
2022-03-30 00:00:00+05:30,718.8375564876106,719.5084832401624,685.2438930475863,687.73583984375,5994838,0.0,0.0
2022-03-31 00:00:00+05:30,693.9178792472811,706.8569557249583,690.6112146698221,702.20849609375,5946576,0.0,0.0
2022-04-01 00:00:00+05:30,704.4608704386703,718.7897120882404,698.2309443735664,701.7772216796875,5079937,0.0,0.0
2022-04-04 00:00:00+05:30,702.0647069691952,707.3361825846634,696.6015296315156,702.2564086914062,4901374,0.0,0.0
2022-04-05 00:00:00+05:30,707.2403342632853,715.0037564768456,699.812346176562,702.9752197265625,3524949,0.0,0.0
2022-04-06 00:00:00+05:30,700.1478399481789,715.4830424658666,699.476913138199,706.7611694335938,4111360,0.0,0.0
2022-04-07 00:00:00+05:30,704.4608002215894,711.8887882511367,695.5951370895489,697.799560546875,2954985,0.0,0.0
2022-04-08 00:00:00+05:30,703.9336359854334,730.3868334044587,700.8186733890303,725.1632690429688,8125253,0.0,0.0
2022-04-11 00:00:00+05:30,724.5882936260178,742.7988459790528,724.5882936260178,735.5146484375,7926472,0.0,0.0
2022-04-12 00:00:00+05:30,737.4315075914823,741.6007419982097,707.4799428904238,724.492431640625,8595936,0.0,0.0
2022-04-13 00:00:00+05:30,728.4220442409523,748.6453170695613,728.4220442409523,734.5081787109375,6722613,0.0,0.0
2022-04-18 00:00:00+05:30,732.2559131808756,743.6135240367025,726.8886157509394,735.9459228515625,5866740,0.0,0.0
2022-04-19 00:00:00+05:30,740.594433982961,757.175609685095,705.5151238018553,715.38720703125,7301285,0.0,0.0
2022-04-20 00:00:00+05:30,726.505160294013,726.505160294013,702.0646832656523,708.1508178710938,4679947,0.0,0.0
2022-04-21 00:00:00+05:30,713.0868912996473,716.2018541984696,695.3555640294276,703.694091796875,3995936,0.0,0.0
2022-04-22 00:00:00+05:30,699.668643404685,706.3777947797985,692.0489526431176,693.3428955078125,2244262,0.0,0.0
2022-04-25 00:00:00+05:30,681.4580412516463,689.604867342559,666.3624517302491,685.9627685546875,4935672,0.0,0.0
2022-04-26 00:00:00+05:30,692.3364354916126,694.2054249651515,683.4228608860667,691.2342529296875,3260695,0.0,0.0
2022-04-27 00:00:00+05:30,683.3749212920887,703.6940751116839,681.4580210921109,690.6591186523438,3391522,0.0,0.0
2022-04-28 00:00:00+05:30,699.524806838718,703.7420108276086,692.6240126738478,698.8059692382812,4079934,0.0,0.0
2022-04-29 00:00:00+05:30,700.7228428041299,709.2530720705854,693.2469437442973,696.93701171875,3622889,0.0,0.0
2022-05-02 00:00:00+05:30,690.0840466470524,703.6940492668658,679.5890067377986,701.5375366210938,2802163,0.0,0.0
2022-05-04 00:00:00+05:30,703.5023852647552,705.4192854970842,678.6305930504554,681.9851684570312,3011231,0.0,0.0
2022-05-05 00:00:00+05:30,690.0840305987284,696.2181342703763,675.8031015658454,678.343017578125,3131221,0.0,0.0
2022-05-06 00:00:00+05:30,666.5062398796126,671.7777155635927,652.3691005453024,661.7139892578125,3930624,0.0,0.0
2022-05-09 00:00:00+05:30,652.704528019668,657.5926002042953,640.3404981421014,650.1646118164062,3380947,0.0,0.0
2022-05-10 00:00:00+05:30,645.9953842930709,648.8707346682626,616.379252028935,618.4878540039062,4293241,0.0,0.0
2022-05-11 00:00:00+05:30,617.7210913964179,630.6601677871886,608.9512495541238,621.9862060546875,4158341,0.0,0.0
2022-05-12 00:00:00+05:30,620.7881298896062,624.478139306112,594.2390509150243,598.839599609375,4123927,0.0,0.0
2022-05-13 00:00:00+05:30,607.705240972701,610.5326803129122,569.4631191734692,575.5013427734375,5567335,0.0,0.0
2022-05-16 00:00:00+05:30,590.4052529756792,600.6606805957039,574.1595123181579,577.2744750976562,4641172,0.0,0.0
2022-05-17 00:00:00+05:30,584.6545410975773,618.9670418097036,583.83988193997,615.18115234375,6309092,0.0,0.0
2022-05-18 00:00:00+05:30,616.2355362506077,618.1045257447835,601.9066947941329,604.8299560546875,4941565,0.0,0.0
2022-05-19 00:00:00+05:30,593.2806305311838,598.9834205051026,567.4503878251893,575.2617797851562,5816509,0.0,0.0
2022-05-20 00:00:00+05:30,595.1974854404406,607.9448594996411,591.0761618948695,604.8778076171875,6187868,0.0,0.0
2022-05-23 00:00:00+05:30,569.3193332024681,569.3193332024681,515.1669050443209,524.79931640625,17554373,0.0,0.0
2022-05-24 00:00:00+05:30,526.1412378934915,533.2817034327304,514.9273590901612,517.2755737304688,7517949,0.0,0.0
2022-05-25 00:00:00+05:30,519.3841155616465,522.3552873745759,499.352485728723,506.4929504394531,4725882,0.0,0.0
2022-05-26 00:00:00+05:30,508.4577632745377,532.6107167924984,498.4419483207607,528.7769165039062,8178844,0.0,0.0
2022-05-27 00:00:00+05:30,534.8151725556389,537.9780462849008,516.988023536779,525.6140747070312,5193961,0.0,0.0
2022-05-30 00:00:00+05:30,507.9785554042026,522.115694446112,503.76135154458245,516.4608154296875,12211769,0.0,0.0
2022-05-31 00:00:00+05:30,515.2627146955791,535.102642092156,510.0871196133074,528.3455810546875,20152169,0.0,0.0
2022-06-01 00:00:00+05:30,531.0292753098734,548.5689007407668,526.3808156448343,545.8373413085938,8495547,0.0,0.0
2022-06-02 00:00:00+05:30,547.1791921038487,551.1088141616884,534.4797281253402,549.5753173828125,7010273,0.0,0.0
2022-06-03 00:00:00+05:30,552.0672481636551,557.7700378610092,536.3007325883178,539.0802612304688,6367536,0.0,0.0
2022-06-06 00:00:00+05:30,530.0228652031723,559.0159785348105,530.0228652031723,554.9425659179688,10383944,0.0,0.0
2022-06-07 00:00:00+05:30,551.1087520427735,555.3738662584119,543.5369736150493,548.3292236328125,3735461,0.0,0.0
2022-06-08 00:00:00+05:30,549.7669649670587,558.7764194870949,548.425169899686,552.2110595703125,4138705,0.0,0.0
2022-06-09 00:00:00+05:30,546.316508132065,551.779684913215,540.5658080464643,548.4251098632812,3922515,0.0,0.0
2022-06-10 00:00:00+05:30,541.5242712029203,550.1503215406659,538.0259051662866,548.712646484375,3374125,0.0,0.0
2022-06-13 00:00:00+05:30,539.7032284430816,544.3517465321611,531.939806025079,540.5658569335938,4071346,0.0,0.0
2022-06-14 00:00:00+05:30,539.4157316548975,552.8340337283981,536.8758738619061,538.5531616210938,3413396,0.0,0.0
2022-06-15 00:00:00+05:30,538.7447933604408,545.3581226409858,533.9046319155667,539.607421875,3803101,0.0,0.0
2022-06-16 00:00:00+05:30,547.7542522782098,547.7542522782098,521.8281878203405,523.1699829101562,4899759,0.0,0.0
2022-06-17 00:00:00+05:30,517.6588701801585,538.361427222482,517.2755252436707,531.556396484375,6776372,0.0,0.0
2022-06-20 00:00:00+05:30,527.7225837082551,531.5563839778367,513.8250577310216,527.4829711914062,5614520,0.0,0.0
2022-06-21 00:00:00+05:30,532.8982679977175,556.6678193308786,529.7353942939645,552.2589721679688,4657829,0.0,0.0
2022-06-22 00:00:00+05:30,543.680868096424,546.2207844893975,519.9592259890877,527.531005859375,8511658,0.0,0.0
2022-06-23 00:00:00+05:30,527.147567706217,542.0035446143014,525.2306674600127,535.7257080078125,5037690,0.0,0.0
2022-06-24 00:00:00+05:30,538.3614246562031,549.0960773122579,536.9716603325761,544.2079467773438,3406061,0.0,0.0
2022-06-27 00:00:00+05:30,551.7797213683151,564.0478706616353,546.3644550302723,547.8980102539062,6550599,0.0,0.0
2022-06-28 00:00:00+05:30,549.6232140805389,556.4281862984616,544.3996494066485,554.3675537109375,4285360,0.0,0.0
2022-06-29 00:00:00+05:30,549.6711372628298,557.0033039930237,545.5019026902269,552.1151733398438,3334027,0.0,0.0
2022-06-30 00:00:00+05:30,553.0257317515154,558.5847308734503,533.0899805043246,541.0451049804688,5646362,0.0,0.0
2022-07-01 00:00:00+05:30,533.4253434818802,556.3802330122762,533.4253434818802,554.7987670898438,3737790,0.0,0.0
2022-07-04 00:00:00+05:30,555.3916225825806,561.9622826252,537.7052853881759,544.9181518554688,6026463,17.35,0.0
2022-07-05 00:00:00+05:30,548.870467368143,557.2690253746762,544.028921571092,546.0545043945312,3562565,0.0,0.0
2022-07-06 00:00:00+05:30,541.4599451206378,550.6489430768486,534.543485967637,547.9317626953125,3281658,0.0,0.0
2022-07-07 00:00:00+05:30,553.8601824937973,571.1019399747998,545.0169829536006,567.7424926757812,4952962,0.0,0.0
2022-07-08 00:00:00+05:30,573.0780421017524,574.164890127871,555.8362854978608,559.4427490234375,3313755,0.0,0.0
2022-07-11 00:00:00+05:30,557.2690174523758,584.2925884135848,554.4036029917153,570.4102783203125,4900994,0.0,0.0
2022-07-12 00:00:00+05:30,567.0508752945609,574.5107585570458,556.7749688714866,567.5942993164062,3425619,0.0,0.0
2022-07-13 00:00:00+05:30,568.681134612589,586.6639402964986,567.7424602467671,581.5753784179688,4569908,0.0,0.0
2022-07-14 00:00:00+05:30,581.9706626787578,584.3914355610957,567.3966944707583,577.0303344726562,4660656,0.0,0.0
2022-07-15 00:00:00+05:30,575.0542005718498,577.0303318452926,562.555146144628,569.5210571289062,3051005,0.0,0.0
2022-07-18 00:00:00+05:30,575.9435040483862,584.9348775364693,571.101958135269,578.9570922851562,3583550,0.0,0.0
2022-07-19 00:00:00+05:30,573.9178549574568,582.5634285856763,570.509077029433,577.8701171875,3586372,0.0,0.0
2022-07-20 00:00:00+05:30,588.3930663708113,592.7899703638973,579.99450874839,583.3045043945312,4550328,0.0,0.0
2022-07-21 00:00:00+05:30,582.8599543418155,588.788348275219,578.0677997282694,580.5379638671875,3773423,0.0,0.0
2022-07-22 00:00:00+05:30,580.9825925369761,585.4782791083546,572.2876270229408,575.4988403320312,4351458,0.0,0.0
2022-07-25 00:00:00+05:30,566.6556033192284,581.3778044069735,566.6556033192284,578.5123901367188,5783353,0.0,0.0
2022-07-26 00:00:00+05:30,577.0303089711418,592.4935596955467,574.6589274143186,590.6162109375,6031921,0.0,0.0
2022-07-27 00:00:00+05:30,588.8870896216235,596.5939891358611,582.9586961019428,595.5071411132812,2913380,0.0,0.0
2022-07-28 00:00:00+05:30,597.8784304774736,619.4676985785752,595.8529081941991,609.3400268554688,5104503,0.0,0.0
2022-07-29 00:00:00+05:30,615.5648509224006,630.3364432747429,613.1440782113585,622.0860595703125,4732970,0.0,0.0
2022-08-01 00:00:00+05:30,627.0263953337695,633.3500391925522,620.7522029995647,631.571533203125,3055387,0.0,0.0
2022-08-02 00:00:00+05:30,630.1388001243096,642.1932118117115,618.8254375942471,640.9581298828125,3053206,0.0,0.0
2022-08-03 00:00:00+05:30,642.2425838964609,652.9136793829324,637.3022563280266,645.0091552734375,4446383,0.0,0.0
2022-08-04 00:00:00+05:30,645.1080833360334,665.4128202666196,645.1080833360334,656.42138671875,4705675,0.0,0.0
2022-08-05 00:00:00+05:30,657.1624055585679,665.9562135095044,657.0636231213953,659.18798828125,2455459,0.0,0.0
2022-08-08 00:00:00+05:30,662.497974174614,667.9323348874557,654.5440582835295,661.2135009765625,2446698,0.0,0.0
2022-08-10 00:00:00+05:30,664.5235561627698,666.7467039265111,652.1233440308052,662.102783203125,3252353,0.0,0.0
2022-08-11 00:00:00+05:30,665.0669413136088,670.2048945728006,661.4605380030118,665.5609741210938,3480693,0.0,0.0
2022-08-12 00:00:00+05:30,665.5609413127066,676.8249128908102,664.9681260956427,670.1060791015625,3476671,0.0,0.0
2022-08-16 00:00:00+05:30,669.9084797793695,672.7738941548084,662.3992053086678,665.8079833984375,2747244,0.0,0.0
2022-08-17 00:00:00+05:30,664.5235457901996,668.377025976566,660.4231094962372,664.5729370117188,2349839,0.0,0.0
2022-08-18 00:00:00+05:30,662.0039561366252,669.6614645844742,660.9171080925292,665.3634033203125,1806855,0.0,0.0
2022-08-19 00:00:00+05:30,668.7227606605526,668.7227606605526,655.1862503925121,656.6189575195312,1961510,0.0,0.0
2022-08-22 00:00:00+05:30,653.0125841504074,655.1862802416196,633.3500544375297,635.2767944335938,2303053,0.0,0.0
2022-08-23 00:00:00+05:30,634.3381062637209,647.1829588827682,629.1013707188414,645.05859375,1751341,0.0,0.0
2022-08-24 00:00:00+05:30,646.6889282132878,649.4554998020507,639.2784362933495,643.7247314453125,1781643,0.0,0.0
2022-08-25 00:00:00+05:30,646.1948651999976,651.9750245045514,639.3277976139718,640.9581298828125,1525852,0.0,0.0
2022-08-26 00:00:00+05:30,648.1710726667916,662.5474159519399,646.1949413476855,659.039794921875,3070661,0.0,0.0
2022-08-29 00:00:00+05:30,646.1948635757094,652.0738656038384,634.9308922897693,641.8473510742188,2728484,0.0,0.0
2022-08-30 00:00:00+05:30,645.0586089470277,660.0278270515051,643.7247444970892,658.9409790039062,2321586,0.0,0.0
2022-09-01 00:00:00+05:30,647.1829539024031,661.8063124025147,645.4538391400686,653.7041625976562,2472832,0.0,0.0
2022-09-02 00:00:00+05:30,652.1232758768658,661.0158660024595,646.1948824598035,653.506591796875,2022058,0.0,0.0
2022-09-05 00:00:00+05:30,654.0994197744594,675.3922211513893,654.0994197744594,673.8113403320312,4930594,0.0,0.0
2022-09-06 00:00:00+05:30,673.8607547816817,678.8010828959169,670.4025251017171,676.3803100585938,3295941,0.0,0.0
2022-09-07 00:00:00+05:30,669.9084786447378,679.5421182712661,667.7347222574042,676.4296875,2310672,0.0,0.0
2022-09-08 00:00:00+05:30,678.8011088298687,682.8521539156179,671.1929911819263,677.1707763671875,1889770,0.0,0.0
2022-09-09 00:00:00+05:30,678.8011002054288,693.3750685140608,676.923751351451,678.751708984375,3953738,0.0,0.0
2022-09-12 00:00:00+05:30,678.751708984375,678.751708984375,678.751708984375,678.751708984375,0,0.0,0.0
2022-09-13 00:00:00+05:30,681.76527753575,689.6204112730533,678.4058303063563,682.802734375,2094822,0.0,0.0
2022-09-14 00:00:00+05:30,676.8249468315366,693.4244371158381,673.8607499840992,684.5812377929688,2755630,0.0,0.0
2022-09-15 00:00:00+05:30,683.840145956212,689.6697568488319,676.3308718667986,681.41943359375,2887795,0.0,0.0
2022-09-16 00:00:00+05:30,676.8249022912413,686.2115250237475,670.8965089865005,677.6647338867188,4073365,0.0,0.0
2022-09-19 00:00:00+05:30,673.8607274614932,683.2473504979803,667.2900672132573,671.835205078125,1708723,0.0,0.0
2022-09-20 00:00:00+05:30,675.1946267260912,689.9168287922232,673.9101534635153,680.7772216796875,1802967,0.0,0.0
2022-09-21 00:00:00+05:30,677.0225559186983,684.2354226812834,673.8607339619282,676.6766967773438,1806929,0.0,0.0
2022-09-22 00:00:00+05:30,672.8727030394942,678.8010968988731,665.9562435368857,671.2423706054688,1504203,0.0,0.0
2022-09-23 00:00:00+05:30,673.3666888181405,678.7516582588845,659.0397379922225,661.015869140625,1558314,0.0,0.0
2022-09-26 00:00:00+05:30,651.332842390326,654.0500227352968,630.3858400332045,638.4385986328125,2192702,0.0,0.0
2022-09-27 00:00:00+05:30,641.6498032654965,643.1812928328393,625.4455038456939,629.3977661132812,2512782,0.0,0.0
2022-09-28 00:00:00+05:30,621.5920587710656,624.9515060090671,607.6603576214644,609.1424560546875,2164186,0.0,0.0
2022-09-29 00:00:00+05:30,613.0947297216185,620.5052220228467,609.6858912017053,610.87158203125,3577828,0.0,0.0
2022-09-30 00:00:00+05:30,613.5887109943671,626.3841720208948,606.8698772670481,624.1116333007812,1588501,0.0,0.0
2022-10-03 00:00:00+05:30,623.4694387163657,623.4694387163657,613.8357984192428,616.1083374023438,1285991,0.0,0.0
2022-10-04 00:00:00+05:30,626.235962981423,637.3023097232361,624.6056909312902,635.5238037109375,1384242,0.0,0.0
2022-10-06 00:00:00+05:30,640.6617812021452,669.9084998455683,640.6617812021452,666.40087890625,3704140,0.0,0.0
2022-10-07 00:00:00+05:30,663.3872613097793,664.9681421312299,651.6786478831586,658.10107421875,1601796,0.0,0.0
2022-10-10 00:00:00+05:30,647.8252418284995,660.0278279988974,646.6889422534107,658.0516967773438,1089870,0.0,0.0
2022-10-11 00:00:00+05:30,661.3616833603716,661.3616833603716,632.3619822053676,635.0791625976562,1644047,0.0,0.0
2022-10-12 00:00:00+05:30,638.2903574948568,645.9478656536573,630.5834581189597,643.3294677734375,1530483,0.0,0.0
2022-10-13 00:00:00+05:30,644.7128010313139,648.1710306153899,634.0417046617983,640.6123046875,938662,0.0,0.0
2022-10-14 00:00:00+05:30,650.147173421637,651.6292718412913,631.373926772684,632.6090087890625,1386827,0.0,0.0
2022-10-17 00:00:00+05:30,625.593786154896,628.656765526316,616.5529613963397,623.9140625,2281559,0.0,0.0
2022-10-18 00:00:00+05:30,627.0263917203927,630.8798715975596,623.6176137214414,629.1507568359375,1809430,0.0,0.0
2022-10-19 00:00:00+05:30,632.3126077999455,632.3126077999455,617.5410146677451,618.4302978515625,2157157,0.0,0.0
2022-10-20 00:00:00+05:30,611.2173604646266,622.4813325089119,607.6603484015569,620.9004516601562,2686775,0.0,0.0
2022-10-21 00:00:00+05:30,622.5801370619264,622.9753874415245,609.1424684499601,614.626220703125,2547197,0.0,0.0
2022-10-24 00:00:00+05:30,614.626220703125,614.626220703125,614.626220703125,614.626220703125,0,0.0,0.0
2022-10-25 00:00:00+05:30,616.7505488695217,643.1813032104681,616.7505488695217,636.6600341796875,4787246,0.0,0.0
2022-10-27 00:00:00+05:30,642.2426612766047,674.8488271568016,640.2665300111383,671.4893798828125,8328955,0.0,0.0
2022-10-28 00:00:00+05:30,668.5251896960849,670.3531473190369,655.5321626792472,662.3992309570312,2500826,0.0,0.0
2022-10-31 00:00:00+05:30,663.9800594041096,668.3769632278799,661.0652539272235,665.9067993164062,1380329,0.0,0.0
2022-11-01 00:00:00+05:30,662.0039647286414,680.0361622753544,662.0039647286414,678.1588134765625,2846573,0.0,0.0
2022-11-02 00:00:00+05:30,676.8249863759222,685.6681862154671,674.1571969960116,676.0345458984375,1912908,0.0,0.0
2022-11-03 00:00:00+05:30,670.6001768975436,679.7891754932995,669.859127651003,672.082275390625,1639039,0.0,0.0
2022-11-04 00:00:00+05:30,675.0464555230064,695.5488174987521,674.2065635471846,693.3750610351562,3624889,0.0,0.0
2022-11-07 00:00:00+05:30,696.8826907129145,706.9115811806539,691.6459548305457,701.526611328125,3121786,0.0,0.0
2022-11-09 00:00:00+05:30,707.454968787024,707.6525939681445,694.6595072203803,698.1177368164062,1632827,0.0,0.0
2022-11-10 00:00:00+05:30,691.4483285842183,697.2779400315917,688.879382021464,692.6834106445312,932886,0.0,0.0
2022-11-11 00:00:00+05:30,697.5742763047092,713.3339338434785,696.7344447123055,710.4191284179688,2607860,0.0,0.0
2022-11-14 00:00:00+05:30,713.976214961352,722.6712409315438,708.0972725860004,710.814453125,2089880,0.0,0.0
2022-11-15 00:00:00+05:30,711.8025072696921,716.1993510981533,704.2931722628866,713.7291870117188,1065114,0.0,0.0
2022-11-16 00:00:00+05:30,711.9012893692916,713.3339966000851,695.5982064066361,699.7974853515625,1395043,0.0,0.0
2022-11-17 00:00:00+05:30,696.5862375278883,704.4413709911461,689.2251368572036,700.1432495117188,1391449,0.0,0.0
2022-11-18 00:00:00+05:30,701.5265528349244,703.1074336200269,692.831587903388,699.748046875,893816,0.0,0.0
2022-11-21 00:00:00+05:30,711.4072102188213,714.2231729699097,684.3836410088982,688.237060546875,3360316,0.0,0.0
2022-11-22 00:00:00+05:30,688.1877141508836,701.4278177705241,682.7533531633317,699.7974853515625,2421572,0.0,0.0
2022-11-23 00:00:00+05:30,701.6253856124855,713.383390830589,699.5504718948157,711.95068359375,1735389,0.0,0.0
2022-11-24 00:00:00+05:30,713.383322886859,719.7563577080679,708.5417775977584,717.2861938476562,1654760,0.0,0.0
2022-11-25 00:00:00+05:30,713.3833158192751,719.9045242234612,711.5059671812676,717.533203125,1466688,0.0,0.0
2022-11-28 00:00:00+05:30,709.9250935377703,716.1005031892819,701.5265364117146,707.109130859375,2418509,0.0,0.0
2022-11-29 00:00:00+05:30,705.9728622885046,727.1174899842914,705.3305955339167,723.8074340820312,3306817,0.0,0.0
2022-11-30 00:00:00+05:30,725.3388962398124,736.751101589392,722.374699589373,734.5279541015625,3962572,0.0,0.0
2022-12-01 00:00:00+05:30,738.2332635561022,743.9640321796417,734.2315494876418,737.3933715820312,1942307,0.0,0.0
2022-12-02 00:00:00+05:30,737.7392012352136,742.3336700716934,731.7119649167217,734.18212890625,1392199,0.0,0.0
2022-12-05 00:00:00+05:30,737.5415443527856,749.941754985869,737.0969027924351,747.5703735351562,2129340,0.0,0.0
2022-12-06 00:00:00+05:30,745.9401012556356,746.7305416366429,731.366134349727,737.8379516601562,1468238,0.0,0.0
2022-12-07 00:00:00+05:30,738.1343847477746,742.0372558779876,727.4632884689325,729.3406372070312,1162282,0.0,0.0
2022-12-08 00:00:00+05:30,729.3406215697415,737.7885700965841,727.2656476973725,735.8124389648438,1053397,0.0,0.0
2022-12-09 00:00:00+05:30,739.5176976196749,741.8396276169105,729.3900253944456,731.5637817382812,1338271,0.0,0.0
2022-12-12 00:00:00+05:30,729.1924598326293,733.1447224875486,718.8177703634658,732.0084228515625,1224081,0.0,0.0
2022-12-13 00:00:00+05:30,735.6148142431822,737.0969125928998,726.8704581025427,735.3677978515625,1201367,0.0,0.0
2022-12-14 00:00:00+05:30,739.0236413592845,750.5840203740187,736.9486675169431,748.904296875,1471083,0.0,0.0
2022-12-15 00:00:00+05:30,746.9776312528912,753.795308359245,732.15664650581,734.4785766601562,1690335,0.0,0.0
2022-12-16 00:00:00+05:30,730.9709289653679,738.6284374716629,726.2282260808813,734.577392578125,1498658,0.0,0.0
2022-12-19 00:00:00+05:30,733.1446973362383,741.8396628174225,730.9215496691137,740.5057983398438,944749,0.0,0.0
2022-12-20 00:00:00+05:30,731.6131653014114,738.2332166992547,724.3508471586762,736.8992919921875,1512103,0.0,0.0
2022-12-21 00:00:00+05:30,741.0491829535234,743.9639884678213,730.8227283514595,734.2315063476562,1605753,0.0,0.0
2022-12-22 00:00:00+05:30,734.2314934957403,740.0611044222952,725.6847625859864,728.7477416992188,1403642,0.0,0.0
2022-12-23 00:00:00+05:30,721.2384870997832,727.7596958495503,713.7786039812688,719.1635131835938,1687270,0.0,0.0
2022-12-26 00:00:00+05:30,718.8671405969781,728.5501717574725,714.6184704283339,723.461669921875,1168456,0.0,0.0
2022-12-27 00:00:00+05:30,727.1174481415253,760.1188006818074,725.6847410607094,755.8207397460938,4992699,0.0,0.0
2022-12-28 00:00:00+05:30,751.9179611229218,757.9451374770318,748.1139324856667,752.609619140625,1917734,0.0,0.0
2022-12-29 00:00:00+05:30,746.9776089672652,762.2432348626663,743.5193792961204,760.2177124023438,2103907,0.0,0.0
2022-12-30 00:00:00+05:30,763.7746645251715,768.2209594674266,756.1171565690653,758.8837280273438,2190914,0.0,0.0
2023-01-02 00:00:00+05:30,762.6878543830805,774.1493911245136,757.0064772306033,766.0472412109375,3360043,0.0,0.0
2023-01-03 00:00:00+05:30,766.8871368745517,767.2329357106443,754.4868653926274,758.735595703125,1635681,0.0,0.0
2023-01-04 00:00:00+05:30,757.2535063056603,758.4885883160056,725.7835804980165,727.5126953125,2819669,0.0,0.0
2023-01-05 00:00:00+05:30,732.9964884543908,743.865210754516,727.7597524984061,741.7409057617188,2452379,0.0,0.0
2023-01-06 00:00:00+05:30,741.0492382399952,745.3967512270331,717.2862713951143,719.6575927734375,3536096,0.0,0.0
2023-01-09 00:00:00+05:30,727.957274669805,737.739147478255,726.3763939543965,733.4904174804688,1761359,0.0,0.0
2023-01-10 00:00:00+05:30,735.3678441460922,742.4819287339459,726.2776283008758,736.3065185546875,2289489,0.0,0.0
2023-01-11 00:00:00+05:30,741.0492090476728,749.3983755309577,739.1224690428011,745.1990966796875,2794465,0.0,0.0
2023-01-12 00:00:00+05:30,749.3489649315057,755.2773584505628,743.6181362843606,754.3386840820312,2422254,0.0,0.0
2023-01-13 00:00:00+05:30,755.8701397431075,762.737207322382,752.6095355153665,759.328369140625,1816006,0.0,0.0
2023-01-16 00:00:00+05:30,759.5754185735798,761.7985661401367,744.705043578625,750.139404296875,1673126,0.0,0.0
2023-01-17 00:00:00+05:30,749.3983300976184,754.635065462723,738.3813750683327,748.4596557617188,1480994,0.0,0.0
2023-01-18 00:00:00+05:30,749.9418089096447,760.3164979657071,746.1871715983225,757.9945678710938,1740579,0.0,0.0
2023-01-19 00:00:00+05:30,753.8446624127305,764.7627752434239,748.015051243606,750.979248046875,2185302,0.0,0.0
2023-01-20 00:00:00+05:30,750.9298622965567,754.8821247296964,729.5876692802975,732.6012573242188,3001352,0.0,0.0
2023-01-23 00:00:00+05:30,728.7478081158371,738.233274540138,717.335661919377,725.1907958984375,3335294,0.0,0.0
2023-01-24 00:00:00+05:30,726.2282626970751,729.093677244019,710.4192120805402,713.4328002929688,3146984,0.0,0.0
2023-01-25 00:00:00+05:30,714.371437636669,718.2249176470312,708.4430439633356,716.0017700195312,1567673,0.0,0.0
2023-01-27 00:00:00+05:30,719.1141239808463,719.5587655574714,703.1074493695077,712.7410888671875,2706934,0.0,0.0
2023-01-30 00:00:00+05:30,716.3475382791844,716.3475382791844,684.5318148625408,693.3256225585938,2277856,0.0,0.0
2023-01-31 00:00:00+05:30,700.2420889195546,711.2095927397497,695.7464025898976,707.8995971679688,2294866,0.0,0.0
2023-02-01 00:00:00+05:30,713.3833985548796,729.8841069539931,711.2096420658017,720.9915161132812,3271508,0.0,0.0
2023-02-02 00:00:00+05:30,721.0408631154511,728.1055561950155,713.1363384084643,718.7189331054688,2299091,0.0,0.0
2023-02-03 00:00:00+05:30,718.3236896643463,725.5365564675787,710.9131976801887,723.1157836914062,2558496,0.0,0.0
2023-02-06 00:00:00+05:30,719.1635157335932,722.5723540812692,700.6372859165905,702.5640258789062,1202963,0.0,0.0
2023-02-07 00:00:00+05:30,699.550460545783,712.0495147898124,697.6731117408316,705.57763671875,1946683,0.0,0.0
2023-02-08 00:00:00+05:30,709.2334477951654,727.216253071041,704.0461035986668,723.214599609375,1793312,0.0,0.0
2023-02-09 00:00:00+05:30,724.2520947181293,728.5996075403608,713.8280145567264,715.1124877929688,956700,0.0,0.0
2023-02-10 00:00:00+05:30,713.3834001866159,717.9779295875227,703.5027436743359,710.3698120117188,997205,0.0,0.0
2023-02-13 00:00:00+05:30,707.4549463977781,719.0153255999829,706.4668808301835,709.48046875,863438,0.0,0.0
2023-02-14 00:00:00+05:30,713.0375466551533,717.3356077857202,706.911528025939,715.2112426757812,931784,0.0,0.0
2023-02-15 00:00:00+05:30,711.5060131156737,719.9045707000732,711.5060131156737,718.471923828125,859372,0.0,0.0
2023-02-16 00:00:00+05:30,722.0783530701594,722.7206198547815,715.3101276017899,719.2623901367188,649802,0.0,0.0
2023-02-17 00:00:00+05:30,717.335588773889,727.1174618344088,716.7427735670178,719.7069702148438,1142716,0.0,0.0
2023-02-20 00:00:00+05:30,719.707003621936,724.2520812368803,712.7905444559631,714.7172241210938,606435,0.0,0.0
2023-02-21 00:00:00+05:30,721.287916428705,727.2163102623656,708.7394707527752,711.5060424804688,1749017,0.0,0.0
2023-02-22 00:00:00+05:30,711.5059813110435,714.6184119288304,686.7055600283956,691.5964965820312,1810091,0.0,0.0
2023-02-23 00:00:00+05:30,693.5232344013871,705.7752110503076,691.7446681641173,692.9303588867188,1824396,0.0,0.0
2023-02-24 00:00:00+05:30,696.5862636148495,698.3153784536097,669.1180513804629,676.824951171875,2142286,0.0,0.0
2023-02-27 00:00:00+05:30,676.3309246346321,676.8249574502893,657.9034764879245,672.378662109375,1814311,0.0,0.0
2023-02-28 00:00:00+05:30,675.787464154651,675.787464154651,656.9648269545357,659.2373657226562,1915622,0.0,0.0
2023-03-01 00:00:00+05:30,660.0278404008712,670.6989371364235,660.0278404008712,668.6240234375,1464537,0.0,0.0
2023-03-02 00:00:00+05:30,672.0328705580207,675.540491525924,665.5609923572484,667.0430908203125,1091983,0.0,0.0
2023-03-03 00:00:00+05:30,673.3666641231624,677.812959044005,667.9816948799061,674.1571044921875,1084202,0.0,0.0
2023-03-06 00:00:00+05:30,675.3427922210298,675.6391998197653,665.3139029322155,666.2031860351562,1215223,0.0,0.0
2023-03-08 00:00:00+05:30,662.0038995987079,668.9203582512317,656.0755064679731,667.3394775390625,1539129,0.0,0.0
2023-03-09 00:00:00+05:30,669.0192356542117,683.692046919762,664.5235489532134,672.082275390625,6336933,0.0,0.0
2023-03-10 00:00:00+05:30,660.2747932180367,673.2184275931452,658.1504281968488,671.291748046875,5369878,0.0,0.0
2023-03-13 00:00:00+05:30,674.6511939070161,683.197985650723,665.0175541029863,667.537109375,1602921,0.0,0.0
2023-03-14 00:00:00+05:30,669.9084824110581,674.6511852694346,659.731418707164,664.0294799804688,1555671,0.0,0.0
2023-03-15 00:00:00+05:30,672.8726828149469,676.6273200850187,666.6478815110463,671.538818359375,1173429,0.0,0.0
2023-03-16 00:00:00+05:30,667.1419177992605,667.6359506086043,641.3039777478822,654.4946899414062,2512474,0.0,0.0
2023-03-17 00:00:00+05:30,662.0039923704253,669.9085176524602,656.5696312390262,668.32763671875,1667707,0.0,0.0
2023-03-20 00:00:00+05:30,664.8693982508798,664.8693982508798,652.1233272768629,660.1760864257812,1480884,0.0,0.0
2023-03-21 00:00:00+05:30,663.4860648235074,663.4860648235074,654.0994414194518,657.8046875,1133592,0.0,0.0
2023-03-22 00:00:00+05:30,658.0516815012741,663.2390258374328,652.17267919228,654.346435546875,949388,0.0,0.0
2023-03-23 00:00:00+05:30,654.000649298921,662.7943970158725,650.3941857112109,659.8302001953125,1099501,0.0,0.0
2023-03-24 00:00:00+05:30,663.1402355513378,663.1402355513378,647.9240015560347,649.9495239257812,1563002,0.0,0.0
2023-03-27 00:00:00+05:30,653.210147122218,658.5457255101117,648.0228026977198,650.9869995117188,1134491,0.0,0.0
2023-03-28 00:00:00+05:30,654.2476561620832,655.0380965746939,648.1216374275585,652.123291015625,1190600,0.0,0.0
2023-03-29 00:00:00+05:30,655.383930280974,677.269608440882,650.7400096880278,670.7977905273438,2208428,0.0,0.0
2023-03-31 00:00:00+05:30,670.8965662955712,684.2354523706673,668.7228098368,679.887939453125,1447293,0.0,0.0
2023-04-03 00:00:00+05:30,682.1604994131642,683.3955813860974,668.0805649217257,674.058349609375,1335604,0.0,0.0
2023-04-05 00:00:00+05:30,670.4025290629319,681.765283792812,666.9936905826198,678.3564453125,1188370,0.0,0.0
2023-04-06 00:00:00+05:30,679.7891650664346,679.7891650664346,672.1316563029683,674.5524291992188,726290,0.0,0.0
2023-04-10 00:00:00+05:30,675.8862382604503,684.9764535276458,674.651156303134,680.2831420898438,600036,0.0,0.0
2023-04-11 00:00:00+05:30,685.4704799513703,706.4668730309618,680.2831357787653,705.0835571289062,4076632,0.0,0.0
2023-04-12 00:00:00+05:30,711.308494085837,713.8774406839404,702.9099359601436,709.6781616210938,1810361,0.0,0.0
2023-04-13 00:00:00+05:30,708.4430359452298,713.3833639504267,705.7258555423715,712.0494995117188,835749,0.0,0.0
2023-04-17 00:00:00+05:30,705.478871824566,715.0137294390091,705.478871824566,712.5929565429688,1253589,0.0,0.0
2023-04-18 00:00:00+05:30,711.4566115833175,716.3475482846775,703.8979460509767,710.7649536132812,837349,0.0,0.0
2023-04-19 00:00:00+05:30,706.8127275697019,724.9437681481761,706.8127275697019,713.7291870117188,2268330,0.0,0.0
2023-04-20 00:00:00+05:30,717.3356051122529,718.3236706840329,704.1943450689267,707.25732421875,1033900,0.0,0.0
2023-04-21 00:00:00+05:30,710.4191466501306,710.4191466501306,694.7088799241856,702.1688232421875,1416385,0.0,0.0
2023-04-24 00:00:00+05:30,700.0938293611183,715.2606716503527,696.7344426944975,711.7529907226562,729151,0.0,0.0
2023-04-25 00:00:00+05:30,711.7530658262865,721.8807387241516,709.2335104837756,716.3475952148438,1079227,0.0,0.0
2023-04-26 00:00:00+05:30,711.4072018024121,716.0017307700804,703.5026773379409,714.8160400390625,1277410,0.0,0.0
2023-04-27 00:00:00+05:30,714.3714202391951,725.9811909000672,709.0358419404397,723.36279296875,1247848,0.0,0.0
2023-04-28 00:00:00+05:30,727.2162961261231,727.2162961261231,712.9387358595816,716.6439819335938,1593083,0.0,0.0
2023-05-02 00:00:00+05:30,723.2146255679583,737.5909679386364,719.805787197986,729.0936279296875,1965606,0.0,0.0
2023-05-03 00:00:00+05:30,722.2759719814097,726.7222672945647,717.2368614158632,723.7086791992188,1215913,0.0,0.0
2023-05-04 00:00:00+05:30,725.1907218447611,733.1446374539045,721.5348672516358,729.884033203125,1464468,0.0,0.0
2023-05-05 00:00:00+05:30,727.5127060393655,732.7988933056296,721.7819374882129,724.597900390625,945667,0.0,0.0
2023-05-08 00:00:00+05:30,726.8210149159015,732.1565931587818,721.3372630203917,724.054443359375,1132367,0.0,0.0
2023-05-09 00:00:00+05:30,724.8448604217989,731.6625368118824,713.8773569839096,715.9522705078125,1179219,0.0,0.0
2023-05-10 00:00:00+05:30,716.3475279644415,720.8926053984871,710.8143849745827,715.7052612304688,919645,0.0,0.0
2023-05-11 00:00:00+05:30,718.8177173744059,720.695066119797,700.0444711474455,702.119384765625,1284636,0.0,0.0
2023-05-12 00:00:00+05:30,691.5471627627045,700.439753486751,682.9015884476594,694.2643432617188,1499306,0.0,0.0
2023-05-15 00:00:00+05:30,693.5232355884281,702.0205752192676,688.6816902573252,697.129638671875,998259,0.0,0.0
2023-05-16 00:00:00+05:30,701.9712153011658,702.5640305365449,692.1893417702446,694.3630981445312,874913,0.0,0.0
2023-05-17 00:00:00+05:30,692.979792395134,692.979792395134,683.5437778681232,686.8043823242188,1686465,0.0,0.0
2023-05-18 00:00:00+05:30,692.4363452955521,701.0325278891555,681.0241999261458,683.790771484375,3667407,0.0,0.0
2023-05-19 00:00:00+05:30,687.6936400107037,688.2864552328458,672.9220476071724,685.5692749023438,2329260,0.0,0.0
2023-05-22 00:00:00+05:30,683.7414368435103,699.352862212982,679.2457501510466,696.1910400390625,2182824,0.0,0.0
2023-05-23 00:00:00+05:30,701.526571575144,703.403920325998,694.1160796218854,695.6969604492188,2324758,0.0,0.0
2023-05-24 00:00:00+05:30,691.6459269907283,698.1177446747937,686.2115661358011,687.6936645507812,1185182,0.0,0.0
2023-05-25 00:00:00+05:30,684.7294738684732,694.264331213147,681.7652770118997,688.3359375,1213068,0.0,0.0
2023-05-26 00:00:00+05:30,688.3359034912378,697.0308684462447,685.8657395661371,693.3256225585938,1461749,0.0,0.0
2023-05-29 00:00:00+05:30,694.8571590056189,700.4891451961274,692.7327937640289,693.8197021484375,1467219,0.0,0.0
2023-05-30 00:00:00+05:30,692.7328102284378,709.3323615648299,689.5710483612602,696.1910400390625,3317461,0.0,0.0
2023-05-31 00:00:00+05:30,692.7822055164124,696.5368426589389,682.7533157570547,687.9900512695312,14943096,0.0,0.0
2023-06-01 00:00:00+05:30,690.5590543001097,693.5232510242937,682.9015460959675,685.5692749023438,1995511,0.0,0.0
2023-06-02 00:00:00+05:30,689.6697743979538,700.5878869886084,687.4466268443787,698.1671142578125,3405152,0.0,0.0
2023-06-05 00:00:00+05:30,700.4891179655464,705.4788371755383,694.6101155944026,703.6509399414062,2454283,0.0,0.0
2023-06-06 00:00:00+05:30,705.4788288441789,708.9370583973367,700.3408757324256,704.342529296875,2436996,0.0,0.0
2023-06-07 00:00:00+05:30,706.7138820960531,723.4616051696728,705.4788001629946,721.0408325195312,3667486,0.0,0.0
2023-06-08 00:00:00+05:30,721.0408873605465,755.3267764913168,719.163538556816,739.863525390625,9618332,0.0,0.0
2023-06-09 00:00:00+05:30,742.5313356204597,747.9163054717367,732.6506791251774,739.567138671875,2408734,0.0,0.0
2023-06-12 00:00:00+05:30,745.5942754892786,748.9043314237855,735.7630710429925,738.3814086914062,1703619,0.0,0.0
2023-06-13 00:00:00+05:30,745.9895406565194,753.4988152212269,742.1855121546752,747.619873046875,3419413,0.0,0.0
2023-06-14 00:00:00+05:30,752.4613357712154,769.7030923269207,750.0900145462917,763.62646484375,4758206,0.0,0.0
2023-06-15 00:00:00+05:30,768.7150298086968,768.7150298086968,759.3284066940662,761.4033203125,2222061,0.0,0.0
2023-06-16 00:00:00+05:30,767.6775994849124,772.4696936439648,763.4783205782259,766.8377075195312,2285788,0.0,0.0
2023-06-19 00:00:00+05:30,771.1852135150727,772.6673119395092,758.6861593462968,762.4408569335938,1422461,0.0,0.0
2023-06-20 00:00:00+05:30,762.9842992135331,777.1136258031513,759.3778355051005,763.9229736328125,2282549,0.0,0.0
2023-06-21 00:00:00+05:30,763.9229317410087,764.7627633661965,743.0747116977585,749.6947631835938,2768203,0.0,0.0
2023-06-22 00:00:00+05:30,745.1990512048121,754.63506516285,737.0475104027257,743.37109375,1972478,0.0,0.0
2023-06-23 00:00:00+05:30,741.0491718514526,749.6453543062767,734.9725445195762,737.5909423828125,1704679,0.0,0.0
2023-06-26 00:00:00+05:30,740.9504337584257,742.3830806643499,728.3525970830615,739.863525390625,1602537,0.0,0.0
2023-06-27 00:00:00+05:30,741.0492043417008,755.8701884285348,740.1105299548536,753.4000244140625,2783577,0.0,0.0
2023-06-28 00:00:00+05:30,758.8343641163779,782.0045139883099,752.9059706467186,774.0505981445312,8340755,0.0,0.0
2023-06-30 00:00:00+05:30,776.9159362276891,779.5837252957518,770.6911352733669,775.433837890625,2515440,0.0,0.0
2023-07-03 00:00:00+05:30,778.5957151167939,798.6534353103583,777.6570407085411,784.5241088867188,4781944,0.0,0.0
2023-07-04 00:00:00+05:30,788.4763815826068,793.1696933777413,779.8801984438543,787.1425170898438,2473106,0.0,0.0
2023-07-05 00:00:00+05:30,787.1918604422857,794.0094767671281,778.6944602616625,782.4491577148438,2526894,0.0,0.0
2023-07-06 00:00:00+05:30,794.8493495742199,794.9481320072485,779.5837246536846,786.0555419921875,3316923,0.0,0.0
2023-07-07 00:00:00+05:30,786.5002414620071,792.3298528015698,775.0387042769654,778.990966796875,2547821,0.0,0.0
2023-07-10 00:00:00+05:30,779.5837711686057,804.087786388603,778.3486891483766,800.9259643554688,4777540,0.0,0.0
2023-07-11 00:00:00+05:30,809.2111017319592,809.3599600768888,787.1340405057542,791.2022094726562,3085989,3.4,0.0
2023-07-12 00:00:00+05:30,798.2469980316787,808.4669288402558,782.5202168876763,799.4376831054688,25929716,0.0,0.0
2023-07-13 00:00:00+05:30,804.3988158946496,807.8716120131136,790.6068299427322,795.915283203125,3049961,0.0,0.0
2023-07-14 00:00:00+05:30,801.6205804499801,801.6205804499801,785.9433383036818,798.59423828125,2011903,0.0,0.0
2023-07-17 00:00:00+05:30,799.3880558472649,805.6886758242977,790.8052643250804,791.9463500976562,1769593,0.0,0.0
2023-07-18 00:00:00+05:30,793.5834731904079,794.7741581987367,782.3713155302171,784.752685546875,1527919,0.0,0.0
2023-07-19 00:00:00+05:30,789.8130423623587,791.6486389023404,782.917049541139,785.7449340820312,1563134,0.0,0.0
2023-07-20 00:00:00+05:30,788.8207855626895,795.220664425632,779.642682082872,792.8392944335938,1780010,0.0,0.0
2023-07-21 00:00:00+05:30,791.7974950635213,816.9504363778907,776.5171683029051,780.3372802734375,8469798,0.0,0.0
2023-07-24 00:00:00+05:30,782.8674275372298,782.8674275372298,767.1902465504096,769.6212158203125,2710762,0.0,0.0
2023-07-25 00:00:00+05:30,771.9529208549634,799.2391744841556,770.9606934502655,794.32763671875,4850069,0.0,0.0
2023-07-26 00:00:00+05:30,801.174030004632,802.7119703697035,793.8811222439302,799.1895751953125,3062011,0.0,0.0
2023-07-27 00:00:00+05:30,799.7352911232775,808.1692240941807,784.8518799981546,787.5805053710938,2865447,0.0,0.0
2023-07-28 00:00:00+05:30,788.820813947787,799.7353157759954,779.8907669974348,797.8997192382812,2111325,0.0,0.0
2023-07-31 00:00:00+05:30,799.9337463831278,814.8171574648254,799.9337463831278,810.4017333984375,4226070,0.0,0.0
2023-08-01 00:00:00+05:30,816.6031846536105,818.5876395373373,810.600220742488,814.51953125,2406158,0.0,0.0
2023-08-02 00:00:00+05:30,810.6498009536738,811.4931700351374,792.1447353734524,797.9989013671875,1975596,0.0,0.0
2023-08-03 00:00:00+05:30,797.998930092308,802.7120105000649,788.0270562891003,798.1973876953125,1829238,0.0,0.0
2023-08-04 00:00:00+05:30,801.7197841523671,808.4669187385276,796.5601892709182,799.6857299804688,1275614,0.0,0.0
2023-08-07 00:00:00+05:30,801.7197931898713,810.2529251802126,797.3043688503744,806.7305297851562,1422051,0.0,0.0
2023-08-08 00:00:00+05:30,808.7149657272802,810.1537076325328,793.285841092725,795.0718383789062,933777,0.0,0.0
2023-08-09 00:00:00+05:30,795.4687361924082,822.4573341783063,795.1214202583146,817.0496826171875,3133311,0.0,0.0
2023-08-10 00:00:00+05:30,818.5876310696032,828.5099053855984,812.882323337906,825.037109375,6313077,0.0,0.0
2023-08-11 00:00:00+05:30,823.5487868458886,824.8882696845276,809.2606872835363,814.271484375,3239511,0.0,0.0
2023-08-14 00:00:00+05:30,808.6653299933296,808.6653299933296,787.3820401776733,793.2362060546875,1866848,0.0,0.0
2023-08-16 00:00:00+05:30,797.4532039408231,797.4532039408231,782.8674484917532,789.1184692382812,1317570,0.0,0.0
2023-08-17 00:00:00+05:30,788.6719691015924,790.4580269708272,777.5094102226639,783.6116333007812,1434401,0.0,0.0
2023-08-18 00:00:00+05:30,783.7604629578293,787.7293726361862,777.2117256520871,780.982177734375,1546387,0.0,0.0
2023-08-21 00:00:00+05:30,786.8363558951321,791.4005778714823,781.6767611213734,788.57275390625,1033216,0.0,0.0
2023-08-22 00:00:00+05:30,793.6827682764649,793.7323675372382,786.1418032554291,789.019287109375,823108,0.0,0.0
2023-08-23 00:00:00+05:30,792.7897291887258,796.659440451622,786.8859637741051,791.6983032226562,1274976,0.0,0.0
2023-08-24 00:00:00+05:30,793.7819284196071,800.4298641822722,780.0396030081446,781.7760009765625,1726077,0.0,0.0
2023-08-25 00:00:00+05:30,774.9296473831419,781.4287251434097,764.5608582989623,767.1406860351562,1502054,0.0,0.0
2023-08-28 00:00:00+05:30,769.4723899219507,774.8800416537988,765.0073663827518,766.9918212890625,1769280,0.0,0.0
2023-08-29 00:00:00+05:30,772.8459805800148,779.7915726900289,769.5219823051966,776.5668334960938,1807893,0.0,0.0
2023-08-30 00:00:00+05:30,778.60089099046,785.7945399924579,778.0055181848747,781.0318603515625,1978468,0.0,0.0
2023-08-31 00:00:00+05:30,781.0318547364155,785.6456760025548,770.960721981721,773.5901489257812,3999415,0.0,0.0
2023-09-01 00:00:00+05:30,772.945147077011,801.4220856604202,771.9529196738313,800.1322021484375,3513798,0.0,0.0
2023-09-04 00:00:00+05:30,805.6390504413704,820.1751455311422,802.2158537953986,803.5057373046875,3571051,0.0,0.0
2023-09-05 00:00:00+05:30,802.6623792880362,811.6420252795278,794.2780455211027,809.6079711914062,1770212,0.0,0.0
2023-09-06 00:00:00+05:30,809.7071873247285,811.1459292195934,797.0562875112118,808.566162109375,2225037,0.0,0.0
2023-09-07 00:00:00+05:30,805.738296716357,815.0156598030693,799.2392189660288,812.9319458007812,2652562,0.0,0.0
2023-09-08 00:00:00+05:30,812.9319412492825,817.5954223969507,804.2995502841535,809.4095458984375,1866220,0.0,0.0
2023-09-11 00:00:00+05:30,813.6264783207272,822.9037804041066,810.1040831181971,817.8434448242188,1715172,0.0,0.0
2023-09-12 00:00:00+05:30,827.3191961268323,833.4710181347396,805.5894523476293,809.8560180664062,2776481,0.0,0.0
2023-09-13 00:00:00+05:30,811.6420519647305,813.7753652009211,801.7197774908341,804.3988037109375,1380634,0.0,0.0
2023-09-14 00:00:00+05:30,806.6312802236665,818.5876083301561,802.563111530664,804.0514526367188,2398032,0.0,0.0
2023-09-15 00:00:00+05:30,806.7305010554792,813.3288376991468,798.7430823441886,806.5320434570312,4454542,0.0,0.0
2023-09-18 00:00:00+05:30,806.5320588668229,808.6157728492038,801.273265491636,802.5135498046875,1335464,0.0,0.0
2023-09-20 00:00:00+05:30,801.7693813694567,804.4980068654959,779.0970082903074,780.6349487304688,3359951,0.0,0.0
2023-09-21 00:00:00+05:30,783.8596443077844,785.4471839200554,767.984005942057,772.3001708984375,2875491,0.0,0.0
2023-09-22 00:00:00+05:30,773.9373956939876,777.6086492985335,766.6941475643874,768.0336303710938,2147621,0.0,0.0
2023-09-25 00:00:00+05:30,770.9111127742171,777.3605910602117,768.3312851233657,773.8381958007812,2326745,0.0,0.0
2023-09-26 00:00:00+05:30,773.8382057861357,782.272139038188,771.9033501632193,773.5901489257812,1727679,0.0,0.0
2023-09-27 00:00:00+05:30,773.9373814977665,779.5930898593242,768.6289890669236,773.5404663085938,2612372,0.0,0.0
2023-09-28 00:00:00+05:30,774.6319850631112,781.279921113743,758.4090298618581,762.1298828125,3157286,0.0,0.0
2023-09-29 00:00:00+05:30,769.8196135129315,777.8070926295574,765.4538492358074,773.5404663085938,1704218,0.0,0.0
2023-10-03 00:00:00+05:30,770.5142043366985,770.5142043366985,762.0306718597858,764.26318359375,1099773,0.0,0.0
2023-10-04 00:00:00+05:30,761.9810557827019,762.0306550413218,747.2961021466608,750.71923828125,1654158,0.0,0.0
2023-10-05 00:00:00+05:30,756.0772857767,756.7222578169533,747.0480405776844,749.6278076171875,1459736,0.0,0.0
2023-10-06 00:00:00+05:30,754.4401020351957,765.1562067257979,752.753363853116,759.25244140625,2026927,0.0,0.0
2023-10-09 00:00:00+05:30,750.6200385620051,755.4819771140716,743.3271912946605,751.661865234375,725323,0.0,0.0
2023-10-10 00:00:00+05:30,753.7456043982756,768.1825016411315,751.4138335611843,765.900390625,1351582,0.0,0.0
2023-10-11 00:00:00+05:30,769.9685169316903,776.4675947498253,768.5297749876429,771.2088012695312,1841618,0.0,0.0
2023-10-12 00:00:00+05:30,776.3187690090085,783.8100740276401,773.3916859649619,777.360595703125,2139718,0.0,0.0
2023-10-13 00:00:00+05:30,771.9529718722358,773.9374268127814,766.9918345208719,771.2088012695312,998547,0.0,0.0
2023-10-16 00:00:00+05:30,771.2087888809648,788.1758541257701,766.991822200046,784.5542602539062,2157341,0.0,0.0
2023-10-17 00:00:00+05:30,786.5387128107091,789.8130512880684,782.0240900191411,784.008544921875,1050381,0.0,0.0
2023-10-18 00:00:00+05:30,786.9355528745979,794.774173819467,775.1280827585529,778.30322265625,1250892,0.0,0.0
2023-10-19 00:00:00+05:30,774.0862550154728,776.6164228539945,763.171753267472,774.3839111328125,2130597,0.0,0.0
2023-10-20 00:00:00+05:30,773.5404710219525,773.6893293589881,755.9780941680189,763.4197998046875,1501944,0.0,0.0
2023-10-23 00:00:00+05:30,764.8088676044641,768.7777772034086,740.3008387188306,743.1287231445312,1715908,0.0,0.0
2023-10-25 00:00:00+05:30,748.238671559688,755.9284340478539,735.7366303193592,742.4837646484375,2417579,0.0,0.0
2023-10-26 00:00:00+05:30,738.9117715269306,739.2094276406751,719.8609929574628,723.0361328125,2519570,0.0,0.0
2023-10-27 00:00:00+05:30,724.0283748407497,729.7336826188632,719.6129506220583,726.3104858398438,1588987,0.0,0.0
2023-10-30 00:00:00+05:30,729.0887327889822,731.0731877288327,720.357143165791,728.7910766601562,1162173,0.0,0.0
2023-10-31 00:00:00+05:30,731.2716200066344,732.8095604195988,721.3493456510491,730.6266479492188,1363728,0.0,0.0
2023-11-01 00:00:00+05:30,731.1723960877566,731.56925071174,717.3804109882993,718.8191528320312,1845107,0.0,0.0
2023-11-02 00:00:00+05:30,722.3415708394846,728.6918506316067,719.3648885420691,727.6499633789062,1095177,0.0,0.0
2023-11-03 00:00:00+05:30,730.2298086529008,742.1861373904212,729.2871804571653,740.2512817382812,2526039,0.0,0.0
2023-11-06 00:00:00+05:30,742.2852994028765,750.5704345928075,739.1102201471535,748.1394653320312,2782755,0.0,0.0
2023-11-07 00:00:00+05:30,751.1161677780349,753.6959348829567,741.1442941752995,742.7814331054688,2288975,0.0,0.0
2023-11-08 00:00:00+05:30,744.1706062854998,751.8603692171166,739.2094689102631,750.8185424804688,2664277,0.0,0.0
2023-11-09 00:00:00+05:30,750.8184826183139,753.9936223974657,743.2279188150877,745.013916015625,2579350,0.0,0.0
2023-11-10 00:00:00+05:30,746.0558429873712,753.1006336496459,739.2590486265425,748.8836669921875,1108868,0.0,0.0
2023-11-13 00:00:00+05:30,750.6696424878756,757.3175783140182,747.1472472590314,755.1842651367188,942603,0.0,0.0
2023-11-15 00:00:00+05:30,763.0229051045246,776.4179756102607,763.0229051045246,766.8429565429688,2443652,0.0,0.0
2023-11-16 00:00:00+05:30,764.5112357375014,768.2816878638997,757.4664452003032,763.1717529296875,1699954,0.0,0.0
2023-11-17 00:00:00+05:30,765.9996028904053,768.8770867628721,760.0462381011016,762.824462890625,1567731,0.0,0.0
2023-11-20 00:00:00+05:30,763.9159463050345,765.9995997484408,754.7378422925046,755.928466796875,1024654,0.0,0.0
2023-11-21 00:00:00+05:30,760.8895720192427,773.5404716112166,759.9966036786154,769.77001953125,1846834,0.0,0.0
2023-11-22 00:00:00+05:30,769.7700201627338,770.7126483236876,759.550089851024,762.4771728515625,1312655,0.0,0.0
2023-11-23 00:00:00+05:30,765.9499781259058,771.9033427169836,761.1872985651949,769.52197265625,1068229,0.0,0.0
2023-11-24 00:00:00+05:30,772.9451540520188,780.1388027899868,770.3653870047737,775.971435546875,2069730,0.0,0.0
2023-11-28 00:00:00+05:30,778.8985309121797,779.444243885381,772.6971094877197,776.2691040039062,858569,0.0,0.0
2023-11-29 00:00:00+05:30,777.1125380266053,788.5231535118149,777.1125380266053,787.0844116210938,1481172,0.0,0.0
2023-11-30 00:00:00+05:30,787.8285616807092,801.8686037233764,783.4627368627106,794.8733520507812,3142500,0.0,0.0
2023-12-01 00:00:00+05:30,798.7430788743906,808.6653531461221,790.7060609385904,804.4979858398438,2064512,0.0,0.0
2023-12-04 00:00:00+05:30,813.6264684071566,817.0000657931466,806.0359045690564,813.2295532226562,2789349,0.0,0.0
2023-12-05 00:00:00+05:30,809.6575849792164,819.579859304942,807.871587712737,815.3132934570312,1338828,0.0,0.0
2023-12-06 00:00:00+05:30,818.5380348861759,826.9223688268507,808.8638173917255,818.2899780273438,1543909,0.0,0.0
2023-12-07 00:00:00+05:30,822.5069590139888,823.5487857271547,811.4931979527494,812.7831420898438,1717648,0.0,0.0
2023-12-08 00:00:00+05:30,818.3891531456205,846.8164925792279,815.7101270346868,832.8260498046875,7142037,0.0,0.0
2023-12-11 00:00:00+05:30,835.0089768261201,840.4166284008269,825.3347594389796,838.5313720703125,1630946,0.0,0.0
2023-12-12 00:00:00+05:30,840.0197299366458,856.0938266429472,838.6802471114362,847.21337890625,2518863,0.0,0.0
2023-12-13 00:00:00+05:30,848.2056069389824,852.5218326601947,833.4710536084222,844.782470703125,2170707,0.0,0.0
2023-12-14 00:00:00+05:30,853.3155788306402,854.8535192152187,839.225937393611,840.8135375976562,2711444,0.0,0.0
2023-12-15 00:00:00+05:30,847.4118405849345,863.7835934910897,844.9808712230812,860.4596557617188,4058044,0.0,0.0
2023-12-18 00:00:00+05:30,837.4399458772606,858.8224347528522,829.6509848229651,848.2552490234375,4324786,0.0,0.0
2023-12-19 00:00:00+05:30,848.9001552103218,854.8039204585476,841.0119351264407,852.0256958007812,1285256,0.0,0.0
2023-12-20 00:00:00+05:30,852.3233616852414,857.0364419739549,833.1733844137777,835.7035522460938,1764901,0.0,0.0
2023-12-21 00:00:00+05:30,823.5487922376101,841.0616311402191,813.7257161540872,835.3563232421875,2106856,0.0,0.0
2023-12-22 00:00:00+05:30,838.4321693028055,850.8846113027848,836.546912981846,848.652099609375,1846933,0.0,0.0
2023-12-26 00:00:00+05:30,850.8350097174301,856.2922605086206,843.3437048344015,845.6754150390625,1294151,0.0,0.0
2023-12-27 00:00:00+05:30,851.7776600337298,874.6484904687185,848.999435307183,869.092041015625,2466359,0.0,0.0
2023-12-28 00:00:00+05:30,876.0376324208643,888.7877308212368,867.2067839662417,873.9539184570312,4482599,0.0,0.0
2023-12-29 00:00:00+05:30,875.1446011431411,880.6018520572991,866.5122103122309,873.408203125,1906630,0.0,0.0
2024-01-01 00:00:00+05:30,873.4081744096329,877.9227969962196,868.1989805264741,870.7787475585938,778184,0.0,0.0
2024-01-02 00:00:00+05:30,876.9802087073688,876.9802087073688,852.4225792848888,863.4363403320312,1615515,0.0,0.0
2024-01-03 00:00:00+05:30,863.2378768728607,863.2378768728607,829.5021437536915,831.1393432617188,3983411,0.0,0.0
2024-01-04 00:00:00+05:30,833.7191075589539,837.2415028634455,828.5099134920874,830.5935668945312,1878399,0.0,0.0
2024-01-05 00:00:00+05:30,832.429189738138,839.2259232070694,820.7705177825919,822.9534301757812,2060548,0.0,0.0
2024-01-08 00:00:00+05:30,829.2540666217711,830.1470955244575,814.3210560564976,815.5613403320312,1107367,0.0,0.0
2024-01-09 00:00:00+05:30,822.0604154403039,825.483612143003,812.882311827965,815.015625,1458862,0.0,0.0
2024-01-10 00:00:00+05:30,817.4465762432209,824.8882822619214,804.8949350948011,823.350341796875,1265739,0.0,0.0
2024-01-11 00:00:00+05:30,828.3114218171894,830.2462773602964,813.7256669178304,815.6605224609375,1205504,0.0,0.0
2024-01-12 00:00:00+05:30,818.0915251302171,824.3425458965622,814.8667859468657,819.3814086914062,1326357,0.0,0.0
2024-01-15 00:00:00+05:30,821.266679136333,824.0449039067086,813.6265155972318,818.7365112304688,1497605,0.0,0.0
2024-01-16 00:00:00+05:30,821.2170504041534,832.9749211357276,812.981514349323,825.8308715820312,1920936,0.0,0.0
2024-01-17 00:00:00+05:30,823.5488016110006,823.5488016110006,803.7538514360302,806.3336791992188,1433551,0.0,0.0
2024-01-18 00:00:00+05:30,806.1848143183998,808.1692692459529,786.4394635649444,797.4036254882812,1991900,0.0,0.0
2024-01-19 00:00:00+05:30,798.9911343943801,814.3210602307079,798.9911343943801,810.3025512695312,1358166,0.0,0.0
2024-01-23 00:00:00+05:30,801.9678273539114,809.6575900040726,782.3217361791992,784.256591796875,1533222,0.0,0.0
2024-01-24 00:00:00+05:30,788.8208217652476,807.6731432917127,777.9063198288732,805.8871459960938,1490515,0.0,0.0
2024-01-25 00:00:00+05:30,808.6653530053547,814.6187175673574,786.6378920137939,809.3599243164062,3240065,0.0,0.0
2024-01-29 00:00:00+05:30,812.6838383632233,817.1984609127695,797.7508281328379,805.3909912109375,1574830,0.0,0.0
2024-01-30 00:00:00+05:30,811.6420241482739,822.9037810658825,803.8530631775101,805.6886596679688,1892910,0.0,0.0
2024-01-31 00:00:00+05:30,805.6886508535677,815.6109248788579,801.7693405014271,812.2869873046875,1954023,0.0,0.0
2024-02-01 00:00:00+05:30,815.6109549006006,815.6109549006006,793.8811497610629,795.46875,2287350,0.0,0.0
2024-02-02 00:00:00+05:30,802.9600250106665,819.8774901013971,798.8422570683614,817.1488647460938,2871131,0.0,0.0
2024-02-05 00:00:00+05:30,817.7442759961692,827.517692140674,804.6964608226458,808.318115234375,2056107,0.0,0.0
2024-02-06 00:00:00+05:30,808.3181221191028,814.3706853828721,798.8423014555633,812.38623046875,1547506,0.0,0.0
2024-02-07 00:00:00+05:30,820.9690289134902,836.3485546237663,816.6032038423988,830.0974731445312,3647454,0.0,0.0
2024-02-08 00:00:00+05:30,834.9097811043606,834.9097811043606,811.6420358139251,815.7101440429688,2294805,0.0,0.0
2024-02-09 00:00:00+05:30,818.4884276649183,818.5876261831835,794.2284549949745,805.4406127929688,1396058,0.0,0.0
2024-02-12 00:00:00+05:30,811.6420442648164,813.2295839412761,796.2129197164323,805.1925659179688,1408603,0.0,0.0
2024-02-13 00:00:00+05:30,806.6313353286131,808.367733404299,784.4054157355308,806.3336791992188,1675844,0.0,0.0
2024-02-14 00:00:00+05:30,791.7974868150553,809.4591229050445,790.3587449336287,806.928955078125,1546826,0.0,0.0
2024-02-15 00:00:00+05:30,811.6420590580803,814.3706845622487,799.338414378618,806.0359497070312,1482200,0.0,0.0
2024-02-16 00:00:00+05:30,811.7909070109747,817.9923285319876,807.1770251750382,813.576904296875,1774587,0.0,0.0
2024-02-19 00:00:00+05:30,819.5302589012013,819.5302589012013,807.6731289863632,813.824951171875,829517,0.0,0.0
2024-02-20 00:00:00+05:30,818.5876519310469,818.5876519310469,805.4902373879986,814.8171997070312,1384043,0.0,0.0
2024-02-21 00:00:00+05:30,814.6187289831252,843.3933247693744,814.5691297232313,821.8123779296875,6419882,0.0,0.0
2024-02-22 00:00:00+05:30,824.5409998024543,828.6587678885862,813.6760972596929,822.2092895507812,2366934,0.0,0.0
2024-02-23 00:00:00+05:30,828.5098972854893,829.7997808218065,812.8823153905834,814.6187133789062,1736000,0.0,0.0
2024-02-26 00:00:00+05:30,818.7860814405418,821.3658485156261,799.9337604065629,802.4639282226562,1188689,0.0,0.0
2024-02-27 00:00:00+05:30,802.6623815856449,814.1721954055884,799.4376424784209,812.5846557617188,1331211,0.0,0.0
2024-02-28 00:00:00+05:30,816.3055402955524,816.3551395562089,788.8208276477496,792.392822265625,1851909,0.0,0.0
2024-02-29 00:00:00+05:30,794.7741934868674,799.6361322531002,783.859691453964,793.8811645507812,3155812,0.0,0.0
2024-03-01 00:00:00+05:30,797.9989427787025,833.1734187037296,797.9989427787025,829.7006225585938,5377896,0.0,0.0
2024-03-04 00:00:00+05:30,832.4788218815222,832.4788218815222,812.1381593683265,817.89306640625,3821690,0.0,0.0
2024-03-05 00:00:00+05:30,818.686852956169,820.2248539676524,804.696469995592,812.9319458007812,2630517,0.0,0.0
2024-03-06 00:00:00+05:30,814.023432020675,816.6031991911434,793.7819676220106,806.5817260742188,2041620,0.0,0.0
2024-03-07 00:00:00+05:30,813.6264927875565,838.3329800245542,811.6916371864592,823.5487670898438,5074846,0.0,0.0
2024-03-11 00:00:00+05:30,825.5332543411789,830.0974764750117,815.7598379942556,823.350341796875,1622850,0.0,0.0
2024-03-12 00:00:00+05:30,822.5565631638871,822.8542192893099,808.665378743749,811.443603515625,1231413,0.0,0.0
2024-03-13 00:00:00+05:30,812.0389430626707,814.2217949335243,782.3217197833529,786.7867431640625,3047464,0.0,0.0
2024-03-14 00:00:00+05:30,785.8441091653131,786.7867373174983,755.8292299958046,779.3450317382812,5262918,0.0,0.0
2024-03-15 00:00:00+05:30,776.0210788415667,784.0581576723749,768.5297735670066,774.5823974609375,3992861,0.0,0.0
2024-03-18 00:00:00+05:30,774.5823647335408,802.2158743376918,772.4490515422302,798.1477661132812,3561533,0.0,0.0
2024-03-19 00:00:00+05:30,795.7664196992426,803.6546400864678,787.5805431873739,794.8237915039062,2192986,0.0,0.0
2024-03-20 00:00:00+05:30,795.9648769545969,803.7042389957376,783.165118553695,788.4735717773438,1538050,0.0,0.0
2024-03-21 00:00:00+05:30,797.7508746732232,813.0808009815206,796.8578457384649,806.0359497070312,2783067,0.0,0.0
2024-03-22 00:00:00+05:30,801.7197516887344,826.4758378165214,800.4794674194139,818.38916015625,3983433,0.0,0.0
2024-03-26 00:00:00+05:30,814.172236367539,827.5177079179356,811.6916676987203,815.5117797851562,2454193,0.0,0.0
2024-03-27 00:00:00+05:30,818.5876432550463,825.9301505824853,809.0622839941994,811.691650390625,1884038,0.0,0.0
2024-03-28 00:00:00+05:30,820.5721134183459,834.314439582004,813.6265211645026,823.7472534179688,3722941,0.0,0.0
2024-04-01 00:00:00+05:30,831.4865957502956,869.6377529777201,831.4865957502956,865.1727294921875,6053539,0.0,0.0
2024-04-02 00:00:00+05:30,864.329276933745,874.995721644397,854.8535172331772,872.4159545898438,2784783,0.0,0.0
2024-04-03 00:00:00+05:30,871.026855338935,872.7136541404499,860.3604100973733,862.2456665039062,1980049,0.0,0.0
2024-04-04 00:00:00+05:30,869.4888687472239,871.8206395011363,846.9156951313952,855.796142578125,2790334,0.0,0.0
2024-04-05 00:00:00+05:30,853.3155941374915,857.8302168547885,840.3670382223239,850.4381103515625,1847243,0.0,0.0
2024-04-08 00:00:00+05:30,857.2845125443279,871.1756967753703,853.5636596252987,869.6377563476562,2462906,0.0,0.0
2024-04-09 00:00:00+05:30,874.9461124065499,884.5211310758568,863.7835541157409,867.8020629882812,2512308,0.0,0.0
2024-04-10 00:00:00+05:30,874.4996400633539,882.0902042908345,868.5462753549793,877.0794677734375,2519596,0.0,0.0
2024-04-12 00:00:00+05:30,877.0298345704742,877.0298345704742,855.3000300015843,859.7154541015625,4129109,0.0,0.0
2024-04-15 00:00:00+05:30,856.1930542216497,875.1445734820497,843.6413532915111,853.7620849609375,1974756,0.0,0.0
2024-04-16 00:00:00+05:30,852.8194777210307,856.8875859675323,836.1996682366477,838.6802368164062,1706563,0.0,0.0
2024-04-18 00:00:00+05:30,839.523587133757,851.3311175336421,835.1578228674733,838.2337036132812,3437879,0.0,0.0
2024-04-19 00:00:00+05:30,836.2988434352025,860.5588155809,826.7238853207871,858.0782470703125,3157898,0.0,0.0
2024-04-22 00:00:00+05:30,860.3603912917367,864.130904022387,846.8165230361093,848.156005859375,1584578,0.0,0.0
2024-04-23 00:00:00+05:30,851.8272383489056,858.2767165658746,841.9545634277019,844.7327880859375,1755588,0.0,0.0
2024-04-24 00:00:00+05:30,844.7328058196528,879.1135107992535,843.3933230015411,875.8391723632812,4257548,0.0,0.0
2024-04-25 00:00:00+05:30,875.8391534031491,902.3316375584288,867.5540181318597,898.7595825195312,4893459,0.0,0.0
2024-04-26 00:00:00+05:30,902.926995693109,906.8959055642874,877.7740536088186,880.3538208007812,3626999,0.0,0.0
2024-04-29 00:00:00+05:30,891.4171466383061,895.4852548738182,879.2623606303235,888.7877197265625,1956431,0.0,0.0
2024-04-30 00:00:00+05:30,895.4356847078719,895.7333408341586,873.2097653468362,875.3430786132812,1831578,0.0,0.0
2024-05-02 00:00:00+05:30,876.136839953456,887.6466541702177,876.136839953456,883.4296875,2448369,0.0,0.0
2024-05-03 00:00:00+05:30,888.8868994544548,896.6759209456527,859.2689355425612,867.4052124023438,3672279,0.0,0.0
2024-05-06 00:00:00+05:30,872.8624865708122,886.0590993424851,867.5540334577823,873.8051147460938,2556178,0.0,0.0
2024-05-07 00:00:00+05:30,873.8051046403566,874.2019592732626,839.1763433394401,850.6861572265625,2369111,0.0,0.0
2024-05-08 00:00:00+05:30,843.7902629761242,859.8642995084433,843.7902629761242,857.9295043945312,1849894,0.0,0.0
2024-05-09 00:00:00+05:30,857.9790977030349,862.047206069136,824.590619413584,828.0634155273438,2282517,0.0,0.0
2024-05-10 00:00:00+05:30,829.4525537731516,849.2971028887924,829.4525537731516,846.96533203125,1947295,0.0,0.0
2024-05-13 00:00:00+05:30,841.2599891373337,855.7961449836774,823.548754013278,853.910888671875,1735081,0.0,0.0
2024-05-14 00:00:00+05:30,857.4333764751882,878.071695355131,854.5062933809847,874.6484985351562,2706050,0.0,0.0
2024-05-15 00:00:00+05:30,875.1445818028409,876.6329229283559,856.6891760707566,864.1804809570312,2194086,0.0,0.0
2024-05-16 00:00:00+05:30,866.0161073382732,881.5444911746284,857.7310323446442,879.5104370117188,3282175,0.0,0.0
2024-05-17 00:00:00+05:30,881.0979540090401,907.8384952434251,871.8702510623128,900.3967895507812,4635724,0.0,0.0
2024-05-21 00:00:00+05:30,885.0668951780938,921.7297119727909,883.8762101127878,916.2724609375,5938708,0.0,0.0
2024-05-22 00:00:00+05:30,917.8103893993703,920.0925004176172,899.0076671476317,908.681884765625,2938404,0.0,0.0
2024-05-23 00:00:00+05:30,904.91142141494,913.6926099971311,883.7769891453609,909.87255859375,3800388,0.0,0.0
2024-05-24 00:00:00+05:30,907.8880832294753,917.8103573631308,899.0076357677027,901.5874633789062,2113036,0.0,0.0
2024-05-27 00:00:00+05:30,903.4231079186407,912.0058997250377,893.1039180465021,894.9395751953125,1893682,0.0,0.0
2024-05-28 00:00:00+05:30,898.8092052218799,908.7314796541389,894.1953839473337,900.2975463867188,1931419,0.0,0.0
2024-05-29 00:00:00+05:30,892.6077820494804,902.9269716642316,889.4823019455583,894.8899536132812,1740879,0.0,0.0
2024-05-30 00:00:00+05:30,893.0047164282645,893.7984862862712,866.462631801091,876.8314208984375,3993159,0.0,0.0
2024-05-31 00:00:00+05:30,885.066888030448,888.4900848552734,870.183476236214,873.7058715820312,5249761,0.0,0.0
2024-06-03 00:00:00+05:30,904.9113916622628,910.5670999723028,890.8217504255459,908.1857299804688,2541803,0.0,0.0
2024-06-04 00:00:00+05:30,906.8958741726703,906.8958741726703,817.3969475633912,835.306640625,4022430,0.0,0.0
2024-06-05 00:00:00+05:30,850.338939803245,874.8469703671354,822.7054290526121,871.5726318359375,1969854,0.0,0.0
2024-06-06 00:00:00+05:30,877.1290353751007,885.9598835980887,870.6795571738131,881.1971435546875,3095781,0.0,0.0
2024-06-07 00:00:00+05:30,881.1971838498016,908.2850419824787,870.282681779297,905.060302734375,3609817,0.0,0.0
2024-06-10 00:00:00+05:30,899.9502795728619,912.8492361709293,893.7488581314833,908.7811279296875,1765715,0.0,0.0
2024-06-11 00:00:00+05:30,908.8307510399475,911.6585750671255,898.0154475380494,903.0261840820312,2003998,0.0,0.0
2024-06-12 00:00:00+05:30,902.9765820709699,917.1158232853093,900.9921271636942,909.7733764648438,1782777,0.0,0.0
2024-06-13 00:00:00+05:30,910.4182604339657,917.859966111145,900.9920999095385,908.6322631835938,1788757,0.0,0.0
2024-06-14 00:00:00+05:30,906.895905824244,916.3220667709949,896.5767159319184,913.9903564453125,2625892,0.0,0.0
2024-06-18 00:00:00+05:30,913.9903469346323,920.2413678063324,907.1935525125608,918.1576538085938,2395045,0.0,0.0
2024-06-19 00:00:00+05:30,921.7792842833358,929.6179052200584,906.2013014895393,907.8385009765625,1793533,0.0,0.0
2024-06-20 00:00:00+05:30,907.8385000245448,930.7093301949016,904.2168456774157,922.4242553710938,3120339,0.0,0.0
2024-06-21 00:00:00+05:30,921.7792988611853,936.6627105758438,915.9747925167713,929.617919921875,4299319,0.0,0.0
2024-06-24 00:00:00+05:30,928.7248670681864,934.3309762272487,914.8336831590469,928.0798950195312,1857847,0.0,0.0
2024-06-25 00:00:00+05:30,929.6178941873268,932.6937749655705,920.7374466645991,922.6723022460938,1733931,0.0,0.0
2024-06-26 00:00:00+05:30,923.6645541935138,925.2024946234745,910.9639944294005,912.0554809570312,1341496,0.0,0.0
2024-06-27 00:00:00+05:30,909.0787942694236,938.2502447212512,908.1857653475204,935.8193359375,4700053,0.0,0.0
2024-06-28 00:00:00+05:30,935.8193001389839,942.0207214128711,921.5312012996458,924.2598266601562,2402672,0.0,0.0
2024-07-01 00:00:00+05:30,927.7326283888284,940.1354710143474,924.3590309703852,936.5634765625,2562034,0.0,0.0
2024-07-02 00:00:00+05:30,937.6549326944695,946.2873235520619,929.2209994374292,930.9573974609375,1936180,0.0,0.0
2024-07-03 00:00:00+05:30,932.1976969697048,945.9896828628519,931.7511825013676,943.0130004882812,1369238,0.0,0.0
2024-07-04 00:00:00+05:30,943.0129731269493,951.9430199915577,935.67046592508,937.0099487304688,1384884,0.0,0.0
2024-07-05 00:00:00+05:30,940.6316185848071,948.5694381509236,937.8533938488177,946.6345825195312,1583550,0.0,0.0
2024-07-08 00:00:00+05:30,948.4702347858412,948.4702347858412,926.7900288701741,931.9000244140625,1569620,0.0,0.0
2024-07-09 00:00:00+05:30,939.0,940.7999877929688,932.2999877929688,935.2999877929688,1489629,7.3,0.0
2024-07-10 00:00:00+05:30,931.0,935.2999877929688,918.9000244140625,925.4000244140625,1483892,0.0,0.0
2024-07-11 00:00:00+05:30,927.1500244140625,932.0,915.4500122070312,925.0,2348723,0.0,0.0
2024-07-12 00:00:00+05:30,929.9500122070312,937.75,924.0,934.4000244140625,1498780,0.0,0.0
2024-07-15 00:00:00+05:30,937.9500122070312,938.7000122070312,926.1500244140625,931.7000122070312,1337839,0.0,0.0
2024-07-16 00:00:00+05:30,932.1500244140625,939.3499755859375,928.1500244140625,934.3499755859375,1442535,0.0,0.0
2024-07-18 00:00:00+05:30,934.3499755859375,935.3499755859375,921.3499755859375,931.4500122070312,1812254,0.0,0.0
2024-07-19 00:00:00+05:30,927.0,927.5,886.5499877929688,889.4500122070312,3001973,0.0,0.0
2024-07-22 00:00:00+05:30,875.5,893.4000244140625,865.1500244140625,888.5499877929688,2725373,0.0,0.0
2024-07-23 00:00:00+05:30,890.0,896.1500244140625,872.0,893.9500122070312,1640412,0.0,0.0
2024-07-24 00:00:00+05:30,895.0,895.0,880.0,881.3499755859375,1519772,0.0,0.0
2024-07-25 00:00:00+05:30,870.0,880.0,862.4000244140625,874.5,1636466,0.0,0.0
2024-07-26 00:00:00+05:30,880.0,908.7999877929688,875.2999877929688,900.5499877929688,2056457,0.0,0.0
2024-07-29 00:00:00+05:30,909.9000244140625,909.9000244140625,895.0499877929688,898.5499877929688,1066351,0.0,0.0
2024-07-30 00:00:00+05:30,895.0499877929688,907.9500122070312,890.1500244140625,902.0999755859375,979026,0.0,0.0
2024-07-31 00:00:00+05:30,908.9500122070312,936.3499755859375,902.7000122070312,928.25,2716481,0.0,0.0
2024-08-01 00:00:00+05:30,937.5499877929688,957.9500122070312,927.75,934.5499877929688,4039078,0.0,0.0
2024-08-02 00:00:00+05:30,919.9000244140625,923.8499755859375,896.0,899.5499877929688,3306705,0.0,0.0
2024-08-05 00:00:00+05:30,884.0,884.0,854.1500244140625,863.7999877929688,4059902,0.0,0.0
2024-08-06 00:00:00+05:30,867.0499877929688,893.0499877929688,867.0499877929688,884.0,2665068,0.0,0.0
2024-08-07 00:00:00+05:30,899.0,910.6500244140625,895.0,906.4500122070312,2262055,0.0,0.0
2024-08-08 00:00:00+05:30,900.0,902.9500122070312,883.4000244140625,887.5499877929688,2796559,0.0,0.0
2024-08-09 00:00:00+05:30,896.0499877929688,914.75,889.0,905.0999755859375,1722454,0.0,0.0
2024-08-12 00:00:00+05:30,904.7999877929688,926.2000122070312,898.0999755859375,917.3499755859375,3822527,0.0,0.0
2024-08-13 00:00:00+05:30,925.0,927.5,905.0,907.8499755859375,1329629,0.0,0.0
2024-08-14 00:00:00+05:30,911.9500122070312,911.9500122070312,885.4000244140625,890.2999877929688,2024615,0.0,0.0
2024-08-16 00:00:00+05:30,900.0,910.7000122070312,882.5499877929688,908.4500122070312,2208842,0.0,0.0
2024-08-19 00:00:00+05:30,910.0,920.0,903.9000244140625,917.75,847523,0.0,0.0
2024-08-20 00:00:00+05:30,923.9000244140625,923.9000244140625,910.7999877929688,917.1500244140625,696605,0.0,0.0
2024-08-21 00:00:00+05:30,910.0,927.0,908.0999755859375,925.7999877929688,1600466,0.0,0.0
2024-08-22 00:00:00+05:30,927.0499877929688,934.8499755859375,924.7999877929688,933.25,1073406,0.0,0.0
2024-08-23 00:00:00+05:30,934.5999755859375,943.9500122070312,929.1500244140625,941.0499877929688,1441218,0.0,0.0
2024-08-26 00:00:00+05:30,945.5,968.9000244140625,937.2000122070312,963.5,2364465,0.0,0.0
2024-08-27 00:00:00+05:30,963.4500122070312,966.9500122070312,942.75,944.0,2480788,0.0,0.0
2024-08-28 00:00:00+05:30,947.5,951.5,935.0,949.25,2285575,0.0,0.0
2024-08-29 00:00:00+05:30,945.0,950.5,930.7999877929688,939.7000122070312,2233515,0.0,0.0
2024-08-30 00:00:00+05:30,947.9000244140625,954.75,938.6500244140625,941.0999755859375,2896103,0.0,0.0
2024-09-02 00:00:00+05:30,941.0999755859375,951.4500122070312,936.1500244140625,940.4500122070312,1316611,0.0,0.0
2024-09-03 00:00:00+05:30,937.0999755859375,941.5499877929688,929.9500122070312,930.9500122070312,1116938,0.0,0.0
2024-09-04 00:00:00+05:30,920.0,934.7000122070312,912.0,933.0499877929688,3020790,0.0,0.0
2024-09-05 00:00:00+05:30,934.5499877929688,944.5499877929688,923.75,925.4500122070312,1482001,0.0,0.0
2024-09-06 00:00:00+05:30,925.4500122070312,939.4000244140625,911.7000122070312,932.7999877929688,1984209,0.0,0.0
2024-09-09 00:00:00+05:30,923.0,936.7000122070312,919.0499877929688,934.25,1793548,0.0,0.0
2024-09-10 00:00:00+05:30,934.0999755859375,948.5,929.7999877929688,938.75,1388455,0.0,0.0
2024-09-11 00:00:00+05:30,941.0499877929688,944.2999877929688,924.25,927.75,1087490,0.0,0.0
2024-09-12 00:00:00+05:30,935.7999877929688,957.5999755859375,929.0,954.7999877929688,3061006,0.0,0.0
2024-09-13 00:00:00+05:30,958.0,972.4500122070312,951.3499755859375,954.5499877929688,2445329,0.0,0.0
2024-09-16 00:00:00+05:30,961.4000244140625,978.5499877929688,957.0999755859375,971.0,2186706,0.0,0.0
2024-09-17 00:00:00+05:30,971.0,974.5499877929688,961.7000122070312,964.25,543055,0.0,0.0
2024-09-18 00:00:00+05:30,962.0499877929688,970.9500122070312,950.0,956.7000122070312,644373,0.0,0.0
2024-09-19 00:00:00+05:30,960.0,965.9500122070312,944.0,948.4000244140625,1278919,0.0,0.0
2024-09-20 00:00:00+05:30,970.0,988.0,965.2000122070312,981.5499877929688,8035572,0.0,0.0
2024-09-23 00:00:00+05:30,986.0,987.9500122070312,976.2000122070312,982.0999755859375,1714600,0.0,0.0
2024-09-24 00:00:00+05:30,991.2999877929688,1009.7999877929688,985.1500244140625,989.7000122070312,5545642,0.0,0.0
2024-09-25 00:00:00+05:30,996.0,998.6500244140625,972.7000122070312,982.6500244140625,1309311,0.0,0.0
2024-09-26 00:00:00+05:30,984.0,1007.9500122070312,975.4500122070312,1005.5499877929688,2706617,0.0,0.0
2024-09-27 00:00:00+05:30,1008.0,1018.9000244140625,997.5,1001.5499877929688,2757284,0.0,0.0
2024-09-30 00:00:00+05:30,1004.0,1032.9000244140625,1004.0,1030.050048828125,4250590,0.0,0.0
2024-10-01 00:00:00+05:30,1029.0,1029.949951171875,1014.4000244140625,1027.300048828125,1392457,0.0,0.0
2024-10-03 00:00:00+05:30,1028.0,1060.0,1025.449951171875,1039.0999755859375,6615927,0.0,0.0
2024-10-04 00:00:00+05:30,1042.0,1063.0,1027.300048828125,1033.75,4855592,0.0,0.0
2024-10-07 00:00:00+05:30,1039.949951171875,1044.0999755859375,1012.5,1018.75,2708970,0.0,0.0
2024-10-08 00:00:00+05:30,1014.4000244140625,1014.4000244140625,984.0,998.2000122070312,4115797,0.0,0.0
2024-10-09 00:00:00+05:30,999.9000244140625,1011.5,985.0,994.5,2138939,0.0,0.0
2024-10-10 00:00:00+05:30,999.0,1012.9500122070312,996.75,1007.4000244140625,1368830,0.0,0.0
2024-10-11 00:00:00+05:30,1007.2999877929688,1025.949951171875,1006.0,1012.0499877929688,1957211,0.0,0.0
2024-10-14 00:00:00+05:30,1017.0,1032.0,1009.4000244140625,1012.5,1831080,0.0,0.0
2024-10-15 00:00:00+05:30,1012.5,1020.5999755859375,992.0,1000.8499755859375,1444250,0.0,0.0
2024-10-16 00:00:00+05:30,995.0,1004.7999877929688,982.0499877929688,989.3499755859375,1248745,0.0,0.0
2024-10-17 00:00:00+05:30,991.0999755859375,995.2000122070312,969.75,979.5,1079467,0.0,0.0
2024-10-18 00:00:00+05:30,978.5,998.25,973.0999755859375,992.5999755859375,1291683,0.0,0.0
2024-10-21 00:00:00+05:30,997.0,1005.0,980.0499877929688,981.4500122070312,953143,0.0,0.0
2024-10-22 00:00:00+05:30,981.0,983.2999877929688,960.4000244140625,963.6500244140625,1318146,0.0,0.0
2024-10-23 00:00:00+05:30,963.6500244140625,971.0,952.1500244140625,954.4500122070312,1306503,0.0,0.0
2024-10-24 00:00:00+05:30,954.4500122070312,962.0499877929688,952.4500122070312,958.0999755859375,650392,0.0,0.0
2024-10-25 00:00:00+05:30,958.0999755859375,959.9500122070312,926.7999877929688,943.8499755859375,2541293,0.0,0.0
2024-10-28 00:00:00+05:30,936.0,972.4500122070312,909.0,967.25,1737402,0.0,0.0
2024-10-29 00:00:00+05:30,972.4500122070312,972.7999877929688,947.0,958.7999877929688,1032874,0.0,0.0
2024-10-30 00:00:00+05:30,966.2000122070312,968.5499877929688,952.2999877929688,957.2999877929688,733890,0.0,0.0
2024-10-31 00:00:00+05:30,958.0,967.8499755859375,954.4500122070312,963.6500244140625,1445602,0.0,0.0
2024-11-01 00:00:00+05:30,969.9000244140625,978.0,965.0,968.2999877929688,136508,0.0,0.0
2024-11-04 00:00:00+05:30,965.0499877929688,968.8499755859375,941.0999755859375,954.9000244140625,957723,0.0,0.0
2024-11-05 00:00:00+05:30,954.9000244140625,1003.0,952.0,999.5,5177028,0.0,0.0
2024-11-06 00:00:00+05:30,1000.0,1015.0499877929688,984.7000122070312,1008.6500244140625,2761749,0.0,0.0
2024-11-07 00:00:00+05:30,1014.0,1018.9500122070312,985.6500244140625,989.7999877929688,2477876,0.0,0.0
2024-11-08 00:00:00+05:30,994.0,1001.5499877929688,976.5,996.4000244140625,3568198,0.0,0.0
2024-11-11 00:00:00+05:30,988.0,995.4500122070312,972.0,979.0,1336153,0.0,0.0
2024-11-12 00:00:00+05:30,987.0,987.7999877929688,953.6500244140625,957.25,731821,0.0,0.0
2024-11-13 00:00:00+05:30,953.5,958.25,928.0499877929688,935.9500122070312,1167594,0.0,0.0
2024-11-14 00:00:00+05:30,935.0499877929688,949.3499755859375,932.4500122070312,939.0499877929688,1662673,0.0,0.0
2024-11-18 00:00:00+05:30,935.0499877929688,956.0499877929688,934.9000244140625,949.8499755859375,1143965,0.0,0.0
2024-11-19 00:00:00+05:30,949.8499755859375,960.9500122070312,945.0,947.2999877929688,617409,0.0,0.0
2024-11-21 00:00:00+05:30,941.0,950.9500122070312,936.4500122070312,944.1500244140625,1669641,0.0,0.0
2024-11-22 00:00:00+05:30,947.9000244140625,981.2999877929688,939.0499877929688,977.3499755859375,1889389,0.0,0.0
2024-11-25 00:00:00+05:30,975.0,980.4500122070312,945.6500244140625,953.2999877929688,4563438,0.0,0.0
2024-11-26 00:00:00+05:30,955.0,966.7999877929688,950.5999755859375,963.5999755859375,1184177,0.0,0.0
2024-11-27 00:00:00+05:30,963.3499755859375,972.0,955.25,968.8499755859375,1327011,0.0,0.0
2024-11-28 00:00:00+05:30,968.8499755859375,974.9500122070312,949.0499877929688,954.1500244140625,2959350,0.0,0.0
2024-11-29 00:00:00+05:30,959.0,971.7000122070312,953.4000244140625,966.0,1326686,0.0,0.0
2024-12-02 00:00:00+05:30,965.9000244140625,991.5499877929688,961.75,989.7999877929688,1272868,0.0,0.0
2024-12-03 00:00:00+05:30,995.0,1015.5,991.0499877929688,998.7999877929688,2118830,0.0,0.0
2024-12-04 00:00:00+05:30,996.0999755859375,1003.0,985.3499755859375,994.8499755859375,1030877,0.0,0.0
2024-12-05 00:00:00+05:30,991.0,1009.9500122070312,977.0,999.2000122070312,2221958,0.0,0.0
2024-12-06 00:00:00+05:30,999.9000244140625,1008.0,994.6500244140625,1003.7999877929688,1218982,0.0,0.0
2024-12-09 00:00:00+05:30,1005.5,1015.5,993.7999877929688,1011.9000244140625,1457470,0.0,0.0
2024-12-10 00:00:00+05:30,1021.0,1023.5,1006.6500244140625,1012.9500122070312,2227505,0.0,0.0
2024-12-11 00:00:00+05:30,1015.9000244140625,1020.5,997.0999755859375,1000.2000122070312,1246315,0.0,0.0
2024-12-12 00:00:00+05:30,1005.0,1012.9500122070312,991.0,1005.7999877929688,1510341,0.0,0.0
2024-12-13 00:00:00+05:30,995.0,1003.5,973.0499877929688,999.8499755859375,2444182,0.0,0.0
2024-12-16 00:00:00+05:30,1004.0,1006.2999877929688,984.0,990.3499755859375,1220082,0.0,0.0
2024-12-17 00:00:00+05:30,990.3499755859375,990.7999877929688,961.0,966.8499755859375,1673092,0.0,0.0
2024-12-18 00:00:00+05:30,967.0499877929688,969.5,941.5499877929688,946.8499755859375,1612799,0.0,0.0
2024-12-19 00:00:00+05:30,934.0499877929688,942.7000122070312,921.5999755859375,925.9500122070312,1926448,0.0,0.0
2024-12-20 00:00:00+05:30,926.0,941.7000122070312,912.0499877929688,917.3499755859375,29003345,0.0,0.0
2024-12-23 00:00:00+05:30,936.0,950.9500122070312,921.5999755859375,937.0499877929688,3988457,0.0,0.0
2024-12-24 00:00:00+05:30,937.0499877929688,937.9500122070312,918.4500122070312,921.8499755859375,2048135,0.0,0.0
2024-12-26 00:00:00+05:30,921.8499755859375,929.4000244140625,913.0999755859375,914.4500122070312,2056005,0.0,0.0
2024-12-27 00:00:00+05:30,914.6500244140625,926.5,911.25,913.2999877929688,1917836,0.0,0.0
2024-12-30 00:00:00+05:30,913.2999877929688,916.7000122070312,895.5999755859375,898.9500122070312,1959379,0.0,0.0
2024-12-31 00:00:00+05:30,898.0499877929688,906.4000244140625,896.5999755859375,901.5,1031176,0.0,0.0
2025-01-01 00:00:00+05:30,901.1500244140625,910.0,890.7000122070312,905.4500122070312,1020555,0.0,0.0
2025-01-02 00:00:00+05:30,909.5,915.7000122070312,901.4500122070312,912.5,1636373,0.0,0.0
2025-01-03 00:00:00+05:30,914.0,924.7000122070312,908.5,915.0499877929688,2691743,0.0,0.0
2025-01-06 00:00:00+05:30,915.0499877929688,919.8499755859375,897.9000244140625,900.9000244140625,1104617,0.0,0.0
2025-01-07 00:00:00+05:30,901.5499877929688,913.7000122070312,899.2000122070312,911.7999877929688,688211,0.0,0.0
2025-01-08 00:00:00+05:30,910.0,911.9500122070312,895.1500244140625,902.2999877929688,744601,0.0,0.0
2025-01-09 00:00:00+05:30,901.0,908.9500122070312,888.7999877929688,890.9500122070312,1459142,0.0,0.0
2025-01-10 00:00:00+05:30,890.9500122070312,908.0,880.25,900.0999755859375,1614629,0.0,0.0
2025-01-13 00:00:00+05:30,895.9500122070312,898.7000122070312,880.0,883.75,1416585,0.0,0.0
2025-01-14 00:00:00+05:30,882.5,911.2999877929688,882.5,906.0499877929688,1948192,0.0,0.0
2025-01-15 00:00:00+05:30,910.0,912.7000122070312,901.5,904.0499877929688,1581897,0.0,0.0
2025-01-16 00:00:00+05:30,910.0,914.4000244140625,900.0999755859375,906.7999877929688,1946590,0.0,0.0
2025-01-17 00:00:00+05:30,906.7999877929688,917.5,905.25,908.5999755859375,911260,0.0,0.0
2025-01-20 00:00:00+05:30,908.5999755859375,925.6500244140625,900.5,919.2000122070312,1299378,0.0,0.0
2025-01-21 00:00:00+05:30,925.0,933.0,919.5499877929688,926.8499755859375,1474919,0.0,0.0
2025-01-22 00:00:00+05:30,932.0,932.0,907.1500244140625,919.4000244140625,1080075,0.0,0.0
2025-01-23 00:00:00+05:30,919.0499877929688,937.3499755859375,912.7999877929688,929.9000244140625,1267989,0.0,0.0
2025-01-24 00:00:00+05:30,930.0,953.0,925.1500244140625,932.4500122070312,3538998,0.0,0.0
2025-01-27 00:00:00+05:30,901.0999755859375,927.0,901.0999755859375,919.3499755859375,3908402,0.0,0.0
2025-01-28 00:00:00+05:30,923.4000244140625,925.5999755859375,904.5,916.1500244140625,1101031,0.0,0.0
2025-01-29 00:00:00+05:30,913.5999755859375,941.0499877929688,908.0,937.5999755859375,1298065,0.0,0.0
2025-01-30 00:00:00+05:30,937.9000244140625,956.0,936.2000122070312,950.8499755859375,2020147,0.0,0.0
2025-01-31 00:00:00+05:30,949.75,959.9000244140625,940.5499877929688,945.0,2037829,0.0,0.0
2025-02-01 00:00:00+05:30,947.8499755859375,955.2000122070312,911.6500244140625,934.25,1339508,0.0,0.0
2025-02-03 00:00:00+05:30,915.0,937.4500122070312,914.0,933.9500122070312,1130056,0.0,0.0
2025-02-04 00:00:00+05:30,936.3499755859375,949.4500122070312,934.2999877929688,944.25,1262634,0.0,0.0
2025-02-05 00:00:00+05:30,941.0999755859375,954.7999877929688,941.0999755859375,949.9000244140625,1209743,0.0,0.0
2025-02-06 00:00:00+05:30,950.5499877929688,956.5499877929688,942.0,948.4000244140625,3060140,0.0,0.0
2025-02-07 00:00:00+05:30,950.9500122070312,985.0,947.7999877929688,980.75,2846285,0.0,0.0
2025-02-10 00:00:00+05:30,974.0,974.0,948.25,959.1500244140625,1665049,0.0,0.0
2025-02-11 00:00:00+05:30,950.0499877929688,967.5,948.5499877929688,954.5,2535726,0.0,0.0
2025-02-12 00:00:00+05:30,952.9000244140625,962.9500122070312,938.0999755859375,956.4000244140625,2768806,0.0,0.0
2025-02-13 00:00:00+05:30,954.0,984.0,953.25,969.7999877929688,1414535,0.0,0.0
2025-02-14 00:00:00+05:30,972.9000244140625,983.7000122070312,954.25,964.5999755859375,2690126,0.0,0.0
2025-02-17 00:00:00+05:30,964.5999755859375,975.0,954.0999755859375,973.5499877929688,1321057,0.0,0.0
2025-02-18 00:00:00+05:30,975.0,981.2000122070312,962.7999877929688,978.7999877929688,1800070,0.0,0.0
2025-02-19 00:00:00+05:30,975.5999755859375,989.9000244140625,971.0999755859375,977.3499755859375,1581818,0.0,0.0
2025-02-20 00:00:00+05:30,977.0,987.6500244140625,975.0,981.1500244140625,1474610,0.0,0.0
2025-02-21 00:00:00+05:30,979.0999755859375,990.9500122070312,975.5499877929688,981.9000244140625,1599075,0.0,0.0
2025-02-24 00:00:00+05:30,971.0,984.9000244140625,957.75,966.7999877929688,1898963,0.0,0.0
2025-02-25 00:00:00+05:30,967.0,973.4500122070312,957.5,958.75,1095348,0.0,0.0
2025-02-27 00:00:00+05:30,958.75,981.0,958.7000122070312,975.0,2049890,0.0,0.0
2025-02-28 00:00:00+05:30,968.0999755859375,968.5999755859375,940.5499877929688,950.7000122070312,2553800,0.0,0.0
2025-03-03 00:00:00+05:30,959.0,981.5499877929688,953.0,976.0499877929688,1744769,0.0,0.0
2025-03-04 00:00:00+05:30,960.0,978.0999755859375,959.9500122070312,974.0999755859375,1077034,0.0,0.0
2025-03-05 00:00:00+05:30,975.0,1008.0,970.9000244140625,1002.7000122070312,2472192,0.0,0.0
2025-03-06 00:00:00+05:30,1013.0,1016.2000122070312,997.0999755859375,1011.0999755859375,2203409,0.0,0.0
2025-03-07 00:00:00+05:30,1011.0,1020.4000244140625,1005.5499877929688,1011.1500244140625,759943,0.0,0.0
2025-03-10 00:00:00+05:30,1011.1500244140625,1032.75,1010.25,1013.5,1855010,0.0,0.0
2025-03-11 00:00:00+05:30,1003.8499755859375,1021.0,1001.4500122070312,1018.6500244140625,1595868,0.0,0.0
2025-03-12 00:00:00+05:30,1024.699951171875,1024.949951171875,994.0999755859375,1010.4000244140625,1263600,0.0,0.0
2025-03-13 00:00:00+05:30,1014.9000244140625,1016.4500122070312,998.7999877929688,1001.2000122070312,1218174,0.0,0.0
2025-03-17 00:00:00+05:30,1007.5499877929688,1015.4500122070312,1000.1500244140625,1005.7000122070312,1522656,0.0,0.0
2025-03-18 00:00:00+05:30,1005.7000122070312,1005.7000122070312,1005.7000122070312,1005.7000122070312,0,0.0,0.0
2025-03-19 00:00:00+05:30,1036.0,1047.0,1024.0,1033.3499755859375,2652155,0.0,0.0
2025-03-20 00:00:00+05:30,1038.0,1052.800048828125,1027.199951171875,1050.25,2301795,0.0,0.0
2025-03-21 00:00:00+05:30,1052.0,1062.550048828125,1047.699951171875,1058.699951171875,2630144,0.0,0.0
2025-03-24 00:00:00+05:30,1063.0,1072.0,1056.5,1061.3499755859375,2267252,0.0,0.0
2025-03-25 00:00:00+05:30,1061.3499755859375,1074.9000244140625,1052.0,1061.699951171875,1571677,0.0,0.0
2025-03-26 00:00:00+05:30,1068.050048828125,1068.050048828125,1052.199951171875,1056.449951171875,1254060,0.0,0.0
2025-03-27 00:00:00+05:30,1051.949951171875,1069.0,1050.0,1059.75,2514499,0.0,0.0
2025-03-28 00:00:00+05:30,1059.75,1068.199951171875,1053.949951171875,1063.199951171875,1674204,0.0,0.0
2025-04-01 00:00:00+05:30,1063.0,1070.449951171875,1053.3499755859375,1056.25,1776263,0.0,0.0
2025-04-02 00:00:00+05:30,1058.0999755859375,1066.3499755859375,1046.25,1055.9000244140625,878958,0.0,0.0
2025-04-03 00:00:00+05:30,1045.0,1055.800048828125,1041.550048828125,1044.050048828125,1607693,0.0,0.0
2025-04-04 00:00:00+05:30,1032.300048828125,1038.949951171875,997.8499755859375,1005.75,3818643,0.0,0.0
2025-04-07 00:00:00+05:30,906.0,959.0,905.2000122070312,930.2999877929688,4581682,0.0,0.0
2025-04-08 00:00:00+05:30,949.3499755859375,970.4500122070312,933.7999877929688,954.5999755859375,1717533,0.0,0.0
2025-04-09 00:00:00+05:30,945.1500244140625,953.4000244140625,938.0499877929688,945.5499877929688,1773658,0.0,0.0
2025-04-11 00:00:00+05:30,972.4500122070312,997.0,968.3499755859375,990.25,3641633,0.0,0.0
2025-04-15 00:00:00+05:30,1010.0,1015.7000122070312,1002.2000122070312,1008.0,1287903,0.0,0.0
2025-04-16 00:00:00+05:30,1003.0,1015.0999755859375,992.0999755859375,1009.4000244140625,1281034,0.0,0.0
2025-04-17 00:00:00+05:30,996.0,1008.5999755859375,987.0999755859375,1007.2000122070312,2074019,0.0,0.0
2025-04-21 00:00:00+05:30,1001.0,1043.800048828125,1000.5,1034.0,1345056,0.0,0.0
2025-04-22 00:00:00+05:30,1060.0,1060.4000244140625,1037.0,1044.199951171875,2153582,0.0,0.0
2025-04-23 00:00:00+05:30,1051.0,1053.9000244140625,1028.5,1039.199951171875,893969,0.0,0.0
2025-04-24 00:00:00+05:30,1035.5,1047.5,1029.5,1044.5,1242921,0.0,0.0
2025-04-25 00:00:00+05:30,1050.0,1056.9000244140625,1017.5999755859375,1028.4000244140625,2784217,0.0,0.0
2025-04-28 00:00:00+05:30,1021.4000244140625,1058.9000244140625,1019.2000122070312,1054.4000244140625,1485915,0.0,0.0
2025-04-29 00:00:00+05:30,1055.0,1061.5999755859375,1034.0999755859375,1035.5999755859375,1206750,0.0,0.0
2025-04-30 00:00:00+05:30,1030.0,1042.300048828125,1021.0,1029.800048828125,1755328,0.0,0.0
2025-05-02 00:00:00+05:30,1021.2000122070312,1037.0,948.2999877929688,967.5,6209775,0.0,0.0
2025-05-05 00:00:00+05:30,959.7999877929688,972.4000244140625,952.7000122070312,955.5,1646426,0.0,0.0
2025-05-06 00:00:00+05:30,960.0,971.9000244140625,955.0,967.5,1462046,0.0,0.0
2025-05-07 00:00:00+05:30,957.9000244140625,975.0,957.9000244140625,966.0999755859375,1014461,0.0,0.0
2025-05-08 00:00:00+05:30,962.5,969.5,949.0,953.2000122070312,1646385,0.0,0.0
2025-05-09 00:00:00+05:30,935.0,959.0,935.0,957.0,1481537,0.0,0.0
2025-05-12 00:00:00+05:30,973.0,1007.7000122070312,969.7000122070312,1005.2000122070312,1335817,0.0,0.0
2025-05-13 00:00:00+05:30,1005.2000122070312,1010.9000244140625,988.0999755859375,989.9000244140625,934177,0.0,0.0
2025-05-14 00:00:00+05:30,995.2000122070312,1012.0999755859375,987.0,989.2999877929688,1650066,0.0,0.0
2025-05-15 00:00:00+05:30,993.0,1040.5999755859375,990.0,1038.300048828125,5297654,0.0,0.0
2025-05-16 00:00:00+05:30,1043.4000244140625,1044.5999755859375,1020.2999877929688,1021.7999877929688,1048380,0.0,0.0
2025-05-19 00:00:00+05:30,1033.9000244140625,1034.0,1016.7000122070312,1019.5999755859375,1434608,0.0,0.0
2025-05-20 00:00:00+05:30,1031.0,1034.5,1010.7999877929688,1012.7000122070312,1624336,0.0,0.0
2025-05-21 00:00:00+05:30,1016.0,1018.9000244140625,999.0999755859375,1000.9000244140625,875245,0.0,0.0
2025-05-22 00:00:00+05:30,1002.0,1011.5,987.9000244140625,1005.5999755859375,1283310,0.0,0.0
2025-05-23 00:00:00+05:30,1011.0,1022.5,1005.0999755859375,1008.5,1568154,0.0,0.0
2025-05-26 00:00:00+05:30,1009.2000122070312,1036.0,979.5,1032.300048828125,4716572,0.0,0.0
2025-05-27 00:00:00+05:30,1032.0,1033.0999755859375,1009.0,1013.7000122070312,1158374,0.0,0.0
2025-05-28 00:00:00+05:30,1014.9000244140625,1017.9000244140625,998.5,1001.0,1790498,0.0,0.0
2025-05-29 00:00:00+05:30,1020.4000244140625,1023.7000122070312,998.2000122070312,1006.2000122070312,3282246,0.0,0.0
