timestamp,Open,High,Low,Close,Volume,Dividends,Stock Splits
2020-06-01 00:00:00+05:30,874.0207898271749,901.3151450206705,854.9147186030469,858.7544555664062,7617144,0.0,0.0
2020-06-02 00:00:00+05:30,865.0922360661249,881.7464181508203,844.7833749518368,874.7609252929688,7325471,0.0,0.0
2020-06-03 00:00:00+05:30,884.4758718262444,900.112264579543,883.5968898038271,889.4258422851562,4651554,0.0,0.0
2020-06-04 00:00:00+05:30,889.1945490941652,895.6249252963668,859.1707476904579,861.11376953125,5355931,0.0,0.0
2020-06-05 00:00:00+05:30,869.7183929579136,888.1305389719791,866.5725804372581,883.8281860351562,6071040,0.0,0.0
2020-06-08 00:00:00+05:30,906.2651590482185,920.6062616161076,878.0455701243077,889.47216796875,9858804,0.0,0.0
2020-06-09 00:00:00+05:30,892.3866621695415,897.7067485432842,878.6932337540751,882.0240478515625,5117749,0.0,0.0
2020-06-10 00:00:00+05:30,885.4473760621346,887.7604569818371,865.7399379206093,875.7786865234375,5175923,0.0,0.0
2020-06-11 00:00:00+05:30,873.4193332634939,880.8211920199642,858.8006735138052,860.8824462890625,3602957,0.0,0.0
2020-06-12 00:00:00+05:30,823.4568331108862,860.3736283300447,823.4568331108862,857.1353149414062,5411314,0.0,0.0
2020-06-15 00:00:00+05:30,852.8791933454978,859.9572436142556,827.250245222644,832.6166381835938,4982324,0.0,0.0
2020-06-16 00:00:00+05:30,851.2137700715176,855.5623734520929,824.520839109586,828.1292114257812,4661460,0.0,0.0
2020-06-17 00:00:00+05:30,825.9549885534334,832.4778657879112,815.2222586513609,818.6456298828125,4681085,0.0,0.0
2020-06-18 00:00:00+05:30,810.5035482958828,832.7091249615233,808.653083573746,829.609619140625,5869802,0.0,0.0
2020-06-19 00:00:00+05:30,834.5595114849992,847.420262687471,828.1753862031427,831.0436401367188,5409996,0.0,0.0
2020-06-22 00:00:00+05:30,837.3353421227455,847.5128987673313,829.0082503226297,839.6021728515625,6839642,0.0,0.0
2020-06-23 00:00:00+05:30,841.9614596662697,897.475402061848,841.03622729301,895.2548217773438,14580218,0.0,0.0
2020-06-24 00:00:00+05:30,905.8024841510115,915.8875395050101,880.821210328665,884.1057739257812,11985132,0.0,0.0
2020-06-25 00:00:00+05:30,878.878234059873,892.6641622264583,866.2487898619897,872.5866088867188,7508087,0.0,0.0
2020-06-26 00:00:00+05:30,883.596921536967,903.1193021361707,870.1810520476623,890.2586059570312,6554103,0.0,0.0
2020-06-29 00:00:00+05:30,878.9707065129062,884.6146010923619,860.4660600600029,866.5725708007812,4575801,0.0,0.0
2020-06-30 00:00:00+05:30,877.7679320410665,880.9599949076382,861.7614238572593,873.0955200195312,3656480,0.0,0.0
2020-07-01 00:00:00+05:30,870.6436524790357,870.6436524790357,848.4380757951922,855.1922607421875,6426017,0.0,0.0
2020-07-02 00:00:00+05:30,866.0174834309294,879.6184103304348,856.7651598900005,870.9212036132812,6542705,0.0,0.0
2020-07-03 00:00:00+05:30,877.1202560315727,883.9669979183896,871.1987464823419,873.650634765625,3928063,0.0,0.0
2020-07-06 00:00:00+05:30,881.8389011764733,887.7604106102867,875.8711978927213,880.0809936523438,3900219,0.0,0.0
2020-07-07 00:00:00+05:30,883.5968035973227,889.9809287460233,869.7183197711868,873.0491333007812,4051767,0.0,0.0
2020-07-08 00:00:00+05:30,874.2983099130164,892.2940901984493,867.8679338635043,870.8749389648438,5227021,0.0,0.0
2020-07-09 00:00:00+05:30,874.3445901679369,880.8212167617735,869.7184283151965,874.29833984375,3777760,0.0,0.0
2020-07-10 00:00:00+05:30,869.7183733265341,880.8211610711282,860.9749166833266,862.455322265625,4537688,0.0,0.0
2020-07-13 00:00:00+05:30,869.7184366740953,874.1595408010693,855.8399509824874,858.7544555664062,3821300,0.0,0.0
2020-07-14 00:00:00+05:30,858.6156395212555,865.0460157883036,838.1217199332257,844.6446533203125,3646237,0.0,0.0
2020-07-15 00:00:00+05:30,849.4095962459966,855.8399727409314,841.3138127200688,843.9970092773438,3229770,0.0,0.0
2020-07-16 00:00:00+05:30,844.7371655225156,854.9147217336302,831.2750456467,852.27783203125,3134451,0.0,0.0
2020-07-17 00:00:00+05:30,853.1566921127976,860.4197996433676,849.3632622231385,856.3487548828125,2040517,0.0,0.0
2020-07-20 00:00:00+05:30,859.5408344188379,862.224030764046,846.587581801116,850.8436279296875,3035845,0.0,0.0
2020-07-21 00:00:00+05:30,857.6904388317505,871.8464833239531,851.7689288552335,867.9142456054688,4756570,0.0,0.0
2020-07-22 00:00:00+05:30,868.978187551459,870.6435943973055,841.9613930940999,852.0464477539062,4977432,0.0,0.0
2020-07-23 00:00:00+05:30,843.8119324714294,867.8217240811578,843.2105088343859,848.021728515625,9075059,0.0,0.0
2020-07-24 00:00:00+05:30,846.0324747725226,846.1249754178958,830.9048921217794,836.7801513671875,6059379,0.0,0.0
2020-07-27 00:00:00+05:30,840.110962698929,846.5875890633481,829.2857330526314,836.2249755859375,3615970,0.0,0.0
2020-07-28 00:00:00+05:30,840.8511646429886,848.438081354017,831.7838987320189,845.1997680664062,3793721,0.0,0.0
2020-07-29 00:00:00+05:30,850.8436145120887,870.5048012110788,848.6693411599388,853.0179443359375,7245021,0.0,0.0
2020-07-30 00:00:00+05:30,859.5408564934284,862.9642274960847,836.5951054185145,840.34228515625,3364408,0.0,0.0
2020-07-31 00:00:00+05:30,845.5699303360275,853.8970221072565,839.2320543826801,845.153564453125,2943858,0.0,0.0
2020-08-03 00:00:00+05:30,844.737213504956,850.9825324437933,835.9937556962425,847.42041015625,3583167,0.0,0.0
2020-08-04 00:00:00+05:30,849.3632333067774,860.4660206702647,848.0678855256918,855.1459350585938,3860346,0.0,0.0
2020-08-05 00:00:00+05:30,862.3325031674652,872.1789204646149,859.3925514361713,864.012451171875,3007723,8.0,0.0
2020-08-06 00:00:00+05:30,864.2924045845099,871.4322545743772,858.879213652892,860.6525268554688,2188023,0.0,0.0
2020-08-07 00:00:00+05:30,861.0258084371894,865.0390332105898,853.1393213219828,854.5859985351562,2461109,0.0,0.0
2020-08-10 00:00:00+05:30,863.3124921842513,905.3114782905121,863.3124921842513,896.0250244140625,11861641,0.0,0.0
2020-08-11 00:00:00+05:30,904.9380952703841,914.3645681789982,893.271710703858,897.7516479492188,5427516,0.0,0.0
2020-08-12 00:00:00+05:30,888.5118143754936,892.2450572930377,881.9786392697914,886.411865234375,3672458,0.0,0.0
2020-08-13 00:00:00+05:30,893.1784563952269,927.3843207975254,888.0919010238462,924.6310424804688,8816193,0.0,0.0
2020-08-14 00:00:00+05:30,933.2641149763472,949.177052196921,908.4847254491158,917.2578125,13443785,0.0,0.0
2020-08-17 00:00:00+05:30,935.1774184311903,939.8439724153778,921.8310854293679,934.0574340820312,4735094,0.0,0.0
2020-08-18 00:00:00+05:30,938.8639698608548,940.7772455247721,929.0175527416196,937.5573120117188,4362050,0.0,0.0
2020-08-19 00:00:00+05:30,949.4103997563917,956.5968472571973,938.3506896967717,941.8038940429688,4914223,0.0,0.0
2020-08-20 00:00:00+05:30,920.2444578913507,937.977363266539,915.5779038452486,929.34423828125,4791040,0.0,0.0
2020-08-21 00:00:00+05:30,942.6438434950946,942.6438434950946,925.844250244687,927.8508911132812,2806380,0.0,0.0
2020-08-24 00:00:00+05:30,929.5775890549344,934.6174903357195,923.9777240606275,925.2376708984375,2026255,0.0,0.0
2020-08-25 00:00:00+05:30,926.77763780006,933.2175051990807,912.5913020419889,915.0179443359375,2914757,0.0,0.0
2020-08-26 00:00:00+05:30,921.1777299381926,922.1110407081401,900.6448929993473,904.3314819335938,4482066,0.0,0.0
2020-08-27 00:00:00+05:30,910.2113888970566,914.6446153490034,900.9249347258138,910.5380249023438,4466609,0.0,0.0
2020-08-28 00:00:00+05:30,922.111038794328,937.6973400130563,912.9646046607793,916.3711547851562,7821191,0.0,0.0
2020-08-31 00:00:00+05:30,922.2043316214292,929.0175456854745,877.6854543056511,881.9320068359375,8489726,0.0,0.0
2020-09-01 00:00:00+05:30,900.5983159421505,901.5782809415235,880.3921132572929,891.49853515625,5099949,0.0,0.0
2020-09-02 00:00:00+05:30,892.6651367933588,895.7917052250689,884.7786490455156,891.8251342773438,2107714,0.0,0.0
2020-09-03 00:00:00+05:30,895.9783056110177,906.244723696144,889.7251122934875,897.0516357421875,3278899,0.0,0.0
2020-09-04 00:00:00+05:30,884.7785948897547,892.3851003216021,877.3121088569297,879.6453857421875,3130721,0.0,0.0
2020-09-07 00:00:00+05:30,883.9853182834034,887.3452142683252,855.1459927145444,869.9856567382812,3470806,0.0,0.0
2020-09-08 00:00:00+05:30,873.5789274710999,873.5789274710999,852.0661244642583,855.5660400390625,3738931,0.0,0.0
2020-09-09 00:00:00+05:30,847.0261630086804,866.112379312122,840.9129889657564,848.8461303710938,5656245,0.0,0.0
2020-09-10 00:00:00+05:30,856.4993326730123,861.4458685207516,851.1794497193125,859.5325927734375,2948599,0.0,0.0
2020-09-11 00:00:00+05:30,858.6459456729907,860.0925660363333,851.1794591888778,856.2193603515625,2632298,0.0,0.0
2020-09-14 00:00:00+05:30,860.8859531434479,861.7725528815158,840.9130781137707,841.939697265625,5006356,0.0,0.0
2020-09-15 00:00:00+05:30,849.3128284634776,854.1660560190801,839.9797204583845,849.2661743164062,4488829,0.0,0.0
2020-09-16 00:00:00+05:30,853.9793647801454,862.3791618107697,850.5727576429289,860.3258666992188,3596197,0.0,0.0
2020-09-17 00:00:00+05:30,853.9794349974904,856.7327134213115,844.692980568224,845.859619140625,4512652,0.0,0.0
2020-09-18 00:00:00+05:30,850.4327583835651,853.1393253529411,837.1797344716623,840.6329956054688,7496145,0.0,0.0
2020-09-21 00:00:00+05:30,840.9130869317556,843.5263459532391,815.993675515407,823.0401611328125,4597697,0.0,0.0
2020-09-22 00:00:00+05:30,828.7333114437772,828.7333114437772,795.1807777952605,799.3806762695312,5089087,0.0,0.0
2020-09-23 00:00:00+05:30,808.4337887713638,815.4336194459632,797.5606956709121,803.2072143554688,3709291,0.0,0.0
2020-09-24 00:00:00+05:30,798.9140038552522,802.553938574612,786.7809640770766,793.9674682617188,11609426,0.0,0.0
2020-09-25 00:00:00+05:30,802.7405627686002,835.6864782044701,795.180768390234,829.9465942382812,4961967,0.0,0.0
2020-09-28 00:00:00+05:30,838.1130530531641,856.312612668461,833.4464993056521,842.6395874023438,3853608,0.0,0.0
2020-09-29 00:00:00+05:30,849.2661606870774,851.9727277862562,832.8865677939588,835.733154296875,3362381,0.0,0.0
2020-09-30 00:00:00+05:30,837.926391918109,844.1795854253243,825.1400230676352,841.4729614257812,3582787,0.0,0.0
2020-10-01 00:00:00+05:30,849.266089853688,852.6726397578904,840.6329658075736,842.5928955078125,2506154,0.0,0.0
2020-10-05 00:00:00+05:30,847.3994744986153,847.9594381413268,835.3597434974297,837.133056640625,2788003,0.0,0.0
2020-10-06 00:00:00+05:30,840.9597302654483,844.2263182414812,829.0133627746256,833.0732421875,3497325,0.0,0.0
2020-10-07 00:00:00+05:30,835.3131291092525,835.3131291092525,817.6268788373934,828.6866455078125,5073845,0.0,0.0
2020-10-08 00:00:00+05:30,830.9266434821025,834.3799050413356,820.4268963549044,822.2935180664062,3918217,0.0,0.0
2020-10-09 00:00:00+05:30,828.2200895352378,853.9327926328665,826.5400843959751,847.8662719726562,9668150,0.0,0.0
2020-10-12 00:00:00+05:30,855.7993447367547,864.0124683385392,841.8929911074827,845.3462524414062,6188905,0.0,0.0
2020-10-13 00:00:00+05:30,847.3995784379059,854.6327373614131,829.5733074282055,836.66650390625,4548652,0.0,0.0
2020-10-14 00:00:00+05:30,837.1797484660682,855.8459635935168,828.033314446572,854.166015625,5286914,0.0,0.0
2020-10-15 00:00:00+05:30,852.1127436367518,857.712608326588,826.3533888494127,829.526611328125,4927777,0.0,0.0
2020-10-16 00:00:00+05:30,834.3798362392786,843.2462886377944,830.1799377347185,834.47314453125,2373435,0.0,0.0
2020-10-19 00:00:00+05:30,839.0463446709057,845.5795197684545,825.0466837475869,842.686279296875,5800391,0.0,0.0
2020-10-20 00:00:00+05:30,857.7126774472599,873.1123065853228,852.1128123061461,856.1260375976562,13188572,0.0,0.0
2020-10-21 00:00:00+05:30,863.2658497434463,868.9123687813483,848.0528948516144,862.7991943359375,6390783,0.0,0.0
2020-10-22 00:00:00+05:30,860.5124936287261,876.3787760492124,858.7858915629915,873.8588256835938,6151367,0.0,0.0
2020-10-23 00:00:00+05:30,877.3121213064409,885.2452628288928,866.1123920982736,878.478759765625,5102184,0.0,0.0
2020-10-26 00:00:00+05:30,886.5051902128403,895.2783340201593,880.11203438208,888.2785034179688,6975809,0.0,0.0
2020-10-27 00:00:00+05:30,895.9783554091493,920.2444358681472,891.4518208786673,916.4645385742188,9638520,0.0,0.0
2020-10-28 00:00:00+05:30,923.9310453068538,928.3176174951969,909.231400088263,917.3045043945312,7369181,0.0,0.0
2020-10-29 00:00:00+05:30,887.6718296745186,894.8583338273766,864.2457526846325,872.1788940429688,11852038,0.0,0.0
2020-10-30 00:00:00+05:30,878.2454643557314,883.6586556123663,862.5658542809106,867.5123901367188,4797473,0.0,0.0
2020-11-02 00:00:00+05:30,867.9790736041434,875.3989061101655,859.2526401124193,867.3257446289062,3682174,0.0,0.0
2020-11-03 00:00:00+05:30,881.8853751598484,889.3518613689621,870.3122987498145,884.5452880859375,4049112,0.0,0.0
2020-11-04 00:00:00+05:30,888.8264111177828,904.4290601327094,884.7830477276297,894.1541137695312,3369408,18.0,0.0
2020-11-05 00:00:00+05:30,905.713574191066,913.1343250551588,898.3879380804093,911.5169677734375,2889134,0.0,0.0
2020-11-06 00:00:00+05:30,912.3731713911657,920.4598991876463,903.9058684713357,914.0380859375,3419233,0.0,0.0
2020-11-09 00:00:00+05:30,923.7897044491683,927.2146482005147,915.6078621167242,918.8900756835938,3040456,0.0,0.0
2020-11-10 00:00:00+05:30,927.5952770229816,986.4857080938448,924.3605625734973,983.4412231445312,12149416,0.0,0.0
2020-11-11 00:00:00+05:30,989.4349795956084,1011.1264852177572,971.5966085692453,1007.9392700195312,10254627,0.0,0.0
2020-11-12 00:00:00+05:30,1003.6104513558116,1023.5418092711423,1001.2795014500967,1021.0206298828125,6743163,0.0,0.0
2020-11-13 00:00:00+05:30,1013.2670353474897,1016.2162893051499,987.6272817541674,1000.3757934570312,5025096,0.0,0.0
2020-11-14 00:00:00+05:30,1008.5101206522581,1015.8833134969691,1002.7542268806861,1007.7013549804688,911852,0.0,0.0
2020-11-17 00:00:00+05:30,1011.316714123396,1043.5208967035724,1009.4615699918422,1028.346435546875,7611327,0.0,0.0
2020-11-18 00:00:00+05:30,1028.3462583975163,1098.1299305629757,1026.681344056182,1092.3265380859375,13436421,0.0,0.0
2020-11-19 00:00:00+05:30,1070.3497702689956,1119.773898875737,1053.843239684107,1079.1024169921875,10841151,0.0,0.0
2020-11-20 00:00:00+05:30,1084.5730148185569,1104.5519914073197,1064.118348311014,1077.2474365234375,7009257,0.0,0.0
2020-11-23 00:00:00+05:30,1083.4312769599462,1092.041193787488,1068.256700669604,1071.11083984375,4998877,0.0,0.0
2020-11-24 00:00:00+05:30,1079.8160581534153,1088.378476235689,1073.441860035147,1080.291748046875,4623887,0.0,0.0
2020-11-25 00:00:00+05:30,1085.9998036046181,1091.9935414846384,1058.3621800198189,1061.7396240234375,4651911,0.0,0.0
2020-11-26 00:00:00+05:30,1075.0590789340033,1079.768362073476,1047.9923724715668,1064.451171875,7360928,0.0,0.0
2020-11-27 00:00:00+05:30,1074.1076961610825,1084.3826435173307,1038.9066467740495,1067.82861328125,18995549,0.0,0.0
2020-12-01 00:00:00+05:30,1084.5728671030038,1084.5728671030038,1057.1730850589458,1061.692138671875,3551604,0.0,0.0
2020-12-02 00:00:00+05:30,1065.5929823067588,1077.009539808863,1050.4184049457413,1059.5992431640625,4434968,0.0,0.0
2020-12-03 00:00:00+05:30,1079.8160135763146,1082.146847503954,1065.830777740032,1070.4449462890625,4087608,0.0,0.0
2020-12-04 00:00:00+05:30,1075.0590578189565,1105.503208128874,1073.8698331974754,1093.6109619140625,6542918,0.0,0.0
2020-12-07 00:00:00+05:30,1098.6533919238377,1114.921962572384,1088.3784440746376,1112.828857421875,5484461,0.0,0.0
2020-12-08 00:00:00+05:30,1117.823617574736,1125.006581313322,1092.231594595113,1114.4462890625,4982626,0.0,0.0
2020-12-09 00:00:00+05:30,1120.7253285665618,1127.3849867159386,1109.641731419483,1123.5794677734375,4304573,0.0,0.0
2020-12-10 00:00:00+05:30,1124.5307346769632,1135.709445448921,1113.1617944310558,1132.4747314453125,4921373,0.0,0.0
2020-12-11 00:00:00+05:30,1130.2391711279959,1157.6389550639772,1124.5308924859353,1136.23291015625,6689415,0.0,0.0
2020-12-14 00:00:00+05:30,1139.8480512387262,1202.4488850226273,1139.8480512387262,1188.8917236328125,9723233,0.0,0.0
2020-12-15 00:00:00+05:30,1189.2246563910483,1191.127415841274,1156.972860482679,1185.656982421875,6953407,0.0,0.0
2020-12-16 00:00:00+05:30,1195.1707241029023,1215.8632321619973,1186.4180774929114,1206.5872802734375,5729223,0.0,0.0
2020-12-17 00:00:00+05:30,1208.2522019524758,1221.5715175645505,1193.077742405663,1216.6243896484375,5345257,0.0,0.0
2020-12-18 00:00:00+05:30,1221.5239410686513,1237.7450116960033,1208.2522404718864,1219.24072265625,10315248,0.0,0.0
2020-12-21 00:00:00+05:30,1214.1984247853204,1273.4218151421362,1097.892248542417,1174.811279296875,21153346,0.0,0.0
2020-12-22 00:00:00+05:30,1175.1918019829393,1206.3494878885788,1154.546908462909,1201.30712890625,7998730,0.0,0.0
2020-12-23 00:00:00+05:30,1206.3495445816245,1209.4891442668813,1187.6549089326322,1203.30517578125,4057070,0.0,0.0
2020-12-24 00:00:00+05:30,1213.0091276140622,1218.7174058616577,1192.5544638935112,1200.8314208984375,3277840,0.0,0.0
2020-12-28 00:00:00+05:30,1213.0092144433772,1228.2312908599215,1204.9224863470881,1226.7091064453125,3405825,0.0,0.0
2020-12-29 00:00:00+05:30,1231.9891612750323,1232.084392158247,1206.064063077713,1222.3802490234375,3778319,0.0,0.0
2020-12-30 00:00:00+05:30,1225.5673197466317,1233.3210877606157,1209.2036348712275,1229.230224609375,2866392,0.0,0.0
2020-12-31 00:00:00+05:30,1230.1339334902602,1240.5991100319407,1219.6687569485796,1224.9964599609375,3889877,0.0,0.0
2021-01-01 00:00:00+05:30,1220.6201375168657,1236.7459767454848,1220.6201375168657,1233.939453125,2058419,0.0,0.0
2021-01-04 00:00:00+05:30,1241.5506152126577,1258.24737683685,1238.6964758673414,1250.683837890625,4014636,0.0,0.0
2021-01-05 00:00:00+05:30,1243.4532728541913,1249.1615510769343,1232.0843318479817,1242.787353515625,2833637,0.0,0.0
2021-01-06 00:00:00+05:30,1244.404636888199,1265.3349901080312,1236.7935993537149,1250.1129150390625,4615963,0.0,0.0
2021-01-07 00:00:00+05:30,1265.3350513161204,1281.3182773657811,1260.578152626962,1273.849853515625,4270598,0.0,0.0
2021-01-08 00:00:00+05:30,1284.1723406710873,1315.7104842077913,1281.5084311085352,1306.6248779296875,4984995,0.0,0.0
2021-01-11 00:00:00+05:30,1314.8066981336806,1317.6132216937012,1279.605650499132,1284.362548828125,3252470,0.0,0.0
2021-01-12 00:00:00+05:30,1288.1682340103541,1300.3934410691527,1278.7020515660681,1284.1724853515625,2836161,0.0,0.0
2021-01-13 00:00:00+05:30,1288.168036260975,1306.244249472909,1278.9397001805455,1286.740966796875,4389762,0.0,0.0
2021-01-14 00:00:00+05:30,1291.9735513727057,1322.1322395125208,1290.3086370023802,1309.669189453125,5168591,0.0,0.0
2021-01-15 00:00:00+05:30,1309.7644567905568,1317.1852653026897,1279.6533805785984,1288.3109130859375,2587576,0.0,0.0
2021-01-18 00:00:00+05:30,1279.7958511503025,1288.0253083011314,1261.6721386062106,1271.0908203125,3185998,0.0,0.0
2021-01-19 00:00:00+05:30,1274.8965110443423,1314.806846060765,1271.994756283099,1303.24755859375,3885798,0.0,0.0
2021-01-20 00:00:00+05:30,1302.4388147124278,1325.3195430465983,1296.3024620760145,1315.4251708984375,3957992,0.0,0.0
2021-01-21 00:00:00+05:30,1327.1748526085373,1328.1262324311958,1294.8755540833758,1304.627197265625,2985423,0.0,0.0
2021-01-22 00:00:00+05:30,1295.779152835063,1308.1470889487605,1282.9355268708389,1295.874267578125,3282665,0.0,0.0
2021-01-25 00:00:00+05:30,1303.3901156498027,1328.5065615433812,1276.7514855489308,1295.1131591796875,4847989,0.0,0.0
2021-01-27 00:00:00+05:30,1302.2486833213634,1324.986567050476,1265.4302163237726,1293.7337646484375,8896211,0.0,0.0
2021-01-28 00:00:00+05:30,1279.3203006399006,1298.728470725514,1274.848862278535,1279.938720703125,2962948,0.0,0.0
2021-01-29 00:00:00+05:30,1295.7791078760642,1302.4387655523728,1260.6731748981942,1269.806396484375,5130876,0.0,0.0
2021-02-01 00:00:00+05:30,1280.3192675208204,1390.9171607768453,1272.1849244014504,1378.406494140625,11317043,0.0,0.0
2021-02-02 00:00:00+05:30,1402.3336584366232,1515.5478411733654,1402.3336584366232,1446.287353515625,14349665,0.0,0.0
2021-02-03 00:00:00+05:30,1455.6110215700803,1482.2496546445655,1431.8265277535756,1454.2315673828125,6197782,0.0,0.0
2021-02-04 00:00:00+05:30,1450.8539854623184,1474.6384770272743,1436.5832905233449,1455.420654296875,3957579,0.0,0.0
2021-02-05 00:00:00+05:30,1459.7971775760814,1471.784539740588,1437.629981945548,1442.7674560546875,3270494,0.0,0.0
2021-02-08 00:00:00+05:30,1447.1913826621962,1493.6662619157787,1446.097272682792,1476.3511962890625,5223019,0.0,0.0
2021-02-09 00:00:00+05:30,1481.2980831738016,1497.947226690527,1469.8815276194757,1490.28857421875,3825206,0.0,0.0
2021-02-10 00:00:00+05:30,1484.1524864461742,1487.9580056421898,1454.3742522832586,1477.35009765625,2578777,0.0,0.0
2021-02-11 00:00:00+05:30,1474.0678935391632,1484.0573814946797,1452.328888215395,1456.0867919921875,2720190,0.0,0.0
2021-02-12 00:00:00+05:30,1460.3679489017763,1468.9303668432199,1442.3868479976995,1447.381591796875,1867284,0.0,0.0
2021-02-15 00:00:00+05:30,1452.7568209212309,1468.930276032993,1447.3815023188074,1462.8890380859375,1917477,0.0,0.0
2021-02-16 00:00:00+05:30,1465.124742635641,1497.4716525379863,1464.1733629326309,1474.115234375,3838556,0.0,0.0
2021-02-17 00:00:00+05:30,1468.9303688725468,1490.8121036420214,1458.4651913741025,1473.06884765625,2340184,0.0,0.0
2021-02-18 00:00:00+05:30,1467.2177707355672,1475.780188291466,1441.483018762582,1450.4735107421875,2446843,0.0,0.0
2021-02-19 00:00:00+05:30,1449.7599676104014,1471.784431424043,1425.9754745363218,1435.4417724609375,3044240,0.0,0.0
2021-02-22 00:00:00+05:30,1437.4396889937768,1438.4385680511796,1376.741614426697,1381.5936279296875,6168108,0.0,0.0
2021-02-23 00:00:00+05:30,1390.9171922597093,1425.1668632045448,1389.014432762774,1414.0357666015625,3733776,0.0,0.0
2021-02-24 00:00:00+05:30,1414.4161476052486,1457.513694288627,1414.4161476052486,1452.376220703125,2380414,0.0,0.0
2021-02-25 00:00:00+05:30,1459.4164903550309,1465.6955732794493,1428.972339317638,1433.2059326171875,3168105,0.0,0.0
2021-02-26 00:00:00+05:30,1409.9448584068998,1420.8857260666025,1365.3727381681135,1372.3653564453125,5579058,0.0,0.0
2021-03-01 00:00:00+05:30,1385.2088986636124,1413.7502908064068,1368.2742928714658,1401.2396240234375,2494481,0.0,0.0
2021-03-02 00:00:00+05:30,1407.3761201720188,1417.2228774242415,1387.2544150960357,1413.4173583984375,2089473,0.0,0.0
2021-03-03 00:00:00+05:30,1420.8856469730536,1436.58341274142,1409.32635986203,1424.120361328125,2184001,0.0,0.0
2021-03-04 00:00:00+05:30,1401.3824100065274,1421.694344996481,1387.1117133669497,1391.488037109375,3530366,0.0,0.0
2021-03-05 00:00:00+05:30,1382.9255477397146,1405.3780860666163,1369.130541700214,1392.391845703125,3306902,0.0,0.0
2021-03-08 00:00:00+05:30,1406.1392381465228,1450.854085367691,1398.528200321643,1441.530517578125,4150049,0.0,0.0
2021-03-09 00:00:00+05:30,1450.8541825934847,1457.7993015281875,1419.268419957672,1434.9661865234375,3779948,0.0,0.0
2021-03-10 00:00:00+05:30,1448.9514082935734,1460.1301207344466,1434.2050216694433,1450.093017578125,2210547,0.0,0.0
2021-03-12 00:00:00+05:30,1452.090933187674,1488.9092824071683,1430.0664691378017,1440.388916015625,4885349,0.0,0.0
2021-03-15 00:00:00+05:30,1446.0972580560237,1453.803411006777,1392.1540712655244,1411.6097412109375,3181450,0.0,0.0
2021-03-16 00:00:00+05:30,1415.938491428003,1424.215448582914,1386.1602595760226,1390.7269287109375,3233903,0.0,0.0
2021-03-17 00:00:00+05:30,1404.236613553154,1420.362455039255,1362.138056541144,1367.751220703125,5178384,0.0,0.0
2021-03-18 00:00:00+05:30,1384.7808492367217,1398.242779865607,1350.9592524827985,1358.6654052734375,3381940,0.0,0.0
2021-03-19 00:00:00+05:30,1346.2023175411039,1352.7192454625801,1311.5720721525784,1342.6346435546875,9920812,0.0,0.0
2021-03-22 00:00:00+05:30,1340.4940502440884,1348.4856632667681,1324.5584396396962,1331.979248046875,2964175,0.0,0.0
2021-03-23 00:00:00+05:30,1333.739234531206,1347.629355026996,1330.1239451903537,1336.070068359375,2564844,0.0,0.0
2021-03-24 00:00:00+05:30,1331.9314587444433,1338.5911160381656,1293.92388964364,1302.5814208984375,4237815,0.0,0.0
2021-03-25 00:00:00+05:30,1294.8277340442987,1321.466364869604,1294.8277340442987,1304.4366455078125,3894604,0.0,0.0
2021-03-26 00:00:00+05:30,1318.8977742248176,1339.542668038077,1314.8067949066922,1330.3143310546875,3093766,0.0,0.0
2021-03-30 00:00:00+05:30,1339.5425478329873,1358.760370317984,1327.6979176389748,1354.3365478515625,2801282,0.0,0.0
2021-03-31 00:00:00+05:30,1354.3842804701897,1361.9953189849255,1341.8261133749681,1349.912841796875,2400871,0.0,0.0
2021-04-01 00:00:00+05:30,1362.3757975954868,1377.4551433571912,1351.4349305058583,1374.3631591796875,1380763,0.0,0.0
2021-04-05 00:00:00+05:30,1369.0355192596824,1369.0355192596824,1314.2360665247006,1335.5469970703125,2548649,0.0,0.0
2021-04-06 00:00:00+05:30,1337.54484073672,1347.4392135633816,1325.5574788719223,1332.883056640625,1824079,0.0,0.0
2021-04-07 00:00:00+05:30,1333.8343931480317,1348.2953187166606,1321.704301484239,1335.8798828125,1841308,0.0,0.0
2021-04-08 00:00:00+05:30,1341.445486572524,1365.0397515138477,1341.445486572524,1350.150634765625,1644834,0.0,0.0
2021-04-09 00:00:00+05:30,1345.2508351527383,1348.1049741240668,1329.1724957205465,1335.8321533203125,2015002,0.0,0.0
2021-04-12 00:00:00+05:30,1326.1756722715618,1326.1756722715618,1267.237746936808,1279.7484130859375,3755497,0.0,0.0
2021-04-13 00:00:00+05:30,1281.7463311147346,1314.8067764710063,1281.7463311147346,1306.9102783203125,2063654,0.0,0.0
2021-04-15 00:00:00+05:30,1311.9050722670904,1323.4643595664093,1292.0688275182574,1307.814208984375,2625838,0.0,0.0
2021-04-16 00:00:00+05:30,1294.3520883978913,1325.55738916984,1289.4049603869516,1293.0677490234375,3752588,0.0,0.0
2021-04-19 00:00:00+05:30,1274.8489148694491,1280.7474230960972,1242.5020021041048,1246.735595703125,4157065,0.0,0.0
2021-04-20 00:00:00+05:30,1255.8213393024785,1274.325630007048,1253.6331193026322,1266.76220703125,2989204,0.0,0.0
2021-04-22 00:00:00+05:30,1246.3074206657143,1274.3731221234536,1243.6911264620267,1271.804443359375,2398100,0.0,0.0
2021-04-23 00:00:00+05:30,1265.335095412587,1279.2728322845903,1250.54109351965,1258.580322265625,2062964,0.0,0.0
2021-04-26 00:00:00+05:30,1265.3826938291577,1275.9904852247503,1258.675420079858,1270.9482421875,1431562,0.0,0.0
2021-04-27 00:00:00+05:30,1273.8975899369468,1320.9432759864997,1270.9483356966264,1313.5225830078125,4303909,0.0,0.0
2021-04-28 00:00:00+05:30,1317.5180973914482,1331.8839070136958,1305.7685818311575,1309.0032958984375,3220346,0.0,0.0
2021-04-29 00:00:00+05:30,1316.6618775281809,1321.9896967084742,1287.6924123776141,1292.592041015625,2221346,0.0,0.0
2021-04-30 00:00:00+05:30,1284.3625779371323,1298.6332732475448,1271.1383770557736,1275.27685546875,1968093,0.0,0.0
2021-05-03 00:00:00+05:30,1261.0537188936657,1285.5993601779699,1255.012481377611,1277.2271728515625,1653245,0.0,0.0
2021-05-04 00:00:00+05:30,1284.3625608811549,1285.218825815452,1266.286347061346,1272.5654296875,2029558,0.0,0.0
2021-05-05 00:00:00+05:30,1276.9417813642656,1281.2706054346343,1259.6267173532249,1273.564453125,1813150,0.0,0.0
2021-05-06 00:00:00+05:30,1278.6542955876214,1290.5941570786308,1270.8054131928313,1274.753662109375,2333882,0.0,0.0
2021-05-07 00:00:00+05:30,1281.5084596447916,1293.7812810376984,1273.8974220225507,1277.41748046875,2362325,0.0,0.0
2021-05-10 00:00:00+05:30,1281.5085748487904,1330.8375936454343,1281.5085748487904,1327.1748046875,3929224,0.0,0.0
2021-05-11 00:00:00+05:30,1312.9040356696587,1331.836515642954,1309.1936314722436,1316.3289794921875,1975828,0.0,0.0
2021-05-12 00:00:00+05:30,1312.9040520151866,1355.7161406678558,1310.0499127716753,1317.9464111328125,4283174,0.0,0.0
2021-05-14 00:00:00+05:30,1326.2234349818418,1354.6697140955139,1307.2434545149235,1346.6781005859375,4558155,0.0,0.0
2021-05-17 00:00:00+05:30,1363.3272431536755,1370.9382814964733,1301.677786122921,1319.325927734375,9620003,0.0,0.0
2021-05-18 00:00:00+05:30,1336.688607109999,1352.8620635661343,1329.0775687777,1348.390625,3312380,0.0,0.0
2021-05-19 00:00:00+05:30,1345.2509700304304,1365.2299448328624,1331.9316534954755,1335.2138671875,3215258,0.0,0.0
2021-05-20 00:00:00+05:30,1342.206514660994,1357.5712037641206,1333.501367260366,1341.20751953125,1996254,0.0,0.0
2021-05-21 00:00:00+05:30,1346.202371231126,1355.4307085232845,1338.6864478396103,1349.1041259765625,2185322,0.0,0.0
2021-05-24 00:00:00+05:30,1350.9592776989866,1387.11170907403,1341.445479968712,1373.078857421875,5035538,0.0,0.0
2021-05-25 00:00:00+05:30,1389.0143294120855,1390.8694733294747,1371.9846099545794,1380.404296875,2892219,0.0,0.0
2021-05-26 00:00:00+05:30,1387.9679151882308,1404.8072900020243,1382.164522046118,1401.2872314453125,3230579,0.0,0.0
2021-05-27 00:00:00+05:30,1404.1888745648496,1412.7989076277133,1390.6793287709158,1410.75341796875,3747221,0.0,0.0
2021-05-28 00:00:00+05:30,1414.7967926876013,1426.7366549171786,1402.2386265332084,1406.234375,2315923,0.0,0.0
2021-05-31 00:00:00+05:30,1400.7164054318077,1404.236463934738,1386.6835545896415,1396.3399658203125,2405318,0.0,0.0
2021-06-01 00:00:00+05:30,1394.6751964179375,1419.9343770159314,1391.8686724115964,1402.9522705078125,2077742,0.0,0.0
2021-06-02 00:00:00+05:30,1396.910927378426,1402.9045500965456,1384.3051457450763,1399.5272216796875,2469417,0.0,0.0
2021-06-03 00:00:00+05:30,1408.1370425834684,1441.3402166765252,1401.5724995577007,1437.3919677734375,3025466,0.0,0.0
2021-06-04 00:00:00+05:30,1445.0983100804465,1472.0224050482668,1443.148051159,1462.7940673828125,5677538,0.0,0.0
2021-06-07 00:00:00+05:30,1470.3096941030176,1493.1904220805425,1465.8382560182197,1482.059326171875,3131245,0.0,0.0
2021-06-08 00:00:00+05:30,1485.1037828124784,1506.034137214704,1470.8807020705094,1473.8299560546875,3945382,0.0,0.0
2021-06-09 00:00:00+05:30,1474.6385857552555,1479.3954844189823,1439.7229960175905,1445.4312744140625,3025732,0.0,0.0
2021-06-10 00:00:00+05:30,1450.8540042389252,1459.4164213131223,1441.3402074898177,1445.8116455078125,1584311,0.0,0.0
2021-06-11 00:00:00+05:30,1447.048690828435,1452.8996998862467,1425.7853753046488,1430.3519287109375,1909384,0.0,0.0
2021-06-14 00:00:00+05:30,1430.351936895541,1445.6216293855919,1406.1393670496248,1442.053955078125,2005404,0.0,0.0
2021-06-15 00:00:00+05:30,1446.097251931366,1449.6173106300032,1432.635204944565,1437.3446044921875,1831871,0.0,0.0
2021-06-16 00:00:00+05:30,1432.635067058235,1442.2915940315977,1415.6529630072675,1418.4119873046875,1504791,0.0,0.0
2021-06-17 00:00:00+05:30,1408.9933918485212,1426.926876681129,1408.2798570450868,1415.2249755859375,1675778,0.0,0.0
2021-06-18 00:00:00+05:30,1415.2249322860907,1418.4595303878511,1389.1094895982787,1404.2364501953125,4649835,0.0,0.0
2021-06-21 00:00:00+05:30,1389.0145276189846,1397.9575210923447,1376.8844349976544,1395.7218017578125,1970012,0.0,0.0
2021-06-22 00:00:00+05:30,1398.6233442412486,1431.6362911764127,1398.1001550610074,1426.3084716796875,3862264,0.0,0.0
2021-06-23 00:00:00+05:30,1431.8265197042156,1433.7292791988393,1404.3316217798608,1407.3284912109375,1818874,0.0,0.0
2021-06-24 00:00:00+05:30,1417.5557978303698,1439.6277611143114,1409.9447599896698,1430.9227294921875,2762042,0.0,0.0
2021-06-25 00:00:00+05:30,1437.0589923209093,1454.9449765807765,1434.2048533093484,1449.7598876953125,2099002,0.0,0.0
2021-06-28 00:00:00+05:30,1451.8056221745371,1453.6607663909813,1436.9165045916375,1440.817138671875,1173658,0.0,0.0
2021-06-29 00:00:00+05:30,1439.4375715271506,1455.4207978898035,1430.7800389703903,1437.439697265625,2174022,0.0,0.0
2021-06-30 00:00:00+05:30,1442.2917891599973,1449.3320229673757,1422.78850309286,1427.593017578125,2139362,0.0,0.0
2021-07-01 00:00:00+05:30,1424.3105715808408,1429.923735218924,1408.1847315998257,1419.7440185546875,2060651,0.0,0.0
2021-07-02 00:00:00+05:30,1427.0696346764641,1427.6880547452022,1403.7608306434154,1413.4173583984375,1814564,0.0,0.0
2021-07-05 00:00:00+05:30,1417.555836474104,1440.388950618653,1415.653076962058,1434.633056640625,1605396,0.0,0.0
2021-07-06 00:00:00+05:30,1432.7778138686795,1445.1457498449695,1427.0695357257762,1432.3021240234375,1072506,0.0,0.0
2021-07-07 00:00:00+05:30,1422.3126780703608,1445.8117106452617,1422.3126780703608,1442.7197265625,1096808,0.0,0.0
2021-07-08 00:00:00+05:30,1429.9236934034852,1449.9026671636136,1424.2154151863056,1427.7354736328125,1456033,0.0,0.0
2021-07-09 00:00:00+05:30,1425.071787751162,1429.7810711818397,1413.2746553178285,1426.6890869140625,1248405,0.0,0.0
2021-07-12 00:00:00+05:30,1431.2556401776826,1442.2916214418833,1419.0779335953266,1427.7830810546875,865284,0.0,0.0
2021-07-13 00:00:00+05:30,1441.3402555976247,1441.3402555976247,1428.3538993746026,1440.00830078125,995833,0.0,0.0
2021-07-14 00:00:00+05:30,1439.9608063514872,1474.5434355787863,1434.6806025075346,1469.59619140625,4010254,0.0,0.0
2021-07-15 00:00:00+05:30,1474.6385429991894,1545.992020886247,1474.5909275598442,1531.1029052734375,9066480,0.0,0.0
2021-07-16 00:00:00+05:30,1531.10314870074,1543.899277450716,1517.5459857467702,1540.046142578125,4157388,0.0,0.0
2021-07-19 00:00:00+05:30,1522.2077192940944,1559.6921076087579,1519.9243844881066,1531.3409423828125,3027093,0.0,0.0
2021-07-20 00:00:00+05:30,1531.5786381704668,1543.7563451928618,1505.0827358641254,1513.0267333984375,1847026,0.0,0.0
2021-07-22 00:00:00+05:30,1531.7213463705202,1567.0651261302753,1514.1684370230328,1562.3082275390625,3231269,0.0,0.0
2021-07-23 00:00:00+05:30,1564.0683502864704,1565.9234943938511,1528.7245684139614,1533.3863525390625,2259058,0.0,0.0
2021-07-26 00:00:00+05:30,1533.3863635477992,1548.1803656111151,1515.3577631340565,1519.92431640625,2219416,0.0,0.0
2021-07-27 00:00:00+05:30,1531.864041134282,1540.2837282189978,1507.2232837745196,1530.056396484375,3984778,0.0,0.0
2021-07-28 00:00:00+05:30,1532.1730519560176,1540.6881585853384,1494.21634754465,1533.8568115234375,4119892,18.0,0.0
2021-07-29 00:00:00+05:30,1533.6644484441083,1546.5091052469622,1525.9672617517917,1535.5887451171875,1672177,0.0,0.0
2021-07-30 00:00:00+05:30,1537.513154506742,1563.3949701470258,1525.0052252147598,1540.83251953125,2536568,0.0,0.0
2021-08-02 00:00:00+05:30,1545.498790660443,1556.7558782762412,1541.4096605722639,1552.859130859375,1083353,0.0,0.0
2021-08-03 00:00:00+05:30,1563.4911187469634,1576.672504583575,1549.3475845295845,1572.4871826171875,1777140,0.0,0.0
2021-08-04 00:00:00+05:30,1577.9231712051226,1582.0604557680567,1552.5224332518724,1561.759033203125,2067087,0.0,0.0
2021-08-05 00:00:00+05:30,1558.6803714855937,1571.043954646007,1547.90435663794,1565.80029296875,1831728,0.0,0.0
2021-08-06 00:00:00+05:30,1565.4153006669883,1576.9610803891787,1547.4231742464726,1549.3955078125,1192143,0.0,0.0
2021-08-09 00:00:00+05:30,1558.6802559315804,1562.5288491561028,1529.8158067476622,1536.9837646484375,1223794,0.0,0.0
2021-08-10 00:00:00+05:30,1545.2104598457092,1548.9628624100076,1512.4974115052646,1528.32470703125,1429931,0.0,0.0
2021-08-11 00:00:00+05:30,1530.0082363922174,1537.4168490466752,1503.5973115581533,1523.3695068359375,1370930,0.0,0.0
2021-08-12 00:00:00+05:30,1529.8158196573024,1565.4153072845477,1522.1186331433032,1561.9996337890625,1645811,0.0,0.0
2021-08-13 00:00:00+05:30,1564.4532974604854,1613.3304831310352,1563.4911490610632,1605.2484130859375,5439442,0.0,0.0
2021-08-16 00:00:00+05:30,1610.636296875653,1613.570896248306,1590.7679104642687,1593.413818359375,1794407,0.0,0.0
2021-08-17 00:00:00+05:30,1595.242059973303,1601.9770988272312,1563.5393169193574,1576.720703125,1838525,0.0,0.0
2021-08-18 00:00:00+05:30,1584.6582451344755,1598.224512632017,1565.5114705345231,1571.0438232421875,1570228,0.0,0.0
2021-08-20 00:00:00+05:30,1557.621940519363,1561.5667251459256,1529.8158305496129,1533.279541015625,2416059,0.0,0.0
2021-08-23 00:00:00+05:30,1539.5335628466387,1557.7181902874427,1508.552432725084,1520.916015625,1973841,0.0,0.0
2021-08-24 00:00:00+05:30,1529.8159526691345,1552.2820942702676,1522.8885311841198,1545.0179443359375,1580003,0.0,0.0
2021-08-25 00:00:00+05:30,1553.821512683129,1564.4532994904419,1529.8159570662992,1533.47216796875,1795313,0.0,0.0
2021-08-26 00:00:00+05:30,1533.472002332494,1542.2755652879184,1525.0050503412383,1535.34814453125,2051262,0.0,0.0
2021-08-27 00:00:00+05:30,1543.2859790533273,1603.6126346212095,1537.5612432555677,1576.09521484375,4903187,0.0,0.0
2021-08-30 00:00:00+05:30,1584.369760886378,1621.1719380594423,1582.8303468998092,1597.2625732421875,3345934,0.0,0.0
2021-08-31 00:00:00+05:30,1597.214531671912,1612.560751991691,1582.734150970365,1608.904541015625,3264644,0.0,0.0
2021-09-01 00:00:00+05:30,1608.9524727815563,1652.9707569075877,1608.904318387314,1622.56689453125,3530101,0.0,0.0
2021-09-02 00:00:00+05:30,1624.0102343946185,1645.2736895829034,1618.333535601429,1622.37451171875,2400278,0.0,0.0
2021-09-03 00:00:00+05:30,1632.7656926925529,1639.789422381146,1608.8081761277394,1627.473876953125,2336258,0.0,0.0
2021-09-06 00:00:00+05:30,1635.6522850609192,1651.0466595085513,1626.223183731842,1630.07177734375,1850835,0.0,0.0
2021-09-07 00:00:00+05:30,1630.0716539313494,1640.4629028766842,1615.8799660618884,1618.0447998046875,1734879,0.0,0.0
2021-09-08 00:00:00+05:30,1618.3335288548267,1630.5527659512977,1595.2419683955425,1603.4683837890625,1644392,0.0,0.0
2021-09-09 00:00:00+05:30,1592.5479401994455,1616.9865323665078,1592.5479401994455,1606.8359375,1225239,0.0,0.0
2021-09-13 00:00:00+05:30,1599.1385809173717,1612.2237739140212,1597.647204117312,1608.4232177734375,1578773,0.0,0.0
2021-09-14 00:00:00+05:30,1612.5606848745924,1634.4977149184201,1611.983419336545,1632.236572265625,1407269,0.0,0.0
2021-09-15 00:00:00+05:30,1635.652266398515,1659.3210933517423,1632.7658212225174,1652.0087890625,2757989,0.0,0.0
2021-09-16 00:00:00+05:30,1644.888727020672,1663.0733535666873,1644.5519986021752,1656.0977783203125,2128381,0.0,0.0
2021-09-17 00:00:00+05:30,1658.7436954401808,1675.7736736396857,1641.5212171077842,1651.2388916015625,3473932,0.0,0.0
2021-09-20 00:00:00+05:30,1635.844585253152,1669.327394967854,1635.6040481645398,1639.8375244140625,1820374,0.0,0.0
2021-09-21 00:00:00+05:30,1634.3052738394617,1665.2383688642892,1628.3400006477866,1655.76123046875,2029747,0.0,0.0
2021-09-22 00:00:00+05:30,1655.761132013089,1664.516658576925,1641.4250979955111,1646.1396484375,1487933,0.0,0.0
2021-09-23 00:00:00+05:30,1653.2595365622253,1707.8133003600235,1650.1325544629744,1702.7138671875,3702946,0.0,0.0
2021-09-24 00:00:00+05:30,1712.6239730565371,1741.4884220406361,1683.7595240724384,1701.7998046875,3612494,0.0,0.0
2021-09-27 00:00:00+05:30,1704.926926854578,1715.2700219243786,1671.2517336040642,1673.7532958984375,1650711,0.0,0.0
2021-09-28 00:00:00+05:30,1679.2374058355497,1692.4669444158885,1653.9328596074424,1671.3958740234375,1442615,0.0,0.0
2021-09-29 00:00:00+05:30,1666.4408087367447,1676.0622914661717,1651.623701843479,1655.857177734375,1698747,0.0,0.0
2021-09-30 00:00:00+05:30,1654.847000394379,1668.605768719348,1632.7657428379607,1638.490478515625,1792078,0.0,0.0
2021-10-01 00:00:00+05:30,1633.2468211830728,1647.6790464070764,1623.6253377004036,1632.6695556640625,1563937,0.0,0.0
2021-10-04 00:00:00+05:30,1632.2847904126927,1658.69571749517,1620.3060895938113,1650.3250732421875,1588493,0.0,0.0
2021-10-05 00:00:00+05:30,1649.6032913832025,1674.1380734947636,1641.4250306793488,1651.719970703125,1705242,0.0,0.0
2021-10-06 00:00:00+05:30,1651.7199431467423,1670.1932610159195,1626.030630461945,1630.8895263671875,1845661,0.0,0.0
2021-10-07 00:00:00+05:30,1645.2736429483355,1663.8431526819788,1635.65215965624,1647.630859375,1378863,0.0,0.0
2021-10-08 00:00:00+05:30,1674.1380548839259,1675.1002031913304,1654.8950887358346,1661.533935546875,1755402,0.0,0.0
2021-10-11 00:00:00+05:30,1668.124774570925,1680.7288950157276,1650.0844922215638,1651.91259765625,1528151,0.0,0.0
2021-10-12 00:00:00+05:30,1645.7547128718893,1660.2350921690763,1635.6521554412227,1653.1632080078125,1671988,0.0,0.0
2021-10-13 00:00:00+05:30,1661.63019263009,1697.1334900679553,1658.7919019908472,1685.7320556640625,2105025,0.0,0.0
2021-10-14 00:00:00+05:30,1707.8132536441326,1749.0894397151146,1700.5489869092976,1721.572021484375,4440909,0.0,0.0
2021-10-18 00:00:00+05:30,1738.7463948048555,1741.969568251466,1714.5483405822217,1720.754150390625,1918546,0.0,0.0
2021-10-19 00:00:00+05:30,1741.296193325939,1813.6497048636757,1733.8395433457301,1776.174072265625,6639827,0.0,0.0
2021-10-20 00:00:00+05:30,1784.7851661763,1797.918514473962,1728.307105741348,1738.3133544921875,3295376,0.0,0.0
2021-10-21 00:00:00+05:30,1746.2991637634336,1757.3638692087668,1723.2557589680505,1737.3992919921875,2774633,0.0,0.0
2021-10-22 00:00:00+05:30,1747.2614239695215,1762.1747235683804,1713.9229597634128,1724.410400390625,1520637,0.0,0.0
2021-10-25 00:00:00+05:30,1724.4103212375521,1744.1825161328816,1693.7177664336245,1716.616943359375,2488386,0.0,0.0
2021-10-26 00:00:00+05:30,1717.434863892876,1743.3166788891115,1714.1154989509675,1728.259033203125,1930107,0.0,0.0
2021-10-27 00:00:00+05:30,1732.829123935275,1745.337052092498,1707.9094589628585,1717.0018310546875,1408879,0.0,0.0
2021-10-28 00:00:00+05:30,1731.4339819313066,1791.5200949568089,1723.2075671684452,1745.5775146484375,6379424,0.0,0.0
2021-10-29 00:00:00+05:30,1753.0344329277314,1755.824686854286,1670.0972855506807,1699.779541015625,3984689,0.0,0.0
2021-11-01 00:00:00+05:30,1708.775398033127,1736.6776990145236,1684.9140729725862,1727.3929443359375,2316925,0.0,0.0
2021-11-02 00:00:00+05:30,1731.8670373855243,1755.3915176634443,1727.4411784466004,1746.9246826171875,1687119,0.0,0.0
2021-11-03 00:00:00+05:30,1749.1856432650006,1842.514030171879,1749.1856432650006,1817.979248046875,11580233,0.0,0.0
2021-11-04 00:00:00+05:30,1828.0818126580193,1848.1425816911856,1828.0818126580193,1836.6929931640625,764191,0.0,0.0
2021-11-08 00:00:00+05:30,1870.9457268783215,1879.9417909700987,1839.82013203414,1851.7027587890625,3674523,0.0,0.0
2021-11-09 00:00:00+05:30,1860.313940811725,1889.7556585107257,1857.2351128960509,1870.0316162109375,3550645,0.0,0.0
2021-11-10 00:00:00+05:30,1859.5440590768947,1880.0378658017157,1858.870602215412,1876.3336181640625,3208195,0.0,0.0
2021-11-11 00:00:00+05:30,1874.1206284256955,1906.7374807782066,1852.7609821681654,1858.5819091796875,7061537,0.0,0.0
2021-11-12 00:00:00+05:30,1866.567881857833,1890.6215916755887,1855.1182924946304,1885.7626953125,2026320,0.0,0.0
2021-11-15 00:00:00+05:30,1887.0134114490108,1899.7618768163527,1869.4542044336154,1873.3509521484375,1127678,0.0,0.0
2021-11-16 00:00:00+05:30,1876.1892631068724,1905.0055589116146,1870.4163730665437,1881.2886962890625,2279531,0.0,0.0
2021-11-17 00:00:00+05:30,1875.2270902204546,1903.995348701472,1869.983428815694,1878.9794921875,2166686,0.0,0.0
2021-11-18 00:00:00+05:30,1878.979551256088,1880.0378909596157,1821.3468411394842,1825.1954345703125,1883794,0.0,0.0
2021-11-22 00:00:00+05:30,1826.3980428092632,1828.081802364072,1768.2842609704771,1793.925537109375,2407464,0.0,0.0
2021-11-23 00:00:00+05:30,1779.9744178776143,1823.848358417513,1774.6826020406809,1814.948486328125,2028470,0.0,0.0
2021-11-24 00:00:00+05:30,1822.3090164901425,1830.3910863045478,1776.0777402376168,1792.0013427734375,1361828,0.0,0.0
2021-11-25 00:00:00+05:30,1784.7849842893615,1796.186417437597,1768.6208468857144,1779.8780517578125,1930012,0.0,0.0
2021-11-26 00:00:00+05:30,1751.109876323275,1772.036601493622,1701.6554310514496,1710.843994140625,2796595,0.0,0.0
2021-11-29 00:00:00+05:30,1710.699784324604,1722.2937190441621,1669.4717505826593,1700.356689453125,2111420,0.0,0.0
2021-11-30 00:00:00+05:30,1700.3566648107967,1730.8086834577769,1685.010445668907,1697.9512939453125,3385628,0.0,0.0
2021-12-01 00:00:00+05:30,1697.2297087153556,1726.094159543848,1695.353566391404,1718.39697265625,1359786,0.0,0.0
2021-12-02 00:00:00+05:30,1718.3488478511863,1726.0941892701203,1696.2675895670134,1721.475830078125,2813690,0.0,0.0
2021-12-03 00:00:00+05:30,1731.8189843053376,1774.9714344712283,1728.54777366981,1733.06982421875,3612772,0.0,0.0
2021-12-06 00:00:00+05:30,1730.90480741254,1752.072070204689,1710.6996929291254,1715.1737060546875,1566109,0.0,0.0
2021-12-07 00:00:00+05:30,1722.4378233713956,1741.4884065109147,1705.0229627962349,1730.038818359375,2097201,0.0,0.0
2021-12-08 00:00:00+05:30,1733.7911853605256,1771.314967951569,1733.7911853605256,1755.96875,3433206,0.0,0.0
2021-12-09 00:00:00+05:30,1765.5421920523513,1812.8318061359646,1758.7589993209704,1808.646484375,3791595,0.0,0.0
2021-12-10 00:00:00+05:30,1808.646542553956,1819.2782115117534,1790.6062607197111,1802.48876953125,1771926,0.0,0.0
2021-12-13 00:00:00+05:30,1822.0203149974298,1824.4738403123583,1784.8333745851428,1791.0391845703125,1857829,0.0,0.0
2021-12-14 00:00:00+05:30,1779.9743964431914,1803.065956180833,1776.3181858381663,1795.080078125,1685243,0.0,0.0
2021-12-15 00:00:00+05:30,1795.3688001841178,1826.8791582795252,1793.1077750779086,1809.608642578125,2176709,0.0,0.0
2021-12-16 00:00:00+05:30,1820.384587338314,1835.7789601699278,1795.6574229574321,1802.9697265625,2469902,0.0,0.0
2021-12-17 00:00:00+05:30,1795.8499056897615,1803.739475225616,1762.367095935683,1777.1842041015625,2352938,0.0,0.0
2021-12-20 00:00:00+05:30,1752.0721120196197,1760.3947185787454,1704.445769600635,1731.2415771484375,2488158,0.0,0.0
2021-12-21 00:00:00+05:30,1749.089391066156,1782.091006776994,1743.8937668363917,1758.3741455078125,2077840,0.0,0.0
2021-12-22 00:00:00+05:30,1758.3741473066877,1808.4058581857296,1758.3741473066877,1800.179443359375,1692505,0.0,0.0
2021-12-23 00:00:00+05:30,1811.7253561838238,1816.3917522252023,1791.6164320330972,1807.3475341796875,1677127,0.0,0.0
2021-12-24 00:00:00+05:30,1817.2575835212303,1817.2575835212303,1779.9743372676512,1789.0185546875,1203991,0.0,0.0
2021-12-27 00:00:00+05:30,1789.0187407115986,1804.6536520565764,1775.9335460912912,1795.561279296875,1139744,0.0,0.0
2021-12-28 00:00:00+05:30,1801.2379412319542,1836.7412395994422,1801.2379412319542,1827.600830078125,1916098,0.0,0.0
2021-12-29 00:00:00+05:30,1823.2710547213997,1836.6929767195297,1818.5084675478038,1823.126708984375,1287946,0.0,0.0
2021-12-30 00:00:00+05:30,1820.6733932692464,1829.7174939166007,1809.7048784472142,1814.3231201171875,1805349,0.0,0.0
2021-12-31 00:00:00+05:30,1815.910669567315,1834.913099528838,1815.8626326195408,1824.1370849609375,1145546,0.0,0.0
2022-01-03 00:00:00+05:30,1823.2710870063568,1864.114236672062,1821.9722102496264,1850.06689453125,1906676,0.0,0.0
2022-01-04 00:00:00+05:30,1850.0669201594394,1869.4542327850654,1842.0811593724097,1864.2105712890625,1643920,0.0,0.0
2022-01-05 00:00:00+05:30,1867.2412895641212,1877.151464727875,1854.6853238398674,1874.84228515625,1711667,0.0,0.0
2022-01-06 00:00:00+05:30,1870.8973851073838,1879.0756457262642,1846.9398687456562,1851.6544189453125,1372015,0.0,0.0
2022-01-07 00:00:00+05:30,1856.0322924975208,1861.7088737138733,1825.3397371229585,1832.79638671875,1447123,0.0,0.0
2022-01-10 00:00:00+05:30,1837.7033055736026,1885.7625675535999,1835.0573976729077,1879.171875,2397846,0.0,0.0
2022-01-11 00:00:00+05:30,1875.2271105329035,1895.4322256284352,1864.3067503878874,1886.917236328125,2232435,0.0,0.0
2022-01-12 00:00:00+05:30,1903.610429239594,1908.902244938769,1886.0993769967672,1899.47314453125,1585970,0.0,0.0
2022-01-13 00:00:00+05:30,1900.7722110239156,1952.1989931134663,1900.7722110239156,1942.000244140625,2373324,0.0,0.0
2022-01-14 00:00:00+05:30,1937.7668425092081,1972.3560298829343,1931.031803831172,1967.3529052734375,3124945,0.0,0.0
2022-01-17 00:00:00+05:30,1967.352839273373,1993.5232274215994,1964.7069313100517,1991.0697021484375,1858651,0.0,0.0
2022-01-18 00:00:00+05:30,1997.0830297798568,1999.8734007963183,1934.4473162376034,1945.65625,1460676,0.0,0.0
2022-01-19 00:00:00+05:30,1943.4436133006052,1950.2748435794815,1911.7889068536902,1944.40576171875,2336679,0.0,0.0
2022-01-20 00:00:00+05:30,1943.5396320599107,1957.9718570504547,1908.9984834259262,1927.6641845703125,2031107,0.0,0.0
2022-01-21 00:00:00+05:30,1907.1224250751516,1919.293625509356,1869.5024471010447,1882.0103759765625,2209132,0.0,0.0
2022-01-24 00:00:00+05:30,1881.0000696479906,1884.8486631408764,1810.330318614774,1827.9857177734375,2307120,0.0,0.0
2022-01-25 00:00:00+05:30,1823.271173616024,1858.1972066657204,1780.0706880177042,1852.42431640625,2998042,0.0,0.0
2022-01-27 00:00:00+05:30,1842.0812597718057,1849.24921834689,1796.3310565315523,1838.521240234375,2932713,0.0,0.0
2022-01-28 00:00:00+05:30,1843.572513678594,1874.2650709275747,1819.7113039846874,1825.7247314453125,2233620,0.0,0.0
2022-01-31 00:00:00+05:30,1818.6527749914267,1851.173436394473,1780.40737785178,1836.93359375,3161064,0.0,0.0
2022-02-01 00:00:00+05:30,1855.6475175836,1924.2005904346472,1844.4384653397583,1915.1563720703125,5392787,0.0,0.0
2022-02-02 00:00:00+05:30,1919.5820294708494,1931.993765899094,1896.0093963709849,1907.6513671875,3579380,0.0,0.0
2022-02-03 00:00:00+05:30,1906.496778597542,1909.864297510028,1856.9461431709594,1860.4580078125,2262217,0.0,0.0
2022-02-04 00:00:00+05:30,1874.2650733449616,1883.694174595285,1850.5000549698225,1874.2169189453125,1440816,0.0,0.0
2022-02-07 00:00:00+05:30,1859.3517002460967,1873.7839256037637,1803.5952499275436,1813.1685791015625,2641464,0.0,0.0
2022-02-08 00:00:00+05:30,1818.460428840641,1825.1473130673232,1778.0501970886269,1804.60546875,2040523,0.0,0.0
2022-02-09 00:00:00+05:30,1813.1685013943597,1827.9856089498294,1804.6053578925191,1817.3057861328125,1390810,0.0,0.0
2022-02-10 00:00:00+05:30,1820.384731977002,1838.665551167046,1809.8010998143452,1829.0440673828125,1288856,0.0,0.0
2022-02-11 00:00:00+05:30,1817.4981766266908,1817.4981766266908,1779.9743921436623,1800.4200439453125,1744894,0.0,0.0
2022-02-14 00:00:00+05:30,1773.480097416045,1777.039999634806,1727.0564355685885,1730.905029296875,2290199,0.0,0.0
2022-02-15 00:00:00+05:30,1741.4886246647548,1810.7633102867783,1737.784376770751,1805.03857421875,2602134,0.0,0.0
2022-02-16 00:00:00+05:30,1805.0383574104767,1815.8625257387962,1772.4215066911916,1790.269287109375,1898439,0.0,0.0
2022-02-17 00:00:00+05:30,1798.2553663056665,1813.5535494126643,1783.9193316022563,1797.9666748046875,1459905,0.0,0.0
2022-02-18 00:00:00+05:30,1799.2174133163667,1824.2332703999098,1794.5510173118864,1811.821533203125,1912482,0.0,0.0
2022-02-21 00:00:00+05:30,1803.9799941092588,1812.5912922746456,1778.8679457719986,1793.3963623046875,1262585,0.0,0.0
2022-02-22 00:00:00+05:30,1744.3750021012945,1784.7852338102048,1732.3481474260236,1774.634521484375,2288298,0.0,0.0
2022-02-23 00:00:00+05:30,1779.0122921978143,1781.8987372365343,1747.4057425137792,1751.398681640625,1583872,0.0,0.0
2022-02-24 00:00:00+05:30,1715.7510872652533,1731.8670725234576,1684.7218022158747,1690.8314208984375,3616355,0.0,0.0
2022-02-25 00:00:00+05:30,1714.5482315278198,1730.6160607917589,1698.1917108005623,1709.78564453125,2476882,0.0,0.0
2022-02-28 00:00:00+05:30,1698.0955446870123,1753.2747257642638,1686.4535738393301,1747.98291015625,2553662,0.0,0.0
2022-03-02 00:00:00+05:30,1731.8670348180513,1757.7968859427883,1701.5593617087354,1716.9537353515625,3152628,0.0,0.0
2022-03-03 00:00:00+05:30,1741.4884448048958,1744.9041182925603,1679.4780330733709,1685.9725341796875,2259979,0.0,0.0
2022-03-04 00:00:00+05:30,1674.1379635926319,1687.65619355441,1638.538478159915,1646.957275390625,3906819,0.0,0.0
2022-03-07 00:00:00+05:30,1595.4824286186088,1603.7088436158074,1544.7772598661377,1572.583251953125,6318251,0.0,0.0
2022-03-08 00:00:00+05:30,1566.2813067363531,1602.9391350135195,1534.6266028490777,1595.7230224609375,4421730,0.0,0.0
2022-03-09 00:00:00+05:30,1613.041584471908,1635.4596862792396,1587.5928095554236,1626.944580078125,3306502,0.0,0.0
2022-03-10 00:00:00+05:30,1674.1380650449298,1691.4567346833257,1642.3871707078708,1662.78466796875,2776325,0.0,0.0
2022-03-11 00:00:00+05:30,1654.895288155914,1669.7604343167131,1641.2328275242976,1663.2178955078125,1577597,0.0,0.0
2022-03-14 00:00:00+05:30,1669.3273256639563,1687.608143639527,1650.5654335311337,1680.632568359375,1558334,0.0,0.0
2022-03-15 00:00:00+05:30,1681.8353415707313,1698.191863771362,1661.2453430752812,1677.45751953125,2062332,0.0,0.0
2022-03-16 00:00:00+05:30,1694.3432124886788,1703.6279673815334,1680.1033701965523,1689.724853515625,2101909,0.0,0.0
2022-03-17 00:00:00+05:30,1713.7305961457503,1736.2929284875113,1701.51124135244,1720.22509765625,3383036,0.0,0.0
2022-03-21 00:00:00+05:30,1736.6778693612073,1736.6778693612073,1678.9489651165134,1689.8212890625,2301462,0.0,0.0
2022-03-22 00:00:00+05:30,1689.8212799818843,1709.737704859376,1656.0017402703197,1706.8994140625,3986030,0.0,0.0
2022-03-23 00:00:00+05:30,1712.6240810448792,1723.7369415843684,1692.563311225961,1700.356689453125,1574226,0.0,0.0
2022-03-24 00:00:00+05:30,1688.5705367317557,1712.3355565651125,1684.7219429158429,1704.494140625,1580887,0.0,0.0
2022-03-25 00:00:00+05:30,1708.390504534045,1710.6034926124194,1673.175900109104,1684.81787109375,1483897,0.0,0.0
2022-03-28 00:00:00+05:30,1685.6839790492688,1688.5704242188738,1659.8021638718606,1675.6776123046875,1799629,0.0,0.0
2022-03-29 00:00:00+05:30,1682.5087105279342,1687.7043349160033,1667.4030289707061,1680.536376953125,2071779,0.0,0.0
2022-03-30 00:00:00+05:30,1700.0199615586748,1709.7857909071329,1687.7044155650897,1706.46630859375,1712835,0.0,0.0
2022-03-31 00:00:00+05:30,1712.5759315421058,1713.922962740099,1691.4568219566206,1700.7415771484375,1401916,0.0,0.0
2022-04-01 00:00:00+05:30,1692.4188857048578,1726.0940767222937,1692.4188857048578,1722.3416748046875,2050573,0.0,0.0
2022-04-04 00:00:00+05:30,1716.4726456156448,1760.5871236960297,1709.3527243804283,1757.2196044921875,1955281,0.0,0.0
2022-04-05 00:00:00+05:30,1770.3529291621885,1775.1636708175204,1757.8450008583252,1766.552490234375,1718581,0.0,0.0
2022-04-06 00:00:00+05:30,1763.6178732859064,1787.6715813230844,1758.518440202126,1782.66845703125,2245496,0.0,0.0
2022-04-07 00:00:00+05:30,1779.8781854571907,1785.602920932401,1741.6327900638191,1757.1715087890625,2003954,0.0,0.0
2022-04-08 00:00:00+05:30,1765.9271384018718,1769.2946576904149,1749.2338877043308,1761.453125,1903321,0.0,0.0
2022-04-11 00:00:00+05:30,1751.3506334911328,1760.4910433349266,1711.6620118009753,1714.0673828125,2262446,0.0,0.0
2022-04-12 00:00:00+05:30,1712.6240696652228,1714.0672921958394,1667.9803625615275,1681.546630859375,4215141,0.0,0.0
2022-04-13 00:00:00+05:30,1687.8004841590548,1705.7445732662313,1680.9692547866805,1694.1507568359375,1673417,0.0,0.0
2022-04-18 00:00:00+05:30,1680.199686853688,1683.7114343217881,1650.0843969441378,1672.550537109375,1808707,0.0,0.0
2022-04-19 00:00:00+05:30,1682.124030141175,1694.1027302815385,1623.1442885048732,1641.1845703125,2737766,0.0,0.0
2022-04-20 00:00:00+05:30,1645.225589867985,1647.5829238895658,1608.086685563364,1627.5701904296875,3832617,0.0,0.0
2022-04-21 00:00:00+05:30,1638.4905328124319,1660.47571720252,1635.6522420781387,1649.6033935546875,1797489,0.0,0.0
2022-04-22 00:00:00+05:30,1636.6143745927177,1651.431482955524,1626.415625377975,1630.216064453125,1474689,0.0,0.0
2022-04-25 00:00:00+05:30,1611.5985193648294,1611.5985193648294,1589.4691068601182,1594.6165771484375,1964344,0.0,0.0
2022-04-26 00:00:00+05:30,1616.409191734304,1638.6347946307012,1601.0148184796915,1635.60400390625,2440990,0.0,0.0
2022-04-27 00:00:00+05:30,1611.5984717718825,1627.570110748448,1603.6125935587254,1613.5709228515625,1346726,0.0,0.0
2022-04-28 00:00:00+05:30,1626.030744181238,1665.4788273240965,1616.409260487858,1654.173583984375,3117433,0.0,0.0
2022-04-29 00:00:00+05:30,1665.4788256437355,1673.1760125906737,1623.2886431807815,1630.216064453125,2404830,0.0,0.0
2022-05-02 00:00:00+05:30,1605.4407187400193,1622.1339691789258,1592.403679023356,1615.8800048828125,1399802,0.0,0.0
2022-05-04 00:00:00+05:30,1615.9280750371415,1618.2372544545026,1563.5391469138701,1572.1021728515625,1777673,0.0,0.0
2022-05-05 00:00:00+05:30,1588.2183196878104,1607.9423619224308,1571.188339957821,1575.662353515625,1707752,0.0,0.0
2022-05-06 00:00:00+05:30,1554.831787563266,1571.188310080949,1551.0793853780822,1561.03759765625,1439520,0.0,0.0
2022-05-09 00:00:00+05:30,1546.7016219259644,1568.157459590417,1531.018556892741,1554.97607421875,1400010,0.0,0.0
2022-05-10 00:00:00+05:30,1550.0211475938268,1567.917085212034,1540.3996631270743,1547.0865478515625,1176030,0.0,0.0
2022-05-11 00:00:00+05:30,1539.9184099324261,1548.096670778678,1498.4016857935644,1511.3426513671875,2988788,0.0,0.0
2022-05-12 00:00:00+05:30,1491.329904502568,1496.0924917338227,1455.8266078022027,1468.3826904296875,3407191,0.0,0.0
2022-05-13 00:00:00+05:30,1472.0870801640397,1515.2875676405044,1445.1469244486193,1476.416748046875,4328846,0.0,0.0
2022-05-16 00:00:00+05:30,1491.3298867663173,1508.167482262066,1481.1791750732677,1484.4986572265625,1775914,0.0,0.0
2022-05-17 00:00:00+05:30,1486.5192560384703,1547.0384129943238,1486.5192560384703,1543.3822021484375,1608711,0.0,0.0
2022-05-18 00:00:00+05:30,1561.5667628738574,1561.5667628738574,1505.7621589017788,1512.978271484375,2984009,0.0,0.0
2022-05-19 00:00:00+05:30,1491.329995112298,1503.5973870075766,1482.0452397172933,1489.3575439453125,1798843,0.0,0.0
2022-05-20 00:00:00+05:30,1509.995638572021,1552.3782027678815,1501.9617233682438,1549.155029296875,2175224,0.0,0.0
2022-05-23 00:00:00+05:30,1567.3396885278557,1597.1662878798284,1544.825393268997,1581.916259765625,4177811,0.0,0.0
2022-05-24 00:00:00+05:30,1582.5416882299526,1591.1047147754555,1549.155069273126,1564.741943359375,1970395,0.0,0.0
2022-05-25 00:00:00+05:30,1571.1882060272462,1577.6345527891622,1511.6312015494916,1515.14306640625,1417130,0.0,0.0
2022-05-26 00:00:00+05:30,1515.3836267478434,1528.7575120865517,1478.485261611901,1505.3292236328125,3578710,0.0,0.0
2022-05-27 00:00:00+05:30,1515.5759361616922,1545.2101504097207,1514.4214051960776,1539.7259521484375,1279218,0.0,0.0
2022-05-30 00:00:00+05:30,1558.6803925977108,1600.7262302823274,1552.5226194086083,1597.984130859375,2119326,0.0,0.0
2022-05-31 00:00:00+05:30,1597.6472795474347,1611.021164636727,1582.7339806416921,1591.8743896484375,3534742,0.0,0.0
2022-06-01 00:00:00+05:30,1590.9604537295882,1598.1284119689349,1576.4319196609797,1585.6204833984375,1425466,0.0,0.0
2022-06-02 00:00:00+05:30,1570.2261866708302,1587.015629248162,1562.2403079817564,1575.1812744140625,1852251,0.0,0.0
2022-06-03 00:00:00+05:30,1595.1939156659396,1610.347753183158,1582.6859862866484,1589.517333984375,2928263,0.0,0.0
2022-06-06 00:00:00+05:30,1589.6134662434974,1599.379295770399,1572.2466410402499,1578.11572265625,1538005,0.0,0.0
2022-06-07 00:00:00+05:30,1568.301908166135,1576.3839782993966,1526.063569480789,1529.2867431640625,2157491,0.0,0.0
2022-06-08 00:00:00+05:30,1534.626669236649,1546.9422155057223,1510.6691510357311,1524.572265625,2122442,0.0,0.0
2022-06-09 00:00:00+05:30,1497.295303871425,1539.437451074492,1497.295303871425,1534.722900390625,1361104,0.0,0.0
2022-06-10 00:00:00+05:30,1510.5729018380166,1534.1455362934505,1509.6589078900524,1525.101318359375,1337799,0.0,0.0
2022-06-13 00:00:00+05:30,1501.0957937842336,1506.676183826325,1460.8299082354276,1474.0594482421875,2460367,0.0,0.0
2022-06-14 00:00:00+05:30,1474.059449211156,1495.4672503270763,1467.4686389527458,1486.1824951171875,1983405,0.0,0.0
2022-06-15 00:00:00+05:30,1489.3575445521026,1507.686518253594,1480.7945178913205,1501.2882080078125,1461683,0.0,0.0
2022-06-16 00:00:00+05:30,1509.0335325334552,1515.3836883087986,1459.3385455507114,1469.58544921875,2329325,0.0,0.0
2022-06-17 00:00:00+05:30,1464.389757383249,1472.0387896222703,1425.326558698586,1433.5528564453125,4548572,0.0,0.0
2022-06-20 00:00:00+05:30,1433.601142109645,1441.1539836972509,1401.224824370036,1416.090087890625,1837431,0.0,0.0
2022-06-21 00:00:00+05:30,1423.9795717946395,1457.8471470628278,1420.9969353706954,1443.51123046875,1458922,0.0,0.0
2022-06-22 00:00:00+05:30,1433.6011472752007,1434.515141295238,1412.4338820134192,1422.7769775390625,1906619,0.0,0.0
2022-06-23 00:00:00+05:30,1425.4227357767218,1454.5277224505294,1425.4227357767218,1437.73828125,1828491,0.0,0.0
2022-06-24 00:00:00+05:30,1444.9063032452486,1454.768323959924,1432.6389116245548,1438.2674560546875,1731440,0.0,0.0
2022-06-27 00:00:00+05:30,1466.3140829776062,1486.2305068098037,1452.6034690127565,1477.66748046875,2389778,0.0,0.0
2022-06-28 00:00:00+05:30,1472.0870034417296,1498.5460835689503,1466.4103045790303,1492.773193359375,2072405,0.0,0.0
2022-06-29 00:00:00+05:30,1473.2896547915652,1495.1785296627543,1467.6611104574952,1489.3094482421875,1480197,0.0,0.0
2022-06-30 00:00:00+05:30,1490.4159821556102,1507.5903071004336,1483.7289805024714,1499.2677001953125,3308971,0.0,0.0
2022-07-01 00:00:00+05:30,1501.8653480184769,1516.345726972317,1476.5127637002274,1512.6414794921875,1294305,0.0,0.0
2022-07-04 00:00:00+05:30,1512.5934769699445,1527.3624314279987,1491.5224035085719,1521.830078125,1269969,0.0,0.0
2022-07-05 00:00:00+05:30,1524.0429025385306,1536.7913674745378,1502.4907571945016,1505.6658935546875,1445200,0.0,0.0
2022-07-06 00:00:00+05:30,1506.2914104475742,1530.296965025285,1493.0618705110148,1497.2471923828125,2422594,0.0,0.0
2022-07-07 00:00:00+05:30,1506.6281289391231,1553.0517869555497,1506.387591850955,1550.1171875,1697912,0.0,0.0
2022-07-08 00:00:00+05:30,1559.642439048033,1637.5764535840544,1556.7559940652175,1623.5771484375,6516138,0.0,0.0
2022-07-11 00:00:00+05:30,1621.171844051462,1624.924246172839,1590.8161335414386,1600.052734375,1316037,0.0,0.0
2022-07-12 00:00:00+05:30,1592.3555174674036,1609.5779964030735,1586.6307817712122,1591.15283203125,781516,0.0,0.0
2022-07-13 00:00:00+05:30,1601.0150345272423,1619.536392348546,1582.1569482355037,1584.8990478515625,1914814,0.0,0.0
2022-07-14 00:00:00+05:30,1589.324774947395,1604.2380748086289,1572.7277154244093,1583.840576171875,1170472,0.0,0.0
2022-07-15 00:00:00+05:30,1591.2971182186432,1623.96200646218,1586.7749506780995,1621.0755615234375,1345141,0.0,0.0
2022-07-18 00:00:00+05:30,1631.851631120655,1668.9423767049516,1626.030587068708,1662.2554931640625,3200640,0.0,0.0
2022-07-19 00:00:00+05:30,1654.846963793593,1669.2791886615266,1649.1222282425447,1664.32421875,1351783,0.0,0.0
2022-07-20 00:00:00+05:30,1674.4749707466206,1680.728935444835,1662.5443069093058,1674.090087890625,1509911,0.0,0.0
2022-07-21 00:00:00+05:30,1682.81150041241,1723.7878738788218,1671.3127120675929,1720.0849609375,2827327,22.0,0.0
2022-07-22 00:00:00+05:30,1720.425973807243,1734.1173184332224,1707.8066408388888,1722.6185302734375,1495629,0.0,0.0
2022-07-25 00:00:00+05:30,1719.938911766539,1739.9155393536291,1715.1153346380108,1736.943359375,1916615,0.0,0.0
2022-07-26 00:00:00+05:30,1735.286770697409,1735.286770697409,1697.42864986282,1706.5399169921875,1585897,0.0,0.0
2022-07-27 00:00:00+05:30,1709.219730296395,1773.0474910343733,1705.3218517780451,1750.7808837890625,5369460,0.0,0.0
2022-07-28 00:00:00+05:30,1758.917688860817,1769.636854831714,1741.3284643906838,1755.263427734375,1831059,0.0,0.0
2022-07-29 00:00:00+05:30,1768.6135154422159,1785.715504141161,1748.1984253365583,1761.8897705078125,1747781,0.0,0.0
2022-08-01 00:00:00+05:30,1761.8409745391202,1771.4394759691615,1744.592910810165,1768.369873046875,1341943,0.0,0.0
2022-08-02 00:00:00+05:30,1762.815447093698,1765.3978152375812,1730.3655629238842,1747.272705078125,1749346,0.0,0.0
2022-08-03 00:00:00+05:30,1747.2727390456448,1757.9431334325736,1727.7345762616148,1744.105712890625,1264299,0.0,0.0
2022-08-04 00:00:00+05:30,1748.0036252751538,1768.4674869830178,1729.6835491170664,1734.6533203125,1856927,0.0,0.0
2022-08-05 00:00:00+05:30,1737.4305605402885,1760.8666024712504,1729.975963114015,1741.815673828125,1430542,0.0,0.0
2022-08-08 00:00:00+05:30,1750.5372398004038,1785.2771053584468,1744.54422787868,1782.9383544921875,2625195,0.0,0.0
2022-08-10 00:00:00+05:30,1783.2794185896012,1819.334794812451,1775.7272789753556,1807.787353515625,3422074,0.0,0.0
2022-08-11 00:00:00+05:30,1822.3069426924549,1830.8335517843084,1807.8359738135184,1819.48095703125,1918049,0.0,0.0
2022-08-12 00:00:00+05:30,1817.3857846408443,1821.2836629993235,1791.075105721111,1799.309326171875,1041383,0.0,0.0
2022-08-16 00:00:00+05:30,1812.5133655733466,1816.4112437788806,1794.9729136484432,1801.69677734375,1426893,0.0,0.0
2022-08-17 00:00:00+05:30,1813.9264425518757,1819.6758371513017,1802.8175839490327,1808.3232421875,1748371,0.0,0.0
2022-08-18 00:00:00+05:30,1809.5901357035505,1850.0793971453252,1802.7688481699345,1846.1815185546875,2519639,0.0,0.0
2022-08-19 00:00:00+05:30,1845.7428764656167,1892.419994877719,1844.4273662743578,1886.6219482421875,4134598,0.0,0.0
2022-08-22 00:00:00+05:30,1887.6449904096123,1894.36885426954,1827.130453577874,1832.63623046875,3175874,0.0,0.0
2022-08-23 00:00:00+05:30,1822.2581157034424,1863.1370670276735,1818.0678489253826,1829.128173828125,1811509,0.0,0.0
2022-08-24 00:00:00+05:30,1828.1049394006816,1849.5432702465318,1804.3278577627048,1845.011962890625,1534933,0.0,0.0
2022-08-25 00:00:00+05:30,1851.4921745058764,1869.0326266854058,1825.1814962365825,1829.9564208984375,1121363,0.0,0.0
2022-08-26 00:00:00+05:30,1841.9423852796454,1863.1858700828243,1839.0189764876745,1856.75439453125,1119310,0.0,0.0
2022-08-29 00:00:00+05:30,1822.2581989208243,1841.7475914226513,1813.4879722950022,1833.464599609375,1183546,0.0,0.0
2022-08-30 00:00:00+05:30,1845.5480393052799,1878.7774295960662,1840.9193086047708,1873.4178466796875,1394462,0.0,0.0
2022-09-01 00:00:00+05:30,1856.3645865332694,1881.213561313636,1843.79390491244,1864.111572265625,2014905,0.0,0.0
2022-09-02 00:00:00+05:30,1851.9794680942614,1908.7910931500785,1851.7358506951434,1890.958251953125,3201140,0.0,0.0
2022-09-05 00:00:00+05:30,1898.21796480852,1922.3848578980242,1892.5173415742129,1918.09716796875,2474746,0.0,0.0
2022-09-06 00:00:00+05:30,1923.4081828525716,1934.4196181823636,1901.4826164103797,1912.2017822265625,1172733,0.0,0.0
2022-09-07 00:00:00+05:30,1891.5429036337894,1911.2759128967573,1884.6241933125966,1908.10888671875,1238549,0.0,0.0
2022-09-08 00:00:00+05:30,1917.658867133761,1926.5265172463573,1897.828433349429,1923.992919921875,1632797,0.0,0.0
2022-09-09 00:00:00+05:30,1926.8675060633254,1936.6609734617941,1894.3689675759713,1899.97216796875,980869,0.0,0.0
2022-09-12 00:00:00+05:30,1899.9720604801491,1916.7816607075026,1898.1693155508751,1911.8118896484375,791708,0.0,0.0
2022-09-13 00:00:00+05:30,1918.6333355709178,1944.0669698823751,1912.9813639666756,1940.5101318359375,1761021,0.0,0.0
2022-09-14 00:00:00+05:30,1914.4916611404153,1922.5796871849761,1899.6310002239252,1904.01611328125,2322752,0.0,0.0
2022-09-15 00:00:00+05:30,1909.0832974321997,1934.029694458808,1904.8931496828147,1907.524169921875,1566565,0.0,0.0
2022-09-16 00:00:00+05:30,1897.2923694610595,1906.9396425880648,1866.1093413035076,1870.981689453125,3881617,0.0,0.0
2022-09-19 00:00:00+05:30,1872.0535752870562,1882.6265469416087,1856.3646380944483,1861.9190673828125,1755456,0.0,0.0
2022-09-20 00:00:00+05:30,1881.7008710718428,1905.8677656769732,1875.854053243551,1883.357421875,1666658,0.0,0.0
2022-09-21 00:00:00+05:30,1872.0534992995013,1896.6102042576865,1843.3066464906092,1847.2532958984375,1618385,0.0,0.0
2022-09-22 00:00:00+05:30,1833.9517444056278,1856.9492026382316,1825.1815182102766,1839.993408203125,1875115,0.0,0.0
2022-09-23 00:00:00+05:30,1841.74753859216,1847.0583503150426,1805.2536997608386,1809.44384765625,1948766,0.0,0.0
2022-09-26 00:00:00+05:30,1801.7942377562772,1828.8845394262928,1771.5856810388923,1804.181640625,1529101,0.0,0.0
2022-09-27 00:00:00+05:30,1808.615433819683,1816.4111899999402,1785.7154000401774,1794.1932373046875,1443698,0.0,0.0
2022-09-28 00:00:00+05:30,1782.9870096662582,1808.6156081608374,1778.9917080295097,1788.5902099609375,1853503,0.0,0.0
2022-09-29 00:00:00+05:30,1797.5553483996255,1809.979835640437,1751.5116603895592,1769.1495361328125,2377718,0.0,0.0
2022-09-30 00:00:00+05:30,1777.3838123899432,1834.8775198590713,1769.6855975698372,1800.5274658203125,2339518,0.0,0.0
2022-10-03 00:00:00+05:30,1804.7177707343396,1804.7177707343396,1767.6879244665724,1772.8526611328125,1850414,0.0,0.0
2022-10-04 00:00:00+05:30,1788.444033097058,1832.9284733989439,1788.444033097058,1823.7685546875,1637532,0.0,0.0
2022-10-06 00:00:00+05:30,1833.951785750978,1870.0071609224904,1830.151330523219,1864.111572265625,2771898,0.0,0.0
2022-10-07 00:00:00+05:30,1856.364719799943,1879.7032207954287,1854.4645515265565,1875.4156494140625,1469264,0.0,0.0
2022-10-10 00:00:00+05:30,1856.3646884178725,1868.058324250426,1835.4135908845474,1860.89599609375,1656954,0.0,0.0
2022-10-11 00:00:00+05:30,1874.6846711460223,1874.6846711460223,1823.4762458909804,1830.9796142578125,1047963,0.0,0.0
2022-10-12 00:00:00+05:30,1832.0029022236756,1867.0838088620012,1810.6133414521103,1862.455078125,1907748,0.0,0.0
2022-10-13 00:00:00+05:30,1852.466767225649,1863.1859331590956,1820.5528868328872,1828.251220703125,1303645,0.0,0.0
2022-10-14 00:00:00+05:30,1851.492318529445,1887.3040778483696,1849.9818430038558,1862.796142578125,1819114,0.0,0.0
2022-10-17 00:00:00+05:30,1854.3182161440727,1865.1348048579734,1830.4437110662147,1835.12109375,2588147,0.0,0.0
2022-10-18 00:00:00+05:30,1844.7683868099639,1881.8956549973793,1844.7683868099639,1869.130126953125,1401849,0.0,0.0
2022-10-19 00:00:00+05:30,1870.9815564185728,1897.292234555709,1853.1000637716875,1856.26708984375,1636141,0.0,0.0
2022-10-20 00:00:00+05:30,1850.1767939673343,1868.8379112449857,1838.1421177809127,1855.536376953125,1374019,0.0,0.0
2022-10-21 00:00:00+05:30,1864.8424194427437,1875.853973465911,1819.4321600316812,1828.8358154296875,2225676,0.0,0.0
2022-10-24 00:00:00+05:30,1857.3390251965652,1870.8841761910162,1851.4922076985697,1860.9932861328125,269400,0.0,0.0
2022-10-25 00:00:00+05:30,1866.1092343615376,1904.7469767645364,1843.2579704309042,1899.338623046875,2136147,0.0,0.0
2022-10-27 00:00:00+05:30,1902.262121162424,1921.5078961549066,1900.1183355802289,1913.9071044921875,2245395,0.0,0.0
2022-10-28 00:00:00+05:30,1921.654040857598,1935.296615184173,1913.663437762127,1924.626220703125,2013794,0.0,0.0
2022-10-31 00:00:00+05:30,1935.2966638076393,1982.704634574354,1927.6957531960547,1971.449462890625,3176507,0.0,0.0
2022-11-01 00:00:00+05:30,1980.1223080102172,2003.5095793646688,1939.2433542034412,1972.7650146484375,4464211,0.0,0.0
2022-11-02 00:00:00+05:30,1984.5073049376115,1989.8668876418378,1948.9391651732008,1961.899658203125,1889651,0.0,0.0
2022-11-03 00:00:00+05:30,1954.7859719105186,1970.8647199347079,1942.1178674066118,1957.4169921875,1052241,0.0,0.0
2022-11-04 00:00:00+05:30,1958.683915305216,1977.5398784603028,1953.567949854792,1963.6536865234375,2312753,0.0,0.0
2022-11-07 00:00:00+05:30,1969.7928106886625,1980.1221643299377,1942.1178511365974,1966.1385498046875,1395070,0.0,0.0
2022-11-09 00:00:00+05:30,1973.349721083803,1984.9458142196504,1945.2849488797435,1952.349853515625,1301233,0.0,0.0
2022-11-10 00:00:00+05:30,1944.066813473244,1950.741906310198,1919.8999202906507,1927.1597900390625,1261210,0.0,0.0
2022-11-11 00:00:00+05:30,1952.4473371116899,1967.2593469376197,1941.0947420719187,1959.755859375,1203125,0.0,0.0
2022-11-14 00:00:00+05:30,1961.6561071717103,1970.2801394785977,1944.310500433332,1948.744384765625,1175155,0.0,0.0
2022-11-15 00:00:00+05:30,1951.8625516622974,1965.5051256629324,1927.5982355418353,1945.5772705078125,1450841,0.0,0.0
2022-11-16 00:00:00+05:30,1935.2966244658128,1958.5377006214305,1934.3709259278787,1952.447265625,1195832,0.0,0.0
2022-11-17 00:00:00+05:30,1950.8881776900548,2006.4329459859255,1950.0111312419892,1977.73486328125,3786182,0.0,0.0
2022-11-18 00:00:00+05:30,1986.943595488599,1998.5884601023108,1955.6143727792692,1972.7650146484375,1248459,0.0,0.0
2022-11-21 00:00:00+05:30,1967.454094715811,1981.096668923845,1955.7604596803528,1960.0968017578125,714687,0.0,0.0
2022-11-22 00:00:00+05:30,1969.9390195502149,1981.2428428445305,1968.038732504147,1977.9783935546875,1337869,0.0,0.0
2022-11-23 00:00:00+05:30,1986.894829317346,1991.8159485918209,1966.4797378954474,1973.301025390625,1046988,0.0,0.0
2022-11-24 00:00:00+05:30,1978.6605752556177,2007.407429217716,1976.614212832129,1999.8065185546875,1611889,0.0,0.0
2022-11-25 00:00:00+05:30,2008.3818364109275,2042.293425917293,2005.8968913607735,2010.087158203125,2652761,0.0,0.0
2022-11-28 00:00:00+05:30,2011.6463481315027,2019.1009451646507,1999.6115538020576,2011.74365234375,1105372,0.0,0.0
2022-11-29 00:00:00+05:30,2017.1521170303367,2019.1010562738443,1986.5537471165055,1998.19873046875,1413764,0.0,0.0
2022-11-30 00:00:00+05:30,2000.586161274358,2032.7436592393135,1992.7904041919444,2021.87841796875,2104550,0.0,0.0
2022-12-01 00:00:00+05:30,2032.0124241676072,2056.130543097303,2026.3604537662027,2050.52734375,2614357,0.0,0.0
2022-12-02 00:00:00+05:30,2042.585820563318,2045.3141451130036,2016.32367455785,2032.25634765625,1957264,0.0,0.0
2022-12-05 00:00:00+05:30,2042.439499396347,2043.2678937148746,2016.031516124981,2032.3538818359375,1767537,0.0,0.0
2022-12-06 00:00:00+05:30,2027.871375266823,2046.386298923752,2014.2287999406644,2040.05224609375,1530731,0.0,0.0
2022-12-07 00:00:00+05:30,2042.7806770689294,2089.262829566855,2042.7806770689294,2069.7734375,3438327,0.0,0.0
2022-12-08 00:00:00+05:30,2065.875275752095,2119.471096585286,2065.875275752095,2112.357421875,3743754,0.0,0.0
2022-12-09 00:00:00+05:30,2112.6502005159477,2138.3275709481854,2082.9288762005713,2099.056396484375,2573609,0.0,0.0
2022-12-12 00:00:00+05:30,2094.0375198818974,2113.6244529910527,2080.054024590305,2108.459716796875,1536090,0.0,0.0
2022-12-13 00:00:00+05:30,2114.5989381359827,2120.1533670279064,2097.5457208929506,2117.4248046875,1233124,0.0,0.0
2022-12-14 00:00:00+05:30,2121.37148287648,2153.5777497472077,2119.520085856483,2139.399169921875,1516631,0.0,0.0
2022-12-15 00:00:00+05:30,2140.6172962743753,2152.6033197877173,2118.107191537234,2121.956298828125,1323412,0.0,0.0
2022-12-16 00:00:00+05:30,2105.828860789332,2155.1371190046443,2105.828860789332,2119.471435546875,2822390,0.0,0.0
2022-12-19 00:00:00+05:30,2115.5733511788503,2131.6033273775665,2100.0306097454913,2128.241455078125,1592779,0.0,0.0
2022-12-20 00:00:00+05:30,2124.2463089922985,2124.2463089922985,2083.4161255489425,2108.021484375,1747181,0.0,0.0
2022-12-21 00:00:00+05:30,2098.130591253191,2119.4226092719714,2088.1422778516194,2091.504150390625,1979681,0.0,0.0
2022-12-22 00:00:00+05:30,2089.262767845107,2093.501805657464,2043.3651557205399,2056.08203125,1993744,0.0,0.0
2022-12-23 00:00:00+05:30,2041.026567861566,2050.4301042954944,1997.760212982572,2010.087158203125,2026125,0.0,0.0
2022-12-26 00:00:00+05:30,2000.3425600071266,2054.1820077919974,1998.6372381315878,2037.664794921875,1154610,0.0,0.0
2022-12-27 00:00:00+05:30,2047.896513852738,2073.6711856606553,2031.7689953489034,2069.870849609375,1059351,0.0,0.0
2022-12-28 00:00:00+05:30,2074.645969291528,2081.467257119166,2059.687764392153,2066.94775390625,1153883,0.0,0.0
2022-12-29 00:00:00+05:30,2055.7897254828135,2066.4115870172513,2040.685446469702,2057.0078125,1517150,0.0,0.0
2022-12-30 00:00:00+05:30,2061.003294107512,2078.5437476743846,2027.9688683862867,2032.548828125,1189427,0.0,0.0
2023-01-02 00:00:00+05:30,2039.4673413059977,2044.0475387759618,2022.0732015999154,2036.10546875,807344,0.0,0.0
2023-01-03 00:00:00+05:30,2034.6924655509793,2043.267845362793,2015.1543030583955,2035.6181640625,1260225,0.0,0.0
2023-01-04 00:00:00+05:30,2037.5671953486208,2047.7991263133815,2005.4584690931101,2017.6881103515625,1015547,0.0,0.0
2023-01-05 00:00:00+05:30,2026.8966357754452,2045.6064032933905,2015.6902361064945,2034.05908203125,1881403,0.0,0.0
2023-01-06 00:00:00+05:30,2036.8362598043357,2067.5320514427694,2018.954885832545,2033.279541015625,1877917,0.0,0.0
2023-01-09 00:00:00+05:30,2054.182039824484,2072.9893518123727,2047.1171348013684,2067.5322265625,1844365,0.0,0.0
2023-01-10 00:00:00+05:30,2077.471567417712,2077.471567417712,2043.6575211432591,2052.8662109375,1425414,0.0,0.0
2023-01-11 00:00:00+05:30,2052.3303291295465,2085.3647503386965,2043.5601035440102,2071.0888671875,1455621,0.0,0.0
2023-01-12 00:00:00+05:30,2064.024034396188,2109.385401301258,2064.024034396188,2104.610595703125,2726901,0.0,0.0
2023-01-13 00:00:00+05:30,2106.705843597035,2109.5807193939477,2063.147097773419,2098.4228515625,2180210,0.0,0.0
2023-01-16 00:00:00+05:30,2092.1863246976714,2105.828899707344,2077.8616685190404,2082.636474609375,1009649,0.0,0.0
2023-01-17 00:00:00+05:30,2085.2675082676915,2161.178836725272,2081.85686449368,2156.598876953125,4645453,0.0,0.0
2023-01-18 00:00:00+05:30,2164.2968890032125,2216.723398821732,2143.8330282787338,2208.63525390625,4090049,0.0,0.0
2023-01-19 00:00:00+05:30,2202.155172613328,2225.4936714419364,2183.7863258915786,2215.06689453125,2176835,0.0,0.0
2023-01-20 00:00:00+05:30,2224.17807426255,2238.9899644899733,2181.3014121840206,2192.5078125,1962410,0.0,0.0
2023-01-23 00:00:00+05:30,2197.428878944727,2215.2617196458446,2170.1437310021756,2176.477783203125,1466706,0.0,0.0
2023-01-24 00:00:00+05:30,2187.3920706743293,2194.798135498696,2143.833323011042,2151.141845703125,1036962,0.0,0.0
2023-01-25 00:00:00+05:30,2144.807799791885,2148.7056785738782,2099.9821937989605,2119.17919921875,2134447,0.0,0.0
2023-01-27 00:00:00+05:30,2119.178982708258,2138.9607630873543,2072.794372686104,2104.708251953125,1647900,0.0,0.0
2023-01-30 00:00:00+05:30,2075.035536012539,2117.766124472785,2030.5998636065515,2058.956787109375,3441304,0.0,0.0
2023-01-31 00:00:00+05:30,2065.826743876819,2078.3000021145676,2019.7342850422106,2070.1630859375,4516463,0.0,0.0
2023-02-01 00:00:00+05:30,2078.54355290912,2159.375754607398,2027.1890551374715,2090.773193359375,6868872,0.0,0.0
2023-02-02 00:00:00+05:30,2081.0775150054983,2111.6269963066484,2054.0359817592785,2090.139892578125,3488506,0.0,0.0
2023-02-03 00:00:00+05:30,2121.3714487490165,2126.1464923098692,2076.6433913676406,2111.237060546875,2045634,0.0,0.0
2023-02-06 00:00:00+05:30,2108.9957869863233,2125.9029293501135,2087.60622730235,2101.053955078125,1332484,0.0,0.0
2023-02-07 00:00:00+05:30,2107.04686314877,2116.5479416159687,2095.158381776465,2110.01904296875,1089248,0.0,0.0
2023-02-08 00:00:00+05:30,2105.390431235808,2119.7150873823693,2071.283993787982,2076.44873046875,1452145,0.0,0.0
2023-02-09 00:00:00+05:30,2095.1096438620925,2097.009812004072,2081.1746809748815,2092.575927734375,1563181,0.0,0.0
2023-02-10 00:00:00+05:30,2085.5596102368813,2114.5500783333664,2082.977361182922,2108.60595703125,1454665,0.0,0.0
2023-02-13 00:00:00+05:30,2117.522352889293,2153.9674192531984,2105.049094945607,2147.048828125,2978938,0.0,0.0
2023-02-14 00:00:00+05:30,2158.450003553526,2159.42447308109,2126.43858441002,2135.696044921875,1874906,0.0,0.0
2023-02-15 00:00:00+05:30,2130.190658777271,2131.993522796104,2102.1746562887774,2119.520263671875,1946344,0.0,0.0
2023-02-16 00:00:00+05:30,2130.9702477660735,2146.0745271253477,2116.255661098182,2122.687255859375,2464602,0.0,0.0
2023-02-17 00:00:00+05:30,2114.404194358683,2191.582139414615,2104.8543446578783,2169.510498046875,3753179,0.0,0.0
2023-02-20 00:00:00+05:30,2176.6727321703925,2194.505573712368,2158.4501979453353,2168.68212890625,1779752,0.0,0.0
2023-02-21 00:00:00+05:30,2181.8374824665425,2204.2502837603033,2165.953580055092,2172.53125,1882604,0.0,0.0
2023-02-22 00:00:00+05:30,2172.0926230430928,2183.78625762206,2126.341325334406,2138.717041015625,2103097,0.0,0.0
2023-02-23 00:00:00+05:30,2147.730934325417,2151.823658941793,2098.5202209935505,2104.02587890625,2000556,0.0,0.0
2023-02-24 00:00:00+05:30,2104.854085924731,2116.8401081622087,2064.657219700474,2079.566650390625,1479060,0.0,0.0
2023-02-27 00:00:00+05:30,2079.5671259676847,2085.2676310094953,2028.9434722666003,2059.736572265625,1398112,0.0,0.0
2023-02-28 00:00:00+05:30,2061.003232636631,2083.708422213632,2031.7691442304376,2055.302490234375,2108587,0.0,0.0
2023-03-01 00:00:00+05:30,2046.386221388094,2075.620310265067,2046.386221388094,2061.295654296875,1389077,0.0,0.0
2023-03-02 00:00:00+05:30,2075.571247829775,2094.1349392421744,2053.743226362274,2067.4345703125,1727640,0.0,0.0
2023-03-03 00:00:00+05:30,2085.3650152124887,2104.756865751648,2077.812875554593,2097.107421875,1821066,0.0,0.0
2023-03-06 00:00:00+05:30,2103.1491218793294,2129.0701097295073,2085.1702044203485,2086.485595703125,1821012,0.0,0.0
2023-03-08 00:00:00+05:30,2097.0585859885464,2133.6987382302036,2085.949727675632,2115.378662109375,2965342,0.0,0.0
2023-03-09 00:00:00+05:30,2119.4227160109303,2142.858758656434,2116.060843302613,2137.206787109375,1873933,0.0,0.0
2023-03-10 00:00:00+05:30,2116.0606919412385,2126.292622526264,2078.543613129478,2102.75927734375,1900535,0.0,0.0
2023-03-13 00:00:00+05:30,2108.8010049225613,2123.320506933507,2053.2074661479937,2079.3720703125,2334468,0.0,0.0
2023-03-14 00:00:00+05:30,2089.603832705372,2115.5733505278536,2079.9076705516773,2089.45751953125,2871343,0.0,0.0
2023-03-15 00:00:00+05:30,2108.94724570062,2155.9654080242794,2104.854520603197,2121.079345703125,3044201,0.0,0.0
2023-03-16 00:00:00+05:30,2129.118493680394,2131.1649749648045,2077.5691479766633,2118.107177734375,2946792,0.0,0.0
2023-03-17 00:00:00+05:30,2130.8726528211537,2171.995222862986,2130.8726528211537,2139.691650390625,3286473,0.0,0.0
2023-03-20 00:00:00+05:30,2135.160409326408,2148.7054414359063,2097.058553274408,2121.956298828125,1996773,0.0,0.0
2023-03-21 00:00:00+05:30,2126.974790119595,2170.1438418291073,2126.29270896772,2152.0673828125,3178680,0.0,0.0
2023-03-22 00:00:00+05:30,2162.835356011724,2188.9024187615837,2151.5314130767715,2157.427001953125,1956033,0.0,0.0
2023-03-23 00:00:00+05:30,2157.4756790941087,2184.7608277005384,2144.369110648615,2150.313232421875,2455799,0.0,0.0
2023-03-24 00:00:00+05:30,2149.6798755712844,2162.689139518951,2098.0817593216643,2110.84716796875,1449544,0.0,0.0
2023-03-27 00:00:00+05:30,2119.520201509128,2134.0884747943505,2095.1096898666,2099.007568359375,1540581,0.0,0.0
2023-03-28 00:00:00+05:30,2112.4064593935436,2114.4041696399295,2068.2629392665112,2079.12841796875,1627243,0.0,0.0
2023-03-29 00:00:00+05:30,2083.0746628933634,2104.1720706307506,2066.8498406369745,2092.62451171875,2372385,0.0,0.0
2023-03-31 00:00:00+05:30,2101.44365328556,2121.3715086531165,2095.645606855003,2108.947021484375,1489542,0.0,0.0
2023-04-03 00:00:00+05:30,2124.3434927067747,2127.7541359290103,2099.9817554050915,2114.744873046875,1231654,0.0,0.0
2023-04-05 00:00:00+05:30,2114.5991735930406,2204.737617628689,2109.7268252667895,2200.10888671875,2763363,0.0,0.0
2023-04-06 00:00:00+05:30,2200.1087515114873,2233.143175970293,2196.892954232261,2216.1875,2389899,0.0,0.0
2023-04-10 00:00:00+05:30,2226.5655278447935,2260.6719643651113,2219.8905537275323,2250.732421875,1955914,0.0,0.0
2023-04-11 00:00:00+05:30,2260.769386134043,2270.5140817639312,2228.90427900583,2242.74169921875,1342440,0.0,0.0
2023-04-12 00:00:00+05:30,2245.1777638190956,2253.6556010228305,2223.6906634197762,2230.073486328125,1165839,0.0,0.0
2023-04-13 00:00:00+05:30,2236.212929300188,2236.4077756424667,2185.1993495816346,2201.083251953125,1956668,0.0,0.0
2023-04-17 00:00:00+05:30,2201.083098345225,2215.748912669456,2144.9535570439716,2157.4755859375,4125850,0.0,0.0
2023-04-18 00:00:00+05:30,2163.322623131525,2173.0673196321172,2132.139594329629,2160.009521484375,2848601,0.0,0.0
2023-04-19 00:00:00+05:30,2151.7262178347873,2177.9393524620077,2151.7262178347873,2162.9326171875,1970015,0.0,0.0
2023-04-20 00:00:00+05:30,2168.1946873731595,2193.969358659514,2165.5148961865184,2175.746826171875,1898996,0.0,0.0
2023-04-21 00:00:00+05:30,2182.9579885732655,2185.73532210814,2145.7820683379955,2158.64501953125,1009316,0.0,0.0
2023-04-24 00:00:00+05:30,2163.3224332263476,2175.6981491141837,2130.7264738747967,2171.9951171875,1239073,0.0,0.0
2023-04-25 00:00:00+05:30,2174.09039720346,2196.454426412607,2161.4710637636676,2190.558837890625,1350118,0.0,0.0
2023-04-26 00:00:00+05:30,2190.4615198324946,2228.9042968180966,2186.7584878820226,2218.038818359375,1894812,0.0,0.0
2023-04-27 00:00:00+05:30,2217.649290672825,2251.024875954839,2209.220223421586,2246.7373046875,1252989,0.0,0.0
2023-04-28 00:00:00+05:30,2253.2659251382383,2308.518299499142,2253.2659251382383,2304.03564453125,2884961,0.0,0.0
2023-05-02 00:00:00+05:30,2312.6111916826426,2354.6596973861906,2312.6111916826426,2323.573974609375,1840153,0.0,0.0
2023-05-03 00:00:00+05:30,2323.2331253902544,2328.982401007936,2288.5419116180497,2296.142822265625,998235,0.0,0.0
2023-05-04 00:00:00+05:30,2301.5023386853322,2320.8454174152357,2283.0361874285045,2296.727294921875,1230912,0.0,0.0
2023-05-05 00:00:00+05:30,2296.824886529804,2345.4995963017645,2296.824886529804,2316.801513671875,2425866,0.0,0.0
2023-05-08 00:00:00+05:30,2316.7529053342364,2324.1101990385064,2293.9504098652155,2305.010498046875,1583576,0.0,0.0
2023-05-09 00:00:00+05:30,2307.2027971066123,2340.578380094062,2307.2027971066123,2313.73193359375,1417301,0.0,0.0
2023-05-10 00:00:00+05:30,2326.0588085210343,2327.958976556026,2290.003435284638,2304.08447265625,1675409,0.0,0.0
2023-05-11 00:00:00+05:30,2241.2801455947756,2254.971491456999,2180.229718531081,2184.906982421875,9470848,0.0,0.0
2023-05-12 00:00:00+05:30,2165.904768809158,2177.9395635740575,2141.250878169515,2164.39453125,5367292,0.0,0.0
2023-05-15 00:00:00+05:30,2164.1993847403533,2202.3012402997338,2158.45010940881,2189.487060546875,2662740,0.0,0.0
2023-05-16 00:00:00+05:30,2197.0392325547423,2197.428925227657,2166.343440472848,2170.338623046875,2528855,0.0,0.0
2023-05-17 00:00:00+05:30,2167.5613473549247,2186.709578042392,2153.7724610589867,2162.9326171875,1961004,0.0,0.0
2023-05-18 00:00:00+05:30,2173.067352221114,2176.5267671122306,2125.31833865213,2132.33447265625,2290757,0.0,0.0
2023-05-19 00:00:00+05:30,2136.037130822384,2142.90718833652,2113.1370977136585,2134.136962890625,1729803,0.0,0.0
2023-05-22 00:00:00+05:30,2134.0885336297474,2165.2715624316434,2122.7845905260083,2160.009521484375,1112099,0.0,0.0
2023-05-23 00:00:00+05:30,2168.7798309737036,2171.7032400352746,2137.986493695436,2141.543212890625,2265389,0.0,0.0
2023-05-24 00:00:00+05:30,2143.833274453112,2152.116266649863,2120.446002368169,2129.3623046875,2648479,0.0,0.0
2023-05-25 00:00:00+05:30,2134.088187843553,2150.946557639543,2122.394553937561,2148.412841796875,1689521,0.0,0.0
2023-05-26 00:00:00+05:30,2152.6033216859983,2164.0533393545406,2144.8075649755015,2161.81201171875,1249128,0.0,0.0
2023-05-29 00:00:00+05:30,2168.1948113848953,2184.5659478793464,2163.5173098282503,2167.75634765625,1369656,0.0,0.0
2023-05-30 00:00:00+05:30,2173.067436723374,2179.8887246413396,2150.8494799233285,2154.357666015625,1716729,0.0,0.0
2023-05-31 00:00:00+05:30,2144.9052206497768,2167.22048025191,2143.833208882285,2149.3388671875,2809284,0.0,0.0
2023-06-01 00:00:00+05:30,2160.3991549846187,2165.2715031014086,2145.928185914704,2151.43408203125,1049488,0.0,0.0
2023-06-02 00:00:00+05:30,2164.2971092627467,2180.1810122611946,2155.6729576309976,2177.501220703125,1399950,0.0,0.0
2023-06-05 00:00:00+05:30,2187.6844570478584,2214.7747620485093,2182.8121085911816,2210.3896484375,2344944,0.0,0.0
2023-06-06 00:00:00+05:30,2211.0715134468387,2222.472760139149,2205.906777006229,2219.79296875,1677680,0.0,0.0
2023-06-07 00:00:00+05:30,2219.841908849668,2258.820695660022,2219.841908849668,2256.384521484375,2128603,0.0,0.0
2023-06-08 00:00:00+05:30,2257.797309037892,2285.1800001658958,2253.7045842687817,2280.55126953125,2556995,0.0,0.0
2023-06-09 00:00:00+05:30,2285.131178317916,2308.3723730983947,2278.5535086148684,2302.671630859375,2501720,0.0,0.0
2023-06-12 00:00:00+05:30,2304.620717340146,2309.4930655797657,2273.5352307344233,2280.210205078125,1172382,0.0,0.0
2023-06-13 00:00:00+05:30,2285.9597345443967,2297.7019035569306,2267.6884285195442,2294.291259765625,1688768,0.0,0.0
2023-06-14 00:00:00+05:30,2292.8293082705077,2299.748137236252,2280.2587462427246,2294.924560546875,1013564,0.0,0.0
2023-06-15 00:00:00+05:30,2294.875687107529,2309.005494947469,2289.028870070312,2301.014892578125,2561534,0.0,0.0
2023-06-16 00:00:00+05:30,2303.4025759218225,2319.2377073268904,2292.1961752351585,2306.374755859375,1794542,0.0,0.0
2023-06-19 00:00:00+05:30,2318.2629793749234,2358.118687430226,2300.722528080788,2305.93603515625,3111256,0.0,0.0
2023-06-20 00:00:00+05:30,2304.5717696323804,2328.641120509677,2294.339839113449,2321.1865234375,1771306,0.0,0.0
2023-06-21 00:00:00+05:30,2321.1865050067463,2350.420591971567,2321.1865050067463,2333.318603515625,1607299,0.0,0.0
2023-06-22 00:00:00+05:30,2333.4650834220715,2362.1143955315574,2319.237731586265,2354.562255859375,1741775,0.0,0.0
2023-06-23 00:00:00+05:30,2357.1930100453933,2365.0375373035895,2322.4044955825216,2328.543701171875,1212955,0.0,0.0
2023-06-26 00:00:00+05:30,2336.875494243695,2342.478694087202,2307.495094928398,2316.85009765625,793572,0.0,0.0
2023-06-27 00:00:00+05:30,2326.4974984425676,2335.754960038508,2311.0035263029386,2327.082275390625,1012317,0.0,0.0
2023-06-28 00:00:00+05:30,2338.727068934175,2370.7870240077664,2329.0311438757426,2359.62939453125,1734938,0.0,0.0
2023-06-30 00:00:00+05:30,2358.2165520545514,2420.095374804743,2353.3929748705114,2412.348388671875,2690699,0.0,0.0
2023-07-03 00:00:00+05:30,2414.9303163964746,2428.7677359961704,2385.501384479917,2391.39697265625,1078456,0.0,0.0
2023-07-04 00:00:00+05:30,2395.4410901394294,2420.9721457261962,2395.4410901394294,2398.998046875,1441581,0.0,0.0
2023-07-05 00:00:00+05:30,2398.1696329699316,2421.508131796223,2391.689505435191,2407.719482421875,1191896,0.0,0.0
2023-07-06 00:00:00+05:30,2405.0885583858735,2436.1252729621738,2404.5525525146636,2425.065185546875,1796824,0.0,0.0
2023-07-07 00:00:00+05:30,2419.3645746470133,2440.0720551469626,2382.188651877217,2386.8173828125,1837661,0.0,0.0
2023-07-10 00:00:00+05:30,2387.450576226935,2400.4598408563634,2358.216487538442,2376.48779296875,1178479,0.0,0.0
2023-07-11 00:00:00+05:30,2384.721699319083,2415.7098768251844,2384.721699319083,2411.37353515625,1219658,0.0,0.0
2023-07-12 00:00:00+05:30,2416.9770701985567,2422.4827284434764,2385.3068072323617,2392.274169921875,1822435,0.0,0.0
2023-07-13 00:00:00+05:30,2403.0421185566015,2421.4594994846784,2383.7963432761903,2387.5966796875,1141663,0.0,0.0
2023-07-14 00:00:00+05:30,2387.6942362716386,2413.8100702145884,2386.134989684025,2409.132568359375,845623,0.0,0.0
2023-07-17 00:00:00+05:30,2411.8124162830954,2430.3273398828446,2402.0677196516485,2405.770751953125,878697,0.0,0.0
2023-07-18 00:00:00+05:30,2405.9655900519033,2426.3806818432354,2405.0886625211338,2411.52001953125,720865,0.0,0.0
2023-07-19 00:00:00+05:30,2411.4224550642098,2439.048524193564,2403.431614390113,2430.47314453125,1431080,0.0,0.0
2023-07-20 00:00:00+05:30,2430.327229833932,2431.9837806047403,2406.014260420927,2426.136962890625,1045704,0.0,0.0
2023-07-21 00:00:00+05:30,2457.612253994985,2528.7485325602643,2456.7353265455804,2520.221923828125,4610417,0.0,0.0
2023-07-24 00:00:00+05:30,2570.3095349277146,2570.6506944361145,2517.93179617641,2538.73681640625,2155297,0.0,0.0
2023-07-25 00:00:00+05:30,2549.2124117899075,2550.917733548559,2487.820828478453,2495.51904296875,2068876,0.0,0.0
2023-07-26 00:00:00+05:30,2524.8507400101853,2605.585641738205,2519.0039223953413,2578.690185546875,5820099,0.0,0.0
2023-07-27 00:00:00+05:30,2600.8105443929667,2608.0217620473722,2578.8849787887307,2592.283935546875,2117794,0.0,0.0
2023-07-28 00:00:00+05:30,2592.2354861105546,2600.0312437370753,2557.9829712020864,2581.90625,1325724,0.0,0.0
2023-07-31 00:00:00+05:30,2587.2169167089296,2621.3233544056575,2563.9271872733584,2612.894287109375,1284981,0.0,0.0
2023-08-01 00:00:00+05:30,2636.492599285017,2644.0145230100015,2610.9275648490707,2622.038330078125,1298745,24.0,0.0
2023-08-02 00:00:00+05:30,2617.4247157860946,2624.3204602784267,2582.3999924080845,2601.6982421875,1479486,24.0,0.0
2023-08-03 00:00:00+05:30,2594.6040272442174,2622.1375881451836,2566.1279244173493,2577.8359375,1612618,0.0,0.0
2023-08-04 00:00:00+05:30,2584.6820409558486,2614.4480529438238,2578.232738358454,2606.4111328125,1101278,0.0,0.0
2023-08-07 00:00:00+05:30,2607.502777807108,2633.2999894596896,2602.6410925056193,2615.341064453125,1163125,0.0,0.0
2023-08-08 00:00:00+05:30,2618.466591711108,2628.835037751272,2607.8004370948306,2611.669921875,767310,0.0,0.0
2023-08-09 00:00:00+05:30,2614.4480774893254,2634.2920856676124,2594.852119413267,2630.918701171875,906865,0.0,0.0
2023-08-10 00:00:00+05:30,2619.5084513710603,2640.840760609818,2601.2021596537707,2622.8818359375,1040041,0.0,0.0
2023-08-11 00:00:00+05:30,2621.443258497239,2636.177289900419,2610.727445144465,2617.9208984375,1320121,0.0,0.0
2023-08-14 00:00:00+05:30,2616.432515798604,2642.77548548004,2595.596306912836,2639.15380859375,1364413,0.0,0.0
2023-08-16 00:00:00+05:30,2648.1829670672123,2673.98017843617,2631.3652181028137,2670.06103515625,1703875,0.0,0.0
2023-08-17 00:00:00+05:30,2670.0611444477086,2670.0611444477086,2621.393662560379,2631.811767578125,1629067,0.0,0.0
2023-08-18 00:00:00+05:30,2629.3312564045386,2653.8385596678886,2612.2157982260564,2621.343994140625,1898966,0.0,0.0
2023-08-21 00:00:00+05:30,2621.244803818529,2645.801764469727,2602.9881705582025,2641.485595703125,1376318,0.0,0.0
2023-08-22 00:00:00+05:30,2647.1906813161972,2664.7029215750113,2641.237478884452,2657.906494140625,1497180,0.0,0.0
2023-08-23 00:00:00+05:30,2668.572781531234,2704.738439659734,2661.5280614079043,2696.404052734375,1990672,0.0,0.0
2023-08-24 00:00:00+05:30,2726.0707884775684,2745.220305975855,2659.6926739984788,2667.18359375,2619182,0.0,0.0
2023-08-25 00:00:00+05:30,2656.56700867259,2661.776060961103,2610.479346871985,2617.821533203125,1408427,0.0,0.0
2023-08-28 00:00:00+05:30,2632.853608578787,2678.9412720148653,2629.3809069298786,2674.32763671875,1551734,0.0,0.0
2023-08-29 00:00:00+05:30,2688.863262480965,2700.8689850124497,2675.2701645459697,2697.743408203125,1101830,0.0,0.0
2023-08-30 00:00:00+05:30,2701.712241964879,2716.297540537939,2685.8866927948507,2687.87109375,1920079,0.0,0.0
2023-08-31 00:00:00+05:30,2698.7852334800837,2703.3494524606917,2657.4601814869957,2681.6201171875,2439625,0.0,0.0
2023-09-01 00:00:00+05:30,2688.8631889150165,2694.7667330780782,2667.3324878422095,2681.02490234375,1263430,0.0,0.0
2023-09-04 00:00:00+05:30,2711.6836816163586,2720.6134851782126,2683.9020705350345,2689.95458984375,1548282,0.0,0.0
2023-09-05 00:00:00+05:30,2699.281186677378,2717.636894067024,2698.785086477658,2711.634033203125,1066447,0.0,0.0
2023-09-06 00:00:00+05:30,2718.629126827858,2721.4073364266465,2690.847515312829,2709.153564453125,1747425,0.0,0.0
2023-09-07 00:00:00+05:30,2711.683786416744,2833.674781343017,2708.7071851144206,2824.19921875,4100519,0.0,0.0
2023-09-08 00:00:00+05:30,2865.4749707908,2905.8574816617884,2850.046204962695,2878.968994140625,3638510,0.0,0.0
2023-09-11 00:00:00+05:30,2882.342278042451,2903.1784872813123,2867.5089299125493,2871.62646484375,1545803,0.0,0.0
2023-09-12 00:00:00+05:30,2928.5789545709035,2985.531163690226,2909.5781705501877,2921.137451171875,7788759,0.0,0.0
2023-09-13 00:00:00+05:30,2920.5419792528974,2920.7403708925312,2865.9212968807346,2884.07861328125,2458417,0.0,0.0
2023-09-14 00:00:00+05:30,2902.0868503656693,2908.784203059439,2883.334359717685,2895.836181640625,1910041,0.0,0.0
2023-09-15 00:00:00+05:30,2910.123753118437,2912.058495437801,2877.38114014438,2885.864501953125,1655275,0.0,0.0
2023-09-18 00:00:00+05:30,2887.3031452445402,2907.1471531156367,2884.3265440638756,2897.076416015625,736631,0.0,0.0
2023-09-20 00:00:00+05:30,2904.1209857754848,2921.980593427139,2863.5400852837984,2867.459228515625,1399240,0.0,0.0
2023-09-21 00:00:00+05:30,2862.547813950364,2882.441480427956,2823.8519983303154,2876.736328125,2444711,0.0,0.0
2023-09-22 00:00:00+05:30,2886.013447531021,2913.547010467521,2879.613802971447,2895.737060546875,1965569,0.0,0.0
2023-09-25 00:00:00+05:30,2895.1912649661895,2900.995734513987,2848.6075021196707,2879.86181640625,1049532,0.0,0.0
2023-09-26 00:00:00+05:30,2892.264338771673,2921.0381520904994,2887.3033364753237,2889.83349609375,953456,0.0,0.0
2023-09-27 00:00:00+05:30,2899.209552694991,2971.5408645586226,2888.9401817174667,2941.923828125,2903693,0.0,0.0
2023-09-28 00:00:00+05:30,2965.686985033612,3026.7073094162038,2955.0208307716143,2986.523193359375,4081102,0.0,0.0
2023-09-29 00:00:00+05:30,3016.289422688642,3034.4963981708297,2981.8104564260007,2999.9677734375,2698016,0.0,0.0
2023-10-03 00:00:00+05:30,3016.7854645984376,3053.4472227345777,2971.7396611171635,3049.280029296875,3254492,0.0,0.0
2023-10-04 00:00:00+05:30,3040.201347113896,3040.201347113896,2966.7288589359423,3004.134765625,3100946,0.0,0.0
2023-10-05 00:00:00+05:30,3008.897374153135,3090.6049318242144,3008.897374153135,3071.902099609375,3413447,0.0,0.0
2023-10-06 00:00:00+05:30,3090.654816704018,3090.654816704018,3049.1807884614436,3069.570556640625,1898118,0.0,0.0
2023-10-09 00:00:00+05:30,3051.0162144251403,3060.9382183744906,3031.7179651909396,3050.718505859375,1181760,0.0,0.0
2023-10-10 00:00:00+05:30,3049.8754108764024,3074.829154978183,3048.1884763439625,3052.008544921875,1551789,0.0,0.0
2023-10-11 00:00:00+05:30,3065.899283987475,3085.7432922980734,3060.3428647659352,3064.609375,2066921,0.0,0.0
2023-10-12 00:00:00+05:30,3069.8680781072544,3080.8319411192088,3043.1283254217055,3057.713623046875,1870280,0.0,0.0
2023-10-13 00:00:00+05:30,3043.8227658517953,3074.829028237214,3039.605914167378,3065.50244140625,1437808,0.0,0.0
2023-10-16 00:00:00+05:30,3074.779600027665,3088.9681152050366,3050.718738614761,3077.70654296875,818794,0.0,0.0
2023-10-17 00:00:00+05:30,3085.6440714663518,3089.9105818332996,3039.109967423235,3042.38427734375,1847182,0.0,0.0
2023-10-18 00:00:00+05:30,3044.7157290704267,3055.13383350483,3013.461415767216,3021.845703125,1350839,0.0,0.0
2023-10-19 00:00:00+05:30,3002.0017256284805,3045.9560110014545,2983.6954338587216,3030.576904296875,1599104,0.0,0.0
2023-10-20 00:00:00+05:30,3016.2395662460026,3032.412481260008,2954.078307901002,2988.85498046875,1667471,0.0,0.0
2023-10-23 00:00:00+05:30,2979.577873001487,2983.4473577601634,2925.9990501103516,2935.2265625,1614030,0.0,0.0
2023-10-25 00:00:00+05:30,2935.9210135908656,2942.3703162567463,2887.600902064554,2893.355712890625,2108353,0.0,0.0
2023-10-26 00:00:00+05:30,2883.3345709965447,2893.4053088905475,2834.766406350137,2842.257568359375,3286109,0.0,0.0
2023-10-27 00:00:00+05:30,2842.306891064217,2887.8490365622256,2835.3614879902943,2879.266357421875,2399538,0.0,0.0
2023-10-30 00:00:00+05:30,2876.587491391846,2909.131714544819,2833.873213643346,2903.52587890625,1693052,0.0,0.0
2023-10-31 00:00:00+05:30,2907.097717512455,2928.529344550799,2885.2693071808403,2906.204833984375,1556467,0.0,0.0
2023-11-01 00:00:00+05:30,2924.4611742635493,2959.8826819582746,2848.657156613312,2872.718017578125,3875595,0.0,0.0
2023-11-02 00:00:00+05:30,2912.1081777778077,2914.9360458160463,2880.5561565695907,2895.340087890625,1451606,0.0,0.0
2023-11-03 00:00:00+05:30,2911.116016463611,2925.056480736157,2882.3422044399417,2888.54345703125,1136175,0.0,0.0
2023-11-06 00:00:00+05:30,2910.1238166201065,2955.76503570109,2904.418664234983,2952.24267578125,1235499,0.0,0.0
2023-11-07 00:00:00+05:30,2946.835220126823,2960.3292426085072,2933.043731311037,2938.203125,1112206,0.0,0.0
2023-11-08 00:00:00+05:30,2951.49849859638,2979.329768425511,2937.9054014846183,2973.078857421875,1013438,0.0,0.0
2023-11-09 00:00:00+05:30,2979.577892063672,3005.077394674007,2973.6246894821265,3001.257568359375,1719911,0.0,0.0
2023-11-10 00:00:00+05:30,2997.487243868125,3020.2581959454587,2981.810428175128,3009.592041015625,947753,0.0,0.0
2023-11-13 00:00:00+05:30,3026.211445242025,3030.5276141978493,3008.0044696523028,3024.72314453125,531769,0.0,0.0
2023-11-15 00:00:00+05:30,3038.4651019427515,3047.097197288277,3031.1723318439053,3041.044677734375,1160184,0.0,0.0
2023-11-16 00:00:00+05:30,3034.099306404199,3058.0610925249043,3021.250359071527,3027.352294921875,1597607,0.0,0.0
2023-11-17 00:00:00+05:30,3026.21139374221,3091.1508652032594,3021.399124631356,3084.751220703125,1325050,0.0,0.0
2023-11-20 00:00:00+05:30,3070.9596513980105,3087.678083321306,3052.2069179071036,3064.708740234375,1231164,0.0,0.0
2023-11-21 00:00:00+05:30,3064.411115141061,3074.829219952129,3038.5642447577447,3050.86767578125,1884782,0.0,0.0
2023-11-22 00:00:00+05:30,3050.8676765163154,3064.5598490535795,3038.6139039600557,3058.259521484375,1104208,0.0,0.0
2023-11-23 00:00:00+05:30,3055.977446700925,3063.91505045859,3007.4092821560025,3021.895263671875,1514688,0.0,0.0
2023-11-24 00:00:00+05:30,3026.2113707461936,3043.0787783864184,3015.892582966749,3030.42822265625,915121,0.0,0.0
2023-11-28 00:00:00+05:30,3030.180227651127,3035.2899631640166,3011.328418769211,3026.21142578125,1210508,0.0,0.0
2023-11-29 00:00:00+05:30,3026.211234387667,3065.7999336413154,3025.21903398295,3059.697998046875,1801107,0.0,0.0
2023-11-30 00:00:00+05:30,3052.306166332534,3100.179836061742,3034.843342241402,3084.949462890625,3131624,0.0,0.0
2023-12-01 00:00:00+05:30,3105.537643357274,3173.007271639742,3096.70715655017,3165.76416015625,2112908,0.0,0.0
2023-12-04 00:00:00+05:30,3259.3784395880994,3321.4406254467217,3224.651424250022,3287.705810546875,3095974,0.0,0.0
2023-12-05 00:00:00+05:30,3293.162838704164,3299.0663827312396,3253.4748220698034,3289.5908203125,1659309,0.0,0.0
2023-12-06 00:00:00+05:30,3304.0274177625815,3374.473647991153,3295.0976139307904,3365.841552734375,2057233,0.0,0.0
2023-12-07 00:00:00+05:30,3365.8416871476943,3383.304269996475,3311.0226114355823,3329.427978515625,2128823,0.0,0.0
2023-12-08 00:00:00+05:30,3350.6609671493934,3403.247591744868,3339.7467620446723,3352.099609375,2428891,0.0,0.0
2023-12-11 00:00:00+05:30,3351.6034635528317,3378.4425341880155,3333.793513912403,3359.392333984375,1534238,0.0,0.0
2023-12-12 00:00:00+05:30,3348.6763967928055,3348.6763967928055,3306.0117789966303,3316.33056640625,1888423,0.0,0.0
2023-12-13 00:00:00+05:30,3326.79851425541,3383.4035994620262,3320.1011610893192,3373.283203125,1509107,0.0,0.0
2023-12-14 00:00:00+05:30,3399.2291077176556,3413.1695725878676,3373.5808712422527,3406.323486328125,2425646,0.0,0.0
2023-12-15 00:00:00+05:30,3408.35727539286,3471.6100540148486,3406.075408149374,3460.795166015625,2632935,0.0,0.0
2023-12-18 00:00:00+05:30,3468.7327725846503,3478.65477708289,3438.9667590899307,3464.3671875,1767429,0.0,0.0
2023-12-19 00:00:00+05:30,3461.7376636062527,3497.5065377803426,3448.938374873205,3471.65966796875,1311700,0.0,0.0
2023-12-20 00:00:00+05:30,3477.6624951007616,3487.1877160903323,3385.933614112366,3391.837158203125,1876048,0.0,0.0
2023-12-21 00:00:00+05:30,3363.6092248203304,3413.1199309820554,3307.004140013082,3397.443115234375,2292802,0.0,0.0
2023-12-22 00:00:00+05:30,3397.2943208128386,3468.7327527925477,3382.0145308673086,3450.823486328125,1681707,0.0,0.0
2023-12-26 00:00:00+05:30,3450.823379664649,3480.9864175767284,3450.823379664649,3462.8291015625,1072263,0.0,0.0
2023-12-27 00:00:00+05:30,3482.6235831026033,3521.319400692632,3476.8191135695233,3516.3583984375,1389266,0.0,0.0
2023-12-28 00:00:00+05:30,3517.35059351074,3532.1839417836177,3473.1976735075727,3490.61083984375,3371121,0.0,0.0
2023-12-29 00:00:00+05:30,3503.459781536377,3512.389585567481,3467.740565411962,3498.498779296875,968577,0.0,0.0
2024-01-01 00:00:00+05:30,3510.4050444303466,3510.4050444303466,3468.7822857510487,3497.952880859375,777080,0.0,0.0
2024-01-02 00:00:00+05:30,3497.556203491385,3497.9529867721326,3405.2319042598956,3411.284423828125,1511464,0.0,0.0
2024-01-03 00:00:00+05:30,3406.2240756492097,3438.817956664108,3384.991083345154,3413.516845703125,1283859,0.0,0.0
2024-01-04 00:00:00+05:30,3414.2113918419127,3452.9568676905924,3396.3021253512165,3431.7236328125,1651616,0.0,0.0
2024-01-05 00:00:00+05:30,3437.924896945318,3527.272595815441,3433.0135531705837,3494.4306640625,2069018,0.0,0.0
2024-01-08 00:00:00+05:30,3512.3894679866944,3532.1838178123844,3462.7794472524192,3473.79296875,1993855,0.0,0.0
2024-01-09 00:00:00+05:30,3499.9373754971352,3565.7203127755934,3492.64484764278,3528.215087890625,1807271,0.0,0.0
2024-01-10 00:00:00+05:30,3522.2619232228976,3531.191727232822,3492.545568326047,3517.8466796875,1534821,0.0,0.0
2024-01-11 00:00:00+05:30,3517.8465212756932,3531.7869853551665,3473.2471617039846,3477.513671875,1105348,0.0,0.0
2024-01-12 00:00:00+05:30,3477.7120681109764,3550.7378723696247,3466.797863686988,3540.96484375,1782631,0.0,0.0
2024-01-15 00:00:00+05:30,3548.208044045455,3577.5770313440885,3510.454769349157,3515.415771484375,1783518,0.0,0.0
2024-01-16 00:00:00+05:30,3520.3270633110924,3561.0072802208315,3510.405059186766,3545.628173828125,1791818,0.0,0.0
2024-01-17 00:00:00+05:30,3527.2725958186757,3586.258864058145,3520.029484094461,3543.09814453125,2699076,0.0,0.0
2024-01-18 00:00:00+05:30,3542.94947752756,3588.739432204635,3497.506647672218,3567.952880859375,2148898,0.0,0.0
2024-01-19 00:00:00+05:30,3574.898125929422,3627.3360152068335,3574.898125929422,3617.562744140625,1913923,0.0,0.0
2024-01-23 00:00:00+05:30,3609.2283646800556,3632.7931247855936,3508.619096192868,3523.3037109375,1742142,0.0,0.0
2024-01-24 00:00:00+05:30,3542.155610333545,3589.7315735152474,3494.232280099392,3561.205810546875,3711521,0.0,0.0
2024-01-25 00:00:00+05:30,3571.8222517852178,3590.029226675923,3536.9961618320253,3565.422607421875,2206540,0.0,0.0
2024-01-29 00:00:00+05:30,3575.8902594474785,3704.7275789250834,3572.020774762736,3679.0791015625,2072982,0.0,0.0
2024-01-30 00:00:00+05:30,3686.967183692324,3708.745934945104,3596.6272850085397,3604.9619140625,1454989,0.0,0.0
2024-01-31 00:00:00+05:30,3492.545441482865,3510.4050488540843,3360.6324454855067,3452.609375,9637606,0.0,0.0
2024-02-01 00:00:00+05:30,3452.857505793849,3466.5002617434657,3344.7076586296166,3371.4970703125,6149780,0.0,0.0
2024-02-02 00:00:00+05:30,3376.160305901379,3409.5479952300216,3334.785597015859,3349.71826171875,7579802,0.0,0.0
2024-02-05 00:00:00+05:30,3349.1725555691605,3381.369411114829,3292.5674725210088,3315.685791015625,2954238,0.0,0.0
2024-02-06 00:00:00+05:30,3319.902554648144,3401.014937745121,3311.5185096743962,3397.542236328125,2545192,0.0,0.0
2024-02-07 00:00:00+05:30,3418.1303849182987,3420.114785722315,3362.5671624058386,3368.22265625,2099940,0.0,0.0
2024-02-08 00:00:00+05:30,3386.3801544377015,3391.1427650711307,3268.159567065869,3309.484619140625,3471727,0.0,0.0
2024-02-09 00:00:00+05:30,3310.2288142258444,3363.5595894269354,3283.141692978746,3298.6201171875,3121873,0.0,0.0
2024-02-12 00:00:00+05:30,3304.0273957216436,3313.1059326621626,3261.3627776988114,3273.81494140625,1922273,0.0,0.0
2024-02-13 00:00:00+05:30,3286.1678458527776,3312.5108158904604,3258.4855505676132,3295.59375,2151493,0.0,0.0
2024-02-14 00:00:00+05:30,3264.389012756125,3291.0791069346096,3237.5996016419053,3283.191162109375,2502138,0.0,0.0
2024-02-15 00:00:00+05:30,3283.1911772049016,3296.0401241474024,3264.537760933061,3274.55908203125,1999189,0.0,0.0
2024-02-16 00:00:00+05:30,3279.1726753374146,3371.4969713370583,3278.2797918687706,3360.334716796875,2768329,0.0,0.0
2024-02-19 00:00:00+05:30,3374.027300325318,3381.419145256011,3309.4846123830466,3313.80078125,1216447,0.0,0.0
2024-02-20 00:00:00+05:30,3313.800757010677,3341.483052564038,3302.4895265825617,3330.56884765625,1578162,0.0,0.0
2024-02-21 00:00:00+05:30,3330.717580104791,3330.717580104791,3264.389125635099,3270.689453125,2430672,0.0,0.0
2024-02-22 00:00:00+05:30,3284.1833876230958,3342.723212357163,3251.3911153205395,3337.51416015625,2521388,0.0,0.0
2024-02-23 00:00:00+05:30,3337.5141887216173,3373.382137288891,3314.6935788842047,3361.525390625,2107176,0.0,0.0
2024-02-26 00:00:00+05:30,3373.4814651800857,3464.4165377807344,3366.536062163538,3443.084228515625,4122419,0.0,0.0
2024-02-27 00:00:00+05:30,3447.8964198161884,3484.607834933656,3424.9764934834147,3479.10107421875,2122286,0.0,0.0
2024-02-28 00:00:00+05:30,3477.6624115243494,3485.600014746088,3419.271320929862,3443.1337890625,1666903,0.0,0.0
2024-02-29 00:00:00+05:30,3457.8186027915526,3468.732807850579,3409.6472220155615,3450.4267578125,2119512,0.0,0.0
2024-03-01 00:00:00+05:30,3474.3384365120105,3629.8164331040616,3472.701402745287,3605.16015625,4407803,0.0,0.0
2024-03-04 00:00:00+05:30,3641.3756724342793,3651.0992853474677,3593.7997090305525,3616.02490234375,1307501,0.0,0.0
2024-03-05 00:00:00+05:30,3602.8781223430183,3616.024777928767,3562.2972219955427,3584.42333984375,1981370,0.0,0.0
2024-03-06 00:00:00+05:30,3589.781277694313,3623.9625352217536,3558.0805213261415,3613.79248046875,1500196,0.0,0.0
2024-03-07 00:00:00+05:30,3632.1976420787305,3676.251243281078,3614.834134945936,3648.271240234375,2344401,0.0,0.0
2024-03-11 00:00:00+05:30,3671.141688335046,3671.141688335046,3603.126298607929,3612.205078125,1748541,0.0,0.0
2024-03-12 00:00:00+05:30,3610.667020702357,3643.3599764006044,3584.96888424155,3593.402587890625,1470377,0.0,0.0
2024-03-13 00:00:00+05:30,3606.549295122109,3608.4346213065887,3484.508640573689,3510.950927734375,2503293,0.0,0.0
2024-03-14 00:00:00+05:30,3499.540647520836,3607.6408381597716,3494.5299867983267,3580.0576171875,4528490,0.0,0.0
2024-03-15 00:00:00+05:30,3569.937262590724,3574.8982649011614,3496.5640868666437,3509.561767578125,4054210,0.0,0.0
2024-03-18 00:00:00+05:30,3509.561603818579,3544.33827683932,3499.193157920855,3533.424072265625,1354787,0.0,0.0
2024-03-19 00:00:00+05:30,3513.381708786392,3521.8154124081616,3453.8496832209635,3474.38818359375,1447405,0.0,0.0
2024-03-20 00:00:00+05:30,3475.4301829416536,3497.456984843749,3460.5471759488264,3482.325927734375,1442811,0.0,0.0
2024-03-21 00:00:00+05:30,3497.655359603816,3567.9528591884655,3497.655359603816,3532.233642578125,2504962,0.0,0.0
2024-03-22 00:00:00+05:30,3518.5411159978003,3618.8526763533737,3518.5411159978003,3589.582763671875,3020545,0.0,0.0
2024-03-26 00:00:00+05:30,3576.8825093645664,3648.2216225735483,3571.921507271134,3641.474853515625,2320963,0.0,0.0
2024-03-27 00:00:00+05:30,3654.27430527881,3698.1295172967193,3641.475016200512,3677.49169921875,2387693,0.0,0.0
2024-03-28 00:00:00+05:30,3677.640661876002,3783.607719405641,3668.710857739849,3734.543212890625,4278668,0.0,0.0
2024-04-01 00:00:00+05:30,3751.361028831753,3821.807258163131,3751.361028831753,3808.065185546875,1905190,0.0,0.0
2024-04-02 00:00:00+05:30,3819.7733014092732,3829.893697447469,3741.83590841937,3777.703857421875,3608162,0.0,0.0
2024-04-03 00:00:00+05:30,3770.063943829183,3770.063943829183,3740.744372532258,3752.948486328125,1684618,0.0,0.0
2024-04-04 00:00:00+05:30,3775.2233348964132,3789.9576082376993,3701.9494781783606,3768.228515625,2339529,0.0,0.0
2024-04-05 00:00:00+05:30,3740.694929124292,3760.4396207396708,3687.264839201531,3713.905517578125,1645597,0.0,0.0
2024-04-08 00:00:00+05:30,3715.79073869167,3790.0073818663645,3713.905654704133,3778.150634765625,1083395,0.0,0.0
2024-04-09 00:00:00+05:30,3790.2057727672377,3798.0937180093474,3745.5567518838543,3755.726806640625,1997057,0.0,0.0
2024-04-10 00:00:00+05:30,3770.3615410990114,3770.3615410990114,3720.850837756519,3723.926513671875,1951581,0.0,0.0
2024-04-12 00:00:00+05:30,3720.701989417751,3772.4453876762277,3634.9263098757497,3650.553466796875,3437544,0.0,0.0
2024-04-15 00:00:00+05:30,3597.7683927151247,3651.148823926468,3558.229108959071,3572.71533203125,1719910,0.0,0.0
2024-04-16 00:00:00+05:30,3552.127131958752,3570.0858140666674,3501.921694237745,3515.8125,2291042,0.0,0.0
2024-04-18 00:00:00+05:30,3534.168355374423,3589.4338721632753,3512.091895293559,3523.254150390625,3273257,0.0,0.0
2024-04-19 00:00:00+05:30,3497.506483169088,3515.266773806069,3445.3166441426874,3490.908447265625,2759031,0.0,0.0
2024-04-22 00:00:00+05:30,3540.9153002925673,3591.7655725559634,3513.3320797687456,3584.5224609375,2605754,0.0,0.0
2024-04-23 00:00:00+05:30,3604.4160134992662,3604.4160134992662,3560.015045471163,3581.9921875,1434580,0.0,0.0
2024-04-24 00:00:00+05:30,3588.3424399157534,3626.442838751198,3573.0129920341656,3606.499755859375,1501234,0.0,0.0
2024-04-25 00:00:00+05:30,3587.8961131704373,3637.406818303508,3583.4312111839763,3623.813720703125,2420380,0.0,0.0
2024-04-26 00:00:00+05:30,3623.5160847243556,3632.3465719354876,3557.0386538162143,3577.0810546875,1973113,0.0,0.0
2024-04-29 00:00:00+05:30,3577.974097648163,3621.4322830589836,3577.0809719117824,3605.9541015625,1396979,0.0,0.0
2024-04-30 00:00:00+05:30,3610.6174247922518,3620.489770787581,3556.0960587046848,3566.26611328125,1571996,0.0,0.0
2024-05-02 00:00:00+05:30,3562.0492912586537,3605.805185974166,3548.158484891233,3571.425537109375,3748847,0.0,0.0
2024-05-03 00:00:00+05:30,3581.8436146707877,3593.7500200381146,3461.2416018569534,3472.503173828125,4079696,0.0,0.0
2024-05-06 00:00:00+05:30,3495.3237681400446,3499.4909615522756,3414.261040415282,3436.287841796875,2614667,0.0,0.0
2024-05-07 00:00:00+05:30,3452.2621937331583,3468.7328183119394,3398.286585445764,3401.01513671875,3376013,0.0,0.0
2024-05-08 00:00:00+05:30,3402.2554029375715,3470.1218180176024,3341.532782776,3459.654296875,4116670,0.0,0.0
2024-05-09 00:00:00+05:30,3286.911956312956,3350.660833588062,3241.1714198482296,3249.90283203125,12120574,0.0,0.0
2024-05-10 00:00:00+05:30,3256.0050618423397,3280.3633888629997,3209.3716411473906,3245.93408203125,4132191,0.0,0.0
2024-05-13 00:00:00+05:30,3241.5684043403185,3289.1443656465017,3200.0447202052324,3268.159423828125,3557067,0.0,0.0
2024-05-14 00:00:00+05:30,3274.2615187570614,3358.4992409359625,3267.712898824971,3353.091796875,2870328,0.0,0.0
2024-05-15 00:00:00+05:30,3363.5594418681876,3390.745636627653,3326.9967593002098,3384.693359375,2718682,0.0,0.0
2024-05-16 00:00:00+05:30,3402.205597934154,3441.4471731795525,3352.3475265914203,3433.60888671875,3398714,0.0,0.0
2024-05-17 00:00:00+05:30,3448.839096182871,3448.839096182871,3385.536659200822,3423.835693359375,2676919,0.0,0.0
2024-05-21 00:00:00+05:30,3431.0291265208193,3443.233240397894,3407.2163159261113,3414.112060546875,2100848,0.0,0.0
2024-05-22 00:00:00+05:30,3423.1411205694517,3445.61436327389,3408.2581142124914,3433.85693359375,1409992,0.0,0.0
2024-05-23 00:00:00+05:30,3433.9063499665376,3573.5585596217434,3428.052464360466,3557.435302734375,4525637,0.0,0.0
2024-05-24 00:00:00+05:30,3558.030685135681,3630.4613153685045,3554.359592050618,3597.619384765625,2740360,0.0,0.0
2024-05-27 00:00:00+05:30,3616.471149389839,3666.1804864388305,3571.921448221865,3623.515869140625,2570708,0.0,0.0
2024-05-28 00:00:00+05:30,3623.5158863925867,3656.506549925597,3617.612342418176,3629.66748046875,1440187,0.0,0.0
2024-05-29 00:00:00+05:30,3582.8357764747125,3633.2892655691585,3582.190943085512,3606.4501953125,1506146,0.0,0.0
2024-05-30 00:00:00+05:30,3597.768393311255,3615.52868399354,3579.611077117796,3606.350830078125,2701849,0.0,0.0
2024-05-31 00:00:00+05:30,3608.037612262239,3715.59228616878,3608.037612262239,3640.68115234375,6432341,0.0,0.0
2024-06-03 00:00:00+05:30,3825.3295372543785,3889.326466600907,3771.4532463378473,3866.75390625,5767666,0.0,0.0
2024-06-04 00:00:00+05:30,3821.956100743018,3867.5973210530333,3294.105465853276,3376.656494140625,9920882,0.0,0.0
2024-06-05 00:00:00+05:30,3414.657891987146,3414.657891987146,3150.2861271785937,3382.411376953125,10372458,0.0,0.0
2024-06-06 00:00:00+05:30,3411.1851172050942,3510.6035529765245,3358.896202395631,3455.3876953125,8374602,0.0,0.0
2024-06-07 00:00:00+05:30,3438.0241278902654,3520.3271046200457,3419.12266136434,3504.947998046875,5879660,0.0,0.0
2024-06-10 00:00:00+05:30,3493.587449750749,3557.0386202050263,3493.587449750749,3516.1103515625,3151257,0.0,0.0
2024-06-11 00:00:00+05:30,3542.155488279561,3610.6173170446277,3523.502071994836,3570.631591796875,2548176,0.0,0.0
2024-06-12 00:00:00+05:30,3586.8046361902575,3620.4897931091273,3550.0932194436355,3601.9853515625,2242274,0.0,0.0
2024-06-13 00:00:00+05:30,3636.910590831337,3686.9173944354425,3606.6484784263835,3674.762939453125,2965500,0.0,0.0
2024-06-14 00:00:00+05:30,3689.001270354789,3690.9856712533124,3646.336651036538,3659.036865234375,1746508,0.0,0.0
2024-06-18 00:00:00+05:30,3679.0791977983135,3681.063598660125,3646.3365835784257,3660.42578125,1936792,0.0,0.0
2024-06-19 00:00:00+05:30,3661.2196544783937,3670.149458513707,3547.116602916059,3561.949951171875,2936151,0.0,0.0
2024-06-20 00:00:00+05:30,3584.949951171875,3613.300048828125,3564.60009765625,3594.449951171875,2618715,28.0,0.0
2024-06-21 00:00:00+05:30,3604.050048828125,3610.0,3516.0,3535.0,4508508,0.0,0.0
2024-06-24 00:00:00+05:30,3520.35009765625,3567.0,3505.0,3531.60009765625,2330559,0.0,0.0
2024-06-25 00:00:00+05:30,3556.5,3591.949951171875,3528.0,3587.800048828125,2158039,0.0,0.0
2024-06-26 00:00:00+05:30,3601.0,3624.89990234375,3592.25,3602.949951171875,2480187,0.0,0.0
2024-06-27 00:00:00+05:30,3597.449951171875,3601.300048828125,3550.0,3564.39990234375,5519875,0.0,0.0
2024-06-28 00:00:00+05:30,3540.0,3575.949951171875,3538.10009765625,3548.449951171875,3141514,0.0,0.0
2024-07-01 00:00:00+05:30,3535.199951171875,3541.39990234375,3514.0,3526.550048828125,2961120,0.0,0.0
2024-07-02 00:00:00+05:30,3535.050048828125,3634.0,3535.050048828125,3626.5,5087748,0.0,0.0
2024-07-03 00:00:00+05:30,3650.35009765625,3650.5,3605.0,3614.35009765625,1923801,0.0,0.0
2024-07-04 00:00:00+05:30,3616.10009765625,3644.0,3565.800048828125,3573.300048828125,1851947,0.0,0.0
2024-07-05 00:00:00+05:30,3573.300048828125,3638.0,3568.0,3627.14990234375,1635209,0.0,0.0
2024-07-08 00:00:00+05:30,3640.10009765625,3645.699951171875,3594.0,3632.0,1706210,0.0,0.0
2024-07-09 00:00:00+05:30,3650.0,3685.0,3646.10009765625,3666.10009765625,2425176,0.0,0.0
2024-07-10 00:00:00+05:30,3685.050048828125,3694.0,3601.0,3650.050048828125,2231438,0.0,0.0
2024-07-11 00:00:00+05:30,3660.0,3684.60009765625,3603.0,3621.10009765625,2942924,0.0,0.0
2024-07-12 00:00:00+05:30,3630.0,3667.699951171875,3612.699951171875,3649.35009765625,2001185,0.0,0.0
2024-07-15 00:00:00+05:30,3670.0,3674.0,3637.0,3651.60009765625,943302,0.0,0.0
2024-07-16 00:00:00+05:30,3646.10009765625,3651.60009765625,3621.0,3636.550048828125,2220953,0.0,0.0
2024-07-18 00:00:00+05:30,3640.0,3679.25,3598.64990234375,3656.199951171875,3240772,0.0,0.0
2024-07-19 00:00:00+05:30,3651.0,3658.949951171875,3610.0,3618.5,2432533,0.0,0.0
2024-07-22 00:00:00+05:30,3617.89990234375,3661.85009765625,3567.60009765625,3651.449951171875,3639057,0.0,0.0
2024-07-23 00:00:00+05:30,3669.60009765625,3714.0,3460.0,3538.050048828125,6957691,0.0,0.0
2024-07-24 00:00:00+05:30,3549.0,3557.949951171875,3501.0,3519.449951171875,3184060,0.0,0.0
2024-07-25 00:00:00+05:30,3539.0,3630.89990234375,3532.050048828125,3619.14990234375,4691483,0.0,0.0
2024-07-26 00:00:00+05:30,3629.0,3701.0,3596.10009765625,3679.89990234375,2617659,0.0,0.0
2024-07-29 00:00:00+05:30,3701.0,3790.0,3686.60009765625,3774.949951171875,4159919,0.0,0.0
2024-07-30 00:00:00+05:30,3774.85009765625,3795.0,3738.60009765625,3784.64990234375,1979989,0.0,0.0
2024-07-31 00:00:00+05:30,3777.050048828125,3822.0,3763.10009765625,3815.0,2703636,0.0,0.0
2024-08-01 00:00:00+05:30,3810.0,3838.949951171875,3765.85009765625,3779.300048828125,1998663,0.0,0.0
2024-08-02 00:00:00+05:30,3730.35009765625,3748.89990234375,3657.10009765625,3665.699951171875,2512525,0.0,0.0
2024-08-05 00:00:00+05:30,3597.0,3607.89990234375,3511.5,3528.0,2900685,0.0,0.0
2024-08-06 00:00:00+05:30,3548.0,3634.89990234375,3546.0,3576.199951171875,2125532,0.0,0.0
2024-08-07 00:00:00+05:30,3630.0,3655.75,3610.35009765625,3638.25,1613097,0.0,0.0
2024-08-08 00:00:00+05:30,3621.0,3628.75,3547.449951171875,3553.550048828125,2038088,0.0,0.0
2024-08-09 00:00:00+05:30,3600.0,3605.550048828125,3575.699951171875,3592.050048828125,848232,0.0,0.0
2024-08-12 00:00:00+05:30,3579.0,3611.0,3563.0,3571.949951171875,1965035,0.0,0.0
2024-08-13 00:00:00+05:30,3580.0,3607.0,3545.199951171875,3551.800048828125,1316218,0.0,0.0
2024-08-14 00:00:00+05:30,3558.949951171875,3578.699951171875,3536.5,3545.199951171875,1584372,0.0,0.0
2024-08-16 00:00:00+05:30,3578.0,3580.89990234375,3533.0,3568.35009765625,2808865,0.0,0.0
2024-08-19 00:00:00+05:30,3599.85009765625,3599.89990234375,3547.0,3555.050048828125,1898535,0.0,0.0
2024-08-20 00:00:00+05:30,3562.0,3580.0,3548.0,3572.699951171875,1285569,0.0,0.0
2024-08-21 00:00:00+05:30,3590.0,3615.300048828125,3581.89990234375,3596.050048828125,1714248,0.0,0.0
2024-08-22 00:00:00+05:30,3607.050048828125,3612.14990234375,3583.949951171875,3606.5,1734927,0.0,0.0
2024-08-23 00:00:00+05:30,3606.5,3622.0,3587.050048828125,3598.550048828125,1825180,0.0,0.0
2024-08-26 00:00:00+05:30,3611.0,3648.0,3594.699951171875,3641.89990234375,1606911,0.0,0.0
2024-08-27 00:00:00+05:30,3642.64990234375,3737.0,3636.0,3702.699951171875,3315435,0.0,0.0
2024-08-28 00:00:00+05:30,3705.0,3724.39990234375,3685.0,3689.050048828125,1278175,0.0,0.0
2024-08-29 00:00:00+05:30,3690.5,3710.0,3651.550048828125,3683.449951171875,2165489,0.0,0.0
2024-08-30 00:00:00+05:30,3718.35009765625,3745.0,3666.39990234375,3704.64990234375,2592912,0.0,0.0
2024-09-02 00:00:00+05:30,3706.0,3721.949951171875,3666.35009765625,3683.10009765625,1277813,0.0,0.0
2024-09-03 00:00:00+05:30,3693.949951171875,3713.949951171875,3666.89990234375,3690.14990234375,1211993,0.0,0.0
2024-09-04 00:00:00+05:30,3650.0,3681.0,3631.10009765625,3650.800048828125,1930121,0.0,0.0
2024-09-05 00:00:00+05:30,3668.0,3668.0,3608.39990234375,3624.14990234375,2958770,0.0,0.0
2024-09-06 00:00:00+05:30,3615.10009765625,3623.800048828125,3536.199951171875,3574.75,3096557,0.0,0.0
2024-09-09 00:00:00+05:30,3584.0,3594.0,3553.85009765625,3578.300048828125,1454589,0.0,0.0
2024-09-10 00:00:00+05:30,3585.0,3625.0,3571.0,3596.14990234375,1203483,0.0,0.0
2024-09-11 00:00:00+05:30,3595.0,3603.949951171875,3516.39990234375,3536.949951171875,1865165,0.0,0.0
2024-09-12 00:00:00+05:30,3558.0,3638.050048828125,3534.0,3622.0,3751523,0.0,0.0
2024-09-13 00:00:00+05:30,3622.0,3634.75,3600.050048828125,3613.0,1752455,0.0,0.0
2024-09-16 00:00:00+05:30,3619.14990234375,3670.0,3613.0,3662.25,1045964,0.0,0.0
2024-09-17 00:00:00+05:30,3668.0,3705.0,3659.699951171875,3695.199951171875,1289060,0.0,0.0
2024-09-18 00:00:00+05:30,3689.0,3757.949951171875,3684.199951171875,3730.449951171875,2249929,0.0,0.0
2024-09-19 00:00:00+05:30,3750.0,3750.39990234375,3674.0,3683.699951171875,1711564,0.0,0.0
2024-09-20 00:00:00+05:30,3700.0,3809.89990234375,3680.25,3793.89990234375,5401701,0.0,0.0
2024-09-23 00:00:00+05:30,3800.0,3838.800048828125,3749.0,3787.699951171875,1937874,0.0,0.0
2024-09-24 00:00:00+05:30,3787.699951171875,3831.800048828125,3775.0,3791.60009765625,2676546,0.0,0.0
2024-09-25 00:00:00+05:30,3787.550048828125,3813.199951171875,3778.0,3793.85009765625,2113862,0.0,0.0
2024-09-26 00:00:00+05:30,3801.0,3802.949951171875,3736.39990234375,3762.14990234375,2750597,0.0,0.0
2024-09-27 00:00:00+05:30,3738.0,3738.0,3651.0,3705.64990234375,4095425,0.0,0.0
2024-09-30 00:00:00+05:30,3699.0,3715.64990234375,3665.0,3675.550048828125,1837697,0.0,0.0
2024-10-01 00:00:00+05:30,3667.0,3724.0,3639.35009765625,3653.5,1674100,0.0,0.0
2024-10-03 00:00:00+05:30,3582.5,3617.0,3485.39990234375,3497.64990234375,5315877,0.0,0.0
2024-10-04 00:00:00+05:30,3515.0,3553.550048828125,3468.5,3493.949951171875,3445879,0.0,0.0
2024-10-07 00:00:00+05:30,3505.0,3512.949951171875,3429.0,3468.35009765625,2304227,0.0,0.0
2024-10-08 00:00:00+05:30,3492.949951171875,3538.5,3469.0,3532.39990234375,2249452,0.0,0.0
2024-10-09 00:00:00+05:30,3542.050048828125,3557.699951171875,3481.0,3487.10009765625,1645791,0.0,0.0
2024-10-10 00:00:00+05:30,3515.0,3554.89990234375,3455.5,3460.35009765625,2686116,0.0,0.0
2024-10-11 00:00:00+05:30,3469.39990234375,3497.10009765625,3447.0,3482.550048828125,1280465,0.0,0.0
2024-10-14 00:00:00+05:30,3510.0,3573.85009765625,3501.300048828125,3555.050048828125,1974378,0.0,0.0
2024-10-15 00:00:00+05:30,3570.0,3570.0,3520.14990234375,3551.89990234375,1231552,0.0,0.0
2024-10-16 00:00:00+05:30,3550.0,3581.89990234375,3513.550048828125,3532.60009765625,1961835,0.0,0.0
2024-10-17 00:00:00+05:30,3549.89990234375,3583.0,3521.800048828125,3570.300048828125,2968537,0.0,0.0
2024-10-18 00:00:00+05:30,3569.949951171875,3592.449951171875,3540.25,3577.800048828125,2102609,0.0,0.0
2024-10-21 00:00:00+05:30,3580.0,3621.949951171875,3571.300048828125,3585.60009765625,1750549,0.0,0.0
2024-10-22 00:00:00+05:30,3585.0,3591.64990234375,3500.0,3511.89990234375,1363574,0.0,0.0
2024-10-23 00:00:00+05:30,3501.050048828125,3513.949951171875,3443.0,3455.39990234375,2125268,0.0,0.0
2024-10-24 00:00:00+05:30,3444.0,3474.60009765625,3416.75,3442.64990234375,1924421,0.0,0.0
2024-10-25 00:00:00+05:30,3425.0,3435.0,3315.050048828125,3326.39990234375,3236774,0.0,0.0
2024-10-28 00:00:00+05:30,3316.0,3373.0,3262.550048828125,3340.800048828125,2991674,0.0,0.0
2024-10-29 00:00:00+05:30,3316.0,3384.39990234375,3316.0,3380.89990234375,2253467,0.0,0.0
2024-10-30 00:00:00+05:30,3379.949951171875,3438.39990234375,3353.0,3408.35009765625,1785128,0.0,0.0
2024-10-31 00:00:00+05:30,3530.0,3654.949951171875,3508.35009765625,3622.300048828125,7637083,0.0,0.0
2024-11-01 00:00:00+05:30,3624.949951171875,3641.89990234375,3620.0,3626.35009765625,212796,0.0,0.0
2024-11-04 00:00:00+05:30,3624.949951171875,3624.949951171875,3530.89990234375,3574.449951171875,1724189,0.0,0.0
2024-11-05 00:00:00+05:30,3556.0,3585.0,3541.89990234375,3574.800048828125,1251506,0.0,0.0
2024-11-06 00:00:00+05:30,3594.0,3659.89990234375,3557.39990234375,3645.449951171875,1819732,0.0,0.0
2024-11-07 00:00:00+05:30,3647.35009765625,3663.0,3620.0,3646.550048828125,1581009,0.0,0.0
2024-11-08 00:00:00+05:30,3640.39990234375,3667.0,3620.64990234375,3660.300048828125,1622142,0.0,0.0
2024-11-11 00:00:00+05:30,3646.0,3661.0,3606.0,3628.85009765625,926127,0.0,0.0
2024-11-12 00:00:00+05:30,3650.0,3651.0,3580.0,3591.35009765625,1116206,0.0,0.0
2024-11-13 00:00:00+05:30,3585.0,3604.85009765625,3535.64990234375,3547.949951171875,1568694,0.0,0.0
2024-11-14 00:00:00+05:30,3558.0,3565.75,3500.14990234375,3526.25,1291765,0.0,0.0
2024-11-18 00:00:00+05:30,3521.10009765625,3568.300048828125,3510.85009765625,3542.14990234375,1233217,0.0,0.0
2024-11-19 00:00:00+05:30,3559.89990234375,3607.0,3495.0,3505.89990234375,1826460,0.0,0.0
2024-11-21 00:00:00+05:30,3530.0,3530.550048828125,3452.449951171875,3483.5,1510581,0.0,0.0
2024-11-22 00:00:00+05:30,3500.0,3613.5,3473.10009765625,3603.5,2534018,0.0,0.0
2024-11-25 00:00:00+05:30,3660.0,3761.0,3654.0,3753.0,4753829,0.0,0.0
2024-11-26 00:00:00+05:30,3754.89990234375,3754.89990234375,3690.0,3702.60009765625,1141534,0.0,0.0
2024-11-27 00:00:00+05:30,3704.0,3720.0,3685.0,3698.699951171875,971816,0.0,0.0
2024-11-28 00:00:00+05:30,3700.0,3720.5,3648.0,3666.050048828125,2124283,0.0,0.0
2024-11-29 00:00:00+05:30,3635.10009765625,3750.0,3635.10009765625,3724.800048828125,2094305,0.0,0.0
2024-12-02 00:00:00+05:30,3706.85009765625,3717.85009765625,3672.89990234375,3704.050048828125,1158369,0.0,0.0
2024-12-03 00:00:00+05:30,3721.0,3798.85009765625,3701.5,3787.050048828125,3252670,0.0,0.0
2024-12-04 00:00:00+05:30,3775.0,3835.0,3758.050048828125,3789.89990234375,2510166,0.0,0.0
2024-12-05 00:00:00+05:30,3810.0,3884.0,3760.0,3831.550048828125,2765170,0.0,0.0
2024-12-06 00:00:00+05:30,3832.0,3883.949951171875,3800.0,3866.699951171875,1856562,0.0,0.0
2024-12-09 00:00:00+05:30,3867.5,3959.0,3867.5,3947.300048828125,3332753,0.0,0.0
2024-12-10 00:00:00+05:30,3955.0,3963.5,3901.300048828125,3923.14990234375,2349493,0.0,0.0
2024-12-11 00:00:00+05:30,3923.14990234375,3947.64990234375,3902.0,3916.75,1237958,0.0,0.0
2024-12-12 00:00:00+05:30,3930.0,3959.0,3846.949951171875,3859.89990234375,1899867,0.0,0.0
2024-12-13 00:00:00+05:30,3859.0,3898.0,3794.199951171875,3887.0,2300361,0.0,0.0
2024-12-16 00:00:00+05:30,3882.0,3914.39990234375,3857.25,3877.85009765625,918660,0.0,0.0
2024-12-17 00:00:00+05:30,3863.050048828125,3875.39990234375,3797.0,3807.199951171875,1690180,0.0,0.0
2024-12-18 00:00:00+05:30,3807.199951171875,3819.0,3745.0,3758.14990234375,1318341,0.0,0.0
2024-12-19 00:00:00+05:30,3702.14990234375,3762.199951171875,3700.0,3716.35009765625,1856838,0.0,0.0
2024-12-20 00:00:00+05:30,3716.35009765625,3725.0,3607.10009765625,3629.85009765625,2796593,0.0,0.0
2024-12-23 00:00:00+05:30,3670.0,3700.0,3617.050048828125,3640.5,1217612,0.0,0.0
2024-12-24 00:00:00+05:30,3647.949951171875,3679.0,3632.39990234375,3639.75,627922,0.0,0.0
2024-12-26 00:00:00+05:30,3658.0,3665.14990234375,3610.35009765625,3629.5,1124705,0.0,0.0
2024-12-27 00:00:00+05:30,3632.39990234375,3643.64990234375,3603.5,3608.10009765625,1309122,0.0,0.0
2024-12-30 00:00:00+05:30,3607.89990234375,3623.0,3566.0,3578.949951171875,1591690,0.0,0.0
2024-12-31 00:00:00+05:30,3562.550048828125,3620.60009765625,3550.0,3607.64990234375,1267628,0.0,0.0
2025-01-01 00:00:00+05:30,3600.0,3689.0,3599.949951171875,3667.5,1202029,0.0,0.0
2025-01-02 00:00:00+05:30,3676.60009765625,3724.10009765625,3650.050048828125,3713.5,1882900,0.0,0.0
2025-01-03 00:00:00+05:30,3708.0,3719.89990234375,3651.449951171875,3659.89990234375,1290107,0.0,0.0
2025-01-06 00:00:00+05:30,3684.75,3692.25,3585.5,3603.199951171875,1212012,0.0,0.0
2025-01-07 00:00:00+05:30,3607.10009765625,3649.85009765625,3595.699951171875,3643.300048828125,1453540,0.0,0.0
2025-01-08 00:00:00+05:30,3662.0,3663.85009765625,3590.0,3596.35009765625,1813201,0.0,0.0
2025-01-09 00:00:00+05:30,3599.89990234375,3606.300048828125,3486.0,3527.89990234375,2921681,0.0,0.0
2025-01-10 00:00:00+05:30,3499.949951171875,3552.199951171875,3492.300048828125,3536.14990234375,1794238,0.0,0.0
2025-01-13 00:00:00+05:30,3505.550048828125,3534.5,3448.60009765625,3464.300048828125,2137212,0.0,0.0
2025-01-14 00:00:00+05:30,3465.85009765625,3491.949951171875,3448.60009765625,3462.60009765625,2924491,0.0,0.0
2025-01-15 00:00:00+05:30,3471.300048828125,3526.14990234375,3471.300048828125,3501.39990234375,1155446,0.0,0.0
2025-01-16 00:00:00+05:30,3535.0,3543.449951171875,3483.75,3507.89990234375,2305460,0.0,0.0
2025-01-17 00:00:00+05:30,3524.0,3579.85009765625,3511.949951171875,3568.64990234375,1600246,0.0,0.0
2025-01-20 00:00:00+05:30,3574.89990234375,3617.14990234375,3556.5,3593.0,1593334,0.0,0.0
2025-01-21 00:00:00+05:30,3612.75,3643.300048828125,3528.10009765625,3541.10009765625,2576596,0.0,0.0
2025-01-22 00:00:00+05:30,3563.0,3582.35009765625,3490.10009765625,3518.199951171875,1626055,0.0,0.0
2025-01-23 00:00:00+05:30,3492.0,3527.800048828125,3460.60009765625,3503.25,1993204,0.0,0.0
2025-01-24 00:00:00+05:30,3514.5,3521.10009765625,3446.050048828125,3458.199951171875,1206454,0.0,0.0
2025-01-27 00:00:00+05:30,3447.199951171875,3493.89990234375,3401.14990234375,3457.64990234375,1552938,0.0,0.0
2025-01-28 00:00:00+05:30,3464.949951171875,3482.14990234375,3404.050048828125,3413.89990234375,1657689,0.0,0.0
2025-01-29 00:00:00+05:30,3431.0,3455.0,3412.0,3449.699951171875,1238704,0.0,0.0
2025-01-30 00:00:00+05:30,3455.0,3517.800048828125,3395.0,3420.949951171875,2717740,0.0,0.0
2025-01-31 00:00:00+05:30,3501.050048828125,3590.0,3481.050048828125,3567.39990234375,3995513,0.0,0.0
2025-02-01 00:00:00+05:30,3578.0,3629.199951171875,3402.0,3447.5,4752505,0.0,0.0
2025-02-03 00:00:00+05:30,3420.0,3420.0,3270.0,3289.199951171875,6077580,0.0,0.0
2025-02-04 00:00:00+05:30,3316.0,3449.0,3307.25,3439.14990234375,4742516,0.0,0.0
2025-02-05 00:00:00+05:30,3444.64990234375,3450.949951171875,3379.449951171875,3383.199951171875,2670316,0.0,0.0
2025-02-06 00:00:00+05:30,3404.0,3404.0,3342.699951171875,3352.75,2874856,0.0,0.0
2025-02-07 00:00:00+05:30,3367.0,3369.949951171875,3311.10009765625,3336.89990234375,1722789,0.0,0.0
2025-02-10 00:00:00+05:30,3347.800048828125,3349.0,3294.050048828125,3328.64990234375,1236663,0.0,0.0
2025-02-11 00:00:00+05:30,3360.949951171875,3361.0,3231.0,3239.64990234375,2593537,0.0,0.0
2025-02-12 00:00:00+05:30,3259.0,3300.0,3222.25,3289.64990234375,1632415,0.0,0.0
2025-02-13 00:00:00+05:30,3289.64990234375,3314.89990234375,3252.949951171875,3263.64990234375,2127644,0.0,0.0
2025-02-14 00:00:00+05:30,3275.050048828125,3285.800048828125,3221.550048828125,3237.64990234375,1378340,0.0,0.0
2025-02-17 00:00:00+05:30,3213.550048828125,3239.39990234375,3194.550048828125,3221.85009765625,1966689,0.0,0.0
2025-02-18 00:00:00+05:30,3227.0,3241.0,3183.0,3220.14990234375,2428215,0.0,0.0
2025-02-19 00:00:00+05:30,3220.14990234375,3302.85009765625,3211.60009765625,3275.89990234375,1677978,0.0,0.0
2025-02-20 00:00:00+05:30,3260.050048828125,3285.449951171875,3247.75,3275.800048828125,1236693,0.0,0.0
2025-02-21 00:00:00+05:30,3275.800048828125,3324.89990234375,3270.89990234375,3315.10009765625,1706850,0.0,0.0
2025-02-24 00:00:00+05:30,3289.699951171875,3325.5,3250.0,3257.699951171875,1512844,0.0,0.0
2025-02-25 00:00:00+05:30,3233.0,3248.949951171875,3206.39990234375,3225.89990234375,2529084,0.0,0.0
2025-02-27 00:00:00+05:30,3238.0,3258.5,3184.0,3209.5,2572065,0.0,0.0
2025-02-28 00:00:00+05:30,3199.800048828125,3199.800048828125,3141.0,3163.85009765625,2494680,0.0,0.0
2025-03-03 00:00:00+05:30,3165.949951171875,3227.0,3160.0,3197.300048828125,1352460,0.0,0.0
2025-03-04 00:00:00+05:30,3171.050048828125,3221.0,3167.800048828125,3213.0,1442098,0.0,0.0
2025-03-05 00:00:00+05:30,3213.0,3245.0,3187.85009765625,3239.64990234375,1945855,0.0,0.0
2025-03-06 00:00:00+05:30,3250.10009765625,3266.449951171875,3215.0,3259.89990234375,1854837,0.0,0.0
2025-03-07 00:00:00+05:30,3259.89990234375,3289.0,3240.10009765625,3244.699951171875,930240,0.0,0.0
2025-03-10 00:00:00+05:30,3246.0,3246.300048828125,3169.050048828125,3177.699951171875,1777752,0.0,0.0
2025-03-11 00:00:00+05:30,3170.300048828125,3204.39990234375,3161.10009765625,3195.449951171875,1274649,0.0,0.0
2025-03-12 00:00:00+05:30,3205.0,3221.949951171875,3153.050048828125,3193.64990234375,1360149,0.0,0.0
2025-03-13 00:00:00+05:30,3202.25,3233.14990234375,3178.050048828125,3187.300048828125,1414376,0.0,0.0
2025-03-17 00:00:00+05:30,3190.0,3240.050048828125,3159.0,3173.449951171875,2805790,0.0,0.0
2025-03-18 00:00:00+05:30,3173.449951171875,3173.449951171875,3173.449951171875,3173.449951171875,0,0.0,0.0
2025-03-19 00:00:00+05:30,3275.0,3326.60009765625,3268.5,3319.550048828125,1616312,0.0,0.0
2025-03-20 00:00:00+05:30,3335.25,3358.89990234375,3276.89990234375,3351.050048828125,2434722,0.0,0.0
2025-03-21 00:00:00+05:30,3357.0,3455.0,3332.75,3415.949951171875,3042073,0.0,0.0
2025-03-24 00:00:00+05:30,3449.0,3517.0,3446.0,3481.85009765625,1955564,0.0,0.0
2025-03-25 00:00:00+05:30,3505.0,3525.0,3435.35009765625,3469.60009765625,4235900,0.0,0.0
2025-03-26 00:00:00+05:30,3473.0,3496.800048828125,3418.5,3444.800048828125,2315715,0.0,0.0
2025-03-27 00:00:00+05:30,3460.0,3528.0,3451.0,3501.60009765625,3467864,0.0,0.0
2025-03-28 00:00:00+05:30,3509.89990234375,3514.0,3472.550048828125,3492.300048828125,1348143,0.0,0.0
2025-04-01 00:00:00+05:30,3480.0,3501.60009765625,3430.0,3436.800048828125,1935147,0.0,0.0
2025-04-02 00:00:00+05:30,3433.0,3457.75,3408.0,3419.89990234375,1338839,0.0,0.0
2025-04-03 00:00:00+05:30,3400.0,3463.0,3393.0,3420.14990234375,1200631,0.0,0.0
2025-04-04 00:00:00+05:30,3400.0,3403.800048828125,3237.300048828125,3260.14990234375,2366979,0.0,0.0
2025-04-07 00:00:00+05:30,3049.050048828125,3090.60009765625,2965.300048828125,3068.5,4953864,0.0,0.0
2025-04-08 00:00:00+05:30,3124.949951171875,3193.89990234375,3092.699951171875,3161.10009765625,2877816,0.0,0.0
2025-04-09 00:00:00+05:30,3158.800048828125,3158.800048828125,3048.0,3054.14990234375,4451381,0.0,0.0
2025-04-11 00:00:00+05:30,3114.0,3157.0,3100.14990234375,3115.949951171875,3979116,0.0,0.0
2025-04-15 00:00:00+05:30,3180.0,3272.0,3176.10009765625,3257.60009765625,2161492,0.0,0.0
2025-04-16 00:00:00+05:30,3270.0,3276.800048828125,3224.10009765625,3227.699951171875,1578260,0.0,0.0
2025-04-17 00:00:00+05:30,3214.10009765625,3249.89990234375,3162.39990234375,3247.300048828125,3209331,0.0,0.0
2025-04-21 00:00:00+05:30,3249.5,3290.0,3225.10009765625,3280.5,1643003,0.0,0.0
2025-04-22 00:00:00+05:30,3280.0,3285.0,3248.0,3257.800048828125,2060322,0.0,0.0
2025-04-23 00:00:00+05:30,3275.39990234375,3315.0,3266.699951171875,3301.0,2381699,0.0,0.0
2025-04-24 00:00:00+05:30,3307.0,3307.0,3280.0,3300.60009765625,1993448,0.0,0.0
2025-04-25 00:00:00+05:30,3310.0,3335.699951171875,3230.10009765625,3272.10009765625,2004819,0.0,0.0
2025-04-28 00:00:00+05:30,3260.0,3350.800048828125,3254.800048828125,3327.300048828125,1689485,0.0,0.0
2025-04-29 00:00:00+05:30,3335.0,3376.39990234375,3315.0,3322.300048828125,1843861,0.0,0.0
2025-04-30 00:00:00+05:30,3324.0,3355.0,3303.300048828125,3341.0,1930714,0.0,0.0
2025-05-02 00:00:00+05:30,3325.0,3374.89990234375,3325.0,3334.89990234375,1411889,0.0,0.0
2025-05-05 00:00:00+05:30,3350.0,3350.0,3300.699951171875,3330.199951171875,1947332,0.0,0.0
2025-05-06 00:00:00+05:30,3346.0,3353.0,3302.800048828125,3334.0,1695516,0.0,0.0
2025-05-07 00:00:00+05:30,3332.0,3339.800048828125,3284.10009765625,3321.39990234375,2422707,0.0,0.0
2025-05-08 00:00:00+05:30,3310.10009765625,3366.0,3299.800048828125,3323.89990234375,3204333,0.0,0.0
2025-05-09 00:00:00+05:30,3331.0,3477.0,3331.0,3443.89990234375,5637694,0.0,0.0
2025-05-12 00:00:00+05:30,3513.0,3602.800048828125,3490.0,3587.199951171875,3147384,0.0,0.0
2025-05-13 00:00:00+05:30,3587.199951171875,3606.0,3545.0,3567.0,2374439,0.0,0.0
2025-05-14 00:00:00+05:30,3587.0,3617.0,3567.0,3573.10009765625,2440116,0.0,0.0
2025-05-15 00:00:00+05:30,3594.0,3648.699951171875,3543.0,3618.199951171875,3720879,0.0,0.0
2025-05-16 00:00:00+05:30,3642.0,3642.0,3600.0,3604.699951171875,1278520,0.0,0.0
2025-05-19 00:00:00+05:30,3604.699951171875,3619.89990234375,3587.0,3600.199951171875,1519244,0.0,0.0
2025-05-20 00:00:00+05:30,3630.0,3634.0,3556.0,3567.800048828125,1532347,0.0,0.0
2025-05-21 00:00:00+05:30,3565.699951171875,3610.5,3555.0,3589.0,1563885,0.0,0.0
2025-05-22 00:00:00+05:30,3585.0,3592.0,3536.89990234375,3551.39990234375,1597159,0.0,0.0
2025-05-23 00:00:00+05:30,3570.0,3631.60009765625,3551.199951171875,3599.89990234375,1119217,0.0,0.0
2025-05-26 00:00:00+05:30,3615.800048828125,3672.5,3608.39990234375,3648.699951171875,1678934,0.0,0.0
2025-05-27 00:00:00+05:30,3648.699951171875,3665.0,3603.0,3640.0,2013954,0.0,0.0
2025-05-28 00:00:00+05:30,3660.0,3663.0,3620.0,3646.300048828125,1293244,0.0,0.0
2025-05-29 00:00:00+05:30,3663.89990234375,3668.89990234375,3618.0,3655.300048828125,1972248,0.0,0.0
