timestamp,Open,High,Low,Close,Volume,Dividends,Stock Splits
2020-06-01 00:00:00+05:30,418.71816879258853,445.8682713489848,418.38648629240555,436.96038818359375,9668047,0.0,0.0
2020-06-02 00:00:00+05:30,440.7509818882284,453.78113867479766,436.7234788814706,438.6187744140625,8520940,0.0,0.0
2020-06-03 00:00:00+05:30,445.39443198584377,466.8112764142522,442.0776649391407,459.70391845703125,9873294,0.0,0.0
2020-06-04 00:00:00+05:30,459.89343292219104,460.79370983585125,444.82583976244103,453.4020690917969,5829493,0.0,0.0
2020-06-05 00:00:00+05:30,453.9232639235974,463.8261942974117,450.51172630219304,458.8510437011719,6265829,0.0,0.0
2020-06-08 00:00:00+05:30,460.0829849969664,468.28013229274404,443.7360612251895,446.199951171875,5955200,0.0,0.0
2020-06-09 00:00:00+05:30,448.9954424061095,457.52427120679897,439.0451421386385,453.6863098144531,7656301,0.0,0.0
2020-06-10 00:00:00+05:30,451.2224586257515,458.3772163038437,444.30464179890214,447.33709716796875,4849036,0.0,0.0
2020-06-11 00:00:00+05:30,447.28971719326506,454.87089884060856,444.9205979284702,449.7062072753906,4331683,0.0,0.0
2020-06-12 00:00:00+05:30,433.0750239032849,486.04855652760506,432.22214670802714,481.8315124511719,18368009,0.0,0.0
2020-06-15 00:00:00+05:30,478.7042673706554,493.677119555512,472.5919565787908,481.5472106933594,17605860,0.0,0.0
2020-06-16 00:00:00+05:30,490.0286204189974,491.8291742506437,475.0557977804886,480.2204895019531,6712936,0.0,0.0
2020-06-17 00:00:00+05:30,478.46734709274347,478.46734709274347,466.7165206809026,471.5495300292969,9273745,0.0,0.0
2020-06-18 00:00:00+05:30,470.886174144788,482.25794745761806,466.2427058260321,480.078369140625,7114752,0.0,0.0
2020-06-19 00:00:00+05:30,480.0783873764485,480.0783873764485,470.4123681254123,473.87127685546875,9811021,0.0,0.0
2020-06-22 00:00:00+05:30,475.4822866798344,475.9561105828536,468.23278674762275,472.63934326171875,5149581,0.0,0.0
2020-06-23 00:00:00+05:30,473.823879542799,492.682093084534,471.54953070497646,489.3653259277344,9132472,0.0,0.0
2020-06-24 00:00:00+05:30,492.7768243809968,500.02635272176377,485.7168371560343,488.3702392578125,7568963,0.0,0.0
2020-06-25 00:00:00+05:30,483.20556609106546,489.3178765261229,476.9984851001338,480.6943054199219,5248401,0.0,0.0
2020-06-26 00:00:00+05:30,488.0385888511021,488.2755007874375,472.59194216999396,475.15057373046875,4079405,0.0,0.0
2020-06-29 00:00:00+05:30,468.2327471723367,484.20061713845615,467.2376997081486,480.88385009765625,4459947,0.0,0.0
2020-06-30 00:00:00+05:30,482.3526714502835,488.51238140004153,480.5521466335674,483.96368408203125,5487685,0.0,0.0
2020-07-01 00:00:00+05:30,486.8540325833168,494.1035610219487,468.37490141957045,472.828857421875,8990865,0.0,0.0
2020-07-02 00:00:00+05:30,479.9835561129928,504.14857226478216,477.99349017533353,501.968994140625,16513522,0.0,0.0
2020-07-03 00:00:00+05:30,503.5800178941554,507.46535038206514,496.75694279164134,502.72711181640625,7982179,0.0,0.0
2020-07-06 00:00:00+05:30,505.71225215101117,543.523363212506,505.71225215101117,540.680419921875,16728066,0.0,0.0
2020-07-07 00:00:00+05:30,535.4209780011859,538.2639212472099,522.7699036923104,530.6827392578125,9208254,0.0,0.0
2020-07-08 00:00:00+05:30,534.4733165922619,538.500819421193,520.2586007254464,522.3908081054688,5172833,0.0,0.0
2020-07-09 00:00:00+05:30,524.9967508555325,534.7575092041972,519.3582362774781,530.9669189453125,4123902,0.0,0.0
2020-07-10 00:00:00+05:30,526.2288212497094,539.1642370886161,523.1015950213526,525.8023681640625,5752443,0.0,0.0
2020-07-13 00:00:00+05:30,530.6826999665973,531.1565238058532,520.4481166066349,526.7499389648438,3165043,0.0,0.0
2020-07-14 00:00:00+05:30,524.0491721463407,524.9494490190777,509.8344568078323,516.6575317382812,3097258,0.0,0.0
2020-07-15 00:00:00+05:30,521.2062183854767,530.3984123504217,514.3357727794864,521.348388671875,5671780,0.0,0.0
2020-07-16 00:00:00+05:30,520.5870425009509,546.7591515846368,516.3519077770908,543.3330078125,11751032,2.35,0.0
2020-07-17 00:00:00+05:30,544.3321915336427,562.7002384393161,538.1936318603522,560.3685302734375,9124092,0.0,0.0
2020-07-20 00:00:00+05:30,560.4638524760778,568.7437097489558,554.0397892270099,565.3175659179688,5771917,0.0,0.0
2020-07-21 00:00:00+05:30,564.2230438784886,568.6485326818214,557.2279763769145,559.8927612304688,3850519,0.0,0.0
2020-07-22 00:00:00+05:30,560.1782759418334,582.448384465398,553.8969930700354,563.4141235351562,11559026,0.0,0.0
2020-07-23 00:00:00+05:30,562.4148570960125,579.5932665984576,556.2762961031173,574.216064453125,7605913,0.0,0.0
2020-07-24 00:00:00+05:30,565.412673698004,571.931942642666,561.6058216735422,569.7905883789062,3531702,0.0,0.0
2020-07-27 00:00:00+05:30,569.267166011644,571.0278118630406,559.6072556257798,565.6982421875,3345182,0.0,0.0
2020-07-28 00:00:00+05:30,563.0334508130431,595.5820506869724,560.3210916935316,590.3952026367188,10289416,0.0,0.0
2020-07-29 00:00:00+05:30,590.062154245942,594.7255719259734,571.97960435776,575.6436767578125,5182915,0.0,0.0
2020-07-30 00:00:00+05:30,576.7380862858737,585.113149188606,567.4588844025614,569.4574584960938,4958267,0.0,0.0
2020-07-31 00:00:00+05:30,570.9326730727381,581.3538843381998,563.5568970496658,577.1663818359375,3962668,0.0,0.0
2020-08-03 00:00:00+05:30,580.5449806034645,590.5379679745078,565.5079255103432,568.3154907226562,5002825,0.0,0.0
2020-08-04 00:00:00+05:30,568.3154081871463,580.1641878788106,568.3154081871463,573.502197265625,4889709,0.0,0.0
2020-08-05 00:00:00+05:30,576.6429412094956,590.062071536681,574.0733044416646,584.5897216796875,3834812,0.0,0.0
2020-08-06 00:00:00+05:30,588.1586333331531,588.1586333331531,576.3097948789969,580.2118530273438,3857553,0.0,0.0
2020-08-07 00:00:00+05:30,580.6401118543347,586.7310986439716,569.790617875735,571.4561157226562,7679198,0.0,0.0
2020-08-10 00:00:00+05:30,575.786442664708,609.857761042813,575.786442664708,598.5324096679688,12341769,0.0,0.0
2020-08-11 00:00:00+05:30,599.5792224321631,609.6673575426652,592.3462264760999,599.1509399414062,5128836,0.0,0.0
2020-08-12 00:00:00+05:30,597.675744382329,617.2810083036395,594.201968811169,604.2901611328125,8891590,0.0,0.0
2020-08-13 00:00:00+05:30,604.4805784854574,614.1404312746429,598.0565152752876,600.959228515625,5773589,0.0,0.0
2020-08-14 00:00:00+05:30,603.3860686873712,607.05014066425,578.2132471064034,584.7800903320312,3622823,0.0,0.0
2020-08-17 00:00:00+05:30,597.6757807675044,601.4826328743038,584.1614441707759,593.4882202148438,5687622,0.0,0.0
2020-08-18 00:00:00+05:30,594.8206699643523,602.1964462719102,588.7296830687349,592.5841674804688,3989439,0.0,0.0
2020-08-19 00:00:00+05:30,596.7240909733908,601.3875082209648,591.9655256546238,593.7738037109375,2762486,0.0,0.0
2020-08-20 00:00:00+05:30,590.0621021882408,592.9172413923775,580.5449715077852,582.4959716796875,3165784,0.0,0.0
2020-08-21 00:00:00+05:30,590.0620991189738,590.9662381465052,578.6415423618324,580.3546142578125,4191258,0.0,0.0
2020-08-24 00:00:00+05:30,583.4001464559813,585.9697835147332,571.9795889397141,572.8837280273438,3707968,0.0,0.0
2020-08-25 00:00:00+05:30,575.7864019856585,582.8291018732272,572.4554062716918,579.9263305664062,4248590,0.0,0.0
2020-08-26 00:00:00+05:30,583.4000779769306,595.2964906599838,581.0207954403198,583.733154296875,5814785,0.0,0.0
2020-08-27 00:00:00+05:30,589.2531097928565,608.4300913240601,585.8744822722184,606.0032348632812,7637436,0.0,0.0
2020-08-28 00:00:00+05:30,611.2376840745421,615.7583208972032,598.9605629420289,600.91162109375,7809917,0.0,0.0
2020-08-31 00:00:00+05:30,606.2412687749222,609.572264757202,573.0264570307197,577.5947265625,5012805,0.0,0.0
2020-09-01 00:00:00+05:30,580.5450267271805,591.5373020910619,575.7864609343347,578.2133178710938,5572232,0.0,0.0
2020-09-02 00:00:00+05:30,578.6415335715675,614.7114813501086,572.9788293145838,611.7135620117188,7887097,0.0,0.0
2020-09-03 00:00:00+05:30,609.5722181310149,624.3237706384789,601.4826570785345,613.5218505859375,9194655,0.0,0.0
2020-09-04 00:00:00+05:30,598.627526778209,618.4231472067016,596.0578898469433,601.482666015625,5889085,0.0,0.0
2020-09-07 00:00:00+05:30,601.7681743540114,603.2433180238721,576.0719209596839,580.9732666015625,9387992,0.0,0.0
2020-09-08 00:00:00+05:30,581.4966589117449,594.3447847633138,576.0718830457141,579.2125244140625,6825892,0.0,0.0
2020-09-09 00:00:00+05:30,577.4994554607094,587.206939992273,568.5533878241341,584.2566528320312,6589023,0.0,0.0
2020-09-10 00:00:00+05:30,589.5862377799527,593.7737984586082,583.3049548499246,585.7318115234375,4699612,0.0,0.0
2020-09-11 00:00:00+05:30,585.2083583769635,591.8703495072164,582.5435154545002,584.5897216796875,2837723,0.0,0.0
2020-09-14 00:00:00+05:30,585.303547984714,599.0082396605144,582.3532606528192,585.5890502929688,4918699,0.0,0.0
2020-09-15 00:00:00+05:30,589.3482314779025,593.8688678921455,582.4007387114973,583.8283081054688,3805649,0.0,0.0
2020-09-16 00:00:00+05:30,586.2551950037173,618.4230820730195,586.2551950037173,608.5728759765625,18993356,0.0,0.0
2020-09-17 00:00:00+05:30,600.5309183615473,612.4273311658568,597.3427029651735,606.0508422851562,6363964,0.0,0.0
2020-09-18 00:00:00+05:30,609.0963475571103,627.5596038276169,603.9094998548535,622.5631103515625,13518207,0.0,0.0
2020-09-21 00:00:00+05:30,625.2755374687408,634.4119604431455,585.731867835456,592.3938598632812,9301954,0.0,0.0
2020-09-22 00:00:00+05:30,592.3937953434056,594.1068672035342,573.882965036013,586.0648803710938,5369370,0.0,0.0
2020-09-23 00:00:00+05:30,592.0130474205254,593.2502626765781,574.12085501928,583.0193481445312,4116481,0.0,0.0
2020-09-24 00:00:00+05:30,575.7864461405849,577.1188677635321,540.0972036112097,547.3302001953125,8991885,0.0,0.0
2020-09-25 00:00:00+05:30,555.7052909721921,566.6975654350298,548.7577390137635,563.6996459960938,5415792,0.0,0.0
2020-09-28 00:00:00+05:30,566.2692539752959,588.1586537087946,564.4609759795211,585.5414428710938,5494528,0.0,0.0
2020-09-29 00:00:00+05:30,585.5413929980176,596.2481636948526,573.9780574102564,583.5903930664062,5747565,0.0,0.0
2020-09-30 00:00:00+05:30,586.2076651588046,592.91723054822,576.309826196975,578.54638671875,4990827,0.0,0.0
2020-10-01 00:00:00+05:30,585.0179039456353,591.8702481234352,578.7841963591427,580.6876220703125,3842191,0.0,0.0
2020-10-05 00:00:00+05:30,585.3034618698196,586.4931030524817,568.267776898917,577.6897583007812,5977261,0.0,0.0
2020-10-06 00:00:00+05:30,582.0676845377625,602.4343672666349,579.5932538157673,597.1047973632812,9071955,0.0,0.0
2020-10-07 00:00:00+05:30,599.4841238952642,606.1461158060763,594.8207063225119,601.1019897460938,6086867,0.0,0.0
2020-10-08 00:00:00+05:30,603.5288696289062,610.0005069200548,597.2951025185052,603.5288696289062,4683786,0.0,0.0
2020-10-09 00:00:00+05:30,603.5288338092229,616.1866053354229,597.96127779922,602.6246948242188,4972397,0.0,0.0
2020-10-12 00:00:00+05:30,607.0977189849432,608.8107906913064,599.5791633835257,603.7667236328125,3247640,0.0,0.0
2020-10-13 00:00:00+05:30,603.7191299392398,610.9997577646067,594.2019997559905,597.5806274414062,3769222,0.0,0.0
2020-10-14 00:00:00+05:30,593.297910871787,597.4854132432718,586.5407136798759,593.7261352539062,2776984,0.0,0.0
2020-10-15 00:00:00+05:30,590.966268771277,602.4344001582781,584.4469990984636,587.4924926757812,3794955,0.0,0.0
2020-10-16 00:00:00+05:30,587.6828139434414,593.8213747916967,572.9788355640266,577.3567504882812,4274910,0.0,0.0
2020-10-19 00:00:00+05:30,583.1145130269298,584.8275846516071,566.4595370604478,568.6008911132812,3646287,0.0,0.0
2020-10-20 00:00:00+05:30,568.5533438111772,579.5931908784441,561.7961469629448,573.1691284179688,4377671,0.0,0.0
2020-10-21 00:00:00+05:30,577.5947027084147,581.3063489397489,563.6045085430286,571.8367919921875,3684706,0.0,0.0
2020-10-22 00:00:00+05:30,570.8374421048626,577.6422132462044,565.4126664222207,575.167724609375,3818694,0.0,0.0
2020-10-23 00:00:00+05:30,580.3070356500364,597.6757989146746,576.1194749702292,594.9634399414062,6421723,0.0,0.0
2020-10-26 00:00:00+05:30,594.7731028112555,595.6296097331424,565.8885758907518,568.3154907226562,4800537,0.0,0.0
2020-10-27 00:00:00+05:30,571.4085582422648,575.7864151886821,564.8417147346823,568.3154907226562,5712121,0.0,0.0
2020-10-28 00:00:00+05:30,570.0760719365181,583.4000535844501,565.5078612748173,574.9774169921875,6811118,0.0,0.0
2020-10-29 00:00:00+05:30,569.31484566064,574.9775507963807,561.7487141322445,563.3666381835938,3680773,0.0,0.0
2020-10-30 00:00:00+05:30,563.9375703431704,572.6933422409726,558.4652201680385,565.3175659179688,4209087,0.0,0.0
2020-11-02 00:00:00+05:30,563.4140678127684,570.9326233718008,560.5589289556092,567.2684936523438,4085120,0.0,0.0
2020-11-03 00:00:00+05:30,570.3616354178754,576.2146940764987,565.3175677274606,567.0306396484375,3669816,0.0,0.0
2020-11-04 00:00:00+05:30,568.9340739304225,574.5016303630829,563.4141496226569,567.9823608398438,2475177,0.0,0.0
2020-11-05 00:00:00+05:30,574.1684343913835,578.070492497323,570.3140084052337,573.0263671875,3794240,0.0,0.0
2020-11-06 00:00:00+05:30,573.8829348441724,589.3958450142438,572.6457195707221,583.9710693359375,5908936,0.0,0.0
2020-11-09 00:00:00+05:30,591.0138068094383,591.9655198638818,580.735317439039,586.5883178710938,3819808,0.0,0.0
2020-11-10 00:00:00+05:30,591.9654652962054,597.3902408240659,581.4966226623496,590.0144653320312,7876161,0.0,0.0
2020-11-11 00:00:00+05:30,594.8206364563213,613.4266143470844,592.1082775892615,602.6246948242188,7561527,0.0,0.0
2020-11-12 00:00:00+05:30,602.4819410819484,622.8010497679657,599.1033713361663,602.1488647460938,6913788,0.0,0.0
2020-11-13 00:00:00+05:30,603.3384594649683,608.0970243979076,597.7233296089196,599.4364013671875,4107823,0.0,0.0
2020-11-14 00:00:00+05:30,603.8619330284749,603.8619330284749,599.4364440902474,600.864013671875,295788,0.0,0.0
2020-11-17 00:00:00+05:30,608.1445625697271,614.8065530830105,603.0529216268966,606.4790649414062,6173551,0.0,0.0
2020-11-18 00:00:00+05:30,606.4315334153786,675.6686539596176,606.241179198354,671.6714477539062,32986476,0.0,0.0
2020-11-19 00:00:00+05:30,665.2474105365457,693.2277969616763,658.8709215933543,669.9108276367188,15336768,0.0,0.0
2020-11-20 00:00:00+05:30,675.7162069839028,683.8533412391472,663.7246468275373,681.0457763671875,6730897,0.0,0.0
2020-11-23 00:00:00+05:30,681.8072558989095,685.9471844533523,665.2474255052282,671.385986328125,4484068,0.0,0.0
2020-11-24 00:00:00+05:30,675.7162724995753,709.5020861245541,672.1473485251057,694.1318969726562,16121626,0.0,0.0
2020-11-25 00:00:00+05:30,696.6539831892421,697.5581222440328,681.4265737206249,685.1858520507812,5423034,0.0,0.0
2020-11-26 00:00:00+05:30,687.1368023643939,701.2221434822507,685.2333763190632,693.3229370117188,6798860,0.0,0.0
2020-11-27 00:00:00+05:30,701.3173265920802,707.0751785724127,676.6679368798422,687.1367797851562,11302666,0.0,0.0
2020-12-01 00:00:00+05:30,700.8415145453891,700.9366626153825,673.8604146754458,699.080810546875,5710611,0.0,0.0
2020-12-02 00:00:00+05:30,698.5573847924942,721.3984981917039,695.2739631237669,717.2109375,6337698,0.0,0.0
2020-12-03 00:00:00+05:30,713.8322890293985,719.8280690178029,707.788935010917,709.8350830078125,2957787,0.0,0.0
2020-12-04 00:00:00+05:30,712.9282319806584,727.5370623447963,707.313159763917,714.3082275390625,5356456,0.0,0.0
2020-12-07 00:00:00+05:30,713.7847655176594,719.3522634535159,708.122061426962,715.9736938476562,3525945,0.0,0.0
2020-12-08 00:00:00+05:30,716.9729770742041,727.1087439256258,707.6462011388219,717.5916137695312,4333519,0.0,0.0
2020-12-09 00:00:00+05:30,720.2563456102663,726.1094034608675,713.975063404505,718.5432739257812,3213975,0.0,0.0
2020-12-10 00:00:00+05:30,709.026213817301,718.4957701697672,695.749805310111,700.6035766601562,3814006,0.0,0.0
2020-12-11 00:00:00+05:30,703.2207393083195,710.6440888835438,687.2319148842056,692.4187622070312,4197494,0.0,0.0
2020-12-14 00:00:00+05:30,696.320853833853,701.7932036950467,675.7162437300035,677.3341674804688,4183639,0.0,0.0
2020-12-15 00:00:00+05:30,675.7162791500357,685.2334098422897,667.150861527007,683.2824096679688,5495877,0.0,0.0
2020-12-16 00:00:00+05:30,701.5076102076655,710.215807158762,691.1339736392891,696.6063232421875,11262389,0.0,0.0
2020-12-17 00:00:00+05:30,699.6042170895378,702.7924905562229,690.3250151535209,695.369140625,3630553,0.0,0.0
2020-12-18 00:00:00+05:30,691.038848631087,702.3166835549468,687.6602787927835,698.1766967773438,6671658,0.0,0.0
2020-12-21 00:00:00+05:30,693.7987458407872,694.7504587980449,628.3684800293275,652.8275146484375,9130116,0.0,0.0
2020-12-22 00:00:00+05:30,655.5399524787551,665.5805137723377,635.0781214275481,661.4881591796875,7305751,0.0,0.0
2020-12-23 00:00:00+05:30,659.5371677937511,680.4748556602194,655.0165306407637,677.1438598632812,4383472,0.0,0.0
2020-12-24 00:00:00+05:30,678.0955325512523,687.6602368664898,666.2942677671087,676.5728149414062,3373695,0.0,0.0
2020-12-28 00:00:00+05:30,680.8554957478981,684.091285058593,673.1465856821654,676.620361328125,2484872,0.0,0.0
2020-12-29 00:00:00+05:30,679.9989651517351,682.3782477449881,670.0059782600721,672.90869140625,2808820,0.0,0.0
2020-12-30 00:00:00+05:30,675.7162560576778,689.3257408649107,670.3390541651358,685.8995971679688,3219036,0.0,0.0
2020-12-31 00:00:00+05:30,684.9954494884515,690.5153734138036,679.0472430844184,685.8043823242188,3723205,0.0,0.0
2021-01-01 00:00:00+05:30,689.9918803119313,708.7882108445667,688.0884544352087,697.0821533203125,9543128,0.0,0.0
2021-01-04 00:00:00+05:30,699.5090918838639,714.736500686778,692.1333157449524,712.92822265625,4547027,0.0,0.0
2021-01-05 00:00:00+05:30,711.8813491697618,711.8813491697618,694.7505145640724,704.36279296875,3551554,0.0,0.0
2021-01-06 00:00:00+05:30,705.2193865274237,710.4062343887052,695.1788252329173,700.5559692382812,3601608,0.0,0.0
2021-01-07 00:00:00+05:30,707.1227178026032,718.5432731372348,704.3627270282213,708.4551391601562,4063641,0.0,0.0
2021-01-08 00:00:00+05:30,713.7846850791897,735.4837278880077,709.026120511995,733.2947998046875,5998381,0.0,0.0
2021-01-11 00:00:00+05:30,735.7217818824699,753.1857516821761,726.3474313178004,750.9967651367188,6643610,0.0,0.0
2021-01-12 00:00:00+05:30,751.805757347713,758.2773946584904,739.8617698401532,742.1934204101562,5532160,0.0,0.0
2021-01-13 00:00:00+05:30,746.7139388620874,797.0595759067812,744.477436720095,788.3513793945312,19610461,0.0,0.0
2021-01-14 00:00:00+05:30,788.8750080959053,803.1030724032782,787.3998063275129,789.8267211914062,8576718,0.0,0.0
2021-01-15 00:00:00+05:30,788.0183746606076,797.5355047893589,775.9791818125562,780.0715942382812,4996951,0.0,0.0
2021-01-18 00:00:00+05:30,778.406121371565,781.166054344438,758.6580757225493,769.9358520507812,3955069,0.0,0.0
2021-01-19 00:00:00+05:30,770.8875903942347,780.0240126748358,762.845603296605,769.03173828125,3991167,0.0,0.0
2021-01-20 00:00:00+05:30,768.0324599692285,791.7777130691398,763.2738945419098,784.6874389648438,4502291,0.0,0.0
2021-01-21 00:00:00+05:30,783.259812897512,794.6803691001489,761.6559157966001,769.2220458984375,4455107,0.0,0.0
2021-01-22 00:00:00+05:30,768.9841392690123,786.7811848028539,756.6118697015653,759.8477172851562,5588252,0.0,0.0
2021-01-25 00:00:00+05:30,763.3689540589426,773.6950746910933,746.380900689335,756.1835327148438,3353172,0.0,0.0
2021-01-27 00:00:00+05:30,758.5153111080654,777.5495723654823,726.5377754307871,732.771484375,6585102,0.0,0.0
2021-01-28 00:00:00+05:30,721.3984944661458,740.5279036040107,719.5902164295316,728.0604858398438,4622634,0.0,0.0
2021-01-29 00:00:00+05:30,735.2458780439363,761.3228378873962,709.9779091159136,713.404052734375,8761073,0.0,0.0
2021-02-01 00:00:00+05:30,716.6399690414406,769.7931227929299,705.7428423567513,756.7546997070312,6592083,0.0,0.0
2021-02-02 00:00:00+05:30,770.8875880110018,796.9645494085316,763.8448880458423,777.4067993164062,5334431,0.0,0.0
2021-02-03 00:00:00+05:30,781.3564350517307,817.4263838514207,778.5012958249888,792.9673461914062,8802838,0.0,0.0
2021-02-04 00:00:00+05:30,794.6804015373674,850.4031893329654,794.6804015373674,824.6593627929688,14706560,0.0,0.0
2021-02-05 00:00:00+05:30,837.4122706532978,839.1253423921717,800.5809668717333,823.7075805664062,15668083,0.0,0.0
2021-02-08 00:00:00+05:30,847.9763426320562,906.0784137503651,847.9763426320562,883.5704345703125,21179625,0.0,0.0
2021-02-09 00:00:00+05:30,884.6173042510475,893.658578474162,842.4564265966416,851.783203125,9210613,0.0,0.0
2021-02-10 00:00:00+05:30,855.5900083418828,872.7208427691953,843.312887100461,870.0084838867188,6465767,0.0,0.0
2021-02-11 00:00:00+05:30,872.197445694182,875.623589475941,858.7782566917225,870.0560913085938,3640848,0.0,0.0
2021-02-12 00:00:00+05:30,871.7691064629013,874.1959629910319,861.3002634813599,864.6788330078125,2484145,0.0,0.0
2021-02-15 00:00:00+05:30,866.9153771467248,875.5759420338359,854.8761847085794,867.8194580078125,4178613,0.0,0.0
2021-02-16 00:00:00+05:30,870.8174338270053,877.241496863434,858.5403123444264,868.1526489257812,4223635,0.0,0.0
2021-02-17 00:00:00+05:30,861.3002802900843,875.7187557312265,860.9195718481452,870.7698364257812,3903522,0.0,0.0
2021-02-18 00:00:00+05:30,870.7698210926458,870.7698210926458,848.5949198070514,851.2597045898438,4616205,0.0,0.0
2021-02-19 00:00:00+05:30,847.024616483331,861.9189489858884,821.1855838801463,836.793701171875,5171996,0.0,0.0
2021-02-22 00:00:00+05:30,837.5074673464457,839.8867499241344,792.872102953823,796.678955078125,5960870,0.0,0.0
2021-02-23 00:00:00+05:30,801.4375137373748,815.570486987062,779.5481142000648,800.3430786132812,7348084,0.0,0.0
2021-02-24 00:00:00+05:30,800.4858175492637,814.5712170616076,799.4389564367307,808.5753784179688,3184114,0.0,0.0
2021-02-25 00:00:00+05:30,811.9063543204794,824.7544800935441,801.3899370645615,817.521484375,6134649,0.0,0.0
2021-02-26 00:00:00+05:30,807.1001752230975,815.2849416445603,759.9428090233936,767.4613647460938,12073749,0.0,0.0
2021-03-01 00:00:00+05:30,781.356369111005,811.5256826784356,776.7881583513324,779.8812255859375,9223619,0.0,0.0
2021-03-02 00:00:00+05:30,792.729412065776,826.0869435008398,780.452290246307,818.5208129882812,9706013,0.0,0.0
2021-03-03 00:00:00+05:30,825.0875902772265,826.0868773015333,806.1484784956168,810.9070434570312,5028771,0.0,0.0
2021-03-04 00:00:00+05:30,801.19963811267,816.8553299929829,794.4900724748092,804.4354858398438,4574138,0.0,0.0
2021-03-05 00:00:00+05:30,799.4389936781698,819.187040248196,797.8686438482621,799.8197021484375,5179108,0.0,0.0
2021-03-08 00:00:00+05:30,807.0051236167445,815.9511917804124,799.4389929586515,809.9078369140625,3474579,0.0,0.0
2021-03-09 00:00:00+05:30,811.811210095043,823.8979771267099,801.3423668230083,810.8594970703125,3536262,0.0,0.0
2021-03-10 00:00:00+05:30,815.0470194441183,832.7488576399122,808.0043201557548,822.0896606445312,3971353,0.0,0.0
2021-03-12 00:00:00+05:30,827.5145555441682,833.8910450480693,803.388651254286,814.47607421875,4012449,0.0,0.0
2021-03-15 00:00:00+05:30,820.376652390917,820.376652390917,784.2115563458418,803.6265258789062,3069303,0.0,0.0
2021-03-16 00:00:00+05:30,810.859503634302,815.1422122802578,799.4389472450865,802.1513061523438,2996797,0.0,0.0
2021-03-17 00:00:00+05:30,806.6719640897497,810.2408880544365,793.4431874467506,796.5362548828125,2034583,0.0,0.0
2021-03-18 00:00:00+05:30,801.342386249714,818.9966516688596,793.7286818672939,804.816162109375,5033325,0.0,0.0
2021-03-19 00:00:00+05:30,799.3914308231726,818.4732668811235,780.928173428113,809.2416381835938,7538327,0.0,0.0
2021-03-22 00:00:00+05:30,808.7656973922807,817.8545449427819,791.9679977616154,811.8587646484375,2906300,0.0,0.0
2021-03-23 00:00:00+05:30,818.425638784243,823.2317780093659,800.8665216125796,803.8644409179688,3925212,0.0,0.0
2021-03-24 00:00:00+05:30,795.8700161080453,804.1975050658275,769.5551277662721,772.219970703125,4066262,0.0,0.0
2021-03-25 00:00:00+05:30,772.6005994123881,774.6943796235556,750.0449897639892,753.47119140625,4501404,0.0,0.0
2021-03-26 00:00:00+05:30,761.2276875970593,775.3130877216315,753.8995433148984,760.7518310546875,4170972,0.0,0.0
2021-03-30 00:00:00+05:30,766.6523766919128,766.6523766919128,745.1912606869104,756.61181640625,5670999,0.0,0.0
2021-03-31 00:00:00+05:30,756.7070122897737,766.8427793664102,751.9484471059922,756.8497924804688,3972382,0.0,0.0
2021-04-01 00:00:00+05:30,762.7979675050511,770.6971737668019,742.0982098091873,768.6033935546875,5678798,0.0,0.0
2021-04-05 00:00:00+05:30,769.2696634266553,769.7455199620036,732.1052796335352,737.05419921875,4176802,0.0,0.0
2021-04-06 00:00:00+05:30,746.1430477821444,753.3760438877073,737.5776301417882,743.383056640625,2984229,0.0,0.0
2021-04-07 00:00:00+05:30,743.5733648744385,760.0379883692403,737.9582929547756,757.8490600585938,2271095,0.0,0.0
2021-04-08 00:00:00+05:30,763.2739112499805,771.8393292066512,754.70849329331,756.7546997070312,3324494,0.0,0.0
2021-04-09 00:00:00+05:30,756.6118256759152,762.3221036055447,747.0946957931993,752.94775390625,2065092,0.0,0.0
2021-04-12 00:00:00+05:30,741.3844496066461,741.3844496066461,702.887645965193,715.2123413085938,4628388,0.0,0.0
2021-04-13 00:00:00+05:30,717.5916375252792,777.5495594935718,714.546144156918,772.0772094726562,12501628,0.0,0.0
2021-04-15 00:00:00+05:30,766.1290340555107,769.8407383252481,747.237552537896,766.2241821289062,5256004,0.0,0.0
2021-04-16 00:00:00+05:30,766.224139458177,797.3927412818107,764.415919548662,781.9750366210938,6915568,0.0,0.0
2021-04-19 00:00:00+05:30,747.1898620045998,768.0324001891518,747.1898620045998,756.5642700195312,4317341,0.0,0.0
2021-04-20 00:00:00+05:30,768.9840755546211,781.5466983075094,761.893802349306,771.9819946289062,4830957,0.0,0.0
2021-04-22 00:00:00+05:30,756.6118978483523,765.9862484418569,747.5706235973344,761.0849609375,4576665,0.0,0.0
2021-04-23 00:00:00+05:30,757.5635679680857,766.6999897737255,736.7210294835312,740.3375854492188,4796085,0.0,0.0
2021-04-26 00:00:00+05:30,742.3362162050569,754.9939887868593,738.1962874652502,742.8120727539062,3528851,0.0,0.0
2021-04-27 00:00:00+05:30,743.287907308113,749.9023247589837,739.4810550299663,740.8134765625,3624649,0.0,0.0
2021-04-28 00:00:00+05:30,748.0464207456794,762.893120364993,741.241649535522,744.334716796875,5214319,0.0,0.0
2021-04-29 00:00:00+05:30,749.9499395085322,753.8043660318154,731.4866817219964,737.1969604492188,3642323,0.0,0.0
2021-04-30 00:00:00+05:30,731.2963571597404,740.8134880020694,714.2130956801686,716.211669921875,4466148,0.0,0.0
2021-05-03 00:00:00+05:30,708.9310074425613,729.5355581826093,704.3151647318165,716.59228515625,3749870,0.0,0.0
2021-05-04 00:00:00+05:30,722.3501755990817,725.8715253585913,695.797359347808,705.3621215820312,3820769,0.0,0.0
2021-05-05 00:00:00+05:30,707.2656221614938,712.8331206294913,701.7456396435288,711.453125,3102424,0.0,0.0
2021-05-06 00:00:00+05:30,715.2123027075795,722.8260065288179,710.1206615123065,711.310302734375,3662506,0.0,0.0
2021-05-07 00:00:00+05:30,715.688200554168,734.7224612072044,714.7364875215162,730.3446044921875,4833670,0.0,0.0
2021-05-10 00:00:00+05:30,734.7224784003432,745.9526808308403,731.5342629015341,742.7644653320312,2095644,0.0,0.0
2021-05-11 00:00:00+05:30,732.819018806379,742.0506466349069,729.2025209805093,738.529296875,2938331,0.0,0.0
2021-05-12 00:00:00+05:30,734.2466208722235,734.4369751005396,718.6861356806253,723.0164184570312,3480378,0.0,0.0
2021-05-14 00:00:00+05:30,726.2522308347058,726.8232935376199,700.4608295052259,705.6952514648438,4984389,0.0,0.0
2021-05-17 00:00:00+05:30,704.2676303560872,719.4950385800026,699.8897737268925,717.163330078125,3479938,0.0,0.0
2021-05-18 00:00:00+05:30,724.2535794551551,761.3228117294841,717.5915885797463,759.1814575195312,8634396,0.0,0.0
2021-05-19 00:00:00+05:30,755.6600674606474,755.6600674606474,740.4326605596772,746.904296875,4360320,0.0,0.0
2021-05-20 00:00:00+05:30,746.1905393765708,770.4592200096313,744.2395394138558,764.4634399414062,10092542,0.0,0.0
2021-05-21 00:00:00+05:30,765.1772741287482,781.3563955966446,762.0842067892975,779.4053955078125,5721630,0.0,0.0
2021-05-24 00:00:00+05:30,781.8322733561198,784.2115559895833,768.0324340820313,770.8875732421875,3495533,0.0,0.0
2021-05-25 00:00:00+05:30,780.0716223036104,788.0184030118452,769.3172184008388,772.0772094726562,5044078,0.0,0.0
2021-05-26 00:00:00+05:30,776.5978941979514,786.1150252542989,773.7427548810472,781.5468139648438,3084558,0.0,0.0
2021-05-27 00:00:00+05:30,785.4487142384969,790.8734898659982,777.4543600240297,788.58935546875,6902630,0.0,0.0
2021-05-28 00:00:00+05:30,788.9701278776217,811.8112413505565,771.3634362422346,805.0064697265625,11638455,0.0,0.0
2021-05-31 00:00:00+05:30,784.2115053401889,784.2115053401889,751.853263614987,768.9365234375,17596018,0.0,0.0
2021-06-01 00:00:00+05:30,773.7426999098212,778.5012650999186,761.6083586750731,767.3662109375,7230033,0.0,0.0
2021-06-02 00:00:00+05:30,767.36626623954,772.7910425647908,763.5594138131124,767.2711181640625,4244490,0.0,0.0
2021-06-03 00:00:00+05:30,772.791029030453,773.9330963559713,759.5621938451184,763.3214721679688,5001405,0.0,0.0
2021-06-04 00:00:00+05:30,774.6943551050683,774.6943551050683,764.3206605300295,765.7482299804688,5084092,0.0,0.0
2021-06-07 00:00:00+05:30,768.8890303920555,772.5531025616924,763.8449045332363,765.0345458984375,2994862,0.0,0.0
2021-06-08 00:00:00+05:30,765.2723849144054,770.887514738421,758.9911024739392,768.84130859375,2960405,0.0,0.0
2021-06-09 00:00:00+05:30,768.9841606014032,777.3116499643515,762.3221691110446,765.6055908203125,4176767,0.0,0.0
2021-06-10 00:00:00+05:30,768.9841503739221,771.7917155108239,764.2731591222334,767.98486328125,2264605,0.0,0.0
2021-06-11 00:00:00+05:30,769.9358520507812,776.4550631623831,766.6048563991401,769.9358520507812,1783272,0.0,0.0
2021-06-14 00:00:00+05:30,769.935836929969,770.4116934422867,755.6601415604393,768.460693359375,1598770,0.0,0.0
2021-06-15 00:00:00+05:30,768.3655344273413,774.2185931237547,767.0807450003026,769.55517578125,1640381,0.0,0.0
2021-06-16 00:00:00+05:30,769.7453930406009,782.1652349477265,762.8930484438587,767.223388671875,3863280,0.0,0.0
2021-06-17 00:00:00+05:30,763.2738770974537,770.792433535965,754.2801770277791,766.7952270507812,1988175,0.0,0.0
2021-06-18 00:00:00+05:30,767.0806736319608,769.8882385835639,735.7692928750787,743.811279296875,5793496,0.0,0.0
2021-06-21 00:00:00+05:30,738.5293239817064,741.2416829286739,725.5384176635989,739.3382568359375,3024852,0.0,0.0
2021-06-22 00:00:00+05:30,742.4313032787281,751.4250029306174,735.3886617871813,737.7679443359375,2925669,0.0,0.0
2021-06-23 00:00:00+05:30,744.1445035988326,748.0465041128383,737.5776599076968,744.1920776367188,2700327,0.0,0.0
2021-06-24 00:00:00+05:30,745.1913427511038,755.6601866467132,741.3844904254277,753.56640625,3251137,0.0,0.0
2021-06-25 00:00:00+05:30,754.898845183308,763.1787607999185,751.8533516350428,755.8981323242188,1763201,0.0,0.0
2021-06-28 00:00:00+05:30,756.611834636032,760.4186866342006,751.1394848886645,755.1842651367188,1409432,0.0,0.0
2021-06-29 00:00:00+05:30,750.9015864299539,753.756725541855,741.7651645070524,743.85888671875,3167773,0.0,0.0
2021-06-30 00:00:00+05:30,746.9995004612649,751.2822086374879,738.0058016736073,740.1471557617188,2393862,0.0,0.0
2021-07-01 00:00:00+05:30,740.4326876869198,760.180731735125,737.4824007269461,741.8126831054688,5697553,0.0,0.0
2021-07-02 00:00:00+05:30,748.0464555075846,749.2836708520292,739.4810380781084,744.8106079101562,1963778,0.0,0.0
2021-07-05 00:00:00+05:30,748.0464488524234,755.1842966468167,746.6188792935448,753.518798828125,1320469,0.0,0.0
2021-07-06 00:00:00+05:30,752.4242039976317,756.611764040076,741.0988552125668,744.1443481445312,1420179,0.0,0.0
2021-07-07 00:00:00+05:30,740.2423874487258,744.1444457473349,731.4390418697036,741.289306640625,3004815,0.0,0.0
2021-07-08 00:00:00+05:30,740.3851967909821,749.5691930930683,733.7707793157457,738.7672729492188,2010027,0.0,0.0
2021-07-09 00:00:00+05:30,734.7224719416663,738.5293241278926,729.9639067088835,734.294189453125,1658120,0.0,0.0
2021-07-12 00:00:00+05:30,738.5292912687621,743.2878562898237,731.3914437371697,735.5313720703125,2681410,0.0,0.0
2021-07-13 00:00:00+05:30,740.3375966840339,744.4299511364136,736.2928162660398,743.4306640625,2189466,0.0,0.0
2021-07-14 00:00:00+05:30,742.3361507147126,748.9981418108703,739.5285857065985,748.189208984375,2067565,0.0,0.0
2021-07-15 00:00:00+05:30,751.6539198749839,754.4930853539777,746.0718666613963,750.5952758789062,2109663,8.75,0.0
2021-07-16 00:00:00+05:30,754.5412202945733,754.5412202945733,747.3230326004289,750.4990234375,845054,0.0,0.0
2021-07-19 00:00:00+05:30,746.6493530273438,751.3652593384357,741.0672994035658,746.6493530273438,1265906,0.0,0.0
2021-07-20 00:00:00+05:30,745.8793763238033,746.553085573351,724.0804265384099,731.635498046875,2179910,0.0,0.0
2021-07-22 00:00:00+05:30,735.4852380057417,738.2762354172479,727.2565155424998,729.9512939453125,2182264,0.0,0.0
2021-07-23 00:00:00+05:30,729.9993949996058,738.998045653522,729.758788738894,735.4852294921875,1179241,0.0,0.0
2021-07-26 00:00:00+05:30,734.3302624252829,735.3889064104504,724.2248000983294,725.9571533203125,1187498,0.0,0.0
2021-07-27 00:00:00+05:30,727.5933027433033,731.4430027578181,714.7449524415642,717.5359497070312,1732564,0.0,0.0
2021-07-28 00:00:00+05:30,722.4925041478552,722.4925041478552,697.4213430881529,701.3191528320312,4016758,0.0,0.0
2021-07-29 00:00:00+05:30,702.5702313161038,711.0876688428901,698.8167504192185,703.9657592773438,2489035,0.0,0.0
2021-07-30 00:00:00+05:30,707.5749168116179,731.4430465833535,704.3507576112249,715.1780395507812,4642619,0.0,0.0
2021-08-02 00:00:00+05:30,721.8187469354544,730.5286814001236,716.6216284608151,729.2294311523438,2260861,0.0,0.0
2021-08-03 00:00:00+05:30,734.7153558673288,743.665897683354,727.112173966472,741.8853759765625,3235393,0.0,0.0
2021-08-04 00:00:00+05:30,743.9544984005404,746.6492765558388,735.821995692959,737.4581298828125,2659372,0.0,0.0
2021-08-05 00:00:00+05:30,737.2175324064659,737.5543576517235,728.2669918684206,730.8173828125,1451370,0.0,0.0
2021-08-06 00:00:00+05:30,735.1002977862194,743.2809113382536,726.6309684454078,729.7588500976562,4471604,0.0,0.0
2021-08-09 00:00:00+05:30,733.3678827728068,752.6163836329854,732.8866702513022,745.831298828125,6700633,0.0,0.0
2021-08-10 00:00:00+05:30,747.7561105484596,760.1232482198892,746.0237573082793,756.7547607421875,4724852,0.0,0.0
2021-08-11 00:00:00+05:30,756.754775247421,760.2676500382047,738.6611967687345,749.4403686523438,3147983,0.0,0.0
2021-08-12 00:00:00+05:30,751.6539300404387,764.7910548752377,744.6763487436484,747.0343017578125,3551026,0.0,0.0
2021-08-13 00:00:00+05:30,753.5307502012139,759.8346229114674,743.5696150864468,749.392333984375,3391864,0.0,0.0
2021-08-16 00:00:00+05:30,751.07649899853,773.7415961662056,750.9321117507682,769.2662963867188,7131928,0.0,0.0
2021-08-17 00:00:00+05:30,769.2181766688462,773.7415858902586,752.61634551772,760.9413452148438,3835522,0.0,0.0
2021-08-18 00:00:00+05:30,764.0692821773343,767.0527763804774,757.3323067260628,761.6150512695312,2450964,0.0,0.0
2021-08-20 00:00:00+05:30,759.1608148773165,761.6149868357287,747.0823930884573,756.1292114257812,3050982,0.0,0.0
2021-08-23 00:00:00+05:30,760.3157571108466,763.6361351402523,734.9558816203726,737.121337890625,2512960,0.0,0.0
2021-08-24 00:00:00+05:30,738.1800691964443,750.5953767774201,732.9829500365549,748.9111328125,1662376,0.0,0.0
2021-08-25 00:00:00+05:30,751.6058900494437,753.5788497467877,741.5966455599319,743.040283203125,1693443,0.0,0.0
2021-08-26 00:00:00+05:30,742.029696641067,753.4825779717908,738.4206027858088,752.0389404296875,2576883,0.0,0.0
2021-08-27 00:00:00+05:30,750.5952613058536,755.5036051803858,736.2551056853441,746.0237426757812,2907125,0.0,0.0
2021-08-30 00:00:00+05:30,754.4931490811193,764.3098965916946,753.578833511775,761.8075561523438,3028708,0.0,0.0
2021-08-31 00:00:00+05:30,758.390919371965,765.8978228153655,751.9426599589017,763.4917602539062,3324467,0.0,0.0
2021-09-01 00:00:00+05:30,763.4917173659163,772.3460388430608,740.0085833302603,740.9710083007812,6031309,0.0,0.0
2021-09-02 00:00:00+05:30,743.8101313636274,745.0613308462872,721.8187437992476,724.1766967773438,4879865,0.0,0.0
2021-09-03 00:00:00+05:30,727.5933647405147,728.5557898261503,717.1029078103804,721.7225952148438,4257842,0.0,0.0
2021-09-06 00:00:00+05:30,724.7060759557955,731.2505546676013,718.9796350548039,726.3903198242188,3682183,0.0,0.0
2021-09-07 00:00:00+05:30,726.7270960993015,730.1918613543507,719.990121079871,724.80224609375,2273976,0.0,0.0
2021-09-08 00:00:00+05:30,727.5933511588067,729.3257045322605,720.8563756851141,726.3903198242188,2380939,0.0,0.0
2021-09-09 00:00:00+05:30,721.818830583479,728.0745937818692,719.4608773218863,722.5406494140625,3313559,0.0,0.0
2021-09-13 00:00:00+05:30,725.1872402342316,725.1872402342316,712.5313279398099,717.5359497070312,3139833,0.0,0.0
2021-09-14 00:00:00+05:30,716.8141726850466,724.2729668973974,716.6698441711562,722.0112915039062,3089381,0.0,0.0
2021-09-15 00:00:00+05:30,723.7436785245642,731.4430793599319,718.4503404502489,726.7271728515625,3336656,0.0,0.0
2021-09-16 00:00:00+05:30,731.298687971702,732.4055003322483,723.1180746302774,728.5076904296875,2686018,0.0,0.0
2021-09-17 00:00:00+05:30,729.7106145051997,737.2175174251461,721.0006803884108,725.8128051757812,5504398,0.0,0.0
2021-09-20 00:00:00+05:30,721.2413078573554,728.0745017598518,704.6875863531947,710.3177490234375,2933375,0.0,0.0
2021-09-21 00:00:00+05:30,712.2907248069449,713.0607118066268,702.137152722567,710.7027587890625,2380834,0.0,0.0
2021-09-22 00:00:00+05:30,711.135836338987,730.4805548075426,710.7027333526071,724.2247924804688,2287017,0.0,0.0
2021-09-23 00:00:00+05:30,728.0745533416839,733.3678911386161,724.46545938923,729.9512939453125,1890322,0.0,0.0
2021-09-24 00:00:00+05:30,730.961780106024,752.6644518881405,724.2729146753325,750.1621704101562,4967824,0.0,0.0
2021-09-27 00:00:00+05:30,759.8345619603709,783.173368961687,753.6269087621839,780.863525390625,9210666,0.0,0.0
2021-09-28 00:00:00+05:30,789.1885364306173,791.1133865194726,766.3309416254623,775.7626953125,3853344,0.0,0.0
2021-09-29 00:00:00+05:30,769.9400681495382,785.0501537353259,768.9776430643512,781.5853881835938,2291977,0.0,0.0
2021-09-30 00:00:00+05:30,777.6875525122318,786.6862620049683,771.1911834029454,772.8754272460938,3264689,0.0,0.0
2021-10-01 00:00:00+05:30,769.940075912593,799.775253854206,757.4285496790134,796.7435913085938,7704216,0.0,0.0
2021-10-04 00:00:00+05:30,801.2188837899075,819.9861729597612,796.9841899164138,809.5438842773438,6544700,0.0,0.0
2021-10-05 00:00:00+05:30,809.5438032536506,814.2115409550936,803.6729755738123,811.3723754882812,2647442,0.0,0.0
2021-10-06 00:00:00+05:30,814.2116098661382,822.7772164926415,797.8503836631544,802.7587280273438,3288323,0.0,0.0
2021-10-07 00:00:00+05:30,808.14840058702,854.4410262544661,805.6942282320766,845.2498779296875,9515673,0.0,0.0
2021-10-08 00:00:00+05:30,860.119231335506,861.3703720829169,839.7639191577364,844.816650390625,3938358,0.0,0.0
2021-10-11 00:00:00+05:30,845.9715832817096,868.5885710031206,845.9715832817096,861.9478149414062,5493159,0.0,0.0
2021-10-12 00:00:00+05:30,854.6333500601163,861.0334994328323,844.0466756787409,856.6544189453125,3433345,0.0,0.0
2021-10-13 00:00:00+05:30,859.4455473209589,934.65908652106,859.4455473209589,900.2042236328125,17519612,0.0,0.0
2021-10-14 00:00:00+05:30,903.2359042803114,910.6946983753273,887.5483878030177,896.4027099609375,3354982,0.0,0.0
2021-10-18 00:00:00+05:30,922.0032182233774,922.0032182233774,874.1706804356697,876.7211303710938,2885649,0.0,0.0
2021-10-19 00:00:00+05:30,876.769200695568,892.745432667081,867.3374471675025,883.0249633789062,3476818,0.0,0.0
2021-10-20 00:00:00+05:30,878.6940712387893,890.146952838169,861.0335950561608,865.5569458007812,3551282,0.0,0.0
2021-10-21 00:00:00+05:30,874.170617828264,876.8653960863135,859.8305205392548,863.2952270507812,2614538,0.0,0.0
2021-10-22 00:00:00+05:30,870.0322009352881,875.6142541929368,851.8423449190298,854.489013671875,1999394,0.0,0.0
2021-10-25 00:00:00+05:30,849.8213705822063,871.8609290577721,849.8213705822063,857.2320556640625,2833933,0.0,0.0
2021-10-26 00:00:00+05:30,859.8305633318766,866.1825451663915,850.7837443634335,860.9373168945312,3410657,0.0,0.0
2021-10-27 00:00:00+05:30,866.1825379296542,869.8397413414491,850.3025247342772,853.478515625,3362019,0.0,0.0
2021-10-28 00:00:00+05:30,853.6710668698387,862.3328928020017,844.913021924025,850.639404296875,2171227,0.0,0.0
2021-10-29 00:00:00+05:30,850.3025342376683,867.6261851898789,829.6103956003057,851.0243530273438,2482056,0.0,0.0
2021-11-01 00:00:00+05:30,851.0243999500975,854.5372750835787,828.0705846695242,837.6466674804688,4146270,0.0,0.0
2021-11-02 00:00:00+05:30,842.1218880926256,846.2603039086142,826.7230878532175,829.129150390625,3704926,0.0,0.0
2021-11-03 00:00:00+05:30,831.5351907575089,837.2135216910984,811.3242659821527,817.0988159179688,3288759,0.0,0.0
2021-11-04 00:00:00+05:30,823.5952884787915,842.121971859705,820.9486194243752,840.052734375,973315,0.0,0.0
2021-11-08 00:00:00+05:30,845.0091471070117,845.249753356188,822.1996629367505,827.2042846679688,4481883,0.0,0.0
2021-11-09 00:00:00+05:30,831.5352738245764,871.3796958587103,830.1878552082471,858.6275634765625,15376349,0.0,0.0
2021-11-10 00:00:00+05:30,871.8608334587245,890.2431275139296,861.3703774323968,885.0941772460938,17083220,0.0,0.0
2021-11-11 00:00:00+05:30,884.4205099443916,893.9003731740926,876.7692190615285,890.0025634765625,4935551,0.0,0.0
2021-11-12 00:00:00+05:30,898.9049914041177,904.1983291479321,890.2431660051487,902.5621948242188,6239600,0.0,0.0
2021-11-15 00:00:00+05:30,899.8674237418863,912.9082714499,886.4896920205689,893.5154418945312,3757546,0.0,0.0
2021-11-16 00:00:00+05:30,893.51547192524,929.6545220990017,890.772525189421,924.216796875,7368780,0.0,0.0
2021-11-17 00:00:00+05:30,923.8798853219042,942.2140697208267,911.6570761420359,918.5865478515625,5416608,0.0,0.0
2021-11-18 00:00:00+05:30,919.1158327254816,919.1158327254816,883.6986061028408,888.991943359375,3463426,0.0,0.0
2021-11-22 00:00:00+05:30,891.5905553877692,895.2958681904826,860.1192457196871,867.0005493164062,3731367,0.0,0.0
2021-11-23 00:00:00+05:30,864.1132629873688,874.3631127368494,860.0229567362608,867.4817504882812,3195288,0.0,0.0
2021-11-24 00:00:00+05:30,873.5932246691369,873.5932246691369,856.5582896325857,859.6380615234375,2708554,0.0,0.0
2021-11-25 00:00:00+05:30,857.424480041037,865.1238802569475,850.302511344615,857.7131958007812,2288825,0.0,0.0
2021-11-26 00:00:00+05:30,851.7461305676932,851.7461305676932,811.3242803034636,821.6703491210938,3934155,0.0,0.0
2021-11-29 00:00:00+05:30,813.441620264349,835.1924017279639,797.2247237988782,818.8311767578125,3936245,0.0,0.0
2021-11-30 00:00:00+05:30,818.83123185227,828.4554824822726,797.4172742005142,804.1061401367188,6067618,0.0,0.0
2021-12-01 00:00:00+05:30,804.5873224271473,811.0355818552388,792.3164033351065,803.336181640625,5121634,0.0,0.0
2021-12-02 00:00:00+05:30,804.3948296439374,827.6374176532336,803.6730108702545,817.628173828125,4677008,0.0,0.0
2021-12-03 00:00:00+05:30,817.0507484144919,823.4508396772733,802.6143728329005,805.5016479492188,2933597,0.0,0.0
2021-12-06 00:00:00+05:30,806.5121644922467,809.0144460405063,789.2366236834699,791.2577514648438,1552749,0.0,0.0
2021-12-07 00:00:00+05:30,795.4442389781831,802.3256010214006,791.5945390920213,794.9149169921875,1976433,0.0,0.0
2021-12-08 00:00:00+05:30,803.1437178471951,811.9980402057267,795.8774203448035,809.1588745117188,2346456,0.0,0.0
2021-12-09 00:00:00+05:30,825.183258872112,825.183258872112,804.5873393676698,819.1199340820312,4078098,0.0,0.0
2021-12-10 00:00:00+05:30,818.1575346001075,835.962398527635,818.1575346001075,827.3968505859375,3434165,0.0,0.0
2021-12-13 00:00:00+05:30,836.2993178001077,836.2993178001077,808.1483831064961,811.4205932617188,2683048,0.0,0.0
2021-12-14 00:00:00+05:30,808.437057971913,810.3137986048436,794.9631070057144,805.4053955078125,1979863,0.0,0.0
2021-12-15 00:00:00+05:30,812.28670597046,821.62224028743,806.704652677783,814.404052734375,3208613,0.0,0.0
2021-12-16 00:00:00+05:30,820.8523699025877,829.8510208564563,814.4041101522189,821.2373046875,3965285,0.0,0.0
2021-12-17 00:00:00+05:30,816.1363864465969,820.2266926286701,798.8127367342871,803.2398681640625,2675800,0.0,0.0
2021-12-20 00:00:00+05:30,794.9631443741933,798.8128448312112,767.0528160608136,783.7027587890625,2907378,0.0,0.0
2021-12-21 00:00:00+05:30,791.4983879243769,795.9255196761725,777.158231122744,781.681640625,1973119,0.0,0.0
2021-12-22 00:00:00+05:30,788.0336579778742,796.1180522924853,780.5267539667446,787.9374389648438,1979912,0.0,0.0
2021-12-23 00:00:00+05:30,793.9044460783482,802.4699937657385,791.8352087271751,795.7811279296875,1495208,0.0,0.0
2021-12-24 00:00:00+05:30,799.7752223935814,800.7857569551123,777.6394460818458,782.11474609375,1071730,0.0,0.0
2021-12-27 00:00:00+05:30,777.6394570387581,792.2202203549406,776.6289224629888,787.7930297851562,1492196,0.0,0.0
2021-12-28 00:00:00+05:30,793.0382528939666,808.4370539210339,788.2742370778648,807.1859130859375,1677680,0.0,0.0
2021-12-29 00:00:00+05:30,811.7573847540723,811.7573847540723,799.6307944080945,801.4113159179688,1575343,0.0,0.0
2021-12-30 00:00:00+05:30,811.3243963771627,811.3243963771627,796.0699813417493,798.13916015625,1874659,0.0,0.0
2021-12-31 00:00:00+05:30,803.4324187230445,813.2491659658967,799.0052869967402,805.6941528320312,1528983,0.0,0.0
2022-01-03 00:00:00+05:30,803.6249223361092,808.4370476195589,795.2518125945539,798.6203002929688,1537088,0.0,0.0
2022-01-04 00:00:00+05:30,806.4640283401416,810.3618377830263,794.62621276696,800.5932006835938,1886453,0.0,0.0
2022-01-05 00:00:00+05:30,798.8128331305371,815.1740598332108,798.8128331305371,807.9558715820312,2634010,0.0,0.0
2022-01-06 00:00:00+05:30,807.4746257694892,810.602507216153,796.4067375736023,808.2926635742188,2962301,0.0,0.0
2022-01-07 00:00:00+05:30,809.3994420400143,817.8206609673034,791.5945791651745,797.850341796875,2531717,0.0,0.0
2022-01-10 00:00:00+05:30,804.5392314443926,814.9334102250396,798.5240748882586,810.3137817382812,3403434,0.0,0.0
2022-01-11 00:00:00+05:30,810.3619164139011,816.8582856963166,804.1542629067955,809.7844848632812,2117911,0.0,0.0
2022-01-12 00:00:00+05:30,814.9815329751923,850.976253888833,810.8431169456622,847.46337890625,9022415,0.0,0.0
2022-01-13 00:00:00+05:30,847.463346282648,875.3255625792912,835.3849239349365,862.3328247070312,5658001,0.0,0.0
2022-01-14 00:00:00+05:30,856.3657597891374,862.2846970810267,846.5971812096203,848.0889282226562,2027852,0.0,0.0
2022-01-17 00:00:00+05:30,850.9762216426202,870.0322254517282,849.484474597333,866.9524536132812,3617269,0.0,0.0
2022-01-18 00:00:00+05:30,868.1074270714906,875.9030467668899,854.9221916525396,858.6275634765625,3468168,0.0,0.0
2022-01-19 00:00:00+05:30,874.796303190534,874.796303190534,847.7040132280182,860.7930297851562,4215758,0.0,0.0
2022-01-20 00:00:00+05:30,862.3328098381602,863.8726663590239,840.0526473372668,847.4152221679688,2486026,0.0,0.0
2022-01-21 00:00:00+05:30,842.891884684082,851.6499882752653,832.6902021951937,842.314453125,1872843,0.0,0.0
2022-01-24 00:00:00+05:30,838.4647304078503,845.3460343942144,816.1845666024125,822.584716796875,3386669,0.0,0.0
2022-01-25 00:00:00+05:30,814.3078179316013,826.0013058809176,813.489780129153,822.3922119140625,4742388,0.0,0.0
2022-01-27 00:00:00+05:30,813.8265736053187,830.4284052041951,809.5919387613868,825.8087768554688,2927566,0.0,0.0
2022-01-28 00:00:00+05:30,831.920229954353,862.3328377904355,828.0705297856457,836.9729614257812,4208702,0.0,0.0
2022-01-31 00:00:00+05:30,845.8754155587038,855.4514979895919,839.3308781044645,852.51611328125,2335040,0.0,0.0
2022-02-01 00:00:00+05:30,858.4831234672347,861.0816827866201,831.7277194842092,837.0210571289062,2921070,0.0,0.0
2022-02-02 00:00:00+05:30,842.7956384899452,847.2227702781674,832.6420658348222,836.6842041015625,1341479,0.0,0.0
2022-02-03 00:00:00+05:30,835.3849238889046,849.243867781923,820.1305106993892,824.0283203125,2630289,0.0,0.0
2022-02-04 00:00:00+05:30,829.032966498485,829.032966498485,804.731733841421,810.0731811523438,2080640,0.0,0.0
2022-02-07 00:00:00+05:30,809.3994305445675,812.9604148173131,791.3058521689745,798.33154296875,1801701,0.0,0.0
2022-02-08 00:00:00+05:30,798.8127460744539,806.2234302863882,786.4456083819329,800.7857055664062,2729631,0.0,0.0
2022-02-09 00:00:00+05:30,806.512169801226,814.1634604874301,801.8444319333294,808.6295166015625,2165223,0.0,0.0
2022-02-10 00:00:00+05:30,812.2867084738949,825.5200523619471,798.957145581543,820.9966430664062,6949276,0.0,0.0
2022-02-11 00:00:00+05:30,820.9485579430356,829.5622737870389,804.202338774339,821.5741577148438,5146850,0.0,0.0
2022-02-14 00:00:00+05:30,810.1212147272386,813.6340893480932,751.3651823305378,794.0487060546875,4202165,0.0,0.0
2022-02-15 00:00:00+05:30,796.887921137948,825.7606719038156,789.5735144406328,822.4884033203125,2728328,0.0,0.0
2022-02-16 00:00:00+05:30,822.4883929946311,845.4903743127056,822.4883929946311,831.7758178710938,4401342,0.0,0.0
2022-02-17 00:00:00+05:30,839.2346575773774,844.3354986789789,826.7231317189992,829.8510131835938,2041741,0.0,0.0
2022-02-18 00:00:00+05:30,824.990767042651,837.0691897074381,815.3184070099635,819.9861450195312,1616856,0.0,0.0
2022-02-21 00:00:00+05:30,813.4416443586441,818.5424852520742,800.7376222571731,809.4956665039062,2255753,0.0,0.0
2022-02-22 00:00:00+05:30,795.9254320280453,823.8357555211691,792.412557471001,821.1890869140625,2768989,0.0,0.0
2022-02-23 00:00:00+05:30,823.8358713445214,837.0211067347201,813.9229047344064,818.3500366210938,2265060,0.0,0.0
2022-02-24 00:00:00+05:30,787.3598935697237,800.6414059775286,760.7969862376382,765.8978271484375,5677898,0.0,0.0
2022-02-25 00:00:00+05:30,782.162797200702,794.0006127700121,771.8648381109695,777.25439453125,3470318,0.0,0.0
2022-02-28 00:00:00+05:30,776.6769763359396,776.6769763359396,757.1878700524169,761.1337890625,5026913,0.0,0.0
2022-03-02 00:00:00+05:30,755.9848782425638,780.2861108022389,740.1048648867366,749.103515625,5779175,0.0,0.0
2022-03-03 00:00:00+05:30,762.2405948951525,763.3474071344441,731.4911046027347,733.4159545898438,2763929,0.0,0.0
2022-03-04 00:00:00+05:30,721.8187476699247,727.5932976512842,702.5702477320601,704.7838134765625,4829850,0.0,0.0
2022-03-07 00:00:00+05:30,692.8016420414159,692.8016420414159,656.1332714879683,664.6026000976562,7008637,0.0,0.0
2022-03-08 00:00:00+05:30,664.602531923166,676.6328436976848,645.9315232941668,674.3230590820312,4000294,0.0,0.0
2022-03-09 00:00:00+05:30,678.5096137953328,712.0982692373658,673.6974888747985,707.2379760742188,5490287,0.0,0.0
2022-03-10 00:00:00+05:30,733.3197608825759,733.8490828989375,707.3823946632381,711.0877075195312,4064470,0.0,0.0
2022-03-11 00:00:00+05:30,706.4199521171383,713.9268553912844,701.3191113502031,707.1898803710938,2364792,0.0,0.0
2022-03-14 00:00:00+05:30,707.1898379213713,717.9690090549989,698.1911881812588,715.2742309570312,3563695,0.0,0.0
2022-03-15 00:00:00+05:30,717.0066040968123,740.2973001661612,717.0066040968123,732.597900390625,4811450,0.0,0.0
2022-03-16 00:00:00+05:30,739.960452077321,746.8418144572333,736.2551392522982,744.5801391601562,2277631,0.0,0.0
2022-03-17 00:00:00+05:30,755.5036571920294,769.843813799768,747.8042568639579,764.5504760742188,3787641,0.0,0.0
2022-03-21 00:00:00+05:30,759.9308281505496,761.3744657866577,750.7877897885322,754.06005859375,3008019,0.0,0.0
2022-03-22 00:00:00+05:30,753.5788340233714,759.4014939810738,740.1048829680366,756.0811157226562,5436875,0.0,0.0
2022-03-23 00:00:00+05:30,760.3157648901423,764.3579617176573,743.0883335560535,745.01318359375,3277274,0.0,0.0
2022-03-24 00:00:00+05:30,744.6282469383692,750.6915127933478,733.9934622554823,736.8807373046875,2248114,0.0,0.0
2022-03-25 00:00:00+05:30,743.9545326993605,743.9545326993605,729.7106543002993,736.0145263671875,3148869,0.0,0.0
2022-03-28 00:00:00+05:30,736.158933574246,743.665837107113,723.069917838857,740.345458984375,4719388,0.0,0.0
2022-03-29 00:00:00+05:30,742.0297064866716,753.5788069767365,741.7409907227725,744.2913818359375,3519610,0.0,0.0
2022-03-30 00:00:00+05:30,750.0177963543719,765.127880715598,746.7455865749843,763.5398559570312,4407033,0.0,0.0
2022-03-31 00:00:00+05:30,768.0152346113346,782.4516112017732,768.0152346113346,776.2439575195312,7059986,0.0,0.0
2022-04-01 00:00:00+05:30,780.5266736300873,798.3315360988378,777.3506828840136,795.4923706054688,3406177,0.0,0.0
2022-04-04 00:00:00+05:30,787.2636942001814,804.5873451728015,779.5642937679057,802.373779296875,4163250,0.0,0.0
2022-04-05 00:00:00+05:30,805.5497411906507,819.9861164808057,802.3737503751688,805.1166381835938,2669967,0.0,0.0
2022-04-06 00:00:00+05:30,807.1859388332178,807.1859388332178,792.0277435886887,796.7435913085938,2049292,0.0,0.0
2022-04-07 00:00:00+05:30,794.9631164903856,808.7257833931372,791.4021319441943,802.9512329101562,2913537,0.0,0.0
2022-04-08 00:00:00+05:30,798.8126996687415,828.311047556826,795.9735343492785,825.1831665039062,4145522,0.0,0.0
2022-04-11 00:00:00+05:30,822.825297303282,828.9847822963104,814.4040782277739,824.6538696289062,2922901,0.0,0.0
2022-04-12 00:00:00+05:30,818.0613261518702,834.8075462074501,811.6130663032611,828.4555053710938,2961076,0.0,0.0
2022-04-13 00:00:00+05:30,830.0915678882765,842.1218804663674,829.9471806406351,833.5562744140625,3695363,0.0,0.0
2022-04-18 00:00:00+05:30,833.5563366795747,843.0843684498577,825.8569360544617,841.2557373046875,3076843,0.0,0.0
2022-04-19 00:00:00+05:30,845.1054382928377,854.440973306603,832.5939122670273,839.7158813476562,3301212,0.0,0.0
2022-04-20 00:00:00+05:30,840.6301812338914,856.4620852348484,840.6301812338914,848.1370849609375,2208791,0.0,0.0
2022-04-21 00:00:00+05:30,848.1370806563175,879.6565012424104,847.6558681282855,876.7692260742188,3206906,0.0,0.0
2022-04-22 00:00:00+05:30,869.839683463705,892.2160642046658,855.6439150366439,886.0565795898438,4924905,0.0,0.0
2022-04-25 00:00:00+05:30,879.9933021199123,893.1304272676991,861.4666203042839,870.0322265625,5476626,0.0,0.0
2022-04-26 00:00:00+05:30,872.5345068912909,907.4705824012284,872.5345068912909,904.8239135742188,6384561,0.0,0.0
2022-04-27 00:00:00+05:30,895.0552829638253,905.3532425914391,888.2701982122908,892.0236206054688,3154605,0.0,0.0
2022-04-28 00:00:00+05:30,909.491677156636,909.491677156636,883.9874131940426,888.2221069335938,2869224,0.0,0.0
2022-04-29 00:00:00+05:30,893.9966245314362,903.9576999912496,883.5061683172394,887.4520874023438,3467791,0.0,0.0
2022-05-02 00:00:00+05:30,880.6189101473178,898.6162701139816,875.5180691920847,886.7302856445312,2740823,0.0,0.0
2022-05-04 00:00:00+05:30,883.409865516381,889.2325245864404,857.5687209367285,862.428955078125,2408261,0.0,0.0
2022-05-05 00:00:00+05:30,875.8067540233272,886.3934290719608,861.9959787065866,865.2681884765625,2690817,0.0,0.0
2022-05-06 00:00:00+05:30,856.5582978794303,880.426427465246,853.9597384858254,860.2636108398438,4247088,0.0,0.0
2022-05-09 00:00:00+05:30,846.9340274238943,868.0111591030802,842.1219022680767,861.6591186523438,1790691,0.0,0.0
2022-05-10 00:00:00+05:30,861.6591417733282,876.7211174119016,850.8799693867057,854.9702758789062,2436623,0.0,0.0
2022-05-11 00:00:00+05:30,855.2108021261866,864.6426137956053,843.5654835229159,853.7190551757812,3048794,0.0,0.0
2022-05-12 00:00:00+05:30,851.6499571322155,855.5958763724357,821.6222835809156,832.73828125,4908042,0.0,0.0
2022-05-13 00:00:00+05:30,846.7414922402389,870.9946136731925,837.4059581132905,856.0770263671875,4956950,0.0,0.0
2022-05-16 00:00:00+05:30,861.3703908101396,874.7481220523871,859.1568250178625,869.4066162109375,2856221,0.0,0.0
2022-05-17 00:00:00+05:30,872.9195177606075,882.5437682320586,864.4020795900786,876.5767211914062,3469290,0.0,0.0
2022-05-18 00:00:00+05:30,875.8067363486381,888.077654907369,871.1871081689972,878.9827270507812,3203522,0.0,0.0
2022-05-19 00:00:00+05:30,867.144936834439,878.6940369920563,847.0783988072832,849.38818359375,2658159,0.0,0.0
2022-05-20 00:00:00+05:30,863.1990242840568,877.106018835276,855.2590178658432,869.8397216796875,3426756,0.0,0.0
2022-05-23 00:00:00+05:30,876.7691621160841,907.9998646555084,876.0473433766911,906.5081176757812,6613972,0.0,0.0
2022-05-24 00:00:00+05:30,913.3413931628504,924.3130624783723,907.6630617423713,911.2721557617188,4546511,0.0,0.0
2022-05-25 00:00:00+05:30,917.9610029735844,917.9610029735844,888.6551483878623,893.5154418945312,1363358,0.0,0.0
2022-05-26 00:00:00+05:30,895.1515087332122,898.4237773751508,880.4264173280138,894.86279296875,2384886,0.0,0.0
2022-05-27 00:00:00+05:30,904.6795534110956,922.0032044338614,888.3183274451503,917.0466918945312,3269005,0.0,0.0
2022-05-30 00:00:00+05:30,935.7177655379367,973.733555446652,921.0888928626857,960.8370361328125,11690785,0.0,0.0
2022-05-31 00:00:00+05:30,960.4520189603371,1003.8092524897046,954.7255785903998,995.4842529296875,13301109,0.0,0.0
2022-06-01 00:00:00+05:30,996.1099840895415,1017.5239426847031,976.6689852120976,1007.9959106445312,7889745,0.0,0.0
2022-06-02 00:00:00+05:30,1005.6860234996636,1018.19754933,996.1099411075483,1005.3011474609375,4081658,0.0,0.0
2022-06-03 00:00:00+05:30,1010.6425051512203,1016.8502171133655,987.1593108145864,989.99853515625,2660682,0.0,0.0
2022-06-06 00:00:00+05:30,989.372877305632,1009.1988083541579,979.7486275263942,997.0241088867188,3443406,0.0,0.0
2022-06-07 00:00:00+05:30,995.917487609201,1005.734176114709,979.844918802228,1003.3762817382812,2162861,0.0,0.0
2022-06-08 00:00:00+05:30,1017.235124416086,1017.235124416086,995.3881224563818,1005.7341918945312,4293398,0.0,0.0
2022-06-09 00:00:00+05:30,997.072278451605,1009.8725776683774,993.2225785348035,1005.830322265625,2757706,0.0,0.0
2022-06-10 00:00:00+05:30,994.1851011093147,1004.2905643829331,988.02555714107,997.5535888671875,2425545,0.0,0.0
2022-06-13 00:00:00+05:30,985.1863745180782,990.3353247701792,961.029471778628,966.5634155273438,4047155,0.0,0.0
2022-06-14 00:00:00+05:30,962.4249793046358,986.4856037872516,961.5106638259446,980.95166015625,3614327,0.0,0.0
2022-06-15 00:00:00+05:30,986.1488201399436,1000.2483701782219,981.6735203006917,986.9668579101562,3333753,0.0,0.0
2022-06-16 00:00:00+05:30,998.7084291367886,998.7084291367886,959.5377765267502,967.477783203125,3255301,0.0,0.0
2022-06-17 00:00:00+05:30,962.4250053439791,970.0762958848159,946.2081675006373,960.163330078125,5318310,0.0,0.0
2022-06-20 00:00:00+05:30,967.2372142156324,970.1244894819478,942.3103809197372,945.775146484375,3722583,0.0,0.0
2022-06-21 00:00:00+05:30,945.7751054355886,966.9965659735934,944.908899396583,960.4520874023438,6263423,0.0,0.0
2022-06-22 00:00:00+05:30,957.7572996560984,966.2266282385531,936.102736310285,946.833740234375,2629024,0.0,0.0
2022-06-23 00:00:00+05:30,948.951090270745,992.8376486364597,948.1811619864235,989.0841674804688,7303072,0.0,0.0
2022-06-24 00:00:00+05:30,997.9385582476582,1034.1257166456735,992.8376584871726,1031.767822265625,7273273,0.0,0.0
2022-06-27 00:00:00+05:30,1048.8508901208202,1053.8554535001947,1031.7678450983283,1042.017578125,6316257,0.0,0.0
2022-06-28 00:00:00+05:30,1041.3438040095266,1079.311421589296,1038.8895733745085,1070.216552734375,11020641,0.0,0.0
2022-06-29 00:00:00+05:30,1064.442008613602,1073.5368775165775,1049.71685969272,1069.9759521484375,5052023,0.0,0.0
2022-06-30 00:00:00+05:30,1067.6180151198935,1075.5098525027959,1047.1664854861715,1052.0748291015625,4165189,0.0,0.0
2022-07-01 00:00:00+05:30,1051.3531258090134,1071.5158831852877,1024.0202314722594,1065.7413330078125,2839545,0.0,0.0
2022-07-04 00:00:00+05:30,1059.629932174456,1060.5923571809722,1038.841575530408,1050.1981201171875,2784613,0.0,0.0
2022-07-05 00:00:00+05:30,1050.005770401973,1060.5924463638628,1037.494244265194,1041.2957763671875,3675577,0.0,0.0
2022-07-06 00:00:00+05:30,1042.0175496311695,1070.216650453988,1039.9964805325928,1063.046630859375,4957228,0.0,0.0
2022-07-07 00:00:00+05:30,1076.953583985513,1096.153915902302,1072.718890453477,1090.71630859375,4917004,0.0,0.0
2022-07-08 00:00:00+05:30,1140.4255073276108,1150.00170699237,1083.8349853082734,1091.0050048828125,10482265,0.0,0.0
2022-07-11 00:00:00+05:30,1086.5296782554096,1124.016203237256,1080.4664711255514,1121.2733154296875,4520273,0.0,0.0
2022-07-12 00:00:00+05:30,1120.2627482379303,1120.6957925131687,1099.0893973262168,1103.564697265625,2452632,0.0,0.0
2022-07-13 00:00:00+05:30,1109.8684807241582,1113.0445302682679,1095.335886488869,1097.5013427734375,3379695,0.0,0.0
2022-07-14 00:00:00+05:30,1103.335090386616,1119.4261321116137,1099.834813772193,1110.9674072265625,2423203,11.55,0.0
2022-07-15 00:00:00+05:30,1111.3077013093018,1143.2954970263722,1108.7798160145787,1139.98974609375,3879759,0.0,0.0
2022-07-18 00:00:00+05:30,1146.7955329128688,1146.7955329128688,1127.107012742046,1131.1419677734375,3480683,0.0,0.0
2022-07-19 00:00:00+05:30,1129.6837033814072,1156.5184068653682,1128.8086341914186,1153.3585205078125,4056414,0.0,0.0
2022-07-20 00:00:00+05:30,1161.865892310246,1161.865892310246,1130.2670291302602,1133.3297119140625,3028752,0.0,0.0
2022-07-21 00:00:00+05:30,1134.7394414907278,1147.2817830253346,1132.5032854979052,1142.5662841796875,2062279,0.0,0.0
2022-07-22 00:00:00+05:30,1147.28184207423,1153.0182750217289,1137.8508438975362,1148.351318359375,1983433,0.0,0.0
2022-07-25 00:00:00+05:30,1152.143185465094,1152.143185465094,1100.6127307565287,1104.35595703125,4380502,0.0,0.0
2022-07-26 00:00:00+05:30,1102.5572855774785,1114.2245584407322,1093.9526955779563,1104.5018310546875,2598868,0.0,0.0
2022-07-27 00:00:00+05:30,1108.390921040424,1118.4053777135528,1095.556968376316,1106.5435791015625,1647876,0.0,0.0
2022-07-28 00:00:00+05:30,1110.4326612243822,1120.0581849887565,1103.8698202967137,1117.2872314453125,1929675,0.0,0.0
2022-07-29 00:00:00+05:30,1126.6695962632757,1151.365226667934,1121.2734355720945,1132.162841796875,2230572,0.0,0.0
2022-08-01 00:00:00+05:30,1156.4211803887185,1214.0768806498788,1151.4139522151065,1203.4305419921875,12673841,0.0,0.0
2022-08-02 00:00:00+05:30,1203.38195655927,1224.8206185515348,1192.2008197358189,1219.7161865234375,5626351,0.0,0.0
2022-08-03 00:00:00+05:30,1225.014936776466,1225.014936776466,1196.867689680253,1218.938232421875,3820503,0.0,0.0
2022-08-04 00:00:00+05:30,1229.8278646579824,1229.9250681989724,1204.6946370014798,1226.8138427734375,3075648,0.0,0.0
2022-08-05 00:00:00+05:30,1242.7588993293061,1243.0506286092548,1197.1107442120806,1201.6318359375,5766297,0.0,0.0
2022-08-08 00:00:00+05:30,1210.4795392861424,1244.509084567279,1208.1947221258217,1241.300537109375,5412651,0.0,0.0
2022-08-10 00:00:00+05:30,1241.5922965313569,1244.2173854710677,1225.3067280373082,1232.8905029296875,2530492,0.0,0.0
2022-08-11 00:00:00+05:30,1241.5922676908929,1243.48815202713,1219.2299950543302,1231.0916748046875,3077633,0.0,0.0
2022-08-12 00:00:00+05:30,1229.9249695708634,1233.7168568505404,1214.6603356045928,1224.52880859375,3355489,0.0,0.0
2022-08-16 00:00:00+05:30,1245.0924084154515,1262.6905207254601,1239.3074332664753,1252.5789794921875,4085782,0.0,0.0
2022-08-17 00:00:00+05:30,1258.1208423766432,1258.1208423766432,1234.834959267494,1238.91845703125,2197165,0.0,0.0
2022-08-18 00:00:00+05:30,1238.675443391134,1242.9048059795575,1219.9105324494947,1226.1817626953125,2659857,0.0,0.0
2022-08-19 00:00:00+05:30,1234.7864355597492,1237.3629821742268,1201.2430245150158,1205.034912109375,2513148,0.0,0.0
2022-08-22 00:00:00+05:30,1205.034824315804,1212.8130060203623,1185.249098341961,1192.6868896484375,2443323,0.0,0.0
2022-08-23 00:00:00+05:30,1186.1240946080736,1241.5923025034913,1184.2282102186784,1237.8004150390625,4449168,0.0,0.0
2022-08-24 00:00:00+05:30,1239.5990635963476,1247.9120428715771,1226.0359065532207,1233.133544921875,2570071,0.0,0.0
2022-08-25 00:00:00+05:30,1238.675355383871,1242.0296485501813,1221.854991074345,1224.7232666015625,1769049,0.0,0.0
2022-08-26 00:00:00+05:30,1244.411804525223,1262.9821886426585,1233.6196017081272,1239.307373046875,4325600,0.0,0.0
2022-08-29 00:00:00+05:30,1214.3685986944367,1245.2869179368904,1207.7085544563374,1241.3978271484375,2554692,0.0,0.0
2022-08-30 00:00:00+05:30,1248.3981203018038,1278.5385733620499,1248.3981203018038,1272.4132080078125,5078317,0.0,0.0
2022-09-01 00:00:00+05:30,1244.5089043732812,1288.9417138754864,1244.5089043732812,1275.6702880859375,4913035,0.0,0.0
2022-09-02 00:00:00+05:30,1282.0874879147145,1293.7547609364647,1274.843984702328,1279.4622802734375,2316436,0.0,0.0
2022-09-05 00:00:00+05:30,1282.4277442316684,1287.726583191123,1265.0240384462113,1283.934814453125,2271837,0.0,0.0
2022-09-06 00:00:00+05:30,1288.2612493387935,1290.2057946208145,1264.5377731610145,1270.177001953125,1930221,0.0,0.0
2022-09-07 00:00:00+05:30,1255.2039432772922,1275.5730070436782,1245.675624196446,1253.93994140625,3162428,0.0,0.0
2022-09-08 00:00:00+05:30,1268.8158819762295,1295.0185839420217,1265.8990638567439,1285.247314453125,4026323,0.0,0.0
2022-09-09 00:00:00+05:30,1300.9009456051874,1300.9009456051874,1258.1696055164025,1265.169921875,3415016,0.0,0.0
2022-09-12 00:00:00+05:30,1271.7326418854987,1279.121890379512,1259.093097279603,1261.0863037109375,3077887,0.0,0.0
2022-09-13 00:00:00+05:30,1273.6285238818746,1273.6285238818746,1255.2040044434966,1263.80859375,2460291,0.0,0.0
2022-09-14 00:00:00+05:30,1248.3494540786521,1277.420430809611,1244.5090244851567,1262.05859375,2955136,0.0,0.0
2022-09-15 00:00:00+05:30,1268.8158238995227,1277.8093460229484,1253.308122415002,1261.0863037109375,2555055,0.0,0.0
2022-09-16 00:00:00+05:30,1255.4471567410772,1261.0377249124313,1200.2706795716242,1215.4381103515625,9047956,0.0,0.0
2022-09-19 00:00:00+05:30,1224.9663504244245,1262.4473903280532,1215.4380308638686,1252.919189453125,4476773,0.0,0.0
2022-09-20 00:00:00+05:30,1263.9545967187214,1275.621869919202,1260.6003031478394,1266.82275390625,3780649,0.0,0.0
2022-09-21 00:00:00+05:30,1272.6563220473781,1286.3168011590349,1257.731959618374,1270.420166015625,2887754,0.0,0.0
2022-09-22 00:00:00+05:30,1261.0378050931006,1283.9348767076372,1257.1487139440085,1274.0662841796875,2010645,0.0,0.0
2022-09-23 00:00:00+05:30,1268.8159774998412,1281.552727176696,1226.0359751933331,1237.022705078125,4639618,0.0,0.0
2022-09-26 00:00:00+05:30,1215.3409275467689,1224.0427211137487,1182.5753836143629,1202.1180419921875,3345338,0.0,0.0
2022-09-27 00:00:00+05:30,1208.1461287686247,1218.1605858443697,1187.3394676070452,1201.486083984375,3588217,0.0,0.0
2022-09-28 00:00:00+05:30,1198.909476317944,1226.7651136927143,1177.6653409631863,1207.95166015625,3361451,0.0,0.0
2022-09-29 00:00:00+05:30,1220.2022607187553,1232.7931449387709,1211.1600769698525,1223.4593505859375,3474302,0.0,0.0
2022-09-30 00:00:00+05:30,1222.0980654507068,1247.1340863010332,1198.860843959488,1233.0361328125,3320684,0.0,0.0
2022-10-03 00:00:00+05:30,1234.737567322427,1240.7170676775283,1207.6112561503478,1216.6533203125,3150821,0.0,0.0
2022-10-04 00:00:00+05:30,1229.925022666327,1242.5159072422925,1220.2022952144193,1225.4039306640625,3011962,0.0,0.0
2022-10-06 00:00:00+05:30,1232.8417636047113,1241.592217762789,1219.716082367595,1222.049560546875,3531469,0.0,0.0
2022-10-07 00:00:00+05:30,1225.063591160172,1226.9594754341435,1198.7635673836317,1204.5,3501889,0.0,0.0
2022-10-10 00:00:00+05:30,1199.7844582002967,1211.9865275144289,1184.2280956952686,1208.534912109375,2230590,0.0,0.0
2022-10-11 00:00:00+05:30,1214.6116094963363,1214.6116094963363,1191.5201340306264,1195.4578857421875,1569478,0.0,0.0
2022-10-12 00:00:00+05:30,1201.3888530907773,1224.4316699030765,1195.992691827898,1213.2991943359375,2884899,0.0,0.0
2022-10-13 00:00:00+05:30,1220.2021998671132,1238.821245219741,1206.1042461634693,1213.5906982421875,2137351,0.0,0.0
2022-10-14 00:00:00+05:30,1232.598824213796,1236.730983553499,1193.9509809777492,1196.187255859375,1696759,0.0,0.0
2022-10-17 00:00:00+05:30,1192.9786895007621,1204.4028945550685,1163.3243699980944,1195.8955078125,2158727,0.0,0.0
2022-10-18 00:00:00+05:30,1201.8748860794387,1232.2097459425493,1199.2983397639794,1219.0355224609375,2722206,0.0,0.0
2022-10-19 00:00:00+05:30,1225.014956941066,1229.7305745463564,1209.5072546471347,1213.7852783203125,1449579,0.0,0.0
2022-10-20 00:00:00+05:30,1206.7847734632492,1219.2299109375,1189.6242560289384,1215.3408203125,1831346,0.0,0.0
2022-10-21 00:00:00+05:30,1218.3548675161223,1233.7168232832487,1209.6530745333343,1221.9036865234375,1750934,0.0,0.0
2022-10-24 00:00:00+05:30,1226.0357737728089,1242.5644083121726,1226.0357737728089,1235.7098388671875,318933,0.0,0.0
2022-10-25 00:00:00+05:30,1235.7099185129623,1248.2522598560013,1224.6746473022502,1245.8702392578125,2809493,0.0,0.0
2022-10-27 00:00:00+05:30,1247.7175886990983,1263.8086304833334,1243.5854297727321,1258.2667236328125,3279938,0.0,0.0
2022-10-28 00:00:00+05:30,1264.5864945794322,1279.4136530619949,1254.2317667216967,1275.281494140625,2111224,0.0,0.0
2022-10-31 00:00:00+05:30,1281.6984571537812,1320.8324324243592,1280.094183498731,1311.2069091796875,4306893,0.0,0.0
2022-11-01 00:00:00+05:30,1323.2631069730946,1328.6592677785002,1311.9361066039066,1316.505859375,3405472,0.0,0.0
2022-11-02 00:00:00+05:30,1316.505962227139,1323.2632103531441,1301.484277055465,1314.85302734375,2298917,0.0,0.0
2022-11-03 00:00:00+05:30,1302.845355272228,1317.4294450700515,1291.7128808674734,1298.3729248046875,1931917,0.0,0.0
2022-11-04 00:00:00+05:30,1300.9008976632517,1314.5127157254979,1294.0949886321284,1301.192626953125,2204968,0.0,0.0
2022-11-07 00:00:00+05:30,1307.7067878065195,1318.0128547390948,1299.5396733500065,1313.8321533203125,2599224,0.0,0.0
2022-11-09 00:00:00+05:30,1327.0063520282374,1327.0063520282374,1294.0949453373623,1300.46337890625,2459869,0.0,0.0
2022-11-10 00:00:00+05:30,1301.8731185214203,1301.8731185214203,1254.815097072243,1262.204345703125,2792546,0.0,0.0
2022-11-11 00:00:00+05:30,1268.913140926537,1282.1846876869263,1243.0993706531137,1251.4122314453125,5308986,0.0,0.0
2022-11-14 00:00:00+05:30,1267.8436762727656,1273.3855835184138,1232.8905181013113,1242.71044921875,3794391,0.0,0.0
2022-11-15 00:00:00+05:30,1248.932988452212,1260.3571930814526,1239.8908045480052,1255.8846435546875,3192070,0.0,0.0
2022-11-16 00:00:00+05:30,1253.210806860483,1259.093103971047,1240.619923295024,1251.023193359375,2478281,0.0,0.0
2022-11-17 00:00:00+05:30,1244.7035033387801,1249.370459924035,1219.3758698956708,1224.431640625,2319979,0.0,0.0
2022-11-18 00:00:00+05:30,1215.3894567619784,1221.1257703689746,1183.4988668097178,1193.1243896484375,4525364,0.0,0.0
2022-11-21 00:00:00+05:30,1184.2282452817183,1200.6596789903253,1168.671880811679,1184.4713134765625,4120736,0.0,0.0
2022-11-22 00:00:00+05:30,1186.8047713975257,1201.1943370725332,1182.2350182019497,1194.388427734375,2469455,0.0,0.0
2022-11-23 00:00:00+05:30,1200.3679016522933,1205.9584699100199,1190.0618343403946,1201.4373779296875,2396267,0.0,0.0
2022-11-24 00:00:00+05:30,1207.4654280161126,1222.146721296954,1204.3055419029743,1219.278564453125,2133523,0.0,0.0
2022-11-25 00:00:00+05:30,1223.1191415111273,1232.5501398815913,1211.4518683011643,1225.841552734375,1370326,0.0,0.0
2022-11-28 00:00:00+05:30,1223.9941921588338,1236.7309414825722,1211.4518499113874,1216.021484375,2126619,0.0,0.0
2022-11-29 00:00:00+05:30,1221.174542294582,1229.9249968173935,1213.9311579693976,1222.2440185546875,2435651,0.0,0.0
2022-11-30 00:00:00+05:30,1227.1053089199092,1279.510829392804,1222.7787430272926,1269.399169921875,7536690,0.0,0.0
2022-12-01 00:00:00+05:30,1278.5385834501549,1280.4344677156193,1252.2872209002276,1257.5860595703125,2613761,0.0,0.0
2022-12-02 00:00:00+05:30,1250.7802693004303,1257.9265691759088,1225.0637017654055,1229.5361328125,2892150,0.0,0.0
2022-12-05 00:00:00+05:30,1234.2514768154924,1234.2514768154924,1217.8687062840115,1224.869140625,2764806,0.0,0.0
2022-12-06 00:00:00+05:30,1213.882437803146,1230.3624122117644,1213.882437803146,1228.029052734375,1686075,0.0,0.0
2022-12-07 00:00:00+05:30,1227.00816009118,1233.7168655276957,1217.674365811765,1231.4805908203125,1731982,0.0,0.0
2022-12-08 00:00:00+05:30,1237.6544195559404,1246.4535344928745,1234.3001263952451,1239.015625,1906386,0.0,0.0
2022-12-09 00:00:00+05:30,1245.967408799616,1249.0300914034747,1221.6605923969703,1230.3138427734375,1308941,0.0,0.0
2022-12-12 00:00:00+05:30,1228.8555552509695,1241.8840338676648,1221.6607131475134,1228.9527587890625,1723401,0.0,0.0
2022-12-13 00:00:00+05:30,1232.841872072669,1250.2941208158452,1231.8695993028957,1247.7662353515625,2164600,0.0,0.0
2022-12-14 00:00:00+05:30,1251.3149488195677,1255.2040395695897,1241.0574244921324,1250.7801513671875,1436837,0.0,0.0
2022-12-15 00:00:00+05:30,1250.2455422545008,1257.6347913540885,1246.2105866394302,1251.266357421875,2417555,0.0,0.0
2022-12-16 00:00:00+05:30,1242.5158462153381,1251.3149616013955,1215.3408717962272,1216.896484375,2136354,0.0,0.0
2022-12-19 00:00:00+05:30,1216.2159301516224,1258.9959284586316,1210.528158659294,1254.86376953125,2767603,0.0,0.0
2022-12-20 00:00:00+05:30,1252.2385627505732,1252.2872238592922,1228.0776101578056,1239.8907470703125,1286604,0.0,0.0
2022-12-21 00:00:00+05:30,1244.411811850754,1248.8842423876517,1223.6051530127363,1230.60546875,1251993,0.0,0.0
2022-12-22 00:00:00+05:30,1230.6056230008805,1242.2243540543918,1195.2149883884447,1199.7359619140625,1557590,0.0,0.0
2022-12-23 00:00:00+05:30,1186.172710855137,1195.8954379932939,1174.5054382893488,1190.6451416015625,1913648,0.0,0.0
2022-12-26 00:00:00+05:30,1190.6451335831348,1212.812998783096,1182.5753413241912,1202.75,1677560,0.0,0.0
2022-12-27 00:00:00+05:30,1208.7780422483447,1213.8824739570146,1190.0131315403146,1200.027587890625,1304940,0.0,0.0
2022-12-28 00:00:00+05:30,1195.7494760704146,1220.2021565706893,1191.0339775291588,1217.6256103515625,1959508,0.0,0.0
2022-12-29 00:00:00+05:30,1213.1045702329693,1232.4528202202946,1204.2083701970846,1227.348388671875,1289676,0.0,0.0
2022-12-30 00:00:00+05:30,1230.26521585079,1230.26521585079,1210.4794904863913,1214.56298828125,1372710,0.0,0.0
2023-01-02 00:00:00+05:30,1216.3131866002107,1235.7586412221165,1208.1460719218828,1227.8345947265625,1718385,0.0,0.0
2023-01-03 00:00:00+05:30,1227.9804896609098,1229.9250351710616,1212.1323962789163,1214.660400390625,1510751,0.0,0.0
2023-01-04 00:00:00+05:30,1217.6256897254661,1220.9801017452821,1196.8676913582076,1201.9234619140625,1344532,0.0,0.0
2023-01-05 00:00:00+05:30,1205.6182064800319,1220.2022976874516,1196.86775175558,1217.91748046875,2745160,0.0,0.0
2023-01-06 00:00:00+05:30,1217.9174182448407,1239.5990281874326,1213.542191106147,1229.8277587890625,2214972,0.0,0.0
2023-01-09 00:00:00+05:30,1237.6545534265692,1277.4691938723204,1236.3906700590835,1274.017578125,3634805,0.0,0.0
2023-01-10 00:00:00+05:30,1274.1632609399794,1289.6224192432585,1269.5449660224176,1278.4412841796875,3139930,0.0,0.0
2023-01-11 00:00:00+05:30,1279.0248149345766,1283.4000423516848,1264.4407235442168,1276.2052001953125,2041750,0.0,0.0
2023-01-12 00:00:00+05:30,1279.5109688945909,1290.2059693944695,1273.6773322582933,1283.3028564453125,2448619,0.0,0.0
2023-01-13 00:00:00+05:30,1288.2614137325538,1299.9286869135278,1275.232934943338,1291.3240966796875,2600139,0.0,0.0
2023-01-16 00:00:00+05:30,1296.0395170632607,1298.227130651702,1266.8226747744907,1279.1219482421875,1651972,0.0,0.0
2023-01-17 00:00:00+05:30,1282.3790984642092,1287.143258684978,1267.940871837649,1284.2264404296875,1607137,0.0,0.0
2023-01-18 00:00:00+05:30,1283.740218135017,1288.261309865255,1271.829877723055,1285.4903564453125,1179938,0.0,0.0
2023-01-19 00:00:00+05:30,1281.0663994950783,1291.8586020010298,1275.9134257435426,1282.96240234375,2066881,0.0,0.0
2023-01-20 00:00:00+05:30,1287.337715810119,1288.261327400795,1275.281510593921,1278.2955322265625,1332666,0.0,0.0
2023-01-23 00:00:00+05:30,1284.7124882613168,1308.630372569116,1275.91349167568,1291.6156005859375,1681075,0.0,0.0
2023-01-24 00:00:00+05:30,1298.0813016630036,1298.0813016630036,1284.420940980241,1287.19189453125,1408040,0.0,0.0
2023-01-25 00:00:00+05:30,1288.1640977693498,1295.0672100618328,1269.8367814842045,1275.1356201171875,1359090,0.0,0.0
2023-01-27 00:00:00+05:30,1281.5526114357315,1302.6510000610024,1250.974682750219,1283.5943603515625,1914769,0.0,0.0
2023-01-30 00:00:00+05:30,1283.4972083212363,1304.7900048650283,1268.8159138218048,1294.6783447265625,2402331,0.0,0.0
2023-01-31 00:00:00+05:30,1312.8598850266671,1347.08383687245,1298.2757944073337,1340.52099609375,5265862,0.0,0.0
2023-02-01 00:00:00+05:30,1348.1046856042458,1351.4589787607324,1285.3444387925815,1314.561279296875,3010838,0.0,0.0
2023-02-02 00:00:00+05:30,1310.6722488584921,1339.9861755499373,1293.6088156535225,1314.901611328125,2029111,0.0,0.0
2023-02-03 00:00:00+05:30,1321.5130247435284,1353.354956111342,1313.1029607200787,1349.5145263671875,1803085,0.0,0.0
2023-02-06 00:00:00+05:30,1353.3063268590026,1353.3063268590026,1322.2908055505088,1337.84716796875,1504382,0.0,0.0
2023-02-07 00:00:00+05:30,1344.555942687152,1346.5976916232448,1323.2631467864521,1328.8050537109375,1413825,0.0,0.0
2023-02-08 00:00:00+05:30,1335.465262343957,1341.7363740090927,1322.2909193133087,1334.9791259765625,1241238,0.0,0.0
2023-02-09 00:00:00+05:30,1333.9581808195703,1347.5699989911986,1325.2077262806663,1334.152587890625,1866387,0.0,0.0
2023-02-10 00:00:00+05:30,1340.3267123445937,1348.4937088943273,1313.3461422164505,1327.58984375,3282665,0.0,0.0
2023-02-13 00:00:00+05:30,1336.8748610581808,1345.625314694198,1288.3098908525349,1315.48486328125,4401219,0.0,0.0
2023-02-14 00:00:00+05:30,1320.3462876306594,1338.8194683854329,1312.5681062602284,1325.353515625,2373179,0.0,0.0
2023-02-15 00:00:00+05:30,1326.3742937500458,1344.7989315691036,1322.339457225096,1341.104248046875,2007214,0.0,0.0
2023-02-16 00:00:00+05:30,1341.8335775266257,1358.26501048146,1325.4021445717915,1330.2149658203125,2646301,0.0,0.0
2023-02-17 00:00:00+05:30,1322.2422169304987,1334.4929479549637,1295.358971601207,1304.3038330078125,2150027,0.0,0.0
2023-02-20 00:00:00+05:30,1304.887163708469,1317.3808441354704,1295.6505730812928,1308.922119140625,1497314,0.0,0.0
2023-02-21 00:00:00+05:30,1316.9433676724288,1324.62434571344,1303.8176862670557,1314.3668212890625,2118816,0.0,0.0
2023-02-22 00:00:00+05:30,1309.554087163926,1315.3390620947448,1274.7953390998468,1283.1568603515625,2196484,0.0,0.0
2023-02-23 00:00:00+05:30,1288.504306347582,1289.476578980178,1268.8157855375173,1277.517578125,1847879,0.0,0.0
2023-02-24 00:00:00+05:30,1283.5942742059233,1283.9346645737435,1242.75882388736,1244.703369140625,2824384,0.0,0.0
2023-02-27 00:00:00+05:30,1234.8349171971533,1249.7592785238025,1213.7851907479296,1222.53564453125,2019964,0.0,0.0
2023-02-28 00:00:00+05:30,1228.661027969449,1257.3917352358712,1225.0636662649897,1234.3974609375,3407211,0.0,0.0
2023-03-01 00:00:00+05:30,1240.5712739432126,1269.3506401123416,1233.8626874247461,1236.876708984375,2338935,0.0,0.0
2023-03-02 00:00:00+05:30,1243.0992623248203,1243.0992623248203,1215.3408302868181,1216.847900390625,1563750,0.0,0.0
2023-03-03 00:00:00+05:30,1223.021900082766,1241.5436245184023,1218.500808116839,1233.4251708984375,1493291,0.0,0.0
2023-03-06 00:00:00+05:30,1234.3489264201262,1248.641288477204,1232.8418561721585,1235.223876953125,1570410,0.0,0.0
2023-03-08 00:00:00+05:30,1234.7863128319802,1256.1276508432884,1223.410769865182,1254.18310546875,2370800,0.0,0.0
2023-03-09 00:00:00+05:30,1255.2039729697615,1258.8986564604984,1210.4307706115012,1213.5421142578125,3596577,0.0,0.0
2023-03-10 00:00:00+05:30,1214.368618624147,1221.8550710405307,1191.37434522292,1192.6868896484375,2664696,0.0,0.0
2023-03-13 00:00:00+05:30,1188.7977401016099,1196.8676506959066,1149.6637653327145,1160.3587646484375,3842775,0.0,0.0
2023-03-14 00:00:00+05:30,1159.2407241126562,1159.3379276401993,1124.77358757642,1128.6141357421875,5379592,0.0,0.0
2023-03-15 00:00:00+05:30,1134.6422731179043,1141.8371150393266,1121.2248620026671,1128.1766357421875,2226887,0.0,0.0
2023-03-16 00:00:00+05:30,1127.8362265301907,1142.6633838186265,1108.5366389771218,1134.6907958984375,3604480,0.0,0.0
2023-03-17 00:00:00+05:30,1140.3786615574788,1153.3584782286582,1120.0581386043534,1139.0174560546875,3683701,0.0,0.0
2023-03-20 00:00:00+05:30,1137.5104480894904,1146.455428535615,1113.2522906282222,1135.2742919921875,2082268,0.0,0.0
2023-03-21 00:00:00+05:30,1138.1423892718674,1142.4204128528681,1124.3361645227064,1128.1280517578125,2209422,0.0,0.0
2023-03-22 00:00:00+05:30,1135.128382769137,1147.7679279305921,1127.0099294217905,1131.8226318359375,2211909,0.0,0.0
2023-03-23 00:00:00+05:30,1128.8086181151743,1142.4204360769422,1121.808302066233,1132.6490478515625,2594282,0.0,0.0
2023-03-24 00:00:00+05:30,1128.371138392235,1138.093865469207,1115.2939992623278,1118.8914794921875,1839876,0.0,0.0
2023-03-27 00:00:00+05:30,1109.849279051398,1118.6969368205073,1094.2929159635116,1106.34912109375,2446528,0.0,0.0
2023-03-28 00:00:00+05:30,1111.8910825814255,1117.141379118588,1092.251220692586,1097.015380859375,1903339,0.0,0.0
2023-03-29 00:00:00+05:30,1102.5086592333487,1120.4957054647439,1100.612774807539,1112.57177734375,4003003,0.0,0.0
2023-03-31 00:00:00+05:30,1115.7801839098872,1130.75320799362,1114.078706597773,1126.5723876953125,2343070,0.0,0.0
2023-04-03 00:00:00+05:30,1129.1002709759205,1147.2817219770695,1123.2666351014607,1137.4617919921875,2546562,0.0,0.0
2023-04-05 00:00:00+05:30,1139.503636701324,1140.7676387214074,1120.0095210394745,1123.4124755859375,2028469,0.0,0.0
2023-04-06 00:00:00+05:30,1122.0028300510273,1142.4205591940702,1116.4609224721742,1138.7745361328125,2029418,0.0,0.0
2023-04-10 00:00:00+05:30,1138.7742826058222,1157.976666453391,1138.7742826058222,1155.6431884765625,2586918,0.0,0.0
2023-04-11 00:00:00+05:30,1166.7273107371698,1170.8108088504941,1155.254444707332,1168.380126953125,2443384,0.0,0.0
2023-04-12 00:00:00+05:30,1170.1301869520498,1179.3181164339226,1165.366027015451,1173.8734130859375,2469405,0.0,0.0
2023-04-13 00:00:00+05:30,1179.8041321176197,1188.3115173180224,1166.2896380049037,1171.1510009765625,4470196,0.0,0.0
2023-04-17 00:00:00+05:30,1185.1517513910605,1185.1517513910605,1170.032982229696,1179.318115234375,1956198,0.0,0.0
2023-04-18 00:00:00+05:30,1179.366785889656,1184.1309458599726,1169.2551260657594,1171.296875,2075066,0.0,0.0
2023-04-19 00:00:00+05:30,1171.2483501285376,1184.179506029601,1170.033009234511,1181.7974853515625,1818732,0.0,0.0
2023-04-20 00:00:00+05:30,1184.2281835374165,1190.936889102465,1180.8738900977103,1184.8115234375,2172677,0.0,0.0
2023-04-21 00:00:00+05:30,1188.0686411357767,1188.0686411357767,1175.526417590839,1179.123779296875,1015815,0.0,0.0
2023-04-24 00:00:00+05:30,1176.838997778476,1183.3531779364705,1162.8382459959118,1174.262451171875,1389756,0.0,0.0
2023-04-25 00:00:00+05:30,1174.2623282593208,1181.3113051832538,1166.1438751254343,1176.3040771484375,1360260,0.0,0.0
2023-04-26 00:00:00+05:30,1178.394541132126,1183.4989729315846,1171.8803613575474,1179.901611328125,1708865,0.0,0.0
2023-04-27 00:00:00+05:30,1176.498611083656,1191.034040264055,1176.498611083656,1190.061767578125,1340045,0.0,0.0
2023-04-28 00:00:00+05:30,1191.0341277504747,1194.6801505905273,1177.9084455262857,1192.8814697265625,2333102,0.0,0.0
2023-05-02 00:00:00+05:30,1195.8954039093676,1206.3959963935556,1183.7419953330527,1202.9930419921875,2607580,0.0,0.0
2023-05-03 00:00:00+05:30,1202.9930132419972,1207.5626472832303,1195.9925788579642,1201.1942138671875,1307304,0.0,0.0
2023-05-04 00:00:00+05:30,1200.7567651058673,1203.722244267223,1193.9508563157935,1197.5482177734375,1541188,0.0,0.0
2023-05-05 00:00:00+05:30,1198.6177611754138,1207.902893700124,1174.5540132729934,1177.6165771484375,4753718,0.0,0.0
2023-05-08 00:00:00+05:30,1183.2071638901202,1205.4722314994212,1180.0472777510558,1197.6455078125,3513667,0.0,0.0
2023-05-09 00:00:00+05:30,1204.6458807185452,1215.3408804666517,1199.8331783061503,1210.9169921875,1846359,0.0,0.0
2023-05-10 00:00:00+05:30,1215.3408647092597,1220.9800937957632,1200.7567743327486,1214.0283203125,2108081,0.0,0.0
2023-05-11 00:00:00+05:30,1215.3408564334945,1225.8899913302112,1209.6530849625117,1216.6048583984375,4100467,0.0,0.0
2023-05-12 00:00:00+05:30,1221.56342921914,1243.3423611724372,1216.6048622463345,1240.5712890625,2427624,0.0,0.0
2023-05-15 00:00:00+05:30,1244.411751763353,1252.044068103583,1237.314114153475,1250.0023193359375,2647630,0.0,0.0
2023-05-16 00:00:00+05:30,1251.3148976164161,1255.8845315864526,1223.9453988459559,1227.445556640625,1571371,0.0,0.0
2023-05-17 00:00:00+05:30,1229.924978605561,1236.4391582907203,1225.744158476759,1228.07763671875,1643851,0.0,0.0
2023-05-18 00:00:00+05:30,1234.7375948055353,1234.7375948055353,1206.8334174414613,1210.965576171875,1900447,0.0,0.0
2023-05-19 00:00:00+05:30,1218.160590862385,1227.4457247081043,1203.1389051868885,1225.45263671875,1588996,0.0,0.0
2023-05-22 00:00:00+05:30,1224.3344730050565,1234.2516076825984,1216.6049520374697,1230.4598388671875,917769,0.0,0.0
2023-05-23 00:00:00+05:30,1230.4597688002166,1235.5155393899631,1221.7093144586784,1233.3765869140625,1803955,0.0,0.0
2023-05-24 00:00:00+05:30,1225.0636130172868,1242.5645217746767,1219.7161131191956,1240.3282470703125,1369297,0.0,0.0
2023-05-25 00:00:00+05:30,1244.5090696767536,1245.286935319555,1222.6815947961295,1242.3701171875,2040166,0.0,0.0
2023-05-26 00:00:00+05:30,1254.2317855158335,1256.9541965555475,1233.182057781484,1246.3077392578125,3508112,0.0,0.0
2023-05-29 00:00:00+05:30,1284.8583721015816,1312.5681440311275,1262.0099636684472,1293.2685546875,6185862,0.0,0.0
2023-05-30 00:00:00+05:30,1293.0740096130671,1298.2757634250002,1283.3999438740263,1291.6156005859375,2493657,0.0,0.0
2023-05-31 00:00:00+05:30,1288.261370770944,1291.4212571520802,1267.1144388356472,1282.427734375,5629378,0.0,0.0
2023-06-01 00:00:00+05:30,1282.4277699450845,1300.609223075812,1276.3997263096667,1282.33056640625,2364455,0.0,0.0
2023-06-02 00:00:00+05:30,1288.1155038675163,1307.7068231333703,1283.6917341530566,1304.2066650390625,2313841,0.0,0.0
2023-06-05 00:00:00+05:30,1312.3737391616007,1362.154053973903,1309.0193271320843,1356.7093505859375,5105293,0.0,0.0
2023-06-06 00:00:00+05:30,1356.7094504685554,1375.6687695320948,1349.563269327888,1372.0712890625,2335838,0.0,0.0
2023-06-07 00:00:00+05:30,1383.3495922840973,1383.3495922840973,1356.3203647805283,1367.404296875,2491079,0.0,0.0
2023-06-08 00:00:00+05:30,1373.5295368335028,1376.300608858013,1339.3055867374042,1342.7572021484375,1776230,0.0,0.0
2023-06-09 00:00:00+05:30,1342.465560635943,1348.5422651472409,1325.2077198238567,1332.6456298828125,1881329,0.0,0.0
2023-06-12 00:00:00+05:30,1339.694701483969,1346.40340747413,1331.333179224565,1343.09765625,1389300,0.0,0.0
2023-06-13 00:00:00+05:30,1344.7990210341825,1350.0006562896012,1330.2634728249418,1335.0762939453125,2516583,0.0,0.0
2023-06-14 00:00:00+05:30,1335.9027361759236,1342.708645312191,1328.1245543059035,1340.423828125,905086,0.0,0.0
2023-06-15 00:00:00+05:30,1343.4864738339732,1368.1821056400888,1333.4720174789086,1354.1328125,1720070,0.0,0.0
2023-06-16 00:00:00+05:30,1360.2095498228355,1370.7101427853577,1354.7648462697498,1364.925048828125,2132678,0.0,0.0
2023-06-19 00:00:00+05:30,1370.4183806525677,1376.1061522519558,1357.2926991067645,1363.6611328125,1476764,0.0,0.0
2023-06-20 00:00:00+05:30,1363.7097257164867,1370.8073642152758,1342.4169289057572,1357.730224609375,1042428,0.0,0.0
2023-06-21 00:00:00+05:30,1355.3967988006154,1364.487524767518,1332.6455939860264,1336.145751953125,2008628,0.0,0.0
2023-06-22 00:00:00+05:30,1340.764019315921,1353.403564095549,1336.5346569152482,1340.4722900390625,1296616,0.0,0.0
2023-06-23 00:00:00+05:30,1338.7222809440968,1341.3473697139138,1330.5551666698668,1335.1734619140625,1258590,0.0,0.0
2023-06-26 00:00:00+05:30,1336.8749721058882,1365.9459497818991,1331.964947461355,1358.89697265625,2281046,0.0,0.0
2023-06-27 00:00:00+05:30,1367.6959601894368,1377.7104164778905,1354.9592115512207,1363.5152587890625,2737379,0.0,0.0
2023-06-28 00:00:00+05:30,1369.8834681507508,1374.5504242271506,1351.6048140037017,1356.3203125,2611913,0.0,0.0
2023-06-30 00:00:00+05:30,1363.7584048560009,1420.4904964279567,1361.1818583156328,1413.295654296875,4114865,0.0,0.0
2023-07-03 00:00:00+05:30,1429.2408871986952,1456.5131842552096,1418.837616650482,1427.2476806640625,3615176,0.0,0.0
2023-07-04 00:00:00+05:30,1445.7695237069565,1445.7695237069565,1421.5599094249048,1423.8447265625,1595700,0.0,0.0
2023-07-05 00:00:00+05:30,1423.3585723604708,1437.0190512761512,1416.6985280994636,1434.4425048828125,1456527,0.0,0.0
2023-07-06 00:00:00+05:30,1436.8732564413433,1509.8423736299771,1431.8174856275937,1505.8560791015625,5628945,0.0,0.0
2023-07-07 00:00:00+05:30,1504.0086911232943,1547.8095058552497,1496.6194422040537,1520.7803955078125,6905845,0.0,0.0
2023-07-10 00:00:00+05:30,1523.5513417229854,1535.2186142824467,1503.0849536340102,1508.3839111328125,2276342,0.0,0.0
2023-07-11 00:00:00+05:30,1515.0438215868573,1532.3016607225331,1507.4115051991903,1525.9332275390625,1563376,0.0,0.0
2023-07-12 00:00:00+05:30,1525.4958748960535,1535.8506029465282,1498.904240138338,1527.2945556640625,2658457,0.0,0.0
2023-07-13 00:00:00+05:30,1548.3186810267493,1566.7885203698972,1531.0768863227408,1539.3785400390625,1859405,16.25,0.0
2023-07-14 00:00:00+05:30,1551.3409834654826,1555.5105271768498,1531.486359648516,1535.3084716796875,2174792,16.25,0.0
2023-07-17 00:00:00+05:30,1547.6678835028292,1547.6678835028292,1518.3823141870282,1525.1329345703125,1520990,0.0,0.0
2023-07-18 00:00:00+05:30,1524.8350325502286,1530.9403533038753,1514.9077211403962,1523.54443359375,1059058,0.0,0.0
2023-07-19 00:00:00+05:30,1519.077213402146,1538.2369737784948,1512.9223285178612,1533.2236328125,1081196,0.0,0.0
2023-07-20 00:00:00+05:30,1538.7829745658205,1542.4560313644124,1519.424717052317,1534.1170654296875,1538263,0.0,0.0
2023-07-21 00:00:00+05:30,1537.6908625527253,1541.31435547795,1507.8096792475196,1512.4259033203125,1668783,0.0,0.0
2023-07-24 00:00:00+05:30,1510.9368555914928,1545.6824468830187,1503.9380523009975,1535.606201171875,2129706,0.0,0.0
2023-07-25 00:00:00+05:30,1540.1726707123005,1558.0915161698042,1536.797481800161,1554.3687744140625,1996604,0.0,0.0
2023-07-26 00:00:00+05:30,1558.7368746755158,1562.558865452888,1520.8641562095454,1533.6207275390625,2100855,0.0,0.0
2023-07-27 00:00:00+05:30,1488.104055620341,1489.0967868115486,1427.8948846369926,1436.879150390625,11879512,0.0,0.0
2023-07-28 00:00:00+05:30,1449.3875077780526,1460.3075506448736,1439.4601960809428,1457.130859375,4714146,0.0,0.0
2023-07-31 00:00:00+05:30,1466.065395480748,1468.2493555147366,1447.0048848900262,1464.4769287109375,2460789,0.0,0.0
2023-08-01 00:00:00+05:30,1464.476901036766,1493.067605791071,1459.5132454324075,1482.4949951171875,4184243,0.0,0.0
2023-08-02 00:00:00+05:30,1482.4950753551173,1486.1185683790152,1454.5993535854054,1474.503662109375,3188395,0.0,0.0
2023-08-03 00:00:00+05:30,1474.2057112603225,1490.6354597479042,1437.0775431845739,1458.470947265625,2222395,0.0,0.0
2023-08-04 00:00:00+05:30,1470.2347917178715,1491.5288258120916,1405.459086005791,1454.003662109375,8066091,0.0,0.0
2023-08-07 00:00:00+05:30,1478.176733410002,1519.8714431502437,1469.9867011395972,1515.80126953125,9257291,0.0,0.0
2023-08-08 00:00:00+05:30,1518.878629856135,1522.8495543786346,1474.2057289780132,1488.798828125,3426948,0.0,0.0
2023-08-09 00:00:00+05:30,1494.060364813462,1526.3738118744884,1481.4030427859727,1523.5941162109375,3713003,0.0,0.0
2023-08-10 00:00:00+05:30,1523.345954242828,1544.7393590626777,1520.6656286029915,1534.166748046875,3600607,0.0,0.0
2023-08-11 00:00:00+05:30,1537.2938166629745,1548.2634227743295,1521.9064843799088,1535.208984375,2402812,0.0,0.0
2023-08-14 00:00:00+05:30,1533.7199876937339,1539.4778770095318,1512.9223179510086,1535.606201171875,1875450,0.0,0.0
2023-08-16 00:00:00+05:30,1547.7174999619854,1561.566050602521,1527.4160758632345,1559.1834716796875,2361632,0.0,0.0
2023-08-17 00:00:00+05:30,1561.5661344137272,1567.572206480828,1548.8095630831215,1562.0625,2377711,0.0,0.0
2023-08-18 00:00:00+05:30,1557.3469606328456,1571.046698703963,1533.37247959989,1541.364013671875,2202570,0.0,0.0
2023-08-21 00:00:00+05:30,1534.7623758291347,1541.364062290356,1520.615956776376,1527.3665771484375,1487526,0.0,0.0
2023-08-22 00:00:00+05:30,1526.8204751554438,1543.696904334665,1523.594098988828,1539.2296142578125,975607,0.0,0.0
2023-08-23 00:00:00+05:30,1534.8120883719023,1543.5480500407468,1524.9343404271506,1531.2381591796875,1405076,0.0,0.0
2023-08-24 00:00:00+05:30,1538.7830270095017,1543.6473128861203,1516.9429408653136,1530.989990234375,2111147,0.0,0.0
2023-08-25 00:00:00+05:30,1519.772207841974,1536.0033386135037,1497.2371370474864,1509.0010986328125,1455320,0.0,0.0
2023-08-28 00:00:00+05:30,1516.8932321082782,1541.7115114294213,1513.0215562975789,1537.98876953125,2132512,0.0,0.0
2023-08-29 00:00:00+05:30,1543.597692649408,1552.9789535636282,1528.8059742463977,1549.50439453125,1325882,0.0,0.0
2023-08-30 00:00:00+05:30,1557.5951607971087,1577.4497836243504,1548.4620827697777,1571.69189453125,3140040,0.0,0.0
2023-08-31 00:00:00+05:30,1577.400165293189,1578.4425815088973,1555.758698206204,1563.94873046875,3512885,0.0,0.0
2023-09-01 00:00:00+05:30,1565.537013771835,1592.8371202263218,1563.5515514842361,1580.3782958984375,2147299,0.0,0.0
2023-09-04 00:00:00+05:30,1594.22697512173,1594.22697512173,1552.8300135322293,1564.94140625,2200142,0.0,0.0
2023-09-05 00:00:00+05:30,1566.1326818815055,1572.5854345372913,1553.8724760721136,1559.7296142578125,1078759,0.0,0.0
2023-09-06 00:00:00+05:30,1565.5369873046875,1569.408662936651,1547.3699592070898,1565.5369873046875,1301466,0.0,0.0
2023-09-07 00:00:00+05:30,1560.7718417607384,1566.4304819392657,1548.9087531723078,1554.3687744140625,1514369,0.0,0.0
2023-09-08 00:00:00+05:30,1553.7234976929133,1566.529753756803,1548.660593067562,1556.15576171875,1223910,0.0,0.0
2023-09-11 00:00:00+05:30,1556.2550585086462,1577.4498449642967,1552.631565465173,1570.5999755859375,1921950,0.0,0.0
2023-09-12 00:00:00+05:30,1570.6992193164535,1577.896520347597,1502.0519553934007,1546.62548828125,3770868,0.0,0.0
2023-09-13 00:00:00+05:30,1552.631501964864,1557.198040969337,1518.9778921038335,1525.778076171875,2382637,0.0,0.0
2023-09-14 00:00:00+05:30,1533.7695897127933,1563.948640180635,1527.1679034881095,1554.616943359375,2220196,0.0,0.0
2023-09-15 00:00:00+05:30,1568.1677576734896,1598.9919866274859,1560.4244063668725,1589.4617919921875,5425897,0.0,0.0
2023-09-18 00:00:00+05:30,1597.0562934203174,1657.861078484494,1590.4546068053198,1629.5185546875,6887528,0.0,0.0
2023-09-20 00:00:00+05:30,1608.323693599292,1652.8973459642987,1608.323693599292,1622.1226806640625,6116670,0.0,0.0
2023-09-21 00:00:00+05:30,1625.895109299798,1644.161265326416,1563.6507941221582,1571.7415771484375,2898266,0.0,0.0
2023-09-22 00:00:00+05:30,1568.515220488763,1606.1893192418586,1554.71623323647,1595.4678955078125,3827771,0.0,0.0
2023-09-25 00:00:00+05:30,1601.2256664958172,1608.224469605263,1570.8481174176516,1577.896484375,3231962,0.0,0.0
2023-09-26 00:00:00+05:30,1577.8965320198204,1594.9218960629303,1570.500733171828,1583.604736328125,1479841,0.0,0.0
2023-09-27 00:00:00+05:30,1583.257270736041,1587.9727437592846,1571.7416134842995,1577.6483154296875,1991198,0.0,0.0
2023-09-28 00:00:00+05:30,1584.3492564740486,1585.2924237918899,1532.7769208550108,1544.7393798828125,2369699,0.0,0.0
2023-09-29 00:00:00+05:30,1562.558832824815,1565.040660704143,1538.8325340618405,1542.952392578125,1254881,0.0,0.0
2023-10-03 00:00:00+05:30,1585.5901019915198,1586.3843353635243,1521.906497364971,1526.224853515625,3436776,0.0,0.0
2023-10-04 00:00:00+05:30,1520.6655752983131,1526.7212108825995,1490.833956723864,1511.0360107421875,2580901,0.0,0.0
2023-10-05 00:00:00+05:30,1521.8569031420716,1539.527566668065,1502.0519645195893,1526.7708740234375,1991367,0.0,0.0
2023-10-06 00:00:00+05:30,1533.7696839711987,1542.704264654526,1529.1534597148782,1537.5916748046875,1743027,0.0,0.0
2023-10-09 00:00:00+05:30,1528.8059376832323,1530.0468515936896,1502.9949283457233,1504.1861572265625,2123175,0.0,0.0
2023-10-10 00:00:00+05:30,1510.3908151648461,1532.628017978129,1508.1571699953136,1526.671630859375,1956653,0.0,0.0
2023-10-11 00:00:00+05:30,1528.8059824883267,1547.8168083902854,1528.8059824883267,1544.987548828125,1536986,0.0,0.0
2023-10-12 00:00:00+05:30,1547.6679113295725,1558.637639353892,1544.292601077243,1555.2623291015625,1731806,0.0,0.0
2023-10-13 00:00:00+05:30,1549.156996122532,1562.9559836696765,1539.0311866268457,1551.0927734375,1465554,0.0,0.0
2023-10-16 00:00:00+05:30,1551.4898313993958,1565.7851839919854,1547.171475195124,1563.1048583984375,1089610,0.0,0.0
2023-10-17 00:00:00+05:30,1563.5515469892123,1572.3868783802277,1557.1980434505608,1565.139892578125,997962,0.0,0.0
2023-10-18 00:00:00+05:30,1565.139867359287,1567.9691268287943,1550.397834390382,1563.402587890625,1212994,0.0,0.0
2023-10-19 00:00:00+05:30,1542.0589179044607,1567.4232474293913,1542.0589179044607,1558.1412353515625,1239578,0.0,0.0
2023-10-20 00:00:00+05:30,1554.61700638236,1563.5515868788104,1533.8689007706691,1546.92333984375,1435102,0.0,0.0
2023-10-23 00:00:00+05:30,1536.9960125830341,1563.4523221323022,1535.2587330596882,1553.773193359375,4069167,0.0,0.0
2023-10-25 00:00:00+05:30,1562.5588649880228,1565.1399417990515,1535.7551233395625,1557.6944580078125,2510769,0.0,0.0
2023-10-26 00:00:00+05:30,1542.704189530029,1546.8736118393424,1489.0967080405685,1495.15234375,3343802,0.0,0.0
2023-10-27 00:00:00+05:30,1497.3859733302354,1522.799865981434,1496.3436783551838,1499.8182373046875,3341111,0.0,0.0
2023-10-30 00:00:00+05:30,1491.1813908319523,1504.4343270448335,1452.5641260346931,1486.9127197265625,2637486,0.0,0.0
2023-10-31 00:00:00+05:30,1483.3388865758664,1486.4164501924972,1444.9699232628368,1447.9976806640625,2555737,0.0,0.0
2023-11-01 00:00:00+05:30,1454.2519129067284,1474.2057851560785,1439.4601942601441,1444.0267333984375,2627536,0.0,0.0
2023-11-02 00:00:00+05:30,1454.3511796974396,1466.7603194559504,1441.9420399389292,1459.0169677734375,2091122,0.0,0.0
2023-11-03 00:00:00+05:30,1469.2420638508338,1477.2831617204447,1449.8341218990643,1458.322021484375,2456723,0.0,0.0
2023-11-06 00:00:00+05:30,1471.02905908117,1481.353366042397,1462.8390271352152,1477.4818115234375,1271868,0.0,0.0
2023-11-07 00:00:00+05:30,1477.4321111288198,1486.1185085569248,1464.2784235948322,1468.993896484375,1940908,0.0,0.0
2023-11-08 00:00:00+05:30,1474.2554848737414,1478.573841262939,1463.2857568798322,1476.58837890625,1342202,0.0,0.0
2023-11-09 00:00:00+05:30,1476.588339417017,1547.3699978302252,1476.588339417017,1540.7684326171875,4831782,0.0,0.0
2023-11-10 00:00:00+05:30,1538.733244766078,1539.7259758917337,1504.2855231790304,1513.021484375,4872228,0.0,0.0
2023-11-13 00:00:00+05:30,1515.1559627058057,1532.082077789415,1502.0519596096603,1529.05419921875,1968032,0.0,0.0
2023-11-15 00:00:00+05:30,1537.740502939324,1539.527467426268,1522.40285562788,1532.92578125,2782942,0.0,0.0
2023-11-16 00:00:00+05:30,1532.9754059596896,1572.4364694966066,1527.3168868313705,1558.091552734375,3224223,0.0,0.0
2023-11-17 00:00:00+05:30,1563.5515953997315,1584.3989500050614,1561.2187013828789,1573.0322265625,2035309,0.0,0.0
2023-11-20 00:00:00+05:30,1578.2440243636445,1578.2440243636445,1529.4015792712737,1540.917236328125,2918577,0.0,0.0
2023-11-21 00:00:00+05:30,1541.711540044854,1559.9778182008536,1537.8895491950595,1548.4124755859375,2213144,0.0,0.0
2023-11-22 00:00:00+05:30,1548.6605838590528,1553.2768079129253,1523.842305271568,1532.2308349609375,1269475,0.0,0.0
2023-11-23 00:00:00+05:30,1545.285263039067,1549.6036192468005,1523.941543601558,1534.6134033203125,1552635,0.0,0.0
2023-11-24 00:00:00+05:30,1537.7406116593656,1548.1642891431768,1536.2515148759642,1541.9100341796875,1239270,0.0,0.0
2023-11-28 00:00:00+05:30,1541.9099340805017,1560.5733276940625,1530.9403278647158,1554.6666259765625,2596766,0.0,0.0
2023-11-29 00:00:00+05:30,1564.5442455694945,1611.599724907613,1555.8578482669989,1607.3309326171875,3581220,0.0,0.0
2023-11-30 00:00:00+05:30,1603.3104458856865,1647.9336613137234,1601.970161925569,1635.772705078125,5214960,0.0,0.0
2023-12-01 00:00:00+05:30,1643.9627476401492,1653.8900589181694,1609.4156559194391,1613.6844482421875,2489755,0.0,0.0
2023-12-04 00:00:00+05:30,1650.7630277386008,1662.824735880244,1627.5330937589563,1644.806640625,3001010,0.0,0.0
2023-12-05 00:00:00+05:30,1648.8272204921798,1695.5848342492195,1628.6747293168357,1673.79443359375,3423953,0.0,0.0
2023-12-06 00:00:00+05:30,1675.829408956041,1698.0169256422867,1671.9081694361657,1690.0255126953125,2279220,0.0,0.0
2023-12-07 00:00:00+05:30,1690.6211788978212,1693.599372401458,1669.4263927002069,1680.346435546875,2461051,0.0,0.0
2023-12-08 00:00:00+05:30,1686.6502463061395,1695.7337606861784,1650.4652438800715,1656.421630859375,1942667,0.0,0.0
2023-12-11 00:00:00+05:30,1661.831894501457,1662.2785750321561,1635.1274031429402,1640.1903076171875,2037178,0.0,0.0
2023-12-12 00:00:00+05:30,1650.9119291893671,1657.86104735192,1614.6772416274837,1623.5125732421875,2051527,0.0,0.0
2023-12-13 00:00:00+05:30,1627.0863870081994,1658.357418851249,1617.705125928486,1654.0390625,2247441,0.0,0.0
2023-12-14 00:00:00+05:30,1663.8174440696496,1697.421370001162,1658.903473242049,1691.167236328125,3326228,0.0,0.0
2023-12-15 00:00:00+05:30,1715.340128540747,1726.9550341854701,1685.657443780567,1712.4114990234375,3858594,0.0,0.0
2023-12-18 00:00:00+05:30,1707.4975800710017,1719.2614199761695,1686.4020431079152,1698.364501953125,1739425,0.0,0.0
2023-12-19 00:00:00+05:30,1707.4976034537563,1711.3195942016305,1679.006267497235,1686.9976806640625,1660221,0.0,0.0
2023-12-20 00:00:00+05:30,1697.570262975757,1699.5060402410375,1628.6746970721874,1634.978515625,3047660,0.0,0.0
2023-12-21 00:00:00+05:30,1623.1154199346572,1641.1335144292477,1608.62156947337,1621.9737548828125,3211338,0.0,0.0
2023-12-22 00:00:00+05:30,1618.151742305817,1639.9918271712943,1610.9544416115118,1622.370849609375,2751274,0.0,0.0
2023-12-26 00:00:00+05:30,1628.972572527168,1656.8682936784433,1622.6190689139698,1650.1673583984375,1203594,0.0,0.0
2023-12-27 00:00:00+05:30,1657.8610658355997,1679.5026539706078,1648.1819368584158,1675.6805419921875,1793638,0.0,0.0
2023-12-28 00:00:00+05:30,1676.6732610628303,1727.3025507317593,1676.1273316291445,1721.842529296875,2963938,0.0,0.0
2023-12-29 00:00:00+05:30,1717.4248380683753,1745.2213094359558,1702.5338712643143,1716.8292236328125,2273255,0.0,0.0
2024-01-01 00:00:00+05:30,1716.8293269444505,1717.4249414158548,1686.6502748355708,1690.9190673828125,1307485,0.0,0.0
2024-01-02 00:00:00+05:30,1691.216734848838,1692.6065826723832,1637.4603197314702,1644.1612548828125,2857334,0.0,0.0
2024-01-03 00:00:00+05:30,1659.8465087411266,1666.0013934941185,1636.0706458002433,1643.21826171875,1927812,0.0,0.0
2024-01-04 00:00:00+05:30,1654.7836219849812,1662.278669656125,1626.2921645158174,1629.7667236328125,2835768,0.0,0.0
2024-01-05 00:00:00+05:30,1635.9712771620698,1649.422832939715,1624.6045537802247,1630.0645751953125,1709313,0.0,0.0
2024-01-08 00:00:00+05:30,1636.1698624918336,1641.381701008255,1594.4254693299624,1604.4024658203125,1492195,0.0,0.0
2024-01-09 00:00:00+05:30,1613.1880834691603,1624.9023592561668,1603.2607721862732,1618.052490234375,2542484,0.0,0.0
2024-01-10 00:00:00+05:30,1633.042790472834,1635.474933389698,1609.5646738382497,1620.9315185546875,1954233,0.0,0.0
2024-01-11 00:00:00+05:30,1631.9507958620236,1639.2473457305673,1614.0319497564606,1616.8116455078125,2228002,0.0,0.0
2024-01-12 00:00:00+05:30,1618.1517962735884,1621.973787015916,1589.8589581178846,1612.64208984375,3061539,0.0,0.0
2024-01-15 00:00:00+05:30,1623.1154484116269,1628.9725864987647,1604.3528052300844,1623.6614990234375,1405514,0.0,0.0
2024-01-16 00:00:00+05:30,1626.0936284998832,1628.0790908057438,1605.7923248956588,1608.5718994140625,2236688,0.0,0.0
2024-01-17 00:00:00+05:30,1600.2826521096076,1603.2608456309035,1579.4352974605372,1586.0865478515625,2548169,0.0,0.0
2024-01-18 00:00:00+05:30,1588.3698939171434,1611.500578970514,1569.160569749184,1605.4945068359375,2328588,0.0,0.0
2024-01-19 00:00:00+05:30,1613.138442970633,1646.9409872951908,1610.458117323462,1643.51611328125,2836976,0.0,0.0
2024-01-23 00:00:00+05:30,1607.2317869817884,1635.6238746091028,1576.705303072159,1583.604736328125,2772880,0.0,0.0
2024-01-24 00:00:00+05:30,1583.4062468720465,1620.435168704702,1563.551623086817,1616.265625,2543323,0.0,0.0
2024-01-25 00:00:00+05:30,1619.7401406355714,1630.8091173349844,1592.241535905194,1623.61181640625,2038472,0.0,0.0
2024-01-29 00:00:00+05:30,1623.6118113447978,1633.0427573599466,1613.18813417016,1628.0791015625,3075670,0.0,0.0
2024-01-30 00:00:00+05:30,1637.9567173041999,1647.4373482878855,1602.714761375173,1608.5718994140625,2569098,0.0,0.0
2024-01-31 00:00:00+05:30,1603.3104793332366,1646.246101224012,1597.3540924813371,1639.545166015625,3154787,0.0,0.0
2024-02-01 00:00:00+05:30,1647.1891694102883,1690.224040755388,1633.5888010560545,1639.1480712890625,4065784,0.0,0.0
2024-02-02 00:00:00+05:30,1642.9700186639132,1674.7870998248338,1638.0063630184027,1648.67822265625,3304158,0.0,0.0
2024-02-05 00:00:00+05:30,1664.5123074167634,1700.3995635167996,1652.9966500595647,1691.167236328125,3525423,0.0,0.0
2024-02-06 00:00:00+05:30,1698.5133576611836,1717.4249350433893,1693.5993868115736,1715.092041015625,2219874,0.0,0.0
2024-02-07 00:00:00+05:30,1718.8643487767902,1739.2650229472329,1703.2288327314598,1708.4903564453125,1213661,0.0,0.0
2024-02-08 00:00:00+05:30,1716.4321971070226,1731.22391581262,1663.3707644145966,1673.6455078125,2550690,0.0,0.0
2024-02-09 00:00:00+05:30,1673.7447471545288,1677.4674890298725,1616.1663394825462,1634.4326171875,2033950,0.0,0.0
2024-02-12 00:00:00+05:30,1641.9773037211212,1662.8743426679184,1628.6251183762747,1648.38037109375,1197925,0.0,0.0
2024-02-13 00:00:00+05:30,1657.86102864781,1667.1927257402724,1611.649344914995,1634.780029296875,2075130,0.0,0.0
2024-02-14 00:00:00+05:30,1619.1445533311812,1667.4409494375323,1612.0961861952187,1645.0052490234375,4368695,0.0,0.0
2024-02-15 00:00:00+05:30,1668.8307958612136,1771.925904497665,1655.9748543916028,1752.22021484375,9887134,0.0,0.0
2024-02-16 00:00:00+05:30,1775.0033476479678,1851.0962167375983,1763.9343707680362,1822.207763671875,7188957,0.0,0.0
2024-02-19 00:00:00+05:30,1822.704141432462,1842.9557606682793,1806.7707574335407,1835.11328125,2682236,0.0,0.0
2024-02-20 00:00:00+05:30,1824.044266036507,1846.479966119422,1807.2670851184987,1840.1761474609375,1830562,0.0,0.0
2024-02-21 00:00:00+05:30,1836.4534393269244,1875.9640676931763,1833.2766268321113,1846.132568359375,4466234,0.0,0.0
2024-02-22 00:00:00+05:30,1857.3503564512216,1903.065675854577,1839.530880207893,1896.4639892578125,3360123,0.0,0.0
2024-02-23 00:00:00+05:30,1912.3475789044203,1933.6912980974705,1887.2811179916523,1915.92138671875,3323441,0.0,0.0
2024-02-26 00:00:00+05:30,1920.934736410237,1936.8184344890815,1911.2059228637452,1915.7725830078125,2436063,0.0,0.0
2024-02-27 00:00:00+05:30,1912.0002242899648,1942.7252053815478,1901.1298665035738,1936.42138671875,2821465,0.0,0.0
2024-02-28 00:00:00+05:30,1937.7615760944582,1938.9529262188883,1883.2607313216765,1887.8272705078125,2010429,0.0,0.0
2024-02-29 00:00:00+05:30,1889.0185048730052,1936.7192866271894,1878.793446411235,1918.353759765625,5539065,0.0,0.0
2024-03-01 00:00:00+05:30,1919.5449399475685,1967.8910199783097,1916.4674975990579,1958.60888671875,3384932,0.0,0.0
2024-03-04 00:00:00+05:30,1952.7021284924006,1960.5942924856547,1905.1007193849134,1907.086181640625,1645331,0.0,0.0
2024-03-05 00:00:00+05:30,1911.0075114236538,1953.6949519385716,1909.0717341060629,1925.1539306640625,2208384,0.0,0.0
2024-03-06 00:00:00+05:30,1930.8621051174262,1965.5084468186017,1908.0292884502278,1956.32568359375,1673183,0.0,0.0
2024-03-07 00:00:00+05:30,1916.1200919830333,1918.1055543230032,1870.6033920758246,1883.757080078125,18323831,0.0,0.0
2024-03-11 00:00:00+05:30,1899.094660088288,1899.7895234091611,1859.6832825262004,1880.5802001953125,3250782,0.0,0.0
2024-03-12 00:00:00+05:30,1878.2473842789364,1884.551203007542,1863.0089849697224,1881.37451171875,3186510,0.0,0.0
2024-03-13 00:00:00+05:30,1882.218284667423,1887.5790571831399,1830.8444469925607,1840.2257080078125,4270994,0.0,0.0
2024-03-14 00:00:00+05:30,1840.2257424188178,1881.8212031545158,1831.1919129050186,1876.8079833984375,2388133,0.0,0.0
2024-03-15 00:00:00+05:30,1861.3708784395405,1868.4192452626314,1775.79750306128,1786.419677734375,5504948,0.0,0.0
2024-03-18 00:00:00+05:30,1794.8082501341694,1853.8261902364366,1787.958502084642,1842.5587158203125,3404076,0.0,0.0
2024-03-19 00:00:00+05:30,1842.5586556647886,1851.4435507730468,1813.5212702170077,1830.4969482421875,2189225,0.0,0.0
2024-03-20 00:00:00+05:30,1838.4884558842064,1845.5369441915745,1807.316793853952,1830.993408203125,1550415,0.0,0.0
2024-03-21 00:00:00+05:30,1846.4302156156878,1861.3708675860446,1831.5889337046679,1852.287353515625,2072960,0.0,0.0
2024-03-22 00:00:00+05:30,1852.28736959998,1891.5994984281647,1833.8225946697871,1865.143310546875,3786990,0.0,0.0
2024-03-26 00:00:00+05:30,1864.54766451345,1903.562048584765,1847.5719854745364,1850.4012451171875,4092744,0.0,0.0
2024-03-27 00:00:00+05:30,1856.3079710355792,1886.089905044868,1841.8141207209917,1867.4761962890625,4196597,0.0,0.0
2024-03-28 00:00:00+05:30,1867.4762881410124,1948.6816261572972,1856.7547428971286,1907.384033203125,3790854,0.0,0.0
2024-04-01 00:00:00+05:30,1923.912963632418,1949.5750395557238,1878.048833096425,1902.023193359375,2765845,0.0,0.0
2024-04-02 00:00:00+05:30,1902.0232646016398,1963.1259174850597,1887.6286624253903,1957.6162109375,3431715,0.0,0.0
2024-04-03 00:00:00+05:30,1952.7021351903059,1988.7383237282786,1941.9805904994878,1974.840087890625,3615370,0.0,0.0
2024-04-04 00:00:00+05:30,1984.4695214309686,2000.3532194514266,1948.9296986369943,1988.142578125,3007920,0.0,0.0
2024-04-05 00:00:00+05:30,1980.846052769981,2012.7126980760233,1977.768610477541,1998.6656494140625,2767027,0.0,0.0
2024-04-08 00:00:00+05:30,2003.331391894029,2071.829838891397,2002.2394119031342,2062.99462890625,2781568,0.0,0.0
2024-04-09 00:00:00+05:30,2079.7717105817783,2083.3950822480874,2055.052802471621,2075.701416015625,2853137,0.0,0.0
2024-04-10 00:00:00+05:30,2083.196666881659,2093.273033636464,2054.953513681318,2061.1083984375,2280814,0.0,0.0
2024-04-12 00:00:00+05:30,2068.8516740894993,2072.3262330431044,2036.7367251004916,2055.896484375,4008660,0.0,0.0
2024-04-15 00:00:00+05:30,2040.310646140124,2068.75229594566,2020.2078408442537,2038.523681640625,2024919,0.0,0.0
2024-04-16 00:00:00+05:30,2032.1703053148278,2058.676177975783,2013.0105460592617,2016.5347900390625,1981730,0.0,0.0
2024-04-18 00:00:00+05:30,2016.5348969786933,2071.8299753020033,2001.8424270227551,2010.23095703125,3539862,0.0,0.0
2024-04-19 00:00:00+05:30,2019.2150674003506,2071.82981596093,1983.675245371138,2067.759521484375,3253248,0.0,0.0
2024-04-22 00:00:00+05:30,2109.1071019614483,2117.495632058755,2049.9899110179695,2075.453369140625,2449171,0.0,0.0
2024-04-23 00:00:00+05:30,2080.7645462282253,2098.633707407666,2041.8992176093452,2047.607421875,2886136,0.0,0.0
2024-04-24 00:00:00+05:30,2040.0625526972888,2075.65206205936,2038.027405327236,2043.4874267578125,1929834,0.0,0.0
2024-04-25 00:00:00+05:30,2045.0261587961295,2098.5839555981966,2027.0577493073852,2081.6083984375,3084498,0.0,0.0
2024-04-26 00:00:00+05:30,2084.2887938728813,2087.7136679648142,2023.9803747911587,2030.0360107421875,2952484,0.0,0.0
2024-04-29 00:00:00+05:30,2030.6315305884084,2053.3155339019286,1986.4549952126156,2047.061279296875,2724604,0.0,0.0
2024-04-30 00:00:00+05:30,2057.9814677517465,2153.2339781554524,2057.9814677517465,2140.676025390625,5745143,0.0,0.0
2024-05-02 00:00:00+05:30,2149.3622919228337,2187.9794363900323,2149.3622919228337,2169.266357421875,3347541,0.0,0.0
2024-05-03 00:00:00+05:30,2193.9357550569284,2193.9357550569284,2156.5595256784873,2177.059326171875,3859227,0.0,0.0
2024-05-06 00:00:00+05:30,2184.4551866998613,2223.717751726991,2174.0811947687994,2208.777099609375,2111447,0.0,0.0
2024-05-07 00:00:00+05:30,2219.7468486196667,2220.6402097071464,2149.114124332039,2175.5703125,1727823,0.0,0.0
2024-05-08 00:00:00+05:30,2175.768825173057,2179.0448864596137,2144.2992960149277,2166.536376953125,1993202,0.0,0.0
2024-05-09 00:00:00+05:30,2169.6635449513087,2240.345952129658,2169.117494362824,2196.46728515625,3998822,0.0,0.0
2024-05-10 00:00:00+05:30,2195.7725252430027,2215.428408426071,2167.132134173419,2177.109130859375,3045912,0.0,0.0
2024-05-13 00:00:00+05:30,2191.9504120407464,2192.0000970721912,2144.299316126817,2168.373046875,2575573,0.0,0.0
2024-05-14 00:00:00+05:30,2159.19029933821,2263.7746252663514,2159.19029933821,2253.400390625,3830189,0.0,0.0
2024-05-15 00:00:00+05:30,2264.717587563747,2300.306853346706,2239.601441366008,2285.56494140625,2569084,0.0,0.0
2024-05-16 00:00:00+05:30,2302.5901242477366,2376.498906902208,2269.5818148455205,2354.510009765625,7444517,0.0,0.0
2024-05-17 00:00:00+05:30,2407.7205246691838,2539.35652608037,2407.7205246691838,2496.32177734375,9796445,0.0,0.0
2024-05-21 00:00:00+05:30,2484.8061615399697,2518.509336871914,2449.067838801081,2504.313232421875,3747292,0.0,0.0
2024-05-22 00:00:00+05:30,2503.3700318010847,2516.573404249241,2471.9005035820946,2502.724853515625,2974921,0.0,0.0
2024-05-23 00:00:00+05:30,2501.682558607272,2598.3744780133875,2482.0761179197743,2590.234130859375,4715263,0.0,0.0
2024-05-24 00:00:00+05:30,2570.9752879624034,2586.0647535984895,2553.701619812425,2560.998291015625,2919241,0.0,0.0
2024-05-27 00:00:00+05:30,2562.38788405352,2570.9254688005512,2522.5298257446475,2530.571044921875,3328559,0.0,0.0
2024-05-28 00:00:00+05:30,2531.4644449181637,2563.182156843055,2529.478982608424,2534.244140625,1549203,0.0,0.0
2024-05-29 00:00:00+05:30,2492.003342582216,2528.4862119537515,2482.423584033778,2515.233154296875,2720451,0.0,0.0
2024-05-30 00:00:00+05:30,2499.697158510565,2513.0493446608593,2459.9879105596424,2475.375244140625,3367101,0.0,0.0
2024-05-31 00:00:00+05:30,2499.4488790474984,2550.5248487758636,2477.0130578765015,2488.032470703125,8769724,0.0,0.0
2024-06-03 00:00:00+05:30,2556.332308945664,2635.0559349243354,2551.7159638362755,2614.853759765625,2701157,0.0,0.0
2024-06-04 00:00:00+05:30,2615.102153887073,2619.817627069559,2430.404466339868,2554.197998046875,6372249,0.0,0.0
2024-06-05 00:00:00+05:30,2554.197850791944,2733.683689210767,2553.105991958557,2721.0263671875,4242881,0.0,0.0
2024-06-06 00:00:00+05:30,2725.047057101152,2741.8241168997433,2651.485580580543,2680.225341796875,4992660,0.0,0.0
2024-06-07 00:00:00+05:30,2648.954365082014,2846.7560544878343,2648.954365082014,2836.6796875,6447821,0.0,0.0
2024-06-10 00:00:00+05:30,2840.203764437845,2865.022042701021,2779.647165475696,2787.142333984375,2021106,0.0,0.0
2024-06-11 00:00:00+05:30,2800.494677604456,2834.247537951337,2792.9498236393365,2814.93896484375,2298974,0.0,0.0
2024-06-12 00:00:00+05:30,2814.938938307982,2827.8941286451413,2761.827820321644,2767.287841796875,2580846,0.0,0.0
2024-06-13 00:00:00+05:30,2829.2837756663534,2858.172349059032,2768.379622706924,2840.898681640625,2492637,0.0,0.0
2024-06-14 00:00:00+05:30,2854.1020141976032,2924.585924809092,2844.174702843872,2907.3125,3515019,0.0,0.0
2024-06-18 00:00:00+05:30,2943.4479249076526,2991.595386748469,2935.158522675253,2940.370361328125,4887512,0.0,0.0
2024-06-19 00:00:00+05:30,2953.375204397086,2955.3606667193694,2905.1780580504465,2912.5244140625,3512298,0.0,0.0
2024-06-20 00:00:00+05:30,2923.6428812000504,2933.2723247481917,2836.530723996682,2850.32958984375,4024418,0.0,0.0
2024-06-21 00:00:00+05:30,2863.7812903962067,2899.6684258435357,2804.515287032455,2819.306884765625,8400461,0.0,0.0
2024-06-24 00:00:00+05:30,2815.8818419010713,2902.6961304891265,2792.6023454447522,2894.60546875,2699784,0.0,0.0
2024-06-25 00:00:00+05:30,2899.9662293396063,2925.5787418575737,2870.0354816755557,2888.251953125,1910886,0.0,0.0
2024-06-26 00:00:00+05:30,2885.919214535403,2891.776231529168,2823.9232010486858,2830.77294921875,3282318,0.0,0.0
2024-06-27 00:00:00+05:30,2821.3420033348716,2883.884067448206,2772.7478607231888,2867.95068359375,6900180,0.0,0.0
2024-06-28 00:00:00+05:30,2834.2475228240173,2874.9495012603693,2834.2475228240173,2845.812744140625,2548169,0.0,0.0
2024-07-01 00:00:00+05:30,2820.349266546695,2873.013703823242,2817.6192558170214,2854.946044921875,1718501,0.0,0.0
2024-07-02 00:00:00+05:30,2869.191449486778,2869.9856828601114,2829.2837067282317,2844.323486328125,1507890,0.0,0.0
2024-07-03 00:00:00+05:30,2850.131084672546,2873.9566318798397,2844.274067930486,2857.030517578125,1019710,0.0,0.0
2024-07-04 00:00:00+05:30,2868.9929443293277,2900.7603402526975,2864.0789737456307,2881.699951171875,1502213,0.0,0.0
2024-07-05 00:00:00+05:30,2886.0,2886.0,2840.0,2880.60009765625,1966103,21.1,0.0
2024-07-08 00:00:00+05:30,2880.60009765625,2918.60009765625,2847.5,2851.35009765625,1631998,0.0,0.0
2024-07-09 00:00:00+05:30,2855.35009765625,2940.0,2837.25,2925.5,2902129,0.0,0.0
2024-07-10 00:00:00+05:30,2930.0,2930.0,2697.89990234375,2732.0,14481615,0.0,0.0
2024-07-11 00:00:00+05:30,2757.949951171875,2757.949951171875,2691.0,2698.050048828125,4314565,0.0,0.0
2024-07-12 00:00:00+05:30,2689.64990234375,2722.300048828125,2687.14990234375,2703.949951171875,3398732,0.0,0.0
2024-07-15 00:00:00+05:30,2722.85009765625,2739.0,2708.10009765625,2731.050048828125,2017720,0.0,0.0
2024-07-16 00:00:00+05:30,2754.949951171875,2766.85009765625,2740.0,2756.75,1925983,0.0,0.0
2024-07-18 00:00:00+05:30,2756.0,2825.949951171875,2736.5,2819.449951171875,4122844,0.0,0.0
2024-07-19 00:00:00+05:30,2819.949951171875,2819.949951171875,2743.0,2749.300048828125,2042568,0.0,0.0
2024-07-22 00:00:00+05:30,2751.050048828125,2819.0,2725.0,2804.75,2208103,0.0,0.0
2024-07-23 00:00:00+05:30,2824.0,2854.5,2743.39990234375,2821.35009765625,2572524,0.0,0.0
2024-07-24 00:00:00+05:30,2823.0,2830.39990234375,2763.64990234375,2805.5,2276082,0.0,0.0
2024-07-25 00:00:00+05:30,2799.800048828125,2827.0,2781.800048828125,2811.39990234375,1857122,0.0,0.0
2024-07-26 00:00:00+05:30,2821.60009765625,2897.39990234375,2790.0,2887.800048828125,2352661,0.0,0.0
2024-07-29 00:00:00+05:30,2900.0,2945.0,2875.5,2933.0,2388937,0.0,0.0
2024-07-30 00:00:00+05:30,2945.0,2950.0,2904.60009765625,2922.10009765625,2290006,0.0,0.0
2024-07-31 00:00:00+05:30,2937.0,2979.60009765625,2872.949951171875,2907.800048828125,4238740,0.0,0.0
2024-08-01 00:00:00+05:30,2926.5,2926.5,2820.10009765625,2828.39990234375,4971708,0.0,0.0
2024-08-02 00:00:00+05:30,2810.300048828125,2810.300048828125,2733.85009765625,2749.64990234375,3041513,0.0,0.0
2024-08-05 00:00:00+05:30,2679.64990234375,2729.199951171875,2635.800048828125,2678.949951171875,3731770,0.0,0.0
2024-08-06 00:00:00+05:30,2688.300048828125,2748.75,2625.699951171875,2632.949951171875,3069277,0.0,0.0
2024-08-07 00:00:00+05:30,2697.5,2704.75,2661.0,2680.85009765625,2479171,0.0,0.0
2024-08-08 00:00:00+05:30,2660.5,2716.5,2656.5,2682.949951171875,2673182,0.0,0.0
2024-08-09 00:00:00+05:30,2734.0,2765.0,2705.0,2749.14990234375,2279076,0.0,0.0
2024-08-12 00:00:00+05:30,2749.14990234375,2757.0,2708.699951171875,2717.64990234375,2321474,0.0,0.0
2024-08-13 00:00:00+05:30,2718.10009765625,2738.64990234375,2704.10009765625,2718.050048828125,1292521,0.0,0.0
2024-08-14 00:00:00+05:30,2728.800048828125,2771.949951171875,2715.300048828125,2745.25,2609359,0.0,0.0
2024-08-16 00:00:00+05:30,2789.0,2845.050048828125,2776.14990234375,2840.449951171875,4376092,0.0,0.0
2024-08-19 00:00:00+05:30,2859.89990234375,2859.89990234375,2760.0,2765.14990234375,2500718,0.0,0.0
2024-08-20 00:00:00+05:30,2779.75,2783.199951171875,2748.5,2771.300048828125,1762399,0.0,0.0
2024-08-21 00:00:00+05:30,2774.0,2780.949951171875,2755.0,2769.39990234375,1497501,0.0,0.0
2024-08-22 00:00:00+05:30,2771.10009765625,2775.75,2724.050048828125,2732.949951171875,2346622,0.0,0.0
2024-08-23 00:00:00+05:30,2732.949951171875,2769.0,2725.300048828125,2759.0,1943539,0.0,0.0
2024-08-26 00:00:00+05:30,2764.949951171875,2799.0,2753.10009765625,2793.10009765625,2765969,0.0,0.0
2024-08-27 00:00:00+05:30,2797.949951171875,2800.0,2773.949951171875,2780.800048828125,1604159,0.0,0.0
2024-08-28 00:00:00+05:30,2781.89990234375,2827.0,2780.800048828125,2798.0,1851275,0.0,0.0
2024-08-29 00:00:00+05:30,2789.35009765625,2801.64990234375,2741.64990234375,2757.60009765625,2237121,0.0,0.0
2024-08-30 00:00:00+05:30,2780.0,2821.550048828125,2765.0,2805.39990234375,4895220,0.0,0.0
2024-09-02 00:00:00+05:30,2848.800048828125,2848.800048828125,2756.5,2777.0,2270687,0.0,0.0
2024-09-03 00:00:00+05:30,2780.0,2798.10009765625,2772.60009765625,2784.85009765625,1592710,0.0,0.0
2024-09-04 00:00:00+05:30,2761.0,2779.89990234375,2731.10009765625,2749.60009765625,1697000,0.0,0.0
2024-09-05 00:00:00+05:30,2756.199951171875,2760.0,2711.89990234375,2723.10009765625,2360312,0.0,0.0
2024-09-06 00:00:00+05:30,2723.0,2738.89990234375,2680.10009765625,2698.10009765625,2835519,0.0,0.0
2024-09-09 00:00:00+05:30,2688.14990234375,2714.300048828125,2660.050048828125,2708.85009765625,1269082,0.0,0.0
2024-09-10 00:00:00+05:30,2691.25,2715.0,2677.0,2690.0,2034126,0.0,0.0
2024-09-11 00:00:00+05:30,2681.5,2708.0,2644.10009765625,2654.25,2034245,0.0,0.0
2024-09-12 00:00:00+05:30,2665.0,2751.60009765625,2635.60009765625,2740.89990234375,3730285,0.0,0.0
2024-09-13 00:00:00+05:30,2755.0,2758.550048828125,2711.75,2739.10009765625,2102332,0.0,0.0
2024-09-16 00:00:00+05:30,2740.199951171875,2784.300048828125,2732.050048828125,2757.39990234375,1234752,0.0,0.0
2024-09-17 00:00:00+05:30,2765.0,2793.5,2745.300048828125,2787.64990234375,1387175,0.0,0.0
2024-09-18 00:00:00+05:30,2781.5,2848.0,2777.64990234375,2808.199951171875,2526756,0.0,0.0
2024-09-19 00:00:00+05:30,2812.0,2852.0,2792.199951171875,2797.5,2807727,0.0,0.0
2024-09-20 00:00:00+05:30,2798.699951171875,2960.0,2798.5,2950.85009765625,12492909,0.0,0.0
2024-09-23 00:00:00+05:30,2962.75,3056.89990234375,2956.14990234375,3049.800048828125,3925490,0.0,0.0
2024-09-24 00:00:00+05:30,3020.0,3098.550048828125,3020.0,3074.300048828125,3697722,0.0,0.0
2024-09-25 00:00:00+05:30,3045.0,3149.0,3034.550048828125,3091.050048828125,4218815,0.0,0.0
2024-09-26 00:00:00+05:30,3072.0,3197.199951171875,3045.64990234375,3181.10009765625,4753617,0.0,0.0
2024-09-27 00:00:00+05:30,3171.0,3222.10009765625,3152.550048828125,3183.64990234375,6803795,0.0,0.0
2024-09-30 00:00:00+05:30,3163.14990234375,3179.0,3087.0,3094.89990234375,3554400,0.0,0.0
2024-10-01 00:00:00+05:30,3105.5,3185.449951171875,3095.800048828125,3165.5,4028211,0.0,0.0
2024-10-03 00:00:00+05:30,3085.0,3171.0,3072.449951171875,3129.85009765625,3237011,0.0,0.0
2024-10-04 00:00:00+05:30,3127.050048828125,3157.60009765625,3009.5,3017.449951171875,4281562,0.0,0.0
2024-10-07 00:00:00+05:30,3028.0,3066.949951171875,2982.89990234375,3060.199951171875,2732276,0.0,0.0
2024-10-08 00:00:00+05:30,3074.0,3176.89990234375,3066.0,3165.85009765625,6060165,0.0,0.0
2024-10-09 00:00:00+05:30,3164.800048828125,3204.300048828125,3145.0,3153.0,2432656,0.0,0.0
2024-10-10 00:00:00+05:30,3156.0,3220.300048828125,3155.0,3194.300048828125,2507231,0.0,0.0
2024-10-11 00:00:00+05:30,3200.0,3210.5,3121.0,3134.35009765625,1652856,0.0,0.0
2024-10-14 00:00:00+05:30,3151.0,3174.0,3115.0,3154.89990234375,2425178,0.0,0.0
2024-10-15 00:00:00+05:30,3177.0,3192.949951171875,3086.550048828125,3155.800048828125,2245701,0.0,0.0
2024-10-16 00:00:00+05:30,3138.0,3147.89990234375,3052.14990234375,3068.0,1972106,0.0,0.0
2024-10-17 00:00:00+05:30,3055.0,3065.300048828125,2952.199951171875,2964.60009765625,3622197,0.0,0.0
2024-10-18 00:00:00+05:30,2945.35009765625,2988.85009765625,2914.699951171875,2964.25,3407751,0.0,0.0
2024-10-21 00:00:00+05:30,2959.75,3001.39990234375,2892.89990234375,2998.199951171875,5059952,0.0,0.0
2024-10-22 00:00:00+05:30,3005.0,3008.949951171875,2878.199951171875,2887.199951171875,4195638,0.0,0.0
2024-10-23 00:00:00+05:30,2876.14990234375,2924.89990234375,2781.25,2793.5,7913897,0.0,0.0
2024-10-24 00:00:00+05:30,2763.0,2842.199951171875,2763.0,2826.35009765625,3992102,0.0,0.0
2024-10-25 00:00:00+05:30,2825.0,2825.050048828125,2679.300048828125,2720.85009765625,4532596,0.0,0.0
2024-10-28 00:00:00+05:30,2730.0,2834.89990234375,2713.89990234375,2781.0,2813985,0.0,0.0
2024-10-29 00:00:00+05:30,2762.0,2797.949951171875,2702.550048828125,2746.89990234375,3156567,0.0,0.0
2024-10-30 00:00:00+05:30,2689.25,2755.85009765625,2669.050048828125,2707.699951171875,5677865,0.0,0.0
2024-10-31 00:00:00+05:30,2707.699951171875,2752.0,2671.60009765625,2728.550048828125,3833325,0.0,0.0
2024-11-01 00:00:00+05:30,2780.0,2840.89990234375,2780.0,2817.64990234375,1061709,0.0,0.0
2024-11-04 00:00:00+05:30,2804.5,2971.75,2804.5,2883.949951171875,7559263,0.0,0.0
2024-11-05 00:00:00+05:30,2875.5,2908.0,2822.10009765625,2899.449951171875,3562624,0.0,0.0
2024-11-06 00:00:00+05:30,2910.0,2953.800048828125,2885.39990234375,2934.550048828125,2902347,0.0,0.0
2024-11-07 00:00:00+05:30,2971.75,2972.550048828125,2857.949951171875,2891.35009765625,4251557,0.0,0.0
2024-11-08 00:00:00+05:30,2910.0,2990.949951171875,2851.25,2974.89990234375,4455563,0.0,0.0
2024-11-11 00:00:00+05:30,2962.35009765625,3009.60009765625,2889.050048828125,2930.60009765625,2628672,0.0,0.0
2024-11-12 00:00:00+05:30,2931.199951171875,2945.89990234375,2880.0,2898.550048828125,2414528,0.0,0.0
2024-11-13 00:00:00+05:30,2876.0,2895.0,2782.89990234375,2798.949951171875,3949602,0.0,0.0
2024-11-14 00:00:00+05:30,2815.0,2842.39990234375,2736.25,2807.199951171875,2478112,0.0,0.0
2024-11-18 00:00:00+05:30,2844.0,2874.699951171875,2800.050048828125,2846.89990234375,2405351,0.0,0.0
2024-11-19 00:00:00+05:30,2845.0,2998.0,2845.0,2948.949951171875,5230405,0.0,0.0
2024-11-21 00:00:00+05:30,2962.5,2974.0,2918.0,2936.25,3821808,0.0,0.0
2024-11-22 00:00:00+05:30,2944.0,3063.5,2896.699951171875,3012.949951171875,4827125,0.0,0.0
2024-11-25 00:00:00+05:30,3075.0,3149.64990234375,3022.39990234375,3045.60009765625,6299837,0.0,0.0
2024-11-26 00:00:00+05:30,3053.5,3068.10009765625,2952.5,2985.199951171875,2144702,0.0,0.0
2024-11-27 00:00:00+05:30,3025.949951171875,3070.0,2986.050048828125,3004.800048828125,3593911,0.0,0.0
2024-11-28 00:00:00+05:30,2995.0,2999.949951171875,2892.0,2898.699951171875,4457143,0.0,0.0
2024-11-29 00:00:00+05:30,2903.0,2991.64990234375,2903.0,2966.10009765625,3542836,0.0,0.0
2024-12-02 00:00:00+05:30,2984.0,3026.25,2961.89990234375,3016.39990234375,2318823,0.0,0.0
2024-12-03 00:00:00+05:30,3041.699951171875,3041.699951171875,2987.64990234375,3027.300048828125,2308865,0.0,0.0
2024-12-04 00:00:00+05:30,3003.0,3051.85009765625,3003.0,3031.75,3364025,0.0,0.0
2024-12-05 00:00:00+05:30,3049.949951171875,3099.0,3016.050048828125,3071.60009765625,3797063,0.0,0.0
2024-12-06 00:00:00+05:30,3075.5,3099.0,3065.949951171875,3073.0,2688767,0.0,0.0
2024-12-09 00:00:00+05:30,3063.39990234375,3073.0,3040.0,3051.25,1879542,0.0,0.0
2024-12-10 00:00:00+05:30,3047.949951171875,3081.25,3005.300048828125,3066.89990234375,2061909,0.0,0.0
2024-12-11 00:00:00+05:30,3052.0,3115.0,3047.800048828125,3072.050048828125,2409385,0.0,0.0
2024-12-12 00:00:00+05:30,3084.800048828125,3086.0,3045.0,3067.449951171875,1958999,0.0,0.0
2024-12-13 00:00:00+05:30,3051.0,3093.10009765625,3000.0,3081.39990234375,2467964,0.0,0.0
2024-12-16 00:00:00+05:30,3089.39990234375,3092.14990234375,3040.0,3084.85009765625,2300493,0.0,0.0
2024-12-17 00:00:00+05:30,3055.10009765625,3093.75,3028.0,3041.5,2564201,0.0,0.0
2024-12-18 00:00:00+05:30,3026.10009765625,3062.0,3024.550048828125,3051.199951171875,2014105,0.0,0.0
2024-12-19 00:00:00+05:30,3006.0,3045.0,2970.5,3014.64990234375,2372390,0.0,0.0
2024-12-20 00:00:00+05:30,3014.64990234375,3025.0,2886.35009765625,2906.35009765625,8046336,0.0,0.0
2024-12-23 00:00:00+05:30,2918.0,2942.39990234375,2891.10009765625,2909.300048828125,2142508,0.0,0.0
2024-12-24 00:00:00+05:30,2909.39990234375,2950.199951171875,2900.800048828125,2928.699951171875,1858546,0.0,0.0
2024-12-26 00:00:00+05:30,2925.0,2984.449951171875,2923.35009765625,2975.64990234375,2162163,0.0,0.0
2024-12-27 00:00:00+05:30,2987.199951171875,3064.0,2978.050048828125,3049.449951171875,2290315,0.0,0.0
2024-12-30 00:00:00+05:30,3028.050048828125,3044.60009765625,2991.050048828125,3002.89990234375,2336275,0.0,0.0
2024-12-31 00:00:00+05:30,2994.39990234375,3018.89990234375,2971.199951171875,3007.10009765625,1536411,0.0,0.0
2025-01-01 00:00:00+05:30,3007.10009765625,3086.949951171875,2995.199951171875,3082.0,1686613,0.0,0.0
2025-01-02 00:00:00+05:30,3100.0,3228.10009765625,3085.050048828125,3211.10009765625,4298090,0.0,0.0
2025-01-03 00:00:00+05:30,3215.0,3237.050048828125,3175.699951171875,3190.550048828125,2257218,0.0,0.0
2025-01-06 00:00:00+05:30,3209.60009765625,3235.0,3090.10009765625,3105.699951171875,2657204,0.0,0.0
2025-01-07 00:00:00+05:30,3110.0,3131.300048828125,3081.75,3108.85009765625,1978328,0.0,0.0
2025-01-08 00:00:00+05:30,3135.0,3135.0,3057.0,3086.10009765625,2715102,0.0,0.0
2025-01-09 00:00:00+05:30,3103.800048828125,3157.89990234375,3085.35009765625,3126.5,2434207,0.0,0.0
2025-01-10 00:00:00+05:30,3110.0,3149.60009765625,3055.0,3092.85009765625,2341303,0.0,0.0
2025-01-13 00:00:00+05:30,3053.64990234375,3066.85009765625,2993.449951171875,2999.64990234375,2207294,0.0,0.0
2025-01-14 00:00:00+05:30,3000.0,3078.449951171875,2999.64990234375,3049.5,2851530,0.0,0.0
2025-01-15 00:00:00+05:30,3057.10009765625,3063.949951171875,2951.0,2960.25,2440803,0.0,0.0
2025-01-16 00:00:00+05:30,2978.14990234375,2997.39990234375,2945.0,2980.60009765625,2598449,0.0,0.0
2025-01-17 00:00:00+05:30,2969.949951171875,2970.35009765625,2903.10009765625,2917.35009765625,2002830,0.0,0.0
2025-01-20 00:00:00+05:30,2910.0,2935.949951171875,2877.300048828125,2888.10009765625,2905527,0.0,0.0
2025-01-21 00:00:00+05:30,2900.10009765625,2907.0,2808.89990234375,2821.300048828125,3381309,0.0,0.0
2025-01-22 00:00:00+05:30,2848.0,2851.89990234375,2805.85009765625,2826.449951171875,3133157,0.0,0.0
2025-01-23 00:00:00+05:30,2826.449951171875,2899.39990234375,2810.0,2886.449951171875,2650506,0.0,0.0
2025-01-24 00:00:00+05:30,2875.0,2896.0,2790.0,2801.39990234375,2665366,0.0,0.0
2025-01-27 00:00:00+05:30,2772.300048828125,2846.89990234375,2754.14990234375,2831.60009765625,2022141,0.0,0.0
2025-01-28 00:00:00+05:30,2835.0,2925.0,2784.0,2870.60009765625,2432787,0.0,0.0
2025-01-29 00:00:00+05:30,2883.949951171875,2933.5,2856.300048828125,2924.35009765625,1808565,0.0,0.0
2025-01-30 00:00:00+05:30,2924.35009765625,3008.89990234375,2919.0,2971.449951171875,3055352,0.0,0.0
2025-01-31 00:00:00+05:30,2970.0,3049.85009765625,2955.10009765625,2989.85009765625,2412370,0.0,0.0
2025-02-01 00:00:00+05:30,2990.0,3098.949951171875,2990.0,3076.75,2674573,0.0,0.0
2025-02-03 00:00:00+05:30,3056.60009765625,3187.949951171875,3044.75,3173.300048828125,3664084,0.0,0.0
2025-02-04 00:00:00+05:30,3225.0,3270.550048828125,3137.85009765625,3189.050048828125,3862456,0.0,0.0
2025-02-05 00:00:00+05:30,3189.050048828125,3218.64990234375,3142.0,3178.75,2264208,0.0,0.0
2025-02-06 00:00:00+05:30,3170.0,3180.85009765625,3121.25,3139.949951171875,2341341,0.0,0.0
2025-02-07 00:00:00+05:30,3168.0,3219.949951171875,3110.0,3198.449951171875,4790111,0.0,0.0
2025-02-10 00:00:00+05:30,3209.199951171875,3270.949951171875,3128.800048828125,3137.25,3852783,0.0,0.0
2025-02-11 00:00:00+05:30,3146.85009765625,3154.0,3071.10009765625,3085.949951171875,2470280,0.0,0.0
2025-02-12 00:00:00+05:30,3068.550048828125,3075.0,2955.10009765625,2987.199951171875,4609887,0.0,0.0
2025-02-13 00:00:00+05:30,3024.949951171875,3047.0,2971.050048828125,2978.0,2481783,0.0,0.0
2025-02-14 00:00:00+05:30,2999.0,3020.0,2907.050048828125,2942.60009765625,1959802,0.0,0.0
2025-02-17 00:00:00+05:30,2940.800048828125,2955.0,2792.25,2831.949951171875,4773279,0.0,0.0
2025-02-18 00:00:00+05:30,2844.0,2845.0,2755.89990234375,2790.050048828125,2301836,0.0,0.0
2025-02-19 00:00:00+05:30,2750.0,2782.64990234375,2728.0,2757.39990234375,2671072,0.0,0.0
2025-02-20 00:00:00+05:30,2745.10009765625,2844.5,2690.050048828125,2839.449951171875,3799854,0.0,0.0
2025-02-21 00:00:00+05:30,2815.199951171875,2815.199951171875,2653.35009765625,2669.35009765625,8940621,0.0,0.0
2025-02-24 00:00:00+05:30,2669.0,2716.800048828125,2631.14990234375,2709.199951171875,6167313,0.0,0.0
2025-02-25 00:00:00+05:30,2740.0,2803.949951171875,2728.14990234375,2777.85009765625,4916248,0.0,0.0
2025-02-27 00:00:00+05:30,2837.0,2840.0,2703.5,2726.550048828125,2669767,0.0,0.0
2025-02-28 00:00:00+05:30,2695.10009765625,2699.0,2572.199951171875,2585.10009765625,7549863,0.0,0.0
2025-03-03 00:00:00+05:30,2613.800048828125,2695.949951171875,2595.0,2611.89990234375,4340806,0.0,0.0
2025-03-04 00:00:00+05:30,2561.0,2627.300048828125,2550.0,2613.35009765625,1984876,0.0,0.0
2025-03-05 00:00:00+05:30,2661.949951171875,2736.89990234375,2642.64990234375,2726.60009765625,3665710,0.0,0.0
2025-03-06 00:00:00+05:30,2748.0,2766.85009765625,2695.0,2742.39990234375,3706264,0.0,0.0
2025-03-07 00:00:00+05:30,2721.300048828125,2765.949951171875,2708.10009765625,2727.85009765625,1886774,0.0,0.0
2025-03-10 00:00:00+05:30,2695.0,2734.64990234375,2665.10009765625,2702.60009765625,2520931,0.0,0.0
2025-03-11 00:00:00+05:30,2684.75,2685.0,2613.14990234375,2645.60009765625,3616140,0.0,0.0
2025-03-12 00:00:00+05:30,2645.60009765625,2678.0,2636.10009765625,2653.300048828125,3447155,0.0,0.0
2025-03-13 00:00:00+05:30,2677.10009765625,2686.35009765625,2618.300048828125,2643.5,2446428,0.0,0.0
2025-03-17 00:00:00+05:30,2635.0,2727.050048828125,2635.0,2705.14990234375,2527623,0.0,0.0
2025-03-18 00:00:00+05:30,2705.14990234375,2705.14990234375,2705.14990234375,2705.14990234375,0,0.0,0.0
2025-03-19 00:00:00+05:30,2795.0,2831.89990234375,2779.550048828125,2789.10009765625,2438912,0.0,0.0
2025-03-20 00:00:00+05:30,2803.75,2847.0,2801.0,2828.10009765625,2354374,0.0,0.0
2025-03-21 00:00:00+05:30,2839.10009765625,2893.0,2781.25,2801.85009765625,3824316,0.0,0.0
2025-03-24 00:00:00+05:30,2815.300048828125,2822.14990234375,2709.39990234375,2774.699951171875,5395134,0.0,0.0
2025-03-25 00:00:00+05:30,2774.699951171875,2802.449951171875,2725.050048828125,2736.0,3576766,0.0,0.0
2025-03-26 00:00:00+05:30,2751.300048828125,2795.0,2737.050048828125,2742.25,3111504,0.0,0.0
2025-03-27 00:00:00+05:30,2735.0,2751.0,2695.550048828125,2733.0,4325599,0.0,0.0
2025-03-28 00:00:00+05:30,2735.800048828125,2739.699951171875,2635.0,2665.800048828125,6074446,0.0,0.0
2025-04-01 00:00:00+05:30,2652.800048828125,2728.0,2623.14990234375,2637.89990234375,3300417,0.0,0.0
2025-04-02 00:00:00+05:30,2631.10009765625,2660.0,2625.300048828125,2637.550048828125,2243574,0.0,0.0
2025-04-03 00:00:00+05:30,2607.75,2652.39990234375,2600.25,2611.449951171875,2361203,0.0,0.0
2025-04-04 00:00:00+05:30,2614.949951171875,2631.5,2557.050048828125,2596.550048828125,3598415,0.0,0.0
2025-04-07 00:00:00+05:30,2425.0,2524.64990234375,2425.0,2491.25,3937471,0.0,0.0
2025-04-08 00:00:00+05:30,2510.0,2550.0,2454.0,2523.64990234375,4253527,0.0,0.0
2025-04-09 00:00:00+05:30,2540.0,2571.949951171875,2515.949951171875,2523.10009765625,3347213,0.0,0.0
2025-04-11 00:00:00+05:30,2549.0,2604.0,2532.050048828125,2580.35009765625,3600209,0.0,0.0
2025-04-15 00:00:00+05:30,2606.0,2690.0,2606.0,2646.0,3287861,0.0,0.0
2025-04-16 00:00:00+05:30,2660.0,2665.0,2618.300048828125,2634.60009765625,3070954,0.0,0.0
2025-04-17 00:00:00+05:30,2632.0,2682.800048828125,2602.39990234375,2679.39990234375,2638979,0.0,0.0
2025-04-21 00:00:00+05:30,2699.89990234375,2774.0,2665.89990234375,2764.0,3120955,0.0,0.0
2025-04-22 00:00:00+05:30,2765.0,2822.0,2756.0,2817.10009765625,3193757,0.0,0.0
2025-04-23 00:00:00+05:30,2830.0,2923.0,2826.0,2917.800048828125,3906215,0.0,0.0
2025-04-24 00:00:00+05:30,2917.800048828125,2928.0,2865.0,2901.39990234375,2488496,0.0,0.0
2025-04-25 00:00:00+05:30,2901.39990234375,2939.60009765625,2831.10009765625,2864.199951171875,2299310,0.0,0.0
2025-04-28 00:00:00+05:30,2918.89990234375,2945.0,2882.300048828125,2930.60009765625,1864672,0.0,0.0
2025-04-29 00:00:00+05:30,2950.0,2969.5,2901.800048828125,2909.60009765625,2051228,0.0,0.0
2025-04-30 00:00:00+05:30,2908.800048828125,2948.89990234375,2887.0,2928.800048828125,2689753,0.0,0.0
2025-05-02 00:00:00+05:30,2950.0,3000.0,2910.199951171875,2917.199951171875,2868096,0.0,0.0
2025-05-05 00:00:00+05:30,2948.89990234375,3044.0,2937.699951171875,3021.5,4049197,0.0,0.0
2025-05-06 00:00:00+05:30,3150.60009765625,3159.699951171875,3056.0,3068.39990234375,5683215,0.0,0.0
2025-05-07 00:00:00+05:30,3021.89990234375,3125.0,3021.89990234375,3119.89990234375,2942902,0.0,0.0
2025-05-08 00:00:00+05:30,3127.39990234375,3137.0,3008.5,3033.10009765625,3323894,0.0,0.0
2025-05-09 00:00:00+05:30,2961.60009765625,3057.10009765625,2955.0,2982.10009765625,2308852,0.0,0.0
2025-05-12 00:00:00+05:30,3044.699951171875,3112.199951171875,3033.699951171875,3104.699951171875,2166730,0.0,0.0
2025-05-13 00:00:00+05:30,3050.0,3111.0,3035.0,3053.800048828125,2681662,0.0,0.0
2025-05-14 00:00:00+05:30,3037.5,3110.0,3018.0,3101.800048828125,2236302,0.0,0.0
2025-05-15 00:00:00+05:30,3085.0,3170.699951171875,3073.0,3144.300048828125,3590003,0.0,0.0
2025-05-16 00:00:00+05:30,3135.0,3149.5,3115.0,3135.60009765625,2269659,0.0,0.0
2025-05-19 00:00:00+05:30,3115.0,3157.0,3103.60009765625,3128.0,2011149,0.0,0.0
2025-05-20 00:00:00+05:30,3128.199951171875,3135.300048828125,3049.10009765625,3063.5,2667772,0.0,0.0
2025-05-21 00:00:00+05:30,3063.0,3132.0,3048.10009765625,3090.699951171875,1395136,0.0,0.0
2025-05-22 00:00:00+05:30,3076.60009765625,3089.800048828125,2980.5,3006.300048828125,3870830,0.0,0.0
2025-05-23 00:00:00+05:30,3020.0,3030.800048828125,2984.199951171875,3012.699951171875,1828093,0.0,0.0
2025-05-26 00:00:00+05:30,3038.0,3101.0,3027.699951171875,3080.199951171875,2164190,0.0,0.0
2025-05-27 00:00:00+05:30,3080.199951171875,3085.0,3014.60009765625,3039.800048828125,2599143,0.0,0.0
2025-05-28 00:00:00+05:30,3039.699951171875,3044.800048828125,2993.0,2997.800048828125,1491995,0.0,0.0
2025-05-29 00:00:00+05:30,2999.0,3028.89990234375,2987.199951171875,3009.0,2093429,0.0,0.0
