timestamp,Open,High,Low,Close,Volume,Dividends,Stock Splits
2020-06-01 00:00:00+05:30,1655.038055496637,1674.6825450957947,1614.4848851267536,1621.32080078125,1751860,0.0,0.0
2020-06-02 00:00:00+05:30,1649.0183996691944,1649.0183996691944,1601.3698149522031,1605.3751220703125,1322010,0.0,0.0
2020-06-03 00:00:00+05:30,1620.5237548180205,1653.2596992917097,1618.353575043221,1642.4656982421875,1461010,0.0,0.0
2020-06-04 00:00:00+05:30,1642.4044968016035,1655.581066967375,1617.9811604343925,1622.56201171875,976310,0.0,0.0
2020-06-05 00:00:00+05:30,1633.9217524772014,1647.414367537881,1599.9120605106175,1613.14990234375,1620960,0.0,0.0
2020-06-08 00:00:00+05:30,1627.6001787965167,1627.6001787965167,1584.1975073619428,1588.556640625,1470700,0.0,0.0
2020-06-09 00:00:00+05:30,1571.176753700035,1602.5965616210033,1558.8164500018645,1561.7933349609375,1746850,0.0,0.0
2020-06-10 00:00:00+05:30,1570.9881333836734,1588.1604500918884,1548.3432593889538,1560.109130859375,1234400,0.0,0.0
2020-06-11 00:00:00+05:30,1567.3349139221716,1595.7458187062593,1565.9853497032204,1572.851318359375,1651310,6.1,0.0
2020-06-12 00:00:00+05:30,1543.6591827194916,1583.1597742606223,1543.6591827194916,1562.2493896484375,1406780,0.0,0.0
2020-06-15 00:00:00+05:30,1562.599822286743,1576.8052752166225,1550.288429747514,1553.157958984375,1396540,0.0,0.0
2020-06-16 00:00:00+05:30,1571.8809511161908,1571.8809511161908,1540.818310778873,1547.6463623046875,1932370,0.0,0.0
2020-06-17 00:00:00+05:30,1547.9208658878797,1556.917652811058,1526.1533905573133,1534.013671875,1269590,0.0,0.0
2020-06-18 00:00:00+05:30,1535.940897370905,1543.6592165746326,1520.4190586151667,1532.1954345703125,1584450,0.0,0.0
2020-06-19 00:00:00+05:30,1542.7122660989264,1544.19431293941,1520.1918591716822,1524.23095703125,1688930,0.0,0.0
2020-06-22 00:00:00+05:30,1542.7121290511213,1542.7121290511213,1521.4039504730672,1528.5823974609375,1359150,0.0,0.0
2020-06-23 00:00:00+05:30,1542.6933044711338,1583.4345639616154,1535.1407614151988,1567.188232421875,2447350,0.0,0.0
2020-06-24 00:00:00+05:30,1577.7522836195374,1596.6928872644296,1564.4134004959883,1582.2933349609375,2010690,0.0,0.0
2020-06-25 00:00:00+05:30,1571.1514104394996,1595.745754953312,1568.7553964867425,1589.7794189453125,1696650,0.0,0.0
2020-06-26 00:00:00+05:30,1595.7458161228406,1603.3220573863318,1574.9111526482397,1579.4095458984375,1103410,0.0,0.0
2020-06-29 00:00:00+05:30,1585.3285634614765,1608.114165688017,1566.3879593579943,1583.893798828125,1696460,0.0,0.0
2020-06-30 00:00:00+05:30,1590.9161138755612,1638.172945692565,1586.6449982701124,1626.4722900390625,2010330,0.0,0.0
2020-07-01 00:00:00+05:30,1629.3654782453634,1629.3654782453634,1583.4345130056656,1590.90185546875,2169000,0.0,0.0
2020-07-02 00:00:00+05:30,1608.5306640634656,1608.5306640634656,1577.8563445041623,1590.0020751953125,1469700,0.0,0.0
2020-07-03 00:00:00+05:30,1592.317625275312,1609.0042925967293,1576.8052661409972,1581.123779296875,1816580,0.0,0.0
2020-07-06 00:00:00+05:30,1586.7493210646926,1594.9884387103318,1580.3047287903632,1591.2003173828125,983370,0.0,0.0
2020-07-07 00:00:00+05:30,1596.2193295847933,1605.216116076075,1584.3861923975358,1601.6552734375,1413560,0.0,0.0
2020-07-08 00:00:00+05:30,1603.890198953902,1624.1566667797617,1585.0442763176457,1591.2047119140625,2187210,0.0,0.0
2020-07-09 00:00:00+05:30,1594.7988932960063,1606.7267111929418,1579.741089650563,1587.137451171875,918940,0.0,0.0
2020-07-10 00:00:00+05:30,1587.1374610078396,1598.1087692005367,1574.7219085972872,1594.1455078125,1336110,0.0,0.0
2020-07-13 00:00:00+05:30,1599.0605226299635,1619.2323125092323,1598.1182321874974,1605.864990234375,1140290,0.0,0.0
2020-07-14 00:00:00+05:30,1605.1213949268279,1620.8562913322457,1595.9351332776932,1600.0831298828125,758530,0.0,0.0
2020-07-15 00:00:00+05:30,1604.269161763279,1623.4939211004985,1585.3285577282934,1601.3096923828125,1265190,0.0,0.0
2020-07-16 00:00:00+05:30,1602.9434431956859,1682.3613893168533,1587.2227635274285,1656.8909912109375,2965370,0.0,0.0
2020-07-17 00:00:00+05:30,1656.7346313027062,1668.6671885311669,1625.57731504753,1631.728271484375,1251380,0.0,0.0
2020-07-20 00:00:00+05:30,1640.6350972130838,1644.991412894368,1616.6373849635438,1633.3428955078125,1965740,0.0,0.0
2020-07-21 00:00:00+05:30,1643.0973627228386,1656.8245605613004,1629.6543201801578,1636.051513671875,2111860,0.0,0.0
2020-07-22 00:00:00+05:30,1643.0973789669995,1651.6206506734566,1610.0507420040028,1624.33203125,1564780,0.0,0.0
2020-07-23 00:00:00+05:30,1621.3157700278634,1638.2628946604407,1614.6865583513477,1634.2332763671875,1069410,0.0,0.0
2020-07-24 00:00:00+05:30,1621.7987140118141,1648.7795954436501,1606.1632359979499,1633.8023681640625,2072800,0.0,0.0
2020-07-27 00:00:00+05:30,1638.3622438803025,1649.2483513910472,1630.0188523390461,1643.12109375,1038280,0.0,0.0
2020-07-28 00:00:00+05:30,1648.4953381947253,1654.902011041048,1610.6804889901337,1618.9859619140625,1589670,0.0,0.0
2020-07-29 00:00:00+05:30,1609.9465000575012,1628.7971627606798,1563.6036402180737,1571.866455078125,4505050,0.0,0.0
2020-07-30 00:00:00+05:30,1585.3286329418006,1588.3543437140597,1557.9689152427109,1564.872802734375,1284840,0.0,0.0
2020-07-31 00:00:00+05:30,1565.0621466220612,1579.1019392488406,1556.1789983743947,1564.7022705078125,1479400,0.0,0.0
2020-08-03 00:00:00+05:30,1565.2516007382515,1572.0701721105145,1548.3944165064406,1564.948486328125,1158430,0.0,0.0
2020-08-04 00:00:00+05:30,1575.4132524649865,1576.6680212989,1554.4412491760688,1570.1761474609375,1100480,0.0,0.0
2020-08-05 00:00:00+05:30,1574.9112892417081,1576.2324149232948,1558.811775160464,1562.9171142578125,977650,0.0,0.0
2020-08-06 00:00:00+05:30,1572.070159094025,1581.540461257242,1557.8647058491995,1579.37646484375,1058880,0.0,0.0
2020-08-07 00:00:00+05:30,1578.5951070764968,1600.3862801656576,1567.893620095926,1589.9310302734375,884500,0.0,0.0
2020-08-10 00:00:00+05:30,1590.0589092109558,1596.6881203740895,1575.8581964935277,1578.2967529296875,641440,0.0,0.0
2020-08-11 00:00:00+05:30,1583.9079909025204,1589.6516735080302,1570.270733061788,1574.2293701171875,378730,0.0,0.0
2020-08-12 00:00:00+05:30,1570.3702658945492,1574.1583869230399,1557.864772966785,1566.468505859375,821630,0.0,0.0
2020-08-13 00:00:00+05:30,1559.001029466677,1577.9368932113491,1558.6601124758342,1560.156494140625,663030,0.0,0.0
2020-08-14 00:00:00+05:30,1561.3687918410424,1567.2404489977005,1544.137626591857,1548.839599609375,594340,0.0,0.0
2020-08-17 00:00:00+05:30,1557.8645102737996,1564.9198382579557,1544.9612251963038,1555.298095703125,625840,0.0,0.0
2020-08-18 00:00:00+05:30,1553.1295794987113,1574.399841502624,1544.7009873183813,1567.7706298828125,1044000,0.0,0.0
2020-08-19 00:00:00+05:30,1562.5999313838727,1567.642821284354,1545.1272693019287,1547.991943359375,1250050,0.0,0.0
2020-08-20 00:00:00+05:30,1543.6592083220107,1547.447329078629,1532.7920600223158,1535.320556640625,980850,0.0,0.0
2020-08-21 00:00:00+05:30,1545.7900869014736,1580.593447718523,1538.924117760695,1568.4666748046875,1441430,0.0,0.0
2020-08-24 00:00:00+05:30,1570.1761042852688,1582.2886577887746,1553.2242402315392,1560.5921630859375,740720,0.0,0.0
2020-08-25 00:00:00+05:30,1558.4328199262113,1560.5116158814758,1540.3445668546738,1542.5416259765625,1088670,0.0,0.0
2020-08-26 00:00:00+05:30,1542.7594188602939,1548.2379047118718,1531.3476600007734,1533.2464599609375,1165080,0.0,0.0
2020-08-27 00:00:00+05:30,1537.5037177064262,1538.0056715188307,1523.2982629693788,1526.0162353515625,1276450,0.0,0.0
2020-08-28 00:00:00+05:30,1530.0220034771867,1550.0991135452966,1523.7716271331078,1524.8370361328125,1484890,0.0,0.0
2020-08-31 00:00:00+05:30,1535.6095404967646,1542.4281120111907,1503.4105122038936,1510.4705810546875,2212930,0.0,0.0
2020-09-01 00:00:00+05:30,1514.774779741493,1539.3928247574472,1490.6160304923976,1533.895263671875,1769470,0.0,0.0
2020-09-02 00:00:00+05:30,1533.3363868225292,1539.8709175269826,1512.4070450741642,1514.5426025390625,1061920,0.0,0.0
2020-09-03 00:00:00+05:30,1519.98343529594,1556.879694027888,1507.790421757351,1552.53759765625,1338870,0.0,0.0
2020-09-04 00:00:00+05:30,1529.9274030350707,1555.3930608986789,1529.453887899498,1537.2763671875,989320,0.0,0.0
2020-09-07 00:00:00+05:30,1538.0715761658437,1564.0202242608082,1512.6059226745779,1553.4608154296875,1048080,0.0,0.0
2020-09-08 00:00:00+05:30,1550.2503915664183,1550.2503915664183,1524.7184964698279,1527.2281494140625,1054140,0.0,0.0
2020-09-09 00:00:00+05:30,1515.2483237547892,1548.3943808369252,1515.2483237547892,1544.843017578125,1358000,0.0,0.0
2020-09-10 00:00:00+05:30,1539.989497939947,1557.864693127043,1534.3073166884196,1555.08984375,772080,0.0,0.0
2020-09-11 00:00:00+05:30,1553.1296070272706,1553.1296070272706,1534.567837283654,1546.06005859375,812280,0.0,0.0
2020-09-14 00:00:00+05:30,1553.1296983728587,1553.1296983728587,1519.0413472086575,1523.13720703125,1029260,0.0,0.0
2020-09-15 00:00:00+05:30,1523.7716759763866,1530.9596032222669,1516.3847937666105,1519.12646484375,949840,0.0,0.0
2020-09-16 00:00:00+05:30,1521.546200866707,1536.5566074706023,1519.9835778060503,1533.980712890625,1242620,0.0,0.0
2020-09-17 00:00:00+05:30,1537.9772280698833,1543.545770933618,1523.7717733771196,1526.74072265625,1006810,0.0,0.0
2020-09-18 00:00:00+05:30,1538.9242096470534,1538.9242096470534,1508.1457254541124,1523.4923095703125,1973510,0.0,0.0
2020-09-21 00:00:00+05:30,1517.6159405958608,1519.9361184130958,1435.1769129944814,1461.338623046875,2771650,0.0,0.0
2020-09-22 00:00:00+05:30,1461.2675925246235,1461.2675925246235,1430.0155960545571,1439.4149169921875,1071200,0.0,0.0
2020-09-23 00:00:00+05:30,1439.4906257090918,1458.3270700232008,1432.8566746171791,1455.2113037109375,1314300,0.0,0.0
2020-09-24 00:00:00+05:30,1453.5020154338329,1462.0536103878533,1437.118346526614,1445.0592041015625,1112750,0.0,0.0
2020-09-25 00:00:00+05:30,1467.4233892615393,1499.1489030016241,1449.050979079261,1490.3226318359375,1782690,0.0,0.0
2020-09-28 00:00:00+05:30,1498.201662724439,1502.9889508880851,1479.2752794859848,1488.71240234375,544110,0.0,0.0
2020-09-29 00:00:00+05:30,1496.307881781098,1501.1424529910532,1474.9996999202913,1479.341796875,481790,0.0,0.0
2020-09-30 00:00:00+05:30,1480.2034327586466,1517.9710009916753,1477.8453368568867,1507.544189453125,1035000,0.0,0.0
2020-10-01 00:00:00+05:30,1507.5773353692343,1519.9834073488607,1496.080375350171,1515.295654296875,626380,0.0,0.0
2020-10-05 00:00:00+05:30,1515.0589858349413,1528.506768660755,1489.9010680320737,1518.3876953125,710810,0.0,0.0
2020-10-06 00:00:00+05:30,1518.373560632717,1527.3703475014968,1499.5323763724152,1503.585693359375,752780,0.0,0.0
2020-10-07 00:00:00+05:30,1511.1001877639942,1527.0813209577059,1501.4830691992888,1526.0821533203125,996470,0.0,0.0
2020-10-08 00:00:00+05:30,1524.718647411252,1546.50034237427,1520.177595909032,1544.0948486328125,785760,0.0,0.0
2020-10-09 00:00:00+05:30,1538.9240099169137,1548.3943115164025,1513.8277106782687,1518.4776611328125,742460,0.0,0.0
2020-10-12 00:00:00+05:30,1524.7186131168899,1529.4158458881564,1501.9898884493089,1505.986328125,581660,0.0,0.0
2020-10-13 00:00:00+05:30,1503.8838733073287,1513.283193757206,1482.29153971587,1484.2803955078125,762350,0.0,0.0
2020-10-14 00:00:00+05:30,1484.3752184479133,1498.2018368045206,1472.6320203735963,1484.2852783203125,665950,0.0,0.0
2020-10-15 00:00:00+05:30,1486.83740901986,1495.1713209936545,1473.7495025655776,1477.6275634765625,502440,0.0,0.0
2020-10-16 00:00:00+05:30,1482.1021009439448,1498.2395307808129,1456.0587732915753,1461.2911376953125,1323610,0.0,0.0
2020-10-19 00:00:00+05:30,1472.6320532440986,1532.105599771167,1460.7989147780543,1524.0699462890625,1827940,0.0,0.0
2020-10-20 00:00:00+05:30,1505.7780934166806,1554.076636035706,1501.042942179521,1539.1656494140625,2033440,0.0,0.0
2020-10-21 00:00:00+05:30,1537.9769724999223,1545.0275611415952,1509.7601673998522,1518.1697998046875,1500910,0.0,0.0
2020-10-22 00:00:00+05:30,1514.3060928538303,1522.928784688465,1493.2820677770032,1506.6729736328125,1135800,0.0,0.0
2020-10-23 00:00:00+05:30,1508.6192645412852,1521.4988534717538,1496.9944445138092,1502.5062255859375,735950,0.0,0.0
2020-10-26 00:00:00+05:30,1534.1891339568729,1550.7621647249255,1520.1872581644916,1539.809814453125,3460060,0.0,0.0
2020-10-27 00:00:00+05:30,1560.7058239240484,1638.3623030270655,1552.7082044725523,1631.7188720703125,4935670,0.0,0.0
2020-10-28 00:00:00+05:30,1624.1567806435935,1637.8887184391224,1603.7293902508827,1621.2352294921875,1632620,0.0,0.0
2020-10-29 00:00:00+05:30,1601.752668609919,1643.361807959403,1595.2426360793277,1610.396240234375,1365610,13.5,0.0
2020-10-30 00:00:00+05:30,1612.3434399951427,1657.1122208800007,1612.2480075266828,1638.173828125,2393160,0.0,0.0
2020-11-02 00:00:00+05:30,1641.934898742384,1657.1123915316691,1617.02096270429,1633.720947265625,847640,0.0,0.0
2020-11-03 00:00:00+05:30,1645.5618948403398,1648.5162226914813,1599.8385618039626,1612.4864501953125,1047430,0.0,0.0
2020-11-04 00:00:00+05:30,1622.7480504199073,1641.8392039542591,1606.0432910773493,1622.47119140625,979090,0.0,0.0
2020-11-05 00:00:00+05:30,1632.2936471026544,1660.8349452893729,1624.7335082624745,1643.8724365234375,1017470,0.0,0.0
2020-11-06 00:00:00+05:30,1645.6577490653071,1649.461648150986,1613.498750723804,1623.3831787109375,1190030,0.0,0.0
2020-11-09 00:00:00+05:30,1636.8755628902106,1658.0666968626126,1622.9389274873495,1654.4393310546875,1114320,0.0,0.0
2020-11-10 00:00:00+05:30,1654.4394775085668,1654.4394775085668,1582.9288615277906,1585.019287109375,2896660,0.0,0.0
2020-11-11 00:00:00+05:30,1591.2478574312102,1606.3346947762097,1572.6339802746961,1593.8824462890625,2483110,0.0,0.0
2020-11-12 00:00:00+05:30,1603.5616447619523,1613.2026550764147,1578.2276438853505,1595.886962890625,1478310,0.0,0.0
2020-11-13 00:00:00+05:30,1596.497900544213,1612.24810404734,1589.3387171337008,1606.10546875,742730,0.0,0.0
2020-11-14 00:00:00+05:30,1613.1070245527264,1613.1070245527264,1598.9795244737502,1607.2984619140625,104470,0.0,0.0
2020-11-17 00:00:00+05:30,1617.9754510937798,1629.033965783311,1608.7210646068324,1621.1112060546875,1195040,0.0,0.0
2020-11-18 00:00:00+05:30,1617.9755486782915,1619.827334968074,1591.4245781277123,1610.5872802734375,1446330,0.0,0.0
2020-11-19 00:00:00+05:30,1607.4752041022873,1641.8392820997235,1602.3253465475773,1616.46240234375,1802220,0.0,0.0
2020-11-20 00:00:00+05:30,1627.5209577196167,1670.4760563104571,1614.6487604913411,1666.696044921875,2540100,0.0,0.0
2020-11-23 00:00:00+05:30,1666.7532293677493,1703.7805610089556,1666.6960164959817,1697.8145751953125,2026450,0.0,0.0
2020-11-24 00:00:00+05:30,1694.3400661810351,1715.4548796969675,1680.0216994245757,1687.4290771484375,2144970,0.0,0.0
2020-11-25 00:00:00+05:30,1698.0629379383288,1698.0629379383288,1655.2032682977267,1672.4044189453125,1065080,0.0,0.0
2020-11-26 00:00:00+05:30,1679.9262047641619,1702.8355907264488,1649.4757892846565,1693.571533203125,1453760,0.0,0.0
2020-11-27 00:00:00+05:30,1703.8856165437976,1724.780900076238,1617.9515301414865,1707.6036376953125,11067460,0.0,0.0
2020-12-01 00:00:00+05:30,1724.6760190813745,1724.6855739815007,1654.396699050213,1662.6630859375,2350860,0.0,0.0
2020-12-02 00:00:00+05:30,1662.6631857210689,1665.684398713041,1637.0667719783755,1648.1826171875,1619520,0.0,0.0
2020-12-03 00:00:00+05:30,1665.7033780988108,1674.2991758369753,1652.9122801428737,1669.726806640625,1272750,0.0,0.0
2020-12-04 00:00:00+05:30,1675.2486561187395,1706.5104187899012,1672.3849832022972,1701.8521728515625,1247000,0.0,0.0
2020-12-07 00:00:00+05:30,1684.890180487737,1708.6586962712308,1665.6892570299854,1676.4471435546875,1260300,0.0,0.0
2020-12-08 00:00:00+05:30,1687.0855294869725,1692.373700621392,1659.6181046657618,1672.332763671875,1186990,0.0,0.0
2020-12-09 00:00:00+05:30,1674.6380798134408,1684.0023481639885,1668.676870757823,1677.0770263671875,895030,0.0,0.0
2020-12-10 00:00:00+05:30,1680.6898964498173,1756.768224137224,1676.4134960869337,1751.871337890625,3044610,0.0,0.0
2020-12-11 00:00:00+05:30,1746.8406462679466,1762.1135699511635,1737.295068965936,1756.4912109375,1629410,0.0,0.0
2020-12-14 00:00:00+05:30,1752.0620590015426,1783.0184176373361,1746.8406561533532,1774.6947021484375,1307130,0.0,0.0
2020-12-15 00:00:00+05:30,1762.1423344615753,1770.7046898209173,1730.6943630058254,1736.3310546875,1357550,0.0,0.0
2020-12-16 00:00:00+05:30,1756.1954042006162,1788.3591764840933,1742.0822351669185,1749.0791015625,2216070,0.0,0.0
2020-12-17 00:00:00+05:30,1750.4680855320457,1755.9233505620343,1731.2623878573163,1747.3514404296875,981040,0.0,0.0
2020-12-18 00:00:00+05:30,1755.9088695794956,1775.3818697470901,1733.2858989509027,1752.8304443359375,2497900,0.0,0.0
2020-12-21 00:00:00+05:30,1743.2848591888178,1768.3181111691592,1727.8448420272423,1736.588623046875,1422220,0.0,0.0
2020-12-22 00:00:00+05:30,1737.2952065218738,1781.6821444907018,1718.2040504062486,1771.0435791015625,1327740,0.0,0.0
2020-12-23 00:00:00+05:30,1771.1867977358916,1795.714109446697,1767.3590115876589,1788.14453125,1028450,0.0,0.0
2020-12-24 00:00:00+05:30,1776.6421133345711,1797.432411035853,1753.7709447970165,1772.2655029296875,1254370,0.0,0.0
2020-12-28 00:00:00+05:30,1798.7688157699065,1798.7688157699065,1767.8411184704325,1775.224609375,653570,0.0,0.0
2020-12-29 00:00:00+05:30,1777.386621658267,1785.0230840499244,1734.9470192040449,1743.2755126953125,1987140,0.0,0.0
2020-12-30 00:00:00+05:30,1756.3385259181348,1762.877339874629,1740.1588182925905,1754.4056396484375,936540,0.0,0.0
2020-12-31 00:00:00+05:30,1744.7454565576952,1761.1590255828414,1742.7837891370582,1755.45556640625,854420,0.0,0.0
2021-01-01 00:00:00+05:30,1755.4030510629407,1767.840966606732,1747.4181847445857,1761.225830078125,502860,0.0,0.0
2021-01-04 00:00:00+05:30,1765.4546734530627,1778.3412039162238,1749.6805823037075,1754.2816162109375,620350,0.0,0.0
2021-01-05 00:00:00+05:30,1750.9932026504082,1777.3867510171403,1744.7456959763656,1771.4923095703125,836730,0.0,0.0
2021-01-06 00:00:00+05:30,1766.891306601176,1775.4775495521963,1759.2500665724183,1767.3876953125,577060,0.0,0.0
2021-01-07 00:00:00+05:30,1775.3818749675802,1776.9091439704175,1722.9861892617091,1730.3553466796875,1206050,0.0,0.0
2021-01-08 00:00:00+05:30,1739.901246975957,1751.613690679413,1718.2041652441108,1747.4375,1516350,0.0,0.0
2021-01-11 00:00:00+05:30,1751.6134079848266,1770.308383555935,1736.1591745016242,1755.570068359375,1145550,0.0,0.0
2021-01-12 00:00:00+05:30,1757.3406617613198,1760.1995573078761,1713.4310091589186,1718.117919921875,1415660,0.0,0.0
2021-01-13 00:00:00+05:30,1722.0174926433622,1744.454378378869,1714.8630865978869,1720.04638671875,1093870,0.0,0.0
2021-01-14 00:00:00+05:30,1722.881361134016,1740.1015042565332,1722.881361134016,1730.8614501953125,584880,0.0,0.0
2021-01-15 00:00:00+05:30,1728.7090717392268,1741.9726719230484,1699.1130004607242,1702.3585205078125,964010,0.0,0.0
2021-01-18 00:00:00+05:30,1703.8809981422169,1725.267894904501,1675.8934130312546,1682.9522705078125,1206740,0.0,0.0
2021-01-19 00:00:00+05:30,1692.4308446060923,1701.0696386173217,1686.7034982622476,1694.78857421875,628490,0.0,0.0
2021-01-20 00:00:00+05:30,1695.9627353425847,1712.4766312948836,1682.2219741877677,1687.7822265625,738310,0.0,0.0
2021-01-21 00:00:00+05:30,1696.2491394553906,1708.658390334918,1685.3051673638934,1691.1231689453125,709770,0.0,0.0
2021-01-22 00:00:00+05:30,1697.5854712483351,1706.9687316803884,1675.2487973128652,1679.02880859375,982500,0.0,0.0
2021-01-25 00:00:00+05:30,1684.9853155796775,1689.5672394484645,1644.6886922664364,1662.38623046875,1164360,0.0,0.0
2021-01-27 00:00:00+05:30,1667.8942008028932,1679.8022866794272,1655.227199487112,1674.1131591796875,664020,0.0,0.0
2021-01-28 00:00:00+05:30,1667.6124784935203,1672.3852674989396,1642.1258318138487,1659.751708984375,890550,0.0,0.0
2021-01-29 00:00:00+05:30,1659.5033670937662,1667.407132949606,1619.0539838690463,1628.4754638671875,1128880,0.0,0.0
2021-02-01 00:00:00+05:30,1641.8392935571062,1649.0652442940245,1622.7481389808609,1631.11962890625,844060,0.0,0.0
2021-02-02 00:00:00+05:30,1637.0713338644641,1656.1577115915916,1627.9504832085327,1640.9134521484375,1302980,0.0,0.0
2021-02-03 00:00:00+05:30,1641.8442799928953,1650.33509071516,1627.6165672683803,1638.6322021484375,1123250,0.0,0.0
2021-02-04 00:00:00+05:30,1641.8296158585206,1644.4116523734986,1627.7546678608353,1629.811767578125,921000,0.0,0.0
2021-02-05 00:00:00+05:30,1635.2576204500906,1638.7083373623705,1623.0345738280764,1633.797119140625,980970,0.0,0.0
2021-02-08 00:00:00+05:30,1639.9300570309467,1649.9433575450983,1632.4033605730706,1643.576416015625,1216070,0.0,0.0
2021-02-09 00:00:00+05:30,1642.8893545811445,1671.430655207714,1637.0665754889947,1653.19384765625,1210120,0.0,0.0
2021-02-10 00:00:00+05:30,1655.2221284834288,1664.4431883074367,1631.0050047798416,1639.6771240234375,1165760,0.0,0.0
2021-02-11 00:00:00+05:30,1640.875275179148,1665.459915557748,1637.066598944274,1662.099853515625,653660,0.0,0.0
2021-02-12 00:00:00+05:30,1661.8945568377114,1672.2897044627143,1645.657520587096,1650.8408203125,545280,0.0,0.0
2021-02-15 00:00:00+05:30,1656.0622614509134,1671.1204332406214,1647.3805866924304,1668.5526123046875,1101190,0.0,0.0
2021-02-16 00:00:00+05:30,1675.7261740704355,1684.4126265186026,1636.0261488332992,1643.4859619140625,2297740,0.0,0.0
2021-02-17 00:00:00+05:30,1613.2025709344293,1613.2025709344293,1560.7018955489893,1598.044189453125,5993430,0.0,0.0
2021-02-18 00:00:00+05:30,1599.4568271921853,1613.2024811050487,1555.9290202374139,1562.10498046875,2510660,0.0,0.0
2021-02-19 00:00:00+05:30,1568.3382167719287,1571.6505038472726,1547.6195849557866,1563.2218017578125,1302750,0.0,0.0
2021-02-22 00:00:00+05:30,1566.5294220202397,1577.8839046968362,1529.6405204382347,1536.4847412109375,2149150,0.0,0.0
2021-02-23 00:00:00+05:30,1539.7971155607045,1551.6336552139396,1527.4928519219986,1543.51513671875,1429980,0.0,0.0
2021-02-24 00:00:00+05:30,1554.3066177419453,1563.3749174568384,1536.8381622081963,1560.3345947265625,843420,0.0,0.0
2021-02-25 00:00:00+05:30,1556.501935158022,1562.926090548691,1536.838067659068,1538.1649169921875,1857130,0.0,0.0
2021-02-26 00:00:00+05:30,1532.112946589561,1554.4399495789376,1527.6646748964372,1536.99072265625,2268730,0.0,0.0
2021-03-01 00:00:00+05:30,1549.8199987456371,1562.382011841563,1536.8380361548013,1555.20849609375,907180,0.0,0.0
2021-03-02 00:00:00+05:30,1556.1200674594595,1586.4750518845685,1554.950757467728,1582.289306640625,1230970,0.0,0.0
2021-03-03 00:00:00+05:30,1594.5888632083008,1596.0206999606578,1579.4734771800004,1594.0400390625,928730,0.0,0.0
2021-03-04 00:00:00+05:30,1589.9641658294481,1594.870607414957,1569.7704655028554,1590.46533203125,1299810,0.0,0.0
2021-03-05 00:00:00+05:30,1576.5475730676978,1607.475267795474,1570.8202265078564,1602.0247802734375,1027410,0.0,0.0
2021-03-08 00:00:00+05:30,1596.5026396827552,1613.2026231233333,1585.2340339948285,1608.6636962890625,918420,0.0,0.0
2021-03-09 00:00:00+05:30,1614.1763076333477,1617.9706514850664,1590.2932534545673,1614.2335205078125,927170,0.0,0.0
2021-03-10 00:00:00+05:30,1617.9467332111005,1622.7481866937596,1602.225194920868,1616.2047119140625,637880,0.0,0.0
2021-03-12 00:00:00+05:30,1620.5527436501307,1623.6884986751588,1589.3387499451603,1596.2545166015625,849140,0.0,0.0
2021-03-15 00:00:00+05:30,1611.2792770891003,1611.2792770891003,1587.4296638018336,1606.81201171875,689830,0.0,0.0
2021-03-16 00:00:00+05:30,1606.9979335771295,1624.6572515285266,1593.6341253976939,1598.11572265625,844700,0.0,0.0
2021-03-17 00:00:00+05:30,1602.7025274191335,1602.7025274191335,1559.7522043723627,1570.79638671875,1571730,0.0,0.0
2021-03-18 00:00:00+05:30,1571.9562502833724,1586.9475383316326,1544.4744943966514,1546.5029296875,963650,0.0,0.0
2021-03-19 00:00:00+05:30,1546.3836893991156,1584.088723801131,1533.974437570604,1570.3287353515625,1994160,0.0,0.0
2021-03-22 00:00:00+05:30,1570.343003825315,1591.7251217185517,1560.7974258839743,1583.42529296875,1087860,0.0,0.0
2021-03-23 00:00:00+05:30,1582.1794459232035,1598.8842062874003,1575.6311938432177,1592.3311767578125,1003580,0.0,0.0
2021-03-24 00:00:00+05:30,1584.565838155111,1600.774209831811,1567.3122537254274,1570.066162109375,755550,0.0,0.0
2021-03-25 00:00:00+05:30,1567.861086391879,1583.0862357204837,1538.3652289505594,1543.5294189453125,1087040,0.0,0.0
2021-03-26 00:00:00+05:30,1555.8334370200519,1586.3267279187992,1551.5379278711966,1581.8690185546875,1265780,0.0,0.0
2021-03-30 00:00:00+05:30,1585.5203386990697,1646.950880800084,1585.5203386990697,1638.498291015625,1489020,0.0,0.0
2021-03-31 00:00:00+05:30,1651.2895661859802,1651.2895661859802,1618.1234599922839,1638.517578125,1103310,0.0,0.0
2021-04-01 00:00:00+05:30,1638.5174011641152,1640.7462561052753,1619.655331698132,1630.6851806640625,831760,0.0,0.0
2021-04-05 00:00:00+05:30,1637.0667012232016,1637.0667012232016,1596.3930055038713,1611.34619140625,815570,0.0,0.0
2021-04-06 00:00:00+05:30,1614.1571981191896,1634.2029114015686,1603.6570625903244,1630.5469970703125,641930,0.0,0.0
2021-04-07 00:00:00+05:30,1632.2938892308584,1705.4082182510501,1625.1347055061617,1661.870849609375,1784650,0.0,0.0
2021-04-08 00:00:00+05:30,1663.321580478198,1695.1990537199779,1653.947875073643,1688.60302734375,1180060,0.0,0.0
2021-04-09 00:00:00+05:30,1681.0811608839642,1703.7901267164864,1670.4760384171352,1679.296142578125,739440,0.0,0.0
2021-04-12 00:00:00+05:30,1658.558349904449,1681.9306814007261,1655.3080529433353,1670.6383056640625,575320,0.0,0.0
2021-04-13 00:00:00+05:30,1678.780745005384,1680.016939296444,1626.5760352041993,1638.865966796875,1105270,0.0,0.0
2021-04-15 00:00:00+05:30,1653.7714070537795,1660.930590634099,1601.2707274647707,1610.8782958984375,1183140,0.0,0.0
2021-04-16 00:00:00+05:30,1619.7891513899835,1654.7259435063668,1609.6517522320248,1646.8126220703125,941900,0.0,0.0
2021-04-19 00:00:00+05:30,1641.939595635833,1645.6576168419524,1617.9754411526158,1631.33447265625,509380,0.0,0.0
2021-04-20 00:00:00+05:30,1662.8396780350904,1662.8396780350904,1612.252892376,1631.8785400390625,1036870,0.0,0.0
2021-04-22 00:00:00+05:30,1640.8849218999972,1640.8849218999972,1579.9125400580178,1602.74560546875,2044310,0.0,0.0
2021-04-23 00:00:00+05:30,1602.2253225879756,1603.5903915592744,1585.043281595075,1587.0191650390625,686000,0.0,0.0
2021-04-26 00:00:00+05:30,1603.5663516244467,1612.7253051938599,1590.6416025096748,1610.396240234375,1523620,0.0,0.0
2021-04-27 00:00:00+05:30,1613.1072817192392,1616.0663876536637,1598.8843469107424,1601.652587890625,446510,0.0,0.0
2021-04-28 00:00:00+05:30,1601.2707098766814,1606.625765153161,1585.615938648365,1587.7923583984375,868760,0.0,0.0
2021-04-29 00:00:00+05:30,1600.768193633861,1604.1848451565302,1581.6691315388416,1583.8333740234375,802070,9.0,0.0
2021-04-30 00:00:00+05:30,1583.588692311642,1590.2302094886702,1560.0747996076207,1565.281494140625,977830,0.0,0.0
2021-05-03 00:00:00+05:30,1570.1519415662833,1590.781775501008,1561.7685343478793,1584.236328125,640480,0.0,0.0
2021-05-04 00:00:00+05:30,1584.5720885846088,1595.105326863384,1572.0713149231187,1588.060791015625,1057960,0.0,0.0
2021-05-05 00:00:00+05:30,1589.447869873905,1594.1458681642878,1579.5048669585312,1588.3154296875,353220,0.0,0.0
2021-05-06 00:00:00+05:30,1585.9927746113897,1609.4826486652596,1585.9927746113897,1604.4727783203125,703190,0.0,0.0
2021-05-07 00:00:00+05:30,1611.282124454099,1612.198761285852,1599.4244241709464,1608.671630859375,376660,0.0,0.0
2021-05-10 00:00:00+05:30,1615.2603855715424,1617.1798869210036,1599.9043747758533,1611.1622314453125,476580,0.0,0.0
2021-05-11 00:00:00+05:30,1607.4863208849688,1626.6813330940984,1603.776894148119,1619.10888671875,600630,0.0,0.0
2021-05-12 00:00:00+05:30,1609.525989992653,1617.8901847932593,1595.1057118556841,1604.501708984375,605760,0.0,0.0
2021-05-14 00:00:00+05:30,1604.4151496315246,1656.5296579226228,1593.6659889805999,1653.0889892578125,965820,0.0,0.0
2021-05-17 00:00:00+05:30,1652.6906020130125,1660.3686071327013,1631.633729207655,1635.2183837890625,607030,0.0,0.0
2021-05-18 00:00:00+05:30,1643.112370187627,1655.4691601344864,1635.6070542973841,1648.9093017578125,554390,0.0,0.0
2021-05-19 00:00:00+05:30,1649.5233538796153,1676.20446814259,1649.5233538796153,1674.7025146484375,884370,0.0,0.0
2021-05-20 00:00:00+05:30,1675.724659023956,1679.5300376020114,1652.8825463622932,1658.962646484375,492530,0.0,0.0
2021-05-21 00:00:00+05:30,1668.5602563531675,1684.3625192065872,1658.473266879826,1679.285400390625,672600,0.0,0.0
2021-05-24 00:00:00+05:30,1669.970991391818,1688.014351089989,1660.440615563189,1666.156005859375,572060,0.0,0.0
2021-05-25 00:00:00+05:30,1679.2754862282839,1704.401807112886,1672.082160560495,1681.108642578125,719520,0.0,0.0
2021-05-26 00:00:00+05:30,1681.108753465452,1690.8262284006166,1666.8949078399824,1683.52734375,458030,0.0,0.0
2021-05-27 00:00:00+05:30,1684.3625059730996,1717.953781020996,1673.3541933822428,1703.2408447265625,1196630,0.0,0.0
2021-05-28 00:00:00+05:30,1705.4768556927431,1709.7334059376965,1679.5635888926847,1680.4656982421875,531620,0.0,0.0
2021-05-31 00:00:00+05:30,1680.4276087805358,1703.101720211156,1671.4299455144167,1698.331787109375,570230,0.0,0.0
2021-06-01 00:00:00+05:30,1689.06519293548,1709.31590822589,1677.5625954502018,1704.3731689453125,577510,0.0,0.0
2021-06-02 00:00:00+05:30,1681.1185398878963,1709.6230892125138,1680.5331060115816,1694.2958984375,742620,0.0,0.0
2021-06-03 00:00:00+05:30,1693.9599649358343,1713.6300506072625,1685.322208740694,1708.298583984375,503990,0.0,0.0
2021-06-04 00:00:00+05:30,1697.8996709495225,1699.3729210151557,1668.046645444621,1672.538330078125,2018220,0.0,0.0
2021-06-07 00:00:00+05:30,1677.1210214655466,1688.2013848404874,1665.503258650987,1682.6876220703125,494360,0.0,0.0
2021-06-08 00:00:00+05:30,1682.4476888949675,1690.404059254837,1670.2924094513176,1677.8936767578125,474470,0.0,0.0
2021-06-09 00:00:00+05:30,1675.7246391996784,1691.6181662398485,1673.8051378947532,1685.048583984375,418780,0.0,0.0
2021-06-10 00:00:00+05:30,1681.9630654228768,1696.3593256119457,1678.6039380454274,1684.9478759765625,420530,0.0,0.0
2021-06-11 00:00:00+05:30,1690.0251730869973,1690.0251730869973,1666.607230607597,1683.057373046875,489970,0.0,0.0
2021-06-14 00:00:00+05:30,1675.8590179706532,1692.0403999086634,1671.6553054275357,1687.001708984375,365230,0.0,0.0
2021-06-15 00:00:00+05:30,1693.5760892950486,1699.7185173062253,1680.6194546346114,1697.2999267578125,471960,0.0,0.0
2021-06-16 00:00:00+05:30,1693.979277337794,1734.1256087926688,1690.4138361269352,1724.21142578125,1169620,0.0,0.0
2021-06-17 00:00:00+05:30,1719.3932697867388,1745.7192813638947,1717.9536438282237,1733.218505859375,757870,0.0,0.0
2021-06-18 00:00:00+05:30,1733.2137696392208,1737.047968904486,1689.161190168748,1695.9417724609375,1476700,0.0,0.0
2021-06-21 00:00:00+05:30,1692.1749590187414,1699.7233893288494,1680.8115428916533,1693.8785400390625,401800,0.0,0.0
2021-06-22 00:00:00+05:30,1695.8795965870117,1703.3608959539356,1670.9260767730545,1673.4742431640625,705320,0.0,0.0
2021-06-23 00:00:00+05:30,1679.5587651175142,1685.322072220473,1667.0868106189985,1671.386474609375,370840,0.0,0.0
2021-06-24 00:00:00+05:30,1671.4106934438562,1695.8795335268242,1662.5185889050267,1691.0567626953125,650450,0.0,0.0
2021-06-25 00:00:00+05:30,1686.3058615019913,1693.959849287616,1673.3252108968602,1680.2066650390625,390000,0.0,0.0
2021-06-28 00:00:00+05:30,1680.240519574629,1691.0809472787116,1675.1010726712504,1680.1541748046875,404500,0.0,0.0
2021-06-29 00:00:00+05:30,1688.201539177985,1703.5575509044477,1678.5704077693142,1689.08935546875,710960,0.0,0.0
2021-06-30 00:00:00+05:30,1693.0001477332498,1703.0775295649955,1686.761768504074,1692.328369140625,515670,0.0,0.0
2021-07-01 00:00:00+05:30,1692.0404234517614,1701.1580547749559,1686.2338850620595,1693.59521484375,267000,0.0,0.0
2021-07-02 00:00:00+05:30,1696.7430549515168,1696.8390065770393,1678.2198221006095,1689.3529052734375,307230,0.0,0.0
2021-07-05 00:00:00+05:30,1689.650542737488,1699.9102204437834,1681.7997312592008,1693.129638671875,343220,0.0,0.0
2021-07-06 00:00:00+05:30,1692.5733326451075,1692.7940565786282,1671.5978810072338,1676.6942138671875,625510,0.0,0.0
2021-07-07 00:00:00+05:30,1669.9663704527957,1708.3564019574576,1666.1513845034356,1700.3856201171875,545190,0.0,0.0
2021-07-08 00:00:00+05:30,1690.696976576136,1698.7444963625667,1683.220597551954,1690.975341796875,298680,0.0,0.0
2021-07-09 00:00:00+05:30,1684.8470575983924,1696.8391371990456,1684.362378837288,1692.6162109375,269410,0.0,0.0
2021-07-12 00:00:00+05:30,1704.0660954191828,1704.0708988587032,1686.4354807093816,1693.134521484375,333010,0.0,0.0
2021-07-13 00:00:00+05:30,1701.6377850611914,1701.9257570991501,1689.2665859772808,1697.9810791015625,250040,0.0,0.0
2021-07-14 00:00:00+05:30,1697.981525112354,1697.981525112354,1681.48346447881,1683.3741455078125,508610,0.0,0.0
2021-07-15 00:00:00+05:30,1681.962937851816,1694.7084540235305,1674.7648083032345,1691.2581787109375,278390,0.0,0.0
2021-07-16 00:00:00+05:30,1694.4397749849418,1700.198278893132,1683.2059357872565,1694.363037109375,366850,0.0,0.0
2021-07-19 00:00:00+05:30,1684.3625752579953,1712.6752225344117,1684.3625752579953,1703.792724609375,514020,0.0,0.0
2021-07-20 00:00:00+05:30,1703.5526125946642,1718.6254544850613,1698.8546143839073,1713.7403564453125,445940,0.0,0.0
2021-07-22 00:00:00+05:30,1713.740386861964,1732.0092737446757,1698.758692900374,1727.0521240234375,1133170,0.0,0.0
2021-07-23 00:00:00+05:30,1720.8664405724157,1749.049507416501,1716.2499839759844,1741.36669921875,752310,0.0,0.0
2021-07-26 00:00:00+05:30,1734.4471026468395,1745.5705803124083,1728.5877262869672,1737.2783203125,534950,0.0,0.0
2021-07-27 00:00:00+05:30,1728.703045914184,1770.6442249994336,1724.9120772226793,1749.2513427734375,1391570,0.0,0.0
2021-07-28 00:00:00+05:30,1759.6069075615578,1759.6069075615578,1718.0496565518818,1729.7154541015625,876370,0.0,0.0
2021-07-29 00:00:00+05:30,1722.7524071491205,1746.7461732654035,1706.4366461900481,1719.3692626953125,1355360,0.0,0.0
2021-07-30 00:00:00+05:30,1719.3693360750028,1723.3235042134409,1694.44463888736,1699.0130615234375,833700,0.0,0.0
2021-08-02 00:00:00+05:30,1707.9530400974431,1718.0304220436758,1696.3592942825105,1700.1646728515625,319740,0.0,0.0
2021-08-03 00:00:00+05:30,1695.898641545328,1764.0217251116362,1694.343850151806,1754.8177490234375,631280,0.0,0.0
2021-08-04 00:00:00+05:30,1755.7775646559257,1761.137734836658,1729.192399914678,1733.055419921875,408220,0.0,0.0
2021-08-05 00:00:00+05:30,1741.947402519393,1754.8176913386785,1727.7430462586149,1747.5859375,379640,0.0,0.0
2021-08-06 00:00:00+05:30,1746.7461427306837,1747.5139900958065,1725.6316289174556,1729.532958984375,383740,0.0,0.0
2021-08-09 00:00:00+05:30,1734.2695576864937,1750.105444627184,1729.533131629748,1746.967041015625,306360,0.0,0.0
2021-08-10 00:00:00+05:30,1747.7060700877726,1763.1292126882004,1735.7187929060294,1753.78125,614670,0.0,0.0
2021-08-11 00:00:00+05:30,1757.7833858046147,1757.7833858046147,1729.984239919087,1743.6558837890625,349850,0.0,0.0
2021-08-12 00:00:00+05:30,1744.9033163532729,1751.3481259398557,1735.2290725501084,1740.3973388671875,244940,0.0,0.0
2021-08-13 00:00:00+05:30,1746.7174201950766,1755.3888004089056,1740.1911858532358,1753.4212646484375,411230,0.0,0.0
2021-08-16 00:00:00+05:30,1753.421070725179,1775.4426132909794,1744.552984778914,1755.8876953125,449710,0.0,0.0
2021-08-17 00:00:00+05:30,1761.142281504825,1804.086315720959,1756.4779078317292,1797.8575439453125,752010,0.0,0.0
2021-08-18 00:00:00+05:30,1799.6284861094814,1820.5510979064402,1799.5373379120974,1814.9844970703125,399880,0.0,0.0
2021-08-20 00:00:00+05:30,1780.8415207963737,1885.0560177324176,1780.8415207963737,1878.3521728515625,1431070,0.0,0.0
2021-08-23 00:00:00+05:30,1890.708829769254,1928.6189814321401,1877.0467929693377,1921.5216064453125,1487420,0.0,0.0
2021-08-24 00:00:00+05:30,1929.0987445855574,1938.6002991470173,1887.3495926504968,1898.372314453125,830840,0.0,0.0
2021-08-25 00:00:00+05:30,1898.9626000001701,1950.6931831217482,1898.9626000001701,1910.84912109375,1001590,0.0,0.0
2021-08-26 00:00:00+05:30,1917.0971193686064,1930.9894865918363,1900.8389995978034,1924.5592041015625,632040,0.0,0.0
2021-08-27 00:00:00+05:30,1929.098816133844,1929.098816133844,1909.5198793446552,1915.407958984375,351040,0.0,0.0
2021-08-30 00:00:00+05:30,1924.3001450393626,1931.2583375837694,1889.1973102040276,1894.7637939453125,1339580,0.0,0.0
2021-08-31 00:00:00+05:30,1895.0278898313209,1904.1407186795775,1857.1177345270225,1868.4188232421875,2273700,0.0,0.0
2021-09-01 00:00:00+05:30,1895.2007351874197,1908.9443149049916,1876.5142983294377,1902.883544921875,1048430,0.0,0.0
2021-09-02 00:00:00+05:30,1907.4086447050333,1947.334252070128,1896.5634144768062,1942.5931396484375,785770,0.0,0.0
2021-09-03 00:00:00+05:30,1943.4951172839653,1952.4208454261695,1929.1996122317018,1945.0931396484375,469780,0.0,0.0
2021-09-06 00:00:00+05:30,1944.4693180581912,1952.9007607163094,1934.8574007905547,1940.9229736328125,340690,0.0,0.0
2021-09-07 00:00:00+05:30,1935.447665236627,1957.1908456507565,1935.447665236627,1954.8634033203125,341530,0.0,0.0
2021-09-08 00:00:00+05:30,1948.2938926694806,1970.3681584484943,1898.8667323382106,1904.10693359375,1723730,0.0,0.0
2021-09-09 00:00:00+05:30,1910.8639316269712,1969.8886085707477,1904.1841032387235,1963.3814697265625,1103610,0.0,0.0
2021-09-13 00:00:00+05:30,1948.2938255987965,1967.4888386588832,1941.5755710277663,1962.906005859375,375030,0.0,0.0
2021-09-14 00:00:00+05:30,1962.690180920105,1977.9646507963535,1936.7769120277612,1941.618896484375,591850,0.0,0.0
2021-09-15 00:00:00+05:30,1954.9977451999496,1955.0121555191474,1927.937626044659,1930.941650390625,376060,0.0,0.0
2021-09-16 00:00:00+05:30,1929.6796377918013,1942.6987176361042,1916.622247584312,1922.1744384765625,512650,0.0,0.0
2021-09-17 00:00:00+05:30,1934.3775033756488,1948.197936655045,1929.1036780539687,1936.3641357421875,951290,0.0,0.0
2021-09-20 00:00:00+05:30,1931.4982081626,1956.5476770208986,1929.1947831413288,1950.462890625,915130,0.0,0.0
2021-09-21 00:00:00+05:30,1938.6963409952755,1951.1730996254432,1919.7076413068464,1937.693359375,1084110,0.0,0.0
2021-09-22 00:00:00+05:30,1936.1865782825705,1936.1865782825705,1901.275648319226,1912.3223876953125,1075230,0.0,0.0
2021-09-23 00:00:00+05:30,1919.501401325822,1931.1143613724294,1902.2258887138894,1904.0494384765625,537240,0.0,0.0
2021-09-24 00:00:00+05:30,1912.4949976144808,1917.5817227207572,1900.3062117052548,1906.47265625,418940,0.0,0.0
2021-09-27 00:00:00+05:30,1909.9040239539265,1909.9040239539265,1881.2170595051364,1885.16162109375,459740,0.0,0.0
2021-09-28 00:00:00+05:30,1889.7491180939376,1892.4987944620218,1867.5837039148437,1875.8087158203125,576860,0.0,0.0
2021-09-29 00:00:00+05:30,1875.8088478371074,1890.709001854201,1863.9943768741039,1872.161865234375,462950,0.0,0.0
2021-09-30 00:00:00+05:30,1869.4312980503669,1880.1469528756315,1853.8689721362982,1866.2882080078125,443730,0.0,0.0
2021-10-01 00:00:00+05:30,1866.2351607545252,1885.4253705394624,1847.716729569621,1876.3077392578125,398690,0.0,0.0
2021-10-04 00:00:00+05:30,1876.307934820093,1885.9102458727662,1858.2741805257833,1870.83740234375,327960,0.0,0.0
2021-10-05 00:00:00+05:30,1871.5136792596813,1879.8682660974773,1856.6231345681608,1861.4891357421875,273280,0.0,0.0
2021-10-06 00:00:00+05:30,1866.2256142500762,1883.4387991514282,1831.012417585883,1838.6087646484375,726080,0.0,0.0
2021-10-07 00:00:00+05:30,1842.7980163429118,1852.7219225810707,1819.241011229707,1827.907470703125,476950,0.0,0.0
2021-10-08 00:00:00+05:30,1828.8047796665746,1840.7968588018268,1817.5325134857962,1822.2257080078125,872460,0.0,0.0
2021-10-11 00:00:00+05:30,1825.5417091097656,1842.2894284407753,1823.7806041368467,1831.6505126953125,388020,0.0,0.0
2021-10-12 00:00:00+05:30,1830.1388874907339,1866.7149698330893,1820.6517431686575,1863.4229736328125,722490,0.0,0.0
2021-10-13 00:00:00+05:30,1871.5137208232063,1881.5959058362823,1845.221333677076,1854.300537109375,539250,0.0,0.0
2021-10-14 00:00:00+05:30,1861.340712321978,1864.6758228979327,1845.1209004806155,1854.7568359375,421900,0.0,0.0
2021-10-18 00:00:00+05:30,1881.1113680262558,1881.1113680262558,1844.640841503298,1865.6065673828125,563030,0.0,0.0
2021-10-19 00:00:00+05:30,1869.1143546892176,1893.784702493311,1850.7879444999592,1858.88818359375,593020,0.0,0.0
2021-10-20 00:00:00+05:30,1852.3189790993065,1938.6965480728493,1828.3684409010232,1850.1739501953125,2177690,0.0,0.0
2021-10-21 00:00:00+05:30,1867.6748325505102,1888.7893476153156,1828.9681296105268,1845.90283203125,759620,0.0,0.0
2021-10-22 00:00:00+05:30,1865.5633617762473,1865.5633617762473,1809.1299766497589,1824.1693115234375,455150,0.0,0.0
2021-10-25 00:00:00+05:30,1823.5262048079494,1823.6173530004955,1785.553727204798,1794.373779296875,541460,0.0,0.0
2021-10-26 00:00:00+05:30,1803.4150612443843,1861.3505726778114,1799.4616504231394,1855.3262939453125,1066580,11.0,0.0
2021-10-27 00:00:00+05:30,1853.3665668491778,1874.8667309671641,1825.7794271523912,1834.7626953125,528820,0.0,0.0
2021-10-28 00:00:00+05:30,1835.2837240334482,1845.758623349088,1820.174710310221,1833.488037109375,314500,0.0,0.0
2021-10-29 00:00:00+05:30,1834.318512208509,1853.6271281264933,1810.9695118414757,1834.3330078125,492750,0.0,0.0
2021-11-01 00:00:00+05:30,1843.8665462941442,1843.8665462941442,1808.8261948530921,1828.4871826171875,425710,0.0,0.0
2021-11-02 00:00:00+05:30,1824.7607511369592,1837.605859923314,1799.5195437433956,1812.4949951171875,349490,0.0,0.0
2021-11-03 00:00:00+05:30,1820.8023661789562,1823.5007875093904,1791.935963632862,1808.9420166015625,444790,0.0,0.0
2021-11-04 00:00:00+05:30,1824.6642558385076,1829.3948904422516,1816.1587537179478,1823.62646484375,69050,0.0,0.0
2021-11-08 00:00:00+05:30,1829.3948966523396,1843.5818507931544,1803.4247838501478,1839.0733642578125,433120,0.0,0.0
2021-11-09 00:00:00+05:30,1835.9548444678082,1838.662929673397,1815.1112268218517,1828.5982666015625,436480,0.0,0.0
2021-11-10 00:00:00+05:30,1829.2886469089979,1838.431248219251,1815.0098877923635,1829.7713623046875,380590,0.0,0.0
2021-11-11 00:00:00+05:30,1829.4913787761982,1829.4913787761982,1802.464148055472,1820.2232666015625,419560,0.0,0.0
2021-11-12 00:00:00+05:30,1829.4913342127138,1859.3424964562103,1820.8844810681167,1848.071044921875,665120,0.0,0.0
2021-11-15 00:00:00+05:30,1853.6272047706486,1882.4936103316968,1841.0621083004235,1880.3310546875,508330,0.0,0.0
2021-11-16 00:00:00+05:30,1877.7775143226932,1892.147962071353,1865.3089370800926,1878.93115234375,461200,0.0,0.0
2021-11-17 00:00:00+05:30,1873.3221051290461,1888.8655187436086,1869.3638620868953,1880.37451171875,542760,0.0,0.0
2021-11-18 00:00:00+05:30,1872.9357627917643,1881.5087930591794,1861.3554249930567,1873.466796875,416070,0.0,0.0
2021-11-22 00:00:00+05:30,1874.2390612671181,1888.9473853729314,1818.1475553195808,1833.86962890625,441380,0.0,0.0
2021-11-23 00:00:00+05:30,1833.9324477797527,1858.1068743540773,1825.1180592673434,1851.8460693359375,369600,0.0,0.0
2021-11-24 00:00:00+05:30,1853.6269636431034,1862.3158400351804,1829.4911958873338,1842.7078857421875,343550,0.0,0.0
2021-11-25 00:00:00+05:30,1842.5246712438989,1854.5925561747601,1825.2144452448783,1851.508056640625,297450,0.0,0.0
2021-11-26 00:00:00+05:30,1848.6890392036094,1876.2279774209737,1832.6290877893362,1855.7752685546875,564410,0.0,0.0
2021-11-29 00:00:00+05:30,1839.145676797518,1849.9874458419392,1815.0099067608053,1834.357177734375,481070,0.0,0.0
2021-11-30 00:00:00+05:30,1834.357267285121,1875.3397596679913,1828.0867986374851,1849.0462646484375,1697800,0.0,0.0
2021-12-01 00:00:00+05:30,1854.5924490446537,1877.7531230380566,1849.9486706232944,1872.7232666015625,548120,0.0,0.0
2021-12-02 00:00:00+05:30,1872.7233653968246,1897.0715016272434,1856.2096905962362,1882.89892578125,486000,0.0,0.0
2021-12-03 00:00:00+05:30,1873.1481216863583,1882.474216228386,1847.5448779706242,1865.3426513671875,754480,0.0,0.0
2021-12-06 00:00:00+05:30,1872.9357465251219,1874.4418751369303,1827.478475152141,1835.9114990234375,349270,0.0,0.0
2021-12-07 00:00:00+05:30,1856.1372985407968,1877.1499147923596,1832.0015276821823,1867.5535888671875,704290,0.0,0.0
2021-12-08 00:00:00+05:30,1856.0454688711584,1884.9987279496152,1856.0454688711584,1880.572265625,335780,0.0,0.0
2021-12-09 00:00:00+05:30,1882.590002941499,1887.3206372882087,1850.001882561179,1861.80908203125,405220,0.0,0.0
2021-12-10 00:00:00+05:30,1855.6546297094324,1864.246987920897,1837.2584106954118,1860.409423828125,394490,0.0,0.0
2021-12-13 00:00:00+05:30,1855.577439618726,1868.0603946370652,1826.9813822714805,1832.580810546875,544900,0.0,0.0
2021-12-14 00:00:00+05:30,1829.7906200009836,1865.4970623164827,1825.9577703390346,1857.3729248046875,690670,0.0,0.0
2021-12-15 00:00:00+05:30,1848.9013708317975,1863.5808218674458,1839.1457112562439,1853.926513671875,649090,0.0,0.0
2021-12-16 00:00:00+05:30,1854.1098426498831,1864.7634044757287,1846.4250512302908,1859.14453125,404170,0.0,0.0
2021-12-17 00:00:00+05:30,1845.4257192239334,1856.8178492680058,1834.3184336786148,1842.008056640625,542780,0.0,0.0
2021-12-20 00:00:00+05:30,1834.3187401729558,1840.9029271650613,1795.7015035377358,1822.854248046875,713100,0.0,0.0
2021-12-21 00:00:00+05:30,1833.0635402845944,1861.9251149135966,1824.669170749073,1855.6064453125,346780,0.0,0.0
2021-12-22 00:00:00+05:30,1856.523467426248,1867.138374581368,1835.506019612367,1852.7197265625,366120,0.0,0.0
2021-12-23 00:00:00+05:30,1862.7986825642472,1863.2765660844195,1849.2826516982718,1854.4525146484375,475690,0.0,0.0
2021-12-24 00:00:00+05:30,1854.4526624795383,1876.223175357171,1850.8371286486883,1855.963623046875,342200,0.0,0.0
2021-12-27 00:00:00+05:30,1852.2755040272507,1872.9357466584158,1843.919672192976,1863.50830078125,265880,0.0,0.0
2021-12-28 00:00:00+05:30,1868.1085931949915,1879.5537564434828,1857.0061390235485,1868.59130859375,210490,0.0,0.0
2021-12-29 00:00:00+05:30,1868.591240113935,1877.8593518603523,1858.603887163744,1872.90185546875,292690,0.0,0.0
2021-12-30 00:00:00+05:30,1871.9704209614308,1890.7963225647047,1865.5212910195492,1873.5682373046875,398680,0.0,0.0
2021-12-31 00:00:00+05:30,1870.522228986114,1912.9963535439642,1868.1279793890826,1902.448974609375,398870,0.0,0.0
2022-01-03 00:00:00+05:30,1901.4159145088793,1912.9045643204774,1895.9178380903481,1899.7698974609375,258690,0.0,0.0
2022-01-04 00:00:00+05:30,1899.7747485937343,1925.822052354402,1894.9524265297457,1920.150146484375,350340,0.0,0.0
2022-01-05 00:00:00+05:30,1918.6972268291422,1933.2752085771638,1914.3624518943752,1924.65869140625,324320,0.0,0.0
2022-01-06 00:00:00+05:30,1906.7354583216324,1924.658624222529,1885.9690327712988,1896.8349609375,307090,0.0,0.0
2022-01-07 00:00:00+05:30,1897.1199109470053,1926.999948173547,1890.9941627277817,1921.4825439453125,489830,0.0,0.0
2022-01-10 00:00:00+05:30,1921.496920640078,1927.8590764558858,1899.8760795551834,1902.6710205078125,206170,0.0,0.0
2022-01-11 00:00:00+05:30,1887.4171413668882,1913.9664873451948,1887.4171413668882,1907.87939453125,317880,0.0,0.0
2022-01-12 00:00:00+05:30,1916.3801503785667,1916.3801503785667,1898.0369650600817,1902.5841064453125,237110,0.0,0.0
2022-01-13 00:00:00+05:30,1906.7256862461484,1906.7256862461484,1892.2442253379497,1903.2886962890625,353830,0.0,0.0
2022-01-14 00:00:00+05:30,1903.2887866452024,1903.766788014279,1860.3850996592564,1872.9501953125,371900,0.0,0.0
2022-01-17 00:00:00+05:30,1872.9358241826794,1884.0382788105665,1845.0445131536997,1866.4866943359375,364030,0.0,0.0
2022-01-18 00:00:00+05:30,1861.5435727338372,1877.762856889821,1852.4686177315311,1870.9661865234375,362080,0.0,0.0
2022-01-19 00:00:00+05:30,1870.0395304898607,1877.2754298961431,1793.0077663255834,1828.236328125,823830,0.0,0.0
2022-01-20 00:00:00+05:30,1815.0099834006376,1842.0420469832002,1796.1889138452962,1808.6478271484375,790560,0.0,0.0
2022-01-21 00:00:00+05:30,1801.4938105494275,1840.328239567417,1796.6714885840804,1831.83251953125,552410,0.0,0.0
2022-01-24 00:00:00+05:30,1831.8325368355042,1838.1801970459478,1795.701242912533,1807.0692138671875,534370,0.0,0.0
2022-01-25 00:00:00+05:30,1793.1090377929245,1823.1243660173598,1767.9886275385782,1814.1168212890625,578800,0.0,0.0
2022-01-27 00:00:00+05:30,1790.874281879307,1814.0446229925703,1758.797864470723,1774.9881591796875,542590,0.0,0.0
2022-01-28 00:00:00+05:30,1776.392725341124,1800.4319765530574,1769.4657120029456,1774.8865966796875,374230,0.0,0.0
2022-01-31 00:00:00+05:30,1779.0957340294005,1799.5531539128904,1779.0957340294005,1788.1273193359375,297610,0.0,0.0
2022-02-01 00:00:00+05:30,1795.7012320394995,1812.90515650517,1778.4199976879568,1802.6234130859375,267910,0.0,0.0
2022-02-02 00:00:00+05:30,1816.940707317865,1819.8369996249605,1780.317034526434,1786.109619140625,604160,0.0,0.0
2022-02-03 00:00:00+05:30,1778.3235628052366,1793.736632782241,1762.9828529992449,1767.3756103515625,343540,0.0,0.0
2022-02-04 00:00:00+05:30,1776.392626951018,1776.392626951018,1757.3543603419303,1769.7939453125,449240,0.0,0.0
2022-02-07 00:00:00+05:30,1769.793967427834,1778.323510723971,1729.1830600660169,1744.7989501953125,484690,0.0,0.0
2022-02-08 00:00:00+05:30,1757.56684443328,1758.4599151005661,1736.8100813707613,1746.189208984375,393850,0.0,0.0
2022-02-09 00:00:00+05:30,1746.4643281375568,1760.6706094504032,1739.8463188181806,1750.8135986328125,482430,0.0,0.0
2022-02-10 00:00:00+05:30,1747.5261476399912,1758.329378833182,1738.740751532705,1751.27685546875,504220,0.0,0.0
2022-02-11 00:00:00+05:30,1750.8085362882216,1750.8085362882216,1701.0888563219446,1719.93408203125,959800,0.0,0.0
2022-02-14 00:00:00+05:30,1710.3572285783566,1718.4910304314205,1682.7266030392198,1705.9404296875,429170,0.0,0.0
2022-02-15 00:00:00+05:30,1705.940274531703,1768.9828310552368,1696.4018141198314,1755.8385009765625,501700,0.0,0.0
2022-02-16 00:00:00+05:30,1753.8982586735558,1776.141824192134,1741.00977980372,1759.3819580078125,404100,0.0,0.0
2022-02-17 00:00:00+05:30,1776.3927703610639,1776.3927703610639,1733.9283084138067,1749.93994140625,1138400,0.0,0.0
2022-02-18 00:00:00+05:30,1736.6170894548088,1760.2121632591586,1719.5385561475894,1738.6734619140625,963280,0.0,0.0
2022-02-21 00:00:00+05:30,1735.5549319169854,1753.2223630015053,1720.880430644374,1748.0186767578125,370360,0.0,0.0
2022-02-22 00:00:00+05:30,1736.327294702515,1756.4420077188297,1712.64041701408,1748.49169921875,630870,0.0,0.0
2022-02-23 00:00:00+05:30,1748.491747816568,1758.006049763885,1721.8458805522068,1730.694091796875,592480,0.0,0.0
2022-02-24 00:00:00+05:30,1711.7087036569121,1734.7535307287328,1695.296381061217,1713.1326904296875,1121050,0.0,0.0
2022-02-25 00:00:00+05:30,1718.4667614374378,1727.6335218356949,1699.158146140388,1710.270263671875,809890,0.0,0.0
2022-02-28 00:00:00+05:30,1708.8124747750726,1715.5029619118586,1673.0915360368365,1702.9378662109375,1578730,0.0,0.0
2022-03-02 00:00:00+05:30,1699.158183689809,1727.097694073862,1685.3573081751026,1722.7725830078125,866310,0.0,0.0
2022-03-03 00:00:00+05:30,1726.190495212784,1726.190495212784,1678.8408930339856,1683.3736572265625,669640,0.0,0.0
2022-03-04 00:00:00+05:30,1670.1952060880706,1693.756571947076,1643.2596644544824,1679.062744140625,517050,0.0,0.0
2022-03-07 00:00:00+05:30,1650.8867930252452,1680.5979517154237,1645.0942077865602,1674.2550048828125,665420,0.0,0.0
2022-03-08 00:00:00+05:30,1670.1953953781247,1692.4003052588744,1637.8534614213806,1666.6522216796875,977240,0.0,0.0
2022-03-09 00:00:00+05:30,1677.9188272604324,1677.9188272604324,1647.570451742315,1655.2891845703125,711220,0.0,0.0
2022-03-10 00:00:00+05:30,1670.1952166332842,1707.3884602731962,1662.5682900508257,1703.8984375,664890,0.0,0.0
2022-03-11 00:00:00+05:30,1699.158281287305,1700.9009358106616,1663.437340146606,1672.845458984375,732790,0.0,0.0
2022-03-14 00:00:00+05:30,1687.3266360556772,1687.3266360556772,1656.4860048929547,1676.6827392578125,386650,0.0,0.0
2022-03-15 00:00:00+05:30,1681.7802840677957,1695.2963139053097,1664.890078638434,1685.7965087890625,622110,0.0,0.0
2022-03-16 00:00:00+05:30,1700.1236912390987,1726.7213577396603,1686.7041791350955,1720.7259521484375,483900,0.0,0.0
2022-03-17 00:00:00+05:30,1717.1103527311247,1773.9645862643188,1717.1103527311247,1765.2130126953125,1008900,0.0,0.0
2022-03-21 00:00:00+05:30,1771.5656154425844,1773.496477148789,1719.7702266035608,1725.84765625,403350,0.0,0.0
2022-03-22 00:00:00+05:30,1711.419192794822,1725.2200689970693,1665.7205619661374,1682.673583984375,1402240,0.0,0.0
2022-03-23 00:00:00+05:30,1692.8829015842705,1694.3310477789535,1666.4300741913091,1674.4625244140625,592790,0.0,0.0
2022-03-24 00:00:00+05:30,1672.898360408593,1689.503721271779,1666.333384522909,1680.6314697265625,431810,0.0,0.0
2022-03-25 00:00:00+05:30,1687.38006683651,1687.38006683651,1648.4731569009539,1656.795166015625,532170,0.0,0.0
2022-03-28 00:00:00+05:30,1665.3681614491657,1674.921118251636,1620.9583438105212,1627.72119140625,801110,0.0,0.0
2022-03-29 00:00:00+05:30,1631.5779019824822,1641.2273772272313,1623.8544562926243,1633.692138671875,837590,0.0,0.0
2022-03-30 00:00:00+05:30,1651.6590125897183,1674.7858643167901,1643.4141960811448,1670.002197265625,749700,0.0,0.0
2022-03-31 00:00:00+05:30,1665.3680514044418,1683.1126733850178,1660.8209102631808,1677.9718017578125,622810,0.0,0.0
2022-04-01 00:00:00+05:30,1677.971868232412,1699.9015956901042,1665.3681173797306,1695.026123046875,311590,0.0,0.0
2022-04-04 00:00:00+05:30,1700.1236884487728,1724.8870127620248,1685.8400969194902,1720.4122314453125,397840,0.0,0.0
2022-04-05 00:00:00+05:30,1720.9769909182771,1743.568096132609,1710.5889456572477,1740.0152587890625,397820,0.0,0.0
2022-04-06 00:00:00+05:30,1735.3619559648282,1762.8767352388186,1724.5491775657542,1758.7012939453125,470580,0.0,0.0
2022-04-07 00:00:00+05:30,1752.256646454277,1761.9109530463115,1736.32704057742,1755.9638671875,374870,0.0,0.0
2022-04-08 00:00:00+05:30,1752.4499995173435,1785.6608437160232,1744.4996907560114,1781.490234375,342810,0.0,0.0
2022-04-11 00:00:00+05:30,1778.1305484775194,1788.002055136649,1758.3392164776194,1778.9366455078125,376690,0.0,0.0
2022-04-12 00:00:00+05:30,1764.3535746016653,1785.9502543913904,1759.2560722818118,1778.1109619140625,549000,0.0,0.0
2022-04-13 00:00:00+05:30,1783.6333799658964,1790.7775913637229,1761.91118724642,1774.6934814453125,273300,0.0,0.0
2022-04-18 00:00:00+05:30,1766.7383364042453,1804.0039411320834,1766.7383364042453,1791.984375,537730,0.0,0.0
2022-04-19 00:00:00+05:30,1789.9570206464032,1807.7691717539499,1721.58031357327,1732.8131103515625,659420,0.0,0.0
2022-04-20 00:00:00+05:30,1756.9779439815663,1778.2222543108237,1736.8052477416993,1767.240478515625,881770,0.0,0.0
2022-04-21 00:00:00+05:30,1751.3096109686153,1801.4593567901436,1722.2035841337283,1766.0518798828125,1853410,9.0,0.0
2022-04-22 00:00:00+05:30,1750.25211807627,1770.5632121353874,1730.0718921792723,1764.5771484375,1087070,0.0,0.0
2022-04-25 00:00:00+05:30,1736.6596443453748,1780.3186856836662,1731.8183512360358,1763.31103515625,845070,0.0,0.0
2022-04-26 00:00:00+05:30,1775.4677253661662,1799.1600750256885,1765.7657159379357,1786.69775390625,705930,0.0,0.0
2022-04-27 00:00:00+05:30,1761.1086710715356,1791.5438693408416,1760.9146782596954,1767.9971923828125,674300,0.0,0.0
2022-04-28 00:00:00+05:30,1769.5009335953036,1798.2479917439468,1763.3450371492665,1787.857177734375,789580,0.0,0.0
2022-04-29 00:00:00+05:30,1786.1398212275265,1810.938212583966,1772.1494818931574,1778.4073486328125,633980,0.0,0.0
2022-05-02 00:00:00+05:30,1772.4600568881497,1792.9312722954537,1766.7358478625656,1789.1038818359375,415970,0.0,0.0
2022-05-04 00:00:00+05:30,1773.6339182044042,1792.1647313434069,1743.5139892205013,1754.8751220703125,608570,0.0,0.0
2022-05-05 00:00:00+05:30,1776.4523621422911,1783.0739357142102,1698.4336211972468,1707.9173583984375,633130,0.0,0.0
2022-05-06 00:00:00+05:30,1697.8320420508328,1707.5243389393684,1646.9159210663067,1648.9000244140625,899970,0.0,0.0
2022-05-09 00:00:00+05:30,1648.7059796248202,1654.7067288921253,1595.9804414289438,1601.2535400390625,1151470,0.0,0.0
2022-05-10 00:00:00+05:30,1614.4142194626204,1618.2950228747902,1591.2263953883619,1602.830078125,671770,0.0,0.0
2022-05-11 00:00:00+05:30,1602.8300548383845,1614.3269110933618,1575.1113505473475,1602.034423828125,617870,0.0,0.0
2022-05-12 00:00:00+05:30,1599.3277845979471,1599.3277845979471,1564.6189387097459,1573.666015625,717760,0.0,0.0
2022-05-13 00:00:00+05:30,1599.8612051962534,1606.8757384080666,1581.902777948329,1591.4156494140625,554390,0.0,0.0
2022-05-16 00:00:00+05:30,1601.0255033633637,1602.7719123843317,1565.3657639773342,1573.5543212890625,524830,0.0,0.0
2022-05-17 00:00:00+05:30,1590.159325265259,1590.159325265259,1568.2958141328602,1583.69775390625,863050,0.0,0.0
2022-05-18 00:00:00+05:30,1583.697646007586,1592.9096984787675,1572.8895941650553,1585.657470703125,960090,0.0,0.0
2022-05-19 00:00:00+05:30,1568.8146777140578,1576.086327899116,1552.3212642810713,1561.4654541015625,705020,0.0,0.0
2022-05-20 00:00:00+05:30,1583.4649122269,1645.4607752645086,1576.5813650608368,1635.9527587890625,1524770,0.0,0.0
2022-05-23 00:00:00+05:30,1655.1577637632463,1685.2388452987636,1640.7357378692018,1648.7884521484375,1031730,0.0,0.0
2022-05-24 00:00:00+05:30,1663.7976145608222,1676.3422463841596,1635.0894019269147,1667.4940185546875,924100,0.0,0.0
2022-05-25 00:00:00+05:30,1676.5071463441095,1706.1952700407412,1669.0802300699866,1676.8709716796875,815010,0.0,0.0
2022-05-26 00:00:00+05:30,1691.545225693676,1720.1661515083956,1680.5286137064327,1712.6470947265625,1055810,0.0,0.0
2022-05-27 00:00:00+05:30,1722.1064899068251,1729.5721332554892,1696.6095834239575,1711.5361328125,425270,0.0,0.0
2022-05-30 00:00:00+05:30,1717.2555450032305,1745.0905511985416,1710.9346721044697,1717.9249267578125,520580,0.0,0.0
2022-05-31 00:00:00+05:30,1717.7455114445004,1761.651956946469,1693.6796265384462,1716.430908203125,3595370,0.0,0.0
2022-06-01 00:00:00+05:30,1705.6132783566,1731.6582945615737,1666.814951652902,1672.77685546875,582470,0.0,0.0
2022-06-02 00:00:00+05:30,1672.6264006859149,1695.5571091049715,1651.28683600148,1687.548095703125,688990,0.0,0.0
2022-06-03 00:00:00+05:30,1703.9638298054144,1704.3858055974742,1661.52725336442,1665.931884765625,526860,0.0,0.0
2022-06-06 00:00:00+05:30,1665.9318796146952,1672.315877095711,1644.7912833258529,1649.0406494140625,360010,0.0,0.0
2022-06-07 00:00:00+05:30,1634.7934509519189,1649.2979077321716,1611.5037724887857,1624.7857666015625,507620,0.0,0.0
2022-06-08 00:00:00+05:30,1613.4925971515725,1626.0566509898908,1595.6457332769435,1622.5396728515625,816360,0.0,0.0
2022-06-09 00:00:00+05:30,1618.3143278851264,1632.357960522757,1599.3808454061034,1626.84716796875,287480,0.0,0.0
2022-06-10 00:00:00+05:30,1616.4517167299498,1636.971489717143,1604.4018971928988,1627.5023193359375,448100,0.0,0.0
2022-06-13 00:00:00+05:30,1619.265433925067,1646.4116383678145,1604.7124192403,1635.2203369140625,1184640,0.0,0.0
2022-06-14 00:00:00+05:30,1635.4191832869592,1659.0435516962045,1626.0567208437653,1636.86962890625,660810,0.0,0.0
2022-06-15 00:00:00+05:30,1655.6477172270816,1655.6477172270816,1616.354583592334,1630.1605224609375,647530,0.0,0.0
2022-06-16 00:00:00+05:30,1644.393327145421,1644.393327145421,1611.9837416373502,1637.1168212890625,807540,0.0,0.0
2022-06-17 00:00:00+05:30,1634.594481564161,1635.2687190618838,1594.5251380537904,1614.6470947265625,1456190,0.0,0.0
2022-06-20 00:00:00+05:30,1620.2355079136955,1651.56818871,1604.4745989827063,1646.1495361328125,489020,0.0,0.0
2022-06-21 00:00:00+05:30,1647.4012255652417,1668.7456466267467,1635.7588140771481,1646.605712890625,556310,0.0,0.0
2022-06-22 00:00:00+05:30,1644.4906835534302,1644.4906835534302,1609.1317604649532,1627.5267333984375,523640,0.0,0.0
2022-06-23 00:00:00+05:30,1631.8779908082163,1653.7026563463116,1620.2355794588116,1647.042236328125,316750,0.0,0.0
2022-06-24 00:00:00+05:30,1644.4955135467824,1673.5966871462567,1641.7789034351315,1671.81640625,303800,0.0,0.0
2022-06-27 00:00:00+05:30,1683.2987526334614,1688.8482739877381,1667.0673086826666,1684.09912109375,638420,0.0,0.0
2022-06-28 00:00:00+05:30,1678.4474312237085,1697.8368805453117,1654.289406937471,1688.52783203125,522240,0.0,0.0
2022-06-29 00:00:00+05:30,1683.29852687318,1700.2770422739181,1673.819645325932,1697.7593994140625,969720,0.0,0.0
2022-06-30 00:00:00+05:30,1697.759379916759,1704.5265072907935,1672.0636241158622,1694.94091796875,1028420,0.0,0.0
2022-07-01 00:00:00+05:30,1688.1496243750303,1729.8099956139076,1681.4600699889738,1726.4774169921875,385470,0.0,0.0
2022-07-04 00:00:00+05:30,1726.9576691347038,1748.636780664115,1717.692202806422,1745.8328857421875,487290,0.0,0.0
2022-07-05 00:00:00+05:30,1745.8329934575243,1760.2501660695764,1736.6597856612282,1744.906494140625,414380,0.0,0.0
2022-07-06 00:00:00+05:30,1744.9064506980956,1787.9251286984272,1727.0790078114803,1784.068603515625,783910,0.0,0.0
2022-07-07 00:00:00+05:30,1784.1994216647406,1799.7226357738411,1763.2042603702553,1766.245849609375,518790,0.0,0.0
2022-07-08 00:00:00+05:30,1775.4677278127967,1790.0207419751969,1767.9001130752558,1787.0277099609375,588250,0.0,0.0
2022-07-11 00:00:00+05:30,1785.169479238658,1797.2969892878334,1779.5422672027541,1793.843017578125,393820,0.0,0.0
2022-07-12 00:00:00+05:30,1786.794876963675,1791.961149634873,1756.1655667355662,1758.5037841796875,261890,0.0,0.0
2022-07-13 00:00:00+05:30,1758.9740997944295,1777.883304442809,1758.9740997944295,1770.58251953125,227510,0.0,0.0
2022-07-14 00:00:00+05:30,1770.5777077762405,1789.142510541388,1759.236116671697,1781.60888671875,522940,0.0,0.0
2022-07-15 00:00:00+05:30,1785.1697789507382,1827.5045076125937,1782.8704073966817,1821.2127685546875,495010,0.0,0.0
2022-07-18 00:00:00+05:30,1827.7324292288229,1840.6651650463134,1799.9701389704765,1807.0380859375,439770,0.0,0.0
2022-07-19 00:00:00+05:30,1804.5639388065258,1809.2791009066468,1768.3318150959278,1783.006103515625,437280,0.0,0.0
2022-07-20 00:00:00+05:30,1799.722777554552,1810.3949880953069,1770.6167488070391,1806.2327880859375,546630,0.0,0.0
2022-07-21 00:00:00+05:30,1804.5737923802653,1832.7047645838516,1803.967416777987,1827.853759765625,506560,0.0,0.0
2022-07-22 00:00:00+05:30,1834.4315441123058,1851.5313341706174,1827.426722367591,1842.3095703125,632000,0.0,0.0
2022-07-25 00:00:00+05:30,1842.3097166956197,1844.3519707071077,1815.444791318448,1819.8592529296875,359590,0.0,0.0
2022-07-26 00:00:00+05:30,1822.0373170659966,1822.0373170659966,1770.640947317201,1795.7933349609375,1394710,0.0,0.0
2022-07-27 00:00:00+05:30,1799.1404682192365,1811.2679787653208,1780.3185481651697,1798.9366455078125,449730,0.0,0.0
2022-07-28 00:00:00+05:30,1802.1480380699143,1876.8535018283978,1790.9907285475433,1854.28662109375,1304570,0.0,0.0
2022-07-29 00:00:00+05:30,1854.286660050998,1884.42601099204,1843.483464129274,1878.2215576171875,1138250,0.0,0.0
2022-08-01 00:00:00+05:30,1886.2645216417227,1891.8917341728657,1853.5687990447486,1868.1412353515625,585670,0.0,0.0
2022-08-02 00:00:00+05:30,1879.9583573380319,1891.9888729574982,1872.5072802696518,1887.8946533203125,562190,0.0,0.0
2022-08-03 00:00:00+05:30,1876.3734162016783,1896.3789542341115,1848.2327340620234,1878.88134765625,513250,0.0,0.0
2022-08-04 00:00:00+05:30,1882.0927186977128,1933.0088421445723,1881.81132254286,1925.8487548828125,882800,0.0,0.0
2022-08-05 00:00:00+05:30,1924.8786054982775,1942.3422218788062,1914.1142548253563,1932.7857666015625,625600,0.0,0.0
2022-08-08 00:00:00+05:30,1931.1849509031133,1939.1696856066935,1896.742817892784,1906.7310791015625,574590,0.0,0.0
2022-08-10 00:00:00+05:30,1925.9071301141053,1954.9548893392564,1892.3769288616475,1918.0386962890625,722070,0.0,0.0
2022-08-11 00:00:00+05:30,1920.997907890617,1938.6943639917176,1900.3908488987727,1909.316650390625,504610,0.0,0.0
2022-08-12 00:00:00+05:30,1911.2958376197623,1916.772640834666,1883.5189801763343,1896.087890625,489030,0.0,0.0
2022-08-16 00:00:00+05:30,1896.742738106704,1926.2950192889123,1890.2230165560943,1909.6416015625,660830,0.0,0.0
2022-08-17 00:00:00+05:30,1909.54933454054,1925.2618041959072,1908.3075674165743,1914.7205810546875,396000,0.0,0.0
2022-08-18 00:00:00+05:30,1913.2361828171383,1914.4732126563674,1889.9513611195666,1897.4849853515625,489210,0.0,0.0
2022-08-19 00:00:00+05:30,1901.59376641382,1908.3754612388102,1877.3387438830314,1886.1578369140625,366980,0.0,0.0
2022-08-22 00:00:00+05:30,1882.286726561741,1904.5043506712982,1877.3387256999297,1887.254150390625,397940,0.0,0.0
2022-08-23 00:00:00+05:30,1872.487739881219,1910.2237228940203,1867.7482990028084,1904.082275390625,428810,0.0,0.0
2022-08-24 00:00:00+05:30,1903.4226401716219,1912.9402496056161,1879.0900437496202,1908.487060546875,337680,0.0,0.0
2022-08-25 00:00:00+05:30,1908.482205684721,1919.6395162626122,1888.4039497595172,1894.4774169921875,259090,0.0,0.0
2022-08-26 00:00:00+05:30,1895.7726463392223,1908.0020103004792,1884.9064431294087,1894.6181640625,279890,0.0,0.0
2022-08-29 00:00:00+05:30,1882.1897890494083,1917.0200258425903,1871.0421899280589,1906.0906982421875,484620,0.0,0.0
2022-08-30 00:00:00+05:30,1907.4148896519175,1939.916618443036,1907.4148896519175,1933.2076416015625,1097510,0.0,0.0
2022-09-01 00:00:00+05:30,1911.2958210995166,1945.2528534540766,1899.1294636088664,1914.49267578125,790620,0.0,0.0
2022-09-02 00:00:00+05:30,1916.369828592987,1925.6547171592927,1894.8022823924102,1897.8875732421875,312410,0.0,0.0
2022-09-05 00:00:00+05:30,1891.8917143388458,1899.910438816932,1865.405182965012,1868.5777587890625,497240,0.0,0.0
2022-09-06 00:00:00+05:30,1868.674901044018,1873.264051044069,1838.0505647511281,1847.4468994140625,593700,0.0,0.0
2022-09-07 00:00:00+05:30,1847.4467964849352,1873.1716875821076,1844.837012909438,1860.7774658203125,557360,0.0,0.0
2022-09-08 00:00:00+05:30,1862.8827176920784,1870.2562208189686,1843.866803807132,1855.387939453125,546470,0.0,0.0
2022-09-09 00:00:00+05:30,1879.279281945595,1879.279281945595,1842.4892184675916,1848.3541259765625,484340,0.0,0.0
2022-09-12 00:00:00+05:30,1848.3829690058128,1858.8999127184015,1832.719057840094,1840.2962646484375,435600,0.0,0.0
2022-09-13 00:00:00+05:30,1840.5197638835346,1869.2376883842833,1840.4712064628275,1849.55712890625,511460,0.0,0.0
2022-09-14 00:00:00+05:30,1830.8660674468526,1866.118397157796,1830.861211705116,1853.9326171875,616010,0.0,0.0
2022-09-15 00:00:00+05:30,1862.2035991541436,1868.3206494012263,1841.2230050520873,1844.2548828125,334550,0.0,0.0
2022-09-16 00:00:00+05:30,1844.2452933817156,1844.2550048658097,1779.4019509513375,1785.5772705078125,1161630,0.0,0.0
2022-09-19 00:00:00+05:30,1794.5078945474231,1827.858551504951,1772.2951253133103,1820.6063232421875,536310,0.0,0.0
2022-09-20 00:00:00+05:30,1824.947883318602,1835.6200931625704,1802.1578737718728,1806.1890869140625,838000,0.0,0.0
2022-09-21 00:00:00+05:30,1806.125799971766,1832.6510568937695,1803.705153693804,1809.414794921875,462990,0.0,0.0
2022-09-22 00:00:00+05:30,1809.4148948712264,1827.3733222888045,1802.686613483015,1808.2894287109375,779310,0.0,0.0
2022-09-23 00:00:00+05:30,1803.7004971280537,1810.0262260421719,1790.0255436569691,1794.473876953125,358420,0.0,0.0
2022-09-26 00:00:00+05:30,1794.4641742207605,1832.6998256229938,1784.9319975588737,1790.3408203125,1130850,0.0,0.0
2022-09-27 00:00:00+05:30,1799.5336483588594,1823.4927090173755,1799.3055469118653,1811.622314453125,693140,0.0,0.0
2022-09-28 00:00:00+05:30,1809.9097049494164,1841.344236510719,1797.3649557149254,1827.9505615234375,1055170,0.0,0.0
2022-09-29 00:00:00+05:30,1837.09483479619,1855.9943294579527,1823.1287738330766,1841.35888671875,871950,0.0,0.0
2022-09-30 00:00:00+05:30,1838.5308022739937,1862.3007255751616,1833.0977006345593,1857.4302978515625,809730,0.0,0.0
2022-10-03 00:00:00+05:30,1854.7816184384621,1857.3478188344204,1821.067136293445,1842.663818359375,520460,0.0,0.0
2022-10-04 00:00:00+05:30,1867.6367401647417,1877.3387492045586,1848.3491414562768,1867.8162841796875,372890,0.0,0.0
2022-10-06 00:00:00+05:30,1876.5721376982447,1894.331716268694,1866.3995960547409,1872.502197265625,670360,0.0,0.0
2022-10-07 00:00:00+05:30,1870.0816689714159,1880.2493555153687,1859.6422977499733,1874.525146484375,396130,0.0,0.0
2022-10-10 00:00:00+05:30,1853.0838676196627,1863.2709778866817,1843.8621025882564,1854.93212890625,346190,0.0,0.0
2022-10-11 00:00:00+05:30,1863.2708954672357,1864.2071062082455,1786.1641998529444,1790.015869140625,549260,0.0,0.0
2022-10-12 00:00:00+05:30,1798.7525489170428,1820.76161416399,1790.0158846851282,1816.7401123046875,387480,0.0,0.0
2022-10-13 00:00:00+05:30,1823.0074164758441,1835.7801486999695,1805.0587005605685,1820.450927734375,302770,0.0,0.0
2022-10-14 00:00:00+05:30,1839.3893942665077,1844.7157878820067,1828.8287476997345,1836.3963623046875,220650,0.0,0.0
2022-10-17 00:00:00+05:30,1828.8286701274058,1849.2028887335996,1823.2208805824182,1835.6346435546875,174250,0.0,0.0
2022-10-18 00:00:00+05:30,1845.3221130365464,1885.0082093014944,1842.411510334596,1881.010986328125,535110,0.0,0.0
2022-10-19 00:00:00+05:30,1881.0110477211556,1925.6548578335974,1868.0733377544666,1915.08935546875,1304800,0.0,0.0
2022-10-20 00:00:00+05:30,1913.1390570582873,1954.3434582440993,1911.2956517786574,1946.32958984375,1128540,0.0,0.0
2022-10-21 00:00:00+05:30,1946.3297859675904,1974.3589052271907,1938.7040208207536,1969.0179443359375,571930,0.0,0.0
2022-10-24 00:00:00+05:30,1974.8440082767863,2042.2729734328839,1974.3637635500343,2025.2991943359375,451980,0.0,0.0
2022-10-25 00:00:00+05:30,2018.0177765826306,2042.1562601378796,1961.4550194139808,1967.8001708984375,713530,0.0,0.0
2022-10-27 00:00:00+05:30,1985.8557213108647,1986.4863755928368,1931.670023836551,1953.3297119140625,1014740,0.0,0.0
2022-10-28 00:00:00+05:30,1953.3297353048033,1976.4884267107007,1945.2674271809815,1967.80517578125,649300,0.0,0.0
2022-10-31 00:00:00+05:30,1979.5167459517643,1997.8211649570183,1966.589959642595,1987.417236328125,795550,12.0,0.0
2022-11-01 00:00:00+05:30,1990.9454729233798,2023.6700695488103,1988.0615090582435,2009.5281982421875,397060,0.0,0.0
2022-11-02 00:00:00+05:30,2009.5329122248263,2020.268639293536,1973.675593346344,1989.7547607421875,433170,0.0,0.0
2022-11-03 00:00:00+05:30,1973.704959910022,1998.3092570090414,1966.5949470949317,1993.278076171875,353280,0.0,0.0
2022-11-04 00:00:00+05:30,1993.278005569249,2004.1650373233833,1981.6883002767165,1993.4586181640625,188730,0.0,0.0
2022-11-07 00:00:00+05:30,1996.0157236133034,2022.2206341618676,1988.0810403942587,1998.821533203125,677220,0.0,0.0
2022-11-09 00:00:00+05:30,2012.0166320241435,2034.1616894612157,1971.9578078887366,1983.1717529296875,522450,0.0,0.0
2022-11-10 00:00:00+05:30,1981.1903858684127,1990.9892140458817,1956.3372131800356,1969.05908203125,389910,0.0,0.0
2022-11-11 00:00:00+05:30,1978.9067673116083,2000.7490963583314,1971.47961057237,1983.425537109375,358370,0.0,0.0
2022-11-14 00:00:00+05:30,1983.4742655854486,1990.2523603102761,1941.478027969377,1958.3135986328125,484760,0.0,0.0
2022-11-15 00:00:00+05:30,1967.95637044218,1970.0985835348397,1937.310726061348,1957.3719482421875,393410,0.0,0.0
2022-11-16 00:00:00+05:30,1951.1841183008323,1966.0287812861877,1934.8707270927223,1961.505126953125,447760,0.0,0.0
2022-11-17 00:00:00+05:30,1964.6381007517602,1965.5847681138926,1940.497368191792,1951.072021484375,277820,0.0,0.0
2022-11-18 00:00:00+05:30,1951.462315567541,1956.4153418067306,1930.4788498087503,1944.6402587890625,366860,0.0,0.0
2022-11-21 00:00:00+05:30,1937.505836226922,1938.2475868780937,1919.3137641208143,1928.69287109375,498440,0.0,0.0
2022-11-22 00:00:00+05:30,1928.6927776249227,1937.2423291266518,1908.036226280537,1914.228759765625,474220,0.0,0.0
2022-11-23 00:00:00+05:30,1922.671267858892,1933.6998359843938,1904.1277378643138,1909.50537109375,517220,0.0,0.0
2022-11-24 00:00:00+05:30,1915.351292681806,1939.6920565095102,1903.2345226858547,1926.1309814453125,596960,0.0,0.0
2022-11-25 00:00:00+05:30,1932.4308238976241,1934.773188117746,1897.2957180085764,1906.01611328125,578580,0.0,0.0
2022-11-28 00:00:00+05:30,1905.591479593468,1936.8471075869177,1899.2476411210698,1933.938720703125,530000,0.0,0.0
2022-11-29 00:00:00+05:30,1927.5508610630877,1988.5493060334386,1925.5989108240365,1963.779052734375,737230,0.0,0.0
2022-11-30 00:00:00+05:30,1963.7791779476054,1985.0359459992546,1936.373837733456,1969.8936767578125,3133890,0.0,0.0
2022-12-01 00:00:00+05:30,1970.4938708823072,1986.0997043406053,1945.6065040138085,1956.7813720703125,529260,0.0,0.0
2022-12-02 00:00:00+05:30,1956.7813875209424,1965.3895553169514,1920.646001827806,1927.6680908203125,696170,0.0,0.0
2022-12-05 00:00:00+05:30,1928.50737565186,1937.3106906482058,1908.2949682326532,1927.765625,849990,0.0,0.0
2022-12-06 00:00:00+05:30,1926.6726994707976,1950.9745067997255,1910.47153429738,1943.2740478515625,681090,0.0,0.0
2022-12-07 00:00:00+05:30,1944.14256713642,1959.6752503186715,1935.1879471653795,1943.24951171875,569560,0.0,0.0
2022-12-08 00:00:00+05:30,1942.1906971432109,1961.612627942163,1925.6966920183438,1932.953125,406240,0.0,0.0
2022-12-09 00:00:00+05:30,1948.8274766532325,1980.736935846816,1936.7448979839835,1975.5447998046875,767550,0.0,0.0
2022-12-12 00:00:00+05:30,1976.349772314496,2002.7011026120226,1966.1020327543467,1999.5146484375,810600,0.0,0.0
2022-12-13 00:00:00+05:30,2006.7026414876655,2014.017451480585,1984.1575197602456,1989.847412109375,491340,0.0,0.0
2022-12-14 00:00:00+05:30,1989.539983688734,1995.9325493952701,1952.5993483395987,1958.147705078125,816800,0.0,0.0
2022-12-15 00:00:00+05:30,1958.1476853422412,1966.5850094336733,1916.2734436448618,1926.3651123046875,395540,0.0,0.0
2022-12-16 00:00:00+05:30,1925.1110388886343,1938.2867037935755,1909.9931929101945,1926.4481201171875,693210,0.0,0.0
2022-12-19 00:00:00+05:30,1932.4308110297754,1963.6620160565192,1932.4259263884862,1959.919189453125,654480,0.0,0.0
2022-12-20 00:00:00+05:30,1966.5900413233237,1968.3321904256536,1937.41324345964,1965.1798095703125,466760,0.0,0.0
2022-12-21 00:00:00+05:30,1968.054007588187,1985.9144015555814,1958.0160692120326,1982.6156005859375,703780,0.0,0.0
2022-12-22 00:00:00+05:30,1990.5012438708911,1994.8931318813932,1967.3218349265746,1981.8736572265625,376880,0.0,0.0
2022-12-23 00:00:00+05:30,1971.46978105348,1996.3571471014322,1957.3230261772162,1964.9063720703125,744040,0.0,0.0
2022-12-26 00:00:00+05:30,1969.0250824469015,1975.9251746941727,1938.2867482714144,1941.9466552734375,333820,0.0,0.0
2022-12-27 00:00:00+05:30,1942.190617091486,1953.6778640746907,1927.0630017322308,1930.0885009765625,402910,0.0,0.0
2022-12-28 00:00:00+05:30,1931.454700906017,1941.7902437387995,1923.6469001949265,1936.6859130859375,353460,0.0,0.0
2022-12-29 00:00:00+05:30,1936.3347428197724,1943.90343505028,1915.8929952461808,1933.211669921875,398510,0.0,0.0
2022-12-30 00:00:00+05:30,1936.290829916012,1941.2146676765517,1909.1880987591262,1913.4969482421875,426440,0.0,0.0
2023-01-02 00:00:00+05:30,1914.5364464089412,1924.1351244650332,1903.2736543735089,1909.1588134765625,251640,0.0,0.0
2023-01-03 00:00:00+05:30,1912.8138521411151,1928.6197183641443,1900.804424672151,1925.3355712890625,314150,0.0,0.0
2023-01-04 00:00:00+05:30,1930.4788735353832,1932.235676484841,1903.1515689555092,1905.09375,319840,0.0,0.0
2023-01-05 00:00:00+05:30,1907.055510450635,1941.6197097326028,1905.054713667437,1930.0885009765625,513930,0.0,0.0
2023-01-06 00:00:00+05:30,1932.4308862671983,1944.7721116710566,1930.1422530277484,1940.7510986328125,393860,0.0,0.0
2023-01-09 00:00:00+05:30,1945.601795808574,1967.9858455785868,1941.8491995275926,1960.3145751953125,361440,0.0,0.0
2023-01-10 00:00:00+05:30,1958.1038158047795,1970.3961938497446,1947.5632368523845,1954.2877197265625,316680,0.0,0.0
2023-01-11 00:00:00+05:30,1958.7822746065906,1960.2364681593713,1924.3693786766646,1928.361083984375,325100,0.0,0.0
2023-01-12 00:00:00+05:30,1928.3610040150243,1947.0704911731245,1926.5750123186706,1939.579833984375,330620,0.0,0.0
2023-01-13 00:00:00+05:30,1947.0705365593615,1947.0705365593615,1925.1159790592499,1930.903564453125,347710,0.0,0.0
2023-01-16 00:00:00+05:30,1936.334753557219,1936.334753557219,1922.7686747526611,1926.1456298828125,242650,0.0,0.0
2023-01-17 00:00:00+05:30,1926.174935655933,1948.6516739690123,1923.9107255254346,1946.65576171875,401870,0.0,0.0
2023-01-18 00:00:00+05:30,1947.065473061788,1956.0395118387821,1929.8297191433473,1934.7095947265625,363990,0.0,0.0
2023-01-19 00:00:00+05:30,1934.7095155841266,1941.702415132846,1914.0481994580339,1920.8262939453125,309990,0.0,0.0
2023-01-20 00:00:00+05:30,1918.7769393969002,1919.5333439756082,1868.9777828862277,1873.877197265625,720220,0.0,0.0
2023-01-23 00:00:00+05:30,1878.7521553017334,1897.295683068348,1869.094862173895,1890.1807861328125,379000,0.0,0.0
2023-01-24 00:00:00+05:30,1893.3918262429759,1896.7101656422608,1868.8753347841377,1882.724365234375,377120,0.0,0.0
2023-01-25 00:00:00+05:30,1888.414452981683,1888.5608730903402,1868.992522523243,1877.337158203125,411600,0.0,0.0
2023-01-27 00:00:00+05:30,1879.7330242196606,1892.8062304206433,1856.8951818739,1875.468017578125,447770,0.0,0.0
2023-01-30 00:00:00+05:30,1874.4579816824237,1875.2046170214303,1852.205818172988,1870.5443115234375,498300,0.0,0.0
2023-01-31 00:00:00+05:30,1873.8723287461262,1873.8723287461262,1847.4234254335304,1856.085205078125,1175000,0.0,0.0
2023-02-01 00:00:00+05:30,1864.1125773376505,1871.632423143607,1846.0814598739057,1863.1219482421875,688050,0.0,0.0
2023-02-02 00:00:00+05:30,1866.94282088293,1866.94282088293,1839.76193776393,1849.9217529296875,709220,0.0,0.0
2023-02-03 00:00:00+05:30,1854.8798039048384,1859.6864099173501,1831.9150805993552,1854.7724609375,555780,0.0,0.0
2023-02-06 00:00:00+05:30,1854.3528014563597,1860.2086524083272,1830.3731442285937,1856.451171875,691340,0.0,0.0
2023-02-07 00:00:00+05:30,1856.6951503418352,1864.102768376415,1842.6410843455794,1852.2056884765625,398730,0.0,0.0
2023-02-08 00:00:00+05:30,1849.4729834707123,1860.682044221779,1843.6317862600617,1853.8551025390625,232670,0.0,0.0
2023-02-09 00:00:00+05:30,1854.2553206059554,1862.5853023607165,1849.5559380301668,1854.3822021484375,347340,0.0,0.0
2023-02-10 00:00:00+05:30,1855.3286848629696,1861.1991894485125,1842.1579055136779,1856.680419921875,263830,0.0,0.0
2023-02-13 00:00:00+05:30,1863.6244816512483,1873.7746466723625,1849.4679578460216,1856.9683837890625,324890,0.0,0.0
2023-02-14 00:00:00+05:30,1865.557029242847,1879.728208003832,1857.0367849321347,1862.4437255859375,385890,0.0,0.0
2023-02-15 00:00:00+05:30,1861.6726926140961,1883.5150223393398,1847.5259368661314,1879.8209228515625,319980,0.0,0.0
2023-02-16 00:00:00+05:30,1896.3197747953755,1932.4162025322182,1868.0164945745491,1915.72705078125,1740070,0.0,0.0
2023-02-17 00:00:00+05:30,1910.4762652488268,1910.4762652488268,1836.9852878570102,1856.431640625,1884350,0.0,0.0
2023-02-20 00:00:00+05:30,1857.2807616783127,1868.50447621289,1832.8813822553186,1837.0830078125,653110,0.0,0.0
2023-02-21 00:00:00+05:30,1842.748575993339,1847.891984514035,1830.929530262411,1839.58642578125,449540,0.0,0.0
2023-02-22 00:00:00+05:30,1842.9144944347909,1842.9144944347909,1818.3540402003796,1822.55078125,420800,0.0,0.0
2023-02-23 00:00:00+05:30,1821.1646509092277,1837.1902049315208,1810.5313831388432,1819.9984130859375,492680,0.0,0.0
2023-02-24 00:00:00+05:30,1829.099638794155,1839.6157960748913,1816.777951105353,1823.2095947265625,388750,0.0,0.0
2023-02-27 00:00:00+05:30,1825.0735640322534,1839.225203967263,1804.773232884237,1817.5341796875,516250,0.0,0.0
2023-02-28 00:00:00+05:30,1818.261145984801,1827.513370851048,1801.6646846792057,1822.1455078125,1091820,0.0,0.0
2023-03-01 00:00:00+05:30,1825.0735911943823,1836.8243705151938,1812.8885553379196,1832.7691650390625,639260,0.0,0.0
2023-03-02 00:00:00+05:30,1834.828426565551,1834.8333112068824,1801.3378959462425,1803.77294921875,390700,0.0,0.0
2023-03-03 00:00:00+05:30,1810.336498780343,1816.743719052952,1796.3312778962495,1800.66455078125,460180,0.0,0.0
2023-03-06 00:00:00+05:30,1807.701206874011,1810.829283619193,1798.2342951461906,1807.00341796875,529490,0.0,0.0
2023-03-08 00:00:00+05:30,1796.2823337277482,1812.7567996686523,1795.5552369781055,1807.335205078125,457460,0.0,0.0
2023-03-09 00:00:00+05:30,1805.5539073044815,1813.264134303731,1798.7220817092755,1809.0380859375,566150,0.0,0.0
2023-03-10 00:00:00+05:30,1808.4819456842483,1808.4819456842483,1791.4072652691011,1804.1632080078125,236340,0.0,0.0
2023-03-13 00:00:00+05:30,1798.71726897363,1805.5442102008208,1782.1354611471143,1787.737548828125,364760,0.0,0.0
2023-03-14 00:00:00+05:30,1790.91433153008,1799.2101199867589,1777.5435201431735,1782.5843505859375,438790,0.0,0.0
2023-03-15 00:00:00+05:30,1786.0345171474487,1792.9736861388712,1745.0435610161958,1756.106201171875,779580,0.0,0.0
2023-03-16 00:00:00+05:30,1755.7793103329643,1805.5540434218922,1753.6077894325836,1800.737548828125,830430,0.0,0.0
2023-03-17 00:00:00+05:30,1805.4467086718448,1842.1531202576598,1803.109229094324,1840.508544921875,1334300,0.0,0.0
2023-03-20 00:00:00+05:30,1844.593131946881,1853.3769087656756,1820.3986685630807,1848.2872314453125,756450,0.0,0.0
2023-03-21 00:00:00+05:30,1853.3768259371006,1879.6305815274984,1836.7901328843836,1847.2672119140625,977620,0.0,0.0
2023-03-22 00:00:00+05:30,1855.231244028623,1855.231244028623,1824.9467055914,1836.7559814453125,282480,0.0,0.0
2023-03-23 00:00:00+05:30,1836.7560212147703,1870.9346918303543,1826.0642557727995,1858.6910400390625,566850,0.0,0.0
2023-03-24 00:00:00+05:30,1854.8457735673753,1864.1126534324162,1843.4220266095674,1849.775634765625,262990,0.0,0.0
2023-03-27 00:00:00+05:30,1854.3528751594374,1866.8258667759017,1836.3022186480605,1843.7147216796875,358540,0.0,0.0
2023-03-28 00:00:00+05:30,1844.5931793840211,1856.2999974686288,1839.7133032480847,1849.0826416015625,354810,0.0,0.0
2023-03-29 00:00:00+05:30,1847.5209724364352,1866.5524880003604,1842.2702213256023,1859.5206298828125,486060,0.0,0.0
2023-03-31 00:00:00+05:30,1869.4803227941945,1927.7362199112515,1869.4803227941945,1923.110107421875,1484440,0.0,0.0
2023-04-03 00:00:00+05:30,1930.8692687031448,1931.4548299680878,1892.030294556118,1923.2030029296875,637400,0.0,0.0
2023-04-05 00:00:00+05:30,1918.6695556968614,1939.5554475654822,1913.0088522176009,1934.582763671875,471510,0.0,0.0
2023-04-06 00:00:00+05:30,1931.9429510613752,1936.3348395583573,1913.399421851895,1923.476318359375,409780,0.0,0.0
2023-04-10 00:00:00+05:30,1922.6711610749078,1924.2766593551817,1903.2492305949056,1906.09912109375,224140,0.0,0.0
2023-04-11 00:00:00+05:30,1917.5960085004117,1922.183044017186,1900.711590872541,1920.1920166015625,441260,0.0,0.0
2023-04-12 00:00:00+05:30,1922.1831326864963,1922.1831326864963,1889.9710668423847,1897.3250732421875,568820,0.0,0.0
2023-04-13 00:00:00+05:30,1903.151618131552,1920.7191715296892,1894.977825925474,1899.7698974609375,461510,0.0,0.0
2023-04-17 00:00:00+05:30,1911.9353431444317,1991.96530646135,1903.3613679842088,1975.8031005859375,1943510,0.0,0.0
2023-04-18 00:00:00+05:30,1971.4697203589146,2020.268475813343,1971.4697203589146,2016.486572265625,1398600,0.0,0.0
2023-04-19 00:00:00+05:30,2016.3502348751756,2016.72099108027,1989.818291792098,2012.3341064453125,898740,0.0,0.0
2023-04-20 00:00:00+05:30,2010.0208594141845,2022.2889339986011,1989.0373932925993,1998.123779296875,522130,0.0,0.0
2023-04-21 00:00:00+05:30,2008.1287046266375,2019.3006178074172,1999.7226499595224,2010.458251953125,443050,10.2,0.0
2023-04-24 00:00:00+05:30,2010.8603406086304,2031.2671083550329,2001.0615383811987,2029.3348388671875,578680,0.0,0.0
2023-04-25 00:00:00+05:30,2031.2670078551466,2052.8069383995658,1991.9345855715162,2026.970947265625,1684640,0.0,0.0
2023-04-26 00:00:00+05:30,2020.477823252684,2068.5400680378484,2008.0700129883219,2062.38525390625,1248940,0.0,0.0
2023-04-27 00:00:00+05:30,2066.308433341792,2079.4226733699406,2059.815011886031,2074.25830078125,1022320,0.0,0.0
2023-04-28 00:00:00+05:30,2077.6568063060463,2143.143944652881,2072.5611617654135,2134.49267578125,1665160,0.0,0.0
2023-05-02 00:00:00+05:30,2138.2794242795076,2167.607105916942,2125.773432233836,2132.968017578125,891700,0.0,0.0
2023-05-03 00:00:00+05:30,2132.8846550339294,2152.5852321691555,2116.5435785141317,2145.70458984375,570130,0.0,0.0
2023-05-04 00:00:00+05:30,2146.0131863964702,2157.4010991577043,2122.374317290961,2127.857421875,635340,0.0,0.0
2023-05-05 00:00:00+05:30,2138.274118461199,2165.615643486725,2133.364780206677,2159.84326171875,550760,0.0,0.0
2023-05-08 00:00:00+05:30,2162.8007197418933,2187.3222698523455,2134.3949944088677,2156.25341796875,756560,0.0,0.0
2023-05-09 00:00:00+05:30,2157.8963416158626,2172.1140508659532,2142.859650932852,2155.086181640625,432870,0.0,0.0
2023-05-10 00:00:00+05:30,2155.0863109445895,2170.6378593094496,2154.904793996227,2162.80078125,604410,0.0,0.0
2023-05-11 00:00:00+05:30,2167.606728925455,2180.9465472414186,2153.0214362429724,2159.83837890625,689370,0.0,0.0
2023-05-12 00:00:00+05:30,2159.7598694928565,2164.7034521217843,2132.393916399048,2137.705322265625,669610,0.0,0.0
2023-05-15 00:00:00+05:30,2140.24100923027,2159.8484321788137,2133.4975825856973,2136.96484375,725700,0.0,0.0
2023-05-16 00:00:00+05:30,2145.6356055741953,2156.8173364856552,2130.432244711841,2136.356689453125,772570,0.0,0.0
2023-05-17 00:00:00+05:30,2136.356814793664,2147.2344216536862,2118.662025120787,2131.658447265625,667880,0.0,0.0
2023-05-18 00:00:00+05:30,2143.1831626794883,2152.9917812729873,2123.585561887136,2126.46923828125,511750,0.0,0.0
2023-05-19 00:00:00+05:30,2138.2790241420666,2138.2790241420666,2109.4515971596843,2127.504150390625,732200,0.0,0.0
2023-05-22 00:00:00+05:30,2128.3723874055086,2128.3723874055086,2101.2123757228114,2108.34326171875,510950,0.0,0.0
2023-05-23 00:00:00+05:30,2103.9487462923275,2119.642536474462,2095.3269319961005,2099.407470703125,554590,0.0,0.0
2023-05-24 00:00:00+05:30,2099.407449970045,2108.65691041619,2086.7836426722074,2097.1416015625,443640,0.0,0.0
2023-05-25 00:00:00+05:30,2108.8533306563954,2121.8006613509583,2090.3002873417677,2106.391357421875,815020,0.0,0.0
2023-05-26 00:00:00+05:30,2107.377149370549,2121.5062552907953,2096.1020261010185,2116.871826171875,631590,0.0,0.0
2023-05-29 00:00:00+05:30,2130.917790876795,2143.1833545814825,2113.9634388601635,2131.359130859375,534370,0.0,0.0
2023-05-30 00:00:00+05:30,2126.50869247626,2131.2757868853864,2109.9370107914083,2116.15576171875,469810,0.0,0.0
2023-05-31 00:00:00+05:30,2116.7003918532905,2144.0026498345824,2110.324788263371,2125.832275390625,4247940,0.0,0.0
2023-06-01 00:00:00+05:30,2136.906045922091,2150.535142550002,2115.9940010609744,2145.56689453125,598660,0.0,0.0
2023-06-02 00:00:00+05:30,2157.8962697057636,2167.2144581431294,2140.2407547718076,2162.452392578125,582480,0.0,0.0
2023-06-05 00:00:00+05:30,2157.803311536171,2170.6182164779734,2137.29836207525,2141.62890625,815090,0.0,0.0
2023-06-06 00:00:00+05:30,2145.552044354601,2151.1821820111554,2120.382975057061,2129.0,785230,0.0,0.0
2023-06-07 00:00:00+05:30,2133.365056143947,2199.5586343352816,2133.365056143947,2193.967529296875,1568120,0.0,0.0
2023-06-08 00:00:00+05:30,2203.016188926399,2214.546107508265,2166.4742877899375,2172.50146484375,729290,0.0,0.0
2023-06-09 00:00:00+05:30,2167.7931668027513,2185.3603172557882,2161.907995391829,2165.1005859375,709150,0.0,0.0
2023-06-12 00:00:00+05:30,2162.800841165083,2192.128520956383,2160.7557820859806,2186.27783203125,623520,0.0,0.0
2023-06-13 00:00:00+05:30,2192.1285822533923,2224.399088593783,2186.572199684391,2206.2138671875,833470,0.0,0.0
2023-06-14 00:00:00+05:30,2209.391645817436,2231.559222712609,2206.939490827627,2229.376708984375,723770,0.0,0.0
2023-06-15 00:00:00+05:30,2229.3767965163224,2255.9826792003705,2219.935999434886,2252.66748046875,737570,0.0,0.0
2023-06-16 00:00:00+05:30,2252.667336616975,2273.1720454053616,2243.9473395854625,2252.897705078125,735410,0.0,0.0
2023-06-19 00:00:00+05:30,2258.4345388250395,2270.695312651451,2232.5643060513103,2235.860107421875,433310,0.0,0.0
2023-06-20 00:00:00+05:30,2235.860278970272,2255.97776778691,2228.5184216736807,2251.62255859375,688770,0.0,0.0
2023-06-21 00:00:00+05:30,2251.6766046628277,2262.8190623039845,2232.9322274468054,2245.349853515625,646420,0.0,0.0
2023-06-22 00:00:00+05:30,2236.3652887769576,2245.26656324982,2206.223419634367,2210.16650390625,499030,0.0,0.0
2023-06-23 00:00:00+05:30,2210.16673954232,2218.7052205205596,2202.393359717476,2210.55419921875,435150,0.0,0.0
2023-06-26 00:00:00+05:30,2208.906048710938,2226.5567756281407,2207.429966322084,2219.769287109375,350150,0.0,0.0
2023-06-27 00:00:00+05:30,2219.8230606987536,2243.231321998685,2207.439678346225,2220.40185546875,441330,0.0,0.0
2023-06-28 00:00:00+05:30,2223.613979437275,2236.3651844362535,2214.7862221302894,2230.882080078125,556240,0.0,0.0
2023-06-30 00:00:00+05:30,2231.4609749608235,2250.710391063508,2219.200200373127,2245.61474609375,368620,0.0,0.0
2023-07-03 00:00:00+05:30,2251.078004878379,2251.078004878379,2215.080421931487,2219.9404296875,552690,0.0,0.0
2023-07-04 00:00:00+05:30,2231.2652271662264,2240.779541958933,2209.441044715543,2219.107421875,301490,0.0,0.0
2023-07-05 00:00:00+05:30,2215.375151841284,2250.489822130973,2214.786538816024,2246.164306640625,388880,0.0,0.0
2023-07-06 00:00:00+05:30,2249.607204697758,2294.476855975169,2246.66461842608,2265.737548828125,903670,0.0,0.0
2023-07-07 00:00:00+05:30,2271.1905007193964,2280.1949853067854,2241.2694236430416,2246.781982421875,564640,0.0,0.0
2023-07-10 00:00:00+05:30,2243.13318087244,2260.1414139248977,2211.843779294119,2214.810791015625,363880,0.0,0.0
2023-07-11 00:00:00+05:30,2217.7290930356735,2252.0446571897955,2211.873375338685,2241.495361328125,685260,0.0,0.0
2023-07-12 00:00:00+05:30,2249.999243255759,2265.7912172237143,2238.0327747640745,2261.87255859375,480900,0.0,0.0
2023-07-13 00:00:00+05:30,2261.872842431828,2267.9052881623934,2234.0949995572246,2238.40087890625,432160,0.0,0.0
2023-07-14 00:00:00+05:30,2238.4007039624826,2275.599944921283,2236.365463112296,2269.5234375,454570,0.0,0.0
2023-07-17 00:00:00+05:30,2275.599808207155,2294.760860900878,2251.5686895428985,2262.922119140625,417950,0.0,0.0
2023-07-18 00:00:00+05:30,2274.6187704943377,2274.6187704943377,2238.3759707942963,2253.7412109375,325840,0.0,0.0
2023-07-19 00:00:00+05:30,2251.0783827108767,2258.4348480138533,2236.5124856236744,2250.190673828125,278810,0.0,0.0
2023-07-20 00:00:00+05:30,2250.195508654117,2264.2707340393094,2231.55913149337,2256.76220703125,377920,0.0,0.0
2023-07-21 00:00:00+05:30,2257.4489745409073,2278.7336308300764,2247.4293835753106,2254.270751953125,368430,0.0,0.0
2023-07-24 00:00:00+05:30,2254.035495510941,2260.7497066685983,2227.3168240680557,2238.3369140625,420810,0.0,0.0
2023-07-25 00:00:00+05:30,2269.7144332306293,2269.7144332306293,2224.128780708506,2233.70703125,625760,0.0,0.0
2023-07-26 00:00:00+05:30,2235.472544721874,2246.1736614155143,2226.752548676442,2236.355224609375,344620,0.0,0.0
2023-07-27 00:00:00+05:30,2242.1720739363495,2246.1740676824165,2165.3559208801107,2189.803955078125,1793740,0.0,0.0
2023-07-28 00:00:00+05:30,2189.8038917624995,2219.8722454130584,2176.2679481318296,2205.066162109375,672110,0.0,0.0
2023-07-31 00:00:00+05:30,2221.6525841777593,2222.0448332176757,2200.0441640819918,2212.167724609375,486090,0.0,0.0
2023-08-01 00:00:00+05:30,2217.5623913500117,2225.5759575465886,2199.583113617552,2216.13037109375,650190,0.0,0.0
2023-08-02 00:00:00+05:30,2225.575787802518,2249.915819873689,2207.979181708051,2244.437744140625,1046610,0.0,0.0
2023-08-03 00:00:00+05:30,2244.9919925411214,2244.9919925411214,2197.322242430059,2204.56591796875,449710,0.0,0.0
2023-08-04 00:00:00+05:30,2206.542010116143,2226.4437364986084,2198.3076552599628,2202.476318359375,410100,0.0,0.0
2023-08-07 00:00:00+05:30,2202.4764710350664,2212.000602485136,2172.6092718284126,2202.947265625,412460,0.0,0.0
2023-08-08 00:00:00+05:30,2203.9967715899033,2206.836386053884,2167.704879934885,2180.382568359375,580320,0.0,0.0
2023-08-09 00:00:00+05:30,2185.360627479972,2192.839700543049,2173.845316696668,2179.318603515625,372850,0.0,0.0
2023-08-10 00:00:00+05:30,2173.8844995458226,2181.8834578958854,2147.597350039447,2156.89111328125,705790,0.0,0.0
2023-08-11 00:00:00+05:30,2156.8910951024664,2158.8772448493833,2133.37483305198,2142.43798828125,383630,0.0,0.0
2023-08-14 00:00:00+05:30,2142.6194077456457,2161.8197324759603,2129.3777714532566,2148.03857421875,407880,0.0,0.0
2023-08-16 00:00:00+05:30,2170.6475913974186,2170.6475913974186,2136.8420965862642,2152.7861328125,289300,0.0,0.0
2023-08-17 00:00:00+05:30,2148.0879084005524,2160.6724452426283,2118.8974439569806,2125.278076171875,699920,0.0,0.0
2023-08-18 00:00:00+05:30,2125.2778833160364,2146.125989535616,2103.9489248418176,2141.2216796875,656670,0.0,0.0
2023-08-21 00:00:00+05:30,2141.221895300639,2175.169636853743,2131.937949614725,2161.265869140625,370960,0.0,0.0
2023-08-22 00:00:00+05:30,2161.2656606571677,2166.9645261971814,2148.6811249037937,2160.441650390625,405220,0.0,0.0
2023-08-23 00:00:00+05:30,2167.705029749451,2184.360047426898,2152.9920996832784,2175.86083984375,613780,0.0,0.0
2023-08-24 00:00:00+05:30,2185.654866342536,2186.341421856375,2171.9522527892104,2181.917724609375,460200,0.0,0.0
2023-08-25 00:00:00+05:30,2176.53277570004,2185.4045958508214,2168.8084874582023,2176.3857421875,419640,0.0,0.0
2023-08-28 00:00:00+05:30,2176.6799103365797,2178.9409697663828,2157.896497971095,2161.275634765625,415070,0.0,0.0
2023-08-29 00:00:00+05:30,2164.8063011944537,2175.532083670856,2152.9918960983205,2164.07568359375,524280,0.0,0.0
2023-08-30 00:00:00+05:30,2164.07572800868,2185.3603840349406,2158.8917194394767,2177.366455078125,648320,0.0,0.0
2023-08-31 00:00:00+05:30,2182.4176356809726,2186.2429011427403,2125.532437239002,2156.56201171875,2330650,0.0,0.0
2023-09-01 00:00:00+05:30,2162.800794264293,2168.6565118962444,2144.164415538206,2149.613037109375,358490,0.0,0.0
2023-09-04 00:00:00+05:30,2155.4636643214626,2155.9296695118364,2121.849507809272,2132.21728515625,740910,0.0,0.0
2023-09-05 00:00:00+05:30,2133.8212884961667,2157.7592551237876,2133.8212884961667,2153.4287109375,623130,0.0,0.0
2023-09-06 00:00:00+05:30,2153.4285135608206,2167.7048920772154,2135.7876061658285,2158.29833984375,562920,0.0,0.0
2023-09-07 00:00:00+05:30,2155.7681138924504,2166.243653525183,2140.471598973715,2147.724853515625,411590,0.0,0.0
2023-09-08 00:00:00+05:30,2152.5998770528313,2155.8710135627152,2141.221781874893,2146.44482421875,304770,0.0,0.0
2023-09-11 00:00:00+05:30,2149.0687114100474,2177.5089209633675,2145.4788425826773,2170.3583984375,469770,0.0,0.0
2023-09-12 00:00:00+05:30,2171.0691053205887,2196.6402423055674,2159.5734324984737,2189.06298828125,493790,0.0,0.0
2023-09-13 00:00:00+05:30,2184.9239320898755,2213.7221450738025,2172.6140663963406,2175.5322265625,508250,0.0,0.0
2023-09-14 00:00:00+05:30,2180.4559849138677,2207.920117877245,2173.2956452119115,2204.751953125,810560,0.0,0.0
2023-09-15 00:00:00+05:30,2206.939623103327,2226.6550461903603,2189.1811347602174,2218.935546875,1161410,0.0,0.0
2023-09-18 00:00:00+05:30,2218.7099785531473,2240.2889438617985,2202.2951466216387,2238.268310546875,575320,0.0,0.0
2023-09-20 00:00:00+05:30,2212.437398471278,2238.9697656969347,2212.437398471278,2224.61962890625,574500,0.0,0.0
2023-09-21 00:00:00+05:30,2222.628360149218,2223.6092220863384,2192.226429463423,2210.225341796875,461830,0.0,0.0
2023-09-22 00:00:00+05:30,2208.9008758182626,2220.666428598463,2195.1688099828025,2210.126953125,383010,0.0,0.0
2023-09-25 00:00:00+05:30,2213.8054022762412,2227.4100723515144,2202.133240958052,2220.548828125,344270,0.0,0.0
2023-09-26 00:00:00+05:30,2226.5566848521707,2262.152204265455,2216.3606054572488,2256.52685546875,660010,0.0,0.0
2023-09-27 00:00:00+05:30,2256.4729648926577,2256.526845249966,2230.6223667974573,2243.525634765625,416530,0.0,0.0
2023-09-28 00:00:00+05:30,2246.1742807348855,2246.953989499435,2201.819723892552,2210.711181640625,519810,0.0,0.0
2023-09-29 00:00:00+05:30,2211.937181350535,2227.047390687274,2200.0736830264505,2207.616455078125,452290,0.0,0.0
2023-10-03 00:00:00+05:30,2207.6163749513585,2216.2283725845036,2182.9231246680947,2188.818115234375,500130,0.0,0.0
2023-10-04 00:00:00+05:30,2236.860605174025,2291.1758390264295,2211.9420165197257,2254.629150390625,2134880,0.0,0.0
2023-10-05 00:00:00+05:30,2256.4730248735023,2266.4974057500935,2233.913198934754,2248.00830078125,680000,0.0,0.0
2023-10-06 00:00:00+05:30,2254.997049660778,2262.61333806596,2237.8269350580445,2247.375732421875,388120,0.0,0.0
2023-10-09 00:00:00+05:30,2237.547157750735,2254.0992023911404,2236.365142525836,2244.3935546875,237550,0.0,0.0
2023-10-10 00:00:00+05:30,2252.0593500248146,2257.6502160227706,2238.8519558249072,2252.848876953125,396630,0.0,0.0
2023-10-11 00:00:00+05:30,2252.8487105864237,2282.8483369639953,2249.1165976749767,2275.801025390625,673380,0.0,0.0
2023-10-12 00:00:00+05:30,2277.856203958978,2285.4087945709825,2252.2606350581223,2263.35400390625,542220,0.0,0.0
2023-10-13 00:00:00+05:30,2263.343802454242,2314.819659344417,2251.6079421530976,2310.356689453125,907910,0.0,0.0
2023-10-16 00:00:00+05:30,2309.9298070143223,2309.9298070143223,2253.535036335262,2266.629638671875,866080,0.0,0.0
2023-10-17 00:00:00+05:30,2268.7338725605487,2291.509460132552,2268.7338725605487,2287.89013671875,381660,0.0,0.0
2023-10-18 00:00:00+05:30,2287.8899495369787,2299.841809852176,2275.599720585729,2281.774169921875,356710,0.0,0.0
2023-10-19 00:00:00+05:30,2281.181048551917,2376.334487476527,2265.84047115361,2367.05078125,2924120,0.0,0.0
2023-10-20 00:00:00+05:30,2363.8728100025246,2427.1432031686386,2354.2454667461348,2381.503662109375,2079340,0.0,0.0
2023-10-23 00:00:00+05:30,2383.494742114079,2420.2722790158723,2366.6582069891197,2373.46533203125,792300,0.0,0.0
2023-10-25 00:00:00+05:30,2381.532809512415,2406.024903615403,2369.085728865885,2379.8359375,1113500,0.0,0.0
2023-10-26 00:00:00+05:30,2379.5710088406827,2379.6299180280357,2297.276789853975,2309.498291015625,1269400,0.0,0.0
2023-10-27 00:00:00+05:30,2309.979250925158,2376.4326557383824,2299.174921191666,2359.655029296875,1304370,0.0,0.0
2023-10-30 00:00:00+05:30,2363.8774522439157,2378.590382444604,2340.831984294804,2370.91015625,726140,0.0,0.0
2023-10-31 00:00:00+05:30,2383.494604482876,2386.4371904143363,2366.0402422292723,2377.099365234375,516390,0.0,0.0
2023-11-01 00:00:00+05:30,2387.4781172679222,2387.4829344613086,2346.0425466376523,2355.18798828125,636900,14.0,0.0
2023-11-02 00:00:00+05:30,2366.7801136209196,2382.5255921302746,2345.361908105318,2378.776611328125,1070680,0.0,0.0
2023-11-03 00:00:00+05:30,2381.8447680124154,2387.477993666538,2365.4629393122486,2367.653076171875,477140,0.0,0.0
2023-11-06 00:00:00+05:30,2382.5497805055784,2406.27180501181,2373.5377764348173,2396.3125,742760,0.0,0.0
2023-11-07 00:00:00+05:30,2396.0610656591434,2415.101744414079,2379.590359483556,2404.2001953125,529650,0.0,0.0
2023-11-08 00:00:00+05:30,2404.1560926528764,2408.462422912029,2389.4561853847763,2395.523681640625,363050,0.0,0.0
2023-11-09 00:00:00+05:30,2402.2765060372694,2408.6891537946585,2386.723474800871,2390.1171875,422230,0.0,0.0
2023-11-10 00:00:00+05:30,2390.1172033240045,2392.3615337100828,2373.2370352141597,2381.282470703125,283170,0.0,0.0
2023-11-13 00:00:00+05:30,2397.146536036187,2397.146536036187,2370.9039108515935,2376.216552734375,285280,0.0,0.0
2023-11-15 00:00:00+05:30,2391.9175914497837,2392.312119579657,2368.536139552688,2384.91796875,766970,0.0,0.0
2023-11-16 00:00:00+05:30,2386.9896669393056,2394.6306991302827,2372.2851840475155,2375.925537109375,694180,0.0,0.0
2023-11-17 00:00:00+05:30,2377.612550323288,2415.58528220838,2374.1200850520704,2404.550537109375,700510,0.0,0.0
2023-11-20 00:00:00+05:30,2404.747783667108,2407.584147166025,2384.123933381924,2397.59521484375,541150,0.0,0.0
2023-11-21 00:00:00+05:30,2397.837105074291,2409.1678669471303,2385.5296572036546,2404.590087890625,453290,0.0,0.0
2023-11-22 00:00:00+05:30,2404.254227666489,2419.0478270337558,2393.3972383294827,2402.360107421875,368210,0.0,0.0
2023-11-23 00:00:00+05:30,2408.59540610293,2425.944045768328,2402.3898977958925,2406.54833984375,368140,0.0,0.0
2023-11-24 00:00:00+05:30,2412.142043835161,2414.396249383419,2378.4065174214734,2381.455078125,404120,0.0,0.0
2023-11-28 00:00:00+05:30,2381.3612479535,2393.39724528548,2356.2186321664763,2389.31298828125,876970,0.0,0.0
2023-11-29 00:00:00+05:30,2389.55006128622,2400.7967630102835,2368.8370925651307,2374.40625,627150,0.0,0.0
2023-11-30 00:00:00+05:30,2375.639290602407,2401.3096314415598,2364.3282801110536,2391.04443359375,1472030,0.0,0.0
2023-12-01 00:00:00+05:30,2401.285050859992,2403.756270957904,2383.176499142518,2401.15185546875,636500,0.0,0.0
2023-12-04 00:00:00+05:30,2406.123771996608,2420.527660409747,2381.4253015516642,2407.4853515625,993920,0.0,0.0
2023-12-05 00:00:00+05:30,2412.241003732457,2434.2264344337755,2407.4857110765765,2427.818603515625,671870,0.0,0.0
2023-12-06 00:00:00+05:30,2439.647326412459,2475.962701719403,2437.003409856923,2463.29541015625,796080,0.0,0.0
2023-12-07 00:00:00+05:30,2463.2954455137783,2483.1793746800918,2447.983996315647,2463.961181640625,600850,0.0,0.0
2023-12-08 00:00:00+05:30,2465.9097578546794,2483.7369864573934,2442.3654840839044,2445.645751953125,700760,0.0,0.0
2023-12-11 00:00:00+05:30,2454.564140039036,2478.241607627837,2430.787919991419,2470.689453125,539370,0.0,0.0
2023-12-12 00:00:00+05:30,2470.6894330238274,2490.154265076985,2446.8937035377016,2461.18896484375,641230,0.0,0.0
2023-12-13 00:00:00+05:30,2462.298678261621,2474.295174215012,2449.137866821678,2470.782958984375,445720,0.0,0.0
2023-12-14 00:00:00+05:30,2480.6092684275245,2480.6092684275245,2441.74873056297,2446.0107421875,1047260,0.0,0.0
2023-12-15 00:00:00+05:30,2451.6095571274423,2461.682549950471,2389.4513803298178,2403.89453125,1595410,0.0,0.0
2023-12-18 00:00:00+05:30,2412.142075871678,2425.026622639504,2397.2449057668064,2402.69580078125,663240,0.0,0.0
2023-12-19 00:00:00+05:30,2423.9613249840017,2535.9557812443577,2418.1505849978494,2514.715087890625,3528660,0.0,0.0
2023-12-20 00:00:00+05:30,2534.870344582515,2543.201921665018,2471.8489284109387,2476.046630859375,1444880,0.0,0.0
2023-12-21 00:00:00+05:30,2476.046541810556,2490.869768370871,2457.297061798838,2477.832275390625,1106380,0.0,0.0
2023-12-22 00:00:00+05:30,2490.0805794137323,2506.84730336518,2476.2687220001853,2502.7529296875,888280,0.0,0.0
2023-12-26 00:00:00+05:30,2514.3500044450957,2525.596705932332,2502.412517420844,2521.852783203125,617850,0.0,0.0
2023-12-27 00:00:00+05:30,2525.596440696886,2542.1656574583244,2523.6726947050033,2537.4794921875,714160,0.0,0.0
2023-12-28 00:00:00+05:30,2552.2189939990267,2601.9562718863367,2542.8811060363096,2589.713134765625,1577720,0.0,0.0
2023-12-29 00:00:00+05:30,2589.723180449572,2629.1856289135653,2579.4283564002067,2622.309326171875,1034080,0.0,0.0
2024-01-01 00:00:00+05:30,2629.185423130318,2707.6416009982545,2628.198861995935,2700.45458984375,1316100,0.0,0.0
2024-01-02 00:00:00+05:30,2713.04298189461,2732.0836589940163,2666.087635989303,2685.72998046875,1415770,0.0,0.0
2024-01-03 00:00:00+05:30,2697.751432109801,2704.8842498694266,2621.5889604211075,2627.725341796875,1013460,0.0,0.0
2024-01-04 00:00:00+05:30,2649.0201737490315,2678.5182548586545,2629.3877038278642,2675.198486328125,1323900,0.0,0.0
2024-01-05 00:00:00+05:30,2716.9892544792538,2716.9892544792538,2606.938316206686,2630.56640625,2577064,0.0,10.0
2024-01-08 00:00:00+05:30,2646.9437551014094,2652.8631224255273,2575.911347211994,2584.099853515625,1032378,0.0,0.0
2024-01-09 00:00:00+05:30,2604.521695894923,2604.817712441393,2552.1845734929775,2557.7587890625,813027,0.0,0.0
2024-01-10 00:00:00+05:30,2555.193350352437,2587.1578349164597,2535.9060319104715,2543.453369140625,1026468,0.0,0.0
2024-01-11 00:00:00+05:30,2545.327871833998,2555.1441075088665,2515.8297885779275,2522.834228515625,775667,0.0,0.0
2024-01-12 00:00:00+05:30,2522.834146069238,2525.547189254817,2495.999730732895,2515.33642578125,1107055,0.0,0.0
2024-01-15 00:00:00+05:30,2529.543093687304,2541.529716761644,2496.6411790226534,2513.314208984375,893834,0.0,0.0
2024-01-16 00:00:00+05:30,2522.5379831485707,2522.5379831485707,2497.331539702283,2507.8876953125,693370,0.0,0.0
2024-01-17 00:00:00+05:30,2507.8876466763445,2522.7845744987985,2491.46126014522,2508.923583984375,801619,0.0,0.0
2024-01-18 00:00:00+05:30,2500.932494238984,2515.7309113646584,2462.6044975396253,2468.3759765625,634910,0.0,0.0
2024-01-19 00:00:00+05:30,2476.2686602528383,2488.008642417738,2466.1070315228944,2480.36279296875,941391,0.0,0.0
2024-01-23 00:00:00+05:30,2446.671560912043,2464.6269250016453,2413.1284830608292,2429.80126953125,690538,0.0,0.0
2024-01-24 00:00:00+05:30,2444.599947241053,2485.5422378132207,2422.0077916788346,2480.16552734375,659038,0.0,0.0
2024-01-25 00:00:00+05:30,2491.1165919002724,2494.0268994852504,2434.5372065194206,2448.79296875,785773,0.0,0.0
2024-01-29 00:00:00+05:30,2448.792664716483,2471.3356833616685,2443.3174430159215,2464.972412109375,632719,0.0,0.0
2024-01-30 00:00:00+05:30,2478.2416616433684,2497.1342117248505,2454.5641935384956,2458.559814453125,668034,0.0,0.0
2024-01-31 00:00:00+05:30,2475.282193536294,2477.995236992741,2448.3490230512684,2472.322509765625,716094,0.0,0.0
2024-02-01 00:00:00+05:30,2476.2683277356823,2477.156136369899,2429.6039401606076,2434.635498046875,820566,0.0,0.0
2024-02-02 00:00:00+05:30,2434.8329113460754,2462.456623468316,2429.949481839253,2448.052734375,754061,0.0,0.0
2024-02-05 00:00:00+05:30,2471.335835476557,2471.335835476557,2423.6848807762726,2429.604248046875,532977,0.0,0.0
2024-02-06 00:00:00+05:30,2429.2593343337167,2444.6495462305306,2412.8823202687063,2423.6357421875,770183,0.0,0.0
2024-02-07 00:00:00+05:30,2436.8062361928596,2477.7979034392133,2413.8193113799152,2466.008544921875,1547404,0.0,0.0
2024-02-08 00:00:00+05:30,2470.3000141264665,2480.067115097778,2376.724823308502,2390.4873046875,1654447,0.0,0.0
2024-02-09 00:00:00+05:30,2410.0210156053727,2432.761057557096,2387.5273730829235,2417.173583984375,838819,0.0,0.0
2024-02-12 00:00:00+05:30,2426.6937184411972,2434.783471465006,2406.5185916798523,2426.003173828125,445269,0.0,0.0
2024-02-13 00:00:00+05:30,2440.752564700964,2443.317720328678,2412.0929118384197,2424.326416015625,310985,0.0,0.0
2024-02-14 00:00:00+05:30,2417.0748733256682,2463.7886412009493,2402.32583196445,2453.57763671875,509308,0.0,0.0
2024-02-15 00:00:00+05:30,2468.4177587263193,2468.4177587263193,2412.02504840672,2427.409423828125,840476,7.0,0.0
2024-02-16 00:00:00+05:30,2430.8721593733653,2463.9657282548337,2422.5122356259544,2461.14599609375,746616,0.0,0.0
2024-02-19 00:00:00+05:30,2468.417827409262,2498.5928749988343,2454.9626276059776,2486.473388671875,477520,0.0,0.0
2024-02-20 00:00:00+05:30,2492.1621680657436,2514.719301499449,2470.4955908107104,2512.3447265625,631444,0.0,0.0
2024-02-21 00:00:00+05:30,2512.344798267241,2523.821306941268,2491.3211985916228,2516.500244140625,893182,0.0,0.0
2024-02-22 00:00:00+05:30,2532.7254539673722,2538.6120136481813,2498.098348151412,2535.841796875,752371,0.0,0.0
2024-02-23 00:00:00+05:30,2537.67210730752,2555.4803326219585,2524.7610956466488,2551.52294921875,605619,0.0,0.0
2024-02-26 00:00:00+05:30,2560.427020006512,2560.427020006512,2539.403421020755,2556.37060546875,661947,0.0,0.0
2024-02-27 00:00:00+05:30,2557.4589499989434,2573.733640463762,2539.403388746533,2571.012939453125,630872,0.0,0.0
2024-02-28 00:00:00+05:30,2573.2886855454576,2577.2460691449123,2532.972840126012,2543.50927734375,492787,0.0,0.0
2024-02-29 00:00:00+05:30,2544.053241915424,2578.433008908856,2519.913300699867,2568.53955078125,1387288,0.0,0.0
2024-03-01 00:00:00+05:30,2568.5395770080963,2588.672861119154,2554.9855875427793,2573.733642578125,755728,0.0,0.0
2024-03-04 00:00:00+05:30,2567.2533934323383,2573.387530799865,2549.93984143579,2561.515380859375,634310,0.0,0.0
2024-03-05 00:00:00+05:30,2562.405789979333,2567.550340168685,2505.023729817634,2511.602783203125,339302,0.0,0.0
2024-03-06 00:00:00+05:30,2512.938405202396,2539.403406123327,2481.526675137366,2506.0625,991640,0.0,0.0
2024-03-07 00:00:00+05:30,2503.045076523518,2538.6615282052758,2492.162271842981,2533.665283203125,648652,0.0,0.0
2024-03-11 00:00:00+05:30,2533.6652754217234,2602.969002414202,2521.3974831626033,2583.6767578125,1495299,0.0,0.0
2024-03-12 00:00:00+05:30,2578.284698392629,2587.1888106893084,2538.958202415626,2562.553955078125,863235,0.0,0.0
2024-03-13 00:00:00+05:30,2567.303058836367,2625.3776140427376,2525.6517419551237,2555.430908203125,1813802,0.0,0.0
2024-03-14 00:00:00+05:30,2562.405712334645,2592.0365717813465,2546.477147777301,2584.913330078125,1122997,0.0,0.0
2024-03-15 00:00:00+05:30,2589.068504007949,2601.880484111935,2557.6567741177987,2575.91015625,1266992,0.0,0.0
2024-03-18 00:00:00+05:30,2575.910453833353,2582.984422210961,2531.4889178506355,2552.85888671875,642596,0.0,0.0
2024-03-19 00:00:00+05:30,2552.5123239149043,2557.2117167593215,2441.8538926363526,2469.456787109375,1748864,0.0,0.0
2024-03-20 00:00:00+05:30,2487.215557336597,2527.7787386614978,2471.435538763229,2523.079345703125,699645,0.0,0.0
2024-03-21 00:00:00+05:30,2523.8212012715408,2534.7535209530415,2498.246515062296,2526.44287109375,903877,0.0,0.0
2024-03-22 00:00:00+05:30,2513.136189148513,2564.384350636574,2509.9703308506896,2545.982421875,1013563,0.0,0.0
2024-03-26 00:00:00+05:30,2540.640107032545,2568.836463360593,2505.1719621935645,2558.54736328125,970852,0.0,0.0
2024-03-27 00:00:00+05:30,2558.547234939833,2562.9497753816113,2524.5631105596663,2539.1064453125,900596,0.0,0.0
2024-03-28 00:00:00+05:30,2539.7004991210692,2610.587037865208,2539.7004991210692,2594.411376953125,2182916,0.0,0.0
2024-04-01 00:00:00+05:30,2594.4111944761953,2614.4454480013437,2554.9856656146035,2558.052734375,743032,0.0,0.0
2024-04-02 00:00:00+05:30,2569.3312294783163,2601.9796432529733,2555.480387270886,2595.35107421875,722883,0.0,0.0
2024-04-03 00:00:00+05:30,2595.351227112491,2595.994205351335,2517.885392466613,2526.739990234375,1925139,0.0,0.0
2024-04-04 00:00:00+05:30,2542.4210171868685,2542.618838049242,2487.3145015728483,2522.436279296875,1391376,0.0,0.0
2024-04-05 00:00:00+05:30,2547.565691354825,2548.5550372543803,2507.002509473059,2510.613525390625,766227,0.0,0.0
2024-04-08 00:00:00+05:30,2504.034198256003,2520.111067367682,2466.2907529265376,2471.435302734375,1218490,0.0,0.0
2024-04-09 00:00:00+05:30,2479.300623939847,2495.327977909609,2470.396511563367,2476.134765625,433941,0.0,0.0
2024-04-10 00:00:00+05:30,2487.215454189828,2506.013025243769,2467.4780528910933,2500.670654296875,494880,0.0,0.0
2024-04-12 00:00:00+05:30,2507.694692272226,2531.735842957565,2489.3917954005124,2509.1787109375,1239965,0.0,0.0
2024-04-15 00:00:00+05:30,2483.258022419274,2549.5441927388324,2483.258022419274,2526.44287109375,1146823,0.0,0.0
2024-04-16 00:00:00+05:30,2522.9800458518193,2556.1231295028456,2515.2138263975903,2518.973388671875,768861,0.0,0.0
2024-04-18 00:00:00+05:30,2513.037541236669,2515.5601799737883,2384.917251059746,2436.313720703125,3038833,0.0,0.0
2024-04-19 00:00:00+05:30,2404.1103569328598,2445.0199034495577,2384.323440414894,2411.728271484375,1851012,0.0,0.0
2024-04-22 00:00:00+05:30,2410.540966761942,2455.556199262524,2401.983222473783,2432.50439453125,1252353,0.0,0.0
2024-04-23 00:00:00+05:30,2422.907997466111,2483.2580945855198,2400.1035272139065,2474.601318359375,1124409,0.0,0.0
2024-04-24 00:00:00+05:30,2488.2543375966115,2508.783264060396,2461.7398204101823,2473.512939453125,723518,0.0,0.0
2024-04-25 00:00:00+05:30,2493.10214644747,2550.4346929077446,2444.9210495403568,2535.34716796875,3240864,0.0,0.0
2024-04-26 00:00:00+05:30,2547.515976334396,2555.282437653763,2444.723042032964,2456.29833984375,1321564,0.0,0.0
2024-04-29 00:00:00+05:30,2475.343113289983,2497.5043618930886,2463.4709640655706,2483.06005859375,621562,0.0,0.0
2024-04-30 00:00:00+05:30,2490.87610200304,2510.5642301619246,2473.90891658452,2480.685791015625,812639,0.0,0.0
2024-05-02 00:00:00+05:30,2480.6855080279943,2513.9276227964738,2478.3111747757443,2485.533447265625,1111913,0.0,0.0
2024-05-03 00:00:00+05:30,2488.303776617346,2496.1690276041095,2410.29376183999,2429.932373046875,1128730,0.0,0.0
2024-05-06 00:00:00+05:30,2448.037140245521,2453.5280577195144,2420.8796464616644,2431.21826171875,715996,0.0,0.0
2024-05-07 00:00:00+05:30,2442.6948970505373,2501.4126697052043,2433.345627101199,2481.92236328125,1073459,0.0,0.0
2024-05-08 00:00:00+05:30,2475.7885781044374,2520.8533317743204,2459.167518817801,2511.94921875,699070,0.0,0.0
2024-05-09 00:00:00+05:30,2511.949222595507,2522.73299621455,2475.343424550594,2486.67138671875,702155,0.0,0.0
2024-05-10 00:00:00+05:30,2486.6713563497924,2521.8426507280706,2476.7778975395604,2506.2109375,697416,0.0,0.0
2024-05-13 00:00:00+05:30,2505.765612192623,2514.8180297813665,2479.350127247916,2489.44140625,340381,0.0,0.0
2024-05-14 00:00:00+05:30,2479.399844912514,2492.1127947438413,2455.556512219153,2460.849609375,556747,0.0,0.0
2024-05-15 00:00:00+05:30,2461.492503644777,2472.3753081223063,2433.790819520157,2438.737548828125,434406,0.0,0.0
2024-05-16 00:00:00+05:30,2443.684326040947,2453.5282692488754,2394.513884063736,2442.052001953125,972494,0.0,0.0
2024-05-17 00:00:00+05:30,2442.0519621277167,2442.0519621277167,2407.870014189114,2419.4453125,721178,0.0,0.0
2024-05-21 00:00:00+05:30,2439.7268254169353,2463.0754837033965,2406.0890670778535,2434.582275390625,1287451,0.0,0.0
2024-05-22 00:00:00+05:30,2445.6627496455776,2460.997609119488,2435.670260727425,2442.843017578125,787327,0.0,0.0
2024-05-23 00:00:00+05:30,2454.5671550301663,2460.9979033202494,2429.3883504176692,2447.7900390625,781663,0.0,0.0
2024-05-24 00:00:00+05:30,2450.5601855793593,2458.5244680796336,2431.8616453956874,2441.458251953125,453772,0.0,0.0
2024-05-27 00:00:00+05:30,2450.6095602808723,2452.588251891919,2428.843952559363,2433.691650390625,535831,0.0,0.0
2024-05-28 00:00:00+05:30,2434.9283712650713,2441.3591191029623,2419.9398786894817,2425.5791015625,521672,0.0,0.0
2024-05-29 00:00:00+05:30,2421.621758857283,2470.396556968365,2418.950573403145,2449.818115234375,869600,0.0,0.0
2024-05-30 00:00:00+05:30,2438.787042708242,2446.7513251310406,2374.9742352038015,2379.178955078125,1274214,0.0,0.0
2024-05-31 00:00:00+05:30,2399.7572432733155,2399.7572432733155,2320.0158760355685,2329.810302734375,2532973,0.0,0.0
2024-06-03 00:00:00+05:30,2349.4985648456163,2363.497711959392,2324.962739541699,2329.958984375,1072515,0.0,0.0
2024-06-04 00:00:00+05:30,2338.76420442116,2412.025317013245,2302.653078879329,2401.884521484375,1558531,0.0,0.0
2024-06-05 00:00:00+05:30,2404.1104978373296,2546.6258207186775,2404.1104978373296,2483.10986328125,2028779,0.0,0.0
2024-06-06 00:00:00+05:30,2491.1729510274477,2491.1729510274477,2426.5191004999447,2445.0693359375,972140,0.0,0.0
2024-06-07 00:00:00+05:30,2450.065339473703,2489.4413503222186,2440.7160700426875,2475.788330078125,1011202,0.0,0.0
2024-06-10 00:00:00+05:30,2483.2580625474075,2537.672083838287,2480.3395406224354,2521.051025390625,795174,0.0,0.0
2024-06-11 00:00:00+05:30,2532.725416970528,2547.5656049605896,2507.002424454421,2514.86767578125,569411,0.0,0.0
2024-06-12 00:00:00+05:30,2516.895903031152,2527.5313711748568,2494.140947932993,2510.267333984375,480408,0.0,0.0
2024-06-13 00:00:00+05:30,2566.5113991761846,2586.5951679183627,2518.0334533003456,2524.563232421875,1081272,0.0,0.0
2024-06-14 00:00:00+05:30,2537.2765054968604,2537.2765054968604,2507.101456572712,2515.411865234375,429472,0.0,0.0
2024-06-18 00:00:00+05:30,2521.842509176034,2527.7785841289788,2507.0023217936723,2523.17822265625,259554,0.0,0.0
2024-06-19 00:00:00+05:30,2522.831992535592,2532.329809593887,2491.0246191278634,2499.13720703125,784307,0.0,0.0
2024-06-20 00:00:00+05:30,2498.098310592055,2523.969608361191,2473.3646639525296,2512.691162109375,657413,0.0,0.0
2024-06-21 00:00:00+05:30,2505.617314335034,2520.8531433106696,2461.9870671619315,2471.781494140625,1271544,0.0,0.0
2024-06-24 00:00:00+05:30,2471.7815417669744,2505.0236584955155,2458.0297312528073,2503.094482421875,724201,0.0,0.0
2024-06-25 00:00:00+05:30,2507.9919075308326,2511.2567973751693,2478.3115299269175,2488.650146484375,312730,0.0,0.0
2024-06-26 00:00:00+05:30,2495.7239731595023,2519.8639156254626,2480.735238396088,2507.249755859375,479356,0.0,0.0
2024-06-27 00:00:00+05:30,2504.232246647695,2526.7893810511223,2481.328986109497,2506.755126953125,866311,0.0,0.0
2024-06-28 00:00:00+05:30,2506.754918142348,2546.279234503332,2501.363031845857,2524.464111328125,1182033,0.0,0.0
2024-07-01 00:00:00+05:30,2532.527395327152,2563.493966785963,2529.757178814059,2540.739013671875,924514,0.0,0.0
2024-07-02 00:00:00+05:30,2557.854729744452,2560.4271256364023,2506.1614077527593,2517.341064453125,581100,0.0,0.0
2024-07-03 00:00:00+05:30,2522.9309304045996,2542.173658739649,2513.630934558334,2524.31591796875,315956,0.0,0.0
2024-07-04 00:00:00+05:30,2532.7253294841003,2537.672058643249,2514.966620110659,2518.033447265625,313676,0.0,0.0
2024-07-05 00:00:00+05:30,2523.425465143296,2552.11649301411,2505.518209752954,2546.724365234375,791513,0.0,0.0
2024-07-08 00:00:00+05:30,2546.724476217797,2592.08607921995,2534.1598324623046,2575.662841796875,724276,0.0,0.0
2024-07-09 00:00:00+05:30,2599.308376672998,2611.9720517471897,2565.967470135278,2605.046630859375,832573,0.0,0.0
2024-07-10 00:00:00+05:30,2609.7953953880483,2621.717061527806,2570.3701070670004,2588.573974609375,534990,0.0,0.0
2024-07-11 00:00:00+05:30,2592.0860494982603,2603.5625576309258,2536.385831500759,2565.571533203125,1053799,0.0,0.0
2024-07-12 00:00:00+05:30,2577.2459856693476,2591.937868422272,2558.300108916415,2581.203369140625,725893,0.0,0.0
2024-07-15 00:00:00+05:30,2581.2528385031046,2591.591454328714,2569.331172701535,2577.344970703125,347961,0.0,0.0
2024-07-16 00:00:00+05:30,2588.0267016112257,2602.1860270797097,2552.702862188214,2590.70947265625,757069,11.25,0.0
2024-07-18 00:00:00+05:30,2558.614893576882,2618.133643969317,2558.614893576882,2610.333740234375,866797,0.0,0.0
2024-07-19 00:00:00+05:30,2618.084143418041,2628.6662788040067,2569.9919744697704,2581.319580078125,538936,0.0,0.0
2024-07-22 00:00:00+05:30,2581.3195872043502,2613.2649148895393,2548.9766592269816,2570.836669921875,745171,0.0,0.0
2024-07-23 00:00:00+05:30,2580.077574314324,2589.914482218651,2533.7739994849644,2565.123291015625,968499,0.0,0.0
2024-07-24 00:00:00+05:30,2564.576630705541,2564.576630705541,2502.673008343502,2525.228515625,1311044,0.0,0.0
2024-07-25 00:00:00+05:30,2528.6071859095573,2540.3816374093453,2443.8001809933717,2464.865234375,3469181,0.0,0.0
2024-07-26 00:00:00+05:30,2476.7392079919287,2476.7392079919287,2435.9006380932724,2461.138916015625,1619693,0.0,0.0
2024-07-29 00:00:00+05:30,2467.796472747918,2471.125010501594,2443.35291024257,2454.5810546875,802901,0.0,0.0
2024-07-30 00:00:00+05:30,2454.63085650479,2464.6167126436376,2435.4038866803608,2442.011474609375,1714758,0.0,0.0
2024-07-31 00:00:00+05:30,2454.2830166550543,2461.2384745969916,2436.3975533757866,2440.719970703125,822361,0.0,0.0
2024-08-01 00:00:00+05:30,2449.314748177398,2476.441081735487,2440.719886765292,2468.19384765625,1326762,0.0,0.0
2024-08-02 00:00:00+05:30,2464.2193752794783,2498.003028005084,2449.3148226064172,2479.223388671875,1155474,0.0,0.0
2024-08-05 00:00:00+05:30,2472.1684211590755,2512.80807027592,2459.3008727898386,2494.922607421875,1325910,0.0,0.0
2024-08-06 00:00:00+05:30,2497.9036279953593,2511.9140048833965,2485.0858094198475,2492.5380859375,949431,0.0,0.0
2024-08-07 00:00:00+05:30,2502.524113739395,2512.8578398481454,2494.2768794439075,2506.7470703125,649970,0.0,0.0
2024-08-08 00:00:00+05:30,2502.524030073139,2508.93293896416,2462.2320090111634,2473.261474609375,1425006,0.0,0.0
2024-08-09 00:00:00+05:30,2490.6502626268607,2495.9163439412014,2474.3544724900053,2488.76220703125,270006,0.0,0.0
2024-08-12 00:00:00+05:30,2485.8806090566145,2493.978651988352,2452.643506422851,2457.36328125,475020,0.0,0.0
2024-08-13 00:00:00+05:30,2458.257538641516,2476.1430017359166,2457.760720222227,2468.889404296875,311846,0.0,0.0
2024-08-14 00:00:00+05:30,2471.075298522084,2476.0932129559333,2444.942844353748,2458.853759765625,561876,0.0,0.0
2024-08-16 00:00:00+05:30,2474.1557492413895,2517.329221729804,2455.6245190781046,2509.380126953125,859834,0.0,0.0
2024-08-19 00:00:00+05:30,2513.901169639581,2529.799358854693,2484.638613632939,2487.221923828125,477701,0.0,0.0
2024-08-20 00:00:00+05:30,2494.6247312843693,2509.9266414858175,2483.1481773397245,2502.474365234375,484732,0.0,0.0
2024-08-21 00:00:00+05:30,2513.801876325571,2538.742259352497,2505.6043719656263,2535.512939453125,624773,0.0,0.0
2024-08-22 00:00:00+05:30,2548.678493881076,2548.728224240486,2528.8057570866818,2534.767578125,634905,0.0,0.0
2024-08-23 00:00:00+05:30,2534.717802045963,2535.1154023269505,2503.9647909287646,2513.106201171875,511537,0.0,0.0
2024-08-26 00:00:00+05:30,2513.1063210183834,2528.805832068889,2491.99153754826,2503.517822265625,633399,0.0,0.0
2024-08-27 00:00:00+05:30,2512.5596541827103,2516.6833925483593,2495.5188797116616,2505.405517578125,391065,0.0,0.0
2024-08-28 00:00:00+05:30,2502.97126957043,2502.97126957043,2474.15580040904,2476.639892578125,565161,0.0,0.0
2024-08-29 00:00:00+05:30,2482.999087359723,2503.4183736374866,2474.8015831493685,2488.61328125,899794,0.0,0.0
2024-08-30 00:00:00+05:30,2488.613270966706,2501.2821410576316,2475.94440087578,2484.83740234375,1904487,0.0,0.0
2024-09-02 00:00:00+05:30,2484.092047604457,2499.9902367091254,2481.1608675057064,2493.928955078125,875591,0.0,0.0
2024-09-03 00:00:00+05:30,2486.079424639435,2542.7167256803814,2486.079424639435,2514.646484375,987527,0.0,0.0
2024-09-04 00:00:00+05:30,2508.982864484854,2525.2784123607425,2497.7049888075076,2518.62109375,502943,0.0,0.0
2024-09-05 00:00:00+05:30,2518.6210955675742,2518.8695047889537,2476.2920672096416,2488.9609375,1119296,0.0,0.0
2024-09-06 00:00:00+05:30,2492.637513088344,2503.2196485660397,2472.2182271875586,2487.271728515625,836700,0.0,0.0
2024-09-09 00:00:00+05:30,2479.272942249406,2503.964915534668,2472.9137633082955,2500.735595703125,583598,0.0,0.0
2024-09-10 00:00:00+05:30,2512.907571469508,2531.6872107338986,2498.003018851065,2519.3662109375,1522039,0.0,0.0
2024-09-11 00:00:00+05:30,2530.7931707680923,2545.3003664653775,2503.418425802036,2510.771484375,979938,0.0,0.0
2024-09-12 00:00:00+05:30,2513.801653957084,2523.8374827145335,2472.1683688951807,2511.764892578125,1554879,0.0,0.0
2024-09-13 00:00:00+05:30,2513.9012417667395,2544.70398425479,2512.162377271446,2515.292236328125,732717,0.0,0.0
2024-09-16 00:00:00+05:30,2513.901328927005,2539.338530317799,2484.0922222598865,2533.376708984375,394397,0.0,0.0
2024-09-17 00:00:00+05:30,2534.9164872434894,2568.84933034514,2522.545757298546,2530.64404296875,695187,0.0,0.0
2024-09-18 00:00:00+05:30,2533.7241697418503,2584.548838819664,2529.7993528061766,2580.623779296875,1177029,0.0,0.0
2024-09-19 00:00:00+05:30,2586.4368101453956,2659.965939592479,2580.623937336686,2617.438232421875,2534289,0.0,0.0
2024-09-20 00:00:00+05:30,2627.175740821247,2687.042358969689,2614.4074107041197,2682.372314453125,2322758,0.0,0.0
2024-09-23 00:00:00+05:30,2687.9365894549474,2712.4796133700474,2672.883088426722,2707.809326171875,1072247,0.0,0.0
2024-09-24 00:00:00+05:30,2707.660297195316,2749.194364216505,2656.9848200734955,2679.2421875,1540033,0.0,0.0
2024-09-25 00:00:00+05:30,2668.1634202078753,2687.390390785608,2642.1301825845517,2680.1865234375,718957,0.0,0.0
2024-09-26 00:00:00+05:30,2690.7188284038048,2744.872036104171,2690.7188284038048,2737.96630859375,1158606,0.0,0.0
2024-09-27 00:00:00+05:30,2732.5014469091275,2760.323279823111,2713.6223460032097,2728.228759765625,1097167,0.0,0.0
2024-09-30 00:00:00+05:30,2702.69233307028,2722.5650708134435,2667.7163631597377,2672.83349609375,883192,0.0,0.0
2024-10-01 00:00:00+05:30,2672.8831500719198,2692.7558872471755,2655.891862752226,2689.82470703125,552759,0.0,0.0
2024-10-03 00:00:00+05:30,2667.914906702022,2677.8512750696273,2633.485487343117,2657.82958984375,812365,0.0,0.0
2024-10-04 00:00:00+05:30,2646.0548770712935,2661.3072994396152,2573.8175280809874,2581.617431640625,1033034,0.0,0.0
2024-10-07 00:00:00+05:30,2588.3743739055494,2603.3286576510864,2550.5664416386485,2557.472412109375,1102858,0.0,0.0
2024-10-08 00:00:00+05:30,2554.243067278963,2577.494073295427,2535.3639665108008,2565.322021484375,1202170,0.0,0.0
2024-10-09 00:00:00+05:30,2562.589353916186,2563.5829907343004,2453.23957356531,2499.990234375,2366595,0.0,0.0
2024-10-10 00:00:00+05:30,2512.9076292428476,2515.590400258422,2490.0539813691485,2496.462890625,1030002,0.0,0.0
2024-10-11 00:00:00+05:30,2503.9649124887387,2505.952186228809,2480.2170883297476,2495.817138671875,628464,0.0,0.0
2024-10-14 00:00:00+05:30,2503.666743908747,2503.666743908747,2477.285636797476,2486.129150390625,670384,0.0,0.0
2024-10-15 00:00:00+05:30,2486.1291675336333,2486.1291675336333,2456.270331211633,2468.4423828125,795154,0.0,0.0
2024-10-16 00:00:00+05:30,2474.155697318573,2477.1863381560047,2415.9782126252453,2446.582275390625,1236643,0.0,0.0
2024-10-17 00:00:00+05:30,2459.201513204625,2459.201513204625,2349.951188295783,2363.56396484375,2627754,0.0,0.0
2024-10-18 00:00:00+05:30,2364.8556170886077,2368.4822944245075,2311.298689854093,2335.294921875,1639185,0.0,0.0
2024-10-21 00:00:00+05:30,2344.9830465524606,2358.893962930314,2318.154850680886,2339.6669921875,748704,0.0,0.0
2024-10-22 00:00:00+05:30,2339.5178783340866,2369.8238011581216,2325.159874890614,2335.294921875,967131,0.0,0.0
2024-10-23 00:00:00+05:30,2335.096225292804,2359.7879543784675,2305.3368514598833,2312.341796875,707261,0.0,0.0
2024-10-24 00:00:00+05:30,2324.1166520202823,2325.1102888958785,2201.899316321909,2244.27783203125,2955497,0.0,0.0
2024-10-25 00:00:00+05:30,2254.561931340618,2271.950575588507,2242.6382895706365,2246.314697265625,1341509,0.0,0.0
2024-10-28 00:00:00+05:30,2256.499431787193,2304.243728319162,2241.6943405719476,2257.592529296875,875565,0.0,0.0
2024-10-29 00:00:00+05:30,2265.492089709893,2271.255232139739,2246.364579741948,2252.97216796875,929831,0.0,0.0
2024-10-30 00:00:00+05:30,2264.2500356617124,2282.632317904057,2245.8180230580447,2261.815673828125,893773,0.0,0.0
2024-10-31 00:00:00+05:30,2272.44755267615,2272.44755267615,2245.6193568203316,2248.550537109375,659765,0.0,0.0
2024-11-01 00:00:00+05:30,2278.30974840124,2278.359478759245,2253.9161587448816,2267.77734375,121614,0.0,0.0
2024-11-04 00:00:00+05:30,2268.472866011227,2272.447413301654,2216.7042905185685,2231.906982421875,963160,0.0,0.0
2024-11-05 00:00:00+05:30,2241.6448015780734,2253.4689834167943,2222.0702035568966,2248.0537109375,725930,0.0,0.0
2024-11-06 00:00:00+05:30,2253.568380078315,2265.193882727961,2243.6817419194695,2261.1201171875,806973,0.0,0.0
2024-11-07 00:00:00+05:30,2258.5364885483664,2270.311181882947,2227.435607610546,2248.451171875,891957,0.0,0.0
2024-11-08 00:00:00+05:30,2255.555549292767,2283.3773798567304,2244.4268655846035,2281.042236328125,834995,0.0,0.0
2024-11-11 00:00:00+05:30,2265.492002186612,2280.247606340965,2239.8561231181293,2264.548095703125,773595,0.0,0.0
2024-11-12 00:00:00+05:30,2275.8755693898265,2275.8755693898265,2226.7402736275203,2241.843505859375,1105339,0.0,0.0
2024-11-13 00:00:00+05:30,2226.9886768009555,2237.620542992629,2207.8611666934626,2221.02685546875,763388,0.0,0.0
2024-11-14 00:00:00+05:30,2224.8027194010397,2230.6650799969743,2164.5384966780457,2168.91064453125,1159238,0.0,0.0
2024-11-18 00:00:00+05:30,2176.7601150938644,2204.8303550272276,2154.900105234254,2199.116943359375,691665,0.0,0.0
2024-11-19 00:00:00+05:30,2210.8420925073747,2229.373323573763,2189.8762569772834,2200.06103515625,806020,0.0,0.0
2024-11-21 00:00:00+05:30,2191.5156877994195,2235.682794942076,2173.0836766836974,2197.129638671875,827884,0.0,0.0
2024-11-22 00:00:00+05:30,2200.1107658593305,2238.5149774289807,2190.1743969027016,2233.000244140625,771958,0.0,0.0
2024-11-25 00:00:00+05:30,2244.178539029641,2269.118678222828,2231.9567573500995,2242.588623046875,2029802,0.0,0.0
2024-11-26 00:00:00+05:30,2255.555712669683,2273.3914461092713,2236.1797935520362,2250.8359375,317122,0.0,0.0
2024-11-27 00:00:00+05:30,2262.1137519573485,2262.3124308101183,2236.1300027521615,2259.48046875,437361,0.0,0.0
2024-11-28 00:00:00+05:30,2259.580030984063,2274.931672503843,2213.8230034237004,2222.0205078125,1246378,0.0,0.0
2024-11-29 00:00:00+05:30,2212.8291952934987,2248.6001207674844,2212.8291952934987,2220.430419921875,1349160,0.0,0.0
2024-12-02 00:00:00+05:30,2228.528778214295,2242.638372982806,2208.954180764612,2237.521240234375,468272,0.0,0.0
2024-12-03 00:00:00+05:30,2247.606489173107,2252.4257247899554,2235.68284732073,2247.308349609375,766232,0.0,0.0
2024-12-04 00:00:00+05:30,2246.6129390419433,2260.523855073163,2227.1872899237796,2243.433349609375,968869,0.0,0.0
2024-12-05 00:00:00+05:30,2243.4332734755244,2262.511052010628,2206.867389774091,2251.084228515625,1187784,0.0,0.0
2024-12-06 00:00:00+05:30,2252.0281221644086,2277.3658610743278,2240.750489809713,2253.36962890625,645601,0.0,0.0
2024-12-09 00:00:00+05:30,2255.5555377862875,2262.113637706325,2199.5640070271015,2214.66748046875,969851,0.0,0.0
2024-12-10 00:00:00+05:30,2214.8165959181233,2225.746601550739,2195.93749527997,2200.359130859375,915298,0.0,0.0
2024-12-11 00:00:00+05:30,2210.8418757947875,2239.6573429399778,2208.8546021985676,2226.789794921875,734861,0.0,0.0
2024-12-12 00:00:00+05:30,2235.6332920042078,2239.6575699618943,2201.005191632277,2209.898193359375,965610,0.0,0.0
2024-12-13 00:00:00+05:30,2210.841994267598,2243.4830618694987,2194.198577007381,2239.16064453125,554661,0.0,0.0
2024-12-16 00:00:00+05:30,2239.160537387458,2243.135084602701,2214.369347649803,2224.50439453125,665686,0.0,0.0
2024-12-17 00:00:00+05:30,2211.8355055471493,2219.734869549539,2186.0009488785845,2188.93212890625,1498906,0.0,0.0
2024-12-18 00:00:00+05:30,2188.9322895620735,2199.8622951086695,2166.625190395763,2174.127197265625,966166,0.0,0.0
2024-12-19 00:00:00+05:30,2171.096394190619,2180.287534532158,2133.7355537134113,2146.65283203125,1553990,0.0,0.0
2024-12-20 00:00:00+05:30,2146.2556693436563,2161.1602226029872,2131.7484738030553,2149.7333984375,1651762,0.0,0.0
2024-12-23 00:00:00+05:30,2156.1920010021613,2166.128369670374,2134.033850354622,2137.9091796875,438717,0.0,0.0
2024-12-24 00:00:00+05:30,2138.008289549349,2161.160075891262,2138.008289549349,2152.912841796875,322566,0.0,0.0
2024-12-26 00:00:00+05:30,2144.4669607796573,2162.153744894101,2132.7419976529736,2136.2197265625,523926,0.0,0.0
2024-12-27 00:00:00+05:30,2145.2619680872053,2155.248066988732,2137.312873254089,2151.820068359375,462667,0.0,0.0
2024-12-30 00:00:00+05:30,2160.1663816343485,2163.147292004589,2135.3254618823435,2146.156005859375,1235490,0.0,0.0
2024-12-31 00:00:00+05:30,2141.2874160785955,2160.713065052789,2134.083548901533,2156.24169921875,635557,0.0,0.0
2025-01-01 00:00:00+05:30,2156.192004995246,2165.383146030364,2143.5728652806715,2155.44677734375,454290,0.0,0.0
2025-01-02 00:00:00+05:30,2155.1982864217216,2193.701713622663,2149.385413925572,2186.19970703125,629164,0.0,0.0
2025-01-03 00:00:00+05:30,2186.1997226834296,2223.7095133219314,2184.063500516349,2218.492919921875,1011450,0.0,0.0
2025-01-06 00:00:00+05:30,2229.2241890844,2230.615183587205,2156.191883357766,2171.096435546875,1138466,0.0,0.0
2025-01-07 00:00:00+05:30,2176.263457088987,2202.1974768232853,2166.0289486556876,2198.570556640625,595819,0.0,0.0
2025-01-08 00:00:00+05:30,2208.854785427007,2210.7923288266225,2180.5858646932415,2205.7744140625,449500,0.0,0.0
2025-01-09 00:00:00+05:30,2201.3525850965557,2257.3441154312463,2190.0252226883063,2241.6943359375,1147318,0.0,0.0
2025-01-10 00:00:00+05:30,2257.592667029191,2263.504757804539,2226.9886033491766,2233.59619140625,809854,0.0,0.0
2025-01-13 00:00:00+05:30,2230.714750333527,2246.7618885850407,2207.4140144877792,2223.113525390625,804531,0.0,0.0
2025-01-14 00:00:00+05:30,2236.875259784302,2242.241044402333,2185.255873215429,2204.929931640625,702549,0.0,0.0
2025-01-15 00:00:00+05:30,2204.92977552143,2205.9731426722105,2158.377794702924,2185.653076171875,723625,0.0,0.0
2025-01-16 00:00:00+05:30,2191.068583503681,2204.134810262347,2142.7777384563287,2155.496337890625,1325809,0.0,0.0
2025-01-17 00:00:00+05:30,2166.774077721482,2212.1834753710114,2158.725764871201,2203.091552734375,455901,0.0,0.0
2025-01-20 00:00:00+05:30,2205.078728053547,2210.841869984862,2188.336093601657,2199.911865234375,401108,0.0,0.0
2025-01-21 00:00:00+05:30,2210.8420136853024,2225.7465665865516,2177.6049092329413,2182.4736328125,764414,0.0,0.0
2025-01-22 00:00:00+05:30,2182.4735896698935,2198.868597537175,2180.1881764194545,2193.75146484375,448036,0.0,0.0
2025-01-23 00:00:00+05:30,2180.188258141553,2195.540141971516,2151.2238401918353,2184.957763671875,496007,0.0,0.0
2025-01-24 00:00:00+05:30,2187.9882258730468,2208.6061894002337,2176.164045029648,2193.8505859375,663600,0.0,0.0
2025-01-27 00:00:00+05:30,2168.165218218591,2217.6978669238374,2154.800851836042,2160.91162109375,549986,0.0,0.0
2025-01-28 00:00:00+05:30,2160.9116521865153,2167.9665705711814,2128.9663257851967,2142.5791015625,721033,0.0,0.0
2025-01-29 00:00:00+05:30,2142.5790894803617,2170.996956529097,2117.6884390169575,2166.82373046875,397145,0.0,0.0
2025-01-30 00:00:00+05:30,2175.0710214829646,2218.4929024487783,2166.8237872742175,2203.24072265625,574560,0.0,0.0
2025-01-31 00:00:00+05:30,2203.240766370893,2371.811160937668,2195.440620063585,2298.480712890625,3139887,0.0,0.0
2025-02-01 00:00:00+05:30,2298.282006976136,2358.893854112126,2242.8867532411946,2312.3916015625,1246565,0.0,0.0
2025-02-03 00:00:00+05:30,2312.391543292872,2358.893794670694,2296.9901726873977,2302.35595703125,1140871,0.0,0.0
2025-02-04 00:00:00+05:30,2307.6220315164064,2308.019631792847,2269.168335470044,2284.818115234375,1243517,0.0,0.0
2025-02-05 00:00:00+05:30,2269.267991293238,2283.2781259726507,2211.090502522933,2234.6396484375,1475295,0.0,0.0
2025-02-06 00:00:00+05:30,2254.561968025639,2254.561968025639,2212.829221151652,2225.199951171875,986957,0.0,0.0
2025-02-07 00:00:00+05:30,2234.0,2238.0,2207.550048828125,2225.10009765625,792558,14.25,0.0
2025-02-10 00:00:00+05:30,2235.0,2252.5,2206.199951171875,2221.050048828125,760181,0.0,0.0
2025-02-11 00:00:00+05:30,2221.050048828125,2232.10009765625,2177.949951171875,2195.5,476837,0.0,0.0
2025-02-12 00:00:00+05:30,2214.0,2214.0,2171.699951171875,2193.75,503258,0.0,0.0
2025-02-13 00:00:00+05:30,2193.75,2210.199951171875,2172.64990234375,2177.550048828125,511147,0.0,0.0
2025-02-14 00:00:00+05:30,2177.550048828125,2225.0,2170.050048828125,2195.85009765625,960861,0.0,0.0
2025-02-17 00:00:00+05:30,2195.85009765625,2220.0,2170.0,2216.5,801515,0.0,0.0
2025-02-18 00:00:00+05:30,2216.5,2229.5,2199.949951171875,2222.39990234375,453059,0.0,0.0
2025-02-19 00:00:00+05:30,2206.0,2224.0,2197.550048828125,2204.949951171875,426479,0.0,0.0
2025-02-20 00:00:00+05:30,2204.949951171875,2214.949951171875,2186.800048828125,2206.75,658467,0.0,0.0
2025-02-21 00:00:00+05:30,2216.949951171875,2218.10009765625,2189.300048828125,2214.949951171875,594245,0.0,0.0
2025-02-24 00:00:00+05:30,2199.0,2237.85009765625,2196.050048828125,2220.39990234375,484042,0.0,0.0
2025-02-25 00:00:00+05:30,2222.449951171875,2256.39990234375,2213.85009765625,2250.39990234375,642834,0.0,0.0
2025-02-27 00:00:00+05:30,2260.199951171875,2281.800048828125,2250.0,2278.199951171875,751003,0.0,0.0
2025-02-28 00:00:00+05:30,2261.0,2270.0,2185.0,2189.64990234375,1843566,0.0,0.0
2025-03-03 00:00:00+05:30,2188.25,2200.0,2150.800048828125,2185.550048828125,521775,0.0,0.0
2025-03-04 00:00:00+05:30,2160.0,2164.10009765625,2118.0,2146.5,1042522,0.0,0.0
2025-03-05 00:00:00+05:30,2110.0,2209.35009765625,2110.0,2197.0,846664,0.0,0.0
2025-03-06 00:00:00+05:30,2187.0,2216.39990234375,2170.300048828125,2201.199951171875,1257461,0.0,0.0
2025-03-07 00:00:00+05:30,2201.0,2246.0,2191.25,2238.449951171875,525606,0.0,0.0
2025-03-10 00:00:00+05:30,2239.199951171875,2274.0,2155.10009765625,2248.39990234375,506580,0.0,0.0
2025-03-11 00:00:00+05:30,2240.800048828125,2272.449951171875,2233.75,2251.39990234375,478555,0.0,0.0
2025-03-12 00:00:00+05:30,2249.0,2254.10009765625,2191.64990234375,2195.5,358589,0.0,0.0
2025-03-13 00:00:00+05:30,2202.10009765625,2211.75,2184.10009765625,2191.949951171875,292170,0.0,0.0
2025-03-17 00:00:00+05:30,2175.550048828125,2203.35009765625,2156.0,2174.35009765625,410005,0.0,0.0
2025-03-18 00:00:00+05:30,2174.35009765625,2174.35009765625,2174.35009765625,2174.35009765625,0,0.0,0.0
2025-03-19 00:00:00+05:30,2206.5,2213.39990234375,2180.14990234375,2184.0,422543,0.0,0.0
2025-03-20 00:00:00+05:30,2204.0,2228.75,2181.14990234375,2221.550048828125,476874,0.0,0.0
2025-03-21 00:00:00+05:30,2240.89990234375,2275.0,2231.949951171875,2268.85009765625,792637,0.0,0.0
2025-03-24 00:00:00+05:30,2273.10009765625,2288.60009765625,2260.050048828125,2263.550048828125,430951,0.0,0.0
2025-03-25 00:00:00+05:30,2260.0,2280.0,2230.199951171875,2254.85009765625,742142,0.0,0.0
2025-03-26 00:00:00+05:30,2254.89990234375,2269.85009765625,2240.10009765625,2243.449951171875,533469,0.0,0.0
2025-03-27 00:00:00+05:30,2240.199951171875,2268.0,2225.25,2242.050048828125,865586,0.0,0.0
2025-03-28 00:00:00+05:30,2243.050048828125,2287.949951171875,2243.050048828125,2250.75,716151,0.0,0.0
2025-04-01 00:00:00+05:30,2261.89990234375,2287.85009765625,2218.10009765625,2234.0,1020055,0.0,0.0
2025-04-02 00:00:00+05:30,2230.0,2230.0,2148.0,2210.699951171875,1300852,0.0,0.0
2025-04-03 00:00:00+05:30,2198.050048828125,2249.050048828125,2195.0,2245.64990234375,317858,0.0,0.0
2025-04-04 00:00:00+05:30,2234.0,2282.800048828125,2217.25,2262.14990234375,591735,0.0,0.0
2025-04-07 00:00:00+05:30,2160.0,2257.35009765625,2160.0,2249.0,737285,0.0,0.0
2025-04-08 00:00:00+05:30,2255.0,2282.949951171875,2231.25,2275.39990234375,873508,0.0,0.0
2025-04-09 00:00:00+05:30,2283.199951171875,2362.60009765625,2272.199951171875,2344.85009765625,1853374,0.0,0.0
2025-04-11 00:00:00+05:30,2345.699951171875,2372.0,2322.050048828125,2361.39990234375,1118317,0.0,0.0
2025-04-15 00:00:00+05:30,2381.39990234375,2381.39990234375,2345.60009765625,2367.89990234375,780874,0.0,0.0
2025-04-16 00:00:00+05:30,2347.0,2390.10009765625,2347.0,2383.300048828125,677212,0.0,0.0
2025-04-17 00:00:00+05:30,2372.0,2423.199951171875,2358.60009765625,2416.60009765625,907921,0.0,0.0
2025-04-21 00:00:00+05:30,2401.0,2421.0,2390.5,2399.39990234375,476565,0.0,0.0
2025-04-22 00:00:00+05:30,2405.0,2420.0,2390.0,2407.300048828125,487954,0.0,0.0
2025-04-23 00:00:00+05:30,2419.300048828125,2441.89990234375,2400.0,2433.39990234375,582556,0.0,0.0
2025-04-24 00:00:00+05:30,2435.0,2515.0,2379.0,2433.199951171875,2337238,0.0,0.0
2025-04-25 00:00:00+05:30,2426.89990234375,2435.199951171875,2387.300048828125,2413.5,1128284,0.0,0.0
2025-04-28 00:00:00+05:30,2400.0,2418.39990234375,2386.0,2406.0,980526,0.0,0.0
2025-04-29 00:00:00+05:30,2406.0,2406.0,2359.199951171875,2387.5,976060,0.0,0.0
2025-04-30 00:00:00+05:30,2375.0,2406.39990234375,2364.300048828125,2388.199951171875,1020431,0.0,0.0
2025-05-02 00:00:00+05:30,2375.0,2384.800048828125,2327.0,2331.800048828125,632574,0.0,0.0
2025-05-05 00:00:00+05:30,2348.89990234375,2352.0,2323.699951171875,2328.199951171875,913797,0.0,0.0
2025-05-06 00:00:00+05:30,2337.0,2374.199951171875,2330.0,2356.5,871013,0.0,0.0
2025-05-07 00:00:00+05:30,2331.0,2356.0,2327.300048828125,2338.39990234375,676652,0.0,0.0
2025-05-08 00:00:00+05:30,2328.0,2350.10009765625,2315.10009765625,2340.699951171875,1346546,0.0,0.0
2025-05-09 00:00:00+05:30,2302.0,2349.0,2291.699951171875,2325.39990234375,908229,0.0,0.0
2025-05-12 00:00:00+05:30,2359.800048828125,2389.0,2346.0,2383.800048828125,400750,0.0,0.0
2025-05-13 00:00:00+05:30,2380.0,2389.800048828125,2342.0,2370.199951171875,1166776,0.0,0.0
2025-05-14 00:00:00+05:30,2365.0,2379.199951171875,2353.300048828125,2370.39990234375,601533,0.0,0.0
2025-05-15 00:00:00+05:30,2370.0,2414.89990234375,2341.5,2398.10009765625,964112,0.0,0.0
2025-05-16 00:00:00+05:30,2414.60009765625,2414.60009765625,2376.699951171875,2408.800048828125,684551,0.0,0.0
2025-05-19 00:00:00+05:30,2404.0,2422.10009765625,2396.199951171875,2407.800048828125,422931,0.0,0.0
2025-05-20 00:00:00+05:30,2419.800048828125,2419.800048828125,2354.300048828125,2358.5,777675,0.0,0.0
2025-05-21 00:00:00+05:30,2358.5,2398.0,2358.5,2392.60009765625,675148,0.0,0.0
2025-05-22 00:00:00+05:30,2385.0,2385.0,2340.0,2361.699951171875,1080806,0.0,0.0
2025-05-23 00:00:00+05:30,2356.0,2424.0,2352.10009765625,2414.39990234375,577230,0.0,0.0
2025-05-26 00:00:00+05:30,2414.39990234375,2464.89990234375,2405.39990234375,2454.0,624354,0.0,0.0
2025-05-27 00:00:00+05:30,2450.10009765625,2482.0,2432.199951171875,2460.89990234375,792049,0.0,0.0
2025-05-28 00:00:00+05:30,2452.10009765625,2456.699951171875,2416.0,2419.0,723621,0.0,0.0
2025-05-29 00:00:00+05:30,2421.39990234375,2439.800048828125,2406.5,2435.0,931298,0.0,0.0
2025-05-30 00:00:00+05:30,2435.0,2457.0,2417.89990234375,2421.300048828125,177523,0.0,0.0
