timestamp,Open,High,Low,Close,Volume,Dividends,Stock Splits
2020-06-01 00:00:00+05:30,74.94817123365027,75.90025672744393,73.99608573985661,74.56733703613281,10106253,0.0,0.0
2020-06-02 00:00:00+05:30,75.21473502619938,75.36706634233188,73.15823320307449,73.69139862060547,18170659,0.0,0.0
2020-06-03 00:00:00+05:30,74.45308826541077,74.49117401094595,71.90150021341354,72.12999725341797,23102350,0.0,0.0
2020-06-04 00:00:00+05:30,71.71106432133121,72.73931525964677,70.644727647458,72.47273254394531,12827335,0.0,0.0
2020-06-05 00:00:00+05:30,72.35848855263643,74.79582478998226,71.71107165937907,74.60540771484375,11744302,0.0,0.0
2020-06-08 00:00:00+05:30,75.36707875911858,76.31916416947162,74.45307908960694,75.06241607666016,14168383,0.0,0.0
2020-06-09 00:00:00+05:30,75.40516195491868,75.93832744229395,74.03415668585662,74.64349365234375,14232434,0.0,0.0
2020-06-10 00:00:00+05:30,74.75774383544922,76.28108041564761,74.07224121214637,74.75774383544922,12104423,0.0,0.0
2020-06-11 00:00:00+05:30,74.75775289526507,75.93833540135168,73.72950174123203,74.68158721923828,10258905,0.0,0.0
2020-06-12 00:00:00+05:30,71.97765142517324,74.60540462896677,71.82532009579045,73.80565643310547,10925477,0.0,0.0
2020-06-15 00:00:00+05:30,73.65331909820945,73.84373616496912,70.53048036556457,70.98748016357422,10980359,0.0,0.0
2020-06-16 00:00:00+05:30,72.32042105022761,72.4346724863351,70.2639184445704,70.6828384399414,8757035,0.0,0.0
2020-06-17 00:00:00+05:30,70.7970898089742,70.91134125435129,69.19758700690475,69.69267272949219,17081311,0.0,0.0
2020-06-18 00:00:00+05:30,69.92115446344783,71.82532527333402,68.47398348572071,70.60665130615234,16520026,0.0,0.0
2020-06-19 00:00:00+05:30,70.87322977817146,71.63489799368726,70.37814427587274,70.83514404296875,13836691,0.0,0.0
2020-06-22 00:00:00+05:30,71.67300752184603,73.00592744955172,71.10175612425789,72.5870132446289,18868376,0.0,0.0
2020-06-23 00:00:00+05:30,72.43465573539514,77.04275137454933,72.35849006596037,76.73808288574219,20331626,0.0,0.0
2020-06-24 00:00:00+05:30,77.69017017990906,79.06117550751121,73.69141142064903,73.91991424560547,24055051,0.0,0.0
2020-06-25 00:00:00+05:30,73.91991562798776,75.06241815199952,71.8634075981256,73.19632720947266,69278017,0.0,0.0
2020-06-26 00:00:00+05:30,73.42482847047516,74.18649680354841,72.77741154957654,73.88182830810547,15572219,0.0,0.0
2020-06-29 00:00:00+05:30,74.37692150450265,74.68159003114974,71.93957910239465,72.28233337402344,18130595,0.0,0.0
2020-06-30 00:00:00+05:30,73.88181877114509,74.45306994721065,72.51081362416078,72.96781921386719,18496305,0.0,0.0
2020-07-01 00:00:00+05:30,72.12999409970135,72.12999409970135,70.30199461531541,71.29216003417969,21639137,0.0,0.0
2020-07-02 00:00:00+05:30,71.97766564219856,71.97766564219856,70.94941443809522,71.13983154296875,14333457,0.0,0.0
2020-07-03 00:00:00+05:30,71.29215843600058,72.62507808660821,70.64474148220485,71.9776611328125,15274841,0.0,0.0
2020-07-06 00:00:00+05:30,73.0439974536226,73.42483163658092,72.24424334498269,72.51082611083984,11830916,0.0,0.0
2020-07-07 00:00:00+05:30,72.66316240729785,72.70124233850015,70.26390592095403,70.4924087524414,18786009,0.0,0.0
2020-07-08 00:00:00+05:30,70.72089850772709,70.72089850772709,69.19756195048551,69.31181335449219,26256635,0.0,0.0
2020-07-09 00:00:00+05:30,69.54032095706573,70.07348646443305,69.15948679149817,69.46414947509766,11910945,0.0,0.0
2020-07-10 00:00:00+05:30,69.46414375011868,69.54031522580898,68.35972708542197,68.85481262207031,12213053,0.0,0.0
2020-07-13 00:00:00+05:30,69.34990350297775,70.72090300503966,68.16931527161196,68.47398376464844,17508551,0.0,0.0
2020-07-14 00:00:00+05:30,68.39781910771968,68.47398477934043,66.5698139334804,66.7602310180664,14240946,0.0,0.0
2020-07-15 00:00:00+05:30,67.25530505237943,68.35972162892116,66.836385213792,67.06488800048828,11582839,0.0,0.0
2020-07-16 00:00:00+05:30,67.17913119798064,67.3314683207261,65.38921213595758,66.07471466064453,10152592,0.0,0.0
2020-07-17 00:00:00+05:30,66.41747785340408,67.52190044850674,66.26514650769879,67.25531768798828,12238969,0.0,0.0
2020-07-20 00:00:00+05:30,67.71231407681299,67.71231407681299,66.26514312227386,66.37939453125,12349129,0.0,0.0
2020-07-21 00:00:00+05:30,67.02680564283328,67.52189116490862,66.11280607213075,67.29338836669922,20118152,0.0,0.0
2020-07-22 00:00:00+05:30,67.59806611522792,70.5304881028016,67.55998037327088,68.81673431396484,31321718,0.0,0.0
2020-07-23 00:00:00+05:30,69.23566084994364,69.76882642190124,68.74057521251507,68.96907806396484,11161294,0.0,0.0
2020-07-24 00:00:00+05:30,68.77866532340951,68.9309966933317,67.44574549784785,68.0931625366211,11352904,0.0,0.0
2020-07-27 00:00:00+05:30,68.20740202313368,68.24548195340992,66.45556252051514,66.7602310180664,10071266,0.0,0.0
2020-07-28 00:00:00+05:30,66.95063897268159,67.63614154592378,66.18897073820528,67.44572448730469,13888285,0.0,0.0
2020-07-29 00:00:00+05:30,67.40765027029174,68.2835700518369,66.95065041372379,67.14106750488281,10732504,0.0,0.0
2020-07-30 00:00:00+05:30,67.44574434693087,67.78849282894166,65.57965313634658,65.96048736572266,10668042,0.0,0.0
2020-07-31 00:00:00+05:30,66.18897867777409,66.72214418143534,65.73197884448328,66.26514434814453,7906179,0.0,0.0
2020-08-03 00:00:00+05:30,66.41747490748934,66.41747490748934,64.74180693478107,65.19880676269531,14158505,0.0,0.0
2020-08-04 00:00:00+05:30,65.88430941010073,66.26514356854062,65.00838968347537,65.19880676269531,19621505,0.0,0.0
2020-08-05 00:00:00+05:30,65.42731475830078,65.96048029786941,65.04648056973217,65.42731475830078,9478990,0.0,0.0
2020-08-06 00:00:00+05:30,65.8843042855765,66.60788680590434,65.19880169148993,65.61772155761719,12208873,0.0,0.0
2020-08-07 00:00:00+05:30,65.65581322136143,66.03664741826276,65.00839624884291,65.35115051269531,10339288,0.0,0.0
2020-08-10 00:00:00+05:30,66.1128222854156,67.55998765874794,65.61773664192712,67.17915344238281,12215464,0.0,0.0
2020-08-11 00:00:00+05:30,67.7884753175903,68.245475112574,66.8744757276229,67.21722412109375,11180265,0.0,0.0
2020-08-12 00:00:00+05:30,67.02680919442709,67.902728885886,66.30322664686894,67.55997467041016,14803880,0.0,0.0
2020-08-13 00:00:00+05:30,68.61990614405654,68.69841742310619,67.91329265255641,68.50213623046875,13723113,2.65,0.0
2020-08-14 00:00:00+05:30,68.58064591100226,70.54345779162641,68.0703136240347,69.405029296875,25402282,0.0,0.0
2020-08-17 00:00:00+05:30,70.19015783835636,75.76454268225807,70.19015783835636,74.82239532470703,115111358,0.0,0.0
2020-08-18 00:00:00+05:30,75.5290026105736,76.78520707006422,73.84098909943333,74.62611389160156,52023697,0.0,0.0
2020-08-19 00:00:00+05:30,75.37197469120701,75.76453705939039,73.99800640256522,74.31205749511719,21840924,0.0,0.0
2020-08-20 00:00:00+05:30,74.27279569354847,80.0042084205139,73.998003245549,79.37610626220703,112338263,0.0,0.0
2020-08-21 00:00:00+05:30,80.63231206927858,84.675705862184,79.76867601400428,83.18396759033203,107862545,0.0,0.0
2020-08-24 00:00:00+05:30,84.08686119471899,84.7934746817388,81.45669442805927,82.75215148925781,49154455,0.0,0.0
2020-08-25 00:00:00+05:30,83.22322858032848,84.32240449543254,81.0248767501204,81.49595642089844,50940674,0.0,0.0
2020-08-26 00:00:00+05:30,82.1240517143675,82.1240517143675,79.76867734785584,80.71083068847656,30828711,0.0,0.0
2020-08-27 00:00:00+05:30,81.02486081957731,81.57445166408604,80.08271364331331,80.55378723144531,19363725,0.0,0.0
2020-08-28 00:00:00+05:30,80.98562971810131,81.84926585768291,79.49389130062728,79.72943115234375,21358972,0.0,0.0
2020-08-31 00:00:00+05:30,80.55379048834503,80.63230175787041,74.97940649168075,75.68601989746094,40298594,0.0,0.0
2020-09-01 00:00:00+05:30,76.54965669254595,79.41536298724645,75.76453200851984,78.3554458618164,44304572,0.0,0.0
2020-09-02 00:00:00+05:30,78.35544056229078,78.90502540792782,77.1777536159038,77.68807983398438,20904846,0.0,0.0
2020-09-03 00:00:00+05:30,77.72733706634857,78.27692190212065,76.07857656900687,76.70667266845703,19004282,0.0,0.0
2020-09-04 00:00:00+05:30,75.41122618638066,76.51039592123684,73.80171823315786,74.35130310058594,27339411,0.0,0.0
2020-09-07 00:00:00+05:30,74.42982510424237,75.37197236276647,72.27073214593395,72.54552459716797,28474893,0.0,0.0
2020-09-08 00:00:00+05:30,73.21288541592234,73.21288541592234,70.89676972102717,71.17156219482422,31186005,0.0,0.0
2020-09-09 00:00:00+05:30,70.73973332945214,71.6426279204271,69.48353502419506,70.97527313232422,28307198,0.0,0.0
2020-09-10 00:00:00+05:30,71.44635950245059,71.83892191729922,70.07239105048039,71.09305572509766,27263673,0.0,0.0
2020-09-11 00:00:00+05:30,70.81824210314109,71.36783296045375,70.22939860675125,70.73973083496094,18190992,0.0,0.0
2020-09-14 00:00:00+05:30,70.97528661168616,72.19222651757258,70.46495426856023,71.3285903930664,22533738,0.0,0.0
2020-09-15 00:00:00+05:30,71.36784925396282,72.82032901199172,71.09305675758338,71.52487182617188,26866105,0.0,0.0
2020-09-16 00:00:00+05:30,74.0721069852106,74.0721069852106,72.21222150673081,72.49524688720703,20778500,2.65,0.0
2020-09-17 00:00:00+05:30,72.01004462697716,72.33349861180878,71.40355915118394,71.68658447265625,21804215,0.0,0.0
2020-09-18 00:00:00+05:30,72.01004389233125,73.66776714089373,71.72701240425714,73.22301483154297,44757908,0.0,0.0
2020-09-21 00:00:00+05:30,73.70822394965498,73.86995098864024,70.63536085300638,71.40357971191406,17714694,0.0,0.0
2020-09-22 00:00:00+05:30,71.40358183707782,72.41439128454783,68.97763916314982,70.91838836669922,25113194,0.0,0.0
2020-09-23 00:00:00+05:30,70.87794063749801,71.28226430779807,68.08810361073385,68.81588745117188,24107408,0.0,0.0
2020-09-24 00:00:00+05:30,68.00723767211805,69.2606434729022,66.43037788228322,66.83470153808594,17724521,0.0,0.0
2020-09-25 00:00:00+05:30,67.40075327090854,68.85632092297129,66.59210594631577,68.57329559326172,15999517,0.0,0.0
2020-09-28 00:00:00+05:30,69.22021395862436,71.36313073294504,68.81589027175214,70.75664520263672,22735756,0.0,0.0
2020-09-29 00:00:00+05:30,71.5653064960239,71.8887667423335,68.4520147354623,68.85633850097656,21328822,0.0,0.0
2020-09-30 00:00:00+05:30,69.22021112147193,69.42237295662196,67.44118943994752,68.81588745117188,18475452,0.0,0.0
2020-10-01 00:00:00+05:30,69.38194337674334,69.38194337674334,68.33069938002409,68.65415954589844,18244405,0.0,0.0
2020-10-05 00:00:00+05:30,68.73501878665068,69.09890759478435,67.7646445186348,68.2902603149414,15677842,0.0,0.0
2020-10-06 00:00:00+05:30,68.29027424757321,68.4520074382322,67.64335999340841,68.04768371582031,13094249,0.0,0.0
2020-10-07 00:00:00+05:30,68.08811036467918,68.12854520351593,66.51125036188944,66.95600891113281,19056844,0.0,0.0
2020-10-08 00:00:00+05:30,67.19859707265348,67.4007589207478,66.59211152837052,66.79427337646484,11961568,0.0,0.0
2020-10-09 00:00:00+05:30,66.9964380246647,67.23903472031317,66.02606358105133,67.03687286376953,18016087,0.0,0.0
2020-10-12 00:00:00+05:30,67.64336473476409,68.37114872001646,66.63255535788325,66.91558074951172,11714109,0.0,0.0
2020-10-13 00:00:00+05:30,66.95599986872463,67.44118702179001,66.63253971018459,66.83470153808594,11503196,0.0,0.0
2020-10-14 00:00:00+05:30,66.95599544412276,67.15815725866482,63.15534962903883,63.96399688720703,47114322,0.0,0.0
2020-10-15 00:00:00+05:30,63.96399260638024,65.09609992594659,63.478805517848535,63.88312911987305,20107413,0.0,0.0
2020-10-16 00:00:00+05:30,63.88314314320782,65.0961142155472,63.43838461555408,64.93438720703125,16578267,0.0,0.0
2020-10-19 00:00:00+05:30,65.4600126891426,67.2390408917051,65.09612378176138,66.02606964111328,21839955,0.0,0.0
2020-10-20 00:00:00+05:30,66.02605454203261,66.26864503498,64.93438190004584,65.2174072265625,14238188,0.0,0.0
2020-10-21 00:00:00+05:30,65.86432631330125,67.76465258266329,65.21741211413725,66.55168151855469,38563701,0.0,0.0
2020-10-22 00:00:00+05:30,66.55167590988738,69.46280498451357,65.8238920988585,68.45199584960938,34256481,0.0,0.0
2020-10-23 00:00:00+05:30,69.5436572973279,70.02884437015577,68.33068653051404,69.74581909179688,46258872,0.0,0.0
2020-10-26 00:00:00+05:30,70.4331882490234,71.16097215266458,68.16897920040543,69.50324249267578,34724632,0.0,0.0
2020-10-27 00:00:00+05:30,71.80788787590667,72.81869707365598,70.39275499905764,72.33350372314453,95412168,0.0,0.0
2020-10-28 00:00:00+05:30,72.33350933217557,73.30388993895596,70.75664932920648,71.24183654785156,44763206,0.0,0.0
2020-10-29 00:00:00+05:30,70.35232173500722,71.56529279940389,69.54367435874278,69.947998046875,41912944,0.0,0.0
2020-10-30 00:00:00+05:30,70.27144332100049,71.76743941576953,69.78625623208737,70.83749389648438,40735912,0.0,0.0
2020-11-02 00:00:00+05:30,71.40357746363526,72.45481552292136,71.12054590008623,72.13135528564453,31922062,0.0,0.0
2020-11-03 00:00:00+05:30,73.95080325221733,74.39556179596752,67.15816993687326,69.50324249267578,118128168,0.0,0.0
2020-11-04 00:00:00+05:30,69.66496962659784,70.43318213237211,68.33070028070972,68.81588745117188,47519427,0.0,0.0
2020-11-05 00:00:00+05:30,69.42239388610206,70.35233984205044,69.22023199000421,70.19061279296875,41267817,0.0,0.0
2020-11-06 00:00:00+05:30,70.51404000477132,71.76744575046236,70.27144952364631,70.59490966796875,46143960,0.0,0.0
2020-11-09 00:00:00+05:30,71.68658953827881,72.65696390032225,70.9183708462955,72.33350372314453,42703600,0.0,0.0
2020-11-10 00:00:00+05:30,72.6165357743138,74.19339566673737,72.41437393326002,73.9912338256836,43483223,0.0,0.0
2020-11-11 00:00:00+05:30,74.39554541916459,75.6085162683901,74.15294878152397,75.12332916259766,51801855,0.0,0.0
2020-11-12 00:00:00+05:30,74.71902852309873,74.88075555159942,73.10173356012902,73.4251937866211,33374610,0.0,0.0
2020-11-13 00:00:00+05:30,72.77826183949422,74.67858188696086,72.13134148868062,73.95079803466797,24025139,0.0,0.0
2020-11-14 00:00:00+05:30,73.22302475292975,74.71902121342707,73.02086290233578,73.50605010986328,12521960,0.0,0.0
2020-11-17 00:00:00+05:30,74.19338146131037,74.71900338131002,71.36311622845385,71.72700500488281,55324429,0.0,0.0
2020-11-18 00:00:00+05:30,71.72703378988459,72.41438912929965,71.24184650343773,71.40357971191406,37574681,0.0,0.0
2020-11-19 00:00:00+05:30,71.48443140735372,74.31469730788648,71.16097121339483,72.61653900146484,55196018,0.0,0.0
2020-11-20 00:00:00+05:30,72.98042738320918,74.47642382974261,72.69740202891745,74.23383331298828,47670803,0.0,0.0
2020-11-23 00:00:00+05:30,75.12333478148967,76.33630572144003,74.3955509836216,75.72982025146484,54262598,0.0,0.0
2020-11-24 00:00:00+05:30,76.21501878095161,76.6597773265145,75.81069507389087,76.1341552734375,35713773,0.0,0.0
2020-11-25 00:00:00+05:30,76.37674343332283,76.74063846011478,75.08290884465025,75.97241973876953,32464332,0.0,0.0
2020-11-26 00:00:00+05:30,75.97240590345842,76.65976099461699,75.52765362213748,76.09370422363281,30825401,0.0,0.0
2020-11-27 00:00:00+05:30,77.4279776875248,78.47922162784039,74.23382337343303,76.57889556884766,216981706,0.0,0.0
2020-12-01 00:00:00+05:30,76.57891978969052,77.79189110316709,75.56811036179339,75.81070709228516,35330973,0.0,0.0
2020-12-02 00:00:00+05:30,76.53847643828608,76.98322879958644,75.85112739301103,76.65977478027344,27650080,0.0,0.0
2020-12-03 00:00:00+05:30,77.50886297650867,80.17740224028148,77.06411054554047,79.69221496582031,43841111,0.0,0.0
2020-12-04 00:00:00+05:30,80.21783091428355,80.70302435823564,78.84313260839508,79.69221496582031,34813873,0.0,0.0
2020-12-07 00:00:00+05:30,80.05609681552514,81.7946900509725,79.81350011495468,80.66258239746094,27049393,0.0,0.0
2020-12-08 00:00:00+05:30,81.30950619198198,81.55209673312456,79.08572563264323,79.4091796875,30386160,0.0,0.0
2020-12-09 00:00:00+05:30,80.25824851614878,80.78387052118521,79.16657584075904,79.49003601074219,24061383,0.0,0.0
2020-12-10 00:00:00+05:30,79.57090599840183,80.33911856644194,78.03447469283147,78.56009674072266,25985382,0.0,0.0
2020-12-11 00:00:00+05:30,79.16658286212257,83.20981992178673,78.96442100913936,82.80549621582031,63463638,0.0,0.0
2020-12-14 00:00:00+05:30,83.65457267083681,85.19100399427958,83.29068380163545,84.58451843261719,45802433,0.0,0.0
2020-12-15 00:00:00+05:30,84.98884371179197,86.04008783923982,83.16938699316398,85.59532928466797,52215593,0.0,0.0
2020-12-16 00:00:00+05:30,86.48482591774079,86.72742257455623,84.5440773411743,84.82710266113281,25184934,0.0,0.0
2020-12-17 00:00:00+05:30,85.433591556217,85.433591556217,84.09932222925875,84.46321105957031,16840984,0.0,0.0
2020-12-18 00:00:00+05:30,84.54408374529848,84.74624558479513,83.16937953502736,83.89716339111328,33596568,0.0,0.0
2020-12-21 00:00:00+05:30,83.8567278710588,84.0588897089056,76.61933654393906,78.8431167602539,34210970,0.0,0.0
2020-12-22 00:00:00+05:30,78.72182144539877,80.70301123403958,78.03447240423355,79.97522735595703,29181188,0.0,0.0
2020-12-23 00:00:00+05:30,80.09653872278645,80.37956411876455,79.08572933037112,79.69221496582031,17602151,0.0,0.0
2020-12-24 00:00:00+05:30,80.29867923533833,82.07770082482955,80.05608257791258,80.82429504394531,23052394,0.0,0.0
2020-12-28 00:00:00+05:30,81.55207494505825,82.11813172880687,80.864726007889,81.2286148071289,15454893,0.0,0.0
2020-12-29 00:00:00+05:30,81.26905907511464,81.7138175876002,79.2070058546666,79.73262786865234,23647197,0.0,0.0
2020-12-30 00:00:00+05:30,80.05609937767697,80.58172146607498,79.40917893511164,80.136962890625,30281285,0.0,0.0
2020-12-31 00:00:00+05:30,79.32830216151676,81.06689516198084,79.24743866208601,80.339111328125,50363279,0.0,0.0
2021-01-01 00:00:00+05:30,80.8242971222273,81.02645895211731,79.89435764032484,80.09651947021484,13493039,0.0,0.0
2021-01-04 00:00:00+05:30,80.66257012611108,80.86473195600108,79.65176097666107,80.09651947021484,22325584,0.0,0.0
2021-01-05 00:00:00+05:30,79.57091644935784,79.57091644935784,78.43880869816654,78.92399597167969,23510160,0.0,0.0
2021-01-06 00:00:00+05:30,79.24743510823643,80.05608240525926,78.64094963546933,79.12613677978516,21952878,0.0,0.0
2021-01-07 00:00:00+05:30,79.32831560998024,79.65177583202873,78.31750627201033,78.43880462646484,24999580,0.0,0.0
2021-01-08 00:00:00+05:30,78.92398487367181,81.2690635636349,78.72182302401103,80.98603820800781,43240591,0.0,0.0
2021-01-11 00:00:00+05:30,81.47122423576586,81.87554792924361,79.81349462471113,80.05609130859375,22036573,0.0,0.0
2021-01-12 00:00:00+05:30,80.0560924656702,81.67338726295647,79.49004175441603,80.98603820800781,24262426,0.0,0.0
2021-01-13 00:00:00+05:30,81.06689695459576,84.38234986048678,80.98603345337689,82.92678833007812,49236964,0.0,0.0
2021-01-14 00:00:00+05:30,83.85674724729569,83.97804561192933,82.23945217082331,82.6437759399414,29301114,0.0,0.0
2021-01-15 00:00:00+05:30,82.88634415808622,83.7758549102752,80.7838625157789,81.2286148071289,24067229,0.0,0.0
2021-01-18 00:00:00+05:30,81.22861710690725,81.59251208593889,78.27705945964476,78.883544921875,23613664,0.0,0.0
2021-01-19 00:00:00+05:30,79.24744143492333,81.55208518153081,78.88355259000785,80.58171081542969,22934496,0.0,0.0
2021-01-20 00:00:00+05:30,80.54127385132544,80.62213735144883,79.24743934088242,79.49003601074219,25599184,0.0,0.0
2021-01-21 00:00:00+05:30,79.81349579701288,80.17739082818171,77.30669009452885,77.71101379394531,22667011,0.0,0.0
2021-01-22 00:00:00+05:30,77.8727479919253,78.03447500600699,75.12334556610578,76.05329132080078,26029669,0.0,0.0
2021-01-25 00:00:00+05:30,76.86193892607055,77.06410077893293,74.96161257357213,75.36593627929688,18599824,0.0,0.0
2021-01-27 00:00:00+05:30,75.20420395501783,75.2850674565554,73.42518224323264,73.82950592041016,22812859,0.0,0.0
2021-01-28 00:00:00+05:30,73.42518358471098,74.9211799837017,73.06128856690904,74.07209777832031,32227832,0.0,0.0
2021-01-29 00:00:00+05:30,74.39554522254073,74.88073232705086,71.28225461832129,71.92916870117188,36962884,0.0,0.0
2021-02-01 00:00:00+05:30,72.25264436231595,74.71902141397827,71.48443179579297,74.39556121826172,29033297,0.0,0.0
2021-02-02 00:00:00+05:30,75.12334600578562,77.10452970258723,75.12334600578562,76.1341552734375,29279584,0.0,0.0
2021-02-03 00:00:00+05:30,76.90235729965298,79.32829920922872,76.25544315879304,78.39835357666016,31420256,0.0,0.0
2021-02-04 00:00:00+05:30,78.68138666098483,81.02645895211731,78.43878999732105,80.09651947021484,39264443,0.0,0.0
2021-02-05 00:00:00+05:30,81.18819491838481,82.48202944041496,79.36873838661096,80.46041107177734,54911202,0.0,0.0
2021-02-08 00:00:00+05:30,77.79187130688008,81.63294615542178,77.71100780712449,81.10733032226562,53737961,0.0,0.0
2021-02-09 00:00:00+05:30,81.18819003008393,81.8351041674038,80.46040622729596,80.82429504394531,28074809,0.0,0.0
2021-02-10 00:00:00+05:30,80.86473706019139,81.26906074549234,79.77306434377677,80.74343872070312,19070866,0.0,0.0
2021-02-11 00:00:00+05:30,81.61883814469161,81.61883814469161,80.24323849831565,81.11862182617188,18452535,3.0,0.0
2021-02-12 00:00:00+05:30,81.53546077467318,81.61882909174689,79.03437309889297,79.99311828613281,21660998,0.0,0.0
2021-02-15 00:00:00+05:30,80.40996345687095,80.61838742265921,79.20110699953695,79.36784362792969,12574055,0.0,0.0
2021-02-16 00:00:00+05:30,79.90974684419913,82.66094572421007,79.61795456555426,81.70219421386719,32865663,0.0,0.0
2021-02-17 00:00:00+05:30,81.57713118976129,83.49463403713968,80.86849104550198,82.82767486572266,28774857,0.0,0.0
2021-02-18 00:00:00+05:30,83.11946905010284,86.91278749959879,82.99441976807518,86.20414733886719,50705280,0.0,0.0
2021-02-19 00:00:00+05:30,86.41257249749776,88.99702825189772,84.53675691373411,86.87110137939453,61069583,0.0,0.0
2021-02-22 00:00:00+05:30,86.95448240794501,88.62187415988569,84.53676309551204,85.07866668701172,30636415,0.0,0.0
2021-02-23 00:00:00+05:30,85.16202758467536,86.82941919138229,83.82811557142865,86.20414733886719,31233104,0.0,0.0
2021-02-24 00:00:00+05:30,87.12122176772782,87.28795840390653,85.12035033060837,86.03741455078125,16153025,0.0,0.0
2021-02-25 00:00:00+05:30,86.37088363027013,91.87327463957762,85.8706674222593,90.03914642333984,68361756,0.0,0.0
2021-02-26 00:00:00+05:30,89.28882342146457,92.49855114159868,87.37132680089091,89.45556640625,67331805,0.0,0.0
2021-03-01 00:00:00+05:30,91.289705178238,91.53981650378633,89.33052099676016,90.41432189941406,27205189,0.0,0.0
2021-03-02 00:00:00+05:30,90.41430820997486,94.79121122020645,89.95577933002144,93.83246612548828,53649872,0.0,0.0
2021-03-03 00:00:00+05:30,95.41648726534143,95.62491122735449,93.37393498185125,93.95751953125,31702057,0.0,0.0
2021-03-04 00:00:00+05:30,92.95708152393433,94.20762522156575,92.1233857255134,92.37349700927734,28057179,0.0,0.0
2021-03-05 00:00:00+05:30,92.54025260245182,93.66574088901119,90.37264435415312,90.62274932861328,24778407,0.0,0.0
2021-03-08 00:00:00+05:30,92.24844552094963,94.4577407583591,91.28969403747823,92.16507720947266,28163362,0.0,0.0
2021-03-09 00:00:00+05:30,92.87372689150044,93.24888751179311,89.58062418648488,91.28970336914062,20611697,0.0,0.0
2021-03-10 00:00:00+05:30,91.99834136109709,92.20676533625164,90.83116582811265,91.41475677490234,13207045,0.0,0.0
2021-03-12 00:00:00+05:30,92.54023827347709,93.45730242568995,90.53936698463436,90.95621490478516,21763020,0.0,0.0
2021-03-15 00:00:00+05:30,91.66486253354454,92.54024578111743,89.78904674068404,92.12339782714844,20350674,0.0,0.0
2021-03-16 00:00:00+05:30,92.16507860000182,92.91539977520948,91.1229587893306,91.33138275146484,15360040,0.0,0.0
2021-03-17 00:00:00+05:30,91.45642848023778,91.62317145981127,88.4968121494942,88.83029174804688,18850429,0.0,0.0
2021-03-18 00:00:00+05:30,89.53893183683957,90.24757200773759,86.0374055961643,86.53762817382812,20023557,0.0,0.0
2021-03-19 00:00:00+05:30,85.32877044388027,91.33138448354136,85.03697816347747,90.45600128173828,72249183,0.0,0.0
2021-03-22 00:00:00+05:30,90.70610516400579,92.16507280724655,89.08039454518102,91.58148193359375,31980425,0.0,0.0
2021-03-23 00:00:00+05:30,91.70653508015218,91.87327169060578,90.12251183846712,90.58104705810547,14060206,0.0,0.0
2021-03-24 00:00:00+05:30,90.0391491584058,91.2063245862818,88.03827790498902,88.37175750732422,15196366,0.0,0.0
2021-03-25 00:00:00+05:30,88.37176172941633,88.78860966210226,85.57888185253957,85.87067413330078,22543755,0.0,0.0
2021-03-26 00:00:00+05:30,88.16333243689165,88.16333243689165,86.45425347189149,86.87110137939453,17402475,0.0,0.0
2021-03-30 00:00:00+05:30,88.24670357670503,90.6227354535625,87.20458377452242,89.7890396118164,36129962,0.0,0.0
2021-03-31 00:00:00+05:30,89.78903684806868,90.87284395321632,88.45512481445225,88.83029174804688,23063667,0.0,0.0
2021-04-01 00:00:00+05:30,89.62230803110785,90.66442789193468,89.1637727481061,89.9557876586914,13753303,0.0,0.0
2021-04-05 00:00:00+05:30,89.53894382514835,89.87242346804216,86.49595241970943,88.62187957763672,15666099,0.0,0.0
2021-04-06 00:00:00+05:30,89.83073262472891,90.1225249156601,88.20502817483025,88.4134521484375,17393454,0.0,0.0
2021-04-07 00:00:00+05:30,89.12208604384696,89.49724662540224,87.7464866438202,87.91322326660156,15692013,0.0,0.0
2021-04-08 00:00:00+05:30,88.37175888788133,88.74691947099775,87.28795175350913,87.5380630493164,11394998,0.0,0.0
2021-04-09 00:00:00+05:30,88.33007835034857,88.33007835034857,85.37046171200255,85.70394134521484,19751417,0.0,0.0
2021-04-12 00:00:00+05:30,84.62012013388296,84.62012013388296,81.74387228933338,82.57756805419922,20221362,0.0,0.0
2021-04-13 00:00:00+05:30,83.03610850106733,84.32833966125342,82.74431621474638,83.86980438232422,19192856,0.0,0.0
2021-04-15 00:00:00+05:30,84.3700233821538,85.87067856144621,82.78600624473906,84.49507904052734,13865351,0.0,0.0
2021-04-16 00:00:00+05:30,84.95361097745378,85.78730685287414,83.78643547974632,85.41213989257812,14654851,0.0,0.0
2021-04-19 00:00:00+05:30,83.36957648658421,83.70305606464933,82.2440884761341,82.57756805419922,11652043,0.0,0.0
2021-04-20 00:00:00+05:30,82.70261733045398,84.11990394708225,81.82724059370118,82.57756805419922,16528675,0.0,0.0
2021-04-22 00:00:00+05:30,81.74388048502446,83.16116088315623,80.91018463657177,82.49420166015625,18614270,0.0,0.0
2021-04-23 00:00:00+05:30,81.70220245845793,85.8706821757262,81.70220245845793,85.49552154541016,29484794,0.0,0.0
2021-04-26 00:00:00+05:30,86.66268532494297,86.66268532494297,84.07822933496998,85.3704605102539,24369413,0.0,0.0
2021-04-27 00:00:00+05:30,85.07866668701172,86.32921050096725,84.78686804194629,85.07866668701172,17763436,0.0,0.0
2021-04-28 00:00:00+05:30,85.74562345047775,86.66268768341325,85.16203885513562,86.37089538574219,15160578,0.0,0.0
2021-04-29 00:00:00+05:30,87.20459365923863,87.53807330585616,85.57888912779651,85.91236877441406,11588556,0.0,0.0
2021-04-30 00:00:00+05:30,85.24540326173195,88.07997051028013,85.07866663088578,85.41213989257812,15321193,0.0,0.0
2021-05-03 00:00:00+05:30,84.53677144094496,87.20459596317863,84.24497912766869,86.91280364990234,12186212,0.0,0.0
2021-05-04 00:00:00+05:30,86.95448407632333,88.41345188726434,86.28752481851232,86.4959487915039,12992684,0.0,0.0
2021-05-05 00:00:00+05:30,87.32963472309962,88.07996221240975,85.70393046342276,86.6209945678711,14956169,0.0,0.0
2021-05-06 00:00:00+05:30,87.53807330585616,87.62144162736175,85.57888912779651,85.91236877441406,13547274,0.0,0.0
2021-05-07 00:00:00+05:30,86.70435933641046,87.95490298068562,86.16245581843911,87.57974243164062,13229291,0.0,0.0
2021-05-10 00:00:00+05:30,88.37175922508585,90.03915090857804,88.03827961626851,89.7890396118164,23980945,0.0,0.0
2021-05-11 00:00:00+05:30,90.03915158964227,94.54111044124329,88.95534444293654,93.95751953125,45613487,0.0,0.0
2021-05-12 00:00:00+05:30,95.20806194777991,97.33398887428253,93.16550969337108,94.4577407836914,62158914,0.0,0.0
2021-05-14 00:00:00+05:30,94.99963884682955,94.99963884682955,91.83159845707782,92.87371826171875,16227312,0.0,0.0
2021-05-17 00:00:00+05:30,92.70698064619899,93.58236387703728,91.66486078119857,92.998779296875,12832920,0.0,0.0
2021-05-18 00:00:00+05:30,93.87415384388699,95.20806596595641,93.16551362534337,93.45730590820312,14892142,0.0,0.0
2021-05-19 00:00:00+05:30,94.33269138852602,94.33269138852602,92.49855661100166,93.3322525024414,12610425,0.0,0.0
2021-05-20 00:00:00+05:30,93.37393604935681,93.99920794254447,92.45687187813384,93.16551208496094,10303689,0.0,0.0
2021-05-21 00:00:00+05:30,93.6240516400854,94.33269187937755,92.74866840528074,94.08258056640625,12171685,0.0,0.0
2021-05-24 00:00:00+05:30,93.66573229280375,94.99964444929071,93.41562734129708,94.124267578125,11341268,0.0,0.0
2021-05-25 00:00:00+05:30,94.95795701328188,95.74996551341728,94.24931682464583,94.4577407836914,15289982,0.0,0.0
2021-05-26 00:00:00+05:30,95.04132295763132,95.04132295763132,92.45686720195494,92.62360382080078,17466748,0.0,0.0
2021-05-27 00:00:00+05:30,93.0404505097632,93.08213784422574,91.12295397577628,91.95664978027344,34169451,0.0,0.0
2021-05-28 00:00:00+05:30,91.9566482757611,92.54023278512334,90.33093766723356,90.8311538696289,13383166,0.0,0.0
2021-05-31 00:00:00+05:30,90.83116662560654,92.83203807677673,89.87242141995385,92.12339782714844,14754293,0.0,0.0
2021-06-01 00:00:00+05:30,92.49854761460186,92.91539551977914,91.28969123382544,91.87327575683594,10271211,0.0,0.0
2021-06-02 00:00:00+05:30,91.78990768514713,92.83202745078367,91.74822671087824,92.66529083251953,6492771,0.0,0.0
2021-06-03 00:00:00+05:30,93.04046372513426,93.5406800067639,92.08171214166362,93.20720672607422,12140851,0.0,0.0
2021-06-04 00:00:00+05:30,92.95708812056505,94.20763190694036,92.5819275288903,93.16551208496094,8930671,0.0,0.0
2021-06-07 00:00:00+05:30,93.49899081978299,97.33399045644032,93.37393517020399,97.04219818115234,28407410,0.0,0.0
2021-06-08 00:00:00+05:30,97.95925722655349,98.79295303273693,96.70871351727834,96.87545013427734,43191813,0.0,0.0
2021-06-09 00:00:00+05:30,97.12556064906832,100.87719174710101,96.54197613361202,98.45947265625,49807823,0.0,0.0
2021-06-10 00:00:00+05:30,99.50159365763665,99.96012889740317,97.79252106338575,98.79295349121094,22144392,0.0,0.0
2021-06-11 00:00:00+05:30,99.12644387948635,99.66834748713762,98.00095568549982,99.04307556152344,13871562,0.0,0.0
2021-06-14 00:00:00+05:30,99.04307694503684,99.1264452641643,96.917149824014,98.54285430908203,14179055,0.0,0.0
2021-06-15 00:00:00+05:30,98.54284672496594,99.16811861119186,98.04263048810412,98.2093734741211,8148417,0.0,0.0
2021-06-16 00:00:00+05:30,98.2093632379291,100.5437075535111,97.41734844823654,99.87675476074219,21585917,0.0,0.0
2021-06-17 00:00:00+05:30,98.54285317449028,100.543724613487,97.50073329590813,97.87590026855469,14466025,0.0,0.0
2021-06-18 00:00:00+05:30,97.87589602773173,98.50116792778888,94.12426462738883,94.66616821289062,43927941,0.0,0.0
2021-06-21 00:00:00+05:30,94.41607310408253,98.7512898105394,94.24933644637102,98.37612915039062,34597018,0.0,0.0
2021-06-22 00:00:00+05:30,98.79294968507949,99.12642926837157,97.5007186850455,98.62621307373047,16712010,0.0,0.0
2021-06-23 00:00:00+05:30,99.08475906598711,99.08475906598711,97.50073554193371,97.75084686279297,12590251,0.0,0.0
2021-06-24 00:00:00+05:30,97.70916979835306,98.79297715526516,96.45862578372945,98.37612915039062,14046692,0.0,0.0
2021-06-25 00:00:00+05:30,99.29316501265083,99.29316501265083,96.45859812031192,96.75039672851562,12768348,0.0,0.0
2021-06-28 00:00:00+05:30,97.45905029552692,98.25105884258272,96.70872272639284,96.83377838134766,10709748,0.0,0.0
2021-06-29 00:00:00+05:30,96.91714490406717,98.83464794963284,96.20850468656498,98.04263305664062,33488455,0.0,0.0
2021-06-30 00:00:00+05:30,98.25105461902876,98.75127085675024,96.83377421871884,97.04219818115234,16739618,0.0,0.0
2021-07-01 00:00:00+05:30,97.37568432508108,98.20938023073899,96.45861374038141,97.83421325683594,12479506,0.0,0.0
2021-07-02 00:00:00+05:30,98.00096163380138,99.2515055609332,97.54242631628158,97.95927429199219,17215972,0.0,0.0
2021-07-05 00:00:00+05:30,98.29274295812122,99.29317544376634,97.75083937814901,98.87632751464844,16409169,0.0,0.0
2021-07-06 00:00:00+05:30,98.45948832301465,99.16812859328226,97.5841114105412,98.0843276977539,14979094,0.0,0.0
2021-07-07 00:00:00+05:30,97.58411398705705,98.5428592459472,97.4173709798535,97.91758728027344,14545289,0.0,0.0
2021-07-08 00:00:00+05:30,97.83421895696934,98.95970722306305,97.70916329171551,97.91758728027344,12037089,0.0,0.0
2021-07-09 00:00:00+05:30,97.5424142512423,98.70958971098291,96.91714236501639,98.2093734741211,9585144,0.0,0.0
2021-07-12 00:00:00+05:30,98.37611614288623,99.00138806752322,97.66747590041663,98.25106048583984,7651672,0.0,0.0
2021-07-13 00:00:00+05:30,98.50116111824052,101.71088871118783,98.45947378354741,99.96012878417969,30663035,0.0,0.0
2021-07-14 00:00:00+05:30,100.00183337557034,100.83552938157125,99.87678406314681,100.66879272460938,9539611,0.0,0.0
2021-07-15 00:00:00+05:30,100.66877785157017,101.04393845460517,99.3765466889477,100.29361724853516,11278872,0.0,0.0
2021-07-16 00:00:00+05:30,100.16856562952188,100.71046924731141,98.62622945627098,99.29318237304688,17198632,0.0,0.0
2021-07-19 00:00:00+05:30,99.29317508925193,101.58583869121473,98.79295884821533,101.21067810058594,14364285,0.0,0.0
2021-07-20 00:00:00+05:30,101.7108970171482,101.7108970171482,98.54285013958929,98.75127410888672,11360716,0.0,0.0
2021-07-22 00:00:00+05:30,99.00138055561708,99.79338905582422,98.83464393260329,99.37654113769531,9520328,0.0,0.0
2021-07-23 00:00:00+05:30,99.54328099237696,100.12686551517595,98.62621687343815,98.79295349121094,10442400,0.0,0.0
2021-07-26 00:00:00+05:30,98.54284308124255,100.04349809693429,98.41779379709683,99.50159454345703,5370055,0.0,0.0
2021-07-27 00:00:00+05:30,99.45990659296503,99.71001150430877,98.54283616958968,99.0847396850586,5280342,0.0,0.0
2021-07-28 00:00:00+05:30,99.66834263167542,99.66834263167542,96.54198315590887,97.37567901611328,11010096,0.0,0.0
2021-07-29 00:00:00+05:30,98.12599283852465,98.5845280714668,96.0834406785332,97.333984375,11897018,0.0,0.0
2021-07-30 00:00:00+05:30,97.50073441850124,100.00182215589514,96.917149824014,98.54285430908203,14546264,0.0,0.0
2021-08-02 00:00:00+05:30,98.87633434815368,99.00139000765077,97.54242215490645,98.16769409179688,11742555,0.0,0.0
2021-08-03 00:00:00+05:30,98.79296796802153,98.79296796802153,97.12557610358235,98.0843276977539,21122697,0.0,0.0
2021-08-04 00:00:00+05:30,98.4178034821,99.08475638535583,97.16725963282603,98.25106048583984,9432176,0.0,0.0
2021-08-05 00:00:00+05:30,97.58409216231466,98.20936398814601,96.6670217292869,97.12555694580078,11045322,0.0,0.0
2021-08-06 00:00:00+05:30,97.12557610358235,98.95970461022736,97.0838887627333,98.0843276977539,8434733,0.0,0.0
2021-08-09 00:00:00+05:30,98.79296009532364,99.29317634267468,97.16725570128402,97.29230499267578,7816050,0.0,0.0
2021-08-10 00:00:00+05:30,97.45904148426607,97.70914641096891,94.74953010112253,95.33311462402344,9774255,0.0,0.0
2021-08-11 00:00:00+05:30,95.62490917462998,97.79252342151052,95.49985988858214,97.50072479248047,8056886,0.0,0.0
2021-08-12 00:00:00+05:30,97.50071958130718,99.54327807237576,97.12555902202625,99.33485412597656,8640167,0.0,0.0
2021-08-13 00:00:00+05:30,99.58496616137299,99.58496616137299,97.70915050973947,98.58453369140625,9744939,0.0,0.0
2021-08-16 00:00:00+05:30,98.58452350177723,99.54327489674627,98.45946786580842,99.0847396850586,8768804,0.0,0.0
2021-08-17 00:00:00+05:30,99.50160473490486,99.6266603924537,96.87546136875883,97.87590026855469,8758578,0.0,0.0
2021-08-18 00:00:00+05:30,97.87589945574052,99.12644329965393,96.79209224677763,97.1672592163086,9357721,0.0,0.0
2021-08-20 00:00:00+05:30,96.9588291721143,97.54241371850001,94.5827909289573,95.1663818359375,11684504,0.0,0.0
2021-08-23 00:00:00+05:30,96.29187489676939,96.50029886840741,93.54067592690947,94.5411148071289,6271685,0.0,0.0
2021-08-24 00:00:00+05:30,95.20806538502723,96.9588317926926,94.7495364749296,94.99964141845703,11791078,0.0,0.0
2021-08-25 00:00:00+05:30,95.62491299033374,96.08344825945403,94.87459180172912,95.04132843017578,9491958,0.0,0.0
2021-08-26 00:00:00+05:30,95.12471010331828,95.45818976763876,93.33226247311687,93.99922180175781,11668986,0.0,0.0
2021-08-27 00:00:00+05:30,93.95752387018553,95.12469938347746,93.45730761037322,94.5411148071289,8095717,0.0,0.0
2021-08-30 00:00:00+05:30,94.41604795228903,96.29186347451994,94.41604795228903,95.83332824707031,9915170,0.0,0.0
2021-08-31 00:00:00+05:30,96.08344578931764,97.00050994338746,95.62491053198548,96.66703033447266,11386659,0.0,0.0
2021-09-01 00:00:00+05:30,96.70871229904,97.29229681177931,95.66659255443828,96.20849609375,7508413,0.0,0.0
2021-09-02 00:00:00+05:30,95.95838159879683,97.29229355511823,95.87501329413811,97.12555694580078,5700524,0.0,0.0
2021-09-03 00:00:00+05:30,97.54241180419922,98.29273932096578,97.12556389050606,97.54241180419922,9364904,0.0,0.0
2021-09-06 00:00:00+05:30,98.08432409110468,98.08432409110468,96.62535626336796,97.0838851928711,7005043,0.0,0.0
2021-09-07 00:00:00+05:30,97.29231183344667,97.45905483468411,96.08345528730219,96.58367156982422,7723357,0.0,0.0
2021-09-08 00:00:00+05:30,97.56920472089116,98.21195311370121,96.32656044347496,97.74060821533203,10508654,3.15,0.0
2021-09-09 00:00:00+05:30,97.6549015932918,98.34050248303318,97.26925517929642,98.16910552978516,5757417,0.0,0.0
2021-09-13 00:00:00+05:30,98.25480060815892,98.98324744183084,97.82630170148433,98.55474853515625,6322443,0.0,0.0
2021-09-14 00:00:00+05:30,98.76899990751252,99.54029926218753,98.3833534993623,99.3260498046875,7369292,0.0,0.0
2021-09-15 00:00:00+05:30,99.41175990724818,106.99619028215197,99.41175990724818,106.43914031982422,48721413,0.0,0.0
2021-09-16 00:00:00+05:30,106.69623728721372,107.72463213969228,105.41074045242802,106.26773834228516,17684303,0.0,0.0
2021-09-17 00:00:00+05:30,106.39629015131158,106.86763507133125,104.1680969282298,106.0534896850586,15763396,0.0,0.0
2021-09-20 00:00:00+05:30,107.7243108890676,108.99941229348099,107.10874608193421,107.90018463134766,7431359,3.15,0.0
2021-09-21 00:00:00+05:30,107.5484484235115,110.27453196960823,107.37256795363673,109.13133239746094,8629222,0.0,0.0
2021-09-22 00:00:00+05:30,109.57101534918687,111.68153386644646,109.04338739716033,109.3951416015625,11698183,0.0,0.0
2021-09-23 00:00:00+05:30,109.7468901263909,111.68152808675214,109.61498146792238,110.97801971435547,11053966,0.0,0.0
2021-09-24 00:00:00+05:30,111.24183915750362,111.4177128993878,108.99941204813771,109.26322937011719,8598140,0.0,0.0
2021-09-27 00:00:00+05:30,110.1865908454513,112.38504631555884,109.48308241135543,111.54962921142578,8490460,0.0,0.0
2021-09-28 00:00:00+05:30,112.12122180173981,117.52941654485409,111.98931314014241,116.03446960449219,35900138,0.0,0.0
2021-09-29 00:00:00+05:30,115.55080454732159,126.85087009275044,114.84730958994436,123.68508911132812,75859390,0.0,0.0
2021-09-30 00:00:00+05:30,124.65241286785405,125.92751423116562,122.32205566657106,124.7403564453125,34614825,0.0,0.0
2021-10-01 00:00:00+05:30,123.94892010740779,126.93882767942564,121.09092791818483,123.02556610107422,22452069,0.0,0.0
2021-10-04 00:00:00+05:30,126.14735659712628,131.33571891619363,123.55318214674541,127.99406433105469,58612212,0.0,0.0
2021-10-05 00:00:00+05:30,127.99407510298968,130.01665673934397,126.80690382865156,127.8621597290039,24390676,0.0,0.0
2021-10-06 00:00:00+05:30,128.7855053908788,129.5329855404706,125.57576610492653,126.01545715332031,14421296,0.0,0.0
2021-10-07 00:00:00+05:30,126.80690480330695,128.0820062517961,125.09211227476591,125.57577514648438,10035682,0.0,0.0
2021-10-08 00:00:00+05:30,126.23530161154473,126.54307729183786,123.37730982111894,124.08081817626953,10686586,0.0,0.0
2021-10-11 00:00:00+05:30,124.87226107113113,129.0493261421725,124.3885982213493,127.33453369140625,17449923,0.0,0.0
2021-10-12 00:00:00+05:30,128.3897941240521,128.60963966193574,126.45515607433732,127.11469268798828,16030831,0.0,0.0
2021-10-13 00:00:00+05:30,127.95010584709266,129.48902464594084,127.24659742681493,128.6975860595703,19100941,0.0,0.0
2021-10-14 00:00:00+05:30,129.70886377373358,132.43495373562274,129.13727075832443,131.3796844482422,29263867,0.0,0.0
2021-10-18 00:00:00+05:30,133.00654357672335,133.4022628408937,130.76411652201656,131.5115966796875,25346029,0.0,0.0
2021-10-19 00:00:00+05:30,132.74276333980058,133.75406109550315,130.236531687793,131.5995635986328,20234486,0.0,0.0
2021-10-20 00:00:00+05:30,132.47889462266212,132.47889462266212,127.77420891362887,128.609619140625,16129487,0.0,0.0
2021-10-21 00:00:00+05:30,129.8847646491987,130.6322449808618,128.30187380575927,130.06063842773438,20818539,0.0,0.0
2021-10-22 00:00:00+05:30,130.0166659938328,130.2365115478174,126.63103909514639,127.42247772216797,11379569,0.0,0.0
2021-10-25 00:00:00+05:30,127.24660692248348,128.60965207255506,125.88356177241188,126.54309844970703,14079380,0.0,0.0
2021-10-26 00:00:00+05:30,127.77423636903741,128.08201208811403,125.26799173121668,125.92752838134766,16224116,0.0,0.0
2021-10-27 00:00:00+05:30,126.63104324435757,127.11470616263308,123.86099454071052,124.2567138671875,15072448,0.0,0.0
2021-10-28 00:00:00+05:30,124.25669100443898,124.7403538337224,119.859780589691,120.78313446044922,19999659,0.0,0.0
2021-10-29 00:00:00+05:30,115.19904938832556,120.38739815376009,113.04456603380801,116.6500244140625,29217522,0.0,0.0
2021-11-01 00:00:00+05:30,117.13371025228047,118.98041830102616,115.11112844134661,118.10103607177734,10043407,0.0,0.0
2021-11-02 00:00:00+05:30,118.71659676171967,123.81701619514394,118.71659676171967,120.16757202148438,21525811,0.0,0.0
2021-11-03 00:00:00+05:30,121.31075661767264,122.19013870756994,119.20024496924142,120.25550079345703,9808728,0.0,0.0
2021-11-04 00:00:00+05:30,121.61855153103578,121.61855153103578,120.43138028559349,120.60725402832031,1026849,0.0,0.0
2021-11-08 00:00:00+05:30,121.97029497474009,123.64112902104426,120.07962882104185,123.37731170654297,12765483,0.0,0.0
2021-11-09 00:00:00+05:30,123.77303577244066,124.34462879412044,121.39870668639973,121.79442596435547,9556650,0.0,0.0
2021-11-10 00:00:00+05:30,121.53061106839507,121.5745828597815,120.2555096280298,120.82710266113281,5479056,0.0,0.0
2021-11-11 00:00:00+05:30,120.91505225730708,121.13489780686582,118.14500370018993,120.16757202148438,11418813,0.0,0.0
2021-11-12 00:00:00+05:30,121.53061807788683,121.53061807788683,118.4088085656906,119.99169921875,9306659,0.0,0.0
2021-11-15 00:00:00+05:30,120.73916939909526,121.04694509429056,119.59596994391129,120.60725402832031,3991733,0.0,0.0
2021-11-16 00:00:00+05:30,121.09093028390014,121.1788738741482,117.83721871934111,118.10103607177734,5762128,0.0,0.0
2021-11-17 00:00:00+05:30,117.83721549961996,121.35474432050414,117.83721549961996,119.99169921875,15264066,0.0,0.0
2021-11-18 00:00:00+05:30,120.12360719481359,121.0029893458201,118.49674484812881,118.98040771484375,9942974,0.0,0.0
2021-11-22 00:00:00+05:30,118.71660066053032,120.38742152472574,114.05587217315903,114.45159149169922,15990636,0.0,0.0
2021-11-23 00:00:00+05:30,114.36366354318751,117.61737516310332,112.69282922820338,117.39752960205078,11510010,0.0,0.0
2021-11-24 00:00:00+05:30,118.27691090536078,120.73918385322321,117.44150046366855,119.0243911743164,7570759,0.0,0.0
2021-11-25 00:00:00+05:30,119.15628865837434,120.21154461965783,116.34226828884914,118.89247131347656,13919886,0.0,0.0
2021-11-26 00:00:00+05:30,117.13370757391534,117.88118781900823,112.56092277004385,113.30840301513672,13323593,0.0,0.0
2021-11-29 00:00:00+05:30,112.38505909413838,113.7481043242496,109.96675780205067,111.24185943603516,16077669,0.0,0.0
2021-11-30 00:00:00+05:30,112.38503766675848,113.83601279804402,109.65894772629353,111.90137481689453,22883512,0.0,0.0
2021-12-01 00:00:00+05:30,114.31968561875227,116.9138604164394,110.67024815909214,112.29710388183594,17010938,0.0,0.0
2021-12-02 00:00:00+05:30,112.29710097995377,114.58350000056869,111.32978193000704,113.17648315429688,12916313,0.0,0.0
2021-12-03 00:00:00+05:30,113.17647306351486,114.53951799587941,111.15389826835003,111.68152618408203,12827354,0.0,0.0
2021-12-06 00:00:00+05:30,111.68153753376859,112.20916550312101,109.0433909778528,109.3511734008789,8158812,0.0,0.0
2021-12-07 00:00:00+05:30,110.01070713282294,111.15390662717218,109.0433880963793,110.23055267333984,8701301,0.0,0.0
2021-12-08 00:00:00+05:30,109.79085638617944,112.25312900687257,109.79085638617944,111.90137481689453,12093435,0.0,0.0
2021-12-09 00:00:00+05:30,111.90137863851899,112.25313284051005,110.49436853970818,110.84612274169922,11518172,0.0,0.0
2021-12-10 00:00:00+05:30,110.89008735207204,111.41771529823774,109.39514038641035,110.9340591430664,8389566,0.0,0.0
2021-12-13 00:00:00+05:30,112.20916564838777,113.08855454398513,110.36246439868668,110.62628173828125,13223189,0.0,0.0
2021-12-14 00:00:00+05:30,109.92277494759206,112.07725865290337,109.92277494759206,111.10993957519531,11649242,0.0,0.0
2021-12-15 00:00:00+05:30,110.93406081750881,112.95663575986502,110.7142152775253,111.41771697998047,11916145,0.0,0.0
2021-12-16 00:00:00+05:30,112.16521098918578,112.7368040961751,111.02201135689859,112.0333023071289,10758513,0.0,0.0
2021-12-17 00:00:00+05:30,112.03329650489808,112.29710714619473,109.13133248655737,110.40644073486328,13041775,0.0,0.0
2021-12-20 00:00:00+05:30,109.48306659800316,110.31847687231883,104.73440212662068,107.06476593017578,14185935,0.0,0.0
2021-12-21 00:00:00+05:30,108.64767396700687,109.65895813408973,106.27333799117035,107.46050262451172,10168470,0.0,0.0
2021-12-22 00:00:00+05:30,108.20797108333863,108.95544453337901,106.97683479019109,107.76828002929688,7885198,0.0,0.0
2021-12-23 00:00:00+05:30,108.25193809860367,110.27451966701716,107.98812748695397,109.52704620361328,9836979,0.0,0.0
2021-12-24 00:00:00+05:30,109.74689318784944,109.92276693127819,106.31730151776291,106.62508392333984,8509575,0.0,0.0
2021-12-27 00:00:00+05:30,106.62508962268966,107.41653492873003,106.05348986226306,107.15271759033203,5097217,0.0,0.0
2021-12-28 00:00:00+05:30,107.28463107327632,109.57102350841699,107.24065927851915,109.13133239746094,6511374,0.0,0.0
2021-12-29 00:00:00+05:30,109.57102285620464,109.70293153053706,107.46050419434751,108.2959213256836,8960770,0.0,0.0
2021-12-30 00:00:00+05:30,108.38385118724861,112.42900778019555,107.50446902751433,111.59359741210938,32394253,0.0,0.0
2021-12-31 00:00:00+05:30,111.50566011882209,111.50566011882209,109.04338739716033,109.3951416015625,9155163,0.0,0.0
2022-01-03 00:00:00+05:30,110.27451898244401,111.28580976037276,109.65894747410978,110.8021469116211,9034081,0.0,0.0
2022-01-04 00:00:00+05:30,111.68154601506774,117.22165688687843,111.46170045204596,116.8698959350586,33986738,0.0,0.0
2022-01-05 00:00:00+05:30,116.60608009932294,116.82592563991872,114.93524593981088,116.07844543457031,16122852,0.0,0.0
2022-01-06 00:00:00+05:30,116.38623702850735,116.38623702850735,113.70411869266145,115.11112213134766,8037648,0.0,0.0
2022-01-07 00:00:00+05:30,115.46287940496536,116.25431797556477,113.8360170541361,115.50685119628906,8820039,0.0,0.0
2022-01-10 00:00:00+05:30,116.03447863094821,116.3422677683365,114.97922267438591,115.94654846191406,7324926,0.0,0.0
2022-01-11 00:00:00+05:30,116.21034689329045,117.83720925404592,115.19906277820907,116.3422622680664,11971883,0.0,0.0
2022-01-12 00:00:00+05:30,117.26561592861587,118.01308271060589,116.38623377217573,117.70530700683594,10439580,0.0,0.0
2022-01-13 00:00:00+05:30,118.18894460069598,120.16755425417843,117.39750610662519,118.672607421875,15114699,0.0,0.0
2022-01-14 00:00:00+05:30,118.1889673143161,119.72788622944161,117.2216549043649,119.0243911743164,9344382,0.0,0.0
2022-01-17 00:00:00+05:30,118.40879041937558,120.78313274424713,118.23291668894578,120.12359619140625,9803141,0.0,0.0
2022-01-18 00:00:00+05:30,120.12360769615302,121.13489180670844,118.18895622121894,118.71659088134766,6473378,0.0,0.0
2022-01-19 00:00:00+05:30,117.92514565931994,118.98040150176162,116.91384818748772,118.54071044921875,21136414,0.0,0.0
2022-01-20 00:00:00+05:30,118.27689175059378,119.90375399329605,117.96910265009144,118.6286392211914,8466412,0.0,0.0
2022-01-21 00:00:00+05:30,117.88118384701148,119.68391999866896,116.5621105777461,117.92515563964844,12437749,0.0,0.0
2022-01-24 00:00:00+05:30,116.9578265961832,118.93643644461486,115.19906228646614,116.6060791015625,14284658,0.0,0.0
2022-01-25 00:00:00+05:30,115.37493552839432,119.28818341671199,115.24303357306604,118.98040771484375,10007486,0.0,0.0
2022-01-27 00:00:00+05:30,118.01308247394498,119.5959730360243,117.08972852787313,118.71659088134766,18760325,0.0,0.0
2022-01-28 00:00:00+05:30,123.11348990241561,126.63101818534177,121.35472576095253,123.24539184570312,34009553,0.0,0.0
2022-01-31 00:00:00+05:30,124.8722650863553,126.10339472692625,121.8383993577073,124.9162368774414,27928927,0.0,0.0
2022-02-01 00:00:00+05:30,126.63104646433898,126.76294843708258,123.50923673242447,124.12480163574219,17413984,0.0,0.0
2022-02-02 00:00:00+05:30,124.87228193011205,125.53181863044715,123.77305409622022,124.12480163574219,10783943,0.0,0.0
2022-02-03 00:00:00+05:30,124.44155997982914,125.43709798352964,123.35552730920884,123.67227935791016,9571728,4.0,0.0
2022-02-04 00:00:00+05:30,123.98904141487863,124.39630192766819,121.18344444294304,121.4549560546875,7213085,0.0,0.0
2022-02-07 00:00:00+05:30,121.45496012133114,123.40078189593926,121.45496012133114,122.31473541259766,10562489,0.0,0.0
2022-02-08 00:00:00+05:30,122.5862537739169,122.76725692787484,120.18793091224937,122.17899322509766,8721631,0.0,0.0
2022-02-09 00:00:00+05:30,122.4505005509602,122.72201217716841,121.1382104688846,122.2242431640625,5144026,0.0,0.0
2022-02-10 00:00:00+05:30,122.31473086587408,123.85329205686455,121.54546408003303,123.49127197265625,6081460,0.0,0.0
2022-02-11 00:00:00+05:30,121.6812095681059,124.62255534774606,121.6812095681059,124.12478637695312,8426925,0.0,0.0
2022-02-14 00:00:00+05:30,121.90746679534556,123.49126836717357,119.28288685732065,119.9164047241211,7705072,0.0,0.0
2022-02-15 00:00:00+05:30,119.55441194853918,122.90301860198515,118.24210802181582,122.49575805664062,12674466,0.0,0.0
2022-02-16 00:00:00+05:30,122.08848187417642,123.71753784082553,120.23318232763826,120.54993438720703,12946623,0.0,0.0
2022-02-17 00:00:00+05:30,121.72646361959856,122.08846988345333,119.87115044562188,120.14266204833984,5811964,0.0,0.0
2022-02-18 00:00:00+05:30,120.14265351597763,121.3644487366114,119.37337299785226,119.78064727783203,6760078,0.0,0.0
2022-02-21 00:00:00+05:30,119.82589299564867,121.40969452441863,118.69460618938442,119.41863250732422,12212740,0.0,0.0
2022-02-22 00:00:00+05:30,118.60412145370408,119.91641149683285,115.75327708243657,119.55440521240234,13578566,0.0,0.0
2022-02-23 00:00:00+05:30,119.46389473919834,120.77618476038745,117.5180868260201,117.8348388671875,9263264,0.0,0.0
2022-02-24 00:00:00+05:30,114.93874577539148,116.74880476398033,111.90689835047058,112.5856704711914,18045779,0.0,0.0
2022-02-25 00:00:00+05:30,113.12869046702076,118.55886760943775,113.12869046702076,117.9706039428711,10424521,0.0,0.0
2022-02-28 00:00:00+05:30,116.70356191693254,121.22870983003311,116.56781300340172,120.82144927978516,13262687,0.0,0.0
2022-03-02 00:00:00+05:30,120.18792094685388,122.178983094613,118.06109608764149,118.51361083984375,12587947,0.0,0.0
2022-03-03 00:00:00+05:30,119.55440521240234,120.77618677959622,117.88009507518852,119.55440521240234,15628119,0.0,0.0
2022-03-04 00:00:00+05:30,119.46389473919834,120.68569009562005,117.42757835159837,117.8348388671875,15883138,0.0,0.0
2022-03-07 00:00:00+05:30,116.74881288266502,118.10635721850996,114.8482521934476,117.6990966796875,14985637,0.0,0.0
2022-03-08 00:00:00+05:30,118.10634557420963,122.90300451654889,118.10634557420963,121.04769134521484,28572640,0.0,0.0
2022-03-09 00:00:00+05:30,121.22869486909292,121.22869486909292,118.64936916273575,119.0113754272461,14286413,0.0,0.0
2022-03-10 00:00:00+05:30,120.2784075700737,122.17897492611912,119.41863236030204,120.32366180419922,13101323,0.0,0.0
2022-03-11 00:00:00+05:30,120.27840771815437,120.73092244066007,119.01137201899977,119.41863250732422,8669803,0.0,0.0
2022-03-14 00:00:00+05:30,119.41865199475843,120.27842734589176,118.33261924545025,119.59965515136719,5670284,0.0,0.0
2022-03-15 00:00:00+05:30,118.83038336537331,120.32367660766269,118.24210586867214,118.6041259765625,6895190,0.0,0.0
2022-03-16 00:00:00+05:30,119.82589621022659,120.36891941566252,119.05662944712176,120.14266204833984,5561866,0.0,0.0
2022-03-17 00:00:00+05:30,120.82145040250369,121.5454768372588,119.37339753299345,120.27842712402344,13995384,0.0,0.0
2022-03-21 00:00:00+05:30,120.27842712402344,120.73094191953844,119.19239437671858,120.27842712402344,9172207,0.0,0.0
2022-03-22 00:00:00+05:30,120.64043770688787,121.40970451264212,119.23763918978304,120.2331771850586,10343712,0.0,0.0
2022-03-23 00:00:00+05:30,120.27841509481618,121.04769569411712,119.6448972063853,120.77618408203125,11892811,0.0,0.0
2022-03-24 00:00:00+05:30,120.82143463276465,122.81249671122401,120.68568573569048,122.54098510742188,11276181,0.0,0.0
2022-03-25 00:00:00+05:30,123.0840305760088,123.21977949763452,121.45497446821861,121.95274353027344,7266868,0.0,0.0
2022-03-28 00:00:00+05:30,122.6314960925389,122.6314960925389,121.09294871899137,121.99797821044922,7778682,0.0,0.0
2022-03-29 00:00:00+05:30,122.17897712624145,122.45048872623049,121.18343919616618,121.59071350097656,5116935,0.0,0.0
2022-03-30 00:00:00+05:30,122.17898124973426,123.03875650400528,120.77618277715835,122.45049285888672,24047012,0.0,0.0
2022-03-31 00:00:00+05:30,121.54547528141713,122.72201649662694,121.54547528141713,122.17899322509766,11615450,0.0,0.0
2022-04-01 00:00:00+05:30,124.8940692037068,129.82647714583544,123.80803658125757,129.37396240234375,32589741,0.0,0.0
2022-04-04 00:00:00+05:30,128.37844456986508,132.134311601808,128.06167870997146,130.59576416015625,15437496,0.0,0.0
2022-04-05 00:00:00+05:30,131.59129051935304,136.29745520823738,131.00302683806999,134.93991088867188,23958626,0.0,0.0
2022-04-06 00:00:00+05:30,136.07120529252708,140.5510990311273,134.2158918586587,138.4695281982422,52737388,0.0,0.0
2022-04-07 00:00:00+05:30,138.42425860333216,142.99466031848024,137.74548648156724,138.92202758789062,37738903,0.0,0.0
2022-04-08 00:00:00+05:30,140.18908260068542,140.18908260068542,136.84047576893795,137.60975646972656,17585569,0.0,0.0
2022-04-11 00:00:00+05:30,137.97176578347663,139.91758779424669,137.42875628555615,138.56004333496094,15583159,0.0,0.0
2022-04-12 00:00:00+05:30,138.1980080960069,139.01254296838886,136.52371173158906,138.10751342773438,11306524,0.0,0.0
2022-04-13 00:00:00+05:30,138.5147484961845,141.36558550131997,138.24323692196864,139.3292694091797,19454061,0.0,0.0
2022-04-18 00:00:00+05:30,140.18905835595686,148.19857463086024,139.8270520944605,147.7008056640625,82098517,0.0,0.0
2022-04-19 00:00:00+05:30,149.2393499957743,150.55165373909114,144.35219651535405,145.39297485351562,38522118,0.0,0.0
2022-04-20 00:00:00+05:30,146.75054121138442,147.7008250345058,143.89970355167566,145.2572479248047,20047692,0.0,0.0
2022-04-21 00:00:00+05:30,146.2527820467469,147.88182420286682,145.121495099633,147.24830627441406,21966151,0.0,0.0
2022-04-22 00:00:00+05:30,145.93601676745521,147.5198184998152,144.6689809054293,145.2119903564453,9922564,0.0,0.0
2022-04-25 00:00:00+05:30,143.5376898047683,145.61924668797818,140.64158424444105,141.27511596679688,12008027,0.0,0.0
2022-04-26 00:00:00+05:30,142.63266866267097,143.4019355270552,141.18461579729797,142.0896453857422,11735823,0.0,0.0
2022-04-27 00:00:00+05:30,141.90865126549153,144.44273703641497,140.46059830791916,140.86785888671875,17873048,0.0,0.0
2022-04-28 00:00:00+05:30,142.99467088931607,144.89523849461844,140.5058395921919,144.53321838378906,29123808,0.0,0.0
2022-04-29 00:00:00+05:30,145.16670593252996,145.7097290802926,140.91307064056366,141.36558532714844,28941216,0.0,0.0
2022-05-02 00:00:00+05:30,139.91757975423798,143.31144070743272,138.46952689034597,142.5421600341797,13368198,0.0,0.0
2022-05-04 00:00:00+05:30,142.99465264300704,146.52426196286547,142.36113479196237,143.58291625976562,24511385,0.0,0.0
2022-05-05 00:00:00+05:30,144.44270532008332,145.4834836606684,142.0896232331256,143.35665893554688,33396072,0.0,0.0
2022-05-06 00:00:00+05:30,141.59187577638053,145.1214994428029,141.22986946633208,143.8997039794922,22604305,0.0,0.0
2022-05-09 00:00:00+05:30,143.85444973832224,144.62373040924464,141.1393609839922,143.8997039794922,22958742,0.0,0.0
2022-05-10 00:00:00+05:30,143.8544317642188,145.93600231105137,139.82705337710038,140.68682861328125,20322427,0.0,0.0
2022-05-11 00:00:00+05:30,139.41978472879296,142.04436451946538,135.7996670535742,138.06224060058594,13794764,0.0,0.0
2022-05-12 00:00:00+05:30,136.74996672206143,138.46951729533117,133.94436967130073,134.442138671875,11818556,0.0,0.0
2022-05-13 00:00:00+05:30,135.75441933292362,135.75441933292362,129.87172782849692,130.45999145507812,22913410,0.0,0.0
2022-05-16 00:00:00+05:30,129.7812251672086,134.75888743220779,128.19742353743612,134.17062377929688,16286682,0.0,0.0
2022-05-17 00:00:00+05:30,133.4918511983168,136.43319707217802,132.4058185606681,136.20693969726562,13925542,0.0,0.0
2022-05-18 00:00:00+05:30,136.20692464398215,136.56893087997216,133.2203248632799,134.39686584472656,17611218,0.0,0.0
2022-05-19 00:00:00+05:30,133.4918364963016,134.44212012820583,131.90803504634547,133.94435119628906,11701170,0.0,0.0
2022-05-20 00:00:00+05:30,136.61417634483075,136.61417634483075,133.62757675579002,135.39239501953125,17841739,0.0,0.0
2022-05-23 00:00:00+05:30,139.73655811337002,140.59634724046825,134.30638076995425,135.8901824951172,26055890,0.0,0.0
2022-05-24 00:00:00+05:30,135.89015216726514,137.4287131189156,132.40579743533516,132.9488067626953,16581141,0.0,0.0
2022-05-25 00:00:00+05:30,134.30639497113592,138.60528582255938,133.40136531820465,138.15277099609375,19926619,0.0,0.0
2022-05-26 00:00:00+05:30,138.60527013213726,140.3700888032971,136.29745582613748,139.5102996826172,22698086,0.0,0.0
2022-05-27 00:00:00+05:30,140.27960045400096,140.27960045400096,135.3019372120848,136.16171264648438,10245727,0.0,0.0
2022-05-30 00:00:00+05:30,135.79968763101587,138.01700728114255,134.66840068608846,136.56895446777344,12513990,0.0,0.0
2022-05-31 00:00:00+05:30,136.74996184068732,142.99465981507913,136.07118972131195,141.18460083007812,124665699,0.0,0.0
2022-06-01 00:00:00+05:30,141.59184929301858,144.98570960114296,141.4108461718492,141.9086151123047,16084988,0.0,0.0
2022-06-02 00:00:00+05:30,140.732088767488,144.17120366650218,139.60080188028954,143.9449462890625,17646975,0.0,0.0
2022-06-03 00:00:00+05:30,143.8997051608178,144.30696571537953,140.00807515239913,140.2795867919922,14063328,0.0,0.0
2022-06-06 00:00:00+05:30,141.00360981389068,143.5829358034382,139.91757709146773,140.46058654785156,18485464,0.0,0.0
2022-06-07 00:00:00+05:30,140.46057423280288,142.7231479601665,138.92202686012644,142.31588745117188,14911957,0.0,0.0
2022-06-08 00:00:00+05:30,141.2751275868856,144.57848013816758,141.2751275868856,142.13490295410156,16416591,0.0,0.0
2022-06-09 00:00:00+05:30,140.55107642406972,142.99465317848015,140.0080532299103,140.41531372070312,13821409,0.0,0.0
2022-06-10 00:00:00+05:30,139.46505046382114,141.727624197435,139.37454199061494,140.50582885742188,7908849,0.0,0.0
2022-06-13 00:00:00+05:30,139.3745363695148,140.1890573569038,133.71810226360918,134.75888061523438,19208167,0.0,0.0
2022-06-14 00:00:00+05:30,134.75886521484,137.9717221817562,134.75886521484,137.0214385986328,17034328,0.0,0.0
2022-06-15 00:00:00+05:30,138.06224654249337,139.10302489505045,133.53709925371714,134.08010864257812,15172295,0.0,0.0
2022-06-16 00:00:00+05:30,135.84493152006735,135.8901719466933,128.51418715164036,129.37396240234375,18494040,0.0,0.0
2022-06-17 00:00:00+05:30,127.69965894998373,130.73149927494663,126.29686056218142,127.11138153076172,21387729,0.0,0.0
2022-06-20 00:00:00+05:30,127.11140882781112,127.9711842147603,122.17900010405995,124.21531677246094,16578770,0.0,0.0
2022-06-21 00:00:00+05:30,125.07507290236623,127.83541561202574,124.66781239332067,126.65887451171875,51398446,0.0,0.0
2022-06-22 00:00:00+05:30,126.65887156838407,126.65887156838407,123.58177689415291,124.57730102539062,8317317,0.0,0.0
2022-06-23 00:00:00+05:30,124.80358076106839,125.93486780135964,122.76726408854414,123.53654479980469,11257409,0.0,0.0
2022-06-24 00:00:00+05:30,124.80354896397645,124.80354896397645,122.13371499103302,123.62702178955078,21879039,0.0,0.0
2022-06-27 00:00:00+05:30,124.21529367770529,125.84434947147477,123.76277894663896,125.3465805053711,12872030,0.0,0.0
2022-06-28 00:00:00+05:30,125.34659479109442,126.0706212052484,124.12479935410613,125.43710327148438,14272044,0.0,0.0
2022-06-29 00:00:00+05:30,124.71306953848237,129.509728714896,123.80804002631581,128.28793334960938,53487394,0.0,0.0
2022-06-30 00:00:00+05:30,128.78569544157708,130.27898853276423,127.74490327256919,129.32870483398438,19270932,0.0,0.0
2022-07-01 00:00:00+05:30,128.51418421942802,129.60021681709807,126.47786792017651,127.29238891601562,9592229,0.0,0.0
2022-07-04 00:00:00+05:30,126.11586153225274,128.69518722295075,126.11586153225274,127.97116088867188,17526429,0.0,0.0
2022-07-05 00:00:00+05:30,127.97117440027407,130.55051417296067,126.88514168901582,127.47341918945312,11370649,0.0,0.0
2022-07-06 00:00:00+05:30,128.06168095194639,128.51419572562818,123.17452692004505,125.75385284423828,15929985,0.0,0.0
2022-07-07 00:00:00+05:30,126.70412104647157,129.1929519955987,126.25160632844846,127.11138153076172,18144208,0.0,0.0
2022-07-08 00:00:00+05:30,127.60915752475465,130.5052491179956,127.60915752475465,130.052734375,15375888,0.0,0.0
2022-07-11 00:00:00+05:30,130.32423724760957,133.03932552360143,129.96223100133855,131.0482635498047,16779135,0.0,0.0
2022-07-12 00:00:00+05:30,130.3695094061946,134.03488184469114,130.3695094061946,133.12985229492188,19138561,0.0,0.0
2022-07-13 00:00:00+05:30,133.7181307727457,135.16618373644855,133.49187336027066,134.48741149902344,13644449,0.0,0.0
2022-07-14 00:00:00+05:30,134.84939925335854,135.12091087284657,133.0393402029779,134.21588134765625,9775869,0.0,0.0
2022-07-15 00:00:00+05:30,134.3516266118138,135.89017400101375,134.0801149996834,135.52816772460938,11518139,0.0,0.0
2022-07-18 00:00:00+05:30,137.0214642438226,137.15722695805098,135.1209105315167,135.57342529296875,8286352,0.0,0.0
2022-07-19 00:00:00+05:30,135.57342175906757,136.84045753424454,135.0756527725144,136.43319702148438,6798359,0.0,0.0
2022-07-20 00:00:00+05:30,137.65499578631199,137.79074469071685,135.890177171121,136.252197265625,7271345,0.0,0.0
2022-07-21 00:00:00+05:30,136.65946106586355,136.8857184517342,135.754431522381,136.52371215820312,7521568,0.0,0.0
2022-07-22 00:00:00+05:30,136.6594668469379,137.02147315578284,134.08012701503748,134.8041534423828,6800124,0.0,0.0
2022-07-25 00:00:00+05:30,135.03042047680702,136.16170753477235,133.35612391681227,135.84495544433594,7996687,0.0,0.0
2022-07-26 00:00:00+05:30,135.75442504882812,136.61420031220652,134.98514444968976,135.75442504882812,5774871,0.0,0.0
2022-07-27 00:00:00+05:30,135.34719174535047,136.2522214276201,134.8946769042157,135.48294067382812,5403197,0.0,0.0
2022-07-28 00:00:00+05:30,135.79965542785942,136.61417631119187,134.89462608653366,136.0711669921875,6030744,0.0,0.0
2022-07-29 00:00:00+05:30,136.61418136272331,139.78178417449072,136.16166667532798,138.4242401123047,11771461,0.0,0.0
2022-08-01 00:00:00+05:30,138.3790037839022,142.7231481068354,136.65945327320037,141.63711547851562,14221965,0.0,0.0
2022-08-02 00:00:00+05:30,142.18012637767623,144.8952146180419,141.6823574383453,144.39744567871094,18278835,0.0,0.0
2022-08-03 00:00:00+05:30,144.84995032387877,145.6644712155491,142.27061115083617,144.48793029785156,10147608,0.0,0.0
2022-08-04 00:00:00+05:30,144.53318825138237,145.25721451244024,138.51474843874655,140.00804138183594,15754128,0.0,0.0
2022-08-05 00:00:00+05:30,139.73655482749032,142.2253860513648,138.46951900101615,140.82260131835938,33864055,0.0,0.0
2022-08-08 00:00:00+05:30,140.73207891532024,144.80471142412372,140.23430995786913,144.26168823242188,16964235,0.0,0.0
2022-08-10 00:00:00+05:30,144.72289737659904,144.95349473639257,142.9703630719866,143.6621551513672,14055597,3.0,0.0
2022-08-11 00:00:00+05:30,144.0772240001222,144.6767855653986,140.98722790048103,141.72512817382812,15810624,0.0,0.0
2022-08-12 00:00:00+05:30,141.77125821377766,146.6599252020899,140.75663824515763,146.19873046875,17998843,0.0,0.0
2022-08-16 00:00:00+05:30,146.65990336260458,147.39781764097307,144.7690024225804,146.42930603027344,8309725,0.0,0.0
2022-08-17 00:00:00+05:30,146.65990299209312,150.94900773279892,146.65990299209312,148.9197540283203,19674110,0.0,0.0
2022-08-18 00:00:00+05:30,148.9197684380073,150.0266329225934,147.4900620279169,148.32022094726562,9585888,0.0,0.0
2022-08-19 00:00:00+05:30,148.5508153176174,149.1042405115219,144.95348822178462,145.50692749023438,9599472,0.0,0.0
2022-08-22 00:00:00+05:30,145.09185721505636,146.61379411391104,143.8927481654353,144.35394287109375,11400211,0.0,0.0
2022-08-23 00:00:00+05:30,144.3078128689147,146.84438361439578,143.56989856441126,146.33706665039062,14362373,0.0,0.0
2022-08-24 00:00:00+05:30,146.5676726116709,150.3494748480977,145.73752776686771,148.32022094726562,20602844,0.0,0.0
2022-08-25 00:00:00+05:30,148.82753806074797,149.38096326621312,146.15260030675694,146.5676727294922,12889454,0.0,0.0
2022-08-26 00:00:00+05:30,146.65990679251465,151.91752327771474,146.5676622276072,150.71841430664062,30724938,0.0,0.0
2022-08-29 00:00:00+05:30,149.2426090142343,150.71842362215796,148.2279750357186,148.4585723876953,10928330,0.0,0.0
2022-08-30 00:00:00+05:30,149.24259686859597,152.6093123036482,149.01199953538568,151.2718505859375,24663153,0.0,0.0
2022-09-01 00:00:00+05:30,148.96586527163163,151.50243573291328,147.8590009761628,148.2279510498047,14554158,0.0,0.0
2022-09-02 00:00:00+05:30,150.34949463514002,153.4856134332933,148.73531294427195,149.2426300048828,25106698,0.0,0.0
2022-09-05 00:00:00+05:30,149.98054352207646,152.28651735190823,149.611579264575,151.7330780029297,15226001,0.0,0.0
2022-09-06 00:00:00+05:30,152.9321690222118,155.7454595749513,152.00977959997235,155.37649536132812,27866331,0.0,0.0
2022-09-07 00:00:00+05:30,155.42261459209007,156.94455147904907,153.7161885646733,154.3157501220703,19415892,0.0,0.0
2022-09-08 00:00:00+05:30,154.96141767686768,156.06828213107914,153.0705166105445,153.85455322265625,11595205,0.0,0.0
2022-09-09 00:00:00+05:30,154.63857204043802,156.20664522694196,153.07051292847888,153.67007446289062,16415150,0.0,0.0
2022-09-12 00:00:00+05:30,154.45412277574968,155.05368441028943,152.65546602122475,153.48561096191406,15469466,0.0,0.0
2022-09-13 00:00:00+05:30,153.99291706113178,155.83769597548988,152.7938079518898,154.40798950195312,15644741,0.0,0.0
2022-09-14 00:00:00+05:30,152.1942337095722,159.61947035091762,152.1942337095722,158.9738006591797,38751148,0.0,0.0
2022-09-15 00:00:00+05:30,160.8647073890569,162.4788888557027,159.25052592241107,161.51039123535156,29483891,0.0,0.0
2022-09-16 00:00:00+05:30,160.4496276407151,161.14141966624956,158.00530144697797,159.38888549804688,26126152,0.0,0.0
2022-09-19 00:00:00+05:30,160.034550003141,160.58798923527505,157.31350427332785,157.72857666015625,13304030,0.0,0.0
2022-09-20 00:00:00+05:30,158.55873107910156,159.71171782073128,157.6363416857978,158.55873107910156,15395199,0.0,0.0
2022-09-21 00:00:00+05:30,157.7285910418422,158.69710274911353,155.0997755613266,155.51486206054688,7370283,0.0,0.0
2022-09-22 00:00:00+05:30,154.0390371681134,156.48336356521418,153.9006843813137,155.56097412109375,7447846,0.0,0.0
2022-09-23 00:00:00+05:30,154.17736621845606,155.4225974061268,150.02661435894524,151.22572326660156,12264388,0.0,0.0
2022-09-26 00:00:00+05:30,149.84216072447555,151.1335143766831,144.44619098080412,146.2909698486328,21951865,0.0,0.0
2022-09-27 00:00:00+05:30,147.02887753046664,149.1042538611482,145.2763431477097,146.65992736816406,8367800,0.0,0.0
2022-09-28 00:00:00+05:30,145.5530534666512,147.07499038167055,142.9703602726237,145.69140625,14261815,0.0,0.0
2022-09-29 00:00:00+05:30,146.42930678715322,149.15035250781668,145.737514786584,147.16722106933594,17623352,0.0,0.0
2022-09-30 00:00:00+05:30,147.58230236546123,149.01200873453567,145.18408432220446,147.25946044921875,12015533,0.0,0.0
2022-10-03 00:00:00+05:30,147.44395665020164,151.36411174458155,146.6137977148996,147.9051513671875,10528629,0.0,0.0
2022-10-04 00:00:00+05:30,149.38096318610638,151.2718643048258,148.82753798093802,149.9344024658203,9013773,0.0,0.0
2022-10-06 00:00:00+05:30,151.50244864232369,152.28648520879878,149.7960227386046,150.25721740722656,6456408,0.0,0.0
2022-10-07 00:00:00+05:30,150.44170435185927,152.05588566861937,148.82752303509915,151.54856872558594,8825983,0.0,0.0
2022-10-10 00:00:00+05:30,150.07273663895967,152.74767405981515,149.28871417688947,151.22572326660156,10484521,0.0,0.0
2022-10-11 00:00:00+05:30,151.64082330755298,151.64082330755298,147.85903492355072,148.5508270263672,13805741,0.0,0.0
2022-10-12 00:00:00+05:30,149.33481676712577,152.47094872111427,148.64302481655315,152.19422912597656,12496248,0.0,0.0
2022-10-13 00:00:00+05:30,152.05589813421932,153.85455464829772,151.50245886471276,151.96365356445312,9447511,0.0,0.0
2022-10-14 00:00:00+05:30,153.34725659274858,154.50024348442338,152.0559169038916,152.28651428222656,9588164,0.0,0.0
2022-10-17 00:00:00+05:30,152.28649924155332,155.92993464449006,151.27186524727165,155.37649536132812,13426449,0.0,0.0
2022-10-18 00:00:00+05:30,155.83768342891997,156.29887812037848,153.48558768757258,153.99290466308594,20635735,0.0,0.0
2022-10-19 00:00:00+05:30,153.5778445177325,155.0536732780517,151.13351808765913,151.3179931640625,6947654,0.0,0.0
2022-10-20 00:00:00+05:30,151.27185879838976,154.8691717619481,148.96588534109725,153.99290466308594,12020720,0.0,0.0
2022-10-21 00:00:00+05:30,154.50022289572703,155.37649000171916,151.7330547244603,152.24037170410156,7414335,0.0,0.0
2022-10-24 00:00:00+05:30,153.99290466308594,154.91529404600294,153.34723490995304,153.99290466308594,685185,0.0,0.0
2022-10-25 00:00:00+05:30,154.45410148384352,156.52947762401786,152.60932269257745,156.20664978027344,8131380,0.0,0.0
2022-10-27 00:00:00+05:30,156.71396959738215,158.18979841945227,154.54636272849086,157.40576171875,16225577,0.0,0.0
2022-10-28 00:00:00+05:30,157.40575282491386,161.14143288413402,156.71396074263404,160.54188537597656,16185760,0.0,0.0
2022-10-31 00:00:00+05:30,156.71394642990703,160.49574843079535,155.9299239196558,159.6656036376953,24233760,0.0,0.0
2022-11-01 00:00:00+05:30,160.49574428351468,168.75112601652222,160.0345496160333,167.6903839111328,41101936,0.0,0.0
2022-11-02 00:00:00+05:30,167.78262391452054,168.52053823924524,166.03008970852636,166.90635681152344,22146420,0.0,0.0
2022-11-03 00:00:00+05:30,165.43053263492033,167.73650596925404,163.49350940426226,164.3236541748047,16719953,0.0,0.0
2022-11-04 00:00:00+05:30,165.15380474987325,165.56887711435985,162.66335648840996,163.21678161621094,14881752,0.0,0.0
2022-11-07 00:00:00+05:30,164.04697315710345,165.5689101554548,161.27980474224904,162.2021942138672,12799401,0.0,0.0
2022-11-09 00:00:00+05:30,163.954705792233,163.954705792233,158.8815644034438,159.9423065185547,14929008,0.0,0.0
2022-11-10 00:00:00+05:30,160.03456465816325,160.68023443841673,157.31351867917274,158.74322509765625,10668583,0.0,0.0
2022-11-11 00:00:00+05:30,159.57338329589314,160.126822625004,156.4833728450268,158.1436767578125,16963169,0.0,0.0
2022-11-14 00:00:00+05:30,158.97383575147873,159.9423334656025,157.8208488779535,158.1436767578125,10224241,0.0,0.0
2022-11-15 00:00:00+05:30,158.9277001670793,160.63411215242456,158.09754124285715,158.74322509765625,13899999,0.0,0.0
2022-11-16 00:00:00+05:30,158.7432163933383,159.5272389140326,156.02215648900525,156.76007080078125,9781274,0.0,0.0
2022-11-17 00:00:00+05:30,156.7600654425583,157.54410201099827,154.50021437555606,155.23812866210938,12778124,0.0,0.0
2022-11-18 00:00:00+05:30,155.4687352939833,155.92992999134037,152.28649469712843,152.97828674316406,11134908,0.0,0.0
2022-11-21 00:00:00+05:30,152.19424736205784,153.3011118006911,151.4102107609808,151.64080810546875,12788632,0.0,0.0
2022-11-22 00:00:00+05:30,152.4248554890855,154.5002317362894,152.0559053416232,154.0851593017578,15198091,0.0,0.0
2022-11-23 00:00:00+05:30,154.82307802167114,155.19202817950074,153.34724924126002,155.00755310058594,12004998,0.0,0.0
2022-11-24 00:00:00+05:30,155.6070868956079,156.8061959145695,154.59246701382892,156.34500122070312,10986350,0.0,0.0
2022-11-25 00:00:00+05:30,157.0367867156578,157.9591760649421,155.51484991915646,156.57559204101562,12358833,0.0,0.0
2022-11-28 00:00:00+05:30,156.80622071480983,158.5587551988623,156.25278136482098,157.1751708984375,5471921,0.0,0.0
2022-11-29 00:00:00+05:30,157.72858617427215,158.2820254397894,155.92992967315877,156.94454956054688,7693168,0.0,0.0
2022-11-30 00:00:00+05:30,156.89843995574947,159.43501076348792,156.5755980413102,158.83544921875,9133076,0.0,0.0
2022-12-01 00:00:00+05:30,160.03455823368083,160.17291101155763,157.59023199422361,158.83544921875,9214914,0.0,0.0
2022-12-02 00:00:00+05:30,159.0199192382599,159.43500570781805,157.8669325440308,158.78932189941406,6376672,0.0,0.0
2022-12-05 00:00:00+05:30,159.61950901033518,162.0177133139924,158.09755785990075,161.5565185546875,9861212,0.0,0.0
2022-12-06 00:00:00+05:30,161.97157955042192,162.34052966985362,160.35739814745463,161.6026153564453,7008295,0.0,0.0
2022-12-07 00:00:00+05:30,160.58802602021316,161.41817098402626,158.00533246955922,158.5126495361328,7718718,0.0,0.0
2022-12-08 00:00:00+05:30,158.5126123181742,159.06603747259234,156.80618642432705,157.1290283203125,4225180,0.0,0.0
2022-12-09 00:00:00+05:30,157.9130603649398,158.42037734310185,154.961417139104,156.34500122070312,6174919,0.0,0.0
2022-12-12 00:00:00+05:30,156.80619891715895,156.80619891715895,154.54634768885015,155.79156494140625,7153044,0.0,0.0
2022-12-13 00:00:00+05:30,156.57560006406527,156.80619741320234,155.0075409048423,156.0682830810547,5166993,0.0,0.0
2022-12-14 00:00:00+05:30,156.76006211674942,160.21902206669776,156.2988674567563,158.28201293945312,8562333,0.0,0.0
2022-12-15 00:00:00+05:30,158.6509805256719,160.54188165498584,158.37426088426452,158.74322509765625,10644546,0.0,0.0
2022-12-16 00:00:00+05:30,158.55874405891745,159.66562268112858,155.92994251753183,156.62173461914062,9433166,0.0,0.0
2022-12-19 00:00:00+05:30,156.6217130160487,158.88156408802314,156.3449933986643,158.46649169921875,7706855,0.0,0.0
2022-12-20 00:00:00+05:30,157.86693150019588,158.14365111989008,155.46872763678334,156.57559204101562,7387632,0.0,0.0
2022-12-21 00:00:00+05:30,156.8061995657037,157.7747112602833,153.6700812042078,154.91529846191406,8454254,0.0,0.0
2022-12-22 00:00:00+05:30,155.42261692013057,155.5609697030009,151.7791815342414,153.02439880371094,6979001,0.0,0.0
2022-12-23 00:00:00+05:30,151.54859646006366,153.43949773493995,149.74993976427277,150.3494873046875,5313321,0.0,0.0
2022-12-26 00:00:00+05:30,149.42707717124793,154.73081602146198,149.33483260490456,152.79379272460938,8321609,0.0,0.0
2022-12-27 00:00:00+05:30,154.0390422726655,155.14590682738017,151.7791908745926,152.3787384033203,9244387,0.0,0.0
2022-12-28 00:00:00+05:30,152.19425012783893,154.59246818391387,152.00977506380514,152.97828674316406,9652984,0.0,0.0
2022-12-29 00:00:00+05:30,152.19425962067794,154.4079886762512,151.2718701684314,153.80844116210938,19571340,0.0,0.0
2022-12-30 00:00:00+05:30,153.80842738947644,154.77693904252004,153.11663536223742,153.53170776367188,8626291,0.0,0.0
2023-01-02 00:00:00+05:30,154.08514345643925,155.46872747896123,153.48558193528638,154.96141052246094,7322962,0.0,0.0
2023-01-03 00:00:00+05:30,154.961418389972,156.06828284927707,153.85455393066698,154.59246826171875,9629995,0.0,0.0
2023-01-04 00:00:00+05:30,154.82306117382305,155.42260863368998,151.91752621754645,153.67007446289062,11995082,0.0,0.0
2023-01-05 00:00:00+05:30,154.96140936252027,157.12902994473043,154.1773727924755,156.7139434814453,18887530,0.0,0.0
2023-01-06 00:00:00+05:30,157.22126609966926,158.78932522172,155.46873191759107,155.88380432128906,13216749,0.0,0.0
2023-01-09 00:00:00+05:30,157.03681809821396,157.72861024842635,156.29890365641126,157.1751708984375,6012344,0.0,0.0
2023-01-10 00:00:00+05:30,157.17514969956954,157.45186933724162,154.17738411963697,154.91529846191406,7557693,0.0,0.0
2023-01-11 00:00:00+05:30,155.3764789945106,155.69932088810563,152.6554333004388,153.16275024414062,8463293,0.0,0.0
2023-01-12 00:00:00+05:30,153.94680863011965,154.22352830709013,152.70159119557357,153.07054138183594,7628932,0.0,0.0
2023-01-13 00:00:00+05:30,153.3011334374357,155.09979016339318,152.6554635966493,154.77696228027344,5090393,0.0,0.0
2023-01-16 00:00:00+05:30,155.5609903254755,155.5609903254755,151.8714321646621,153.07054138183594,10321015,0.0,0.0
2023-01-17 00:00:00+05:30,153.67008769335266,155.1459023656818,152.93217331991508,154.68470764160156,13015434,0.0,0.0
2023-01-18 00:00:00+05:30,154.50021746813957,156.52947124087186,154.13126735474992,156.2988739013672,5536057,0.0,0.0
2023-01-19 00:00:00+05:30,157.1751299061301,157.1751299061301,154.31573154239715,155.60707092285156,6812613,0.0,0.0
2023-01-20 00:00:00+05:30,156.71393525960443,156.71393525960443,154.63855935023892,155.60707092285156,8545359,0.0,0.0
2023-01-23 00:00:00+05:30,156.25276230618573,156.34500687811496,153.11664390423059,153.9006805419922,7787735,0.0,0.0
2023-01-24 00:00:00+05:30,154.22349233816288,154.5463342317579,152.56318873811333,153.16275024414062,7033092,0.0,0.0
2023-01-25 00:00:00+05:30,153.11664337532153,153.6700826558939,151.6408146768255,153.02439880371094,9257370,0.0,0.0
2023-01-27 00:00:00+05:30,153.3472492936502,154.08516368410787,151.27187298742035,153.39337158203125,13756671,0.0,0.0
2023-01-30 00:00:00+05:30,154.5924510067886,158.8815555858191,154.1312563606759,155.7454376220703,30768122,0.0,0.0
2023-01-31 00:00:00+05:30,156.66784837486333,159.2505274872382,154.36187482842465,157.866943359375,24990701,0.0,0.0
2023-02-01 00:00:00+05:30,158.8815897324506,160.31129625757936,154.2235199906973,156.80621337890625,13878016,0.0,0.0
2023-02-02 00:00:00+05:30,156.80618996708526,157.59022654673853,152.65543787972123,153.94677734375,19898080,0.0,0.0
2023-02-03 00:00:00+05:30,155.69780123204004,157.54345616973302,153.85214629434705,156.69161987304688,11730514,4.25,0.0
2023-02-06 00:00:00+05:30,155.6977918083691,157.9220517539835,155.27187368580488,157.16485595703125,7588936,0.0,0.0
2023-02-07 00:00:00+05:30,157.59079842848786,158.72658507824903,155.5085204968739,156.40768432617188,8699758,0.0,0.0
2023-02-08 00:00:00+05:30,156.7389572703862,156.88092518140903,155.31922039091643,156.64430236816406,8839686,0.0,0.0
2023-02-09 00:00:00+05:30,157.0702110039118,157.7327519522963,155.83976956130658,157.11753845214844,5507650,0.0,0.0
2023-02-10 00:00:00+05:30,156.26569065611076,156.9282315557498,155.31919953025258,156.17103576660156,9468345,0.0,0.0
2023-02-13 00:00:00+05:30,156.2657098747883,159.19982406042206,155.98175961364694,158.86856079101562,9829152,0.0,0.0
2023-02-14 00:00:00+05:30,159.48375635082184,159.48375635082184,156.02906948275714,157.16485595703125,12916373,0.0,0.0
2023-02-15 00:00:00+05:30,157.11754853661498,157.5907941647373,155.4138613869125,156.92825317382812,11855678,0.0,0.0
2023-02-16 00:00:00+05:30,157.11754500112391,158.726577212071,156.73895428406934,158.442626953125,7923121,0.0,0.0
2023-02-17 00:00:00+05:30,158.0640426029378,160.57223869965296,157.54346951428636,159.057861328125,10182025,0.0,0.0
2023-02-20 00:00:00+05:30,158.72658293055136,160.90351573781928,158.3006647479428,158.91587829589844,6679716,0.0,0.0
2023-02-21 00:00:00+05:30,160.0043239925691,164.92607484407412,160.0043239925691,163.97958374023438,26883881,0.0,0.0
2023-02-22 00:00:00+05:30,163.69565538643747,163.93227819400454,159.48377230020563,161.3767547607422,12225021,0.0,0.0
2023-02-23 00:00:00+05:30,161.80265671117863,162.46519761750923,159.957001885576,160.52490234375,11184381,0.0,0.0
2023-02-24 00:00:00+05:30,161.14012246382862,162.03928619117082,160.33559918855397,161.84999084472656,8338893,0.0,0.0
2023-02-27 00:00:00+05:30,161.9919350331348,164.2161947446392,161.37672163666272,163.175048828125,17669762,0.0,0.0
2023-02-28 00:00:00+05:30,163.55368747882125,163.7429828364129,160.76154123799182,161.3767547607422,19044910,0.0,0.0
2023-03-01 00:00:00+05:30,161.80267010589978,163.79030743174536,160.85617889212756,163.03311157226562,9318790,0.0,0.0
2023-03-02 00:00:00+05:30,162.98578751635063,162.98578751635063,161.14013249953166,161.66070556640625,7725981,0.0,0.0
2023-03-03 00:00:00+05:30,162.79649461601693,165.63596835931955,162.32324899213316,163.36439514160156,12962719,0.0,0.0
2023-03-06 00:00:00+05:30,163.64832107703418,168.00218633069713,163.45902572737697,167.3396453857422,12402804,0.0,0.0
2023-03-08 00:00:00+05:30,166.2985121161697,169.56390408693343,166.06188930028378,169.27996826171875,22099710,0.0,0.0
2023-03-09 00:00:00+05:30,168.85403589755464,172.45070559298435,168.47544516848228,169.8478546142578,18874546,0.0,0.0
2023-03-10 00:00:00+05:30,168.4754118648967,171.31488509857473,168.2861165377797,171.07826232910156,12399692,0.0,0.0
2023-03-13 00:00:00+05:30,171.59883362535234,171.83545639250195,169.84781937152226,170.08444213867188,13669178,0.0,0.0
2023-03-14 00:00:00+05:30,169.09063617639373,171.3148961295853,167.71822691354112,168.38076782226562,9217542,0.0,0.0
2023-03-15 00:00:00+05:30,169.8478325555138,169.942487446644,168.23880050246115,168.6647186279297,8548173,0.0,0.0
2023-03-16 00:00:00+05:30,168.66474120483193,170.3684283770647,167.4816271188801,169.98983764648438,9405016,0.0,0.0
2023-03-17 00:00:00+05:30,171.97744631106607,171.97744631106607,166.48779452135344,167.4816131591797,47276890,0.0,0.0
2023-03-20 00:00:00+05:30,168.04952280881116,168.04952280881116,165.58863980410388,166.58245849609375,5627841,0.0,0.0
2023-03-21 00:00:00+05:30,167.38695815571756,168.0494990425749,165.91989405047826,167.6235809326172,12894327,0.0,0.0
2023-03-22 00:00:00+05:30,168.2861593733555,168.2861593733555,164.5001940981048,165.02076721191406,7893205,0.0,0.0
2023-03-23 00:00:00+05:30,164.73678173373315,166.44046863208558,164.40550406599775,165.25735473632812,5759884,0.0,0.0
2023-03-24 00:00:00+05:30,165.82524271222258,165.82524271222258,163.127751663213,163.45901489257812,4977283,0.0,0.0
2023-03-27 00:00:00+05:30,163.41170609882442,164.64214759393846,161.5660510773084,162.0866241455078,12077986,0.0,0.0
2023-03-28 00:00:00+05:30,162.18126479912615,163.74296942422555,161.3767415423726,162.79647827148438,8750986,0.0,0.0
2023-03-29 00:00:00+05:30,163.4116994900945,166.01455028351643,162.5125357408288,164.68946838378906,20272070,0.0,0.0
2023-03-31 00:00:00+05:30,165.44667107839325,167.76557172005326,165.25737571949836,165.73062133789062,8125121,0.0,0.0
2023-04-03 00:00:00+05:30,166.20387019820885,168.5700983363251,166.06188784453562,168.28614807128906,9098662,0.0,0.0
2023-04-05 00:00:00+05:30,168.75938046864164,168.75938046864164,165.77792458296685,166.48779296875,10829323,0.0,0.0
2023-04-06 00:00:00+05:30,166.96104290601704,167.1503527010019,165.4939930910521,165.82525634765625,7159274,0.0,0.0
2023-04-10 00:00:00+05:30,166.440487888486,168.47543824769997,165.82525992612807,168.0968475341797,10968456,0.0,0.0
2023-04-11 00:00:00+05:30,168.57009887695312,170.1318036761943,167.1030345381539,168.57009887695312,9208605,0.0,0.0
2023-04-12 00:00:00+05:30,168.47542028719332,168.75937051321768,165.91989713759082,166.3931427001953,7591360,0.0,0.0
2023-04-13 00:00:00+05:30,166.58244450117076,166.67709939428818,163.0804300904602,163.79029846191406,9944382,0.0,0.0
2023-04-17 00:00:00+05:30,163.12775296614842,164.64213011743144,160.1936246694304,160.52490234375,17401126,0.0,0.0
2023-04-18 00:00:00+05:30,160.90349879266296,161.6133671696894,159.95700762329434,160.99815368652344,16199789,0.0,0.0
2023-04-19 00:00:00+05:30,159.72039616965142,160.8561827650625,157.8747411468197,158.15869140625,16314641,0.0,0.0
2023-04-20 00:00:00+05:30,158.15869920015234,161.09281351269527,157.87474892672927,160.61956787109375,15498083,0.0,0.0
2023-04-21 00:00:00+05:30,160.57224041847144,160.8561906918945,159.38912631446763,160.61956787109375,6672391,0.0,0.0
2023-04-24 00:00:00+05:30,159.48377270821598,162.08662359811268,159.19982244994705,161.80267333984375,8088991,0.0,0.0
2023-04-25 00:00:00+05:30,162.13395173094335,163.2224108761959,161.23478794456383,161.9446563720703,9175412,0.0,0.0
2023-04-26 00:00:00+05:30,161.94463427011678,162.5125202692317,160.43024272119402,160.7615203857422,9032416,0.0,0.0
2023-04-27 00:00:00+05:30,160.90350955725054,162.18127849830566,159.7677229664849,161.80267333984375,9054900,0.0,0.0
2023-04-28 00:00:00+05:30,162.7018233792867,163.26972384785498,160.52490528182906,162.79647827148438,21552892,0.0,0.0
2023-05-02 00:00:00+05:30,163.41169687968696,166.5824481179466,163.3170564268237,166.203857421875,8893428,0.0,0.0
2023-05-03 00:00:00+05:30,166.2038584155304,169.09064498553113,165.7306128214569,166.91372680664062,11194149,0.0,0.0
2023-05-04 00:00:00+05:30,167.0083672600697,167.95485844821664,165.44666257655095,166.91372680664062,4671155,0.0,0.0
2023-05-05 00:00:00+05:30,166.91370821766384,166.96102121795448,163.74295731357043,164.9260711669922,5958697,0.0,0.0
2023-05-08 00:00:00+05:30,165.44667337420694,168.04952431148266,165.16272311076932,167.57627868652344,6287186,0.0,0.0
2023-05-09 00:00:00+05:30,167.7182450973778,169.09065450902563,165.82526261446765,166.58245849609375,7918748,0.0,0.0
2023-05-10 00:00:00+05:30,166.582459985647,167.86022894996105,165.58864128477057,167.57627868652344,6231734,0.0,0.0
2023-05-11 00:00:00+05:30,168.0968347618066,170.36840775494903,167.48160684619506,169.94248962402344,12125975,0.0,0.0
2023-05-12 00:00:00+05:30,169.51658558754409,169.65855349555358,165.16272013932553,165.58863830566406,8920297,0.0,0.0
2023-05-15 00:00:00+05:30,164.68945566924947,167.29230626172324,164.54748777749245,166.5351104736328,7980565,0.0,0.0
2023-05-16 00:00:00+05:30,167.43427622975224,168.47542225657588,166.10919441589363,167.95484924316406,7874923,0.0,0.0
2023-05-17 00:00:00+05:30,167.95486790774157,168.33347306970973,165.68329470517347,166.58245849609375,6639494,0.0,0.0
2023-05-18 00:00:00+05:30,167.52894891085714,168.19148988814425,165.3046887274895,165.73062133789062,6921939,0.0,0.0
2023-05-19 00:00:00+05:30,165.6359639526303,165.96724165745954,163.69565405786608,164.0269317626953,6657753,0.0,0.0
2023-05-22 00:00:00+05:30,164.02692282706207,167.57626471840513,163.88494048602286,164.78411865234375,13339834,0.0,0.0
2023-05-23 00:00:00+05:30,165.58863200318098,166.25117295252502,163.55368170684366,164.83143615722656,8359389,0.0,0.0
2023-05-24 00:00:00+05:30,164.68947452288046,165.91991601409964,164.16890145632888,165.58863830566406,8507023,0.0,0.0
2023-05-25 00:00:00+05:30,165.5886378918366,166.15653840707546,164.1215735960613,165.1627197265625,7986243,0.0,0.0
2023-05-26 00:00:00+05:30,165.63596534182486,167.76557061050548,164.78412901127663,165.1627197265625,6926193,0.0,0.0
2023-05-29 00:00:00+05:30,165.588625202752,168.28613077996116,165.44665730597634,166.86639404296875,9943211,0.0,0.0
2023-05-30 00:00:00+05:30,167.5289407353994,168.47543192599488,166.2038588454895,167.3396453857422,9727639,0.0,0.0
2023-05-31 00:00:00+05:30,167.52892657297176,167.52892657297176,162.74914357607224,164.5474853515625,41785992,0.0,0.0
2023-06-01 00:00:00+05:30,164.31088800619136,165.35201972359422,162.65452830629954,165.0680694580078,11602551,0.0,0.0
2023-06-02 00:00:00+05:30,166.487791650351,166.487791650351,164.12156371647842,165.2100372314453,7262018,0.0,0.0
2023-06-05 00:00:00+05:30,166.3931507546241,166.77174144611038,164.26354561981827,164.78411865234375,12239684,0.0,0.0
2023-06-06 00:00:00+05:30,165.1627357304654,166.34584988326245,164.26357186280194,166.0145721435547,4889564,0.0,0.0
2023-06-07 00:00:00+05:30,166.53511793429962,168.4754277149846,166.01454490402185,167.86021423339844,6270083,0.0,0.0
2023-06-08 00:00:00+05:30,169.18530713582433,174.4856637936469,168.57009361407262,172.30873107910156,27382635,0.0,0.0
2023-06-09 00:00:00+05:30,174.1543716972506,174.39099448488275,170.88898011638892,173.01858520507812,10235269,0.0,0.0
2023-06-12 00:00:00+05:30,173.0185937799425,176.47328087366367,172.87661143494122,175.76341247558594,17450400,0.0,0.0
2023-06-13 00:00:00+05:30,176.04737296101504,176.662586498202,175.1008817085365,175.43215942382812,8332566,0.0,0.0
2023-06-14 00:00:00+05:30,175.43215117574272,178.31893780622946,175.43215117574272,177.1831512451172,15061573,0.0,0.0
2023-06-15 00:00:00+05:30,176.99383486066978,177.27778507778484,175.4321303299988,176.7098846435547,9840499,0.0,0.0
2023-06-16 00:00:00+05:30,176.89918208577197,178.6028689664907,176.09467331036876,178.12962341308594,8562558,0.0,0.0
2023-06-19 00:00:00+05:30,178.12964116509337,178.12964116509337,175.29016756168917,175.9053955078125,5363723,0.0,0.0
2023-06-20 00:00:00+05:30,176.04738037109377,177.94036295572917,174.67497088569527,177.4671173095703,6035600,0.0,0.0
2023-06-21 00:00:00+05:30,177.4671173095703,178.60290397188936,176.5206260172526,177.4671173095703,5906854,0.0,0.0
2023-06-22 00:00:00+05:30,177.467098081015,177.89301622794753,173.53916542041227,174.62762451171875,6683123,0.0,0.0
2023-06-23 00:00:00+05:30,174.67493456512793,177.46708040842557,173.91773880025707,176.7098846435547,15255365,0.0,0.0
2023-06-26 00:00:00+05:30,177.37243823553234,177.37243823553234,174.58029219210115,175.00621032714844,7231775,0.0,0.0
2023-06-27 00:00:00+05:30,175.00622246617962,176.94653237410276,174.91158200866508,176.09469604492188,6787438,0.0,0.0
2023-06-28 00:00:00+05:30,176.0946750375333,180.40121250421737,175.38480670046368,178.98147583007812,32476741,0.0,0.0
2023-06-30 00:00:00+05:30,178.0350043660002,181.39503664517315,177.94034946701933,179.02880859375,9579059,0.0,0.0
2023-07-03 00:00:00+05:30,179.8333349290237,182.29421792076596,178.60289343315256,181.01644897460938,7352149,0.0,0.0
2023-07-04 00:00:00+05:30,180.8744647111233,184.3764790809375,178.8868275173404,183.66661071777344,13258826,0.0,0.0
2023-07-05 00:00:00+05:30,183.61929209630995,184.3291604935895,182.05758739921876,183.0513916015625,6558910,0.0,0.0
2023-07-06 00:00:00+05:30,183.14604115274082,186.60072814174745,182.43617277617983,186.22213745117188,16276609,0.0,0.0
2023-07-07 00:00:00+05:30,186.22215286929398,187.16864411640603,181.86828735565447,182.29421997070312,12652336,0.0,0.0
2023-07-10 00:00:00+05:30,182.34154682455357,183.00410230168862,179.64405523084767,181.3004150390625,10238356,0.0,0.0
2023-07-11 00:00:00+05:30,182.34152697879603,182.6254772320476,180.59052689464608,182.1049041748047,11236383,0.0,0.0
2023-07-12 00:00:00+05:30,183.38269214297932,184.32918345726569,180.06997254297713,180.59054565429688,9191559,0.0,0.0
2023-07-13 00:00:00+05:30,181.53701215271536,181.53701215271536,176.94652412901567,177.84568786621094,10612659,0.0,0.0
2023-07-14 00:00:00+05:30,177.8930148784019,178.27162001682152,174.86424598259154,177.41976928710938,12369394,0.0,0.0
2023-07-17 00:00:00+05:30,178.36626963645605,178.83951525207004,175.85807365062584,176.52061462402344,9058800,0.0,0.0
2023-07-18 00:00:00+05:30,176.99387180662916,179.02882230983445,176.33133078993285,177.3251495361328,7177677,0.0,0.0
2023-07-19 00:00:00+05:30,180.77980779235557,186.08016395481408,180.02261199167455,182.2468719482422,31761232,0.0,0.0
2023-07-20 00:00:00+05:30,182.38884491393236,183.8559091106127,181.5843360877141,182.57814025878906,8936996,0.0,0.0
2023-07-21 00:00:00+05:30,182.48348327501336,185.84352950046795,181.82094240688474,184.66041564941406,11031250,0.0,0.0
2023-07-24 00:00:00+05:30,185.03901187225736,186.4587485362389,182.62545665502716,185.4176025390625,9981788,0.0,0.0
2023-07-25 00:00:00+05:30,185.9855344165743,190.57602284958193,185.41763387807273,189.91346740722656,18028061,0.0,0.0
2023-07-26 00:00:00+05:30,190.71796717816406,191.33318065020237,189.29823044979065,190.8126220703125,13857423,0.0,0.0
2023-07-27 00:00:00+05:30,190.95459503384777,192.13770900555687,189.8661359567991,191.14389038085938,16013422,0.0,0.0
2023-07-28 00:00:00+05:30,191.0492701979332,199.18908652150228,188.8250099182129,198.76316833496094,39630520,0.0,0.0
2023-07-31 00:00:00+05:30,200.84543682670912,207.23425265176758,198.43188129322502,206.66636657714844,43494779,0.0,0.0
2023-08-01 00:00:00+05:30,207.80212133909296,214.52219940110282,207.13958046569874,213.1024627685547,63510580,0.0,0.0
2023-08-02 00:00:00+05:30,213.00785593790064,213.1024963962868,205.24663067703852,207.37623596191406,22647784,0.0,0.0
2023-08-03 00:00:00+05:30,207.37623216826412,211.63544266009905,206.28775859940927,208.32272338867188,29868065,0.0,0.0
2023-08-04 00:00:00+05:30,209.8370921769108,210.31033776794683,205.956486995801,206.28775024414062,12879897,0.0,0.0
2023-08-07 00:00:00+05:30,207.94410981276673,209.50582892857116,206.00380000105716,206.28775024414062,12929354,0.0,0.0
2023-08-08 00:00:00+05:30,208.51203069277398,208.60667115485205,202.5491327740478,205.9091796875,15314866,0.0,0.0
2023-08-09 00:00:00+05:30,206.76099683224717,207.9441108155426,204.86801445897447,206.99761962890625,12554174,0.0,0.0
2023-08-10 00:00:00+05:30,207.47086844737564,209.03258759498826,204.91534509219355,205.76718139648438,10970619,0.0,0.0
2023-08-11 00:00:00+05:30,206.2470440953629,207.78262594160338,204.0876403615587,204.42355346679688,7970536,3.0,0.0
2023-08-14 00:00:00+05:30,204.7114768935162,205.38328845959873,203.2718744043134,204.42355346679688,9283695,0.0,0.0
2023-08-16 00:00:00+05:30,204.37557402983703,209.174249234315,203.51181835078881,208.6943817138672,9687712,0.0,0.0
2023-08-17 00:00:00+05:30,210.61383690596003,210.94975000428337,206.4869735929856,207.0628204345703,11865239,0.0,0.0
2023-08-18 00:00:00+05:30,207.1108208042511,207.9265867868178,204.7114832477709,206.4869842529297,14101163,0.0,0.0
2023-08-21 00:00:00+05:30,208.45443889548935,210.70982200134665,207.0148363967023,209.99002075195312,13336739,0.0,0.0
2023-08-22 00:00:00+05:30,210.42190648695387,213.349101273462,210.03801833059634,212.77325439453125,16930149,0.0,0.0
2023-08-23 00:00:00+05:30,213.92493350799828,213.92493350799828,212.14943247935165,212.77325439453125,13507905,0.0,0.0
2023-08-24 00:00:00+05:30,213.06116311144146,213.44505124127227,210.80578007660353,211.9574737548828,11182959,0.0,0.0
2023-08-25 00:00:00+05:30,212.91720066130952,212.91720066130952,208.45442443795295,209.12623596191406,7413549,0.0,0.0
2023-08-28 00:00:00+05:30,209.1262520347587,210.46988983034197,208.45444045916406,209.89404296875,4851793,0.0,0.0
2023-08-29 00:00:00+05:30,210.37391289312544,212.82124011646644,209.46216755543992,212.19741821289062,8799235,0.0,0.0
2023-08-30 00:00:00+05:30,213.06115548360324,213.06115548360324,210.90175188072888,211.52557373046875,5490930,0.0,0.0
2023-08-31 00:00:00+05:30,212.72524459451728,212.72524459451728,209.94201911317415,211.4296112060547,18532999,0.0,0.0
2023-09-01 00:00:00+05:30,209.07827238125034,222.322603461348,207.44671119091356,221.41085815429688,29859815,0.0,0.0
2023-09-04 00:00:00+05:30,224.29006215652097,226.97732303250763,221.2189131458478,226.30551147460938,21895573,0.0,0.0
2023-09-05 00:00:00+05:30,227.36121791790669,227.36121791790669,222.37059879683423,225.15383911132812,13952922,0.0,0.0
2023-09-06 00:00:00+05:30,226.0175822181608,226.35349531063724,219.20345817038677,222.56253051757812,14623019,0.0,0.0
2023-09-07 00:00:00+05:30,223.61825111468679,228.41692603131096,220.1152242833086,224.67396545410156,30334731,0.0,0.0
2023-09-08 00:00:00+05:30,226.49745087717872,233.79144244115028,225.53771591583475,230.57632446289062,28856420,0.0,0.0
2023-09-11 00:00:00+05:30,233.79143668271973,234.07934544851688,228.56086955671256,233.3115692138672,22493483,0.0,0.0
2023-09-12 00:00:00+05:30,234.3672769580648,235.0870781862188,224.67396253889362,225.63369750976562,21174310,0.0,0.0
2023-09-13 00:00:00+05:30,226.59344047324961,228.84880894771618,223.7622104937967,227.6011505126953,9151928,0.0,0.0
2023-09-14 00:00:00+05:30,228.36892700195312,229.56859568198482,226.44945711390244,228.36892700195312,7568464,0.0,0.0
2023-09-15 00:00:00+05:30,226.11355990691473,229.6645762903531,226.11355990691473,226.68939208984375,14098284,0.0,0.0
2023-09-18 00:00:00+05:30,227.45719874819727,232.3998282218878,226.5454534120517,231.4880828857422,11163399,0.0,0.0
2023-09-20 00:00:00+05:30,231.7760116750723,236.0948193460364,230.6723222391393,232.0159454345703,18936709,0.0,0.0
2023-09-21 00:00:00+05:30,230.38440399857149,233.11964013194552,227.55318850147424,229.3286895751953,10134737,0.0,0.0
2023-09-22 00:00:00+05:30,228.99276350220543,229.66457503414458,226.49744678998232,228.36892700195312,7209300,0.0,0.0
2023-09-25 00:00:00+05:30,229.520620778352,230.5763351424852,227.60115076676004,230.00048828125,8027642,0.0,0.0
2023-09-26 00:00:00+05:30,230.09645776609165,233.4075404651296,229.42464621974085,230.52833557128906,10681642,0.0,0.0
2023-09-27 00:00:00+05:30,230.24041349431477,230.81626033419488,228.2729685209102,229.66458129882812,9679279,0.0,0.0
2023-09-28 00:00:00+05:30,229.9525306256915,231.4880979643829,226.16156535077084,227.5052032470703,32887087,0.0,0.0
2023-09-29 00:00:00+05:30,229.9045084350612,241.37333807056947,229.85651875905126,235.6629180908203,35038887,0.0,0.0
2023-10-03 00:00:00+05:30,234.5112569721965,236.76662547272568,230.86426098322,231.4880828857422,14885044,0.0,0.0
2023-10-04 00:00:00+05:30,231.29612654510248,231.29612654510248,222.17864437838682,225.68167114257812,25424437,0.0,0.0
2023-10-05 00:00:00+05:30,227.6971448871737,227.84109928961837,222.7065254623612,224.43405151367188,22472389,0.0,0.0
2023-10-06 00:00:00+05:30,224.81792384597918,227.9370625973108,224.24207698797576,226.06558227539062,8825123,0.0,0.0
2023-10-09 00:00:00+05:30,224.4340356721445,226.7853834939403,221.21891756346457,225.2498016357422,10659145,0.0,0.0
2023-10-10 00:00:00+05:30,225.44175422129035,227.3132492580241,224.3380647870477,226.4014892578125,11665907,0.0,0.0
2023-10-11 00:00:00+05:30,226.73738215749563,230.04846480932963,226.49744841976283,229.08872985839844,14313043,0.0,0.0
2023-10-12 00:00:00+05:30,229.32867225710984,232.9756681372619,228.99277379823405,231.87197875976562,13170027,0.0,0.0
2023-10-13 00:00:00+05:30,230.86426100155353,233.98339980320054,229.95251566533554,232.30386352539062,11880728,0.0,0.0
2023-10-16 00:00:00+05:30,233.07164399925253,235.1350683329887,231.29612844183788,233.64747619628906,6936948,0.0,0.0
2023-10-17 00:00:00+05:30,234.991114279908,237.246482682539,233.50352214108716,236.04681396484375,10084205,0.0,0.0
2023-10-18 00:00:00+05:30,235.99881984601336,236.86259009313486,231.8719712503193,232.255859375,6987265,0.0,0.0
2023-10-19 00:00:00+05:30,230.52833314572746,232.06391493070944,228.89678665192986,229.8565216064453,11485237,0.0,0.0
2023-10-20 00:00:00+05:30,229.3286828347849,232.39983200652844,227.98505964852035,231.296142578125,9040953,0.0,0.0
2023-10-23 00:00:00+05:30,231.10418802988897,231.20015274204883,225.5377221708364,227.0253143310547,7058625,0.0,0.0
2023-10-25 00:00:00+05:30,226.49746281948356,226.78538625194645,219.15549583584692,222.70651245117188,23949207,0.0,0.0
2023-10-26 00:00:00+05:30,221.55482505312355,223.90617281529376,218.57964076995725,222.32260131835938,17410264,0.0,0.0
2023-10-27 00:00:00+05:30,222.65850147344693,228.84878877949828,222.65850147344693,227.0732879638672,10519462,0.0,0.0
2023-10-30 00:00:00+05:30,227.8890751020688,228.8008204323157,221.36287410786912,225.15383911132812,8812268,0.0,0.0
2023-10-31 00:00:00+05:30,225.05785307028768,227.64913459040588,224.14610776711194,226.30551147460938,6583581,0.0,0.0
2023-11-01 00:00:00+05:30,227.16927985688523,227.16927985688523,222.75450748249733,223.234375,6718059,0.0,0.0
2023-11-02 00:00:00+05:30,224.76993948143516,226.20954201608703,224.33806164991844,225.7776641845703,6057787,0.0,0.0
2023-11-03 00:00:00+05:30,226.06835951758157,227.95791204817286,226.06835951758157,227.0858154296875,6825146,2.25,0.0
2023-11-06 00:00:00+05:30,228.05482048753132,229.84746684001166,227.279615271357,228.53932189941406,5338605,0.0,0.0
2023-11-07 00:00:00+05:30,228.97536564930363,232.12462476377448,227.90945665008203,231.7370147705078,7002346,0.0,0.0
2023-11-08 00:00:00+05:30,232.4153130585375,233.4327541066947,228.63619350178067,229.36294555664062,9777991,0.0,0.0
2023-11-09 00:00:00+05:30,229.84745142213643,232.26995831905145,228.68465106877895,230.57420349121094,13987058,0.0,0.0
2023-11-10 00:00:00+05:30,230.4773105194794,235.7099194669085,228.49085192035608,235.2254180908203,9589671,0.0,0.0
2023-11-13 00:00:00+05:30,237.35723227691648,242.83210695396457,235.75838357545643,238.083984375,18792969,0.0,0.0
2023-11-15 00:00:00+05:30,241.23324814653967,241.23324814653967,238.3262396978106,239.6343994140625,10965645,0.0,0.0
2023-11-16 00:00:00+05:30,241.0878996508995,246.36896195491477,239.97353755916552,244.52786254882812,22145147,0.0,0.0
2023-11-17 00:00:00+05:30,245.15769964178236,245.25460583264413,243.21969411101728,243.8011016845703,5618928,0.0,0.0
2023-11-20 00:00:00+05:30,243.21972011716173,247.48332682640535,242.54142106602893,243.26817321777344,6283832,0.0,0.0
2023-11-21 00:00:00+05:30,244.77011511842534,244.9639127227869,239.63439728089236,242.25070190429688,6851869,0.0,0.0
2023-11-22 00:00:00+05:30,243.02590279862443,246.12670877085927,241.6208517096534,245.7875518798828,5275418,0.0,0.0
2023-11-23 00:00:00+05:30,246.1267198511684,247.77402171190795,243.8980103756691,244.91546630859375,8200025,0.0,0.0
2023-11-24 00:00:00+05:30,245.44842284010383,248.88838588642668,245.1577190303367,246.02981567382812,7149443,0.0,0.0
2023-11-28 00:00:00+05:30,246.95036066711515,250.29340246464736,245.78754552003235,249.566650390625,6151585,0.0,0.0
2023-11-29 00:00:00+05:30,251.50465181307112,251.50465181307112,248.16161007014685,250.3903045654297,8637363,0.0,0.0
2023-11-30 00:00:00+05:30,249.95428841543918,253.53958109453058,248.06472109408267,253.20042419433594,21687673,0.0,0.0
2023-12-01 00:00:00+05:30,254.21791721852497,266.91186114727674,253.6365095630818,260.61334228515625,29121320,0.0,0.0
2023-12-04 00:00:00+05:30,267.44476706802243,270.35177540571834,264.7800094251345,266.2819519042969,20464526,0.0,0.0
2023-12-05 00:00:00+05:30,266.66958873924904,277.66774712386973,264.3439583065704,276.60186767578125,18883076,0.0,0.0
2023-12-06 00:00:00+05:30,279.07283278788543,279.3150835107916,270.30336844733137,272.38671875,13415314,0.0,0.0
2023-12-07 00:00:00+05:30,273.1134529512691,279.31506513535373,272.5804836529654,275.00299072265625,25133786,0.0,0.0
2023-12-08 00:00:00+05:30,277.5708302939603,282.85187717181844,272.289753844487,276.2142028808594,20815064,0.0,0.0
2023-12-11 00:00:00+05:30,277.1832471970883,279.5573159549899,275.58439844477186,278.3945007324219,8071675,0.0,0.0
2023-12-12 00:00:00+05:30,278.5398969903752,279.65424441727885,272.1444719003076,274.61541748046875,8640883,0.0,0.0
2023-12-13 00:00:00+05:30,275.92355766686075,285.7589305420667,275.68130695775903,284.9352722167969,23629670,0.0,0.0
2023-12-14 00:00:00+05:30,288.5205705940091,289.2473226609965,284.4992150710021,286.243408203125,24900443,0.0,0.0
2023-12-15 00:00:00+05:30,288.7628354120328,297.48386064259756,285.85582700184455,295.64276123046875,28843558,0.0,0.0
2023-12-18 00:00:00+05:30,296.5148623216428,297.0478020429196,292.3966003449533,293.8016662597656,13307504,0.0,0.0
2023-12-19 00:00:00+05:30,295.5458098275375,302.81332974132937,293.1233031896069,300.0516662597656,15650536,0.0,0.0
2023-12-20 00:00:00+05:30,302.8134049733452,303.637063349197,286.00119881490076,288.4237060546875,23497233,0.0,0.0
2023-12-21 00:00:00+05:30,286.63097258278003,293.7531479880561,284.1115893453123,292.5903625488281,17868637,0.0,0.0
2023-12-22 00:00:00+05:30,294.5768471551024,299.37342277788713,290.31324080797066,293.4140319824219,15207726,0.0,0.0
2023-12-26 00:00:00+05:30,296.95091255061067,301.06917434884315,295.1582515005859,300.0032653808594,9917180,0.0,0.0
2023-12-27 00:00:00+05:30,301.9412767100024,302.5711226121652,294.14078647054475,296.56329345703125,12630732,0.0,0.0
2023-12-28 00:00:00+05:30,299.5187811473498,305.7203933549649,298.2106214104293,304.16998291015625,37591916,0.0,0.0
2023-12-29 00:00:00+05:30,304.6060701588542,304.6060701588542,298.59824029834255,301.5052490234375,12682889,0.0,0.0
2024-01-01 00:00:00+05:30,302.3288769294794,303.5885687547046,298.2590532960119,300.14862060546875,8024960,0.0,0.0
2024-01-02 00:00:00+05:30,301.1660327581336,301.1660327581336,292.6872589803526,296.51483154296875,13506040,0.0,0.0
2024-01-03 00:00:00+05:30,297.6776820319117,298.45287246941814,293.89854732711353,296.70867919921875,14259987,0.0,0.0
2024-01-04 00:00:00+05:30,301.2629535034577,311.7766394103284,299.03425897423756,307.2707824707031,40057506,0.0,0.0
2024-01-05 00:00:00+05:30,312.8909933626341,315.555751021388,303.00718269859055,305.18743896484375,27456415,0.0,0.0
2024-01-08 00:00:00+05:30,306.64093017578125,308.48202947510794,302.91026369695646,306.64093017578125,10136462,0.0,0.0
2024-01-09 00:00:00+05:30,307.99755410966844,311.48597019704016,306.2533312801729,309.8386535644531,12229517,0.0,0.0
2024-01-10 00:00:00+05:30,309.7417295487767,309.8386357401104,298.45285319141203,303.63702392578125,14455000,0.0,0.0
2024-01-11 00:00:00+05:30,305.18743165660743,307.4645644895364,302.6680185616118,303.2009582519531,10316319,0.0,0.0
2024-01-12 00:00:00+05:30,305.42968451992857,305.5265611395035,300.1001692921302,302.9587097167969,12341629,0.0,0.0
2024-01-15 00:00:00+05:30,305.13899862974625,308.1429134487596,300.0032952342486,307.464599609375,9706124,0.0,0.0
2024-01-16 00:00:00+05:30,307.41615731375555,307.41615731375555,300.5362310939069,301.8443908691406,10162832,0.0,0.0
2024-01-17 00:00:00+05:30,300.14861802133606,304.36378612578994,297.58076650948857,299.7125549316406,13502940,0.0,0.0
2024-01-18 00:00:00+05:30,299.3734225132872,301.65055540271186,287.35776431160184,290.02252197265625,32481018,0.0,0.0
2024-01-19 00:00:00+05:30,294.38305953865193,299.8579494014299,292.34817717267225,298.8889465332031,28651237,0.0,0.0
2024-01-23 00:00:00+05:30,303.73393137479246,305.5265628496098,290.9915212378944,293.2202453613281,21652362,0.0,0.0
2024-01-24 00:00:00+05:30,293.5594391218665,301.0692115645879,289.0051136827933,299.27655029296875,23922028,0.0,0.0
2024-01-25 00:00:00+05:30,300.3908586691447,307.3676904410751,299.61566828187136,304.9936218261719,32525422,0.0,0.0
2024-01-29 00:00:00+05:30,307.9490689391754,315.65265280087533,306.35022028060115,314.4898376464844,24694773,0.0,0.0
2024-01-30 00:00:00+05:30,311.87354785715115,313.90845959120423,304.75137157377435,305.67193603515625,20918448,0.0,0.0
2024-01-31 00:00:00+05:30,308.6758273326623,310.0808932086614,302.9102784675348,307.65838623046875,20931224,0.0,0.0
2024-02-01 00:00:00+05:30,310.1293534929199,316.81549688375424,307.2708127990897,312.0189208984375,24020951,0.0,0.0
2024-02-02 00:00:00+05:30,313.95692661830356,323.3562661883022,313.0848299586879,322.1934509277344,32346639,0.0,0.0
2024-02-05 00:00:00+05:30,327.522923004633,330.47836950487437,322.72634765861085,325.68182373046875,19651482,0.0,0.0
2024-02-06 00:00:00+05:30,328.76403155638,328.76403155638,321.9147808989554,327.0028076171875,12024661,3.25,0.0
2024-02-07 00:00:00+05:30,330.6230805518568,330.6230805518568,322.5507500877478,323.5781555175781,8080437,0.0,0.0
2024-02-08 00:00:00+05:30,326.75813749156214,328.0301290306099,320.9362634512753,323.7738037109375,17754869,0.0,0.0
2024-02-09 00:00:00+05:30,325.7797011992984,327.7855410736646,312.7171967993653,317.9030456542969,18304439,0.0,0.0
2024-02-12 00:00:00+05:30,319.1261035081854,319.66427675236054,307.7270011698325,309.3414611816406,11714289,0.0,0.0
2024-02-13 00:00:00+05:30,311.6897902112102,316.97352130916414,309.09686579335397,314.62518310546875,15426888,0.0,0.0
2024-02-14 00:00:00+05:30,313.9891770351451,322.2572120282481,311.494105100609,320.936279296875,14085723,0.0,0.0
2024-02-15 00:00:00+05:30,323.8716998736298,333.5584909672641,323.0399992039967,331.94403076171875,21973316,0.0,0.0
2024-02-16 00:00:00+05:30,334.53693924501243,335.56434467944456,329.5467653273213,330.476318359375,20307449,0.0,0.0
2024-02-19 00:00:00+05:30,333.0692330298883,334.5369294414716,330.2316926062327,331.45477294921875,8496898,0.0,0.0
2024-02-20 00:00:00+05:30,333.2649529551754,339.03788646402006,330.52523494632004,338.255126953125,19340526,0.0,0.0
2024-02-21 00:00:00+05:30,339.52710148842425,340.5544770271704,327.49200291871335,328.8618469238281,17751633,0.0,0.0
2024-02-22 00:00:00+05:30,331.6994053947854,332.9224857981585,323.48031105619043,332.237548828125,16083122,0.0,0.0
2024-02-23 00:00:00+05:30,332.6778630412657,332.6778630412657,327.6387778525658,330.476318359375,9665454,0.0,0.0
2024-02-26 00:00:00+05:30,330.72090852708664,331.2101406402924,327.3451950018236,330.32952880859375,7711995,0.0,0.0
2024-02-27 00:00:00+05:30,328.8618469238281,330.72092306365244,326.9049183849899,328.8618469238281,8882923,0.0,0.0
2024-02-28 00:00:00+05:30,328.4704694990715,329.25322897596993,324.6544349332017,326.12213134765625,12977628,0.0,0.0
2024-02-29 00:00:00+05:30,326.12213385985723,328.76399937037036,323.4802982097043,328.37261962890625,13149469,0.0,0.0
2024-03-01 00:00:00+05:30,328.3726162369237,336.9341786320889,327.7855317006118,336.10247802734375,13027254,0.0,0.0
2024-03-04 00:00:00+05:30,340.5055618576248,350.58373177306015,338.3040172766488,346.2295837402344,38075510,0.0,0.0
2024-03-05 00:00:00+05:30,347.25698955127785,352.1982524023864,345.93605671542264,350.53485107421875,15918221,0.0,0.0
2024-03-06 00:00:00+05:30,351.70899598673316,351.70899598673316,337.5701752530067,344.3705139160156,13120921,0.0,0.0
2024-03-07 00:00:00+05:30,344.4194075153649,346.2784835724955,342.16895173994766,344.6151123046875,9172926,0.0,0.0
2024-03-11 00:00:00+05:30,344.66404958380497,345.5446614814998,339.2335846643861,340.4566650390625,10664917,0.0,0.0
2024-03-12 00:00:00+05:30,340.50557044280276,341.92435559712516,335.17292815695384,337.3255615234375,9637912,0.0,0.0
2024-03-13 00:00:00+05:30,336.44496809242423,337.0809639391049,312.6193555255269,315.55474853515625,23722232,0.0,0.0
2024-03-14 00:00:00+05:30,314.13594235619854,319.9089054451468,309.68394186593486,314.9187316894531,20859127,0.0,0.0
2024-03-15 00:00:00+05:30,315.7014739713276,319.028246340516,299.16543465890066,309.48822021484375,43285007,0.0,0.0
2024-03-18 00:00:00+05:30,310.27103501828304,315.9461160052899,308.1673427486354,310.3199462890625,13690352,0.0,0.0
2024-03-19 00:00:00+05:30,307.53128616034985,311.053763252931,303.4217544359699,306.6996154785156,13388060,0.0,0.0
2024-03-20 00:00:00+05:30,309.19472180646164,310.6135069994015,301.6605346790585,306.89532470703125,10026655,0.0,0.0
2024-03-21 00:00:00+05:30,310.4177869826097,319.321817734955,310.17317091721753,318.0008850097656,23370426,0.0,0.0
2024-03-22 00:00:00+05:30,317.51167054209367,320.20244741109445,314.2338091114205,317.75628662109375,14709219,0.0,0.0
2024-03-26 00:00:00+05:30,313.20639546816426,323.18671236250935,313.20639546816426,322.0125732421875,11208959,0.0,0.0
2024-03-27 00:00:00+05:30,324.850150503379,326.9049315238159,319.2728919993874,324.4587707519531,45209520,0.0,0.0
2024-03-28 00:00:00+05:30,324.7522633980031,332.67782942399936,323.1867146992303,328.5682678222656,19868037,0.0,0.0
2024-04-01 00:00:00+05:30,331.6993727561424,336.98307360673493,328.9107437387757,334.97723388671875,8580656,0.0,0.0
2024-04-02 00:00:00+05:30,335.6132573922375,338.1572705632012,333.411712700889,337.3744812011719,9745257,0.0,0.0
2024-04-03 00:00:00+05:30,336.9341499333704,346.47417578968714,334.634753113879,343.685546875,21679943,0.0,0.0
2024-04-04 00:00:00+05:30,347.3548280977881,354.88901518658867,345.055431010139,347.0123596191406,28962927,0.0,0.0
2024-04-05 00:00:00+05:30,348.724654590333,350.4859081659547,343.97909698041695,346.91448974609375,11208130,0.0,0.0
2024-04-08 00:00:00+05:30,347.9419212233726,358.1179442687736,345.64252407908276,355.6717834472656,11447140,0.0,0.0
2024-04-09 00:00:00+05:30,357.1394672685304,358.99854345484243,352.58961427403085,355.0846862792969,10010148,0.0,0.0
2024-04-10 00:00:00+05:30,356.2588471459674,360.41732029891733,353.56807039994106,354.69329833984375,12886638,0.0,0.0
2024-04-12 00:00:00+05:30,354.6932903255523,366.4348613156396,353.22559395179144,353.9594421386719,30924494,0.0,0.0
2024-04-15 00:00:00+05:30,347.84405817293543,358.1179333088449,345.20219262241443,353.37237548828125,18126999,0.0,0.0
2024-04-16 00:00:00+05:30,353.2256182177496,354.15517126246715,346.9634525649089,351.5133056640625,15328939,0.0,0.0
2024-04-18 00:00:00+05:30,351.8068010585786,353.47020218949615,341.6797201920937,343.58770751953125,22966560,0.0,0.0
2024-04-19 00:00:00+05:30,335.71112977985854,344.8108364349918,335.61327737123463,343.00067138671875,12867942,0.0,0.0
2024-04-22 00:00:00+05:30,347.35483569234185,347.35483569234185,334.5369470510592,335.5154113769531,37382916,0.0,0.0
2024-04-23 00:00:00+05:30,338.54863072639745,341.1415550185596,336.5917022250888,339.6738586425781,14651106,0.0,0.0
2024-04-24 00:00:00+05:30,342.266800403859,345.5446617829232,339.82063965237245,344.07696533203125,11132307,0.0,0.0
2024-04-25 00:00:00+05:30,343.44093701875556,352.83419938792133,341.5818609955689,351.46435546875,19865014,0.0,0.0
2024-04-26 00:00:00+05:30,352.93207651488166,353.61698359228785,347.3548181941,348.3332824707031,10986589,0.0,0.0
2024-04-29 00:00:00+05:30,351.95360552768426,355.8185214303593,349.26282881833,355.1825256347656,13652173,0.0,0.0
2024-04-30 00:00:00+05:30,357.09057800066734,357.57981017775535,351.5622305112832,355.3782653808594,14566548,0.0,0.0
2024-05-02 00:00:00+05:30,355.3782416847468,364.5758000286485,355.3782416847468,361.10223388671875,27892188,0.0,0.0
2024-05-03 00:00:00+05:30,364.28223411775497,372.2078006407304,352.5896040607242,357.0905456542969,26844664,0.0,0.0
2024-05-06 00:00:00+05:30,359.8791344394806,360.90653980458876,346.76771963520497,349.11602783203125,15319437,0.0,0.0
2024-05-07 00:00:00+05:30,350.5348292846737,350.73053408536197,339.38034243373033,341.63079833984375,10028071,0.0,0.0
2024-05-08 00:00:00+05:30,337.76587676565833,350.7794395669552,337.76587676565833,347.7951354980469,9595776,0.0,0.0
2024-05-09 00:00:00+05:30,348.82252874631615,350.2902252207046,337.4234254339716,338.5975646972656,9043486,0.0,0.0
2024-05-10 00:00:00+05:30,340.1631343691268,348.67578638509264,340.0652819594471,347.8440856933594,11699095,0.0,0.0
2024-05-13 00:00:00+05:30,347.8440507811117,348.3332829200444,339.0378722803241,343.3431091308594,10691781,0.0,0.0
2024-05-14 00:00:00+05:30,343.00066592265057,349.5563890113042,342.75604983516894,348.1376037597656,10891985,0.0,0.0
2024-05-15 00:00:00+05:30,349.8009911477489,355.6717770131657,348.9692905114093,353.5680847167969,8538183,0.0,0.0
2024-05-16 00:00:00+05:30,356.0142323597247,356.0142323597247,345.44680027561907,353.6659240722656,13114162,0.0,0.0
2024-05-17 00:00:00+05:30,354.64438019230204,358.60714846999593,352.58959929038843,357.57977294921875,8509179,0.0,0.0
2024-05-21 00:00:00+05:30,359.0963871453398,366.04348943548234,357.48192707166294,363.98870849609375,10939593,0.0,0.0
2024-05-22 00:00:00+05:30,366.9241171473359,369.2235142535314,362.61888014487937,365.79888916015625,14001806,0.0,0.0
2024-05-23 00:00:00+05:30,366.973003236938,367.51117648804103,361.5425386199431,364.2822265625,15370357,0.0,0.0
2024-05-24 00:00:00+05:30,364.96716587058074,370.0062507945772,360.7597815325703,366.87518310546875,13317821,0.0,0.0
2024-05-27 00:00:00+05:30,371.76750013070756,372.3056435188514,360.0748405123189,361.6893005371094,21891930,0.0,0.0
2024-05-28 00:00:00+05:30,364.57580825491067,365.2118040849959,356.258861611314,357.5308532714844,10200096,0.0,0.0
2024-05-29 00:00:00+05:30,353.71483219559235,358.46038985825527,352.24713579644055,356.7480773925781,18146672,0.0,0.0
2024-05-30 00:00:00+05:30,356.1609977389674,356.9437572184255,349.45851145230216,351.95361328125,14425073,0.0,0.0
2024-05-31 00:00:00+05:30,355.62282385504324,358.75389136492555,347.84402155544103,351.2686462402344,30515612,0.0,0.0
2024-06-03 00:00:00+05:30,376.70872933617954,384.7321479830676,365.4074794002376,383.3622741699219,39261174,0.0,0.0
2024-06-04 00:00:00+05:30,383.46015688354396,383.46015688354396,307.18888188168125,324.1163024902344,84042244,0.0,0.0
2024-06-05 00:00:00+05:30,332.67787720800493,334.8794219836462,308.5097959490433,333.6563415527344,46418629,0.0,0.0
2024-06-06 00:00:00+05:30,340.3098781419661,352.00253869602733,337.5701899934105,342.2178955078125,33171039,0.0,0.0
2024-06-07 00:00:00+05:30,344.4194296598187,354.20407254788176,340.21204516209576,352.834228515625,23930193,0.0,0.0
2024-06-10 00:00:00+05:30,357.1394478551261,362.1296214547626,354.0083503407458,357.0415954589844,16072588,0.0,0.0
2024-06-11 00:00:00+05:30,360.8086951716689,363.93979274170914,357.0416018059402,359.4877624511719,11235777,0.0,0.0
2024-06-12 00:00:00+05:30,361.59145949796084,365.94563744918736,357.53083874432656,363.30377197265625,12134524,0.0,0.0
2024-06-13 00:00:00+05:30,368.29395645587806,368.29395645587806,360.025951039161,361.9828796386719,11243702,0.0,0.0
2024-06-14 00:00:00+05:30,362.0317748896952,362.86347547975697,358.2157702615784,360.5151672363281,10298434,0.0,0.0
2024-06-18 00:00:00+05:30,363.7929926821612,364.23331353453995,360.75977742482826,361.6893005371094,10228382,0.0,0.0
2024-06-19 00:00:00+05:30,361.8360755760608,362.91239224654333,353.7637453379816,354.69329833984375,8337334,0.0,0.0
2024-06-20 00:00:00+05:30,354.69331177377825,357.04162014172556,349.36066934917295,349.94775390625,14338604,0.0,0.0
2024-06-21 00:00:00+05:30,352.1982156436409,355.13360836790395,349.06711812695005,352.0514221191406,17931844,0.0,0.0
2024-06-24 00:00:00+05:30,349.89881195447606,356.7969727792811,347.892942382042,354.9378967285156,9335598,0.0,0.0
2024-06-25 00:00:00+05:30,356.40563015266906,356.8459510427813,350.04561204424806,353.078857421875,14983828,0.0,0.0
2024-06-26 00:00:00+05:30,355.1825451151057,358.99854995831976,351.9046836991338,357.1883850097656,15918394,0.0,0.0
2024-06-27 00:00:00+05:30,357.1883776161656,372.8927474086809,356.2588544555916,369.0278015136719,55378829,0.0,0.0
2024-06-28 00:00:00+05:30,369.81058559313726,381.1118360531363,368.5875052463685,370.20196533203125,25141039,0.0,0.0
2024-07-01 00:00:00+05:30,373.5287418636299,373.7733579355773,359.87915310482265,361.78717041015625,23389211,0.0,0.0
2024-07-02 00:00:00+05:30,364.5757900592144,364.5757900592144,357.2862193618521,362.42315673828125,13702830,0.0,0.0
2024-07-03 00:00:00+05:30,362.56991393822716,366.1902435878485,360.7108378453239,364.62469482421875,9207317,0.0,0.0
2024-07-04 00:00:00+05:30,365.8477970978676,372.64813595117505,363.74410481746486,364.91827392578125,14916930,0.0,0.0
2024-07-05 00:00:00+05:30,366.28811504405326,373.0395127118814,363.01025368159475,371.6207275390625,15946104,0.0,0.0
2024-07-08 00:00:00+05:30,372.64812263855805,373.0395023738948,368.0493286323622,369.32135009765625,8898299,0.0,0.0
2024-07-09 00:00:00+05:30,371.0336536557051,372.0610291688324,366.97300315058516,368.929931640625,8355819,0.0,0.0
2024-07-10 00:00:00+05:30,370.6422358267492,375.5345569430492,362.03176260620444,373.1862487792969,17715196,0.0,0.0
2024-07-11 00:00:00+05:30,374.16473051783044,375.04534238791564,366.5327211632786,368.9788818359375,19873143,0.0,0.0
2024-07-12 00:00:00+05:30,370.7890551543329,371.2293461692278,363.98871638524923,369.0278015136719,16151583,0.0,0.0
2024-07-15 00:00:00+05:30,370.44659560397713,380.57370723555863,368.7831943244543,377.3447570800781,22951140,0.0,0.0
2024-07-16 00:00:00+05:30,378.32320495752816,380.37798590167347,371.8164235180345,372.2567443847656,11893034,0.0,0.0
2024-07-18 00:00:00+05:30,374.65398398213074,374.65398398213074,366.1413622728538,369.6148986816406,15709153,0.0,0.0
2024-07-19 00:00:00+05:30,369.6148852303874,369.85950130267753,355.0846845642816,356.7969970703125,13330099,0.0,0.0
2024-07-22 00:00:00+05:30,356.8948283572114,369.1256312481371,354.5465201742254,365.4563903808594,18715538,0.0,0.0
2024-07-23 00:00:00+05:30,368.5874842892099,377.34472115793875,353.7637274409345,374.2136535644531,49882257,0.0,0.0
2024-07-24 00:00:00+05:30,375.82813422394105,386.4933888557362,373.4798259346111,384.14508056640625,36868466,0.0,0.0
2024-07-25 00:00:00+05:30,382.5306336941857,387.76539386105156,377.93183949598017,383.70477294921875,25973101,0.0,0.0
2024-07-26 00:00:00+05:30,386.4445083879191,390.8965092525326,381.3075705316592,387.7654113769531,20381410,0.0,0.0
2024-07-29 00:00:00+05:30,395.29954789202867,399.506932125944,384.19397293833686,385.41705322265625,27751449,0.0,0.0
2024-07-30 00:00:00+05:30,388.4503337773299,403.81223549554005,388.4503337773299,398.1860656738281,34447139,0.0,0.0
2024-07-31 00:00:00+05:30,400.68111991882324,408.410981705869,399.75156691503855,407.0411376953125,29727771,0.0,0.0
2024-08-01 00:00:00+05:30,410.8571225577731,415.2113003079603,406.6497383297842,414.3306884765625,28803487,0.0,0.0
2024-08-02 00:00:00+05:30,407.28575481013587,417.11930883798436,404.44821438232947,410.6614685058594,24233263,0.0,0.0
2024-08-05 00:00:00+05:30,398.8709361537507,406.69864996954016,395.9355434728296,404.350341796875,42489503,0.0,0.0
2024-08-06 00:00:00+05:30,404.3503705863493,415.79841480117784,404.3503705863493,406.06268310546875,18230579,0.0,0.0
2024-08-07 00:00:00+05:30,415.18492839181664,415.18492839181664,409.2678035216245,410.5498352050781,15556736,3.25,0.0
2024-08-08 00:00:00+05:30,410.5991494274213,411.24016524852624,400.19485380774677,402.0686340332031,16447385,0.0,0.0
2024-08-09 00:00:00+05:30,408.08435923815,410.5991553208065,402.56173353454574,404.9778747558594,10954753,0.0,0.0
2024-08-12 00:00:00+05:30,404.33684127502187,404.33684127502187,394.573591858567,395.313232421875,26254763,0.0,0.0
2024-08-13 00:00:00+05:30,397.43354061972707,398.91282178828686,389.54404105407497,390.72747802734375,11355664,0.0,0.0
2024-08-14 00:00:00+05:30,393.3901626547945,394.47497485485576,388.2126786098245,390.8753967285156,9424614,0.0,0.0
2024-08-16 00:00:00+05:30,392.5518798828125,395.41184740035555,387.8674897644207,392.5518798828125,13844122,0.0,0.0
2024-08-19 00:00:00+05:30,396.7431975128616,401.871384270812,395.9049622605497,397.53216552734375,10677045,0.0,0.0
2024-08-20 00:00:00+05:30,398.9621106967055,402.56171887435823,397.53215698826085,400.6386413574219,10126083,0.0,0.0
2024-08-21 00:00:00+05:30,401.87140768304164,404.04103222919997,399.603188463375,403.3013916015625,9726854,0.0,0.0
2024-08-22 00:00:00+05:30,404.1396080848855,404.3861549492848,396.69390481844823,397.7787170410156,10445288,0.0,0.0
2024-08-23 00:00:00+05:30,397.7786971237788,400.29346297631315,394.03116691492113,396.3980407714844,11513586,0.0,0.0
2024-08-26 00:00:00+05:30,396.8911249792047,410.2046546715903,396.3980312868941,409.1198425292969,13772637,0.0,0.0
2024-08-27 00:00:00+05:30,409.76087110049747,410.4512143297011,403.4492776611201,403.9916687011719,8441188,0.0,0.0
2024-08-28 00:00:00+05:30,404.3861202342648,408.6760413257494,401.72343238496586,403.3999328613281,15884745,0.0,0.0
2024-08-29 00:00:00+05:30,403.3999548828768,406.9009383055503,398.17317355940315,404.23822021484375,19014705,0.0,0.0
2024-08-30 00:00:00+05:30,406.99957679999034,413.4097952902985,405.81613980951226,410.45123291015625,22633988,0.0,0.0
2024-09-02 00:00:00+05:30,412.0291030709064,413.31116480886845,402.068633939026,404.33685302734375,11107165,0.0,0.0
2024-09-03 00:00:00+05:30,404.82993448557716,405.86541923451307,399.9976221637903,400.78656005859375,7538160,0.0,0.0
2024-09-04 00:00:00+05:30,394.47498504066164,402.61103160712526,394.37636027519085,399.5045471191406,11052003,0.0,0.0
2024-09-05 00:00:00+05:30,399.751083866771,402.75894351315355,396.2994278350294,397.6800842285156,14246871,0.0,0.0
2024-09-06 00:00:00+05:30,397.6800667606827,399.0607230935245,387.2758017889971,389.3467712402344,17956121,0.0,0.0
2024-09-09 00:00:00+05:30,385.79653850636254,387.3251169997037,379.9780085344265,384.4651794433594,12293356,0.0,0.0
2024-09-10 00:00:00+05:30,384.711706057051,393.8832367265311,384.3665344520597,390.8260498046875,15852309,0.0,0.0
2024-09-11 00:00:00+05:30,393.48880326370875,393.7846474683428,382.14764727991763,384.2679443359375,11492592,0.0,0.0
2024-09-12 00:00:00+05:30,385.5992933882351,400.6386520178274,385.2541217611323,399.25799560546875,24028069,0.0,0.0
2024-09-13 00:00:00+05:30,399.25801072913595,401.6741520182725,393.8339795425123,395.85565185546875,12017217,0.0,0.0
2024-09-16 00:00:00+05:30,396.89114606596536,406.3092240510581,396.44734968088676,405.4216613769531,11479712,0.0,0.0
2024-09-17 00:00:00+05:30,406.1613189839843,411.88119432008205,404.4354908968449,410.5498352050781,14432501,0.0,0.0
2024-09-18 00:00:00+05:30,412.7194564282444,413.9521907664411,407.29542534017907,408.4295349121094,10303840,0.0,0.0
2024-09-19 00:00:00+05:30,418.14347457967517,425.8850520032499,414.74111587309415,418.09417724609375,59601773,0.0,0.0
2024-09-20 00:00:00+05:30,422.1375216734422,423.9126771231571,410.7963661129086,418.09417724609375,36084164,0.0,0.0
2024-09-23 00:00:00+05:30,421.59511481512806,424.553677024357,419.1296463074372,422.4333801269531,14139629,0.0,0.0
2024-09-24 00:00:00+05:30,425.49056239630863,425.49056239630863,421.1020164626685,422.18682861328125,12539885,0.0,0.0
2024-09-25 00:00:00+05:30,422.1868553434817,430.9639176704193,419.7706840412333,430.07635498046875,19443168,0.0,0.0
2024-09-26 00:00:00+05:30,431.9008104283907,431.9008104283907,424.6029991427671,428.5970764160156,20041825,0.0,0.0
2024-09-27 00:00:00+05:30,429.97770226033344,436.38792029861827,427.5122337840701,430.8652648925781,53885913,0.0,0.0
2024-09-30 00:00:00+05:30,430.86527876996706,442.2557615548011,427.61087231490114,437.0782775878906,20903229,0.0,0.0
2024-10-01 00:00:00+05:30,439.8396183063029,441.56544640503836,432.7390563759411,434.0211181640625,15984996,0.0,0.0
2024-10-03 00:00:00+05:30,426.0329665545995,436.38793449169043,426.0329665545995,429.3367004394531,13563784,0.0,0.0
2024-10-04 00:00:00+05:30,426.92053569561295,433.2814567062228,420.4116925885812,424.50439453125,18347292,0.0,0.0
2024-10-07 00:00:00+05:30,424.6523118610878,427.01915566542715,403.39995476283326,409.7115783691406,23431004,0.0,0.0
2024-10-08 00:00:00+05:30,408.2816052847353,421.79238542074296,405.61888712489207,415.1356201171875,18706355,0.0,0.0
2024-10-09 00:00:00+05:30,418.5872599830696,418.88310416890016,411.2401517090791,412.6701354980469,13916492,0.0,0.0
2024-10-10 00:00:00+05:30,414.8890752809198,423.96198182949445,414.69182575105947,416.8614501953125,15866037,0.0,0.0
2024-10-11 00:00:00+05:30,418.09416836643004,420.7568563403727,413.80424707412897,416.6641845703125,8639087,0.0,0.0
2024-10-14 00:00:00+05:30,418.73519092482087,420.1158473146257,414.1987227045605,418.6365661621094,8483177,0.0,0.0
2024-10-15 00:00:00+05:30,420.75687790146685,421.29929906739915,417.69969072638116,420.70758056640625,9365964,0.0,0.0
2024-10-16 00:00:00+05:30,419.4254994052575,423.46887386302666,415.43145237632126,418.3900146484375,6219440,0.0,0.0
2024-10-17 00:00:00+05:30,417.79829715961455,419.7213746794438,410.8456878421738,411.97979736328125,11968387,0.0,0.0
2024-10-18 00:00:00+05:30,411.9304940459407,420.0665401952393,408.72538495682306,419.0803527832031,8828971,0.0,0.0
2024-10-21 00:00:00+05:30,420.16515398079423,422.8278721528895,413.3111692128572,419.1296691894531,9139781,0.0,0.0
2024-10-22 00:00:00+05:30,417.009383441532,420.41171220217353,407.7392271153015,410.0074462890625,14242323,0.0,0.0
2024-10-23 00:00:00+05:30,408.2815891324831,409.0212296925057,396.1514959865328,402.6603088378906,22522821,0.0,0.0
2024-10-24 00:00:00+05:30,403.5972111015527,409.5143357603415,401.18103982745964,406.2106018066406,9400171,0.0,0.0
2024-10-25 00:00:00+05:30,396.9404480705798,401.8713853136926,386.19101089980444,393.3901672363281,19642277,0.0,0.0
2024-10-28 00:00:00+05:30,393.3901686956269,400.88519935217204,392.30535647890747,398.32110595703125,11716022,0.0,0.0
2024-10-29 00:00:00+05:30,403.3506688580976,408.57745032810664,398.86352797890413,406.4571533203125,20284308,0.0,0.0
2024-10-30 00:00:00+05:30,408.4295275519184,409.07054337701845,400.1948563019486,402.8575744628906,12264297,0.0,0.0
2024-10-31 00:00:00+05:30,405.83436338416954,407.4715864222319,400.3769330697125,404.9909362792969,12204072,2.5,0.0
2024-11-01 00:00:00+05:30,408.8111311742453,412.2344403803652,407.17390818576865,408.1661682128906,2145479,0.0,0.0
2024-11-04 00:00:00+05:30,410.64682829319526,411.09332714746307,390.65279431546264,397.8466796875,13866505,0.0,0.0
2024-11-05 00:00:00+05:30,396.9040292211674,400.9723015769592,394.07608195669167,399.98004150390625,6665326,0.0,0.0
2024-11-06 00:00:00+05:30,403.55218394689206,407.6204260225568,400.0296425176497,405.7351379394531,9700643,0.0,0.0
2024-11-07 00:00:00+05:30,407.7196433875844,407.7196433875844,398.88853510934865,400.6745910644531,7589295,0.0,0.0
2024-11-08 00:00:00+05:30,400.02963488923683,401.0715261152179,392.4884524192553,394.57220458984375,7536509,0.0,0.0
2024-11-11 00:00:00+05:30,395.0683198685158,397.79703491634496,388.76746270179945,389.51165771484375,12243693,0.0,0.0
2024-11-12 00:00:00+05:30,390.10702322230526,391.7442462091686,376.11615079739795,377.3564758300781,10549517,0.0,0.0
2024-11-13 00:00:00+05:30,381.0278595434391,384.60000178293353,376.413856363055,378.39837646484375,20602407,0.0,0.0
2024-11-14 00:00:00+05:30,377.10840273070954,382.21856598078506,368.4757588573375,369.6168518066406,15086601,0.0,0.0
2024-11-18 00:00:00+05:30,377.05880130419155,377.05880130419155,359.8430841883705,363.86175537109375,16383636,0.0,0.0
2024-11-19 00:00:00+05:30,365.1516812630066,375.5704112990434,362.2245021403331,363.86175537109375,17055094,0.0,0.0
2024-11-21 00:00:00+05:30,360.88498346252806,361.52994642296363,352.0538450086291,353.3934020996094,21276150,0.0,0.0
2024-11-22 00:00:00+05:30,354.2864212106579,364.2586523885786,352.94689443453353,362.6214294433594,15949254,0.0,0.0
2024-11-25 00:00:00+05:30,371.10524613247264,374.280490297492,364.6555560258922,365.548583984375,18388844,0.0,0.0
2024-11-26 00:00:00+05:30,367.136207299123,367.5331052507394,357.46167210678124,358.850830078125,11222231,0.0,0.0
2024-11-27 00:00:00+05:30,360.9841896647588,368.72383612897306,358.5531707407999,366.4416198730469,14225274,0.0,0.0
2024-11-28 00:00:00+05:30,366.8385553640638,368.97190843137776,356.81672272720937,359.24774169921875,16837860,0.0,0.0
2024-11-29 00:00:00+05:30,360.43845970609635,362.571812736864,357.4120786951671,360.8353576660156,14280017,0.0,0.0
2024-12-02 00:00:00+05:30,360.8353502096009,361.08341521459596,354.2368271330057,355.42755126953125,12510350,0.0,0.0
2024-12-03 00:00:00+05:30,356.22134773659985,367.13620797365445,355.42755183190866,364.60595703125,14205760,0.0,0.0
2024-12-04 00:00:00+05:30,366.0943531670141,372.24634723436765,365.1516940182763,369.86492919921875,22035954,0.0,0.0
2024-12-05 00:00:00+05:30,369.8649278246658,371.0556519785017,361.57955048110495,366.29278564453125,18758283,0.0,0.0
2024-12-06 00:00:00+05:30,366.59047479537367,368.3269298222919,365.20128654874105,366.64007568359375,9736086,0.0,0.0
2024-12-09 00:00:00+05:30,368.02925721053754,370.4106753436408,364.9036440182536,366.9873962402344,10878679,0.0,0.0
2024-12-10 00:00:00+05:30,366.14395269564505,368.3269368838865,363.564070549916,366.29278564453125,7913822,0.0,0.0
2024-12-11 00:00:00+05:30,366.3920262411094,367.8804163273969,361.8772550919202,362.6710510253906,9998662,0.0,0.0
2024-12-12 00:00:00+05:30,363.16718543401856,364.1594455035104,350.26780453062446,352.8476867675781,22538216,0.0,0.0
2024-12-13 00:00:00+05:30,352.99652309804304,355.52677418689876,345.35610837732764,354.38568115234375,14269143,0.0,0.0
2024-12-16 00:00:00+05:30,354.3856535916951,356.12210859487004,348.9778547506305,350.1685485839844,12168143,0.0,0.0
2024-12-17 00:00:00+05:30,349.2755374127772,351.11122456056796,344.5623021778037,346.3483581542969,15646176,0.0,0.0
2024-12-18 00:00:00+05:30,346.84447436345346,348.2832634904215,337.36840338103514,339.1048583984375,14672392,0.0,0.0
2024-12-19 00:00:00+05:30,334.3916457269104,337.96378805801277,332.4567264654957,334.7885437011719,14513129,0.0,0.0
2024-12-20 00:00:00+05:30,335.1854253112599,341.23821753770983,328.4380692341054,330.670654296875,20375797,0.0,0.0
2024-12-23 00:00:00+05:30,333.30015107289773,335.63196829098723,327.941952757343,331.06756591796875,8884187,0.0,0.0
2024-12-24 00:00:00+05:30,332.50633911383017,334.242794150687,329.18226198700114,332.70477294921875,7755462,0.0,0.0
2024-12-26 00:00:00+05:30,332.7047774192054,334.78852954770394,329.678396426858,332.059814453125,9030212,0.0,0.0
2024-12-27 00:00:00+05:30,334.0443274580387,337.3684045592351,331.6133085940089,332.4071044921875,9090597,0.0,0.0
2024-12-30 00:00:00+05:30,332.4071030262959,334.19315893000766,324.86592090136514,328.8349609375,36657549,0.0,0.0
2024-12-31 00:00:00+05:30,327.545052262002,332.01022253745117,323.67524407955415,330.7698974609375,8580998,0.0,0.0
2025-01-01 00:00:00+05:30,330.42260292948635,332.05982598682607,326.2550985277359,331.06756591796875,7843971,0.0,0.0
2025-01-02 00:00:00+05:30,331.067543551042,335.97924267260095,327.4458006006726,335.3838806152344,16543382,0.0,0.0
2025-01-03 00:00:00+05:30,335.4334877691431,341.83357701299497,334.4412277487861,337.2195739746094,8689629,0.0,0.0
2025-01-06 00:00:00+05:30,339.0552529917532,339.0552529917532,323.9232880417741,324.96514892578125,10538077,0.0,0.0
2025-01-07 00:00:00+05:30,324.4690185756947,327.79309561737756,322.5837306402449,326.056640625,13891401,0.0,0.0
2025-01-08 00:00:00+05:30,327.94194091612945,327.94194091612945,319.35889768670205,322.88140869140625,8993608,0.0,0.0
2025-01-09 00:00:00+05:30,321.5418579419192,323.42717626701346,317.3247527182454,317.8705139160156,12403467,0.0,0.0
2025-01-10 00:00:00+05:30,317.87051915056816,318.5154821391233,305.21920327121046,305.8641662597656,15941143,0.0,0.0
2025-01-13 00:00:00+05:30,298.7695159472651,307.5510237057495,294.5524106100459,295.8919677734375,29630336,0.0,0.0
2025-01-14 00:00:00+05:30,298.1245287397625,310.27971372456324,297.8764637400727,307.99749755859375,22732888,0.0,0.0
2025-01-15 00:00:00+05:30,310.1308561346119,321.7899113318736,310.1308561346119,318.8627624511719,21894626,0.0,0.0
2025-01-16 00:00:00+05:30,322.18685591430295,324.76670786377883,319.1604445406884,322.98065185546875,14865186,0.0,0.0
2025-01-17 00:00:00+05:30,322.7821832499201,326.45355755995234,320.8472943146656,323.6256103515625,7129232,0.0,0.0
2025-01-20 00:00:00+05:30,323.6752374322688,334.39163376071565,322.0379841397957,333.448974609375,17991880,0.0,0.0
2025-01-21 00:00:00+05:30,335.1854274544568,335.63195658241506,321.29378697506644,321.7899169921875,12774630,0.0,0.0
2025-01-22 00:00:00+05:30,324.46903483329817,324.46903483329817,314.8937314518318,319.9046325683594,11068145,0.0,0.0
2025-01-23 00:00:00+05:30,318.5154754250279,322.5837476783201,317.07668624280154,321.14495849609375,6477347,0.0,0.0
2025-01-24 00:00:00+05:30,322.28605149508,327.3465837964253,319.60696753416096,321.14495849609375,7492600,0.0,0.0
2025-01-27 00:00:00+05:30,321.14496621080605,322.53412425517666,312.56192264523554,319.7062072753906,13803855,0.0,0.0
2025-01-28 00:00:00+05:30,320.00384813954486,321.3434051880313,305.76491116605354,315.7867431640625,22008929,0.0,0.0
2025-01-29 00:00:00+05:30,317.5232247081712,320.40077287581414,310.8750700782941,318.7635498046875,16056888,0.0,0.0
2025-01-30 00:00:00+05:30,319.75580495356036,324.27057612274456,318.66431282917415,320.5,10375720,0.0,0.0
2025-01-31 00:00:00+05:30,322.45001220703125,326.25,317.54998779296875,324.0,13195557,2.5,0.0
2025-02-01 00:00:00+05:30,326.04998779296875,330.79998779296875,316.75,317.70001220703125,10097627,0.0,0.0
2025-02-03 00:00:00+05:30,310.1000061035156,314.04998779296875,304.0,311.25,15881217,0.0,0.0
2025-02-04 00:00:00+05:30,314.8500061035156,320.45001220703125,310.29998779296875,319.1000061035156,12141064,0.0,0.0
2025-02-05 00:00:00+05:30,321.0,323.04998779296875,318.3999938964844,319.6000061035156,12226722,0.0,0.0
2025-02-06 00:00:00+05:30,322.6000061035156,322.70001220703125,311.3999938964844,312.79998779296875,13384442,0.0,0.0
2025-02-07 00:00:00+05:30,313.5,319.25,312.1000061035156,316.95001220703125,8937447,0.0,0.0
2025-02-10 00:00:00+05:30,316.5,316.8500061035156,309.0,310.5,6806132,0.0,0.0
2025-02-11 00:00:00+05:30,312.3500061035156,312.3500061035156,304.1499938964844,305.6000061035156,13241830,0.0,0.0
2025-02-12 00:00:00+05:30,306.20001220703125,307.5,300.0,306.25,7616083,0.0,0.0
2025-02-13 00:00:00+05:30,306.1499938964844,308.6000061035156,303.1000061035156,306.70001220703125,9086906,0.0,0.0
2025-02-14 00:00:00+05:30,306.8500061035156,308.25,298.3500061035156,300.3500061035156,7446248,0.0,0.0
2025-02-17 00:00:00+05:30,297.5,303.20001220703125,292.79998779296875,302.3500061035156,6464173,0.0,0.0
2025-02-18 00:00:00+05:30,301.1499938964844,312.3999938964844,297.5,311.20001220703125,15793327,0.0,0.0
2025-02-19 00:00:00+05:30,311.20001220703125,316.3500061035156,310.6000061035156,314.79998779296875,13079903,0.0,0.0
2025-02-20 00:00:00+05:30,312.54998779296875,327.1499938964844,311.5,325.1499938964844,22888146,0.0,0.0
2025-02-21 00:00:00+05:30,323.29998779296875,329.75,321.54998779296875,326.25,10809296,0.0,0.0
2025-02-24 00:00:00+05:30,322.1000061035156,325.3999938964844,319.45001220703125,320.1000061035156,6034113,0.0,0.0
2025-02-25 00:00:00+05:30,320.1000061035156,321.5,315.75,318.70001220703125,10686112,0.0,0.0
2025-02-27 00:00:00+05:30,315.3500061035156,319.29998779296875,314.5,315.70001220703125,7302366,0.0,0.0
2025-02-28 00:00:00+05:30,314.0,315.6499938964844,306.54998779296875,311.45001220703125,21127180,0.0,0.0
2025-03-03 00:00:00+05:30,311.29998779296875,317.79998779296875,307.70001220703125,314.3999938964844,9779703,0.0,0.0
2025-03-04 00:00:00+05:30,311.29998779296875,314.8999938964844,308.0,313.75,8734999,0.0,0.0
2025-03-05 00:00:00+05:30,313.54998779296875,327.29998779296875,313.5,326.20001220703125,10493615,0.0,0.0
2025-03-06 00:00:00+05:30,329.0,338.79998779296875,323.20001220703125,337.8999938964844,26294903,0.0,0.0
2025-03-07 00:00:00+05:30,335.8500061035156,338.75,328.70001220703125,329.54998779296875,8992315,0.0,0.0
2025-03-10 00:00:00+05:30,329.45001220703125,334.95001220703125,326.29998779296875,329.3999938964844,11383132,0.0,0.0
2025-03-11 00:00:00+05:30,327.0,333.25,323.70001220703125,330.29998779296875,10299324,0.0,0.0
2025-03-12 00:00:00+05:30,331.0,334.79998779296875,326.3999938964844,330.1499938964844,6984859,0.0,0.0
2025-03-13 00:00:00+05:30,332.0,334.54998779296875,328.45001220703125,331.8999938964844,8965150,0.0,0.0
2025-03-17 00:00:00+05:30,332.95001220703125,334.5,330.5,331.6499938964844,4353561,0.0,0.0
2025-03-18 00:00:00+05:30,331.6499938964844,331.6499938964844,331.6499938964844,331.6499938964844,0,0.0,0.0
2025-03-19 00:00:00+05:30,339.0,343.8999938964844,336.3500061035156,341.29998779296875,30582397,0.0,0.0
2025-03-20 00:00:00+05:30,344.70001220703125,344.70001220703125,340.29998779296875,341.75,15002119,0.0,0.0
2025-03-21 00:00:00+05:30,342.0,353.8500061035156,341.75,351.29998779296875,36406837,0.0,0.0
2025-03-24 00:00:00+05:30,357.0,368.0,353.6499938964844,366.95001220703125,24588471,0.0,0.0
2025-03-25 00:00:00+05:30,369.0,371.45001220703125,364.1499938964844,366.95001220703125,23189083,0.0,0.0
2025-03-26 00:00:00+05:30,366.95001220703125,369.0,353.29998779296875,354.6499938964844,18668095,0.0,0.0
2025-03-27 00:00:00+05:30,353.8999938964844,364.45001220703125,351.0,360.6499938964844,37930538,0.0,0.0
2025-03-28 00:00:00+05:30,362.0,364.29998779296875,356.45001220703125,357.6000061035156,11327077,0.0,0.0
2025-04-01 00:00:00+05:30,352.3500061035156,362.8999938964844,350.8500061035156,352.1499938964844,18736320,0.0,0.0
2025-04-02 00:00:00+05:30,352.1499938964844,353.45001220703125,347.04998779296875,351.75,13593404,0.0,0.0
2025-04-03 00:00:00+05:30,351.75,361.3500061035156,351.75,358.8999938964844,10317410,0.0,0.0
2025-04-04 00:00:00+05:30,358.8500061035156,358.8500061035156,348.54998779296875,350.3999938964844,10872963,0.0,0.0
2025-04-07 00:00:00+05:30,328.0,351.3999938964844,324.0,349.79998779296875,18025165,0.0,0.0
2025-04-08 00:00:00+05:30,356.8500061035156,358.25,350.0,352.95001220703125,17506712,0.0,0.0
2025-04-09 00:00:00+05:30,354.0,354.79998779296875,348.20001220703125,349.3500061035156,7462119,0.0,0.0
2025-04-11 00:00:00+05:30,351.0,361.5,351.0,360.1000061035156,11246077,0.0,0.0
2025-04-15 00:00:00+05:30,367.0,368.45001220703125,361.54998779296875,362.5,17497327,0.0,0.0
2025-04-16 00:00:00+05:30,362.5,363.0,357.8999938964844,359.29998779296875,11541484,0.0,0.0
2025-04-17 00:00:00+05:30,359.25,365.45001220703125,357.25,364.0,12288196,0.0,0.0
2025-04-21 00:00:00+05:30,365.79998779296875,368.20001220703125,361.79998779296875,364.54998779296875,7375594,0.0,0.0
2025-04-22 00:00:00+05:30,367.04998779296875,367.04998779296875,359.70001220703125,360.25,12077119,0.0,0.0
2025-04-23 00:00:00+05:30,362.95001220703125,364.25,357.8999938964844,363.79998779296875,9719205,0.0,0.0
2025-04-24 00:00:00+05:30,363.75,366.45001220703125,361.6000061035156,363.20001220703125,7491123,0.0,0.0
2025-04-25 00:00:00+05:30,363.20001220703125,365.79998779296875,351.1000061035156,356.45001220703125,9785640,0.0,0.0
2025-04-28 00:00:00+05:30,353.70001220703125,362.8999938964844,353.70001220703125,361.5,5315840,0.0,0.0
2025-04-29 00:00:00+05:30,364.0,364.3500061035156,354.1000061035156,356.95001220703125,9472828,0.0,0.0
2025-04-30 00:00:00+05:30,357.0,361.0,352.0,354.54998779296875,16739088,0.0,0.0
2025-05-02 00:00:00+05:30,354.54998779296875,358.0,347.6000061035156,348.70001220703125,8221620,0.0,0.0
2025-05-05 00:00:00+05:30,351.0,352.0,345.54998779296875,348.6000061035156,9492646,0.0,0.0
2025-05-06 00:00:00+05:30,349.0,349.5,340.0,341.79998779296875,8904223,0.0,0.0
2025-05-07 00:00:00+05:30,338.0,343.70001220703125,337.0,342.04998779296875,8465490,0.0,0.0
2025-05-08 00:00:00+05:30,341.04998779296875,343.1000061035156,338.3999938964844,340.0,14286109,0.0,0.0
2025-05-09 00:00:00+05:30,334.20001220703125,338.75,330.6000061035156,334.75,11322011,0.0,0.0
2025-05-12 00:00:00+05:30,340.3999938964844,349.20001220703125,338.1000061035156,348.54998779296875,7978210,0.0,0.0
2025-05-13 00:00:00+05:30,348.6000061035156,349.79998779296875,340.5,341.5,14738980,0.0,0.0
2025-05-14 00:00:00+05:30,342.45001220703125,343.8500061035156,337.75,338.54998779296875,22485535,0.0,0.0
2025-05-15 00:00:00+05:30,339.5,343.75,332.6499938964844,341.95001220703125,43307763,0.0,0.0
2025-05-16 00:00:00+05:30,343.0,347.6000061035156,342.0,343.1000061035156,6920351,0.0,0.0
2025-05-19 00:00:00+05:30,343.1000061035156,347.70001220703125,342.3999938964844,345.1499938964844,6218209,0.0,0.0
2025-05-20 00:00:00+05:30,346.8999938964844,349.70001220703125,341.54998779296875,342.6000061035156,9986143,0.0,0.0
2025-05-21 00:00:00+05:30,342.54998779296875,347.3999938964844,339.8500061035156,346.1499938964844,5930972,0.0,0.0
2025-05-22 00:00:00+05:30,346.1499938964844,347.0,338.25,341.3999938964844,8717514,0.0,0.0
2025-05-23 00:00:00+05:30,342.0,344.95001220703125,340.1499938964844,344.6000061035156,4045937,0.0,0.0
2025-05-26 00:00:00+05:30,351.0,351.20001220703125,342.54998779296875,343.5,16655082,0.0,0.0
2025-05-27 00:00:00+05:30,344.0,344.5,336.79998779296875,338.54998779296875,24937330,0.0,0.0
2025-05-28 00:00:00+05:30,338.6000061035156,340.70001220703125,337.1000061035156,340.04998779296875,10985957,0.0,0.0
2025-05-29 00:00:00+05:30,341.0,342.25,338.04998779296875,339.3500061035156,15884093,0.0,0.0
