timestamp,Open,High,Low,Close,Volume,Dividends,Stock Splits
2020-06-01 00:00:00+05:30,64.47395072874126,65.61172632983669,63.44995384516056,63.67750549316406,25047349,0.0,0.0
2020-06-02 00:00:00+05:30,64.0567737411997,64.39810994550822,62.65351811111402,63.94300079345703,15367928,0.0,0.0
2020-06-03 00:00:00+05:30,65.27040032253966,66.33231965818088,64.70151248400629,65.46002960205078,23936651,0.0,0.0
2020-06-04 00:00:00+05:30,64.47395999627247,65.27040534633126,63.71544281984574,64.39810943603516,15120972,0.0,0.0
2020-06-05 00:00:00+05:30,64.54982332702896,67.35634090726461,64.47397275178538,65.95307922363281,18202925,0.0,0.0
2020-06-08 00:00:00+05:30,68.26654781755688,70.61794997386734,67.65973174436782,68.98713684082031,32511374,0.0,0.0
2020-06-09 00:00:00+05:30,69.74565438532348,70.08699059832337,67.77351081820089,68.26654815673828,16702413,0.0,0.0
2020-06-10 00:00:00+05:30,68.72163884859813,69.4043053040761,66.52193839740266,66.93912506103516,17382514,0.0,0.0
2020-06-11 00:00:00+05:30,66.97707886432657,67.92522547459718,65.61174543072585,65.91515350341797,14275999,0.0,0.0
2020-06-12 00:00:00+05:30,61.85707333119592,63.86713906568791,61.85707333119592,63.63958740234375,20601082,0.0,0.0
2020-06-15 00:00:00+05:30,63.71544353680956,65.15662734564278,62.95692635184754,63.79129409790039,17274210,0.0,0.0
2020-06-16 00:00:00+05:30,64.85321363459165,65.04284291422496,62.463883553806696,63.63958740234375,13467530,0.0,0.0
2020-06-17 00:00:00+05:30,63.41203637849218,64.28433231061386,63.108628342924604,63.86714553833008,15440371,0.0,0.0
2020-06-18 00:00:00+05:30,62.95690879560605,63.67749760556494,62.046690742286906,63.412017822265625,18460298,0.0,0.0
2020-06-19 00:00:00+05:30,64.85321738907616,65.46003343384311,63.94299910895244,65.0428466796875,21920473,0.0,0.0
2020-06-22 00:00:00+05:30,65.30832248070733,65.38417303484458,63.79128824985686,64.36017608642578,19227535,0.0,0.0
2020-06-23 00:00:00+05:30,64.85321650902964,65.61173366118203,64.01884879906733,64.96699523925781,23440997,0.0,0.0
2020-06-24 00:00:00+05:30,65.42209821115024,65.72550620083905,62.615587327337416,63.03276824951172,33080229,0.0,0.0
2020-06-25 00:00:00+05:30,62.38804547016378,63.715450692933224,60.68138161231736,61.8950080871582,121277435,0.0,0.0
2020-06-26 00:00:00+05:30,63.03277448971283,64.32225712679164,62.57766535363716,63.829219818115234,23684852,0.0,0.0
2020-06-29 00:00:00+05:30,63.67751782044796,63.791296559989036,61.895003524394674,62.5018196105957,14299071,0.0,0.0
2020-06-30 00:00:00+05:30,63.33618104670793,63.37410921843273,61.17440836000404,61.70536804199219,25762293,0.0,0.0
2020-07-01 00:00:00+05:30,59.92284998532918,61.40195599294141,59.39189033824431,61.02269744873047,35344784,0.0,0.0
2020-07-02 00:00:00+05:30,61.70537426613784,63.82922478237364,61.51574496243918,62.084632873535156,35154027,0.0,0.0
2020-07-03 00:00:00+05:30,62.53974199909134,63.22240864931073,61.895003524394674,62.5018196105957,16786174,0.0,0.0
2020-07-06 00:00:00+05:30,62.99485434327316,64.39810997397925,62.805225047582425,63.525814056396484,17510294,0.0,0.0
2020-07-07 00:00:00+05:30,63.52580593919758,63.56373410830008,62.046699936617756,62.16047286987305,20123433,0.0,0.0
2020-07-08 00:00:00+05:30,62.19840197504654,62.88106851998277,61.43988487778987,61.667442321777344,18626174,0.0,0.0
2020-07-09 00:00:00+05:30,61.89499782185396,62.38803512308916,60.60552099126335,60.833072662353516,17348038,0.0,0.0
2020-07-10 00:00:00+05:30,60.68135978241803,60.79513848941515,58.93676837386334,59.581512451171875,17773167,0.0,0.0
2020-07-13 00:00:00+05:30,60.07455177899781,60.34003739261918,59.46774157349829,59.84700012207031,9360631,0.0,0.0
2020-07-14 00:00:00+05:30,59.54359483958988,59.884925234050826,58.519597869180565,58.67129898071289,9303879,0.0,0.0
2020-07-15 00:00:00+05:30,59.16434596327485,59.31604709965177,57.53353270559961,57.83694076538086,14377090,0.0,0.0
2020-07-16 00:00:00+05:30,57.950707154409784,58.17825881045457,56.88878206512227,57.761077880859375,10604062,0.0,0.0
2020-07-17 00:00:00+05:30,57.874858939636624,61.17440727525878,57.874858939636624,60.94684982299805,24934060,0.0,0.0
2020-07-20 00:00:00+05:30,61.439895290126955,61.629524596577966,60.07456196886882,60.908935546875,15570346,0.0,0.0
2020-07-21 00:00:00+05:30,61.13647465070456,62.881066225547855,60.94684538330967,62.539730072021484,20976092,0.0,0.0
2020-07-22 00:00:00+05:30,62.76728976930503,63.33617759198755,61.97084450273902,62.65351104736328,17882873,0.0,0.0
2020-07-23 00:00:00+05:30,62.577665665629816,63.60166267366206,62.23633525862796,62.691444396972656,14673501,0.0,0.0
2020-07-24 00:00:00+05:30,62.27425569247233,62.50181314802548,60.871000148631914,61.43988800048828,10000280,0.0,0.0
2020-07-27 00:00:00+05:30,61.74329038755211,62.19839947017257,60.75721588601947,61.28818130493164,8510736,0.0,0.0
2020-07-28 00:00:00+05:30,61.439889873177314,61.62951916290935,60.15041301781019,60.60552215576172,10616766,0.0,0.0
2020-07-29 00:00:00+05:30,60.52967769415016,61.212338576325415,60.15041907648512,60.302120208740234,9905015,0.0,0.0
2020-07-30 00:00:00+05:30,60.68136289074137,60.98477086260022,58.7850703004057,58.936771392822266,9668266,0.0,0.0
2020-07-31 00:00:00+05:30,59.12640206617685,59.80906857243242,58.5195918949698,59.39188766479492,10963756,0.0,0.0
2020-08-03 00:00:00+05:30,59.429817805308645,59.54359653571215,57.305973248225335,57.57145309448242,11874183,0.0,0.0
2020-08-04 00:00:00+05:30,57.87485905813777,58.936778405458426,57.5714510501777,57.72315216064453,13360346,0.0,0.0
2020-08-05 00:00:00+05:30,58.0265628113849,58.78507997231804,57.87486169400894,58.36789321899414,9077292,0.0,0.0
2020-08-06 00:00:00+05:30,59.05055217895189,60.643436853355944,58.4437420009544,59.2022590637207,26386380,0.0,0.0
2020-08-07 00:00:00+05:30,59.27811675859044,60.22626320134773,59.2401885860695,59.65737533569336,11786462,0.0,0.0
2020-08-10 00:00:00+05:30,60.30211148914387,60.49174077055627,59.847002371159384,59.96078109741211,7067852,0.0,0.0
2020-08-11 00:00:00+05:30,60.34003827410796,60.68136865799869,59.31603554838321,59.50566482543945,10835360,0.0,0.0
2020-08-12 00:00:00+05:30,59.50566461346332,59.998701889458474,58.93677678432112,59.24018478393555,10481019,0.0,0.0
2020-08-13 00:00:00+05:30,59.58151579161184,60.264176497817104,59.467737078235714,59.61943817138672,7316635,0.0,0.0
2020-08-14 00:00:00+05:30,59.695300540987446,59.88492983849634,58.367895458425224,58.48167419433594,11635634,0.0,0.0
2020-08-17 00:00:00+05:30,58.78508030105801,60.52967209577106,58.709229741945855,60.150413513183594,13610411,0.0,0.0
2020-08-18 00:00:00+05:30,60.49174138159866,62.12255437562385,60.036632259017,61.174407958984375,28329507,0.0,0.0
2020-08-19 00:00:00+05:30,61.32610319141667,61.97084153551425,59.99869833538157,60.34003448486328,12081197,0.0,0.0
2020-08-20 00:00:00+05:30,59.922856931906146,63.14655493140742,59.088489195322936,62.31218719482422,37457277,0.0,0.0
2020-08-21 00:00:00+05:30,62.91899549577442,63.29825407208897,61.17440951694342,61.47781753540039,17027574,0.0,0.0
2020-08-24 00:00:00+05:30,61.66744477274326,62.08462572059952,61.136479311344715,61.6295166015625,9797861,0.0,0.0
2020-08-25 00:00:00+05:30,61.74329739324214,62.57766510388866,60.833073337696874,61.060630798339844,22479622,0.0,0.0
2020-08-26 00:00:00+05:30,61.59159828433084,62.27426496561843,61.250267837200724,61.74330520629883,15967425,0.0,0.0
2020-08-27 00:00:00+05:30,62.04670910552389,62.160482055591885,60.68137583443824,60.7951545715332,16308382,0.0,0.0
2020-08-28 00:00:00+05:30,60.94684982299805,62.046703126223036,60.681369986711466,60.94684982299805,14666431,0.0,0.0
2020-08-31 00:00:00+05:30,61.43988395313438,64.85321083941962,61.36403340195548,62.16047286987305,93192019,0.0,0.0
2020-09-01 00:00:00+05:30,62.767286960811646,62.80521512877054,59.16433091170161,60.18832778930664,38005204,0.0,0.0
2020-09-02 00:00:00+05:30,61.55367403140299,62.00878320947998,60.3021194514209,60.908935546875,31151170,0.0,0.0
2020-09-03 00:00:00+05:30,61.06062861479347,61.667444630123725,59.7711518159997,59.96078109741211,19975929,0.0,0.0
2020-09-04 00:00:00+05:30,59.58152301079156,59.998703961017306,58.67129898052123,59.08848571777344,12855650,0.0,0.0
2020-09-07 00:00:00+05:30,59.31603717801081,59.42981590477573,57.609373637616336,57.98863220214844,16573385,0.0,0.0
2020-09-08 00:00:00+05:30,58.064482381030814,58.140332928480284,56.13026159242738,56.47159194946289,17905003,0.0,0.0
2020-09-09 00:00:00+05:30,56.09233425190318,56.09233425190318,53.77886069195542,55.144187927246094,28166106,0.0,0.0
2020-09-10 00:00:00+05:30,55.75101313488551,56.43367975924867,55.106274684608536,55.86479187011719,18646363,0.0,0.0
2020-09-11 00:00:00+05:30,55.71308095393832,55.90271023667742,55.06834255003065,55.599308013916016,11510019,0.0,0.0
2020-09-14 00:00:00+05:30,56.01649299240817,56.69915961677132,55.56138383850835,55.86479187011719,11989916,0.0,0.0
2020-09-15 00:00:00+05:30,55.940640857742395,56.39574999884072,55.56138227565601,55.97856903076172,8883202,0.0,0.0
2020-09-16 00:00:00+05:30,56.31989766637667,56.47159877962364,55.03042084269785,55.4096794128418,10284798,0.0,0.0
2020-09-17 00:00:00+05:30,55.40968410492225,56.35783061057098,55.25797719180225,55.48553466796875,16070680,0.0,0.0
2020-09-18 00:00:00+05:30,55.97857144913638,56.73708864607846,55.33382720211405,56.35783004760742,25690567,0.0,0.0
2020-09-21 00:00:00+05:30,56.13027102418213,56.206121584377016,53.77886893597986,53.96849822998047,13686080,0.0,0.0
2020-09-22 00:00:00+05:30,53.85471755652119,54.082275015936844,52.14805397198354,52.716941833496094,18042069,0.0,0.0
2020-09-23 00:00:00+05:30,52.86864305661681,53.209979246438834,51.124057083290694,51.31368637084961,17014238,0.0,0.0
2020-09-24 00:00:00+05:30,50.10005902874058,51.086127830985085,49.682872290119825,50.55516815185547,32950752,0.0,0.0
2020-09-25 00:00:00+05:30,51.5791665933071,52.527313038037015,50.17591101251217,52.26183319091797,20235576,0.0,0.0
2020-09-28 00:00:00+05:30,52.679015920663716,55.90271394083314,52.52731479923118,54.49945831298828,28336496,0.0,0.0
2020-09-29 00:00:00+05:30,54.99249707264055,55.144198198030146,52.26183630643897,52.45146560668945,20797874,0.0,0.0
2020-09-30 00:00:00+05:30,52.64108431769539,53.43752374632002,51.27575131573055,52.527305603027344,20069170,0.0,0.0
2020-10-01 00:00:00+05:30,51.19991106763086,52.64109490693994,50.555172604184605,52.45146560668945,20869186,0.0,0.0
2020-10-05 00:00:00+05:30,52.337686388211395,52.86864610922306,51.88257722919755,52.48938751220703,12608039,0.0,0.0
2020-10-06 00:00:00+05:30,53.0962058420591,53.24790697251125,52.337688615743964,52.60316848754883,10028285,0.0,0.0
2020-10-07 00:00:00+05:30,52.56523802089637,55.63722884319211,52.41353112672942,53.47545623779297,50074263,0.0,0.0
2020-10-08 00:00:00+05:30,53.778868430232734,53.85471898971431,51.76879677532396,51.92049789428711,21348017,0.0,0.0
2020-10-09 00:00:00+05:30,52.337682576395416,53.55130884105146,51.768794722304165,53.32375717163086,25747313,0.0,0.0
2020-10-12 00:00:00+05:30,53.32376154524708,53.55131323333147,52.185985743744176,52.45146560668945,10564850,0.0,0.0
2020-10-13 00:00:00+05:30,52.413536071777344,52.90657339704043,52.18598438959757,52.413536071777344,9070661,0.0,0.0
2020-10-14 00:00:00+05:30,51.958419999079915,52.185977437973904,50.55516455796983,50.82064437866211,24825690,0.0,0.0
2020-10-15 00:00:00+05:30,50.8206484788686,51.958424191082074,49.834573880139644,50.100059509277344,17333956,0.0,0.0
2020-10-16 00:00:00+05:30,50.555171456268894,51.23783807907527,50.06213412940724,51.01028060913086,18590744,0.0,0.0
2020-10-19 00:00:00+05:30,51.08613079753607,53.43753289269669,51.08613079753607,52.565242767333984,25987617,0.0,0.0
2020-10-20 00:00:00+05:30,52.71693871570126,52.90656799165702,51.010275232099424,51.124053955078125,18530340,0.0,0.0
2020-10-21 00:00:00+05:30,51.57916464210152,52.03427376095007,50.820647515011785,51.42746353149414,19589424,0.0,0.0
2020-10-22 00:00:00+05:30,51.12405985797928,52.41353676855392,51.04820929624435,52.223907470703125,26354156,0.0,0.0
2020-10-23 00:00:00+05:30,52.48939340175939,52.79280147082139,52.0342841916802,52.33769226074219,13177360,0.0,0.0
2020-10-26 00:00:00+05:30,52.71694394072788,52.71694394072788,51.31368831697718,51.73086929321289,14224945,0.0,0.0
2020-10-27 00:00:00+05:30,51.65501359751315,51.920493426366654,50.44138738916407,50.70686721801758,17088331,0.0,0.0
2020-10-28 00:00:00+05:30,51.01026885193536,51.12404756068307,50.13797313423694,50.32760238647461,15025477,0.0,0.0
2020-10-29 00:00:00+05:30,50.10006141596143,50.32761309484825,48.62094946157665,48.848506927490234,29901005,0.0,0.0
2020-10-30 00:00:00+05:30,49.30361468713664,49.98628127867154,48.696798653099705,49.22776412963867,25849220,0.0,0.0
2020-11-02 00:00:00+05:30,49.60701638019628,50.10005362162001,48.69679244517726,49.83456802368164,12847852,0.0,0.0
2020-11-03 00:00:00+05:30,50.06213065619464,50.631018504560494,49.834573202037724,50.28968811035156,10809489,0.0,0.0
2020-11-04 00:00:00+05:30,50.28969232141718,50.744801480813656,49.75872681293217,50.403465270996094,12479581,0.0,0.0
2020-11-05 00:00:00+05:30,50.74479715969275,51.655015400977014,50.21383169642156,51.2757568359375,17947631,0.0,0.0
2020-11-06 00:00:00+05:30,51.35160895160602,51.73086752816744,50.97235037504459,51.579166412353516,10496588,0.0,0.0
2020-11-09 00:00:00+05:30,52.072204800277,52.072204800277,51.42746636414351,51.92049789428711,8473527,0.0,0.0
2020-11-10 00:00:00+05:30,52.37561552941819,53.85472177026971,51.95842875018979,53.66509246826172,33795453,0.0,0.0
2020-11-11 00:00:00+05:30,54.19605267915261,55.14419919759144,53.51339181549832,54.878719329833984,23531793,0.0,0.0
2020-11-12 00:00:00+05:30,54.99248909865665,55.29589709246826,53.66508418937873,54.27190017700195,16446681,0.0,0.0
2020-11-13 00:00:00+05:30,54.00640658794762,54.99248097542045,53.13411669175084,54.72700119018555,16264536,0.0,0.0
2020-11-14 00:00:00+05:30,56.13026678936707,56.13026678936707,54.992491111204224,55.10626983642578,5387569,0.0,0.0
2020-11-17 00:00:00+05:30,55.14419866611741,55.59931362020337,53.85472172827928,54.082279205322266,18852045,0.0,0.0
2020-11-18 00:00:00+05:30,54.34775426880932,54.68908466718966,53.77886641349106,54.5753059387207,14032869,0.0,0.0
2020-11-19 00:00:00+05:30,54.233963996449134,56.28195752486157,54.19603583269045,54.72700119018555,27903903,0.0,0.0
2020-11-20 00:00:00+05:30,54.954565685241306,55.144194974406425,53.62716066108546,54.347755432128906,14790440,0.0,0.0
2020-11-23 00:00:00+05:30,54.613241756663605,59.01264410187244,54.46154062215047,58.02656936645508,44111534,0.0,0.0
2020-11-24 00:00:00+05:30,58.216189450201355,59.202264029315,57.192192486984204,57.72315216064453,31379070,0.0,0.0
2020-11-25 00:00:00+05:30,58.557515235156956,62.046698371641064,58.519592854037064,61.28818130493164,87040163,0.0,0.0
2020-11-26 00:00:00+05:30,61.553667421705434,61.819147264823904,60.264184804088266,60.833072662353516,30469713,0.0,0.0
2020-11-27 00:00:00+05:30,61.28818213759853,61.55366195714847,59.16433200714694,59.5435905456543,44245938,0.0,0.0
2020-12-01 00:00:00+05:30,59.5435914865877,62.19840129809162,58.443744022346536,61.85707092285156,42923229,0.0,0.0
2020-12-02 00:00:00+05:30,61.81914490715652,64.51188298172663,61.40195817886211,64.36017608642578,52652362,0.0,0.0
2020-12-03 00:00:00+05:30,64.77736857065176,67.50802927141602,64.47396054011642,67.28047180175781,53618786,0.0,0.0
2020-12-04 00:00:00+05:30,68.07692043156985,69.02506695568641,66.1806273833367,68.15277099609375,44126894,0.0,0.0
2020-12-07 00:00:00+05:30,69.13884507041548,71.30061796843606,68.835437028038,69.44225311279297,46638129,0.0,0.0
2020-12-08 00:00:00+05:30,70.5420976118608,70.88342802743004,68.30447424973615,68.83543395996094,34326971,0.0,0.0
2020-12-09 00:00:00+05:30,69.40432291379972,70.42831996331925,68.94921375701625,69.17676544189453,25763702,0.0,0.0
2020-12-10 00:00:00+05:30,69.02506720152066,69.93528555310348,67.28047527612192,69.51810455322266,25329334,0.0,0.0
2020-12-11 00:00:00+05:30,70.2386859089586,79.18919046332746,70.2386859089586,73.4244613647461,146821189,0.0,0.0
2020-12-14 00:00:00+05:30,74.52431347100018,77.78593968326946,73.91749740782507,76.98949432373047,75021883,0.0,0.0
2020-12-15 00:00:00+05:30,77.74800906595397,77.74800906595397,75.24490011780038,76.19304656982422,33553433,0.0,0.0
2020-12-16 00:00:00+05:30,77.29288979812662,78.58236648909866,76.34474347034545,78.05140686035156,34618175,0.0,0.0
2020-12-17 00:00:00+05:30,79.7201550339648,80.09941362669254,76.38267826055535,76.98949432373047,41881430,0.0,0.0
2020-12-18 00:00:00+05:30,76.98947798603713,77.59629392044177,74.44844711139079,75.09318542480469,36480527,0.0,0.0
2020-12-21 00:00:00+05:30,75.01735414550858,75.05527653425696,67.47010434132439,68.15277099609375,58724337,0.0,0.0
2020-12-22 00:00:00+05:30,67.54595534032259,70.01113610767703,65.68758482810092,68.68373107910156,58602960,0.0,0.0
2020-12-23 00:00:00+05:30,68.64580221988486,69.25261825597626,66.97706680117344,68.87335968017578,29216106,0.0,0.0
2020-12-24 00:00:00+05:30,70.16283126130229,72.43838254545264,69.89735143555666,70.65586853027344,46351620,0.0,0.0
2020-12-28 00:00:00+05:30,71.30061928232614,72.17291525010046,70.76965953865161,71.14891815185547,17759262,0.0,0.0
2020-12-29 00:00:00+05:30,71.45230800751035,71.7936441723486,69.7835727139439,70.65586853027344,17678810,0.0,0.0
2020-12-30 00:00:00+05:30,70.92135689661266,71.6798740826727,70.35246900706764,70.73172760009766,15960705,0.0,0.0
2020-12-31 00:00:00+05:30,70.76965401102879,72.47631763714338,70.20076613565726,70.58002471923828,43701316,0.0,0.0
2021-01-01 00:00:00+05:30,71.11098866150782,71.64194839536958,70.54210075221576,70.69380187988281,15130377,0.0,0.0
2021-01-04 00:00:00+05:30,71.33853592467496,73.80371651193768,71.07305030873336,73.5382308959961,39545073,0.0,0.0
2021-01-05 00:00:00+05:30,73.19690600119596,73.19690600119596,71.56609294842718,72.02120208740234,26998014,0.0,0.0
2021-01-06 00:00:00+05:30,75.01734272056947,75.32075071948398,73.00727123816539,73.5382308959961,50306161,0.0,0.0
2021-01-07 00:00:00+05:30,74.33467012688408,75.13111533591099,73.65200363157896,74.25881958007812,25285200,0.0,0.0
2021-01-08 00:00:00+05:30,75.05527437220826,76.83779441582169,74.75187212285249,76.34475708007812,36022114,0.0,0.0
2021-01-11 00:00:00+05:30,76.98948914230431,78.05141428787933,74.37260734341096,77.78593444824219,36301647,0.0,0.0
2021-01-12 00:00:00+05:30,77.36874985157895,79.26504274009805,76.42060340731942,78.46859741210938,28353142,0.0,0.0
2021-01-13 00:00:00+05:30,79.60637350677183,81.84400259760307,78.96163507915244,79.83393096923828,42401579,0.0,0.0
2021-01-14 00:00:00+05:30,81.16133420058837,81.50266459970545,79.03748388800534,79.6822280883789,24455634,0.0,0.0
2021-01-15 00:00:00+05:30,79.83392493744311,80.47866331634975,76.3447474277487,76.91363525390625,28185982,0.0,0.0
2021-01-18 00:00:00+05:30,76.9136486954871,77.25497913602273,72.85558265043952,73.3106918334961,33623461,0.0,0.0
2021-01-19 00:00:00+05:30,74.14505024940188,75.0931966720285,73.95542096487655,74.41053009033203,26085121,0.0,0.0
2021-01-20 00:00:00+05:30,75.09318697759197,75.70000292454442,74.22089122398246,74.97940826416016,18486566,0.0,0.0
2021-01-21 00:00:00+05:30,75.13111981651316,76.00340983734111,71.2247556592718,71.8315658569336,26939349,0.0,0.0
2021-01-22 00:00:00+05:30,71.75571828092652,72.40045667449992,70.16283348885509,70.35246276855469,27311961,0.0,0.0
2021-01-25 00:00:00+05:30,70.58003304035012,71.11099280515094,68.2665530929449,69.2905502319336,28522112,0.0,0.0
2021-01-27 00:00:00+05:30,69.32847661040184,69.59395648591267,67.43218351814264,68.03899383544922,34022621,0.0,0.0
2021-01-28 00:00:00+05:30,67.50801305236627,69.32845501118348,67.35631196705877,68.75956726074219,26810222,0.0,0.0
2021-01-29 00:00:00+05:30,68.83543072553206,70.50416612527981,66.55987929658886,66.97706604003906,33858273,0.0,0.0
2021-02-01 00:00:00+05:30,67.50802228539042,69.17675760010643,67.0908355631983,68.9112777709961,24228098,0.0,0.0
2021-02-02 00:00:00+05:30,70.16284197210608,71.26268961253368,69.17676728363323,70.4283218383789,22141489,0.0,0.0
2021-02-03 00:00:00+05:30,71.75571007176431,72.2866754663943,70.54208397793613,70.80756378173828,25912911,0.0,0.0
2021-02-04 00:00:00+05:30,71.49023185546012,74.78977986061466,71.30060259324405,74.0691909790039,49670027,0.0,0.0
2021-02-05 00:00:00+05:30,75.055259670312,75.81377671917629,73.4244526448744,74.0691909790039,30514219,0.0,0.0
2021-02-08 00:00:00+05:30,75.47245631664475,76.4585309250397,75.16904829967503,75.58623504638672,29096831,0.0,0.0
2021-02-09 00:00:00+05:30,75.70001879732452,78.39275138235206,75.70001879732452,76.61023712158203,39638657,0.0,0.0
2021-02-10 00:00:00+05:30,77.36874160766602,77.7480001449585,74.78978239667195,75.8517074584961,21467230,0.0,0.0
2021-02-11 00:00:00+05:30,75.85170359130072,76.11718339646514,75.01733600920156,75.43451690673828,11287104,0.0,0.0
2021-02-12 00:00:00+05:30,75.01734022279966,75.39659876205847,73.23482624568842,73.57615661621094,18187705,0.0,0.0
2021-02-15 00:00:00+05:30,73.57617011047239,75.28283385014831,72.51424484837975,74.67601776123047,26118576,0.0,0.0
2021-02-16 00:00:00+05:30,75.28281737178204,79.53051170336408,75.28281737178204,78.6961441040039,76236798,0.0,0.0
2021-02-17 00:00:00+05:30,78.6961477414903,79.85344403180633,77.7703130637628,78.88903045654297,21014091,1.75,0.0
2021-02-18 00:00:00+05:30,80.00774658807644,89.11181294957088,79.7377119685222,85.40846252441406,110000964,0.0,0.0
2021-02-19 00:00:00+05:30,85.40846217935173,86.56575844674843,80.12347706883607,81.087890625,48225988,0.0,0.0
2021-02-22 00:00:00+05:30,81.70511938837568,83.74967734806941,81.2422020488615,82.01373291015625,36592043,0.0,0.0
2021-02-23 00:00:00+05:30,84.67552447668947,88.26314468644986,84.4440628297446,86.5657730102539,90860972,0.0,0.0
2021-02-24 00:00:00+05:30,87.95452571861543,88.99609129328364,85.6399329365466,87.64591217041016,26071364,0.0,0.0
2021-02-25 00:00:00+05:30,89.49757480747715,92.96946348535342,88.99607859896575,91.85074615478516,62038881,0.0,0.0
2021-02-26 00:00:00+05:30,89.11182774724188,91.34926875538784,84.9069862816596,85.63993835449219,55154985,0.0,0.0
2021-03-01 00:00:00+05:30,88.18599842361158,90.77062617750735,87.56877124970457,90.30770874023438,41672980,0.0,0.0
2021-03-02 00:00:00+05:30,89.42043920937107,89.99908742787048,86.99011551441075,87.56876373291016,36303917,0.0,0.0
2021-03-03 00:00:00+05:30,87.99310771084244,89.3432868811498,87.33730169049905,87.95452880859375,19434630,0.0,0.0
2021-03-04 00:00:00+05:30,87.91595951379985,90.26913153658718,86.64293800887408,86.95154571533203,38272786,0.0,0.0
2021-03-05 00:00:00+05:30,89.69046966474336,91.23353150843786,87.5687596296634,88.6874771118164,57756103,0.0,0.0
2021-03-08 00:00:00+05:30,91.77359740801813,94.39680362262972,90.4234183446768,91.23352813720703,63866178,0.0,0.0
2021-03-09 00:00:00+05:30,92.12079878259357,92.23652960508922,88.10883421606705,90.07624053955078,26817643,0.0,0.0
2021-03-10 00:00:00+05:30,90.19197290021953,90.26912482109437,87.64591830715014,88.26314544677734,23841269,0.0,0.0
2021-03-12 00:00:00+05:30,90.07624110782652,90.57773741759546,87.95453093183916,88.76464080810547,20691698,0.0,0.0
2021-03-15 00:00:00+05:30,89.49759085267942,90.15339098769917,87.02869414920009,88.22456359863281,19679802,0.0,0.0
2021-03-16 00:00:00+05:30,87.80022828005713,89.7290557388781,87.53018772677076,88.80321502685547,20680669,0.0,0.0
2021-03-17 00:00:00+05:30,88.57174426288424,88.6103172737393,83.9039802485543,84.36689758300781,31017863,0.0,0.0
2021-03-18 00:00:00+05:30,84.86839363301392,86.5657591511489,82.93956650499088,85.02269744873047,26710696,0.0,0.0
2021-03-19 00:00:00+05:30,81.97516661423903,87.37588347353008,80.58640849589564,85.2541732788086,50386785,0.0,0.0
2021-03-22 00:00:00+05:30,85.25415521822401,85.8328033305649,83.7496724806629,84.55977630615234,15825065,0.0,0.0
2021-03-23 00:00:00+05:30,84.55977322336004,85.0998483069765,82.2451808583795,82.66952514648438,15815643,0.0,0.0
2021-03-24 00:00:00+05:30,81.01074150287128,81.7822723743272,79.35194895197839,80.85643768310547,31083656,0.0,0.0
2021-03-25 00:00:00+05:30,81.78228325937309,83.09388356089396,78.15609003541712,78.69615936279297,37295495,0.0,0.0
2021-03-26 00:00:00+05:30,79.46767040390267,80.2392011845231,77.34596075719654,79.00475311279297,26637085,0.0,0.0
2021-03-30 00:00:00+05:30,80.27778363371593,82.01372796699972,79.15906042047858,79.85343933105469,31843017,0.0,0.0
2021-03-31 00:00:00+05:30,79.31338595547285,80.39352460285467,78.6190069062173,78.8118896484375,19587582,0.0,0.0
2021-04-01 00:00:00+05:30,79.46768130669633,81.20362580126009,78.04035034398439,80.50924682617188,22299747,0.0,0.0
2021-04-05 00:00:00+05:30,78.81188605961522,80.62498257666012,76.69017599180837,79.81487274169922,24878516,0.0,0.0
2021-04-06 00:00:00+05:30,79.19765114019104,80.54783026766424,78.15608556197448,80.20063781738281,15156974,0.0,0.0
2021-04-07 00:00:00+05:30,80.16205924012554,81.2807766564486,79.81486681393623,80.74070739746094,10330347,0.0,0.0
2021-04-08 00:00:00+05:30,80.0849051007318,81.55080901613005,79.69913967324527,79.93059539794922,26105970,0.0,0.0
2021-04-09 00:00:00+05:30,79.46768047449834,80.93359032070809,79.46768047449834,80.08490753173828,17645822,0.0,0.0
2021-04-12 00:00:00+05:30,77.80888828483582,78.88903269707063,75.18568210835512,75.64860534667969,27005598,0.0,0.0
2021-04-13 00:00:00+05:30,75.64860253822887,79.08191248168909,75.64860253822887,78.73472595214844,25505623,0.0,0.0
2021-04-15 00:00:00+05:30,80.43209058407118,82.36091769639901,80.08490405837745,81.087890625,28659714,0.0,0.0
2021-04-16 00:00:00+05:30,80.70212622210364,83.20960149980861,80.3935127029696,82.78526306152344,21627285,0.0,0.0
2021-04-19 00:00:00+05:30,80.20062915646497,81.74369084979811,78.61899445258642,79.50625610351562,19166492,0.0,0.0
2021-04-20 00:00:00+05:30,79.69914403464647,81.0107442053505,78.8504553386824,79.3519515991211,23082015,0.0,0.0
2021-04-22 00:00:00+05:30,79.00476865351601,80.58640353311752,78.42612045422705,79.54483795166016,14844968,0.0,0.0
2021-04-23 00:00:00+05:30,78.69613962328226,79.9691665885685,78.38752613377156,79.00475311279297,12790334,0.0,0.0
2021-04-26 00:00:00+05:30,81.20362569523597,81.55081223917,79.08191576020606,79.3133773803711,11797791,0.0,0.0
2021-04-27 00:00:00+05:30,79.31338633856308,80.23922115116625,79.31338633856308,79.62199401855469,8886250,0.0,0.0
2021-04-28 00:00:00+05:30,80.04634040199052,80.54783672394055,79.69915381019436,80.16207122802734,6887787,0.0,0.0
2021-04-29 00:00:00+05:30,80.93358629160677,81.70511713159098,79.89202083489072,80.27778625488281,14990087,0.0,0.0
2021-04-30 00:00:00+05:30,80.35496155696768,86.9515486276413,79.69916132930747,83.44108581542969,81358264,0.0,0.0
2021-05-03 00:00:00+05:30,83.44105683118245,85.40845683076319,81.78226444119748,83.09386444091797,33975507,0.0,0.0
2021-05-04 00:00:00+05:30,83.32533108545096,85.099854379759,83.09386947791054,84.59835815429688,30811922,0.0,0.0
2021-05-05 00:00:00+05:30,86.72007937478088,87.95452770922654,85.25416940236431,85.71708679199219,47588366,0.0,0.0
2021-05-06 00:00:00+05:30,86.64291995125157,87.0672584023504,84.44405223996866,85.061279296875,26083818,0.0,0.0
2021-05-07 00:00:00+05:30,85.52421177998907,86.68150830173809,84.59837691711567,85.98712921142578,28016564,0.0,0.0
2021-05-10 00:00:00+05:30,87.83880146731701,88.68748437357667,86.79723581480224,87.87738037109375,33477142,0.0,0.0
2021-05-11 00:00:00+05:30,86.83580490062434,91.58071521297289,85.44704693007954,91.1177978515625,48355326,0.0,0.0
2021-05-12 00:00:00+05:30,91.58072539029484,93.47097983172797,87.72307047265286,88.80321502685547,49718697,0.0,0.0
2021-05-14 00:00:00+05:30,89.4976041876765,89.4976041876765,86.06429327810626,87.1444320678711,23626454,0.0,0.0
2021-05-17 00:00:00+05:30,87.91595351077918,89.03467697240269,86.60435318894667,88.14741516113281,19960145,0.0,0.0
2021-05-18 00:00:00+05:30,88.72604716727017,90.65487427960214,88.1859779303425,89.5747299194336,29395737,0.0,0.0
2021-05-19 00:00:00+05:30,88.3402969540921,89.34328957971228,87.49161405581344,88.64891052246094,25295575,0.0,0.0
2021-05-20 00:00:00+05:30,87.53017763912811,88.49459125739224,85.79423312625265,86.25715637207031,21131045,0.0,0.0
2021-05-21 00:00:00+05:30,85.67850456464758,87.99309715024296,85.67850456464758,86.99010467529297,20562816,0.0,0.0
2021-05-24 00:00:00+05:30,87.37586906258667,87.91593830491621,85.52419383896456,87.22156524658203,24785960,0.0,0.0
2021-05-25 00:00:00+05:30,88.26315372434568,90.34628521489951,87.72307845494353,88.4174575805664,25820379,0.0,0.0
2021-05-26 00:00:00+05:30,89.03467427537119,89.03467427537119,87.18299878757578,87.45303344726562,12045621,0.0,0.0
2021-05-27 00:00:00+05:30,87.18298460144649,87.68448082287674,85.87138453276415,86.29572296142578,22821449,0.0,0.0
2021-05-28 00:00:00+05:30,87.33729575597194,89.15039808480792,86.2957302154858,86.6814956665039,19331994,0.0,0.0
2021-05-31 00:00:00+05:30,86.79723224500957,88.22456333133137,85.9485493736545,87.68449401855469,16430926,0.0,0.0
2021-06-01 00:00:00+05:30,88.22456476630028,91.38784054897282,88.10883394416177,90.73204040527344,51620011,0.0,0.0
2021-06-02 00:00:00+05:30,91.04064578564557,92.12079021799222,89.49758399266852,90.84776306152344,27162991,0.0,0.0
2021-06-03 00:00:00+05:30,91.65787312441545,95.51552761809768,91.38783260080679,94.51253509521484,64241347,0.0,0.0
2021-06-04 00:00:00+05:30,96.13273607197847,97.75294956745593,95.16832257629989,96.78853607177734,72354379,0.0,0.0
2021-06-07 00:00:00+05:30,97.94584281077034,98.37018714907606,96.3642080393772,96.55709075927734,28709907,0.0,0.0
2021-06-08 00:00:00+05:30,97.02001563659043,97.1357464547716,94.62827090153965,96.28706359863281,15261479,0.0,0.0
2021-06-09 00:00:00+05:30,97.98442601061953,98.75595692408898,94.93688125694072,95.70841217041016,29718157,0.0,0.0
2021-06-10 00:00:00+05:30,95.47695227255018,96.28706210090341,94.4739597123332,95.63125610351562,12245640,0.0,0.0
2021-06-11 00:00:00+05:30,95.63126240639176,97.67582067616313,94.51254484237505,95.3226547241211,18360366,0.0,0.0
2021-06-14 00:00:00+05:30,95.97845004558764,97.0585945380888,93.54812640903849,96.28706359863281,19547491,0.0,0.0
2021-06-15 00:00:00+05:30,96.90428562954493,99.14172654995853,96.32563742010937,96.7114028930664,32779493,0.0,0.0
2021-06-16 00:00:00+05:30,97.98442182375412,98.94883542438161,97.29004285403963,97.75296020507812,31654780,0.0,0.0
2021-06-17 00:00:00+05:30,96.9042819990317,97.98442646010665,95.28406825057615,96.51851654052734,18124616,0.0,0.0
2021-06-18 00:00:00+05:30,96.09418148496876,96.09418148496876,91.73503047159994,92.77659606933594,87912730,0.0,0.0
2021-06-21 00:00:00+05:30,92.12078868218758,94.12676780235206,91.77359625276786,93.31665802001953,15669821,0.0,0.0
2021-06-22 00:00:00+05:30,94.66683459047138,95.82413088564249,93.74099990885983,94.16534423828125,23629008,0.0,0.0
2021-06-23 00:00:00+05:30,95.28407341141438,95.97845245159439,93.93389423351985,95.16834259033203,21978870,0.0,0.0
2021-06-24 00:00:00+05:30,96.01701059180682,96.01701059180682,93.62526616735286,94.12676239013672,24358397,0.0,0.0
2021-06-25 00:00:00+05:30,94.85972631921875,96.40278819272415,92.85374706092452,93.27809143066406,34557609,0.0,0.0
2021-06-28 00:00:00+05:30,94.55112216383256,96.05560519182954,93.9724739397854,94.39681243896484,23728169,0.0,0.0
2021-06-29 00:00:00+05:30,93.9724794355118,94.47396988329636,91.88934217532689,92.12080383300781,20857415,0.0,0.0
2021-06-30 00:00:00+05:30,92.85373919994444,93.31665654554278,90.30769085599685,90.8091812133789,19094044,0.0,0.0
2021-07-01 00:00:00+05:30,90.84777399813724,92.39083597687417,90.50058740744714,91.69645690917969,16012542,0.0,0.0
2021-07-02 00:00:00+05:30,92.58370788970234,93.23950797665835,91.04064609154064,91.38783264160156,20014124,0.0,0.0
2021-07-05 00:00:00+05:30,91.92790596128113,93.70242346183245,91.73502324037467,93.31665802001953,12050022,0.0,0.0
2021-07-06 00:00:00+05:30,94.89829357759452,96.44135526178304,93.39381079003597,93.74099731445312,30193164,0.0,0.0
2021-07-07 00:00:00+05:30,92.50655364990234,92.89231908973821,90.88633997985443,92.50655364990234,18479814,0.0,0.0
2021-07-08 00:00:00+05:30,92.12080546990367,92.12080546990367,90.15339900360034,90.30770874023438,17151883,0.0,0.0
2021-07-09 00:00:00+05:30,90.34627385664722,91.5421491941153,89.96050837827869,90.9635009765625,11240925,0.0,0.0
2021-07-12 00:00:00+05:30,91.81218291033689,92.08221756516332,91.04065196151053,91.46499633789062,8420962,0.0,0.0
2021-07-13 00:00:00+05:30,91.81217432101717,93.20093225350752,91.5035607930956,92.89231872558594,8580799,0.0,0.0
2021-07-14 00:00:00+05:30,92.81516991257233,93.93388736651876,92.66086020030527,93.20093536376953,12709481,0.0,0.0
2021-07-15 00:00:00+05:30,91.96647295074352,92.12078264915097,89.65188045144984,90.19195556640625,28589465,0.0,0.0
2021-07-16 00:00:00+05:30,90.42341476497332,90.57772446932019,89.30469736844684,90.11480712890625,19691248,0.0,0.0
2021-07-19 00:00:00+05:30,88.57176732310194,89.92194666713512,88.10884398181015,88.4174575805664,14395883,0.0,0.0
2021-07-20 00:00:00+05:30,86.4500359448663,87.37587063013041,86.10284352315722,86.87437438964844,18634406,0.0,0.0
2021-07-22 00:00:00+05:30,88.26314117447262,89.34328567337958,87.91594871787004,89.11182403564453,11710140,0.0,0.0
2021-07-23 00:00:00+05:30,89.11183100699668,90.07624476248365,88.5331827537045,88.95752716064453,7841690,0.0,0.0
2021-07-26 00:00:00+05:30,88.61031619488489,89.1889643274849,88.0316680622849,88.37886047363281,8149770,0.0,0.0
2021-07-27 00:00:00+05:30,88.9961011537783,89.42044556536584,87.95453546370781,88.4560317993164,9704729,0.0,0.0
2021-07-28 00:00:00+05:30,88.64890797875303,88.88036373365256,87.5301845613061,88.22456359863281,11020097,0.0,0.0
2021-07-29 00:00:00+05:30,88.18597845028587,89.34327472450845,87.41444760080415,88.53316497802734,14142749,0.0,0.0
2021-07-30 00:00:00+05:30,88.18599615625496,90.07624476248365,87.80023065406016,88.95752716064453,12236156,0.0,0.0
2021-08-02 00:00:00+05:30,88.68747507898267,90.65488123912314,88.57175015240918,90.34626770019531,10895726,0.0,0.0
2021-08-03 00:00:00+05:30,89.61332180227264,91.19495673179517,88.84179084553557,90.9635009765625,15163353,0.0,0.0
2021-08-04 00:00:00+05:30,90.80917339844602,91.42640039700157,89.96049069016682,90.53913879394531,14304543,0.0,0.0
2021-08-05 00:00:00+05:30,89.65189268981534,90.46200252968134,88.49459628218615,90.15338897705078,11033147,0.0,0.0
2021-08-06 00:00:00+05:30,89.6133114096312,91.19494615572827,89.6133114096312,89.99907684326172,6606584,0.0,0.0
2021-08-09 00:00:00+05:30,89.49758221170177,90.26911309283713,88.18598206829705,88.7260513305664,8294214,0.0,0.0
2021-08-10 00:00:00+05:30,88.80321141234771,89.26612880636003,87.87737662432308,88.6103286743164,14300982,0.0,0.0
2021-08-11 00:00:00+05:30,89.11182286189153,90.50058089738162,88.61032657761378,90.26911926269531,11308648,0.0,0.0
2021-08-12 00:00:00+05:30,89.57473702129447,90.96349500680532,88.95751582820029,89.69046783447266,13519139,0.0,0.0
2021-08-13 00:00:00+05:30,90.11480504267448,90.23052996036382,88.996081785734,89.5747299194336,10342014,0.0,0.0
2021-08-16 00:00:00+05:30,90.1919685345515,91.31068604887167,88.4945969258937,89.11182403564453,14771886,0.0,0.0
2021-08-17 00:00:00+05:30,89.49759126240313,89.49759126240313,86.95153674265396,87.83879852294922,16025745,0.0,0.0
2021-08-18 00:00:00+05:30,87.8773706940565,88.91893623187428,87.10583979399685,87.33729553222656,10074307,0.0,0.0
2021-08-20 00:00:00+05:30,85.36988986356256,86.21857262263005,83.7110973562001,85.02269744873047,23878081,0.0,0.0
2021-08-23 00:00:00+05:30,85.13843766496448,86.41146488744407,83.71110660971145,86.21858215332031,16886027,0.0,0.0
2021-08-24 00:00:00+05:30,87.29872251901176,88.88035733234585,86.48861271942367,87.33729553222656,17368602,0.0,0.0
2021-08-25 00:00:00+05:30,87.56876162427136,90.42342374560309,87.41445779091275,89.22755432128906,18637317,0.0,0.0
2021-08-26 00:00:00+05:30,89.18896363508597,89.69045985670869,88.26312898463875,89.150390625,8779246,0.0,0.0
2021-08-27 00:00:00+05:30,89.11181516864886,90.26911146954039,88.68747083712994,89.99907684326172,9706825,0.0,0.0
2021-08-30 00:00:00+05:30,90.07623373149903,92.89232272991785,90.07623373149903,92.6994400024414,15933414,0.0,0.0
2021-08-31 00:00:00+05:30,92.58370467693582,93.35523554924362,91.85075270276877,93.00804901123047,13376290,0.0,0.0
2021-09-01 00:00:00+05:30,93.97247655639988,94.31966314596977,92.12080101062719,92.35225677490234,10964080,0.0,0.0
2021-09-02 00:00:00+05:30,91.73502750526447,92.6994411546337,91.04064850045586,91.54214477539062,13031666,0.0,0.0
2021-09-03 00:00:00+05:30,92.54513263276881,95.28406978683496,91.65787677295464,94.97545623779297,21326802,0.0,0.0
2021-09-06 00:00:00+05:30,95.5155278429431,95.93986630645888,93.47096977921586,93.85673522949219,12505630,0.0,0.0
2021-09-07 00:00:00+05:30,94.51254957516451,94.70543232939954,92.23653542971698,92.5451431274414,8530847,0.0,0.0
2021-09-08 00:00:00+05:30,93.25040302061176,93.64221143666474,92.07497777245278,93.21121978759766,7801721,1.85,0.0
2021-09-09 00:00:00+05:30,93.3287620835174,97.01176472531014,92.62350574968289,95.71879577636719,27242637,0.0,0.0
2021-09-13 00:00:00+05:30,95.75795516299415,96.69829875882415,94.89597801737389,96.42403411865234,9921031,0.0,0.0
2021-09-14 00:00:00+05:30,96.61994923616298,98.26554324219417,96.2281408547974,97.1292953491211,16593684,0.0,0.0
2021-09-15 00:00:00+05:30,97.36437558527169,102.41870094054339,97.36437558527169,100.65556335449219,42437332,0.0,0.0
2021-09-16 00:00:00+05:30,101.59590445074247,102.84969600389259,99.83277278348265,100.85147094726562,22431820,0.0,0.0
2021-09-17 00:00:00+05:30,100.8514662446434,101.63508293956222,97.75618269112245,100.1070327758789,25968166,0.0,0.0
2021-09-20 00:00:00+05:30,97.99128007275189,101.40000586864875,97.99128007275189,100.69475555419922,29857432,0.0,0.0
2021-09-21 00:00:00+05:30,101.55672309123071,106.57186489154579,101.16491476442356,105.9449691772461,51537119,0.0,0.0
2021-09-22 00:00:00+05:30,105.39644088300727,105.98415337863743,103.79002433687658,104.73036193847656,16424387,0.0,0.0
2021-09-23 00:00:00+05:30,105.63154724327605,108.41338928026433,105.31809334842127,107.9432144165039,18688982,0.0,0.0
2021-09-24 00:00:00+05:30,108.8443552393819,109.62797194220549,105.39644652977482,106.65023803710938,33667173,0.0,0.0
2021-09-27 00:00:00+05:30,108.17827929265331,110.29404182434082,107.74728775024414,109.70632934570312,34196564,0.0,0.0
2021-09-28 00:00:00+05:30,111.11685593889999,112.52736845996634,110.48996015653243,111.4302978515625,46109879,0.0,0.0
2021-09-29 00:00:00+05:30,110.37241977792144,116.60217030955936,109.19699469810136,113.42852020263672,68003697,0.0,0.0
2021-09-30 00:00:00+05:30,113.42852442652297,114.4472285917103,110.76423226253398,113.23262023925781,26714630,0.0,0.0
2021-10-01 00:00:00+05:30,113.78113536650442,117.26822707304873,112.9191642243813,114.60393524169922,42893182,0.0,0.0
2021-10-04 00:00:00+05:30,115.8185556721824,116.36708499455294,115.19165989359786,115.66183471679688,16099471,0.0,0.0
2021-10-05 00:00:00+05:30,117.54252647514221,128.98333716820702,116.75890963197459,128.2388916015625,131238378,0.0,0.0
2021-10-06 00:00:00+05:30,130.08038268061242,135.3697958317819,129.92366171939375,131.72598266601562,101221817,0.0,0.0
2021-10-07 00:00:00+05:30,133.3323868165152,133.3323868165152,124.9868731125096,125.69212341308594,59769140,0.0,0.0
2021-10-08 00:00:00+05:30,128.43477482840683,130.55054952491489,125.7704827797523,126.12310791015625,30561341,0.0,0.0
2021-10-11 00:00:00+05:30,128.3172623605439,130.23712129910956,127.49446225628877,129.29678344726562,18143592,0.0,0.0
2021-10-12 00:00:00+05:30,129.3751462239993,129.96285885925604,127.53364185071054,128.16053771972656,11619888,0.0,0.0
2021-10-13 00:00:00+05:30,128.23886585936853,128.35641553647366,125.143582341601,125.37866973876953,16690451,0.0,0.0
2021-10-14 00:00:00+05:30,126.16230482445388,126.7500174245678,124.32080056127957,124.6342544555664,14821875,0.0,0.0
2021-10-18 00:00:00+05:30,128.31723955526044,129.68856883295024,126.31901450207538,127.02427673339844,22899876,0.0,0.0
2021-10-19 00:00:00+05:30,128.12134120998536,128.12134120998536,123.81144899802867,124.28162384033203,10331930,0.0,0.0
2021-10-20 00:00:00+05:30,124.79096254838929,124.86932900313609,120.40270413749717,121.3822250366211,17118996,0.0,0.0
2021-10-21 00:00:00+05:30,123.49799471792254,125.61375738250902,121.10796142992744,121.46058654785156,31555789,0.0,0.0
2021-10-22 00:00:00+05:30,123.02782574453512,124.08571310541015,121.06878393331641,123.06700897216797,27317028,0.0,0.0
2021-10-25 00:00:00+05:30,124.59505559436955,127.69033917527412,124.51668914136764,126.4757308959961,34568006,0.0,0.0
2021-10-26 00:00:00+05:30,128.16050932793567,128.47395121448386,125.61375513934678,127.8078842163086,33022684,0.0,0.0
2021-10-27 00:00:00+05:30,127.80789460140652,128.1997029699491,123.02782772237005,123.73307800292969,21652522,0.0,0.0
2021-10-28 00:00:00+05:30,117.54249019175788,122.91026869333099,116.52378621868789,117.69921112060547,24815027,0.0,0.0
2021-10-29 00:00:00+05:30,117.4641551888701,118.99221753599126,114.40805440871502,116.79808807373047,18736450,0.0,0.0
2021-11-01 00:00:00+05:30,117.54250691303378,120.36353186176343,116.28871538981123,120.01089477539062,11444653,0.0,0.0
2021-11-02 00:00:00+05:30,120.63781148996925,121.30389059431451,118.60041485717022,119.85419464111328,20609479,0.0,0.0
2021-11-03 00:00:00+05:30,118.48286062321398,120.83371107985332,117.38580185959978,119.10975646972656,11591857,0.0,0.0
2021-11-04 00:00:00+05:30,119.10975780724633,119.77583689359123,118.52204518648688,119.14894104003906,1114216,0.0,0.0
2021-11-08 00:00:00+05:30,119.85417482539621,121.89158307839088,118.87465392627227,121.3822250366211,16568525,0.0,0.0
2021-11-09 00:00:00+05:30,122.63600994972441,123.9289726839496,121.46058493423183,122.75354766845703,13601954,0.0,0.0
2021-11-10 00:00:00+05:30,122.79273067547192,124.35996402667652,122.59682650657135,123.57634735107422,13900618,0.0,0.0
2021-11-11 00:00:00+05:30,122.71436487393551,122.9102690247834,119.93252354048735,120.28514862060547,14158749,0.0,0.0
2021-11-12 00:00:00+05:30,120.6769865681211,121.93077822437348,120.12845720240196,121.18633270263672,10552485,0.0,0.0
2021-11-15 00:00:00+05:30,122.59682917380395,127.14180838258676,122.24420405351947,123.65471649169922,45750584,0.0,0.0
2021-11-16 00:00:00+05:30,124.90849273664698,125.1435801296603,122.87109656362844,123.14535522460938,12956283,0.0,0.0
2021-11-17 00:00:00+05:30,123.02782092268951,124.79095848368347,122.71437902799622,123.34126281738281,11420415,0.0,0.0
2021-11-18 00:00:00+05:30,123.02781861127222,123.02781861127222,120.44188117899002,120.91205596923828,18351511,0.0,0.0
2021-11-22 00:00:00+05:30,122.90287607864434,124.89369704606825,118.63682583459223,119.08374786376953,21558590,5.5,0.0
2021-11-23 00:00:00+05:30,118.47431710064352,120.01821610386554,116.52411518188653,119.20563507080078,21216047,0.0,0.0
2021-11-24 00:00:00+05:30,121.07458361006152,126.64076909133357,121.07458361006152,124.69056701660156,36294271,0.0,0.0
2021-11-25 00:00:00+05:30,125.1374897512296,126.76265195579103,123.9592496327233,126.03133392333984,11554142,0.0,0.0
2021-11-26 00:00:00+05:30,123.71547315314201,123.71547315314201,118.8399865264172,119.53068542480469,23135841,0.0,0.0
2021-11-29 00:00:00+05:30,117.8242439593305,118.67745648159502,115.30523792197852,117.09292602539062,18736522,0.0,0.0
2021-11-30 00:00:00+05:30,116.48349206468977,120.0588435282657,114.65518480283801,115.46776580810547,22980651,0.0,0.0
2021-12-01 00:00:00+05:30,115.71153521161487,116.72726151227512,113.47693735016232,115.58965301513672,14278744,0.0,0.0
2021-12-02 00:00:00+05:30,114.16763925552368,117.53984570453758,114.08637618969078,117.01167297363281,8561767,0.0,0.0
2021-12-03 00:00:00+05:30,117.01167344474865,119.3275344412772,116.32097457939716,118.55557250976562,10690334,0.0,0.0
2021-12-06 00:00:00+05:30,118.47432645746188,118.51495799212462,115.99595163107773,116.48350524902344,7749262,0.0,0.0
2021-12-07 00:00:00+05:30,117.82425451033718,118.83998084232284,117.41796397754291,118.55557250976562,10253663,0.0,0.0
2021-12-08 00:00:00+05:30,119.44942749720273,122.17157927391753,119.28691374911622,120.5870361328125,12266948,0.0,0.0
2021-12-09 00:00:00+05:30,121.48084680321394,121.80587420964228,118.92122188033849,119.73380279541016,7989291,0.0,0.0
2021-12-10 00:00:00+05:30,118.83997398301544,120.26199076571818,118.27116974973481,119.89633178710938,10324085,0.0,0.0
2021-12-13 00:00:00+05:30,121.03393434327057,122.29343734053154,118.10865025824695,118.59619140625,13595587,0.0,0.0
2021-12-14 00:00:00+05:30,117.21482151734486,119.81507850967938,116.9710447120315,119.36815643310547,12331999,0.0,0.0
2021-12-15 00:00:00+05:30,118.88061698554048,120.01822556187915,116.68665050317101,116.9710464477539,10361033,0.0,0.0
2021-12-16 00:00:00+05:30,118.06803393232606,118.83998348198098,117.45859811959795,118.1086654663086,12156709,0.0,0.0
2021-12-17 00:00:00+05:30,117.17417980122003,117.90551015360975,112.542470498761,113.27378845214844,17667617,0.0,0.0
2021-12-20 00:00:00+05:30,111.72989019707067,111.85177239041198,106.97628627272162,108.88585662841797,17238729,0.0,0.0
2021-12-21 00:00:00+05:30,109.73906997546258,111.20171830118822,108.72334369357011,110.55165100097656,8615570,0.0,0.0
2021-12-22 00:00:00+05:30,111.64863587606273,112.09555795163935,109.94222304068384,111.16109466552734,4968143,0.0,0.0
2021-12-23 00:00:00+05:30,112.54247854103822,114.5739312222844,111.44548913356401,114.16764068603516,6324169,0.0,0.0
2021-12-24 00:00:00+05:30,115.02083966730916,115.06147119592175,111.48610746104183,112.54246520996094,5657495,0.0,0.0
2021-12-27 00:00:00+05:30,110.95794203511264,112.17681357911094,110.51101998917943,111.6080093383789,4404298,0.0,0.0
2021-12-28 00:00:00+05:30,113.07064082462,114.16763013067211,112.54246813592944,113.35504913330078,8738089,0.0,0.0
2021-12-29 00:00:00+05:30,113.92386582662745,114.45205097215772,111.68926783916186,112.86750793457031,6571286,0.0,0.0
2021-12-30 00:00:00+05:30,112.74562380916284,114.73644495698345,112.54247854103822,114.16764068603516,11556524,0.0,0.0
2021-12-31 00:00:00+05:30,114.127009604325,116.15846229361168,113.31442852861034,115.71154022216797,6393760,0.0,0.0
2022-01-03 00:00:00+05:30,115.67090375879094,116.56473536876918,114.73642822231201,116.23970794677734,3765911,0.0,0.0
2022-01-04 00:00:00+05:30,116.2803512835183,120.7495469842978,116.2803512835183,120.09947967529297,16351836,0.0,0.0
2022-01-05 00:00:00+05:30,120.66828987293442,122.7810056316578,119.77444572908917,122.17156982421875,12977680,0.0,0.0
2022-01-06 00:00:00+05:30,122.3747024677738,123.02475734277235,120.54639523408596,122.53721618652344,9012777,0.0,0.0
2022-01-07 00:00:00+05:30,123.10602519094374,127.98151133711974,122.98414299689033,127.61585235595703,30889365,0.0,0.0
2022-01-10 00:00:00+05:30,128.59093238183763,129.52539549325846,127.08765269928999,128.6721954345703,16418985,0.0,0.0
2022-01-11 00:00:00+05:30,129.03786788372133,131.35371634105277,128.06277314384482,130.784912109375,14457548,0.0,0.0
2022-01-12 00:00:00+05:30,132.20694035723147,134.64468361790202,131.15058246447356,134.03524780273438,21220614,0.0,0.0
2022-01-13 00:00:00+05:30,134.0352372730546,134.4821593155351,132.49133828885184,133.22265625,7445346,0.0,0.0
2022-01-14 00:00:00+05:30,132.41007945340507,132.6944877801533,130.17548156867775,130.86618041992188,11646259,0.0,0.0
2022-01-17 00:00:00+05:30,132.0444195891747,136.6761290580406,131.88190586025013,134.76657104492188,32577835,0.0,0.0
2022-01-18 00:00:00+05:30,136.75740187935784,136.83865255011585,132.7757470421076,133.14141845703125,11175409,0.0,0.0
2022-01-19 00:00:00+05:30,134.31963055253044,138.95133938558303,133.99459074029807,138.34190368652344,36648534,0.0,0.0
2022-01-20 00:00:00+05:30,138.87010616022806,138.87010616022806,135.2947542507409,135.57916259765625,14474454,0.0,0.0
2022-01-21 00:00:00+05:30,134.319663399938,135.21349520440822,131.88192000755802,132.97889709472656,8625926,0.0,0.0
2022-01-24 00:00:00+05:30,134.23837808103607,136.7573841286429,133.06013811644658,134.64466857910156,28783449,0.0,0.0
2022-01-25 00:00:00+05:30,132.45070962842098,135.45725699908155,132.45070962842098,134.19775390625,14249846,0.0,0.0
2022-01-27 00:00:00+05:30,134.1571274208242,137.12304309710143,133.6695738635448,134.64466857910156,25936832,0.0,0.0
2022-01-28 00:00:00+05:30,136.1479395918955,141.95788837954348,135.0915818853228,137.16366577148438,32790065,0.0,0.0
2022-01-31 00:00:00+05:30,139.4388991341559,142.07978728140125,137.77310566917004,140.25148010253906,24031034,0.0,0.0
2022-02-01 00:00:00+05:30,141.38911091019952,142.12042893806463,136.9199148756817,138.91073608398438,14220953,0.0,0.0
2022-02-02 00:00:00+05:30,138.58570882944326,141.42974267420286,138.5450772947174,139.1951446533203,12478192,0.0,0.0
2022-02-03 00:00:00+05:30,138.13878301364272,139.15450935933129,134.88845870743936,136.10733032226562,12529302,0.0,0.0
2022-02-04 00:00:00+05:30,138.13874809197665,140.3327139642257,137.36679874420386,137.813720703125,17434362,0.0,0.0
2022-02-07 00:00:00+05:30,138.70756357408555,140.82027897153077,137.48869216763666,139.84518432617188,11723574,0.0,0.0
2022-02-08 00:00:00+05:30,139.76393706926137,140.57651809873383,135.2947414071629,135.660400390625,13231599,0.0,0.0
2022-02-09 00:00:00+05:30,136.43234881126517,137.81374646965992,132.53196981980506,133.22265625,17938632,0.0,0.0
2022-02-10 00:00:00+05:30,134.76656712928337,138.46380085115507,134.19775049607014,137.40745544433594,26763203,0.0,0.0
2022-02-11 00:00:00+05:30,136.47298431733094,138.5450684662752,135.78229786701806,136.635498046875,12884995,0.0,0.0
2022-02-14 00:00:00+05:30,137.24491514429522,143.2986530372914,134.2383681605998,135.0509490966797,44604164,0.0,0.0
2022-02-15 00:00:00+05:30,138.13878182896138,138.13878182896138,127.0876743230432,133.3851776123047,31146458,0.0,0.0
2022-02-16 00:00:00+05:30,133.66957009143414,137.24492141391437,133.66957009143414,136.9605255126953,15960268,0.0,0.0
2022-02-17 00:00:00+05:30,136.96054919044118,140.08897903870408,136.91991765495646,139.56080627441406,24640791,0.0,0.0
2022-02-18 00:00:00+05:30,139.1138622617081,139.56078428361027,135.45724782632968,136.43234252929688,11829998,0.0,0.0
2022-02-21 00:00:00+05:30,137.4587680918273,137.58194655322637,133.88681824398805,134.17420959472656,14222260,1.75,0.0
2022-02-22 00:00:00+05:30,136.7197446051461,136.7197446051461,134.05104088162224,135.4469757080078,29399172,0.0,0.0
2022-02-23 00:00:00+05:30,136.51448334357232,136.63764929414828,131.0949559854619,131.9982147216797,21301826,0.0,0.0
2022-02-24 00:00:00+05:30,131.99819293168835,133.3530682827568,128.0977797657442,128.6315155029297,28766189,0.0,0.0
2022-02-25 00:00:00+05:30,130.88965226523578,131.71079189683599,128.75469674083308,130.97177124023438,20225258,0.0,0.0
2022-02-28 00:00:00+05:30,131.7929107273898,132.90145424067367,127.9335569690179,131.91607666015625,20210070,0.0,0.0
2022-03-02 00:00:00+05:30,136.02177729622483,138.23886436325725,132.9425036248983,133.80470275878906,41103406,0.0,0.0
2022-03-03 00:00:00+05:30,138.19780855551397,141.07179739195828,133.76364683295594,139.840087890625,42345653,0.0,0.0
2022-03-04 00:00:00+05:30,139.6758769281327,140.41489769362826,134.54375347441822,135.69334411621094,32658756,0.0,0.0
2022-03-07 00:00:00+05:30,137.21243997425896,155.85230744827342,137.21243997425896,153.51205444335938,132538155,0.0,0.0
2022-03-08 00:00:00+05:30,156.01653350654456,160.08117226829575,145.99863228204367,147.0661163330078,73127816,0.0,0.0
2022-03-09 00:00:00+05:30,150.26854364857667,150.9254578207191,142.7551214779861,144.0278778076172,51977091,0.0,0.0
2022-03-10 00:00:00+05:30,138.15675331138027,145.25960664214722,135.48804930982314,143.16571044921875,62112814,0.0,0.0
2022-03-11 00:00:00+05:30,141.64661660012115,144.8490568331538,140.9897022490993,144.27426147460938,26187452,0.0,0.0
2022-03-14 00:00:00+05:30,142.87829730391059,144.11000676342707,140.0864275408452,141.07179260253906,20214021,0.0,0.0
2022-03-15 00:00:00+05:30,138.19781223837117,139.18317735977757,132.73722578584864,134.4616241455078,42333127,0.0,0.0
2022-03-16 00:00:00+05:30,136.30917917840225,137.82829251240977,132.90145471078077,137.3766632080078,25545119,0.0,0.0
2022-03-17 00:00:00+05:30,136.80187362658896,140.82545298577224,135.15959429147793,139.840087890625,66314748,0.0,0.0
2022-03-21 00:00:00+05:30,140.9896788564362,143.6994422738045,139.84008833008457,141.68765258789062,20614652,0.0,0.0
2022-03-22 00:00:00+05:30,144.6848245522927,148.83158288479567,142.71409412179548,144.0689697265625,39742745,0.0,0.0
2022-03-23 00:00:00+05:30,144.93117473902345,145.91653999336896,143.57629908049825,144.19215393066406,10994784,0.0,0.0
2022-03-24 00:00:00+05:30,146.90189277912322,148.13360237491105,144.93116243770186,145.71124267578125,20332589,0.0,0.0
2022-03-25 00:00:00+05:30,146.57345930716244,147.18931417820093,143.7815889036277,144.35638427734375,13608989,0.0,0.0
2022-03-28 00:00:00+05:30,144.11002486399474,146.08075523491098,143.4120510707629,144.80799865722656,15253027,0.0,0.0
2022-03-29 00:00:00+05:30,143.6583857322847,143.86367065403118,140.04537612138512,140.41488647460938,14210783,0.0,0.0
2022-03-30 00:00:00+05:30,133.84576736261815,135.36488077703885,132.32665394819745,133.02462768554688,95239532,0.0,0.0
2022-03-31 00:00:00+05:30,132.9014516456415,135.69332132366975,132.32664389169787,134.58477783203125,33523683,0.0,0.0
2022-04-01 00:00:00+05:30,134.5847972248931,138.15676007523004,134.29740583610607,137.91041564941406,28335224,0.0,0.0
2022-04-04 00:00:00+05:30,137.08926455012408,138.8136628582653,135.7754486040328,137.99252319335938,17745513,0.0,0.0
2022-04-05 00:00:00+05:30,139.79904066749054,141.8518900164992,139.01896042078687,141.1128692626953,20054934,0.0,0.0
2022-04-06 00:00:00+05:30,140.08640935155051,142.46770898558106,139.8400649857141,141.89291381835938,12969222,0.0,0.0
2022-04-07 00:00:00+05:30,140.08643906775606,142.71408362501904,138.11569625261063,138.64944458007812,24550313,0.0,0.0
2022-04-08 00:00:00+05:30,138.77261841008234,140.66124234998537,138.52627397799094,140.33277893066406,9529874,0.0,0.0
2022-04-11 00:00:00+05:30,140.4148761431057,141.85187048959946,139.22422619050155,140.5791015625,9724979,0.0,0.0
2022-04-12 00:00:00+05:30,140.4148891095245,141.40025424647885,138.11569543689933,138.69049072265625,13184429,0.0,0.0
2022-04-13 00:00:00+05:30,140.74334958192748,143.5762917721668,140.16855425695078,143.08360290527344,23458303,0.0,0.0
2022-04-18 00:00:00+05:30,144.52060973703414,146.9840292211881,143.7815889036277,144.35638427734375,23916912,0.0,0.0
2022-04-19 00:00:00+05:30,145.58806799631702,147.64091719950932,144.5205839047376,145.4648895263672,17880666,0.0,0.0
2022-04-20 00:00:00+05:30,145.25960642548856,145.62912931036936,143.53522059096665,144.11001586914062,10076403,0.0,0.0
2022-04-21 00:00:00+05:30,144.27424920005953,145.0953889365762,142.7961951684099,143.00148010253906,12246720,0.0,0.0
2022-04-22 00:00:00+05:30,143.00149237522427,144.76695047800922,142.63198196799922,142.87832641601562,10267952,0.0,0.0
2022-04-25 00:00:00+05:30,140.4148943595275,142.0571738257208,138.19781958608613,139.3063507080078,12583497,0.0,0.0
2022-04-26 00:00:00+05:30,140.49700102737083,140.98967730627731,136.06283933963095,137.08926391601562,20086229,0.0,0.0
2022-04-27 00:00:00+05:30,137.91042449949788,138.69050478997673,134.13318900311648,135.36489868164062,13981957,0.0,0.0
2022-04-28 00:00:00+05:30,136.30918713339673,136.30918713339673,133.39413875805826,135.32382202148438,13030499,0.0,0.0
2022-04-29 00:00:00+05:30,136.71975923351712,137.49983943793902,130.97178136784373,131.75186157226562,15964743,0.0,0.0
2022-05-02 00:00:00+05:30,129.8632496931082,130.76650845250023,128.0156852094779,128.3852081298828,23405519,0.0,0.0
2022-05-04 00:00:00+05:30,130.5612153463261,133.68154878505092,129.69901613528927,133.22991943359375,23661920,0.0,0.0
2022-05-05 00:00:00+05:30,134.83115030318757,138.27993489713535,134.1742359687216,135.36489868164062,26878516,0.0,0.0
2022-05-06 00:00:00+05:30,134.5847854437177,137.4587742575947,132.28560441629355,137.08926391601562,16768573,0.0,0.0
2022-05-09 00:00:00+05:30,135.69331514998163,137.3766537893801,133.64046620671414,135.28274536132812,9952775,0.0,0.0
2022-05-10 00:00:00+05:30,131.75187372005658,132.73723893910523,125.55226594454436,126.82503509521484,22602956,0.0,0.0
2022-05-11 00:00:00+05:30,126.45551004857606,131.38234810241667,126.25022512966603,130.23275756835938,15084514,0.0,0.0
2022-05-12 00:00:00+05:30,130.5612110467003,132.20349043093552,126.45551258611222,128.50836181640625,21459069,0.0,0.0
2022-05-13 00:00:00+05:30,131.38237073778703,131.62871518884023,125.59333252123344,126.08602142333984,12934346,0.0,0.0
2022-05-16 00:00:00+05:30,126.61970173004038,128.30304012236456,124.64897204559837,126.04490661621094,13205775,0.0,0.0
2022-05-17 00:00:00+05:30,128.09778943487578,134.4205624331137,127.72827908665614,133.96893310546875,17843200,0.0,0.0
2022-05-18 00:00:00+05:30,133.02461424106923,135.0774632262709,131.54656046580484,134.00997924804688,12616832,0.0,0.0
2022-05-19 00:00:00+05:30,130.19170465244972,133.06569366230687,129.57584986462317,131.38235473632812,8932407,0.0,0.0
2022-05-20 00:00:00+05:30,132.73721996944832,134.50267774213842,131.46446353026772,132.9425048828125,7235654,0.0,0.0
2022-05-23 00:00:00+05:30,132.81935421875497,134.83114409512868,126.98925699700433,127.35877990722656,18029557,0.0,0.0
2022-05-24 00:00:00+05:30,129.24738989293033,129.5347938133888,123.29412678581737,123.70469665527344,19141394,0.0,0.0
2022-05-25 00:00:00+05:30,125.55224005990291,125.83964393227178,121.2002101955468,125.305908203125,19366472,0.0,0.0
2022-05-26 00:00:00+05:30,125.47014283253984,125.88071266345156,121.61078892788909,124.73110961914062,12824105,0.0,0.0
2022-05-27 00:00:00+05:30,127.27664921455968,127.68721905073568,115.86281278070572,118.07988739013672,52469252,0.0,0.0
2022-05-30 00:00:00+05:30,119.59897974377887,120.95386762437055,115.90385148150439,118.28516387939453,40261336,0.0,0.0
2022-05-31 00:00:00+05:30,119.39372246063908,125.63438998135655,119.39372246063908,124.19739532470703,57675204,0.0,0.0
2022-06-01 00:00:00+05:30,124.15633316746818,125.55226829808784,122.14454319719879,122.96568298339844,22780094,0.0,0.0
2022-06-02 00:00:00+05:30,121.36445222913441,125.55225725256928,119.88639823808776,125.18274688720703,25429955,0.0,0.0
2022-06-03 00:00:00+05:30,126.41446556577002,126.61975050904981,124.11527169511675,124.48479461669922,16747177,0.0,0.0
2022-06-06 00:00:00+05:30,125.71648279957084,128.0977827229669,125.47013840379968,126.41444396972656,30327268,0.0,0.0
2022-06-07 00:00:00+05:30,127.11243623601607,133.80472020932072,126.6197473725097,132.90147399902344,61411715,0.0,0.0
2022-06-08 00:00:00+05:30,134.25632856899261,136.6376284675521,133.10673810684588,134.17420959472656,45994327,0.0,0.0
2022-06-09 00:00:00+05:30,136.30917707153841,137.41772057160932,135.0774676401691,135.93966674804688,31122996,0.0,0.0
2022-06-10 00:00:00+05:30,134.66691725741768,136.84293255492088,134.13318143866348,135.20065307617188,17812698,0.0,0.0
2022-06-13 00:00:00+05:30,133.02463775558948,134.62585774117233,130.10958917539617,131.01284790039062,12237777,0.0,0.0
2022-06-14 00:00:00+05:30,131.01285568525168,131.83399547327633,127.52301158614695,128.05674743652344,12844437,0.0,0.0
2022-06-15 00:00:00+05:30,128.8778769783656,129.12422140110763,123.82787269534424,124.32054901123047,16223385,0.0,0.0
2022-06-16 00:00:00+05:30,122.47296209603829,124.44370458569573,117.09450792557061,117.87458801269531,25130676,0.0,0.0
2022-06-17 00:00:00+05:30,116.97133953238526,119.188414060537,115.49328567041857,116.15019989013672,22922034,0.0,0.0
2022-06-20 00:00:00+05:30,113.80994884950098,114.05628069560314,106.74814357067942,110.36115264892578,28656582,0.0,0.0
2022-06-21 00:00:00+05:30,111.75713115123008,115.12379679417243,110.8538723645681,114.22055053710938,20581784,0.0,0.0
2022-06-22 00:00:00+05:30,112.45508354753652,112.45508354753652,107.56930465865462,110.73069763183594,31824106,0.0,0.0
2022-06-23 00:00:00+05:30,110.03270678347111,112.00343681850086,108.5546529924008,110.68962097167969,26829020,0.0,0.0
2022-06-24 00:00:00+05:30,112.49614253163685,115.78070143767003,111.01808851800233,112.7835464477539,25461812,0.0,0.0
2022-06-27 00:00:00+05:30,114.9595669048835,117.09453530209929,112.70143255496615,116.19127655029297,24188349,0.0,0.0
2022-06-28 00:00:00+05:30,117.25874731910626,124.60794485575005,116.72499901613396,122.63721466064453,54387675,0.0,0.0
2022-06-29 00:00:00+05:30,122.6372065572376,129.2473704367442,120.05060925127763,126.57866668701172,165860322,0.0,0.0
2022-06-30 00:00:00+05:30,125.63438336219129,126.82503350905054,122.55510926017679,124.44373321533203,38725546,0.0,0.0
2022-07-01 00:00:00+05:30,122.3087546735997,124.1152594909091,106.74816000897947,107.61035919189453,125788305,0.0,0.0
2022-07-04 00:00:00+05:30,106.70709940377856,106.70709940377856,101.90343350651332,103.4636001586914,85993413,0.0,0.0
2022-07-05 00:00:00+05:30,104.28474019905772,105.59856870946744,103.46360051245097,104.61319732666016,44595740,0.0,0.0
2022-07-06 00:00:00+05:30,101.00017220543693,101.41074201115008,98.41358117648441,99.31683349609375,59092334,0.0,0.0
2022-07-07 00:00:00+05:30,99.56318704705488,101.94449339227407,99.56318704705488,101.41075134277344,36229792,0.0,0.0
2022-07-08 00:00:00+05:30,103.75098901105386,103.75098901105386,99.35789332762667,99.76846313476562,42778692,0.0,0.0
2022-07-11 00:00:00+05:30,99.76846574882111,103.38148139926894,99.39895541863368,103.05302429199219,31521678,0.0,0.0
2022-07-12 00:00:00+05:30,102.56033365726091,104.07944061044994,101.41073700505379,101.9034194946289,25216226,0.0,0.0
2022-07-13 00:00:00+05:30,100.5485546311662,102.56035067249431,99.6863616975674,102.19083404541016,27166975,0.0,0.0
2022-07-14 00:00:00+05:30,102.14977158808597,108.88312033690089,101.6570890612942,104.40790557861328,38464081,0.0,0.0
2022-07-15 00:00:00+05:30,104.77741501632138,105.43432295819034,102.31399613851698,103.91522216796875,18088858,0.0,0.0
2022-07-18 00:00:00+05:30,104.32579796284088,107.3229527575173,104.24367898370026,106.6660385131836,21010247,0.0,0.0
2022-07-19 00:00:00+05:30,107.15871189455999,109.37578618645941,102.19081508241803,105.02375030517578,33778758,0.0,0.0
2022-07-20 00:00:00+05:30,110.85386132541143,112.167689878885,108.55466762163151,108.84207153320312,60317150,0.0,0.0
2022-07-21 00:00:00+05:30,109.21155931747933,109.62212908934956,108.22619437090981,109.2936782836914,20853780,0.0,0.0
2022-07-22 00:00:00+05:30,109.86848460947328,109.86848460947328,108.02092044853909,108.75994110107422,11630255,0.0,0.0
2022-07-25 00:00:00+05:30,108.39043572540905,108.75994606855356,105.43432792105912,106.58393096923828,21705935,0.0,0.0
2022-07-26 00:00:00+05:30,107.44613110335703,108.06198585741618,104.90059310807376,105.27010345458984,22172845,0.0,0.0
2022-07-27 00:00:00+05:30,106.0091339735173,106.91238007200904,104.94164992112094,105.59856414794922,20187969,0.0,0.0
2022-07-28 00:00:00+05:30,107.07660373898612,107.15872271459071,105.31115852985639,106.95343780517578,25736737,0.0,0.0
2022-07-29 00:00:00+05:30,107.1176842968138,110.44330298940336,106.66605490134626,110.15589904785156,19738642,0.0,0.0
2022-08-01 00:00:00+05:30,110.11483839114713,114.13841789503232,109.37580514601076,113.6457290649414,20592826,0.0,0.0
2022-08-02 00:00:00+05:30,112.24979400634766,112.53719791196346,110.5254081614451,112.24979400634766,15037928,0.0,0.0
2022-08-03 00:00:00+05:30,111.67500003937026,113.68678981357176,109.86849519171173,111.3875961303711,15853543,0.0,0.0
2022-08-04 00:00:00+05:30,110.32011918677786,112.6193002288973,110.03271529171444,111.88027954101562,14311959,0.0,0.0
2022-08-05 00:00:00+05:30,110.93597314679216,113.72784298068873,109.70426365602658,112.08556365966797,66480753,0.0,0.0
2022-08-08 00:00:00+05:30,111.92133823348526,112.90670332017835,110.89491365784727,112.08556365966797,12451233,0.0,0.0
2022-08-10 00:00:00+05:30,112.00344000754116,112.29084388856431,109.58108061604715,109.86848449707031,15829467,0.0,0.0
2022-08-11 00:00:00+05:30,110.44330610267671,111.67501583616381,108.43151604390098,109.04737091064453,19479706,0.0,0.0
2022-08-12 00:00:00+05:30,109.9505926021559,114.71320501219147,109.62214175853822,114.3026351928711,40876891,0.0,0.0
2022-08-16 00:00:00+05:30,114.54900003957799,116.51973051229037,111.75712978163568,114.91851043701172,31230003,0.0,0.0
2022-08-17 00:00:00+05:30,114.9185017103796,115.61647548666214,113.89207705678636,114.67215728759766,15694770,0.0,0.0
2022-08-18 00:00:00+05:30,116.22746624182957,116.26950405745467,113.24296092641133,113.95756530761719,42597708,3.25,0.0
2022-08-19 00:00:00+05:30,115.59692895911711,116.4376338970016,112.69649948904349,113.15888977050781,35382493,0.0,0.0
2022-08-22 00:00:00+05:30,113.07481503778605,113.07481503778605,109.1235043641753,110.88897705078125,31231393,0.0,0.0
2022-08-23 00:00:00+05:30,110.88897330565116,112.82259717836679,109.37571471913708,112.44428253173828,24268146,0.0,0.0
2022-08-24 00:00:00+05:30,113.24294232007506,115.51284288133235,113.07480391334084,114.33586120605469,22730039,0.0,0.0
2022-08-25 00:00:00+05:30,115.17657821188004,116.14338377364368,114.46197387274032,114.79826354980469,14620592,0.0,0.0
2022-08-26 00:00:00+05:30,114.75623123079531,116.22746496452346,114.41995436577064,114.88233184814453,12105053,0.0,0.0
2022-08-29 00:00:00+05:30,112.8226121846251,114.84031194857813,112.44429748767787,114.2518081665039,9198908,0.0,0.0
2022-08-30 00:00:00+05:30,115.93319433721932,117.57257906647033,115.63895533494357,116.52169799804688,21720398,0.0,0.0
2022-09-01 00:00:00+05:30,113.49515683532027,114.5460379171288,112.7805525684352,113.2429428100586,20349294,0.0,0.0
2022-09-02 00:00:00+05:30,113.24296414986667,114.12570699055989,111.22527722383126,111.60359191894531,17495310,0.0,0.0
2022-09-05 00:00:00+05:30,111.72968718108204,112.57039216462108,111.51951093519729,112.15003967285156,14865879,0.0,0.0
2022-09-06 00:00:00+05:30,112.73853880443312,112.7805637893761,110.72083922972969,111.05712890625,10870488,0.0,0.0
2022-09-07 00:00:00+05:30,110.13235226037368,111.771724403965,109.33368509586919,111.3934097290039,12042788,0.0,0.0
2022-09-08 00:00:00+05:30,110.6787954730087,112.78055773286941,110.55269486867259,110.8469467163086,14629497,0.0,0.0
2022-09-09 00:00:00+05:30,111.3933997367745,112.82259550739215,110.93100947412617,112.65445709228516,12327341,0.0,0.0
2022-09-12 00:00:00+05:30,113.49516199595892,113.83143882617291,112.31818026207117,112.65445709228516,13500202,0.0,0.0
2022-09-13 00:00:00+05:30,112.82260284708302,113.62126999190275,112.23411194185478,112.57038879394531,10846178,0.0,0.0
2022-09-14 00:00:00+05:30,111.35137432818877,112.73854527063573,110.97305964502694,111.98190307617188,8597956,0.0,0.0
2022-09-15 00:00:00+05:30,112.31819063807676,112.99074436063556,110.9730575366792,111.47748565673828,10810473,0.0,0.0
2022-09-16 00:00:00+05:30,110.21642105968758,110.97305036272321,109.29164050874256,110.34252166748047,20909579,0.0,0.0
2022-09-19 00:00:00+05:30,111.05712349352174,112.94870953678517,109.03942401715744,109.7540283203125,19411428,0.0,0.0
2022-09-20 00:00:00+05:30,110.46863151538437,112.31819277198032,110.38456871253742,111.98190307617188,13080582,0.0,0.0
2022-09-21 00:00:00+05:30,111.1411824583306,111.98188733748309,109.33367209940813,110.04826354980469,11156865,0.0,0.0
2022-09-22 00:00:00+05:30,109.62792624653258,110.00625375689754,107.69431502001932,108.15669250488281,11366882,0.0,0.0
2022-09-23 00:00:00+05:30,107.82041791400735,108.53502230629205,107.18988915427632,108.11466979980469,10407849,0.0,0.0
2022-09-26 00:00:00+05:30,107.02174583380729,108.28280329572613,103.11246641904488,103.78502655029297,12848954,0.0,0.0
2022-09-27 00:00:00+05:30,104.54165558324286,107.52616061669939,104.1213031229853,104.62572479248047,14465123,0.0,0.0
2022-09-28 00:00:00+05:30,104.20537843281603,104.20537843281603,102.14565382259738,103.02839660644531,15267018,0.0,0.0
2022-09-29 00:00:00+05:30,103.82706638669531,107.7783772786986,103.82706638669531,106.47528839111328,20597761,0.0,0.0
2022-09-30 00:00:00+05:30,105.50846805612298,111.30932690564222,105.50846805612298,106.60138702392578,33530494,0.0,0.0
2022-10-03 00:00:00+05:30,110.72083529405725,113.49516409307124,109.79606757981193,111.309326171875,50966493,0.0,0.0
2022-10-04 00:00:00+05:30,113.41109375231126,113.4951693794037,110.80491607826058,112.57038879394531,14137567,0.0,0.0
2022-10-06 00:00:00+05:30,114.75621975417992,114.7982575651389,111.30932450576587,111.51950073242188,14570735,0.0,0.0
2022-10-07 00:00:00+05:30,111.01510027765214,112.86464875304223,110.30049588054798,112.6965103149414,13532236,0.0,0.0
2022-10-10 00:00:00+05:30,111.81376479043298,112.65446978885728,111.14119822606548,112.02394104003906,10183057,0.0,0.0
2022-10-11 00:00:00+05:30,112.0239335288305,112.23410976434425,109.50181870266546,110.21642303466797,13176461,0.0,0.0
2022-10-12 00:00:00+05:30,110.21642897776249,110.97305833515524,108.53501900298741,110.42660522460938,9401804,0.0,0.0
2022-10-13 00:00:00+05:30,110.30048658517971,110.84695249813065,107.3159878689465,109.16554260253906,13320136,0.0,0.0
2022-10-14 00:00:00+05:30,110.97304378226163,111.64561024959998,106.81155720605449,107.27394104003906,13205955,0.0,0.0
2022-10-17 00:00:00+05:30,106.76952638415302,107.77836973711561,105.92882145199434,107.44209289550781,9320940,0.0,0.0
2022-10-18 00:00:00+05:30,107.98854660508006,108.53501251107971,107.27394869135757,108.19872283935547,6490293,0.0,0.0
2022-10-19 00:00:00+05:30,108.19872220319495,108.19872220319495,107.10580963983043,107.44209289550781,7381712,0.0,0.0
2022-10-20 00:00:00+05:30,106.76954496550643,110.13236527938065,105.76070143697245,108.95538330078125,18748363,0.0,0.0
2022-10-21 00:00:00+05:30,108.74518594355207,112.15003058857704,108.24075786303187,110.59473419189453,11945173,0.0,0.0
2022-10-24 00:00:00+05:30,111.81375304041131,112.65445795048959,111.30932496310879,111.64561462402344,2154912,0.0,0.0
2022-10-25 00:00:00+05:30,111.35136840009997,111.7296830631212,109.16554322034426,109.92217254638672,10232002,0.0,0.0
2022-10-27 00:00:00+05:30,109.92216603889139,111.14118558229914,109.54385139826675,110.8049087524414,13865026,0.0,0.0
2022-10-28 00:00:00+05:30,111.05713193887182,113.99959934104182,110.80491788162928,112.40225219726562,22918037,0.0,0.0
2022-10-31 00:00:00+05:30,112.9907493745827,113.66331595512652,111.64562904163562,112.6965103149414,8753855,0.0,0.0
2022-11-01 00:00:00+05:30,112.73854685837277,114.08366717612975,112.73854685837277,113.62127685546875,11630848,0.0,0.0
2022-11-02 00:00:00+05:30,114.20977235000846,117.02612622973737,113.78941987588718,114.71418762207031,21117499,0.0,0.0
2022-11-03 00:00:00+05:30,114.67215728759764,114.92437135414694,113.70535166532238,114.67215728759766,7561534,0.0,0.0
2022-11-04 00:00:00+05:30,114.67214951150041,116.35355940362294,114.37791047726263,115.89118194580078,7498344,0.0,0.0
2022-11-07 00:00:00+05:30,116.47966766357422,116.85798230685353,114.96639626231813,116.47966766357422,9987481,0.0,0.0
2022-11-09 00:00:00+05:30,116.81595001205656,116.85798782510356,115.17657792833948,116.56373596191406,12033732,0.0,0.0
2022-11-10 00:00:00+05:30,115.59692440216864,118.41329096431335,115.5128487804388,117.57258605957031,15908521,0.0,0.0
2022-11-11 00:00:00+05:30,118.20310927637685,118.79160011687713,117.0261147672381,118.07699584960938,18492513,0.0,0.0
2022-11-14 00:00:00+05:30,118.20312549609062,118.53940235733772,116.52171553357519,117.06816864013672,12743505,0.0,0.0
2022-11-15 00:00:00+05:30,117.69870029638602,120.51506718473424,117.69870029638602,119.67436218261719,24636519,0.0,0.0
2022-11-16 00:00:00+05:30,120.05265596131163,120.47300838916767,118.7075230609171,120.13671875,11460200,0.0,0.0
2022-11-17 00:00:00+05:30,119.33807290624094,120.89338229690502,119.12789665496959,120.38895416259766,13368536,0.0,0.0
2022-11-18 00:00:00+05:30,120.34689592171421,120.43097153920976,117.86681914325341,119.16991424560547,19958908,0.0,0.0
2022-11-21 00:00:00+05:30,120.05267138087595,120.36163584945434,118.64028162387038,119.5671615600586,16348881,6.75,0.0
2022-11-22 00:00:00+05:30,119.12578102606858,119.9643814780207,117.31616101740615,119.34646606445312,11198874,0.0,0.0
2022-11-23 00:00:00+05:30,119.65543334165098,120.62643945182678,118.77269316719327,120.49403381347656,9010911,0.0,0.0
2022-11-24 00:00:00+05:30,120.4940406740566,123.58363146057088,119.61130044933824,123.0981216430664,11803087,0.0,0.0
2022-11-25 00:00:00+05:30,122.70086493610687,124.73116971169226,121.59743989171741,124.0691146850586,9789098,0.0,0.0
2022-11-28 00:00:00+05:30,123.14226563058473,124.6429213708831,122.74503520955683,123.23054504394531,8925344,0.0,0.0
2022-11-29 00:00:00+05:30,123.62776831270789,124.55464822118157,123.14225850640771,123.80431365966797,13558920,0.0,0.0
2022-11-30 00:00:00+05:30,123.23054658276273,125.17257247501996,123.23054658276273,124.55465698242188,17720938,0.0,0.0
2022-12-01 00:00:00+05:30,124.86359267439201,125.34910245527584,123.40707680128638,123.62776184082031,27727625,0.0,0.0
2022-12-02 00:00:00+05:30,125.21671155875944,127.82079263787973,124.06914652419276,124.37809753417969,24518337,0.0,0.0
2022-12-05 00:00:00+05:30,124.90772514011549,127.0704357083498,124.11326443163597,126.89389038085938,18440387,0.0,0.0
2022-12-06 00:00:00+05:30,126.09944970062868,126.3642609991515,124.59878050474744,125.74634552001953,10977472,0.0,0.0
2022-12-07 00:00:00+05:30,124.28979823589034,125.12839856587989,123.67188291218983,124.15737915039062,9731670,0.0,0.0
2022-12-08 00:00:00+05:30,124.68704365361637,126.23183888472313,123.89258292257966,125.9228744506836,10150945,0.0,0.0
2022-12-09 00:00:00+05:30,125.79048852527109,126.18771895302032,123.84846262440449,124.20155334472656,9438307,0.0,0.0
2022-12-12 00:00:00+05:30,123.58362855810613,125.79047906807232,122.87743370100763,125.65807342529297,8946335,0.0,0.0
2022-12-13 00:00:00+05:30,126.27598851100554,127.68836475159397,125.83461841028166,127.42355346679688,12593054,0.0,0.0
2022-12-14 00:00:00+05:30,127.42355942119427,131.1752054526584,127.2028743605199,130.29246520996094,17692988,0.0,0.0
2022-12-15 00:00:00+05:30,130.33657951816028,131.39587848808875,129.45383935625048,130.1600341796875,11426194,0.0,0.0
2022-12-16 00:00:00+05:30,130.95449018132484,132.8523758774711,129.76278574078572,129.9393310546875,20540447,0.0,0.0
2022-12-19 00:00:00+05:30,129.8069469602938,130.24831705300508,127.99732688626834,128.70352172851562,10635055,0.0,0.0
2022-12-20 00:00:00+05:30,128.4387009430214,129.05661639797881,126.3201298204397,128.74766540527344,6714207,0.0,0.0
2022-12-21 00:00:00+05:30,129.321453931855,129.58627871572745,125.96703809841604,126.67323303222656,10011408,0.0,0.0
2022-12-22 00:00:00+05:30,127.99732925602757,128.1297348984738,124.95187825384518,125.56979370117188,9123323,0.0,0.0
2022-12-23 00:00:00+05:30,124.11327645190515,126.67321762230743,122.96571150775894,123.4070816040039,8007752,0.0,0.0
2022-12-26 00:00:00+05:30,124.02500627143776,126.09945126593202,123.14226601327806,124.731201171875,7150680,0.0,0.0
2022-12-27 00:00:00+05:30,125.43738964152851,128.35042156847553,125.43738964152851,127.82078552246094,8765357,0.0,0.0
2022-12-28 00:00:00+05:30,126.62908337192077,127.68836895461644,125.96702819904262,127.02631378173828,9534858,0.0,0.0
2022-12-29 00:00:00+05:30,126.01116116119547,128.88006675680938,125.79047611537902,127.68836212158203,36752195,0.0,0.0
2022-12-30 00:00:00+05:30,128.39456451692328,131.3076099870152,127.60010369305596,129.54212951660156,9644998,0.0,0.0
2023-01-02 00:00:00+05:30,130.02763186344063,133.11722250901673,129.98349216030886,132.80825805664062,9631496,0.0,0.0
2023-01-03 00:00:00+05:30,132.14621485591164,132.9406891754146,130.64555910069157,132.01380920410156,14991139,0.0,0.0
2023-01-04 00:00:00+05:30,131.35174397996698,131.39588368371702,127.99732853816107,129.1007537841797,13535874,0.0,0.0
2023-01-05 00:00:00+05:30,128.74766589778096,129.76281175841243,127.2469967548694,129.32144165039062,16320559,0.0,0.0
2023-01-06 00:00:00+05:30,129.4979881166445,130.73383251149312,129.14489741500026,130.07177734375,16804116,0.0,0.0
2023-01-09 00:00:00+05:30,131.79311340443638,132.58757418968867,130.469003115985,130.7779541015625,18660445,0.0,0.0
2023-01-10 00:00:00+05:30,131.17519462846715,132.67585022331366,131.17519462846715,131.83724975585938,18490715,0.0,0.0
2023-01-11 00:00:00+05:30,131.96966920754602,132.41103933867495,129.10076335520807,129.58627319335938,12538238,0.0,0.0
2023-01-12 00:00:00+05:30,130.3807317659816,130.8662415956591,128.65939097853163,129.01248168945312,13270422,0.0,0.0
2023-01-13 00:00:00+05:30,129.2331486854583,130.20416820907292,128.79177862373265,129.71865844726562,8854484,0.0,0.0
2023-01-16 00:00:00+05:30,130.3807311525024,130.469010564591,128.88007543382616,130.29246520996094,9696320,0.0,0.0
2023-01-17 00:00:00+05:30,130.91038350001523,131.52829898927683,129.4538539865263,130.51315307617188,18484595,0.0,0.0
2023-01-18 00:00:00+05:30,130.86623744229775,132.19034777055035,130.82209773744663,131.7489776611328,12139643,0.0,0.0
2023-01-19 00:00:00+05:30,130.68968974846328,134.26479026453364,130.68968974846328,133.95582580566406,18437610,0.0,0.0
2023-01-20 00:00:00+05:30,134.17653129893557,134.61790146768206,132.89656050348046,133.8234405517578,17512691,0.0,0.0
2023-01-23 00:00:00+05:30,134.66201897729508,135.14752877678194,133.60273344085323,134.4854736328125,16742252,0.0,0.0
2023-01-24 00:00:00+05:30,134.48547299776556,135.23579407566004,133.82341785692236,134.3089141845703,8276792,0.0,0.0
2023-01-25 00:00:00+05:30,133.51442986526925,135.41231554661087,133.42615047423496,134.57371520996094,9827342,0.0,0.0
2023-01-27 00:00:00+05:30,134.57373380286288,136.07438937097086,129.40971198294318,130.33657836914062,13052535,0.0,0.0
2023-01-30 00:00:00+05:30,130.2041799027102,131.39588456421464,126.45253404110669,127.90904998779297,12688399,0.0,0.0
2023-01-31 00:00:00+05:30,128.12973503847553,130.55727059598368,127.33527424383693,127.90904998779297,19050398,0.0,0.0
2023-02-01 00:00:00+05:30,128.70353145680616,128.88007681332593,125.6580802808117,127.33528137207031,11526089,0.0,0.0
2023-02-02 00:00:00+05:30,126.23186653234252,127.99734718314451,124.15742137983081,126.62909698486328,11886667,0.0,0.0
2023-02-03 00:00:00+05:30,126.67321495699676,128.30628966656045,123.6719037534996,127.37940979003906,9250428,0.0,0.0
2023-02-06 00:00:00+05:30,125.08429779853991,127.29114854823027,124.99603185028111,126.67323303222656,6436143,0.0,0.0
2023-02-07 00:00:00+05:30,127.02630698413267,127.95318687047103,125.52565136649002,127.68836212158203,8681511,0.0,0.0
2023-02-08 00:00:00+05:30,128.35042412749462,128.7917942427467,126.36425860886011,127.02631378173828,10325869,0.0,0.0
2023-02-09 00:00:00+05:30,127.6883752475874,129.23317072710321,126.40840454418384,129.05662536621094,8078404,0.0,0.0
2023-02-10 00:00:00+05:30,129.01246082987757,129.76279530620084,127.82076977103745,129.4979705810547,6396208,0.0,0.0
2023-02-13 00:00:00+05:30,130.16003866086115,131.35174330828593,129.4097175791332,130.7779541015625,6563018,0.0,0.0
2023-02-14 00:00:00+05:30,131.21930043953927,131.70481015130912,129.76278477377366,131.04275512695312,6991500,0.0,0.0
2023-02-15 00:00:00+05:30,131.52830355369437,131.88139428279788,128.43871253062102,130.20419311523438,12631259,0.0,0.0
2023-02-16 00:00:00+05:30,132.41102481319973,138.1046961862581,130.9986351607072,137.6191864013672,30949761,0.0,0.0
2023-02-17 00:00:00+05:30,137.26610196807192,140.17914734040335,136.29508235411257,138.23712158203125,19874561,0.0,0.0
2023-02-20 00:00:00+05:30,138.76675311127886,139.296402605224,136.29507792211183,136.69232177734375,8348393,0.0,0.0
2023-02-21 00:00:00+05:30,136.73645483862921,137.61919505958755,135.45648421214898,136.0302734375,7599927,0.0,0.0
2023-02-22 00:00:00+05:30,136.16267343709177,136.38335848318107,133.91168327307176,135.58889770507812,9599697,0.0,0.0
2023-02-23 00:00:00+05:30,135.67714669383523,137.88399687906204,135.27991635440333,136.5157470703125,18675946,0.0,0.0
2023-02-24 00:00:00+05:30,137.51256201959424,140.77480954895577,135.70020535376764,140.4576416015625,14648507,4.0,0.0
2023-02-27 00:00:00+05:30,139.55146590523097,141.40913428823748,138.645287555197,140.68418884277344,11904749,0.0,0.0
2023-02-28 00:00:00+05:30,139.68739010749096,140.8654247531087,137.0141666832868,137.784423828125,17607584,0.0,0.0
2023-03-01 00:00:00+05:30,137.73909580636635,140.5482539490799,137.60317459795695,140.27639770507812,7707977,0.0,0.0
2023-03-02 00:00:00+05:30,140.00456401713143,140.5029649069013,138.3281284316833,139.59678649902344,8219892,0.0,0.0
2023-03-03 00:00:00+05:30,139.55147054168356,141.09197102248598,139.05306966716915,139.77801513671875,8260104,0.0,0.0
2023-03-06 00:00:00+05:30,140.18579743605227,144.71668949169188,139.14369779412925,143.357421875,14491522,0.0,0.0
2023-03-08 00:00:00+05:30,141.862224775852,143.9464377656514,141.72628972577857,143.40272521972656,7339476,0.0,0.0
2023-03-09 00:00:00+05:30,144.12767165499247,144.2182811951417,141.40913656119386,141.63568115234375,5314022,0.0,0.0
2023-03-10 00:00:00+05:30,141.0013537692425,141.99814163657098,139.73269581011903,141.18258666992188,4689681,0.0,0.0
2023-03-13 00:00:00+05:30,141.5450524712806,143.17617623176278,140.6388741406998,141.18258666992188,8785721,0.0,0.0
2023-03-14 00:00:00+05:30,141.18257515833616,142.13406509330125,138.6905849524281,138.91712951660156,7177342,0.0,0.0
2023-03-15 00:00:00+05:30,139.55144342340202,139.95922084978724,137.55785413993272,138.23748779296875,9832270,0.0,0.0
2023-03-16 00:00:00+05:30,137.01417072499302,139.00776043097764,134.1144026229077,137.92034912109375,18551936,0.0,0.0
2023-03-17 00:00:00+05:30,139.09838746027384,140.367031717311,137.69380814393497,138.78121948242188,16593429,0.0,0.0
2023-03-20 00:00:00+05:30,138.64529317463257,139.68739278853528,137.3766489640393,138.01097106933594,8749355,0.0,0.0
2023-03-21 00:00:00+05:30,138.78120638445324,139.32491891597456,136.7876168141818,137.33132934570312,6148489,0.0,0.0
2023-03-22 00:00:00+05:30,138.1015726336436,138.46405226371917,136.69700727705094,137.33132934570312,4329409,0.0,0.0
2023-03-23 00:00:00+05:30,136.92354991182958,138.78120440918877,136.1986044891806,138.46405029296875,4484564,0.0,0.0
2023-03-24 00:00:00+05:30,138.37341713786722,138.82650626656172,134.83932746492317,135.38302612304688,8301726,0.0,0.0
2023-03-27 00:00:00+05:30,135.51898293703417,138.14689477491729,135.24712665069123,136.15330505371094,7437261,0.0,0.0
2023-03-28 00:00:00+05:30,136.15328122539688,136.15328122539688,132.89103401458087,133.38943481445312,8964539,0.0,0.0
2023-03-29 00:00:00+05:30,133.43475802841127,136.69700552126974,132.7551242863311,135.33773803710938,24012834,0.0,0.0
2023-03-31 00:00:00+05:30,136.0173682444548,138.6452797813321,135.97205656405686,136.87823486328125,7998472,0.0,0.0
2023-04-03 00:00:00+05:30,140.00454049542753,143.04024318267403,138.7358964684133,139.23428344726562,20016785,0.0,0.0
2023-04-05 00:00:00+05:30,142.04346462246122,142.58717719495235,138.2375180965787,138.55467224121094,15880397,0.0,0.0
2023-04-06 00:00:00+05:30,138.8265298157238,139.05307441849985,136.28922749919505,136.47047424316406,10670936,0.0,0.0
2023-04-10 00:00:00+05:30,136.56108166989844,142.72309753527097,135.9267595574009,142.4059295654297,17431401,0.0,0.0
2023-04-11 00:00:00+05:30,142.36061018760032,144.35419959431394,141.72627434380618,144.12765502929688,13305621,0.0,0.0
2023-04-12 00:00:00+05:30,144.082355070535,144.12766675266064,141.90753260034393,142.8590087890625,7333339,0.0,0.0
2023-04-13 00:00:00+05:30,143.31209193506226,145.44161646084524,143.17617072157972,143.85580444335938,11610851,0.0,0.0
2023-04-17 00:00:00+05:30,144.17297452070636,145.39630694178317,143.17617284973974,145.12445068359375,9358885,0.0,0.0
2023-04-18 00:00:00+05:30,145.12446045441786,145.48694009880305,144.44482667677835,145.07916259765625,8008560,0.0,0.0
2023-04-19 00:00:00+05:30,143.4480387658845,145.3963167309106,143.221494173338,145.07916259765625,11374283,0.0,0.0
2023-04-20 00:00:00+05:30,144.626052989496,145.07914211060697,143.6292513921788,144.21826171875,5733670,0.0,0.0
2023-04-21 00:00:00+05:30,143.99174740945418,144.85262798217374,143.81051448837104,144.62608337402344,3512214,0.0,0.0
2023-04-24 00:00:00+05:30,144.6260622674788,145.66816178201327,144.3542060119357,145.21507263183594,7028440,0.0,0.0
2023-04-25 00:00:00+05:30,145.16975246135192,146.61964318799818,144.98851957731682,145.57752990722656,10169778,0.0,0.0
2023-04-26 00:00:00+05:30,144.9885400477184,146.43843097906944,144.76199545389383,146.0306396484375,9177783,0.0,0.0
2023-04-27 00:00:00+05:30,145.1697652123099,145.80408727573965,144.62606651244892,145.03384399414062,6456825,0.0,0.0
2023-04-28 00:00:00+05:30,144.80732082129367,144.80732082129367,140.32174020515083,144.0370635986328,12656744,0.0,0.0
2023-05-02 00:00:00+05:30,144.53545069585653,149.33819884491754,144.3995294705901,148.8397979736328,16612560,0.0,0.0
2023-05-03 00:00:00+05:30,147.6164518052094,148.02424313584137,145.75879719759578,146.0306396484375,8029435,0.0,0.0
2023-05-04 00:00:00+05:30,145.71348145089883,146.07594726003867,144.26359055997077,145.89471435546875,9929482,0.0,0.0
2023-05-05 00:00:00+05:30,145.94002499300868,146.75557997132356,144.71667869835218,145.26039123535156,5488707,0.0,0.0
2023-05-08 00:00:00+05:30,145.2603890532416,149.8365923848257,144.98853278882575,149.51942443847656,9699470,0.0,0.0
2023-05-09 00:00:00+05:30,149.51942709318268,150.8786946122116,148.97571455469742,149.7459716796875,7600834,0.0,0.0
2023-05-10 00:00:00+05:30,149.74596811968667,151.9207905675559,149.51942353856762,151.28646850585938,10901429,0.0,0.0
2023-05-11 00:00:00+05:30,150.5162238193334,152.82696746339957,150.5162238193334,151.37709045410156,7877677,0.0,0.0
2023-05-12 00:00:00+05:30,152.37388604948313,153.14414318810776,149.51942973986854,149.97251892089844,16373574,0.0,0.0
2023-05-15 00:00:00+05:30,149.97250225334344,150.96930387170107,148.9757006349858,150.06312561035156,8559162,0.0,0.0
2023-05-16 00:00:00+05:30,152.50981708232263,152.69104998452323,151.10523789269584,152.2379608154297,12249266,0.0,0.0
2023-05-17 00:00:00+05:30,152.2379528096973,152.2379528096973,150.51621958855623,151.55831909179688,7360259,0.0,0.0
2023-05-18 00:00:00+05:30,151.7848822234334,152.64574893926365,150.42561462143254,150.74278259277344,7433090,0.0,0.0
2023-05-19 00:00:00+05:30,150.6068370957406,151.1052379473606,148.6132475164446,149.42880249023438,5969632,0.0,0.0
2023-05-22 00:00:00+05:30,148.7038582183273,150.78805715768482,148.7038582183273,150.06312561035156,7331865,0.0,0.0
2023-05-23 00:00:00+05:30,150.06313696730825,151.3770927802702,149.02102359157817,149.51942443847656,10119254,0.0,0.0
2023-05-24 00:00:00+05:30,149.51942248810502,150.83337828392737,149.2022545458931,150.6521453857422,6107980,0.0,0.0
2023-05-25 00:00:00+05:30,150.6521427200501,151.6942422365635,149.74596441797462,150.42559814453125,8077606,0.0,0.0
2023-05-26 00:00:00+05:30,150.47090096997795,151.69423330947757,147.0727325371744,148.38668823242188,14873707,0.0,0.0
2023-05-29 00:00:00+05:30,144.9885146422956,145.2150591964242,141.8168908844954,144.08233642578125,43253971,0.0,0.0
2023-05-30 00:00:00+05:30,144.71668497952254,146.52904174527032,142.49655070691847,143.94644165039062,16117505,0.0,0.0
2023-05-31 00:00:00+05:30,144.08235638661617,144.44482219256417,135.972062990668,140.3670196533203,83741017,0.0,0.0
2023-06-01 00:00:00+05:30,140.1857733811177,141.36380787887828,138.82650599766697,139.23428344726562,13982606,0.0,0.0
2023-06-02 00:00:00+05:30,140.45764729194957,140.45764729194957,139.00775636967495,140.185791015625,9851058,0.0,0.0
2023-06-05 00:00:00+05:30,140.91073750423936,141.3638266923559,139.95924744375773,140.8201141357422,11850547,0.0,0.0
2023-06-06 00:00:00+05:30,140.91071875106135,141.27318452244177,138.82650599766697,139.23428344726562,8118800,0.0,0.0
2023-06-07 00:00:00+05:30,139.1889980184122,140.00455299039524,138.23750799964262,139.41554260253906,12180164,0.0,0.0
2023-06-08 00:00:00+05:30,140.00456155665057,141.95283956847433,139.73270527362786,141.45445251464844,13850599,0.0,0.0
2023-06-09 00:00:00+05:30,141.99814940262678,142.17938231321799,139.37023763109235,139.77801513671875,11764248,0.0,0.0
2023-06-12 00:00:00+05:30,140.32171205589745,140.68417783668068,138.28281092782962,140.50294494628906,11017643,0.0,0.0
2023-06-13 00:00:00+05:30,140.63888386543206,141.5450622586722,139.77801715729092,141.04666137695312,10073644,0.0,0.0
2023-06-14 00:00:00+05:30,141.4544557224572,143.53865500946392,141.22791111933168,143.04026794433594,9695952,0.0,0.0
2023-06-15 00:00:00+05:30,142.72308756986956,143.08555337250672,141.54505297052273,142.8590087890625,7426254,0.0,0.0
2023-06-16 00:00:00+05:30,143.40272723641365,143.76519305400467,141.68099386207936,142.27000427246094,11466647,0.0,0.0
2023-06-19 00:00:00+05:30,143.0855588813761,143.58395974957892,141.81691469611852,142.9949493408203,4718221,0.0,0.0
2023-06-20 00:00:00+05:30,142.76840779551014,142.9949523925112,141.86222940750585,142.49655151367188,6059738,0.0,0.0
2023-06-21 00:00:00+05:30,142.27000132490488,145.48693724131888,141.90753551482342,145.16976928710938,8284206,0.0,0.0
2023-06-22 00:00:00+05:30,145.16978667478938,145.84942052048333,142.72310759572838,144.0370635986328,10629027,0.0,0.0
2023-06-23 00:00:00+05:30,144.08234699051738,144.08234699051738,140.82009964099083,142.1793670654297,8722650,0.0,0.0
2023-06-26 00:00:00+05:30,142.26999042459892,143.40271327829794,141.22789093006912,142.1793670654297,4273205,0.0,0.0
2023-06-27 00:00:00+05:30,143.94644635683807,143.94644635683807,142.58717873808487,143.04026794433594,9730174,0.0,0.0
2023-06-28 00:00:00+05:30,143.04025374531616,145.12445282543297,141.862219160565,143.67457580566406,40243993,0.0,0.0
2023-06-30 00:00:00+05:30,145.8947133103947,145.8947133103947,144.03704494069507,145.26039123535156,7840112,0.0,0.0
2023-07-03 00:00:00+05:30,145.26038453117374,147.9336077558114,144.98852827522097,147.61643981933594,9548822,0.0,0.0
2023-07-04 00:00:00+05:30,147.25397757923471,147.61644337778696,144.98853177032342,146.07594299316406,5394282,0.0,0.0
2023-07-05 00:00:00+05:30,146.8008877090925,148.97571014427962,146.21187733249127,147.5258331298828,8795342,0.0,0.0
2023-07-06 00:00:00+05:30,147.52584150530814,150.24437661722223,147.29929691264863,149.88189697265625,9845699,0.0,0.0
2023-07-07 00:00:00+05:30,149.97251290137615,150.4256020642202,147.52583418745513,148.16015625,7597171,0.0,0.0
2023-07-10 00:00:00+05:30,148.52262938026047,149.88189693588401,147.25398519255234,147.48052978515625,5437687,0.0,0.0
2023-07-11 00:00:00+05:30,147.93360568324053,149.6100410488091,147.61643775120862,149.15695190429688,6343183,0.0,0.0
2023-07-12 00:00:00+05:30,150.3803063331339,153.14415328507678,149.74598420330733,151.92080688476562,15614026,0.0,0.0
2023-07-13 00:00:00+05:30,152.82697549048476,153.4159997231363,151.5130196286998,152.05673217773438,11350009,0.0,0.0
2023-07-14 00:00:00+05:30,153.14413718106653,153.8237709259529,152.41919175441757,153.3706817626953,9448062,0.0,0.0
2023-07-17 00:00:00+05:30,152.0567286546694,152.60042736392228,150.5615260930595,150.78807067871094,4968847,0.0,0.0
2023-07-18 00:00:00+05:30,150.7880911869956,152.37390350223762,150.47093702025882,151.24118041992188,4322257,0.0,0.0
2023-07-19 00:00:00+05:30,151.5130173602425,152.19265112276796,150.51622947151571,151.10523986816406,5968174,0.0,0.0
2023-07-20 00:00:00+05:30,151.33176760389279,152.3285692088035,150.42558935476768,151.51300048828125,5217131,0.0,0.0
2023-07-21 00:00:00+05:30,151.64896831347613,154.95651410711034,150.87871110429165,154.54873657226562,7842863,0.0,0.0
2023-07-24 00:00:00+05:30,155.54550758650942,156.08922012507568,154.2768634327671,154.9564971923828,8451631,0.0,0.0
2023-07-25 00:00:00+05:30,155.86268148256863,157.08602782740456,155.22835938150678,156.76885986328125,10480578,0.0,0.0
2023-07-26 00:00:00+05:30,157.53911006271204,157.94688755059317,155.8626746015312,156.72354125976562,9103949,0.0,0.0
2023-07-27 00:00:00+05:30,157.17663137502396,157.35786427881797,154.6846409230997,154.9564971923828,7731146,0.0,0.0
2023-07-28 00:00:00+05:30,154.68464055149346,158.5358985133971,153.05351676689742,155.6814422607422,9004252,0.0,0.0
2023-07-31 00:00:00+05:30,156.58761545575038,160.8466507669599,155.31895751958805,160.43887329101562,9277749,0.0,0.0
2023-08-01 00:00:00+05:30,158.8530751403704,160.39357564382894,157.94689674690244,160.12171936035156,5584773,0.0,0.0
2023-08-02 00:00:00+05:30,160.3935676679826,161.88875641197993,157.67503262276256,159.44207763671875,8975495,0.0,0.0
2023-08-03 00:00:00+05:30,158.80774899532273,159.30614983178614,155.40958032923163,155.9532928466797,6152393,0.0,0.0
2023-08-04 00:00:00+05:30,157.0860137939453,158.08280162736912,155.95329091924765,157.0860137939453,4605271,0.0,0.0
2023-08-07 00:00:00+05:30,157.94688755059317,158.12812045329764,155.95329796647553,156.72354125976562,2240015,0.0,0.0
2023-08-08 00:00:00+05:30,156.67822249730733,157.49379126339977,156.4063800691267,157.0860137939453,3631238,0.0,0.0
2023-08-09 00:00:00+05:30,157.08602584878454,160.6201159581752,157.0407141648827,160.30294799804688,4852294,0.0,0.0
2023-08-10 00:00:00+05:30,161.3903611644459,162.88554983231134,160.30293613997983,161.8887481689453,10430692,0.0,0.0
2023-08-11 00:00:00+05:30,162.11529899176435,162.84024442695025,160.1217094153912,160.57479858398438,4112277,0.0,0.0
2023-08-14 00:00:00+05:30,163.11211575283093,163.51989327677595,160.71074846845508,161.2997589111328,12876956,0.0,0.0
2023-08-16 00:00:00+05:30,159.75924550511255,162.6137017702115,159.30615633114863,162.25123596191406,8371665,0.0,0.0
2023-08-17 00:00:00+05:30,161.93407839020313,162.29655804892192,160.48420123688342,161.07321166992188,5199363,0.0,0.0
2023-08-18 00:00:00+05:30,161.43669596645964,161.43669596645964,158.2561248699481,159.30117797851562,6734650,0.5,0.0
2023-08-21 00:00:00+05:30,159.30117610952504,160.20991069786666,158.3924415211834,159.98272705078125,3599820,0.0,0.0
2023-08-22 00:00:00+05:30,159.9827279999888,161.66387867868175,159.5738002060467,160.07359313964844,5348036,0.0,0.0
2023-08-23 00:00:00+05:30,160.84601195245727,161.02775608538053,159.02854289084758,159.48291015625,6379611,0.0,0.0
2023-08-24 00:00:00+05:30,159.48291355063282,160.57339223757032,157.02933303847624,157.3019561767578,7976333,0.0,0.0
2023-08-25 00:00:00+05:30,157.30195347461222,159.25572717738862,157.07476984097826,158.75592041015625,4757915,0.0,0.0
2023-08-28 00:00:00+05:30,159.119431492009,159.75554292871902,158.61962469666923,159.21029663085938,4354221,0.0,0.0
2023-08-29 00:00:00+05:30,159.573792457526,160.02815973232967,158.98310668056791,159.66465759277344,4596468,0.0,0.0
2023-08-30 00:00:00+05:30,159.6646587655497,160.75513745985057,159.0285473493899,159.71009826660156,5937955,0.0,0.0
2023-08-31 00:00:00+05:30,159.75555452809087,159.93729868517687,157.25653423613497,158.25613403320312,15823452,0.0,0.0
2023-09-01 00:00:00+05:30,158.4832869064565,167.888694269949,158.4832869064565,165.16249084472656,22460960,0.0,0.0
2023-09-04 00:00:00+05:30,167.0708601746263,167.6160926097502,165.20795148902664,166.25299072265625,10998180,0.0,0.0
2023-09-05 00:00:00+05:30,166.75278574977486,169.0246220678917,165.75317222332808,166.38929748535156,13506519,0.0,0.0
2023-09-06 00:00:00+05:30,168.0249919423478,169.70615619814834,165.70773021974043,166.34384155273438,11954407,0.0,0.0
2023-09-07 00:00:00+05:30,168.11587788871756,168.29762201049485,164.48093998842097,165.16249084472656,11137801,0.0,0.0
2023-09-08 00:00:00+05:30,165.84404412929558,168.0704408525883,165.38967688510573,167.61607360839844,9737214,0.0,0.0
2023-09-11 00:00:00+05:30,168.52481961245485,168.97918688769263,165.66231132493238,166.6619110107422,10845871,0.0,0.0
2023-09-12 00:00:00+05:30,167.97957268185957,168.02499831250574,163.75394906769452,164.3900604248047,15524470,0.0,0.0
2023-09-13 00:00:00+05:30,165.29880294036553,167.8432623588102,164.39006842422017,167.11627197265625,10578786,0.0,0.0
2023-09-14 00:00:00+05:30,167.88871234493732,171.659955276034,167.38890555659955,170.751220703125,17746404,0.0,0.0
2023-09-15 00:00:00+05:30,174.2044075851137,174.2044075851137,168.6611352413634,169.61529541015625,19924829,0.0,0.0
2023-09-18 00:00:00+05:30,168.84288171086325,170.38772766848646,168.20677030080535,169.7061767578125,5022956,0.0,0.0
2023-09-20 00:00:00+05:30,169.433548815375,172.20519188008635,169.2063651849263,171.02383422851562,12687099,0.0,0.0
2023-09-21 00:00:00+05:30,171.2055820309249,171.25102153122668,169.070064178627,169.66073608398438,7814108,0.0,0.0
2023-09-22 00:00:00+05:30,169.56987368449285,170.5694733763112,168.11589284851658,168.20677185058594,7814821,0.0,0.0
2023-09-25 00:00:00+05:30,169.02461871946596,169.66073010269943,168.34306783753263,168.57025146484375,5540062,0.0,0.0
2023-09-26 00:00:00+05:30,169.0246284576294,170.97840221859414,168.3430775364293,170.6149139404297,12446655,0.0,0.0
2023-09-27 00:00:00+05:30,172.0234462463711,172.0234462463711,169.29724270480003,170.16053771972656,5630907,0.0,0.0
2023-09-28 00:00:00+05:30,171.65994745368585,172.20519371906067,169.47899012456367,170.34228515625,14890642,0.0,0.0
2023-09-29 00:00:00+05:30,171.29646247435593,174.70421703286434,170.97839983575295,174.34072875976562,10085766,0.0,0.0
2023-10-03 00:00:00+05:30,172.02344504186735,172.02344504186735,166.8890867548129,167.7523956298828,22118500,0.0,0.0
2023-10-04 00:00:00+05:30,167.6160892876497,167.75240779337096,165.48057135990814,166.0712432861328,9360058,0.0,0.0
2023-10-05 00:00:00+05:30,164.7081465520454,167.2071667066282,164.4809629016288,165.57144165039062,11128340,0.0,0.0
2023-10-06 00:00:00+05:30,166.75278587482646,166.75278587482646,164.11746129031005,164.88987731933594,5759904,0.0,0.0
2023-10-09 00:00:00+05:30,166.20754411954005,167.8432690874133,164.7081376542664,165.1170654296875,14622727,0.0,0.0
2023-10-10 00:00:00+05:30,165.662313655723,167.66152692165946,165.43513001490774,166.75279235839844,11819690,0.0,0.0
2023-10-11 00:00:00+05:30,167.57064342127268,167.84326655617159,166.07123697861155,166.52560424804688,8499601,0.0,0.0
2023-10-12 00:00:00+05:30,166.4801554979238,167.97957572346303,166.29841137348544,167.61607360839844,8677885,0.0,0.0
2023-10-13 00:00:00+05:30,167.66153611530197,169.25182168821135,167.25260831264896,168.0250244140625,7435899,0.0,0.0
2023-10-16 00:00:00+05:30,170.79666748993873,171.02385114285596,169.2518214233395,169.52444458007812,12376549,0.0,0.0
2023-10-17 00:00:00+05:30,169.93335141175547,169.97879090996946,168.6156891606773,169.25180053710938,4381065,0.0,0.0
2023-10-18 00:00:00+05:30,170.84209826105302,170.88753776255174,169.070068632115,169.88792419433594,10181113,0.0,0.0
2023-10-19 00:00:00+05:30,169.02463332016583,169.61530525572292,168.16133823504805,169.29725646972656,9148124,0.0,0.0
2023-10-20 00:00:00+05:30,169.9333808797864,170.20600405015784,168.25221621765456,169.20639038085938,7912216,0.0,0.0
2023-10-23 00:00:00+05:30,168.9791834054449,168.9791834054449,167.38889797488454,167.97958374023438,4723090,0.0,0.0
2023-10-25 00:00:00+05:30,167.9795900612925,168.88832462723687,166.29842556781978,167.5252227783203,6812004,0.0,0.0
2023-10-26 00:00:00+05:30,166.7527755982854,167.3434474585618,163.48132595287942,164.3900604248047,8474867,0.0,0.0
2023-10-27 00:00:00+05:30,164.48096289525014,168.8428917563179,163.8448514473462,167.8887176513672,6422123,0.0,0.0
2023-10-30 00:00:00+05:30,168.1158826615304,171.93256479195998,167.75239440765637,171.56907653808594,7352638,0.0,0.0
2023-10-31 00:00:00+05:30,171.9325776565264,172.47782394432267,167.38890481218803,169.1609344482422,9404675,0.0,0.0
2023-11-01 00:00:00+05:30,169.16092931304192,171.56908416715063,168.1613296373457,169.66073608398438,9167869,0.0,0.0
2023-11-02 00:00:00+05:30,169.9333808797864,170.52405286043248,168.79746255839746,169.20639038085938,11471209,0.0,0.0
2023-11-03 00:00:00+05:30,169.6152799374375,173.25021774582567,168.8428639728674,172.6595458984375,7464912,0.0,0.0
2023-11-06 00:00:00+05:30,172.8413036601061,176.47624175544453,172.25063176608896,175.65838623046875,8962124,0.0,0.0
2023-11-07 00:00:00+05:30,175.7492490119103,179.92943331210108,174.79508886759973,175.5675048828125,13921916,0.0,0.0
2023-11-08 00:00:00+05:30,176.0218809306572,178.61177996477397,174.74965809723884,177.52130126953125,10186886,0.0,0.0
2023-11-09 00:00:00+05:30,178.56635352231376,178.74809767378042,174.65879186792588,175.1131591796875,5303833,0.0,0.0
2023-11-10 00:00:00+05:30,175.11315495341896,178.5663492127041,175.11315495341896,178.02110290527344,6025889,0.0,0.0
2023-11-13 00:00:00+05:30,178.0211019563673,179.29333871152755,176.38539077517333,177.93023681640625,11181086,0.0,0.0
2023-11-15 00:00:00+05:30,180.38382214233093,184.4731279339707,179.61139216854525,181.2925567626953,19769385,0.0,0.0
2023-11-16 00:00:00+05:30,184.01875609869518,184.83661169043577,182.6556542016678,183.3826446533203,18629240,0.0,0.0
2023-11-17 00:00:00+05:30,182.5193596276173,182.88284794040158,177.70306321917857,178.4300537109375,13199928,0.0,0.0
2023-11-20 00:00:00+05:30,179.92944123295638,180.3838085087972,179.0207066812748,179.7931365966797,6423265,0.0,0.0
2023-11-21 00:00:00+05:30,180.6354610592425,181.52459648282073,178.7635909964524,178.95077514648438,10720353,5.75,0.0
2023-11-22 00:00:00+05:30,178.9507797358872,179.5591460906374,177.59367676180696,178.7635955810547,7538825,0.0,0.0
2023-11-23 00:00:00+05:30,178.76360289274317,179.4655542130026,177.45329947408663,178.43601989746094,6541617,0.0,0.0
2023-11-24 00:00:00+05:30,178.62322832420148,179.55916347018893,176.09619200504576,176.75135803222656,5751331,0.0,0.0
2023-11-28 00:00:00+05:30,176.75132220102572,181.9925493873066,176.33014004572422,181.5245819091797,9277764,0.0,0.0
2023-11-29 00:00:00+05:30,182.97531203428906,182.97531203428906,179.41875579834718,179.6995391845703,8791333,0.0,0.0
2023-11-30 00:00:00+05:30,180.3078872338123,183.11569247045347,179.74633475522563,182.46054077148438,14965403,0.0,0.0
2023-12-01 00:00:00+05:30,182.74131805896283,185.54912320199426,181.8053830112857,182.08616638183594,9935740,0.0,0.0
2023-12-04 00:00:00+05:30,183.91125475576914,192.7090393471127,183.4900867995987,189.10569763183594,28615290,0.0,0.0
2023-12-05 00:00:00+05:30,189.24608219014712,190.883968682883,186.39147716084582,189.10569763183594,14557746,0.0,0.0
2023-12-06 00:00:00+05:30,190.69675555223102,190.69675555223102,186.34466353064946,189.01206970214844,12662213,0.0,0.0
2023-12-07 00:00:00+05:30,188.02934075255305,188.02934075255305,183.4900644514311,186.157470703125,16425880,0.0,0.0
2023-12-08 00:00:00+05:30,187.0466243585556,187.46779227233966,181.66499785260186,183.39646911621094,10414387,0.0,0.0
2023-12-11 00:00:00+05:30,184.42599369973937,187.9825495385048,181.80537285637354,185.12794494628906,10108266,0.0,0.0
2023-12-12 00:00:00+05:30,184.33241613668199,185.1279666886992,182.08617759640663,182.8817138671875,10719911,0.0,0.0
2023-12-13 00:00:00+05:30,182.88170224177892,182.88170224177892,179.74632840700525,180.77584838867188,10892122,0.0,0.0
2023-12-14 00:00:00+05:30,183.34966950773816,183.7240520942849,180.86944735227104,183.39646911621094,15257294,0.0,0.0
2023-12-15 00:00:00+05:30,184.61318283459497,189.01207457567415,184.23881453880588,188.16973876953125,22863981,0.0,0.0
2023-12-18 00:00:00+05:30,188.1697531695508,188.73130565620818,184.70679618417046,186.25108337402344,8061011,0.0,0.0
2023-12-19 00:00:00+05:30,189.05889077365867,190.5095930393078,186.53186885223823,187.46780395507812,16739742,0.0,0.0
2023-12-20 00:00:00+05:30,188.82488866603114,198.4182225387787,188.07613780020387,190.18199157714844,57762576,0.0,0.0
2023-12-21 00:00:00+05:30,190.88395477604652,193.5045758297461,188.31013333212002,189.667236328125,22823936,0.0,0.0
2023-12-22 00:00:00+05:30,190.93075651947578,191.39872405996468,188.87170219757175,190.8839569091797,9910694,0.0,0.0
2023-12-26 00:00:00+05:30,191.39872612847702,195.1424664928482,190.60317558855368,194.06614685058594,17052969,0.0,0.0
2023-12-27 00:00:00+05:30,196.07841065108744,196.4527789923418,191.39873497922378,192.3814697265625,20361303,0.0,0.0
2023-12-28 00:00:00+05:30,193.2705905195233,195.5168289583455,192.19427090951177,194.9552764892578,22010872,0.0,0.0
2023-12-29 00:00:00+05:30,194.6744881757223,194.6744881757223,191.16473177832347,191.91348266601562,12171663,0.0,0.0
2024-01-01 00:00:00+05:30,192.80261168638185,193.83214590788074,191.63269292614896,192.1942596435547,4820168,0.0,0.0
2024-01-02 00:00:00+05:30,192.19426788833337,197.24831143685466,190.60316688117345,193.7853546142578,21141219,0.0,0.0
2024-01-03 00:00:00+05:30,192.3346563478907,196.9675320752059,191.3987212805044,194.90847778320312,11650902,0.0,0.0
2024-01-04 00:00:00+05:30,197.0143280140001,201.60040404624985,195.89120881030993,200.89845275878906,31054419,0.0,0.0
2024-01-05 00:00:00+05:30,201.64719487362302,203.5658644987084,199.40095656406226,202.5831298828125,20743811,0.0,0.0
2024-01-08 00:00:00+05:30,204.03382963546022,206.654450487025,203.19149384945908,203.98703002929688,19310595,0.0,0.0
2024-01-09 00:00:00+05:30,206.84164792391016,207.2628158439787,202.11517302234293,202.77032470703125,11951525,0.0,0.0
2024-01-10 00:00:00+05:30,201.22603143583834,201.22603143583834,196.2655729209404,198.51182556152344,16500666,0.0,0.0
2024-01-11 00:00:00+05:30,200.2901019475789,200.2901019475789,197.34191223420925,198.27784729003906,12586419,0.0,0.0
2024-01-12 00:00:00+05:30,200.10292244871047,210.35140869226439,198.74581944242692,209.087890625,39228118,0.0,0.0
2024-01-15 00:00:00+05:30,213.86115730498025,220.36590299695905,210.25780167728183,218.54083251953125,57884916,0.0,0.0
2024-01-16 00:00:00+05:30,219.89794650469446,223.6416868641061,216.29460497750242,220.03834533691406,34505065,0.0,0.0
2024-01-17 00:00:00+05:30,217.32411562402356,222.05059047994925,215.92021304986162,217.18373107910156,26010955,0.0,0.0
2024-01-18 00:00:00+05:30,215.31185858892277,219.47676665643317,210.2578008093298,218.58763122558594,19232183,0.0,0.0
2024-01-19 00:00:00+05:30,220.88068068382321,227.01105836413416,219.9447455961799,226.5430908203125,26391844,0.0,0.0
2024-01-23 00:00:00+05:30,229.30407176715102,229.91242379608025,213.39317699147114,215.17144775390625,20282617,0.0,0.0
2024-01-24 00:00:00+05:30,216.20100698238522,219.9447473630326,213.48680091891038,219.33639526367188,14458601,0.0,0.0
2024-01-25 00:00:00+05:30,219.94473847557236,222.28457611892952,217.88568420566517,219.05560302734375,18291957,0.0,0.0
2024-01-29 00:00:00+05:30,225.56034038279316,238.61663108812274,223.78206955285023,236.32359313964844,54127939,0.0,0.0
2024-01-30 00:00:00+05:30,240.06734471533693,246.43169174673932,232.7202487259795,233.23501586914062,51491099,0.0,0.0
2024-01-31 00:00:00+05:30,234.40492893258022,238.05508417321778,230.5208042121591,236.08961486816406,33293192,0.0,0.0
2024-02-01 00:00:00+05:30,238.33586258132465,238.33586258132465,229.72526269536434,231.78431701660156,29758133,0.0,0.0
2024-02-02 00:00:00+05:30,233.9837729525404,243.343123870642,233.04783786073023,240.76930236816406,30482663,0.0,0.0
2024-02-05 00:00:00+05:30,243.38990664759092,250.87738730354414,238.75704512920305,246.10414123535156,34001868,0.0,0.0
2024-02-06 00:00:00+05:30,248.3503710828978,255.8846368059469,243.5303112907469,254.8551025390625,36708949,0.0,0.0
2024-02-07 00:00:00+05:30,257.38213244584307,257.9904845009483,250.4094050691403,254.48072814941406,23756939,0.0,0.0
2024-02-08 00:00:00+05:30,255.55702030167572,257.9904568235056,251.86009447881796,255.65061950683594,25252940,0.0,0.0
2024-02-09 00:00:00+05:30,257.382120359828,257.99047238636655,242.54754516477684,250.40939331054688,26743792,0.0,0.0
2024-02-12 00:00:00+05:30,245.16819379905706,249.52028599852866,240.34810551969923,241.3776397705078,30906374,0.0,0.0
2024-02-13 00:00:00+05:30,241.47124997177565,245.5893585998852,238.38266136007553,242.87515258789062,20711842,0.0,0.0
2024-02-14 00:00:00+05:30,241.4712287408494,252.37486572149854,239.59935875061026,251.62612915039062,36168962,0.0,0.0
2024-02-15 00:00:00+05:30,254.24676247253822,261.92144166530653,251.76654018690888,259.5347900390625,32831246,0.0,0.0
2024-02-16 00:00:00+05:30,261.2916059418891,263.99806673872973,256.73337753284864,260.8642883300781,27044984,4.0,0.0
2024-02-19 00:00:00+05:30,260.86430203599656,264.9951840697548,258.6801278656706,260.8168029785156,15322964,0.0,0.0
2024-02-20 00:00:00+05:30,260.9592217568226,266.9893990659022,260.24699677497483,262.6685791015625,18968785,0.0,0.0
2024-02-21 00:00:00+05:30,262.09879309384837,266.94192876233643,257.9204123333815,259.2024230957031,16340579,0.0,0.0
2024-02-22 00:00:00+05:30,260.05709420042257,262.09880007154464,254.9765500696005,260.8642883300781,16791453,0.0,0.0
2024-02-23 00:00:00+05:30,261.05419645852146,262.0987989169736,257.44560139896976,258.4902038574219,9464646,0.0,0.0
2024-02-26 00:00:00+05:30,258.20528154241174,258.20528154241174,254.31177932083062,256.258544921875,8661999,0.0,0.0
2024-02-27 00:00:00+05:30,254.54921167964952,256.5909465970721,251.60537143506045,255.78375244140625,19582774,0.0,0.0
2024-02-28 00:00:00+05:30,256.4010083260451,256.6858867430921,251.27299395562625,252.3650665283203,9118196,0.0,0.0
2024-02-29 00:00:00+05:30,251.65282726439904,252.93483802958357,248.3291106778881,251.27297973632812,17179832,0.0,0.0
2024-03-01 00:00:00+05:30,253.07727551954332,259.2024219226325,253.07727551954332,256.92327880859375,12930057,0.0,0.0
2024-03-04 00:00:00+05:30,259.01248777712027,266.4196160736849,258.775079447352,265.13763427734375,22280353,0.0,0.0
2024-03-05 00:00:00+05:30,265.89731036618946,270.5980065523659,262.7160331782068,269.45843505859375,18544484,0.0,0.0
2024-03-06 00:00:00+05:30,269.9807384204282,269.9807384204282,259.7721803386984,266.1347351074219,16807149,0.0,0.0
2024-03-07 00:00:00+05:30,266.1347233078464,270.0282255020288,263.2858235043726,264.093017578125,11386963,0.0,0.0
2024-03-11 00:00:00+05:30,264.0930572220084,266.37217161081134,259.43985930726234,260.1995544433594,10684598,0.0,0.0
2024-03-12 00:00:00+05:30,260.19950822005205,261.71892720283984,255.49881208153823,256.78082275390625,13780189,0.0,0.0
2024-03-13 00:00:00+05:30,257.16069388670235,257.3506321446955,240.0198238914088,242.48887634277344,20079496,0.0,0.0
2024-03-14 00:00:00+05:30,239.78242343420771,251.03558454791514,238.54789716798055,249.99098205566406,21404057,0.0,0.0
2024-03-15 00:00:00+05:30,250.65572569173747,252.9823099308004,236.3637268781698,245.71762084960938,34961065,0.0,0.0
2024-03-18 00:00:00+05:30,245.9075649696749,249.80103847902132,244.57805510935114,248.42408752441406,9246173,0.0,0.0
2024-03-19 00:00:00+05:30,248.8039201168108,250.65571661064672,243.72337625725527,246.1924285888672,8758348,0.0,0.0
2024-03-20 00:00:00+05:30,246.3823796324525,251.27298549719964,244.24570463499418,250.56076049804688,10484778,0.0,0.0
2024-03-21 00:00:00+05:30,251.36795882296744,253.50463385609632,249.13631465893081,249.7061004638672,12163200,0.0,0.0
2024-03-22 00:00:00+05:30,249.70610363982755,251.89024877593502,245.4327535192179,249.99098205566406,13025089,0.0,0.0
2024-03-26 00:00:00+05:30,248.47157586445388,254.4067846753787,246.2399315554438,252.12767028808594,10830926,0.0,0.0
2024-03-27 00:00:00+05:30,251.65283669487226,254.69167499433502,246.57229249757194,248.5665283203125,28563001,0.0,0.0
2024-03-28 00:00:00+05:30,249.23130092322253,257.3506550150727,248.75648421655265,254.54922485351562,18888942,0.0,0.0
2024-04-01 00:00:00+05:30,254.5492028147619,257.82544939933285,254.31179448198168,256.3060302734375,6440401,0.0,0.0
2024-04-02 00:00:00+05:30,256.4959409778852,260.24697484455385,255.87868517506695,258.7750549316406,14439120,0.0,0.0
2024-04-03 00:00:00+05:30,261.1966294848437,264.9476926395061,260.0570869048069,261.4815368652344,22600929,0.0,0.0
2024-04-04 00:00:00+05:30,264.6153262379842,264.6153262379842,251.98521432021744,255.4513702392578,24624383,0.0,0.0
2024-04-05 00:00:00+05:30,254.35928502435493,258.2052882944791,253.0772742741441,254.45425415039062,13029904,0.0,0.0
2024-04-08 00:00:00+05:30,254.0743622190197,258.30024173669403,253.1722280277286,256.78082275390625,13011300,0.0,0.0
2024-04-09 00:00:00+05:30,256.4010188865164,258.91754160911506,254.50175207994957,255.40391540527344,13173933,0.0,0.0
2024-04-10 00:00:00+05:30,256.3535257418133,259.43983402477767,255.59380169923978,258.3002624511719,11137195,0.0,0.0
2024-04-12 00:00:00+05:30,258.2053059047067,258.7750917192732,251.65284148846752,252.31759643554688,21894584,0.0,0.0
2024-04-15 00:00:00+05:30,255.54635425918212,268.6987826722062,253.64708745529452,265.7549133300781,75063828,0.0,0.0
2024-04-16 00:00:00+05:30,263.0484326854855,277.81521939024674,261.3865743562451,268.888671875,79082544,0.0,0.0
2024-04-18 00:00:00+05:30,271.5951410983011,273.2095294033273,259.58228488428597,260.34197998046875,34136482,0.0,0.0
2024-04-19 00:00:00+05:30,262.8110161139465,266.6570193917033,260.2944936618026,261.3865661621094,32658724,0.0,0.0
2024-04-22 00:00:00+05:30,263.3333066477171,263.9980615603965,259.9621199717933,262.8584899902344,14184019,0.0,0.0
2024-04-23 00:00:00+05:30,262.90598904428794,264.7102865466205,261.67144834652754,262.8584899902344,8799147,0.0,0.0
2024-04-24 00:00:00+05:30,263.61823191807787,266.27719378819893,262.38369113654886,265.28009033203125,9253985,0.0,0.0
2024-04-25 00:00:00+05:30,265.28006266519196,268.36637082636804,263.99805194060184,267.7491149902344,17050557,0.0,0.0
2024-04-26 00:00:00+05:30,268.7462447682417,271.7375840994186,267.9865496614545,268.6512756347656,11070290,0.0,0.0
2024-04-29 00:00:00+05:30,269.64838218851787,270.8828938637041,267.9390248915202,268.9361572265625,8952420,0.0,0.0
2024-04-30 00:00:00+05:30,270.17067946466443,271.9275069022763,267.27430943167565,268.6037902832031,10658906,0.0,0.0
2024-05-02 00:00:00+05:30,266.84697646110465,270.26566238268714,264.99517980093196,268.5563049316406,15677336,0.0,0.0
2024-05-03 00:00:00+05:30,269.69585826019943,278.19508792081405,269.69585826019943,271.6900939941406,28913016,0.0,0.0
2024-05-06 00:00:00+05:30,274.1591725172435,274.2066425947524,261.3865917721406,267.9390563964844,15491865,0.0,0.0
2024-05-07 00:00:00+05:30,269.6009145051696,270.64551703368255,258.30028292337425,259.8197021484375,13179001,0.0,0.0
2024-05-08 00:00:00+05:30,259.72472825466906,266.1347535406618,258.6326556687132,262.906005859375,12797721,0.0,0.0
2024-05-09 00:00:00+05:30,263.2858276654818,264.5203393409617,249.94349163387963,251.89022827148438,14869187,0.0,0.0
2024-05-10 00:00:00+05:30,253.5520890171499,257.54056043658926,251.13053571424558,256.6383972167969,9530738,0.0,0.0
2024-05-13 00:00:00+05:30,258.20528931826146,258.20528931826146,248.8513954865714,253.45712280273438,7163239,0.0,0.0
2024-05-14 00:00:00+05:30,254.4542700077703,260.8167961215515,253.02981996998957,259.1549377441406,9123849,0.0,0.0
2024-05-15 00:00:00+05:30,260.6743801343912,262.09883029905995,258.7751132481661,259.6772766113281,6368662,0.0,0.0
2024-05-16 00:00:00+05:30,262.0988211190658,265.28009883817134,260.0096160251874,263.66571044921875,23757779,0.0,0.0
2024-05-17 00:00:00+05:30,264.7577508056104,269.12606975461716,262.6685749468738,263.47576904296875,11529157,0.0,0.0
2024-05-21 00:00:00+05:30,266.9419123024903,269.69584293068107,264.33042086566155,265.9922790527344,17559555,0.0,0.0
2024-05-22 00:00:00+05:30,269.69584644784175,269.69584644784175,262.9534444905442,263.998046875,17935064,0.0,0.0
2024-05-23 00:00:00+05:30,265.84986726759035,270.2181574823851,265.0426731259836,269.173583984375,17719819,0.0,0.0
2024-05-24 00:00:00+05:30,269.6958675805384,271.54766417901703,267.65416170305525,268.983642578125,11041667,0.0,0.0
2024-05-27 00:00:00+05:30,269.69588839787934,269.88582667205435,261.813942688315,263.66571044921875,13719808,0.0,0.0
2024-05-28 00:00:00+05:30,265.23257207080053,265.23257207080053,259.2973638792725,260.4844055175781,6927361,0.0,0.0
2024-05-29 00:00:00+05:30,260.00960459355105,260.00960459355105,256.63841772900054,258.1578369140625,8327205,0.0,0.0
2024-05-30 00:00:00+05:30,259.24990571247383,261.244141552518,251.6528388784087,253.26722717285156,15390964,0.0,0.0
2024-05-31 00:00:00+05:30,254.92908605243775,254.92908605243775,249.75357266918036,251.03558349609375,24167379,0.0,0.0
2024-06-03 00:00:00+05:30,263.9506232435174,272.11744755038757,259.439864454729,269.7908630371094,30195397,0.0,0.0
2024-06-04 00:00:00+05:30,270.64550197960665,270.64550197960665,211.76823488228874,224.3983612060547,72779900,0.0,0.0
2024-06-05 00:00:00+05:30,234.55943930269493,237.1709310358221,218.84300433800584,235.0342559814453,37078551,0.0,0.0
2024-06-06 00:00:00+05:30,241.20687258754043,246.42985604908165,236.6961141434821,239.59249877929688,30881233,0.0,0.0
2024-06-07 00:00:00+05:30,240.73203629130788,247.664347637671,239.11766261462404,247.2845001220703,22010688,0.0,0.0
2024-06-10 00:00:00+05:30,250.70318507430733,250.70318507430733,245.05285548516437,246.0974578857422,14138524,0.0,0.0
2024-06-11 00:00:00+05:30,253.40969011570056,261.14919688172927,251.89027081046794,259.772216796875,47270206,0.0,0.0
2024-06-12 00:00:00+05:30,263.9980455457407,265.0426479249368,260.76929826682226,261.62396240234375,20560662,0.0,0.0
2024-06-13 00:00:00+05:30,263.99810438987464,263.99810438987464,258.7751203102188,262.6211242675781,16013386,0.0,0.0
2024-06-14 00:00:00+05:30,263.04841069790734,264.1879821920505,260.76929669012793,261.52899169921875,10642648,0.0,0.0
2024-06-18 00:00:00+05:30,264.9002119758525,264.94768204709885,260.19951570216875,261.9088439941406,17044769,0.0,0.0
2024-06-19 00:00:00+05:30,262.00383567656365,262.66859061429454,257.44560718515476,257.8729248046875,13361607,0.0,0.0
2024-06-20 00:00:00+05:30,258.1103378573512,260.1995428593752,255.54634515178776,258.1578369140625,12826509,0.0,0.0
2024-06-21 00:00:00+05:30,257.77796077695405,260.91173895196306,255.3563785685314,256.068603515625,17406416,0.0,0.0
2024-06-24 00:00:00+05:30,256.0686219406573,257.58804106655265,253.17225187294218,256.3060302734375,7282347,0.0,0.0
2024-06-25 00:00:00+05:30,256.4959779958457,257.16070396385123,251.65284203232895,253.55210876464844,14425434,0.0,0.0
2024-06-26 00:00:00+05:30,253.45710344326508,255.59377821204953,250.79814198986915,254.26429748535156,10650910,0.0,0.0
2024-06-27 00:00:00+05:30,253.93194737453186,254.59670229964306,250.2283831730067,254.02691650390625,22830930,0.0,0.0
2024-06-28 00:00:00+05:30,255.45139046404748,261.5765376268587,254.83413453598027,260.3894958496094,19532912,0.0,0.0
2024-07-01 00:00:00+05:30,261.14915978553734,261.90885483998267,257.9204123333815,259.2024230957031,11750972,0.0,0.0
2024-07-02 00:00:00+05:30,259.43982474490707,265.70738123402873,257.82543657012855,261.0067138671875,24470518,0.0,0.0
2024-07-03 00:00:00+05:30,262.09880007154464,263.71318833085576,260.19953340435956,260.8642883300781,9125400,0.0,0.0
2024-07-04 00:00:00+05:30,261.1491799082082,264.85274429989516,259.2973832221093,263.0959167480469,13444669,0.0,0.0
2024-07-05 00:00:00+05:30,263.28585939698877,274.72893024205644,262.5736343490258,273.6843566894531,39781962,0.0,0.0
2024-07-08 00:00:00+05:30,275.393655342841,287.7388881685545,272.8771329090856,284.0827941894531,53136198,0.0,0.0
2024-07-09 00:00:00+05:30,285.64972414784296,286.6468566376366,278.57497248274825,282.4684753417969,18686252,0.0,0.0
2024-07-10 00:00:00+05:30,284.60512779800564,284.70006794900155,274.3016001105691,283.1331787109375,19278800,0.0,0.0
2024-07-11 00:00:00+05:30,284.88996848402894,291.7273393198481,280.28424153076924,289.4007263183594,36020507,0.0,0.0
2024-07-12 00:00:00+05:30,291.3474778824126,296.0481741972342,288.8784545458475,291.63238525390625,31788101,0.0,0.0
2024-07-15 00:00:00+05:30,296.0956563121993,307.34881690197386,293.1043171631476,306.2567443847656,51435537,0.0,0.0
2024-07-16 00:00:00+05:30,307.3013637314056,311.0998972040299,303.64526946790266,306.3992004394531,37468292,0.0,0.0
2024-07-18 00:00:00+05:30,308.72579209982786,316.5127677834716,305.4495456175972,314.9933776855469,48189915,0.0,0.0
2024-07-19 00:00:00+05:30,316.22790392208884,316.4178421833151,302.0308738204698,303.55029296875,26579496,0.0,0.0
2024-07-22 00:00:00+05:30,303.8826694206055,307.0639469122044,298.65968603993883,304.6423645019531,22234557,0.0,0.0
2024-07-23 00:00:00+05:30,303.9301318049591,305.2121425802397,282.42094295039465,298.3273010253906,37871058,0.0,0.0
2024-07-24 00:00:00+05:30,297.28270555438763,309.34306056700905,296.3805712695126,303.455322265625,28259305,0.0,0.0
2024-07-25 00:00:00+05:30,302.0308502594961,320.54869904461833,300.1790827692884,318.8868408203125,42054664,0.0,0.0
2024-07-26 00:00:00+05:30,319.5516043401591,321.4508709335627,313.4739570373692,314.8984069824219,25703985,0.0,0.0
2024-07-29 00:00:00+05:30,316.9875987842129,322.44799051478327,314.09122867585336,316.1329345703125,26721790,0.0,0.0
2024-07-30 00:00:00+05:30,315.2782577009533,321.21346586550436,314.32862439462514,315.18328857421875,19792253,0.0,0.0
2024-07-31 00:00:00+05:30,315.3257273678211,320.4537703997935,313.14158235828364,317.3674621582031,21393361,0.0,0.0
2024-08-01 00:00:00+05:30,320.7861073969726,327.3386001522055,320.1688515668368,324.53717041015625,36044960,0.0,0.0
2024-08-02 00:00:00+05:30,320.97606602816734,320.97606602816734,312.09698858306143,313.4739685058594,22939377,0.0,0.0
2024-08-05 00:00:00+05:30,304.21505147361296,307.01645248627034,290.5878070151969,294.6237487792969,37986023,0.0,0.0
2024-08-06 00:00:00+05:30,298.94456240544434,306.20928060599556,289.7806065145154,290.6827697753906,28386636,0.0,0.0
2024-08-07 00:00:00+05:30,296.66543492510357,314.28114989784626,296.2855874040206,312.5243225097656,66110716,0.0,0.0
2024-08-08 00:00:00+05:30,312.4293641506326,312.4293641506326,305.49705246532983,306.4466857910156,23478224,0.0,0.0
2024-08-09 00:00:00+05:30,317.1300775378895,318.93437515636083,311.66968562536465,315.8005676269531,29814474,0.0,0.0
2024-08-12 00:00:00+05:30,315.9905094173512,327.33863998036657,313.28404846921455,324.10986328125,34754596,0.0,0.0
2024-08-13 00:00:00+05:30,326.7688472392465,327.62351147307413,316.18044099788546,318.9818420410156,28943385,0.0,0.0
2024-08-14 00:00:00+05:30,318.93434987368727,319.55160572311314,310.340151113037,311.6221618652344,17812763,0.0,0.0
2024-08-16 00:00:00+05:30,315.8005771813082,318.8394156689428,312.0970126986052,312.9991760253906,16584396,0.0,0.0
2024-08-19 00:00:00+05:30,318.12716992912607,321.68829496564615,316.75018998946774,318.41204833984375,19636518,0.0,0.0
2024-08-20 00:00:00+05:30,318.934360161664,319.07679936527876,311.527202788093,313.4739685058594,14972714,0.0,0.0
2024-08-21 00:00:00+05:30,313.9962556796525,314.80344980859695,310.0552831448172,311.1948547363281,11835143,0.0,0.0
2024-08-22 00:00:00+05:30,312.00202297098735,313.8538195803826,307.30135531565355,308.0135803222656,13387819,0.0,0.0
2024-08-23 00:00:00+05:30,310.45395272138234,310.8367507749102,303.89843018434857,305.1903991699219,13229612,2.5,0.0
2024-08-26 00:00:00+05:30,309.5926475862537,314.9519079141875,308.92272909315477,313.7556457519531,21346682,0.0,0.0
2024-08-27 00:00:00+05:30,315.2389901384627,318.2535648599854,311.98516299133325,314.712646484375,20165503,0.0,0.0
2024-08-28 00:00:00+05:30,314.52122774683323,316.10028788903577,310.693188999376,313.707763671875,12446738,0.0,0.0
2024-08-29 00:00:00+05:30,312.0808857917699,315.95676360292924,310.9803304187165,315.430419921875,13799961,0.0,0.0
2024-08-30 00:00:00+05:30,316.2438536086658,320.0240242396589,315.38252155077294,316.53094482421875,19666466,0.0,0.0
2024-09-02 00:00:00+05:30,315.8131998717925,317.6793804623731,311.79374746390425,312.17657470703125,8975511,0.0,0.0
2024-09-03 00:00:00+05:30,312.9421762006469,313.8991859137987,307.8221683941609,308.3485412597656,10321111,0.0,0.0
2024-09-04 00:00:00+05:30,301.45806177072427,302.6064851168603,295.14179177821387,300.88385009765625,25397204,0.0,0.0
2024-09-05 00:00:00+05:30,303.3242387883058,303.3242387883058,296.8165552471994,298.0128173828125,15571640,0.0,0.0
2024-09-06 00:00:00+05:30,298.10853515816865,299.6875953941265,290.6438708396662,295.52459716796875,27946491,0.0,0.0
2024-09-09 00:00:00+05:30,295.4289142592933,295.4289142592933,281.9829100783012,286.0502014160156,30369085,0.0,0.0
2024-09-10 00:00:00+05:30,287.1986337477142,288.53844156560126,282.31787814876407,282.89208984375,15618589,0.0,0.0
2024-09-11 00:00:00+05:30,279.82962566953404,279.82962566953404,271.07299290490346,273.03485107421875,44826300,0.0,0.0
2024-09-12 00:00:00+05:30,275.61879438696565,282.0786098804101,274.18327983286684,281.40869140625,21964895,0.0,0.0
2024-09-13 00:00:00+05:30,282.98776216040244,284.4711154197897,278.5376439710076,278.92047119140625,13672371,0.0,0.0
2024-09-16 00:00:00+05:30,282.12646476339836,282.70067645888935,278.82479862416017,279.92535400390625,10971110,0.0,0.0
2024-09-17 00:00:00+05:30,281.0737380199888,283.8490600861842,279.5903555806387,281.9828796386719,11873436,0.0,0.0
2024-09-18 00:00:00+05:30,284.8061006135487,284.99748503558885,275.5230945788397,277.9156188964844,13421760,0.0,0.0
2024-09-19 00:00:00+05:30,275.04459514194326,276.76723020800654,270.3552532279627,272.9870300292969,17067311,0.0,0.0
2024-09-20 00:00:00+05:30,274.6617574500205,276.62361546384585,272.93915183815506,273.9440002441406,16585530,0.0,0.0
2024-09-23 00:00:00+05:30,276.00159906631325,283.6576768723448,275.1881349582986,282.74853515625,14621229,0.0,0.0
2024-09-24 00:00:00+05:30,283.5619646602865,289.0169316754817,282.03077249272576,286.5765686035156,16986759,0.0,0.0
2024-09-25 00:00:00+05:30,286.57655240609876,288.251319299626,283.94477585912733,285.8587951660156,10609614,0.0,0.0
2024-09-26 00:00:00+05:30,284.2797219381772,285.85881132008893,278.96832974365856,282.50927734375,27812412,0.0,0.0
2024-09-27 00:00:00+05:30,280.1167353965192,285.61954086750336,277.24570645513614,284.42327880859375,35706130,0.0,0.0
2024-09-30 00:00:00+05:30,284.2318796499954,288.825514507546,281.12159813867385,284.80609130859375,16294341,0.0,0.0
2024-10-01 00:00:00+05:30,284.2318740018677,286.28943896580824,278.20272472043877,279.39898681640625,10919818,0.0,0.0
2024-10-03 00:00:00+05:30,282.3178804279337,285.1889097204211,278.0591752951625,279.49468994140625,28124665,0.0,0.0
2024-10-04 00:00:00+05:30,284.2318959700466,286.81583397929495,280.5952705994791,282.55712890625,23104209,0.0,0.0
2024-10-07 00:00:00+05:30,283.27487158789876,283.56196281604457,269.39823091889696,277.0064697265625,20917962,0.0,0.0
2024-10-08 00:00:00+05:30,275.7623343302824,281.26514000783084,268.48905489796437,280.8345031738281,10572360,0.0,0.0
2024-10-09 00:00:00+05:30,278.7290666338889,279.3511170788153,274.5182299232901,276.0972900390625,13147475,0.0,0.0
2024-10-10 00:00:00+05:30,276.28870904933325,279.5903749548383,275.18812454188026,276.3365478515625,7237212,0.0,0.0
2024-10-11 00:00:00+05:30,278.77691292811767,281.025891556177,277.0543071565419,279.9731750488281,7011704,0.0,0.0
2024-10-14 00:00:00+05:30,280.11672942458046,280.3081138265558,272.891289219439,274.1832580566406,12690951,0.0,0.0
2024-10-15 00:00:00+05:30,274.08757076208184,274.08757076208184,268.7761786379471,271.503662109375,15087155,0.0,0.0
2024-10-16 00:00:00+05:30,270.8337368304725,274.90102793128347,268.5847582630182,273.13055419921875,18188885,0.0,0.0
2024-10-17 00:00:00+05:30,272.747784901797,275.23601614904277,268.8719070091249,269.49395751953125,13343303,0.0,0.0
2024-10-18 00:00:00+05:30,269.8767182431354,272.2692423410355,267.1971029357338,271.1208190917969,14028398,0.0,0.0
2024-10-21 00:00:00+05:30,269.0632753401779,271.79075886711604,262.7470053845367,264.7088928222656,10299773,0.0,0.0
2024-10-22 00:00:00+05:30,266.0487156584258,266.19226128258504,258.3926375099819,259.1582336425781,10028511,0.0,0.0
2024-10-23 00:00:00+05:30,258.3926211123046,262.6034579856036,253.65541137633159,259.2060852050781,18823321,0.0,0.0
2024-10-24 00:00:00+05:30,260.21092646009345,260.7372993080896,256.81355377430333,257.53131103515625,7488521,0.0,0.0
2024-10-25 00:00:00+05:30,258.3926140638598,258.6797052861281,250.35373857855217,252.69839477539062,12961181,0.0,0.0
2024-10-28 00:00:00+05:30,249.44458071899763,253.65541769722745,244.324587416242,252.0285186767578,13835091,0.0,0.0
2024-10-29 00:00:00+05:30,252.0284991105579,254.13390283341045,248.24829928168393,253.60755920410156,9122757,0.0,0.0
2024-10-30 00:00:00+05:30,253.60756912934335,254.75599244538384,249.82736915252661,250.40158081054688,11166643,0.0,0.0
2024-10-31 00:00:00+05:30,252.07635316577014,256.76569492955826,249.92308130637184,254.7081298828125,16173656,0.0,0.0
2024-11-01 00:00:00+05:30,258.201202237946,262.2206546113155,257.1006469374528,260.0673828125,2955757,0.0,0.0
2024-11-04 00:00:00+05:30,262.22063335768144,262.5555925625826,248.96604440705508,253.89463806152344,14355959,0.0,0.0
2024-11-05 00:00:00+05:30,253.79896947383304,257.05279642490956,252.26774820108625,255.9043731689453,11676017,0.0,0.0
2024-11-06 00:00:00+05:30,256.19151968510164,258.9668420965301,253.03337001227374,257.48345947265625,19244545,0.0,0.0
2024-11-07 00:00:00+05:30,258.8711048087738,258.8711048087738,253.41613823776572,253.79896545410156,6766663,0.0,0.0
2024-11-08 00:00:00+05:30,254.51671922015237,255.04306282704255,248.48754111212864,251.2628631591797,7836093,0.0,0.0
2024-11-11 00:00:00+05:30,251.07150379749132,251.07150379749132,244.99448628484888,245.8557891845703,8450657,0.0,0.0
2024-11-12 00:00:00+05:30,249.63598831832667,251.8849669745603,244.42027372444133,245.13803100585938,22445400,0.0,0.0
2024-11-13 00:00:00+05:30,245.13802084613877,245.90364610462458,238.29540755466834,241.6927947998047,17483332,0.0,0.0
2024-11-14 00:00:00+05:30,241.692802865124,243.3675698415761,238.29541550661642,240.01803588867188,12454540,0.0,0.0
2024-11-18 00:00:00+05:30,240.3051472587198,241.2621569816095,236.47710836716115,239.87448120117188,14636541,0.0,0.0
2024-11-19 00:00:00+05:30,245.12004852294922,250.41463558666874,242.2766619444592,243.15908813476562,17397559,6.0,0.0
2024-11-21 00:00:00+05:30,243.15909406837326,243.15909406837326,236.09963949083445,237.42327880859375,16189440,0.0,0.0
2024-11-22 00:00:00+05:30,240.02155158279413,242.12957799004303,238.74692435380956,240.80593872070312,9637581,0.0,0.0
2024-11-25 00:00:00+05:30,243.64932186839528,255.41508389020913,243.1100547835408,252.86582946777344,31973671,0.0,0.0
2024-11-26 00:00:00+05:30,251.93440265964895,253.20901496759674,247.62028074656013,249.28709411621094,9242451,0.0,0.0
2024-11-27 00:00:00+05:30,250.02245376085943,250.51269386627288,245.65931981486787,249.33612060546875,11689970,0.0,0.0
2024-11-28 00:00:00+05:30,250.02244711894758,252.37559357804392,246.2966194245948,247.277099609375,14202863,0.0,0.0
2024-11-29 00:00:00+05:30,248.84588365431617,253.60120376053854,247.32613631608268,251.6892852783203,11476347,0.0,0.0
2024-12-02 00:00:00+05:30,250.51268689425478,253.25801943941218,247.76733938815707,252.5226593017578,13677959,0.0,0.0
2024-12-03 00:00:00+05:30,255.31702512703504,259.53310772601174,253.79729286298087,257.2289733886719,15345326,0.0,0.0
2024-12-04 00:00:00+05:30,258.699712772155,259.14091091928935,254.92485792996948,255.6112060546875,10713838,0.0,0.0
2024-12-05 00:00:00+05:30,255.61119871134588,258.111411238925,251.88535601858612,256.199462890625,12896743,0.0,0.0
2024-12-06 00:00:00+05:30,255.7092218375673,257.86629022646497,254.48362159884834,254.97386169433594,8783386,0.0,0.0
2024-12-09 00:00:00+05:30,254.9738597030017,256.248501894443,252.66975520970968,253.8463134765625,6800856,0.0,0.0
2024-12-10 00:00:00+05:30,252.6207208774722,253.69925509607333,249.5322141911137,251.88536071777344,11318782,0.0,0.0
2024-12-11 00:00:00+05:30,252.47364320765666,253.65023137776478,250.65974891285668,251.59121704101562,5353032,0.0,0.0
2024-12-12 00:00:00+05:30,252.9638973030954,253.55219142073477,248.64979031020968,249.09100341796875,7123877,0.0,0.0
2024-12-13 00:00:00+05:30,248.06149385015286,251.7873066902168,244.6298131051903,249.28709411621094,11143128,0.0,0.0
2024-12-16 00:00:00+05:30,249.04197166822254,251.2970641673319,246.29662410646347,246.88491821289062,7283872,0.0,0.0
2024-12-17 00:00:00+05:30,246.83589572856278,247.5222288913299,241.68837456639812,242.57080078125,10066884,0.0,0.0
2024-12-18 00:00:00+05:30,242.57079217374456,242.66884617677798,238.6488714274532,239.3842315673828,8430930,0.0,0.0
2024-12-19 00:00:00+05:30,235.3152408327078,239.18813451255807,233.8935475781982,237.12913513183594,9518542,0.0,0.0
2024-12-20 00:00:00+05:30,236.78596971436139,239.38423627550503,230.7069954302388,232.47186279296875,15556528,0.0,0.0
2024-12-23 00:00:00+05:30,233.59941183182374,237.57035970509853,232.22674551162692,236.14866638183594,7722901,0.0,0.0
2024-12-24 00:00:00+05:30,236.29572344573157,238.50180385134524,233.94257699745307,234.28573608398438,3577400,0.0,0.0
2024-12-26 00:00:00+05:30,235.31524372398542,237.27620408835196,234.33476354180215,235.56036376953125,6330006,0.0,0.0
2024-12-27 00:00:00+05:30,235.31525148533268,236.2957316998549,231.68747768378864,232.2757568359375,6487888,0.0,0.0
2024-12-30 00:00:00+05:30,231.44234513930596,232.37379830064376,226.63798337087212,228.10870361328125,19401112,0.0,0.0
2024-12-31 00:00:00+05:30,228.10870467951813,235.2171858843891,227.8145725984134,234.5798797607422,12004845,0.0,0.0
2025-01-01 00:00:00+05:30,233.16799690625777,234.5700913896138,231.7365041743471,232.3247833251953,9418453,0.0,0.0
2025-01-02 00:00:00+05:30,232.42283383759954,241.962901971362,232.3738068355305,241.2667694091797,19745810,0.0,0.0
2025-01-03 00:00:00+05:30,243.60030198023537,257.62117179112204,243.14928946769064,253.83653259277344,49760410,0.0,0.0
2025-01-06 00:00:00+05:30,254.05220920707114,254.43461084598997,246.5417422764985,249.3949432373047,19265884,0.0,0.0
2025-01-07 00:00:00+05:30,254.09142986141575,262.1803912572397,253.01289569092984,258.3467102050781,52956766,0.0,0.0
2025-01-08 00:00:00+05:30,261.24897295049834,268.1613467010972,260.5626248110296,266.03369140625,42237794,0.0,0.0
2025-01-09 00:00:00+05:30,266.7200103188204,267.26907680147633,256.6014481295116,258.0427551269531,14706472,0.0,0.0
2025-01-10 00:00:00+05:30,258.8467761557248,261.2979766875025,253.42472177630782,257.8858947753906,13053552,0.0,0.0
2025-01-13 00:00:00+05:30,260.8371384409462,263.3569796592203,249.6400566943129,250.73818969726562,20416370,0.0,0.0
2025-01-14 00:00:00+05:30,252.49325358346886,256.8858157079089,251.8069353877598,255.28762817382812,8470150,0.0,0.0
2025-01-15 00:00:00+05:30,255.80727288610703,259.3075943087061,252.65993988755957,253.14036560058594,9344731,0.0,0.0
2025-01-16 00:00:00+05:30,254.92483547432585,260.4449434299821,254.92483547432585,258.0427551269531,14195450,0.0,0.0
2025-01-17 00:00:00+05:30,256.88580608098533,261.78820696039344,256.19945798911607,261.3666076660156,12148143,0.0,0.0
2025-01-20 00:00:00+05:30,262.8667575819722,265.1904909566728,259.8370772396008,264.1021423339844,9676264,0.0,0.0
2025-01-21 00:00:00+05:30,262.81771381942855,264.09235607222064,259.6409674475787,260.61163330078125,8989218,0.0,0.0
2025-01-22 00:00:00+05:30,260.80773081194906,261.1901324489506,256.6014624143365,258.8957824707031,7919682,0.0,0.0
2025-01-23 00:00:00+05:30,257.8663016777302,258.68008710675036,256.0720360141939,257.9153137207031,5026675,0.0,0.0
2025-01-24 00:00:00+05:30,257.8564833961161,260.4547799157481,250.7578161807046,251.50299072265625,6306281,0.0,0.0
2025-01-27 00:00:00+05:30,250.02245435657963,251.43434825728494,244.63961260037576,245.88482666015625,6944911,0.0,0.0
2025-01-28 00:00:00+05:30,245.12004669184682,247.4731931557124,241.89427346019585,243.8258056640625,8029472,0.0,0.0
2025-01-29 00:00:00+05:30,244.0415210052903,247.081015674552,242.1786145698982,246.4927215576172,5651586,0.0,0.0
2025-01-30 00:00:00+05:30,247.08100983321725,254.33655731219744,246.04170321735182,251.70887756347656,12588155,0.0,0.0
2025-01-31 00:00:00+05:30,251.99322162668585,258.3467140680402,250.22835430356503,257.48388671875,8850307,0.0,0.0
2025-02-01 00:00:00+05:30,254.48361966883613,257.3760481790289,248.79684657306126,252.5226593017578,10921673,0.0,0.0
2025-02-03 00:00:00+05:30,250.61074751004926,251.34610766710819,240.07058525887172,244.1395721435547,25719512,0.0,0.0
2025-02-04 00:00:00+05:30,247.47320156433437,252.4736566711292,247.0810154606779,249.14002990722656,8402532,0.0,0.0
2025-02-05 00:00:00+05:30,253.94436656458373,257.86628728372784,252.71876633985116,256.5426330566406,11590755,0.0,0.0
2025-02-06 00:00:00+05:30,257.5231151114974,257.81727712070335,249.33611452723719,251.14999389648438,12327998,0.0,0.0
2025-02-07 00:00:00+05:30,252.9499969482422,253.85000610351562,247.5,248.89999389648438,10098454,5.0,0.0
2025-02-10 00:00:00+05:30,248.9499969482422,249.60000610351562,241.8000030517578,242.4499969482422,7582536,0.0,0.0
2025-02-11 00:00:00+05:30,242.4499969482422,242.4499969482422,236.8000030517578,238.9499969482422,6711630,0.0,0.0
2025-02-12 00:00:00+05:30,239.0,241.25,234.14999389648438,237.39999389648438,5985956,0.0,0.0
2025-02-13 00:00:00+05:30,238.5,239.4499969482422,234.1999969482422,234.9499969482422,10079210,0.0,0.0
2025-02-14 00:00:00+05:30,235.0,237.9499969482422,226.75,230.5,8065352,0.0,0.0
2025-02-17 00:00:00+05:30,230.1999969482422,234.3000030517578,225.0500030517578,233.64999389648438,6692422,0.0,0.0
2025-02-18 00:00:00+05:30,232.1999969482422,237.14999389648438,229.5500030517578,236.60000610351562,6170974,0.0,0.0
2025-02-19 00:00:00+05:30,236.0,238.8000030517578,234.5,238.3000030517578,6168581,0.0,0.0
2025-02-20 00:00:00+05:30,236.8000030517578,242.64999389648438,236.5,241.89999389648438,8929816,0.0,0.0
2025-02-21 00:00:00+05:30,241.89999389648438,243.0500030517578,238.10000610351562,239.89999389648438,5697387,0.0,0.0
2025-02-24 00:00:00+05:30,236.3000030517578,237.9499969482422,234.0,234.35000610351562,6883143,0.0,0.0
2025-02-25 00:00:00+05:30,235.0,236.6999969482422,232.5500030517578,233.0,5519036,0.0,0.0
2025-02-27 00:00:00+05:30,233.5,233.85000610351562,228.5,231.0,9664032,0.0,0.0
2025-02-28 00:00:00+05:30,230.0,230.5,223.14999389648438,225.25,17237276,0.0,0.0
2025-03-03 00:00:00+05:30,224.75,226.0,218.36000061035156,225.1300048828125,11928529,0.0,0.0
2025-03-04 00:00:00+05:30,220.10000610351562,227.75,215.47999572753906,226.75999450683594,12428265,0.0,0.0
2025-03-05 00:00:00+05:30,227.1199951171875,231.25,226.75999450683594,228.94000244140625,7466729,0.0,0.0
2025-03-06 00:00:00+05:30,231.49000549316406,233.57000732421875,226.7100067138672,232.60000610351562,10439208,0.0,0.0
2025-03-07 00:00:00+05:30,232.60000610351562,236.47000122070312,231.1699981689453,232.88999938964844,9079049,0.0,0.0
2025-03-10 00:00:00+05:30,232.88999938964844,235.0,222.47999572753906,223.19000244140625,16489167,0.0,0.0
2025-03-11 00:00:00+05:30,220.89999389648438,227.25999450683594,220.10000610351562,226.72000122070312,10941588,0.0,0.0
2025-03-12 00:00:00+05:30,227.10000610351562,228.83999633789062,222.36000061035156,224.39999389648438,6994310,0.0,0.0
2025-03-13 00:00:00+05:30,228.14999389648438,230.39999389648438,224.8699951171875,225.42999267578125,16105085,0.0,0.0
2025-03-17 00:00:00+05:30,226.52000427246094,230.4499969482422,226.24000549316406,229.74000549316406,8788971,0.0,0.0
2025-03-18 00:00:00+05:30,229.74000549316406,229.74000549316406,229.74000549316406,229.74000549316406,0,0.0,0.0
2025-03-19 00:00:00+05:30,232.5,235.13999938964844,231.60000610351562,232.57000732421875,8626593,0.0,0.0
2025-03-20 00:00:00+05:30,233.47999572753906,237.0399932861328,232.00999450683594,235.58999633789062,18955995,0.0,0.0
2025-03-21 00:00:00+05:30,235.8000030517578,248.0,235.8000030517578,242.4199981689453,29285333,0.0,0.0
2025-03-24 00:00:00+05:30,244.19000244140625,246.39999389648438,242.75,243.8300018310547,10566066,0.0,0.0
2025-03-25 00:00:00+05:30,244.00999450683594,245.3699951171875,240.5500030517578,242.25,8915800,0.0,0.0
2025-03-26 00:00:00+05:30,243.35000610351562,244.5,239.3699951171875,239.72000122070312,7543985,0.0,0.0
2025-03-27 00:00:00+05:30,238.8699951171875,243.39999389648438,238.64999389648438,242.1699981689453,9935664,0.0,0.0
2025-03-28 00:00:00+05:30,243.44000244140625,254.89999389648438,243.25999450683594,246.3800048828125,32905564,0.0,0.0
2025-04-01 00:00:00+05:30,247.0,252.1999969482422,246.6999969482422,248.07000732421875,11258957,0.0,0.0
2025-04-02 00:00:00+05:30,250.0500030517578,251.5,248.0,250.63999938964844,15337906,0.0,0.0
2025-04-03 00:00:00+05:30,248.0,249.6199951171875,242.50999450683594,243.30999755859375,11141370,0.0,0.0
2025-04-04 00:00:00+05:30,240.55999755859375,241.2100067138672,224.1999969482422,226.00999450683594,38336194,0.0,0.0
2025-04-07 00:00:00+05:30,208.0,220.8000030517578,205.0,219.83999633789062,27024128,0.0,0.0
2025-04-08 00:00:00+05:30,223.0,227.24000549316406,219.17999267578125,226.66000366210938,11309092,0.0,0.0
2025-04-09 00:00:00+05:30,222.0,224.05999755859375,220.25999450683594,221.94000244140625,16889575,0.0,0.0
2025-04-11 00:00:00+05:30,228.3000030517578,231.39999389648438,225.25,230.3699951171875,13886447,0.0,0.0
2025-04-15 00:00:00+05:30,234.0,234.0,230.10000610351562,232.69000244140625,12102239,0.0,0.0
2025-04-16 00:00:00+05:30,232.69000244140625,242.0,231.72000122070312,241.22000122070312,18748952,0.0,0.0
2025-04-17 00:00:00+05:30,241.0,244.61000061035156,239.25999450683594,243.49000549316406,12891813,0.0,0.0
2025-04-21 00:00:00+05:30,244.00999450683594,250.5500030517578,241.75,249.77999877929688,11698653,0.0,0.0
2025-04-22 00:00:00+05:30,248.97000122070312,250.60000610351562,247.25999450683594,247.77999877929688,9896443,0.0,0.0
2025-04-23 00:00:00+05:30,248.74000549316406,252.75,244.9199981689453,252.1699981689453,16555874,0.0,0.0
2025-04-24 00:00:00+05:30,250.0,251.3699951171875,248.0,249.3699951171875,6538518,0.0,0.0
2025-04-25 00:00:00+05:30,249.0,250.67999267578125,244.39999389648438,246.3300018310547,15616265,0.0,0.0
2025-04-28 00:00:00+05:30,246.0,251.9499969482422,244.3800048828125,250.60000610351562,7669983,0.0,0.0
2025-04-29 00:00:00+05:30,251.24000549316406,252.10000610351562,245.10000610351562,245.67999267578125,8030552,0.0,0.0
2025-04-30 00:00:00+05:30,245.5,247.44000244140625,242.22000122070312,244.4499969482422,9822483,0.0,0.0
2025-05-02 00:00:00+05:30,241.0,246.27000427246094,239.0,242.74000549316406,10203190,0.0,0.0
2025-05-05 00:00:00+05:30,240.0,241.14999389648438,234.5,239.1999969482422,20086323,0.0,0.0
2025-05-06 00:00:00+05:30,241.1300048828125,242.99000549316406,236.0,237.0,11350559,0.0,0.0
2025-05-07 00:00:00+05:30,232.3000030517578,240.08999633789062,232.07000732421875,238.6699981689453,16689539,0.0,0.0
2025-05-08 00:00:00+05:30,237.66000366210938,239.33999633789062,231.39999389648438,233.22000122070312,15026122,0.0,0.0
2025-05-09 00:00:00+05:30,229.10000610351562,235.3000030517578,228.4499969482422,234.9600067138672,11184507,0.0,0.0
2025-05-12 00:00:00+05:30,239.0,244.60000610351562,238.11000061035156,244.02000427246094,11374237,0.0,0.0
2025-05-13 00:00:00+05:30,244.14999389648438,245.2899932861328,240.2899932861328,241.16000366210938,9336026,0.0,0.0
2025-05-14 00:00:00+05:30,241.16000366210938,246.89999389648438,241.16000366210938,246.00999450683594,8234859,0.0,0.0
2025-05-15 00:00:00+05:30,244.9499969482422,248.9199981689453,242.3000030517578,247.61000061035156,16812750,0.0,0.0
2025-05-16 00:00:00+05:30,247.05999755859375,249.38999938964844,246.1999969482422,247.27000427246094,8030229,0.0,0.0
2025-05-19 00:00:00+05:30,248.0,249.4499969482422,244.91000366210938,246.5800018310547,8043270,0.0,0.0
2025-05-20 00:00:00+05:30,246.7899932861328,252.6999969482422,246.7899932861328,249.25999450683594,13183059,0.0,0.0
2025-05-21 00:00:00+05:30,251.5,251.9499969482422,247.75999450683594,248.67999267578125,7158307,0.0,0.0
2025-05-22 00:00:00+05:30,248.67999267578125,250.47999572753906,239.61000061035156,241.6699981689453,18502235,0.0,0.0
2025-05-23 00:00:00+05:30,242.5,244.67999267578125,240.14999389648438,244.24000549316406,8725218,0.0,0.0
2025-05-26 00:00:00+05:30,245.3000030517578,247.1300048828125,244.80999755859375,245.94000244140625,7159571,0.0,0.0
2025-05-27 00:00:00+05:30,246.85000610351562,246.85000610351562,242.9199981689453,244.5399932861328,9712093,0.0,0.0
2025-05-28 00:00:00+05:30,244.63999938964844,245.33999633789062,241.3000030517578,242.6699981689453,7385958,0.0,0.0
2025-05-29 00:00:00+05:30,243.60000610351562,244.60000610351562,241.35000610351562,243.0399932861328,12938112,0.0,0.0
