timestamp,Open,High,Low,Close,Volume,Dividends,Stock Splits
2020-06-01 00:00:00+05:30,67.5877630024248,68.65347962130731,67.2254181956282,67.71565246582031,45314328,0.0,0.0
2020-06-02 00:00:00+05:30,68.14193279726126,71.76536896560361,67.60907453721092,70.3586196899414,43626060,0.0,0.0
2020-06-03 00:00:00+05:30,70.5504595640027,71.40303288386197,69.84708773149538,70.1454849243164,13811685,0.0,0.0
2020-06-04 00:00:00+05:30,70.42257397937671,72.44743555942897,70.37994415815696,72.14903259277344,23992166,0.0,0.0
2020-06-05 00:00:00+05:30,71.18988288500252,74.30177868010375,70.14547835325905,73.08686065673828,22851633,0.0,0.0
2020-06-08 00:00:00+05:30,73.93943647424983,74.55754862566216,72.83109006724659,73.47052001953125,11723588,0.0,0.0
2020-06-09 00:00:00+05:30,74.17390029456296,74.19521809787359,72.46875356010517,72.70320892333984,8412588,0.0,0.0
2020-06-10 00:00:00+05:30,72.70320987291139,73.0016128680922,71.87195429813616,72.49006652832031,10101681,0.0,0.0
2020-06-11 00:00:00+05:30,71.63748685470729,76.00693081673627,71.55223299349262,72.89503479003906,22109491,0.0,0.0
2020-06-12 00:00:00+05:30,70.78491545578424,72.21297693385114,70.59308992647797,70.89148712158203,20331770,0.0,0.0
2020-06-15 00:00:00+05:30,70.4225698218708,70.7635968077303,69.31422344500386,69.59130859375,13833335,0.0,0.0
2020-06-16 00:00:00+05:30,70.63571536244437,70.87017069988583,68.82399137451362,69.35684967041016,13972830,0.0,0.0
2020-06-17 00:00:00+05:30,68.5682326340596,68.97320152069855,67.5025159083519,67.99274444580078,28371013,0.0,0.0
2020-06-18 00:00:00+05:30,68.5042843744153,70.8914909744025,67.99274381991441,70.5291519165039,19720997,0.0,0.0
2020-06-19 00:00:00+05:30,70.6996630413627,73.44921438805454,70.3586302346901,73.0655517578125,21577413,0.0,0.0
2020-06-22 00:00:00+05:30,75.19699356382002,76.62505523156142,72.7458449249105,76.13482666015625,33039735,0.0,0.0
2020-06-23 00:00:00+05:30,77.371032686683,80.56818208094073,76.32663402035458,79.90744018554688,34298071,0.0,0.0
2020-06-24 00:00:00+05:30,79.60905091073117,80.31242852355946,75.45275598564653,76.0921859741211,32910525,0.0,0.0
2020-06-25 00:00:00+05:30,76.04955418030546,78.13836338067746,74.32309556893473,76.45452880859375,40909792,0.0,0.0
2020-06-26 00:00:00+05:30,77.1365961896877,77.62682472665713,75.94298998893244,76.39059448242188,11954078,0.0,0.0
2020-06-29 00:00:00+05:30,75.87905453925144,76.8595174777372,75.51670966593896,75.98562622070312,7547198,0.0,0.0
2020-06-30 00:00:00+05:30,76.3053280739168,76.71030270617747,74.17389481335064,74.53623962402344,11889584,0.0,0.0
2020-07-01 00:00:00+05:30,74.6001875474971,74.77070106586754,73.27869766183059,73.93944549560547,15209917,0.0,0.0
2020-07-02 00:00:00+05:30,73.96074724618933,75.36749658662592,73.57709043766386,74.64280700683594,15481100,0.0,0.0
2020-07-03 00:00:00+05:30,75.0264743839974,76.47584796586156,74.64281752142794,75.70853424072266,22720042,0.0,0.0
2020-07-06 00:00:00+05:30,76.04955708841813,76.17744655681776,74.94121638691898,75.87904357910156,11724475,0.0,0.0
2020-07-07 00:00:00+05:30,76.09219990924518,76.09219990924518,73.19345241005233,73.79025268554688,20855578,0.0,0.0
2020-07-08 00:00:00+05:30,73.7476221283377,74.45099408115995,71.95721553762299,72.36219024658203,16818545,0.0,0.0
2020-07-09 00:00:00+05:30,72.68188169073586,73.53445487953458,72.2555950963365,73.12948608398438,16110083,0.0,0.0
2020-07-10 00:00:00+05:30,73.15081596264437,74.06733120801785,72.25561273944196,73.57710266113281,23809286,0.0,0.0
2020-07-13 00:00:00+05:30,73.57709390434563,74.2591536971284,71.70143381060507,72.08509063720703,10803798,0.0,0.0
2020-07-14 00:00:00+05:30,71.82931670591545,71.95720038608869,69.48474016893343,69.63394165039062,16288923,0.0,0.0
2020-07-15 00:00:00+05:30,70.3586301413215,70.89148848052497,69.52737460129391,69.71920013427734,15061461,0.0,0.0
2020-07-16 00:00:00+05:30,70.12417002206278,70.12417002206278,67.9927368100137,69.14370727539062,15458966,0.0,0.0
2020-07-17 00:00:00+05:30,68.90926085679659,69.84709390427652,68.90926085679659,69.61263275146484,13711930,0.0,0.0
2020-07-20 00:00:00+05:30,69.61262396444518,70.01759858880249,69.20765512197053,69.69788360595703,8390572,0.0,0.0
2020-07-21 00:00:00+05:30,69.9536609690076,74.36572915483735,69.9536609690076,74.02469635009766,33717545,0.0,0.0
2020-07-22 00:00:00+05:30,74.17388691862051,77.32840665212917,74.08863306640154,76.58240509033203,46076322,0.0,0.0
2020-07-23 00:00:00+05:30,75.87904790385518,77.81865580579318,75.64459253791739,77.47762298583984,18738194,0.0,0.0
2020-07-24 00:00:00+05:30,76.51848123084363,78.1170563816485,76.15613637361783,77.58419799804688,14438899,0.0,0.0
2020-07-27 00:00:00+05:30,77.28579181045892,77.39236347482141,76.19875736483178,77.11527252197266,11938756,0.0,0.0
2020-07-28 00:00:00+05:30,76.8168734809288,77.94653193958943,76.17744351015305,77.54155731201172,11893746,0.0,0.0
2020-07-29 00:00:00+05:30,77.28579744513164,78.64991137929526,76.94476462517828,77.47762298583984,13335993,0.0,0.0
2020-07-30 00:00:00+05:30,77.79734325946202,78.11705829746398,74.85596606622069,75.38882446289062,23995122,0.0,0.0
2020-07-31 00:00:00+05:30,75.2822454579231,76.45453381652285,75.11173194395793,76.0069351196289,14354565,0.0,0.0
2020-08-03 00:00:00+05:30,76.30532802664386,76.51847135256843,74.21652458895964,76.1135025024414,12500988,0.0,0.0
2020-08-04 00:00:00+05:30,75.81511268675717,76.32665907047878,74.85596755369201,75.98562622070312,9628257,0.0,0.0
2020-08-05 00:00:00+05:30,75.47407395298781,75.85773079053605,74.66412467364023,75.00515747070312,10577794,0.0,0.0
2020-08-06 00:00:00+05:30,75.30354828082676,75.77246472336634,74.77069000109597,74.98383331298828,8564058,0.0,0.0
2020-08-07 00:00:00+05:30,74.94121562809222,75.85773079053605,74.70675449600846,75.00515747070312,8026904,0.0,0.0
2020-08-10 00:00:00+05:30,75.3888202801723,76.22008164561086,75.13304710758479,75.55933380126953,7766140,0.0,0.0
2020-08-11 00:00:00+05:30,75.9429948826739,77.73340140823836,74.83465404310735,75.38882446289062,21833550,0.0,0.0
2020-08-12 00:00:00+05:30,75.11174373569686,76.49717564972181,73.83288350736613,75.90037536621094,19435650,0.0,0.0
2020-08-13 00:00:00+05:30,76.71030731233347,76.85950880590863,75.19698613733279,76.19876098632812,10641012,0.0,0.0
2020-08-14 00:00:00+05:30,77.00871143579025,77.00871143579025,74.21653575870323,74.77070617675781,17130105,0.0,0.0
2020-08-17 00:00:00+05:30,75.02646192185716,77.79732493177403,74.8559484314695,76.15612030029297,17368089,0.0,0.0
2020-08-18 00:00:00+05:30,76.6676793981585,76.68899141982169,75.26093563942314,75.77247619628906,13890131,0.0,0.0
2020-08-19 00:00:00+05:30,76.09219542022116,76.47585230455655,75.47408315709288,75.60196685791016,12400644,0.0,0.0
2020-08-20 00:00:00+05:30,75.53801738691286,80.18454092151124,75.21830238524026,77.2431640625,44062975,0.0,0.0
2020-08-21 00:00:00+05:30,78.01048961183382,81.20764011454621,77.83997607473259,80.61083984375,49949864,0.0,0.0
2020-08-24 00:00:00+05:30,80.84527783758236,81.27156444905839,78.60726734545096,78.96961212158203,19724617,0.0,0.0
2020-08-25 00:00:00+05:30,79.50247130527212,79.63036075932314,78.01046814785288,78.7564697265625,10109220,0.0,0.0
2020-08-26 00:00:00+05:30,79.71561695961648,80.84528115184446,78.47938689203303,79.01224517822266,18000615,0.0,0.0
2020-08-27 00:00:00+05:30,79.67299280354764,79.99270777478519,78.73515990849789,78.94830322265625,10363056,0.0,0.0
2020-08-28 00:00:00+05:30,79.50248248062297,79.6090541497047,77.49893857101621,77.71208190917969,12114955,0.0,0.0
2020-08-31 00:00:00+05:30,78.22361368805622,79.01224510728534,75.8790372309268,76.28401184082031,24259718,0.0,0.0
2020-09-01 00:00:00+05:30,76.32664775791471,77.71207941144833,76.13481644697997,76.90213012695312,16505345,0.0,0.0
2020-09-02 00:00:00+05:30,77.59545043987404,79.84111638937851,76.41810802416039,79.01261901855469,30959608,2.272501,0.0
2020-09-03 00:00:00+05:30,78.6637865042626,79.12164458967688,77.46464366974841,77.83528900146484,11884498,0.0,0.0
2020-09-04 00:00:00+05:30,77.2684201721895,77.61725934173162,75.74223845536045,76.3309097290039,17373558,0.0,0.0
2020-09-07 00:00:00+05:30,76.33090975409412,77.15940721777854,75.45880591561945,76.81056213378906,13069001,0.0,0.0
2020-09-08 00:00:00+05:30,76.679739307959,76.74514590477595,75.76402920952592,76.26548767089844,9597878,0.0,0.0
2020-09-09 00:00:00+05:30,76.30909311428543,77.59544846484849,75.61140895659584,76.41810607910156,20122483,0.0,0.0
2020-09-10 00:00:00+05:30,76.74515631537464,77.81348589418911,75.93845907365072,77.44284057617188,19635358,0.0,0.0
2020-09-11 00:00:00+05:30,77.66085951367364,77.74807225625976,75.91665197660883,76.37450408935547,31182063,0.0,0.0
2020-09-14 00:00:00+05:30,77.39923231592378,77.39923231592378,74.45588190258717,74.78292083740234,14143608,0.0,0.0
2020-09-15 00:00:00+05:30,74.93554004946375,75.82944410388423,74.56489474116773,75.56781768798828,7858789,0.0,0.0
2020-09-16 00:00:00+05:30,75.43700869778604,75.633234450396,74.47769791054485,74.97915649414062,13201491,0.0,0.0
2020-09-17 00:00:00+05:30,74.7175199690078,74.7393202006026,73.21313838764084,73.38755798339844,10765947,0.0,0.0
2020-09-18 00:00:00+05:30,73.73639349992706,75.4369946874855,72.95149654959313,74.95733642578125,23788415,0.0,0.0
2020-09-21 00:00:00+05:30,74.56488873153172,74.87012741125272,73.10411376029342,74.34686279296875,13331596,0.0,0.0
2020-09-22 00:00:00+05:30,73.60558319091797,74.32507362672396,72.60266608999595,73.60558319091797,9039386,0.0,0.0
2020-09-23 00:00:00+05:30,74.08525278518891,74.08525278518891,70.98928234277014,71.46894073486328,8404497,0.0,0.0
2020-09-24 00:00:00+05:30,70.74943544158037,71.97037834275682,69.11424088768398,69.4848861694336,20770480,0.0,0.0
2020-09-25 00:00:00+05:30,70.20438041715951,70.85845833027281,69.63750934386152,70.09536743164062,8761400,0.0,0.0
2020-09-28 00:00:00+05:30,70.2043809571286,73.71459675210187,70.2043809571286,73.32215118408203,16915185,0.0,0.0
2020-09-29 00:00:00+05:30,73.69278094952269,73.86720050797355,70.85844390311779,71.20728302001953,13468026,0.0,0.0
2020-09-30 00:00:00+05:30,71.05466533599864,71.18548444361883,69.89912908084571,70.83663940429688,14349950,0.0,0.0
2020-10-01 00:00:00+05:30,71.83955362249087,72.38461838637173,70.98925022510424,71.7741470336914,14856837,0.0,0.0
2020-10-05 00:00:00+05:30,71.5125287494362,72.55905211788347,70.70583155826539,71.01107025146484,10360105,0.0,0.0
2020-10-06 00:00:00+05:30,71.12008057372698,71.68694565215245,70.57501572357474,71.16368103027344,8989183,0.0,0.0
2020-10-07 00:00:00+05:30,71.07647787401469,71.16368470594408,69.33227026343758,69.59390258789062,17614061,0.0,0.0
2020-10-08 00:00:00+05:30,69.85552836952795,70.2479798098429,68.89621774094083,69.02703094482422,12953710,0.0,0.0
2020-10-09 00:00:00+05:30,69.20145012494791,69.48488858895858,68.32934633250241,68.8962173461914,11980039,0.0,0.0
2020-10-12 00:00:00+05:30,69.4194818543882,70.9892699943902,69.13604928110531,69.68111419677734,20670634,0.0,0.0
2020-10-13 00:00:00+05:30,69.76831877616226,70.64042253907684,69.41947372239714,69.96453857421875,11179799,0.0,0.0
2020-10-14 00:00:00+05:30,69.96454713624357,70.11716649629709,68.15493278960777,68.48197174072266,13362234,0.0,0.0
2020-10-15 00:00:00+05:30,68.28575306071316,68.48197288606409,67.41364917648778,67.91510772705078,15536883,0.0,0.0
2020-10-16 00:00:00+05:30,68.06771228893433,70.29157197868403,67.74067340346153,69.31045532226562,18673957,0.0,0.0
2020-10-19 00:00:00+05:30,69.74651621938278,70.81484574961225,69.5066900379839,69.65930938720703,18793008,0.0,0.0
2020-10-20 00:00:00+05:30,69.76831197897867,69.94273153170231,68.41655009529016,68.54736328125,13701957,0.0,0.0
2020-10-21 00:00:00+05:30,68.72180058791365,72.45004208772961,68.56918123511238,71.40351867675781,36573148,0.0,0.0
2020-10-22 00:00:00+05:30,70.7058395244099,72.34103432006849,70.29158781044318,71.99219512939453,39056262,0.0,0.0
2020-10-23 00:00:00+05:30,71.99217734040448,74.73930155257388,71.8177577881659,74.1942367553711,29149043,0.0,0.0
2020-10-26 00:00:00+05:30,74.15064113820806,75.41519638250398,73.97622156068421,75.02275085449219,36760149,0.0,0.0
2020-10-27 00:00:00+05:30,75.02274996714328,76.46171885761089,74.78291787584378,75.65502166748047,23610507,0.0,0.0
2020-10-28 00:00:00+05:30,76.11288795903576,76.11288795903576,74.80473212974724,75.37159729003906,14060472,0.0,0.0
2020-10-29 00:00:00+05:30,74.58670425967777,75.56782110667093,74.2378591654805,74.82653045654297,17654072,0.0,0.0
2020-10-30 00:00:00+05:30,74.3468772782356,75.00095522136084,73.8236125580021,74.56490325927734,22904945,0.0,0.0
2020-11-02 00:00:00+05:30,75.24078293068733,76.04747428170327,74.97915058593462,75.45880889892578,13423596,0.0,0.0
2020-11-03 00:00:00+05:30,75.87305601090725,78.79460640189899,75.80764940216358,78.46756744384766,27441682,0.0,0.0
2020-11-04 00:00:00+05:30,78.46756454622214,78.48936477688733,76.1564857794024,77.22481536865234,19461431,0.0,0.0
2020-11-05 00:00:00+05:30,77.61725336079293,78.40215030328008,77.00678190396883,78.07511138916016,10248002,0.0,0.0
2020-11-06 00:00:00+05:30,77.72626382248446,78.24952843391368,77.22480535322512,77.8134765625,8815864,0.0,0.0
2020-11-09 00:00:00+05:30,78.44575848860349,80.53881129377162,78.09691931157519,80.25537872314453,15228920,0.0,0.0
2020-11-10 00:00:00+05:30,79.92832155671722,81.47630318411716,79.16523085587725,81.06205749511719,13815795,0.0,0.0
2020-11-11 00:00:00+05:30,80.18994647994407,83.2859155933742,80.18994647994407,82.69725036621094,15502357,0.0,0.0
2020-11-12 00:00:00+05:30,83.06790308786316,83.26412880480443,81.60713398255577,82.63185119628906,26079694,0.0,0.0
2020-11-13 00:00:00+05:30,82.23941383513971,82.8280851300292,81.19289037441,82.34842681884766,11968619,0.0,0.0
2020-11-14 00:00:00+05:30,82.41382747708542,82.80627892157086,81.5417236703755,81.97777557373047,1162700,0.0,0.0
2020-11-17 00:00:00+05:30,81.54171274079276,82.52282939183578,81.04025430201489,81.45450592041016,16872514,0.0,0.0
2020-11-18 00:00:00+05:30,81.4545113577479,82.71906060952733,80.56060146741628,80.84403991699219,16685757,0.0,0.0
2020-11-19 00:00:00+05:30,77.83528237519148,85.98945532144003,77.79167600205486,82.7626724243164,64832376,0.0,0.0
2020-11-20 00:00:00+05:30,84.37606844869056,84.5940944042238,82.45743530853208,83.65657806396484,27479934,0.0,0.0
2020-11-23 00:00:00+05:30,83.72198464888397,85.42258579865852,83.06790091430531,84.92112731933594,20909280,0.0,0.0
2020-11-24 00:00:00+05:30,85.03013683209626,86.20747331207085,84.26704607283553,84.8121109008789,15308572,0.0,0.0
2020-11-25 00:00:00+05:30,84.8121105841191,86.09846002489805,84.39785895062053,85.16094970703125,19854793,0.0,0.0
2020-11-26 00:00:00+05:30,85.09555440736949,86.83976208214081,84.09263144577639,86.18568420410156,24879552,0.0,0.0
2020-11-27 00:00:00+05:30,86.18567271974901,86.18567271974901,82.2830062017505,83.89640045166016,46793847,0.0,0.0
2020-12-01 00:00:00+05:30,84.9647330394285,85.66241727377923,83.56937048505954,83.87460327148438,18193922,0.0,0.0
2020-12-02 00:00:00+05:30,84.09262909501658,85.11735225816572,82.65366016928884,84.65950012207031,15836732,0.0,0.0
2020-12-03 00:00:00+05:30,85.03013963391344,85.07374009012806,83.28592621236933,84.35425567626953,21308517,0.0,0.0
2020-12-04 00:00:00+05:30,84.68129750065559,85.88044020316741,84.04902580611237,84.7467041015625,14838659,0.0,0.0
2020-12-07 00:00:00+05:30,84.15802694120211,86.01124722076933,83.9400010259589,84.37605285644531,22078115,0.0,0.0
2020-12-08 00:00:00+05:30,84.59409092043477,84.85571732483419,83.32953569895342,83.54756164550781,15896364,0.0,0.0
2020-12-09 00:00:00+05:30,84.11444206319129,84.9211393385366,83.32954501920682,84.02722930908203,18701467,0.0,0.0
2020-12-10 00:00:00+05:30,84.15804710238947,85.20457056339926,83.50396328563386,84.04903411865234,13612880,0.0,0.0
2020-12-11 00:00:00+05:30,84.59408869299658,85.13915354503052,83.78739152911992,84.2016372680664,14876364,0.0,0.0
2020-12-14 00:00:00+05:30,85.46618983374492,85.90224170199195,84.07082148962165,84.72489929199219,20316890,0.0,0.0
2020-12-15 00:00:00+05:30,84.76849247416678,84.89930564855736,83.43853093431757,84.07080841064453,16084083,0.0,0.0
2020-12-16 00:00:00+05:30,84.89932031868817,85.83683066870009,83.96180996867625,85.55339813232422,35024972,0.0,0.0
2020-12-17 00:00:00+05:30,86.49304962158203,87.43270607761448,85.73237390265214,86.49304962158203,23058726,2.812501,0.0
2020-12-18 00:00:00+05:30,86.49306907339597,87.16425154022221,85.93375035104077,86.76154327392578,20310375,0.0,0.0
2020-12-21 00:00:00+05:30,86.35880893028526,86.44829625744211,82.53306638321838,83.00289154052734,21609326,0.0,0.0
2020-12-22 00:00:00+05:30,82.98054559172239,85.4862946607924,82.77918842575382,85.15070343017578,23934507,0.0,0.0
2020-12-23 00:00:00+05:30,85.68763995461015,85.77713337097894,84.56900259498062,84.99408721923828,9836093,0.0,0.0
2020-12-24 00:00:00+05:30,85.12832033873683,86.02323628559617,84.7703588151899,85.0164566040039,12945145,0.0,0.0
2020-12-28 00:00:00+05:30,85.10594139373346,86.04559788405311,85.01644798741904,85.71000671386719,6879688,0.0,0.0
2020-12-29 00:00:00+05:30,85.73238052588931,86.20221182469984,84.56899654135287,84.88221740722656,8549660,0.0,0.0
2020-12-30 00:00:00+05:30,85.0164559871201,85.30730655051207,83.58460383432599,85.10594940185547,19132583,0.0,0.0
2020-12-31 00:00:00+05:30,85.24018532107578,85.46391279381616,84.14392434604555,84.9493408203125,23272111,0.0,0.0
2021-01-01 00:00:00+05:30,84.56900476111312,84.97171907609166,84.3452772834567,84.79273223876953,3074621,0.0,0.0
2021-01-04 00:00:00+05:30,85.01645924341827,85.19544607974457,84.12154933777164,84.32290649414062,7133203,0.0,0.0
2021-01-05 00:00:00+05:30,84.7927262700004,84.7927262700004,83.31612744900801,84.12154388427734,10478882,0.0,0.0
2021-01-06 00:00:00+05:30,84.12154057658086,88.41710889010392,83.6740856703596,87.76830291748047,54265234,0.0,0.0
2021-01-07 00:00:00+05:30,88.59608980923053,90.29641591206857,87.47745261815415,88.17100524902344,40129922,0.0,0.0
2021-01-08 00:00:00+05:30,88.93170155571109,91.2808402008359,88.39475315208392,91.07948303222656,29487917,0.0,0.0
2021-01-11 00:00:00+05:30,91.2808402008359,91.72829518085966,90.13982636037733,91.07948303222656,12726089,0.0,0.0
2021-01-12 00:00:00+05:30,89.96083681876823,91.61642251117844,89.46863517488984,91.14659118652344,31454127,0.0,0.0
2021-01-13 00:00:00+05:30,91.19133080419404,92.44420817020503,90.65438249461853,91.72827911376953,23792586,0.0,0.0
2021-01-14 00:00:00+05:30,92.15336341678275,92.84692219929418,91.10184311806897,91.77302551269531,12024674,0.0,0.0
2021-01-15 00:00:00+05:30,91.2584525606611,92.06387506681435,90.60964656100535,90.8333740234375,13530190,0.0,0.0
2021-01-18 00:00:00+05:30,90.05031916980738,90.38591033090239,87.05236903642724,87.58931732177734,26118654,0.0,0.0
2021-01-19 00:00:00+05:30,87.49983000685519,89.491006795513,87.36559596067416,89.33439636230469,19382828,0.0,0.0
2021-01-20 00:00:00+05:30,89.49100552023138,89.75947360876766,87.32084801125922,87.76830291748047,21158179,0.0,0.0
2021-01-21 00:00:00+05:30,87.90254317864097,88.46186185097524,86.8733992491443,87.32085418701172,12509109,0.0,0.0
2021-01-22 00:00:00+05:30,87.25373479389789,87.83542376975231,86.3588249424321,86.89576721191406,16720401,0.0,0.0
2021-01-25 00:00:00+05:30,87.00763287851632,88.05915319117506,84.83747522664534,85.10594940185547,9393599,0.0,0.0
2021-01-27 00:00:00+05:30,85.01646510918361,86.96289550205948,84.70325026199455,86.06798553466797,18874916,0.0,0.0
2021-01-28 00:00:00+05:30,85.44153593337063,85.44153593337063,83.13714435435098,83.8083267211914,16072463,0.0,0.0
2021-01-29 00:00:00+05:30,84.43476447450551,84.56899852360023,81.88426898973951,82.5330810546875,13415015,0.0,0.0
2021-02-01 00:00:00+05:30,82.53308455820583,84.77035926472844,81.66054499506359,84.52426147460938,9485240,0.0,0.0
2021-02-02 00:00:00+05:30,85.46390902197047,87.5445792818251,84.65849258324958,86.89576721191406,10803602,0.0,0.0
2021-02-03 00:00:00+05:30,87.03000111366319,93.9655519670517,87.03000111366319,92.39945983886719,73411707,0.0,0.0
2021-02-04 00:00:00+05:30,92.39946571104338,92.91403765777845,91.37031574857743,91.8848876953125,23523019,0.0,0.0
2021-02-05 00:00:00+05:30,92.01912617915085,93.20488048813296,90.05032577021886,92.66793823242188,28755118,0.0,0.0
2021-02-08 00:00:00+05:30,92.3994600670408,95.48689762785823,92.04149250974598,95.10655975341797,28436890,0.0,0.0
2021-02-09 00:00:00+05:30,93.96556387746959,97.29910568616836,93.96556387746959,94.30115509033203,27738169,0.0,0.0
2021-02-10 00:00:00+05:30,94.21165496982415,95.75537686675973,92.62319243622031,94.16690826416016,34189378,0.0,0.0
2021-02-11 00:00:00+05:30,93.45098112043021,96.11333412735642,93.22725367099126,95.64350891113281,20504448,0.0,0.0
2021-02-12 00:00:00+05:30,97.99265379670919,97.99265379670919,94.21165721637051,95.15131378173828,25066544,0.0,0.0
2021-02-15 00:00:00+05:30,95.75537208516155,96.40418411240137,94.65910516161716,95.06181335449219,8599603,0.0,0.0
2021-02-16 00:00:00+05:30,95.48690842841773,102.86992109789574,95.44216172007015,100.9234848022461,80200957,0.0,0.0
2021-02-17 00:00:00+05:30,100.90111698214614,103.45161266218419,99.42451805306912,102.9370346069336,39034960,0.0,0.0
2021-02-18 00:00:00+05:30,103.36211788832233,106.628536600854,102.24348051156542,105.8231201171875,44291912,0.0,0.0
2021-02-19 00:00:00+05:30,104.48074442894274,105.64413446290528,102.35533363353991,103.89905548095703,36335681,0.0,0.0
2021-02-22 00:00:00+05:30,104.01092604079221,104.65973812224715,100.05094866379962,100.65501403808594,25800846,0.0,0.0
2021-02-23 00:00:00+05:30,101.01296050559579,102.51192945491454,100.5207589380755,101.16957092285156,18293559,0.0,0.0
2021-02-24 00:00:00+05:30,101.19194630129378,102.1092324659728,99.15602898209573,99.67060089111328,11421326,0.0,0.0
2021-02-25 00:00:00+05:30,100.09570232319376,104.16753764742647,98.7980780701564,101.81840515136719,30696079,0.0,0.0
2021-02-26 00:00:00+05:30,99.11128811142207,101.68415387690187,94.50249883794778,95.88961029052734,38070699,0.0,0.0
2021-03-01 00:00:00+05:30,97.32146540386135,102.3777033658955,97.27671869988852,101.68415069580078,31441940,0.0,0.0
2021-03-02 00:00:00+05:30,102.46720995381294,102.62381433436805,99.9390906476134,100.69976043701172,18223787,0.0,0.0
2021-03-03 00:00:00+05:30,102.9146578290414,102.98178092351183,100.09569420714294,101.7960205078125,19350542,0.0,0.0
2021-03-04 00:00:00+05:30,99.80483509405589,102.89227869121649,99.80483509405589,100.74449157714844,22865747,0.0,0.0
2021-03-05 00:00:00+05:30,101.12483725242538,101.12483725242538,98.14926321713897,98.55197143554688,17342685,0.0,0.0
2021-03-08 00:00:00+05:30,99.28114273713577,102.03831610348628,98.89376968881466,100.3293228149414,15749448,2.250001,0.0
2021-03-09 00:00:00+05:30,100.488825918713,101.21799759446463,97.18477236472529,98.43803405761719,12585004,0.0,0.0
2021-03-10 00:00:00+05:30,99.34951069776578,99.78245817794728,97.52658434964202,98.05067443847656,10661165,0.0,0.0
2021-03-12 00:00:00+05:30,98.30133257086293,100.67113316410952,98.16460938314816,100.28376007080078,18173078,0.0,0.0
2021-03-15 00:00:00+05:30,100.71669150388027,103.22321488525468,100.14702709902244,102.1522445678711,30092241,0.0,0.0
2021-03-16 00:00:00+05:30,102.60799462163185,103.54224812306721,101.85603870767544,102.28898620605469,14767699,0.0,0.0
2021-03-17 00:00:00+05:30,102.51684899119671,102.53963309833308,99.9647508354321,100.46605682373047,12571132,0.0,0.0
2021-03-18 00:00:00+05:30,100.71668733279789,101.85601609532935,100.32931431728638,100.73947143554688,14232655,0.0,0.0
2021-03-19 00:00:00+05:30,101.12685583148607,105.77531399698157,99.87359405166418,104.90943145751953,70334403,0.0,0.0
2021-03-22 00:00:00+05:30,106.82350164818845,106.82350164818845,101.26357443962164,101.8788070678711,29180881,0.0,0.0
2021-03-23 00:00:00+05:30,101.87880516337785,102.0838868231303,99.57736342339986,99.80522918701172,38455903,0.0,0.0
2021-03-24 00:00:00+05:30,98.91654541549653,102.03830746108356,98.84818692599546,100.73947143554688,24398959,0.0,0.0
2021-03-25 00:00:00+05:30,100.73948907302007,101.81045953355601,98.14182274840131,98.6203384399414,20272124,0.0,0.0
2021-03-26 00:00:00+05:30,99.96475100936675,101.17243849605823,96.68348106320936,97.8000259399414,25184863,0.0,0.0
2021-03-30 00:00:00+05:30,98.8482050324439,101.94718354293511,98.16460764970756,100.87621307373047,53328751,0.0,0.0
2021-03-31 00:00:00+05:30,100.21540083609247,100.76228122044903,97.82280997172938,98.2785415649414,20694060,0.0,0.0
2021-04-01 00:00:00+05:30,98.7342722297478,99.9647499923521,97.86838344703806,99.66852569580078,11229344,0.0,0.0
2021-04-05 00:00:00+05:30,98.07345438080868,99.8052317563389,97.23034979748954,97.59493255615234,14484908,0.0,0.0
2021-04-06 00:00:00+05:30,98.0734533074256,99.80523066400204,95.02004955733842,95.33905792236328,25301732,0.0,0.0
2021-04-07 00:00:00+05:30,96.1138148472895,98.52919595860382,95.49857597076344,95.95430755615234,22841720,0.0,0.0
2021-04-08 00:00:00+05:30,96.59232151787181,97.29870911800224,95.02005140388083,95.24791717529297,20468881,0.0,0.0
2021-04-09 00:00:00+05:30,95.43020760070172,96.36445478163573,94.79218468338671,94.92890167236328,11773021,0.0,0.0
2021-04-12 00:00:00+05:30,94.17695679564487,94.17695679564487,90.46274556419195,91.6704330444336,18544315,0.0,0.0
2021-04-13 00:00:00+05:30,93.49336008005902,95.43021935626169,92.26288230267518,95.13399505615234,19831072,0.0,0.0
2021-04-15 00:00:00+05:30,94.74660893532229,96.3416692963754,94.35923589710134,94.70103454589844,10159348,0.0,0.0
2021-04-16 00:00:00+05:30,94.56432921479521,97.89116733398154,94.45039631781957,95.63529968261719,22020846,0.0,0.0
2021-04-19 00:00:00+05:30,93.81236501579514,94.33646127496559,91.14634023221382,91.6932144165039,18404990,0.0,0.0
2021-04-20 00:00:00+05:30,93.42498949489344,93.74399786096468,91.89828761484213,92.83253479003906,14467660,0.0,0.0
2021-04-22 00:00:00+05:30,92.96927640327702,93.37943363031228,91.69322414207693,92.71862030029297,11626459,0.0,0.0
2021-04-23 00:00:00+05:30,93.10598254717307,97.0252753083092,92.96926554787677,96.22774505615234,38318040,0.0,0.0
2021-04-26 00:00:00+05:30,94.88333220385557,98.64312377078583,94.88333220385557,98.34689331054688,19139358,0.0,0.0
2021-04-27 00:00:00+05:30,98.46082040179633,100.48882820530622,98.34688751803183,98.73426055908203,15270611,0.0,0.0
2021-04-28 00:00:00+05:30,99.7140822290528,101.03570862712755,98.57475339019841,100.6711196899414,16383579,0.0,0.0
2021-04-29 00:00:00+05:30,101.67373334109857,101.92438321758328,99.82801688071731,100.3293228149414,14761969,0.0,0.0
2021-04-30 00:00:00+05:30,99.23557987126455,101.30915616301225,98.7342738788212,100.28376007080078,16897105,0.0,0.0
2021-05-03 00:00:00+05:30,99.12165269233155,101.55981811076707,98.7798539752029,100.62556457519531,15528063,0.0,0.0
2021-05-04 00:00:00+05:30,100.8989935679735,101.03571674837858,98.75705888751126,99.3722915649414,20857434,0.0,0.0
2021-05-05 00:00:00+05:30,99.37227863860969,100.42046482701377,98.80261424749472,99.44064331054688,23178237,0.0,0.0
2021-05-06 00:00:00+05:30,99.55458145420648,99.98752270559955,97.34428226352696,98.16459655761719,18823613,0.0,0.0
2021-05-07 00:00:00+05:30,98.59755752644082,98.80263303749032,97.29872123143898,97.77723693847656,12509591,0.0,0.0
2021-05-10 00:00:00+05:30,98.16459625897885,100.32932105312233,97.95952077670746,100.1926040649414,17845577,0.0,0.0
2021-05-11 00:00:00+05:30,100.26097674756288,102.63078354059785,99.53180495114786,101.81046295166016,22995780,0.0,0.0
2021-05-12 00:00:00+05:30,101.81044560624102,107.09693250302324,101.65093833712929,102.97256469726562,55645370,0.0,0.0
2021-05-14 00:00:00+05:30,103.79288207898935,104.81827803528545,102.01553032432705,104.29418182373047,18820793,0.0,0.0
2021-05-17 00:00:00+05:30,105.25122425942428,105.27400836346759,103.49665662919921,104.089111328125,10996347,0.0,0.0
2021-05-18 00:00:00+05:30,105.22844902153108,109.3072490392734,104.13468831020565,106.23104858398438,52885042,0.0,0.0
2021-05-19 00:00:00+05:30,106.73234911242366,108.46412641480082,105.45630332975146,106.52726745605469,28081040,0.0,0.0
2021-05-20 00:00:00+05:30,106.64121715033092,107.07416463481614,104.08912518259271,104.33977508544922,10707136,0.0,0.0
2021-05-21 00:00:00+05:30,103.92959378002176,104.47647406805956,102.99534665098261,103.88402557373047,21702883,0.0,0.0
2021-05-24 00:00:00+05:30,104.36254663117364,106.82350187440105,104.08911265415243,105.27400970458984,22028927,0.0,0.0
2021-05-25 00:00:00+05:30,106.18546841431406,106.84628158788652,105.34237005105486,106.13990020751953,9165363,0.0,0.0
2021-05-26 00:00:00+05:30,106.2766256229083,106.5500596103883,102.51684030125546,102.81306457519531,18322114,0.0,0.0
2021-05-27 00:00:00+05:30,103.31436022683455,104.6359741846494,101.74208404921094,104.04352569580078,51194207,0.0,0.0
2021-05-28 00:00:00+05:30,105.27402064876206,105.27402064876206,102.44848235493012,102.74471282958984,15307498,0.0,0.0
2021-05-31 00:00:00+05:30,102.99536086445454,103.26880104620848,101.96996481881858,102.83585357666016,13102261,0.0,0.0
2021-06-01 00:00:00+05:30,103.13206294901688,103.90680898839463,102.0383085614427,102.26617431640625,15733731,0.0,0.0
2021-06-02 00:00:00+05:30,102.1750460905228,103.97518828036358,102.1294716968708,103.65617370605469,7995532,0.0,0.0
2021-06-03 00:00:00+05:30,104.38533421647057,105.47909488604758,102.83584817624285,103.13207244873047,10291328,0.0,0.0
2021-06-04 00:00:00+05:30,102.99536220211247,103.97519004789426,102.44848183150195,103.063720703125,6142487,0.0,0.0
2021-06-07 00:00:00+05:30,103.5877959152911,108.37297683680075,103.40550454500826,107.66659545898438,18058790,0.0,0.0
2021-06-08 00:00:00+05:30,108.8970756345974,108.8970756345974,105.75252315154891,106.66398620605469,22511761,0.0,0.0
2021-06-09 00:00:00+05:30,107.55267169871955,111.88212147096597,106.55005980527635,110.3326416015625,39865778,0.0,0.0
2021-06-10 00:00:00+05:30,113.02144616897529,113.02144616897529,109.48952674885165,110.12755584716797,32690784,0.0,0.0
2021-06-11 00:00:00+05:30,113.38604069440038,113.38604069440038,111.19853155709124,112.24671173095703,29142097,0.0,0.0
2021-06-14 00:00:00+05:30,112.99868589350247,113.84178447173855,110.3326607785295,113.34048461914062,18732629,0.0,0.0
2021-06-15 00:00:00+05:30,114.18354748545927,114.6164948750285,112.58848726468375,112.83914947509766,15026686,0.0,0.0
2021-06-16 00:00:00+05:30,112.4973559239827,112.79357398939416,109.80853505712143,110.35541534423828,30706682,0.0,0.0
2021-06-17 00:00:00+05:30,111.22130594854886,111.22130594854886,107.8944681383995,109.30724334716797,22261167,0.0,0.0
2021-06-18 00:00:00+05:30,111.19850939154465,111.6542408860796,104.8638366725056,106.18546295166016,49278209,0.0,0.0
2021-06-21 00:00:00+05:30,105.68417678774894,107.30202132804533,104.08911635259567,107.0285873413086,11719831,0.0,0.0
2021-06-22 00:00:00+05:30,105.75252315154891,108.0083966839525,105.75252315154891,106.66398620605469,10961545,0.0,0.0
2021-06-23 00:00:00+05:30,107.43873407821239,107.55266696193794,105.72974082232913,105.84367370605469,10721151,0.0,0.0
2021-06-24 00:00:00+05:30,105.84368413114329,106.16269870949803,103.95239313001254,105.3423843383789,12964208,0.0,0.0
2021-06-25 00:00:00+05:30,105.47910433212161,106.09433703728675,104.54485703955169,105.20565795898438,7736431,0.0,0.0
2021-06-28 00:00:00+05:30,105.72974926321636,105.95761504885903,105.13730069304745,105.66138458251953,9989595,0.0,0.0
2021-06-29 00:00:00+05:30,106.00318108428728,108.4185682525094,105.57024599046427,107.55267333984375,61089570,0.0,0.0
2021-06-30 00:00:00+05:30,108.07676554884004,108.28184721655788,105.72974314747572,105.91204071044922,17437744,0.0,0.0
2021-07-01 00:00:00+05:30,105.98039152042273,106.16268908080873,104.90942735005517,105.182861328125,15924813,0.0,0.0
2021-07-02 00:00:00+05:30,105.18285544062532,105.31957242200765,103.72451212669402,103.88402557373047,9549992,0.0,0.0
2021-07-05 00:00:00+05:30,104.49927786163059,105.22845583724688,104.06633037025074,104.95500946044922,6849185,0.0,0.0
2021-07-06 00:00:00+05:30,104.54483914860751,105.0461388698048,104.04352706490165,104.27139282226562,5343938,0.0,0.0
2021-07-07 00:00:00+05:30,104.27139299978838,105.4790864608769,104.27139299978838,105.251220703125,7228897,0.0,0.0
2021-07-08 00:00:00+05:30,104.86385628959164,106.253847497958,104.61320639320945,105.3423843383789,8740010,0.0,0.0
2021-07-09 00:00:00+05:30,105.29679559263046,105.47909315540544,104.81827994348282,104.93221282958984,2990856,0.0,0.0
2021-07-12 00:00:00+05:30,105.13729492933989,105.61581058045488,103.99796606358545,104.362548828125,5578309,0.0,0.0
2021-07-13 00:00:00+05:30,105.00057891953841,105.68417624538162,104.04353524585223,104.20304870605469,8264289,0.0,0.0
2021-07-14 00:00:00+05:30,104.20304555428044,105.47909138475663,104.11189677442304,104.79549407958984,9228746,0.0,0.0
2021-07-15 00:00:00+05:30,105.2740061724368,105.47908782957637,104.49926011352548,105.00057220458984,5376823,0.0,0.0
2021-07-16 00:00:00+05:30,105.57024591348342,107.7805390422148,105.04614967264536,106.57284545898438,15903784,0.0,0.0
2021-07-19 00:00:00+05:30,106.57283977153368,106.93743489136018,105.5018756039435,106.25383758544922,13725925,0.0,0.0
2021-07-20 00:00:00+05:30,107.05136943166079,107.68938617620836,105.25122735908027,105.41072845458984,14178067,0.0,0.0
2021-07-22 00:00:00+05:30,106.86908006245906,106.86908006245906,104.22583937522917,106.2994155883789,10378326,0.0,0.0
2021-07-23 00:00:00+05:30,106.52726157256137,106.61841034396997,105.75251555935036,106.18546295166016,6660369,0.0,0.0
2021-07-26 00:00:00+05:30,106.39055047082758,107.2564453032557,105.75252139824804,106.04875183105469,12963701,0.0,0.0
2021-07-27 00:00:00+05:30,106.18548083450169,107.02859165888559,105.11451658698519,105.66138458251953,10832912,0.0,0.0
2021-07-28 00:00:00+05:30,105.72975843471275,105.91205602404426,103.63339178870054,103.95240020751953,13828088,0.0,0.0
2021-07-29 00:00:00+05:30,103.90680081052061,105.45629313603253,101.56738115951096,101.71929168701172,28609665,0.0,1.3333333333333333
2021-07-30 00:00:00+05:30,102.72189557650616,105.24360657803375,102.20540226497481,103.9979476928711,34142169,0.0,0.0
2021-08-02 00:00:00+05:30,104.21061271533631,104.5144337436609,102.87379895445716,103.90679168701172,9575755,0.0,0.0
2021-08-03 00:00:00+05:30,104.84864093209036,106.4588824785697,103.96755253990345,106.0031509399414,20959435,0.0,0.0
2021-08-04 00:00:00+05:30,106.73232472567592,107.3095797074616,105.63856412991403,106.48926544189453,23323277,0.0,0.0
2021-08-05 00:00:00+05:30,106.48927224122475,106.79309327472325,105.27398810723075,106.4588851928711,6621382,0.0,0.0
2021-08-06 00:00:00+05:30,106.64119288853236,107.24883501325334,106.0639378150517,106.33737182617188,5340311,0.0,0.0
2021-08-09 00:00:00+05:30,107.55265292803881,107.55265292803881,105.76011365757563,107.21844482421875,16415005,0.0,0.0
2021-08-10 00:00:00+05:30,107.00576797406958,107.00576797406958,104.11946808979239,104.87902069091797,11925263,0.0,0.0
2021-08-11 00:00:00+05:30,105.09169866617054,107.5526541727547,104.84865171059076,107.15768432617188,31279965,0.0,0.0
2021-08-12 00:00:00+05:30,107.55264580058542,114.05441096895035,107.12730129892023,113.62906646728516,58107755,0.0,0.0
2021-08-13 00:00:00+05:30,111.92767086432701,113.81137128098523,111.5630880736065,112.26187896728516,26776843,0.0,0.0
2021-08-16 00:00:00+05:30,111.80613461331902,111.98843216910514,109.61862575642976,109.80091094970703,21308655,0.0,0.0
2021-08-17 00:00:00+05:30,110.01362545221787,111.65425445015401,109.98323839715852,111.35043334960938,15962459,0.0,0.0
2021-08-18 00:00:00+05:30,111.62383831174364,113.02141995511697,109.4667164774175,109.74015045166016,25227527,0.0,0.0
2021-08-20 00:00:00+05:30,107.73494454833455,109.40596025002186,107.58303402999935,108.52487182617188,18720467,0.0,0.0
2021-08-23 00:00:00+05:30,109.07173418775986,109.31479344953773,105.85122678484525,106.73231506347656,13112745,0.0,0.0
2021-08-24 00:00:00+05:30,107.7349271125046,108.95021106250461,106.61077956874847,107.3095703125,11029463,0.0,0.0
2021-08-25 00:00:00+05:30,107.67416080352757,107.8260713082518,106.36774035290605,106.64117431640625,12001351,0.0,0.0
2021-08-26 00:00:00+05:30,106.5804123965151,106.5804123965151,104.27136778383068,105.18283081054688,12115246,0.0,0.0
2021-08-27 00:00:00+05:30,105.60820233250563,106.24621912246138,104.362531077695,105.94239807128906,8051699,0.0,0.0
2021-08-30 00:00:00+05:30,106.45887676573376,107.15766755996691,105.00054581038802,106.64117431640625,14512401,0.0,0.0
2021-08-31 00:00:00+05:30,106.64118998746113,107.5830402001608,106.30698188295214,106.55004119873047,43248333,0.0,0.0
2021-09-01 00:00:00+05:30,108.03874777833843,108.03874777833843,106.1246730902857,106.73231506347656,11817591,0.0,0.0
2021-09-02 00:00:00+05:30,106.58041857425326,107.00576306637173,105.85124069310976,106.7930908203125,13545023,0.0,0.0
2021-09-03 00:00:00+05:30,106.94501145836061,107.43113009181187,105.9727865539685,106.67157745361328,12286475,0.0,0.0
2021-09-06 00:00:00+05:30,106.76270640369087,107.15767622039682,105.12207776507786,105.79048156738281,13950485,0.0,0.0
2021-09-07 00:00:00+05:30,105.79048174532375,105.82086879377897,104.78786985892515,105.12207794189453,12485031,0.0,0.0
2021-09-08 00:00:00+05:30,105.89503293962292,107.34818853974042,105.24575078404564,106.88441467285156,25370295,2.25,0.0
2021-09-09 00:00:00+05:30,106.6061549126524,107.68829393059849,106.29697233609637,107.2863540649414,5078350,0.0,0.0
2021-09-13 00:00:00+05:30,107.75012431584061,107.78104760472755,106.79165332839551,107.53369903564453,7522483,0.0,0.0
2021-09-14 00:00:00+05:30,107.53370352163094,108.27573667916457,107.28635494222928,107.6573715209961,8434427,0.0,0.0
2021-09-15 00:00:00+05:30,107.59553737182418,110.68736315837084,107.44094608249684,110.00716400146484,20064238,0.0,0.0
2021-09-16 00:00:00+05:30,110.65644697911371,112.32604055954121,110.25451966557152,110.96562957763672,16214883,0.0,0.0
2021-09-17 00:00:00+05:30,111.02746403266633,111.5530718766009,109.29603663781872,110.56369018554688,21219226,0.0,0.0
2021-09-20 00:00:00+05:30,109.57430582219584,110.81103619301373,108.27574144897144,109.45063781738281,7833069,0.0,0.0
2021-09-21 00:00:00+05:30,108.86319644233701,110.31635211883915,108.49216726478586,108.77043914794922,9481007,0.0,0.0
2021-09-22 00:00:00+05:30,108.70859393053449,109.72888632152775,108.70859393053449,109.29603576660156,9165634,0.0,0.0
2021-09-23 00:00:00+05:30,109.45063818119687,110.53277725925955,109.45063818119687,110.22359466552734,10295913,0.0,0.0
2021-09-24 00:00:00+05:30,110.2545058335387,110.99653894463293,108.70859303486694,108.92501831054688,7093411,0.0,0.0
2021-09-27 00:00:00+05:30,109.14145799116655,109.543397888005,108.27574419351578,108.832275390625,5205649,0.0,0.0
2021-09-28 00:00:00+05:30,109.35787793124118,116.80918327106353,108.89410405317767,113.7482681274414,38873626,0.0,0.0
2021-09-29 00:00:00+05:30,113.47001377528424,121.38509333792715,112.82072528544563,120.61213684082031,53686662,0.0,0.0
2021-09-30 00:00:00+05:30,120.55026441177343,122.43628289263995,116.65457204995474,117.42752838134766,23618199,0.0,0.0
2021-10-01 00:00:00+05:30,117.98407831327071,119.65365922365781,117.27295585859788,118.63335418701172,16994903,0.0,0.0
2021-10-04 00:00:00+05:30,118.72609934138933,119.37538772943063,117.52029242722142,118.50967407226562,10757286,0.0,0.0
2021-10-05 00:00:00+05:30,118.50968627467155,120.64304105960596,117.08744136426763,117.45845794677734,17200858,0.0,0.0
2021-10-06 00:00:00+05:30,118.69518838061397,118.81886896200761,115.47969455512278,116.00530242919922,8929507,0.0,0.0
2021-10-07 00:00:00+05:30,118.10775238289926,118.4478582728152,116.00530820131009,116.43817138671875,6733699,0.0,0.0
2021-10-08 00:00:00+05:30,116.8710184341138,117.58214090368321,115.63428808031364,116.067138671875,8165175,0.0,0.0
2021-10-11 00:00:00+05:30,117.48934934638164,120.64300831270354,117.05649888105694,119.6227035522461,12982042,0.0,0.0
2021-10-12 00:00:00+05:30,119.90099603681092,120.36476986425036,118.5096745544926,119.5608901977539,8539966,0.0,0.0
2021-10-13 00:00:00+05:30,120.64301955840027,126.45565358401961,120.0555777891774,123.30199432373047,33075614,0.0,0.0
2021-10-14 00:00:00+05:30,123.79668398330298,127.35228319329066,122.59087710957508,126.54841613769531,19185455,0.0,0.0
2021-10-18 00:00:00+05:30,129.73301818227958,129.82576289358832,125.0025220979966,126.0228271484375,38546365,0.0,0.0
2021-10-19 00:00:00+05:30,126.14649266774171,126.64118982811905,121.81793654678978,122.83824157714844,16174177,0.0,0.0
2021-10-20 00:00:00+05:30,123.67303359859541,123.82762489059365,119.5609027153078,120.17926788330078,21909934,0.0,0.0
2021-10-21 00:00:00+05:30,121.35416513222553,122.0343643060043,119.65366090744276,119.99376678466797,16946547,0.0,0.0
2021-10-22 00:00:00+05:30,121.13774887097485,121.81794809547496,118.26234808761211,120.2411117553711,7705870,0.0,0.0
2021-10-25 00:00:00+05:30,120.24111690967622,120.5812228268417,117.79857922314534,119.12806701660156,7862419,0.0,0.0
2021-10-26 00:00:00+05:30,119.09711540801676,119.31354067627241,117.30385410693965,117.7367172241211,8525850,0.0,0.0
2021-10-27 00:00:00+05:30,117.58214792834396,118.63336375960773,116.59276610232997,117.64398193359375,9862679,0.0,0.0
2021-10-28 00:00:00+05:30,117.92222371095586,118.16957227584348,114.55213882895788,114.9540786743164,11095238,0.0,0.0
2021-10-29 00:00:00+05:30,115.5724474215047,116.654586418746,112.10960514646675,114.42847442626953,12988035,0.0,0.0
2021-11-01 00:00:00+05:30,114.15021530866683,116.56184214504358,114.11930459655434,116.09806823730469,5475153,0.0,0.0
2021-11-02 00:00:00+05:30,116.65456313786314,118.26230966819907,114.49028557530787,114.70671081542969,10946890,0.0,0.0
2021-11-03 00:00:00+05:30,114.70673917437463,115.8198015139957,113.16082624749627,113.7482681274414,13957727,0.0,0.0
2021-11-04 00:00:00+05:30,114.36662784760466,114.92315899089152,113.93377728097654,114.42847442626953,830214,0.0,0.0
2021-11-08 00:00:00+05:30,116.00531214593057,117.70581649198964,114.15021649568433,116.96378326416016,11947323,0.0,0.0
2021-11-09 00:00:00+05:30,117.70582132634048,117.70582132634048,114.58308440190744,115.35604095458984,10381150,0.0,0.0
2021-11-10 00:00:00+05:30,114.98498576515424,115.32509160376048,113.50091958385113,114.02652740478516,13857851,0.0,0.0
2021-11-11 00:00:00+05:30,114.39756168772675,114.55215298730477,111.73858630271613,112.63522338867188,8851354,0.0,0.0
2021-11-12 00:00:00+05:30,113.59366560526082,113.59366560526082,111.49123429708291,112.54244995117188,9590673,0.0,0.0
2021-11-15 00:00:00+05:30,112.66613362827694,116.7164306925248,112.54246562140139,116.43817138671875,24821341,0.0,0.0
2021-11-16 00:00:00+05:30,116.87101617626884,118.32417179777597,115.32510326388433,116.00530242919922,23206330,0.0,0.0
2021-11-17 00:00:00+05:30,115.63429534827257,119.83918384775149,115.63429534827257,118.13867950439453,18359498,0.0,0.0
2021-11-18 00:00:00+05:30,118.63334610439207,120.24109290498127,118.13866155534112,119.03528594970703,10742933,0.0,0.0
2021-11-22 00:00:00+05:30,120.21017501117291,121.8179217156516,118.72609629139647,120.08649444580078,25095721,0.0,0.0
2021-11-23 00:00:00+05:30,119.499070944337,125.15711485317865,119.43723694251828,124.81700897216797,19671538,0.0,0.0
2021-11-24 00:00:00+05:30,125.03346452600928,128.27988250415453,124.90979649244511,125.71367645263672,18120478,0.0,0.0
2021-11-25 00:00:00+05:30,125.2807965110083,126.76487561976457,124.44600594379327,126.30110168457031,18537454,0.0,0.0
2021-11-26 00:00:00+05:30,126.17742081017391,126.73393941116012,124.16773396244938,124.9097671508789,12814537,0.0,0.0
2021-11-29 00:00:00+05:30,123.05468776669544,126.14651409249181,122.7455051341158,123.82764434814453,16066147,0.0,0.0
2021-11-30 00:00:00+05:30,123.85855716101582,129.5475120867322,123.85855716101582,127.84700775146484,37739647,0.0,0.0
2021-12-01 00:00:00+05:30,128.00157615245593,129.08371508128104,126.57933138516056,128.125244140625,20332817,0.0,0.0
2021-12-02 00:00:00+05:30,129.23831959259815,133.56687575120193,127.6924066788111,132.6393280029297,33758843,0.0,0.0
2021-12-03 00:00:00+05:30,131.80452448846992,133.84512178411518,127.07402892477138,127.4450454711914,47614182,0.0,0.0
2021-12-06 00:00:00+05:30,128.21801836869108,128.61995825437037,124.50782726519964,124.9097671508789,11322446,0.0,0.0
2021-12-07 00:00:00+05:30,125.28076096602146,127.97064651083214,125.00250171612261,127.25953674316406,8049102,0.0,0.0
2021-12-08 00:00:00+05:30,126.85763014954219,128.40354323305922,125.86824829222587,126.64120483398438,8788449,0.0,0.0
2021-12-09 00:00:00+05:30,127.07404703777232,127.66148893828152,124.97160286748498,125.65180206298828,5755422,0.0,0.0
2021-12-10 00:00:00+05:30,126.30107293793891,126.30107293793891,124.81699416696493,125.31169128417969,6164402,0.0,0.0
2021-12-13 00:00:00+05:30,127.07405145302388,129.64026960677418,125.9609890357649,126.39385223388672,21648126,0.0,0.0
2021-12-14 00:00:00+05:30,126.20832268636737,131.80453224133365,125.65179154366652,131.2480010986328,48042035,0.0,0.0
2021-12-15 00:00:00+05:30,131.7736181213013,133.35045437189692,128.4962901963191,129.76393127441406,15207306,0.0,0.0
2021-12-16 00:00:00+05:30,130.7224133882885,130.96976199878856,127.56875320126328,128.74363708496094,13410737,0.0,0.0
2021-12-17 00:00:00+05:30,128.74359059800872,130.16583515933291,126.79575087274819,129.8257293701172,15209414,0.0,0.0
2021-12-20 00:00:00+05:30,130.32046245584027,131.4953588209241,128.31077560895307,129.76393127441406,22539246,0.0,0.0
2021-12-21 00:00:00+05:30,130.75331050964783,130.93882509340654,126.64119218282194,127.75424194335938,17566511,0.0,0.0
2021-12-22 00:00:00+05:30,125.98865129842532,128.00648234164626,124.853613318453,127.09215545654297,14750231,3.0,0.0
2021-12-23 00:00:00+05:30,127.69118160861939,132.1682525708142,127.40742855888911,131.38003540039062,15932489,0.0,0.0
2021-12-24 00:00:00+05:30,131.28545049897966,131.60073737609446,129.1730309881217,129.5198516845703,8975969,0.0,0.0
2021-12-27 00:00:00+05:30,129.5198614051049,130.68642037216935,129.26762931867174,129.9612579345703,8648187,0.0,0.0
2021-12-28 00:00:00+05:30,130.30808850827088,131.56923620672197,128.19566867917686,129.64598083496094,15736206,0.0,0.0
2021-12-29 00:00:00+05:30,128.00648061020044,129.83514718472892,127.81730333974494,129.01539611816406,17172943,0.0,0.0
2021-12-30 00:00:00+05:30,129.01539667723577,133.30330364098322,127.15520910227497,129.4883270263672,87481206,0.0,0.0
2021-12-31 00:00:00+05:30,128.6370349217238,130.0242919314146,128.3532818880772,128.88926696777344,9842223,0.0,0.0
2022-01-03 00:00:00+05:30,129.5198559772299,130.49723763124547,128.73163875831912,129.2676239013672,7410054,0.0,0.0
2022-01-04 00:00:00+05:30,130.08733882458333,134.31217681338322,129.58287481291197,132.79879760742188,14784090,0.0,0.0
2022-01-05 00:00:00+05:30,132.42050121080604,133.2717732956355,131.19088740261427,131.56922912597656,9565107,0.0,0.0
2022-01-06 00:00:00+05:30,131.00170667037182,131.60074664747043,129.04693046035572,129.86666870117188,5615931,0.0,0.0
2022-01-07 00:00:00+05:30,130.49722654692408,131.47462094697693,128.952326060704,129.3937225341797,11908249,0.0,0.0
2022-01-10 00:00:00+05:30,130.68638827754,130.68638827754,128.29020328847753,128.63702392578125,11085710,0.0,0.0
2022-01-11 00:00:00+05:30,128.98387456274466,129.77209180444058,128.3217669480974,128.54246520996094,7208789,0.0,0.0
2022-01-12 00:00:00+05:30,129.89820688561167,130.33960342787194,128.85775751707567,129.23609924316406,11018139,0.0,0.0
2022-01-13 00:00:00+05:30,130.90710022443463,133.3663402704092,130.2450055233621,131.15933227539062,20522807,0.0,0.0
2022-01-14 00:00:00+05:30,131.12780334123264,132.19978639045172,130.24501037359465,131.00169372558594,14183654,0.0,0.0
2022-01-17 00:00:00+05:30,131.88452365969212,132.1367557662044,129.7721038221353,130.11891174316406,7574539,0.0,0.0
2022-01-18 00:00:00+05:30,130.05584172482006,131.06475720390435,129.01539242521022,129.36221313476562,8475422,0.0,0.0
2022-01-19 00:00:00+05:30,129.8982081343026,130.78101405636662,126.7768728277469,129.04693603515625,13724367,0.0,0.0
2022-01-20 00:00:00+05:30,130.59182407861442,135.79405763639573,129.51985381045162,135.3526611328125,30170343,0.0,0.0
2022-01-21 00:00:00+05:30,134.8797150181464,138.2532816978708,134.31219613065667,135.6363983154297,29509593,0.0,0.0
2022-01-24 00:00:00+05:30,136.4561436437259,137.3074155254899,133.36633012005103,134.94276428222656,12850189,0.0,0.0
2022-01-25 00:00:00+05:30,134.6275009842506,138.85234014581064,133.65010650122017,138.00106811523438,27389035,0.0,0.0
2022-01-27 00:00:00+05:30,137.46506952875518,138.28482048784224,133.90232548203835,135.478759765625,28512473,0.0,0.0
2022-01-28 00:00:00+05:30,137.1497939603649,137.1497939603649,131.94756039635107,132.54660034179688,18932049,0.0,0.0
2022-01-31 00:00:00+05:30,133.6816386664036,136.6768640610518,133.17717452094564,135.82559204101562,19907759,0.0,0.0
2022-02-01 00:00:00+05:30,136.834498894517,136.86603271252037,133.24023377867945,134.28067016601562,8622355,0.0,0.0
2022-02-02 00:00:00+05:30,135.47874933155543,137.33894934035501,134.4698340335739,134.94276428222656,9921099,0.0,0.0
2022-02-03 00:00:00+05:30,134.94276286181793,135.5733365200507,133.05104188711954,133.24021911621094,4594389,0.0,0.0
2022-02-04 00:00:00+05:30,133.6816481413819,134.53292022175384,131.85298152080634,132.2313232421875,7329263,0.0,0.0
2022-02-07 00:00:00+05:30,133.08258732720208,135.13195189548276,132.42047979659708,134.72207641601562,7869237,0.0,0.0
2022-02-08 00:00:00+05:30,134.9427876429941,135.8255934924511,131.47463188581435,132.4520263671875,9074237,0.0,0.0
2022-02-09 00:00:00+05:30,132.79885270307108,133.46096038945367,131.6007598000758,132.01063537597656,9833985,0.0,0.0
2022-02-10 00:00:00+05:30,132.452017816553,136.01474914659528,132.452017816553,133.71316528320312,19180334,0.0,0.0
2022-02-11 00:00:00+05:30,132.5465849819756,133.68162275967012,130.5602881145921,131.03321838378906,20071130,0.0,0.0
2022-02-14 00:00:00+05:30,130.49722682684697,130.49722682684697,126.90296173782025,127.28130340576172,12109375,0.0,0.0
2022-02-15 00:00:00+05:30,127.37591052736738,128.542469518366,125.48418908389162,128.2902374267578,19046061,0.0,0.0
2022-02-16 00:00:00+05:30,128.71150257487935,130.26693125683911,126.83202680024087,127.22089385986328,20270061,4.125,0.0
2022-02-17 00:00:00+05:30,128.4846476056249,128.87350140516088,127.02643596823445,127.67453002929688,16405551,0.0,0.0
2022-02-18 00:00:00+05:30,127.5449224104764,129.71603497869245,126.5403712950068,126.8320083618164,14600643,0.0,0.0
2022-02-21 00:00:00+05:30,126.83203730173068,128.9707535646964,126.73483371428672,128.4198760986328,10682638,0.0,0.0
2022-02-22 00:00:00+05:30,125.85989594320282,128.61429645903175,124.30448031796708,128.4198760986328,13606058,0.0,0.0
2022-02-23 00:00:00+05:30,128.54949238598766,129.29480341369518,128.06342169646248,128.35507202148438,6493463,0.0,0.0
2022-02-24 00:00:00+05:30,125.73026764124188,127.02645596744026,123.07308420963713,123.85079193115234,13145037,0.0,0.0
2022-02-25 00:00:00+05:30,124.79052576542342,128.2578266060056,124.53128548513043,127.86897277832031,10920938,0.0,0.0
2022-02-28 00:00:00+05:30,127.96617997072651,136.26179006202346,127.05885874226392,135.54888916015625,31938385,0.0,0.0
2022-03-02 00:00:00+05:30,134.6415304087619,138.1412406954772,133.63697942031828,136.6830291748047,20502615,0.0,0.0
2022-03-03 00:00:00+05:30,136.5533965170962,142.1594120896256,136.5533965170962,141.18727111816406,19805555,0.0,0.0
2022-03-04 00:00:00+05:30,139.9559090017033,140.9604600833972,136.71543865495855,139.3726348876953,12794317,0.0,0.0
2022-03-07 00:00:00+05:30,136.42380701801017,139.46984399076484,135.35444912399777,137.9144287109375,17635653,0.0,0.0
2022-03-08 00:00:00+05:30,138.69213006232283,144.78421691711515,135.9701402605363,137.62277221679688,28410490,0.0,0.0
2022-03-09 00:00:00+05:30,139.4374463008105,139.98832364099985,133.89623654915104,134.86837768554688,22830958,0.0,0.0
2022-03-10 00:00:00+05:30,136.74785132476637,137.00709159471108,134.1878849746433,135.3544464111328,16516553,0.0,0.0
2022-03-11 00:00:00+05:30,135.6460905752781,138.0440332973197,134.64153951886465,137.6875762939453,12992850,0.0,0.0
2022-03-14 00:00:00+05:30,137.68757119373234,138.6921222129353,135.84050584809134,138.3032684326172,12598659,0.0,0.0
2022-03-15 00:00:00+05:30,138.1736508485221,139.37263542988808,134.99800044476427,135.8729248046875,14528285,0.0,0.0
2022-03-16 00:00:00+05:30,136.9098941398863,137.26635120948396,135.41927226676293,135.6785125732422,11933774,0.0,0.0
2022-03-17 00:00:00+05:30,137.39594614634626,137.88201671054324,134.64154628256338,137.10430908203125,28464621,0.0,0.0
2022-03-21 00:00:00+05:30,139.98832100698573,139.98832100698573,132.53523910152123,132.7944793701172,17797415,0.0,0.0
2022-03-22 00:00:00+05:30,132.85930477142668,135.7757285347019,132.24362058449466,135.2572479248047,13285297,0.0,0.0
2022-03-23 00:00:00+05:30,135.77572743730292,136.48862838101738,134.99801971425248,136.16458129882812,9408783,0.0,0.0
2022-03-24 00:00:00+05:30,136.09977532111878,136.8774830487499,134.80358698472716,136.58584594726562,11188958,0.0,0.0
2022-03-25 00:00:00+05:30,136.58582564664317,136.61823562443973,133.96103938136585,135.8729248046875,9842670,0.0,0.0
2022-03-28 00:00:00+05:30,135.87292586663645,137.88201486803507,134.4795209641235,137.5903778076172,12823578,0.0,0.0
2022-03-29 00:00:00+05:30,138.59492333550827,138.9837771659472,135.90533013125048,136.94229125976562,10470515,0.0,0.0
2022-03-30 00:00:00+05:30,138.10882643625055,141.73815013800797,137.26631216174766,140.70120239257812,54218485,0.0,0.0
2022-03-31 00:00:00+05:30,139.6966877991555,140.7984424891945,139.1782072476618,140.50680541992188,10326026,0.0,0.0
2022-04-01 00:00:00+05:30,140.05314143723135,146.30725254410325,140.05314143723135,145.8535919189453,39663961,0.0,0.0
2022-04-04 00:00:00+05:30,146.46926778838818,147.83026277232906,145.20548955733773,147.37660217285156,9907530,0.0,0.0
2022-04-05 00:00:00+05:30,149.0292128330852,152.04285262695487,147.0525340071539,151.03831481933594,17167487,0.0,0.0
2022-04-06 00:00:00+05:30,149.93657113002382,154.53803671745894,149.80695758100086,153.37147521972656,17153675,0.0,0.0
2022-04-07 00:00:00+05:30,152.91781503505675,155.47779493289184,149.06165997512161,149.93658447265625,11913911,0.0,0.0
2022-04-08 00:00:00+05:30,151.0059138414144,151.71881466021665,149.45048548234132,150.74667358398438,6746769,0.0,0.0
2022-04-11 00:00:00+05:30,150.68186052061657,152.6585525672402,148.02467766036509,149.64491271972656,12413822,0.0,0.0
2022-04-12 00:00:00+05:30,148.57557997146105,151.42719679340223,148.15431614796256,151.07073974609375,14769907,0.0,0.0
2022-04-13 00:00:00+05:30,152.2697021433368,152.5289424180933,147.47381639512784,148.7375946044922,11015439,0.0,0.0
2022-04-18 00:00:00+05:30,148.7375882635018,150.22820989067236,147.47381010801493,149.7745361328125,19069923,0.0,0.0
2022-04-19 00:00:00+05:30,150.81149727020048,151.23276108759384,146.79331897854533,147.66824340820312,15036942,0.0,0.0
2022-04-20 00:00:00+05:30,147.92747294220106,148.41354349951388,144.8166161011959,147.1173553466797,9814641,0.0,0.0
2022-04-21 00:00:00+05:30,146.53409273593627,148.1867381835204,145.9832153152449,147.27940368652344,11134333,0.0,0.0
2022-04-22 00:00:00+05:30,145.85359637004635,149.19127075451408,145.6267528650356,146.11282348632812,12032249,0.0,0.0
2022-04-25 00:00:00+05:30,145.14068108647675,147.0525667596221,143.55285567711869,144.4277801513672,11042683,0.0,0.0
2022-04-26 00:00:00+05:30,147.11735689043266,150.4874408489619,145.39990493280402,150.0985870361328,15389155,0.0,0.0
2022-04-27 00:00:00+05:30,149.93658687526803,150.9087281515531,147.4090169198248,148.60800170898438,12680209,0.0,0.0
2022-04-28 00:00:00+05:30,151.26517714903432,153.112242838235,149.09406438504374,152.69097900390625,18378146,0.0,0.0
2022-04-29 00:00:00+05:30,152.36692858893971,153.17704625815517,147.1497787104976,147.6034393310547,9026331,0.0,0.0
2022-05-02 00:00:00+05:30,146.40447324797006,151.16796268253654,146.40447324797006,150.0662078857422,12634353,0.0,0.0
2022-05-04 00:00:00+05:30,151.00592194298676,155.18612352085339,150.94111517152913,153.98715209960938,23124643,0.0,0.0
2022-05-05 00:00:00+05:30,154.50564476611248,155.96385657311868,150.908717034627,151.49200439453125,16481935,0.0,0.0
2022-05-06 00:00:00+05:30,150.0013687496462,154.99170105059716,150.0013687496462,154.50563049316406,17715186,0.0,0.0
2022-05-09 00:00:00+05:30,154.89448310497608,159.72277866396158,152.72337060232164,158.88026428222656,54118806,0.0,0.0
2022-05-10 00:00:00+05:30,159.3015317542921,160.95416376375312,157.16281599439208,157.9081268310547,30997494,0.0,0.0
2022-05-11 00:00:00+05:30,158.1349659501046,160.72734244108992,154.70006182534559,155.02410888671875,15412618,0.0,0.0
2022-05-12 00:00:00+05:30,154.89449564151036,156.77397123827896,150.45505352905417,152.88540649414062,26538994,0.0,0.0
2022-05-13 00:00:00+05:30,155.44539513555816,155.44539513555816,151.0707591757272,153.14466857910156,15074553,0.0,0.0
2022-05-16 00:00:00+05:30,152.62615041023133,154.1815787839976,151.0059152678722,152.4317169189453,7960529,0.0,0.0
2022-05-17 00:00:00+05:30,152.23729561778154,155.08891208679015,150.8438907673618,154.6676483154297,15470937,0.0,0.0
2022-05-18 00:00:00+05:30,153.92235401175586,154.4084246033719,147.1821725042446,147.70065307617188,19181550,0.0,0.0
2022-05-19 00:00:00+05:30,144.5249509152243,148.8347783217704,143.65002671943049,147.95985412597656,15085602,0.0,0.0
2022-05-20 00:00:00+05:30,149.5477233960807,151.07074199399855,146.95534682583445,148.4459686279297,15148281,0.0,0.0
2022-05-23 00:00:00+05:30,150.35783450740107,150.35783450740107,145.30269514200057,145.5619354248047,11572501,0.0,0.0
2022-05-24 00:00:00+05:30,145.8211671938455,148.83480728628652,145.5619269261771,147.1173553466797,16336858,0.0,0.0
2022-05-25 00:00:00+05:30,148.02470803648967,148.67280219322956,144.23335985666327,145.72396850585938,11062614,0.0,0.0
2022-05-26 00:00:00+05:30,147.11734996463795,148.47834483822257,145.10826103834566,147.24696350097656,14150454,0.0,0.0
2022-05-27 00:00:00+05:30,148.15432466146802,148.18673464417986,144.78424025084,145.6267547607422,8430491,0.0,0.0
2022-05-30 00:00:00+05:30,145.49712215561465,148.9968328534749,145.3675086127527,147.92747497558594,9305758,0.0,0.0
2022-05-31 00:00:00+05:30,147.92749112884988,152.39934344301227,147.89508114684133,150.94113159179688,26351545,0.0,0.0
2022-06-01 00:00:00+05:30,150.45505268065008,151.0059300458616,147.86267619917606,148.5431671142578,10282009,0.0,0.0
2022-06-02 00:00:00+05:30,148.67281821631508,148.67281821631508,145.529563854467,146.1776580810547,10071898,0.0,0.0
2022-06-03 00:00:00+05:30,146.46925354003906,147.83024839158404,145.8211594978265,146.46925354003906,16082518,0.0,0.0
2022-06-06 00:00:00+05:30,146.46925114282533,147.40898221445048,144.88142603959477,145.69154357910156,12693293,0.0,0.0
2022-06-07 00:00:00+05:30,145.14067812626837,146.63129993014866,144.97865459043396,145.82118225097656,9103195,0.0,0.0
2022-06-08 00:00:00+05:30,144.55739982830755,146.79331928493417,144.55739982830755,145.529541015625,11240130,0.0,0.0
2022-06-09 00:00:00+05:30,145.6267517452465,146.2748459019864,143.22880863951272,145.72396850585938,9468041,0.0,0.0
2022-06-10 00:00:00+05:30,143.90929122607315,147.40898859993743,143.90929122607315,145.46470642089844,9019239,0.0,0.0
2022-06-13 00:00:00+05:30,143.77968217837036,146.14522842411077,143.5528518666986,144.10372924804688,10186775,0.0,0.0
2022-06-14 00:00:00+05:30,144.1037228366396,147.3117965950102,143.8768925350599,145.1406707763672,17023962,0.0,0.0
2022-06-15 00:00:00+05:30,145.33509807779765,146.6636962218313,143.8120796202155,144.03890991210938,5898563,0.0,0.0
2022-06-16 00:00:00+05:30,144.75182315268543,145.36752049537787,139.7615035619624,140.2151641845703,11883333,0.0,0.0
2022-06-17 00:00:00+05:30,138.82175122049867,140.57161320526623,136.26178479463627,136.9746856689453,19675226,0.0,0.0
2022-06-20 00:00:00+05:30,135.51646875858563,136.68304337048474,133.7342100482167,134.96559143066406,7402273,0.0,0.0
2022-06-21 00:00:00+05:30,135.4840846540504,138.14126797943305,134.3499199139656,136.32659912109375,9459619,0.0,0.0
2022-06-22 00:00:00+05:30,136.61824336471813,136.90988043937972,134.93318813398056,136.52102661132812,10257637,0.0,0.0
2022-06-23 00:00:00+05:30,136.1645721557163,137.20152011199156,133.60460565252026,135.1600341796875,13114525,0.0,0.0
2022-06-24 00:00:00+05:30,137.3959736366283,137.3959736366283,134.64157322174307,135.41928100585938,9499105,0.0,0.0
2022-06-27 00:00:00+05:30,138.27087052479925,138.27087052479925,135.8729276822973,137.10430908203125,17545390,0.0,0.0
2022-06-28 00:00:00+05:30,135.8081036917677,137.10429169861632,135.0303829763548,136.29417419433594,6770087,0.0,0.0
2022-06-29 00:00:00+05:30,135.5164644758585,139.34022204345476,135.09520070234657,136.81265258789062,41502918,0.0,0.0
2022-06-30 00:00:00+05:30,137.07189072594966,139.1781963754028,136.35898991246694,137.3311309814453,22260722,0.0,0.0
2022-07-01 00:00:00+05:30,136.78025409074155,137.9792254423186,132.98889336192002,133.8314208984375,11133663,0.0,0.0
2022-07-04 00:00:00+05:30,132.8916850697209,137.49315000905546,132.8916850697209,136.55340576171875,20178279,0.0,0.0
2022-07-05 00:00:00+05:30,136.74785339041287,139.9559138711032,136.71544341161476,138.7893524169922,20083997,0.0,0.0
2022-07-06 00:00:00+05:30,138.69214261393859,138.78935936969495,134.93319141842275,136.3914031982422,19203527,0.0,0.0
2022-07-07 00:00:00+05:30,138.20607149981365,139.53466972395668,137.46076062250188,137.75241088867188,14069302,0.0,0.0
2022-07-08 00:00:00+05:30,138.69212190888652,142.19183229509062,137.8171976087122,141.802978515625,17142257,0.0,0.0
2022-07-11 00:00:00+05:30,142.5806954754968,143.39081306342575,140.1179327339897,140.6688232421875,10826079,0.0,0.0
2022-07-12 00:00:00+05:30,139.405020298967,140.6039915922782,138.14124224111322,138.36807250976562,8503695,0.0,0.0
2022-07-13 00:00:00+05:30,139.01618988769758,140.44199168926534,138.33568578187598,138.98377990722656,10210005,0.0,0.0
2022-07-14 00:00:00+05:30,142.09462808467595,142.09462808467595,137.94682330507985,139.24301147460938,10898403,0.0,0.0
2022-07-15 00:00:00+05:30,140.63642229308266,140.63642229308266,135.32205584929858,135.64610290527344,22067479,0.0,0.0
2022-07-18 00:00:00+05:30,136.32660182184654,137.65520010361305,135.38687057850578,136.2617950439453,15155654,0.0,0.0
2022-07-19 00:00:00+05:30,136.0349399380105,137.07188775198802,135.84050645423048,136.09974670410156,14922395,0.0,0.0
2022-07-20 00:00:00+05:30,136.94229144405995,137.59038555749987,135.12762265222474,135.6136932373047,14181034,0.0,0.0
2022-07-21 00:00:00+05:30,136.06734617841246,138.17365192845295,135.7432991399447,137.5903778076172,12461554,0.0,0.0
2022-07-22 00:00:00+05:30,138.6597128559998,138.6597128559998,135.7756996881394,136.09974670410156,9272199,0.0,0.0
2022-07-25 00:00:00+05:30,136.0997645395437,136.74785865639868,134.41472247282252,134.73876953125,6635194,0.0,0.0
2022-07-26 00:00:00+05:30,134.7387566417735,136.7478455747273,134.22027612368538,135.51646423339844,11451315,0.0,0.0
2022-07-27 00:00:00+05:30,136.03495602988653,136.74785691223252,135.71090897559213,136.52102661132812,9209354,0.0,0.0
2022-07-28 00:00:00+05:30,136.74786607275323,139.2106291245705,136.13218190255355,138.82176208496094,13192642,0.0,0.0
2022-07-29 00:00:00+05:30,140.2475674783399,141.15490186580078,137.94682812286854,138.65972900390625,15433067,0.0,0.0
2022-08-01 00:00:00+05:30,139.37265090696312,142.67792840344453,138.78936354040545,141.90020751953125,12136557,0.0,0.0
2022-08-02 00:00:00+05:30,142.548264877659,144.7841970082119,140.86322317561562,144.26571655273438,17748747,0.0,0.0
2022-08-03 00:00:00+05:30,144.75182533992935,145.65915978436428,142.35388226618133,144.91384887695312,12406038,0.0,0.0
2022-08-04 00:00:00+05:30,145.17307796853925,145.30269151395075,141.9974142508758,143.09918212890625,9712267,0.0,0.0
2022-08-05 00:00:00+05:30,143.68245192181848,145.6591441353444,141.83538643529053,144.9462432861328,14099223,0.0,0.0
2022-08-08 00:00:00+05:30,145.82116167769752,146.66368921937158,143.29359223818267,143.81207275390625,8392041,0.0,0.0
2022-08-10 00:00:00+05:30,143.0667858593149,145.7563792611559,142.93717230148306,144.8490447998047,8585266,0.0,0.0
2022-08-11 00:00:00+05:30,145.59435490737144,147.0525667596221,143.6824692342261,144.4277801513672,5040626,0.0,0.0
2022-08-12 00:00:00+05:30,144.52500121775904,148.1543259654977,143.87690704189467,147.79788208007812,13279062,0.0,0.0
2022-08-16 00:00:00+05:30,148.5431602506009,149.02923081841766,147.14976850459925,148.3163299560547,11298246,0.0,0.0
2022-08-17 00:00:00+05:30,148.31633836404578,149.67733339398535,147.5710274807071,148.08950805664062,11225465,0.0,0.0
2022-08-18 00:00:00+05:30,147.73306164461772,150.163414796386,147.60344808406063,149.93658447265625,11360485,0.0,0.0
2022-08-19 00:00:00+05:30,149.51117959914853,150.3292534934643,147.71141703165384,149.31484985351562,9829530,1.6875,0.0
2022-08-22 00:00:00+05:30,149.2821356704819,151.04918343809317,147.67871601219218,147.8750457763672,9190493,0.0,0.0
2022-08-23 00:00:00+05:30,147.22057578785353,149.77296905474003,146.7297314409525,148.92218017578125,8903751,0.0,0.0
2022-08-24 00:00:00+05:30,148.79127271755226,150.49286370306442,148.23498514930847,150.16563415527344,13007225,0.0,0.0
2022-08-25 00:00:00+05:30,150.85281827508845,151.18004781581533,147.3187365722374,148.10409545898438,12124365,0.0,0.0
2022-08-26 00:00:00+05:30,148.30043392797157,151.31094321694974,148.30043392797157,150.82009887695312,7966045,0.0,0.0
2022-08-29 00:00:00+05:30,149.38030109891952,149.80570220973792,147.64598168712482,148.59495544433594,7517013,0.0,0.0
2022-08-30 00:00:00+05:30,149.3475637858134,150.68921028920013,149.28212053772242,150.26380920410156,7214498,0.0,0.0
2022-09-01 00:00:00+05:30,147.28601628591989,150.59102653885324,147.25328800702798,147.9731903076172,13109081,0.0,0.0
2022-09-02 00:00:00+05:30,148.88944136904237,149.7729584680117,146.4679480881629,146.72972106933594,6897237,0.0,0.0
2022-09-05 00:00:00+05:30,147.25329336662978,147.61325118752762,145.0935730712509,146.20616149902344,18055474,0.0,0.0
2022-09-06 00:00:00+05:30,146.5988234313518,149.2166595640545,146.5988234313518,147.2860107421875,14103701,0.0,0.0
2022-09-07 00:00:00+05:30,145.97709392258167,148.5294735217634,145.97709392258167,146.86061096191406,7866745,0.0,0.0
2022-09-08 00:00:00+05:30,147.90774276093777,148.4967585588271,146.2388668860852,146.86061096191406,7187735,0.0,0.0
2022-09-09 00:00:00+05:30,147.94048560567737,148.00592885299704,145.6171504632949,145.87893676757812,9162027,0.0,0.0
2022-09-12 00:00:00+05:30,146.30431287084042,147.05693005903797,145.4207825803437,146.5660858154297,8778919,0.0,0.0
2022-09-13 00:00:00+05:30,146.79517253980768,148.88943620660237,146.46794300968327,148.4313201904297,11278383,0.0,0.0
2022-09-14 00:00:00+05:30,147.2533163614807,152.6198763428744,147.05697328032957,152.19448852539062,25072958,0.0,0.0
2022-09-15 00:00:00+05:30,152.7834732434053,155.9248822838349,152.06357088851655,155.49948120117188,23606369,0.0,0.0
2022-09-16 00:00:00+05:30,156.02302885843093,156.05574381955432,152.75073384594288,154.2232666015625,29399642,0.0,0.0
2022-09-19 00:00:00+05:30,154.41960500670203,155.8266946042876,151.60543912653415,152.58712768554688,13920046,0.0,0.0
2022-09-20 00:00:00+05:30,153.14340455704703,154.61593729317246,151.89992980576284,152.2926025390625,20162973,0.0,0.0
2022-09-21 00:00:00+05:30,153.04526967865203,153.3724992538961,146.79519278049352,148.59495544433594,14468837,0.0,0.0
2022-09-22 00:00:00+05:30,146.59882542216445,148.16952978611687,143.42470173115842,144.0464324951172,26264530,0.0,0.0
2022-09-23 00:00:00+05:30,142.8684305547494,143.81739094831542,129.64834840348954,132.56069946289062,87162722,0.0,0.0
2022-09-26 00:00:00+05:30,130.89181729788328,137.01100709355848,121.9584481043019,131.44810485839844,167547134,0.0,0.0
2022-09-27 00:00:00+05:30,134.68766198216005,136.06202316258987,131.7098683287272,134.06591796875,54127095,0.0,0.0
2022-09-28 00:00:00+05:30,134.2949894873326,137.69818447940148,132.56068368584914,135.93113708496094,52877873,0.0,0.0
2022-09-29 00:00:00+05:30,136.74920264747925,138.81075115932617,134.8512822005432,136.12747192382812,36761869,0.0,0.0
2022-09-30 00:00:00+05:30,135.473008816637,143.13017355418523,135.473008816637,138.87619018554688,62897614,0.0,0.0
2022-10-03 00:00:00+05:30,139.3997808129566,140.47964093295914,136.78194455355836,137.95997619628906,11740863,0.0,0.0
2022-10-04 00:00:00+05:30,138.81077550086707,138.97439027946663,136.1274957948352,136.4219970703125,19179333,0.0,0.0
2022-10-06 00:00:00+05:30,136.68380132633484,138.02544801301804,134.5568089252559,135.0149383544922,20692745,0.0,0.0
2022-10-07 00:00:00+05:30,133.50963518912786,137.2727744162724,133.50963518912786,137.04371643066406,14282850,0.0,0.0
2022-10-10 00:00:00+05:30,136.0947475246918,138.7125835977996,135.83297456938325,136.74920654296875,16834226,0.0,0.0
2022-10-11 00:00:00+05:30,137.43642769196487,138.38538817621648,135.17854884874217,136.3565673828125,17807162,0.0,0.0
2022-10-12 00:00:00+05:30,137.73089758581878,141.33042225208158,137.01099531556682,141.0686492919922,35288330,0.0,0.0
2022-10-13 00:00:00+05:30,140.6759739728239,142.21396346340467,139.56339886240772,140.02151489257812,16436903,0.0,0.0
2022-10-14 00:00:00+05:30,142.67206847800932,142.67206847800932,138.45081306234465,139.17071533203125,23365190,0.0,0.0
2022-10-17 00:00:00+05:30,138.7126142738076,140.67599176283534,138.0908833949511,138.6471710205078,9520537,0.0,0.0
2022-10-18 00:00:00+05:30,139.36703796924797,140.70868423798316,138.45080602621184,138.974365234375,13256574,0.0,0.0
2022-10-19 00:00:00+05:30,139.39979940768222,141.95219276406343,139.36707112407257,139.9888153076172,11595367,0.0,0.0
2022-10-20 00:00:00+05:30,139.1052666301329,142.6720628760327,138.97436684032766,142.34483337402344,16371066,0.0,0.0
2022-10-21 00:00:00+05:30,140.93774046527824,143.26107519970907,140.054223494087,142.2139434814453,11634491,0.0,0.0
2022-10-24 00:00:00+05:30,143.8501071349309,144.1446083867912,143.0647482716306,143.22836303710938,1132859,0.0,0.0
2022-10-25 00:00:00+05:30,143.2283560932677,143.5883138858714,140.21784721741142,142.99929809570312,20622687,0.0,0.0
2022-10-27 00:00:00+05:30,143.52286227148264,147.15510168807828,142.24665924808232,146.5333709716797,24298489,0.0,0.0
2022-10-28 00:00:00+05:30,146.46794300968327,149.87112479697558,146.07525692153106,148.4313201904297,11669879,0.0,0.0
2022-10-31 00:00:00+05:30,149.18395004142224,150.68921133296516,148.36587614710646,149.31484985351562,11755682,0.0,0.0
2022-11-01 00:00:00+05:30,150.9509912343854,154.38690144465974,150.39470367286566,153.89605712890625,15220278,0.0,0.0
2022-11-02 00:00:00+05:30,153.89603394236144,154.8122791900572,152.39077294150397,152.68528747558594,12884449,0.0,0.0
2022-11-03 00:00:00+05:30,152.48894098587988,152.8816137073925,148.36584412249266,149.24937438964844,9358215,0.0,0.0
2022-11-04 00:00:00+05:30,149.21666701902035,150.16562733853453,147.25328982140167,148.00592041015625,8059667,0.0,0.0
2022-11-07 00:00:00+05:30,148.75857397261734,151.76908347756353,148.1695580593656,149.21669006347656,14862038,0.0,0.0
2022-11-09 00:00:00+05:30,151.1800576171875,151.1800576171875,142.7048172888926,143.16293334960938,22831150,0.0,0.0
2022-11-10 00:00:00+05:30,141.36315178838117,144.07915945101968,139.72700419823786,140.64324951171875,16217631,0.0,0.0
2022-11-11 00:00:00+05:30,141.3631496135438,142.5738961486222,139.75973032587288,140.0869598388672,12123886,0.0,0.0
2022-11-14 00:00:00+05:30,141.36017198102786,143.202980646326,140.89109886506662,141.6282196044922,18460862,3.75,0.0
2022-11-15 00:00:00+05:30,140.72357389662,145.07930356484871,140.48903733348607,144.74424743652344,15258103,0.0,0.0
2022-11-16 00:00:00+05:30,144.71070683641224,145.71587501624415,143.03542653669243,145.48133850097656,9825807,0.0,0.0
2022-11-17 00:00:00+05:30,145.34733218008347,147.72622219990893,144.9117565435482,146.28549194335938,9449665,0.0,0.0
2022-11-18 00:00:00+05:30,146.31900024414062,146.62055892267287,145.3138319159691,146.31900024414062,5828998,0.0,0.0
2022-11-21 00:00:00+05:30,145.74942170317755,147.0896462705631,145.0793094194848,146.78810119628906,4712051,0.0,0.0
2022-11-22 00:00:00+05:30,146.41949722175153,146.88857024916712,145.34732056375455,145.95042419433594,4366445,0.0,0.0
2022-11-23 00:00:00+05:30,146.25199733041526,146.62056451819777,143.57154835299642,144.17465209960938,13510578,0.0,0.0
2022-11-24 00:00:00+05:30,144.34216397397273,148.09478939484092,144.14112486982373,147.92726135253906,7622243,0.0,0.0
2022-11-25 00:00:00+05:30,147.92725599863175,148.02777554706816,145.14628787037867,147.8267364501953,10989671,0.0,0.0
2022-11-28 00:00:00+05:30,146.85507831481053,148.89891216322147,146.85507831481053,148.2958221435547,4526153,0.0,0.0
2022-11-29 00:00:00+05:30,148.29583216696486,148.93243329007092,146.4530236560641,146.98910522460938,6476054,0.0,0.0
2022-11-30 00:00:00+05:30,146.9891235366522,150.74174951784414,145.84993813228877,150.1051483154297,17317951,0.0,0.0
2022-12-01 00:00:00+05:30,150.10513944978874,150.67473211832868,147.7597466458858,148.69790649414062,13241961,0.0,0.0
2022-12-02 00:00:00+05:30,146.45302443616214,148.4298499413622,146.45302443616214,147.29066467285156,12880949,0.0,0.0
2022-12-05 00:00:00+05:30,147.22365140874928,148.93244304783727,145.54837083453288,148.69790649414062,16477957,0.0,0.0
2022-12-06 00:00:00+05:30,148.46335207040045,150.2056409311783,147.02260822329828,149.7700653076172,11299945,0.0,0.0
2022-12-07 00:00:00+05:30,149.33450496885314,150.17214524087214,147.72623291988307,148.12831115722656,5813973,0.0,0.0
2022-12-08 00:00:00+05:30,148.63087265606137,148.6643700817534,145.34732056375455,145.95042419433594,11176439,0.0,0.0
2022-12-09 00:00:00+05:30,146.3525132144185,146.72106675946694,144.54320202006627,145.54837036132812,6020031,0.0,0.0
2022-12-12 00:00:00+05:30,144.74424831099736,146.08447283239548,143.8060884193249,144.4427032470703,8194429,0.0,0.0
2022-12-13 00:00:00+05:30,144.44269780583022,145.28033810014963,142.76741721719134,144.94528198242188,8235450,0.0,0.0
2022-12-14 00:00:00+05:30,144.9452659610218,147.79324264690922,144.9452659610218,146.88858032226562,10055353,0.0,0.0
2022-12-15 00:00:00+05:30,147.0896467098331,147.69275049365157,144.67724520802858,144.97879028320312,5385778,0.0,0.0
2022-12-16 00:00:00+05:30,144.07412737186385,146.21848102354625,142.46585531636805,142.867919921875,11166617,0.0,0.0
2022-12-19 00:00:00+05:30,143.43751964217844,146.8885865119627,143.06895248449885,146.68756103515625,7758862,0.0,0.0
2022-12-20 00:00:00+05:30,146.6875791306475,146.6875791306475,143.33701776920495,145.6154022216797,6541929,0.0,0.0
2022-12-21 00:00:00+05:30,145.44788331057052,146.25201263455466,143.30351572416288,144.77777099609375,7005861,0.0,0.0
2022-12-22 00:00:00+05:30,144.8112479120464,145.41435163630996,142.63338319859938,144.07412719726562,6961415,0.0,0.0
2022-12-23 00:00:00+05:30,143.00194696728616,144.27516288075162,141.02510778669128,141.5612030029297,4554651,0.0,0.0
2022-12-26 00:00:00+05:30,141.72873554274426,143.5715441609123,141.36016836572338,141.96327209472656,6864331,0.0,0.0
2022-12-27 00:00:00+05:30,142.70038460665128,144.20813702569373,141.9297664992479,142.49935913085938,13115851,0.0,0.0
2022-12-28 00:00:00+05:30,142.39884130095552,146.35250597435788,142.39884130095552,144.5767059326172,16815549,0.0,0.0
2022-12-29 00:00:00+05:30,143.43752065559653,145.07929007838527,143.06895349531294,144.5767059326172,22536873,0.0,0.0
2022-12-30 00:00:00+05:30,144.7777469968616,145.24682008585097,142.90142737396872,143.20297241210938,4643134,0.0,0.0
2023-01-02 00:00:00+05:30,143.77257939471124,144.40918053766185,142.73390002098364,144.10763549804688,5959394,0.0,0.0
2023-01-03 00:00:00+05:30,144.2416597316397,144.8782609065685,143.63855598864646,144.4761962890625,2873110,0.0,0.0
2023-01-04 00:00:00+05:30,144.34217039767918,144.34217039767918,141.0586178957404,141.42718505859375,9954542,0.0,0.0
2023-01-05 00:00:00+05:30,141.99679418397437,141.99679418397437,138.44519366346267,139.91944885253906,21273509,0.0,0.0
2023-01-06 00:00:00+05:30,139.48385896421192,140.9246029395755,139.08179436569526,139.45034790039062,11510471,0.0,0.0
2023-01-09 00:00:00+05:30,140.1874613715775,142.03026985039514,136.87041156309257,140.12045288085938,52485126,0.0,0.0
2023-01-10 00:00:00+05:30,140.65654793766237,142.36532579992598,140.05344425484762,141.9297637939453,17248326,0.0,0.0
2023-01-11 00:00:00+05:30,142.19780148525996,142.76740775441775,140.79056861076984,142.0302734375,9164361,0.0,0.0
2023-01-12 00:00:00+05:30,143.1024655311061,143.3370020740319,141.66172157675115,143.06895446777344,21179555,0.0,0.0
2023-01-13 00:00:00+05:30,143.13594412822798,144.30864032203002,142.93491867508425,143.40399169921875,6560245,0.0,0.0
2023-01-16 00:00:00+05:30,144.07414412806335,144.67724792320033,142.53288038865438,144.5097198486328,8362194,0.0,0.0
2023-01-17 00:00:00+05:30,144.50968491141458,146.55351874693136,144.0071008092187,146.3524932861328,13000571,0.0,0.0
2023-01-18 00:00:00+05:30,146.28549560961855,147.52520042662198,145.0122797299391,146.98910522460938,11171369,0.0,0.0
2023-01-19 00:00:00+05:30,146.62054807597139,148.26231743714277,146.52002852389685,147.92726135253906,11586815,0.0,0.0
2023-01-20 00:00:00+05:30,148.0948018141316,150.03812999449485,148.0948018141316,149.60255432128906,10112645,0.0,0.0
2023-01-23 00:00:00+05:30,150.1051491239923,152.98663735074228,149.8036040545862,150.84226989746094,14393610,0.0,0.0
2023-01-24 00:00:00+05:30,151.61286364537492,151.84740015526026,147.75971904444273,148.06126403808594,6150893,0.0,0.0
2023-01-25 00:00:00+05:30,147.89376651966256,148.26233370655777,145.95045192248696,147.0226287841797,5790331,0.0,0.0
2023-01-27 00:00:00+05:30,146.9555844216038,148.39631448510832,145.41432118606133,146.9220733642578,10458603,0.0,0.0
2023-01-30 00:00:00+05:30,146.0844650038688,146.6540576682453,141.09213438258251,141.96327209472656,24288177,0.0,0.0
2023-01-31 00:00:00+05:30,142.4658347574282,147.5586841703367,142.16428975518033,145.17979431152344,20997546,0.0,0.0
2023-02-01 00:00:00+05:30,150.77520353037139,150.77520353037139,143.13592382480647,145.11276245117188,20246369,0.0,0.0
2023-02-02 00:00:00+05:30,144.74422777276672,145.48134842824945,141.62820347596517,142.53285217285156,12820663,0.0,0.0
2023-02-03 00:00:00+05:30,142.86789930544302,144.17462612660952,140.99159353934667,143.9735870361328,10815686,0.0,0.0
2023-02-06 00:00:00+05:30,143.0354308479028,145.64887092093025,142.76739689864164,145.44784545898438,6948201,0.0,0.0
2023-02-07 00:00:00+05:30,146.08445926959902,146.21847625590885,144.14113116730073,145.31382751464844,10035526,0.0,0.0
2023-02-08 00:00:00+05:30,145.999753464192,146.27412742038942,144.35352368224648,145.41671752929688,12432719,3.75,0.0
2023-02-09 00:00:00+05:30,145.41671991491495,146.75427378486677,145.41671991491495,145.999755859375,7011082,0.0,0.0
2023-02-10 00:00:00+05:30,145.34814176039492,147.09724973633905,145.31383977929698,146.857177734375,10892159,0.0,0.0
2023-02-13 00:00:00+05:30,146.85718019206772,148.5034101627491,146.7885901839645,148.1604461669922,7710133,0.0,0.0
2023-02-14 00:00:00+05:30,148.88066037931705,148.88066037931705,145.9311647459518,147.47450256347656,6010681,0.0,0.0
2023-02-15 00:00:00+05:30,146.2741057389266,147.6116593886766,146.10262378612597,147.1315155029297,8107497,0.0,0.0
2023-02-16 00:00:00+05:30,148.77775871137734,148.77775871137734,146.7885650850648,147.2001190185547,3963115,0.0,0.0
2023-02-17 00:00:00+05:30,146.78857770962682,148.09184357379758,146.10264977640426,146.65139770507812,6491149,0.0,0.0
2023-02-20 00:00:00+05:30,147.88606043398022,148.84636233687897,146.92575853108147,148.02325439453125,6841917,0.0,0.0
2023-02-21 00:00:00+05:30,149.22362169815943,150.04672960417818,148.1947298380165,148.98353576660156,6701434,0.0,0.0
2023-02-22 00:00:00+05:30,148.16043596891402,149.0521478786006,146.10265213601244,147.23443603515625,9128659,0.0,0.0
2023-02-23 00:00:00+05:30,147.47449796616263,148.0918358649757,145.82826822107398,146.2741241455078,10345874,0.0,0.0
2023-02-24 00:00:00+05:30,145.6911076186294,147.74889158512065,145.6911076186294,147.50881958007812,9808830,0.0,0.0
2023-02-27 00:00:00+05:30,148.46909070147024,150.86983838912317,147.1658388352213,150.3553924560547,17763618,0.0,0.0
2023-02-28 00:00:00+05:30,151.31571054172133,152.961940495048,150.0467465618464,152.44749450683594,36559278,0.0,0.0
2023-03-01 00:00:00+05:30,151.96732405990062,152.44746798326446,149.12072062934547,150.1496124267578,12896085,0.0,0.0
2023-03-02 00:00:00+05:30,149.53228303250324,151.5900667439597,148.0232472261974,151.1442108154297,79708558,0.0,0.0
2023-03-03 00:00:00+05:30,151.1785173438978,154.64244498931993,151.1785173438978,152.34458923339844,9951869,0.0,0.0
2023-03-06 00:00:00+05:30,153.64785693563843,156.9403165949265,152.96192900289006,155.80853271484375,15659957,0.0,0.0
2023-03-08 00:00:00+05:30,155.67132571692616,156.63162753339188,154.81391587280288,156.4258575439453,11591495,0.0,0.0
2023-03-09 00:00:00+05:30,157.07748624096075,158.0720760957622,154.67673863465785,154.8825225830078,13941653,0.0,0.0
2023-03-10 00:00:00+05:30,152.44749204809784,156.49446988114263,152.44749204809784,155.39698791503906,9605434,0.0,0.0
2023-03-13 00:00:00+05:30,156.42587045265998,157.7977263164667,154.60815864206813,155.0883026123047,13209653,0.0,0.0
2023-03-14 00:00:00+05:30,154.43667450144164,156.2200843084263,153.64785459972555,154.47096252441406,9583405,0.0,0.0
2023-03-15 00:00:00+05:30,155.43126522697696,157.7977249446139,154.813927302583,156.59735107421875,12228069,0.0,0.0
2023-03-16 00:00:00+05:30,157.38616062295472,159.75262039469268,156.63164267821904,159.23817443847656,18437817,0.0,0.0
2023-03-17 00:00:00+05:30,160.47282601015775,160.50712798712232,156.5973445541469,157.55763244628906,33711025,0.0,0.0
2023-03-20 00:00:00+05:30,154.53956342598514,157.35186506085807,154.53956342598514,156.04859924316406,9281411,0.0,0.0
2023-03-21 00:00:00+05:30,155.87712103888043,156.1857830231983,152.58466141503936,153.0648193359375,11272787,0.0,0.0
2023-03-22 00:00:00+05:30,152.96194317674966,154.12801518837745,151.45290716696775,153.71646118164062,7589846,0.0,0.0
2023-03-23 00:00:00+05:30,153.6478548585934,153.99081882033136,151.7615530690348,152.37889099121094,17091298,0.0,0.0
2023-03-24 00:00:00+05:30,152.96195381563487,153.81936387065525,151.4529177008957,152.55039978027344,10371666,0.0,0.0
2023-03-27 00:00:00+05:30,152.89332085095594,155.19117636184058,150.59546534007129,150.97271728515625,19983733,0.0,0.0
2023-03-28 00:00:00+05:30,151.76155328864812,153.0305171578669,150.01243149915777,152.34458923339844,8689166,0.0,0.0
2023-03-29 00:00:00+05:30,152.34458378778413,153.44206563665588,151.28140391600536,152.58465576171875,19743258,0.0,0.0
2023-03-31 00:00:00+05:30,153.6478623812672,155.53416426318006,152.96193442420795,154.81393432617188,10202058,0.0,0.0
2023-04-03 00:00:00+05:30,155.94570417755847,155.94570417755847,153.54495654443718,154.0594024658203,7643214,0.0,0.0
2023-04-05 00:00:00+05:30,155.4312738106819,155.4312738106819,153.44207992455435,154.77964782714844,12019382,0.0,0.0
2023-04-06 00:00:00+05:30,155.84281814674722,155.98001210415916,154.09371032046937,154.50526428222656,4282875,0.0,0.0
2023-04-10 00:00:00+05:30,154.47096739900084,157.35187313680103,154.33378739230358,157.11180114746094,4145643,0.0,0.0
2023-04-11 00:00:00+05:30,157.00890477380008,159.1352785495785,156.7002288345043,158.68942260742188,5106602,0.0,0.0
2023-04-12 00:00:00+05:30,158.7237244272447,158.82661640690722,155.73994074846777,155.9114227294922,9118795,0.0,0.0
2023-04-13 00:00:00+05:30,155.91143981856112,158.89522382438327,155.70565583668062,158.5865478515625,11428621,0.0,0.0
2023-04-17 00:00:00+05:30,159.54683071421329,164.55411009075613,159.34106071224255,162.32484436035156,21815047,0.0,0.0
2023-04-18 00:00:00+05:30,162.49631361175267,162.90786753869756,157.52333660267666,157.9691925048828,13482833,0.0,0.0
2023-04-19 00:00:00+05:30,157.07750000840522,158.72372987377707,156.83742801778095,157.7291259765625,8264190,0.0,0.0
2023-04-20 00:00:00+05:30,158.3464505868873,159.7526083432291,157.52334270113124,158.38075256347656,7308750,0.0,0.0
2023-04-21 00:00:00+05:30,158.9980963587187,159.37534833901412,157.4890465718195,158.8266143798828,5030650,0.0,0.0
2023-04-24 00:00:00+05:30,158.4493414983116,159.34105333126334,157.7291116366784,159.10096740722656,5725067,0.0,0.0
2023-04-25 00:00:00+05:30,158.65515772185177,160.438567795323,158.20930171467361,159.7526397705078,8338703,0.0,0.0
2023-04-26 00:00:00+05:30,160.54144076154984,164.2797424716053,159.1352828952502,163.45663452148438,13581018,0.0,0.0
2023-04-27 00:00:00+05:30,163.25083854900757,163.45662249902196,160.16416303022382,161.8446807861328,9794457,0.0,0.0
2023-04-28 00:00:00+05:30,162.53062045402254,163.21654839677888,159.8898006654585,162.7364044189453,10585487,0.0,0.0
2023-05-02 00:00:00+05:30,163.73101267888026,165.41154469986498,163.42235065218986,164.69131469726562,6732907,0.0,0.0
2023-05-03 00:00:00+05:30,164.62271512835036,165.9945710877533,163.7996071348048,164.41693115234375,4789217,0.0,0.0
2023-05-04 00:00:00+05:30,164.38262547039366,165.10284139857853,161.15875593892386,163.83387756347656,9189783,0.0,0.0
2023-05-05 00:00:00+05:30,163.79958824900643,165.65158799857193,163.3880203444462,165.34292602539062,3896441,0.0,0.0
2023-05-08 00:00:00+05:30,165.8916656046365,168.90975126085291,165.37721966171006,167.880859375,8758321,0.0,0.0
2023-05-09 00:00:00+05:30,167.40070515744048,169.35559682978035,166.4746913526977,166.95484924316406,9166941,0.0,0.0
2023-05-10 00:00:00+05:30,168.15523631223377,170.0758261600132,167.77797036531373,169.87005615234375,9689409,0.0,0.0
2023-05-11 00:00:00+05:30,169.90434632303746,170.93323824010528,169.14982837490234,170.48739624023438,12616726,0.0,0.0
2023-05-12 00:00:00+05:30,170.69315977239842,171.2076057114082,165.41152038066033,165.8230743408203,13853807,0.0,0.0
2023-05-15 00:00:00+05:30,166.95485120305474,168.49818895542538,166.23462133651964,166.85195922851562,12187763,0.0,0.0
2023-05-16 00:00:00+05:30,167.05773628767534,167.7436641493283,164.6226867967121,165.03424072265625,11418509,0.0,0.0
2023-05-17 00:00:00+05:30,165.24003688945618,165.92596480186137,162.87357721851484,163.79959106445312,11560929,0.0,0.0
2023-05-18 00:00:00+05:30,165.30862757107192,165.30862757107192,160.91868612253504,161.638916015625,14497723,0.0,0.0
2023-05-19 00:00:00+05:30,161.63891361316203,162.90787744643382,159.13527396872695,160.3013458251953,10071694,0.0,0.0
2023-05-22 00:00:00+05:30,160.98726434453147,163.93675974633058,159.58112059432716,160.7471923828125,12566129,0.0,0.0
2023-05-23 00:00:00+05:30,160.5414260904297,162.25624579250547,160.0612682007054,160.57571411132812,12458561,0.0,0.0
2023-05-24 00:00:00+05:30,163.11366184408325,163.1479498662851,161.09016614557038,161.74180603027344,8877971,0.0,0.0
2023-05-25 00:00:00+05:30,163.0450555013711,164.82847919739643,162.08476760995904,163.21653747558594,12502747,0.0,0.0
2023-05-26 00:00:00+05:30,163.14797346577097,163.18227544817364,161.0559014202345,162.77072143554688,6811801,0.0,0.0
2023-05-29 00:00:00+05:30,163.38802538472197,163.4909173640361,160.5757236964921,160.85009765625,13638297,0.0,0.0
2023-05-30 00:00:00+05:30,161.81039034439289,161.81039034439289,160.3013406290821,161.2616424560547,9469926,0.0,0.0
2023-05-31 00:00:00+05:30,161.19307104586272,161.33025105614612,157.76343123637628,160.4042510986328,48104157,0.0,0.0
2023-06-01 00:00:00+05:30,159.7869107888689,160.57573072448272,157.79773089285135,159.8212127685547,8804790,0.0,0.0
2023-06-02 00:00:00+05:30,160.50714717529414,161.2616651615658,159.88980920280258,160.918701171875,6617781,0.0,0.0
2023-06-05 00:00:00+05:30,162.1876501955063,163.25084404766028,161.0558802980227,161.6046142578125,27428302,0.0,0.0
2023-06-06 00:00:00+05:30,162.18765545227146,162.56492140048658,160.8157995754741,161.3988494873047,6898603,0.0,0.0
2023-06-07 00:00:00+05:30,162.35912438366674,164.65699395675193,161.9818724210212,164.07394409179688,11153571,0.0,0.0
2023-06-08 00:00:00+05:30,164.10825627078444,168.3610038292482,164.10825627078444,165.75448608398438,19300834,0.0,0.0
2023-06-09 00:00:00+05:30,167.05776466893647,168.39531864430012,165.85739070711358,167.9837646484375,11037141,0.0,0.0
2023-06-12 00:00:00+05:30,168.05234184469043,169.0469317551449,165.44581014418725,165.75448608398438,8188909,0.0,0.0
2023-06-13 00:00:00+05:30,165.9945641548149,166.9891541017457,165.6172981996398,166.16604614257812,6443218,0.0,0.0
2023-06-14 00:00:00+05:30,166.0631370690939,169.56136646840855,166.0631370690939,169.0812225341797,10297426,0.0,0.0
2023-06-15 00:00:00+05:30,169.3899000067879,169.3899000067879,167.22923814970017,169.04693603515625,9732749,0.0,0.0
2023-06-16 00:00:00+05:30,169.01264801113692,169.6642739751412,167.7093821278886,169.04693603515625,9702361,0.0,0.0
2023-06-19 00:00:00+05:30,169.0469248811348,170.3159026566343,166.2689252673595,166.7490692138672,10431647,0.0,0.0
2023-06-20 00:00:00+05:30,167.2635231025804,171.27619870594597,167.1949331005614,170.62457275390625,13426365,0.0,0.0
2023-06-21 00:00:00+05:30,170.65888608729645,177.68964784444398,170.62458410638493,177.10659790039062,31172093,0.0,0.0
2023-06-22 00:00:00+05:30,176.96941177084196,176.96941177084196,173.3339880399651,173.9170379638672,7430965,0.0,0.0
2023-06-23 00:00:00+05:30,173.95131531373045,174.67154520185926,171.1733156493173,171.55056762695312,5593393,0.0,0.0
2023-06-26 00:00:00+05:30,171.48200175172127,171.65348375347298,169.52710972279985,170.45310974121094,7305362,0.0,0.0
2023-06-27 00:00:00+05:30,170.1787055195328,171.5162732687567,169.8700435533019,171.17330932617188,11142907,0.0,0.0
2023-06-28 00:00:00+05:30,172.03074061551072,173.1968125834816,169.0469427790882,171.5848846435547,17808717,0.0,0.0
2023-06-30 00:00:00+05:30,175.94052634638354,178.1354902937549,172.30510248110673,175.0145263671875,17659979,0.0,0.0
2023-07-03 00:00:00+05:30,174.60294944108156,174.87730943204133,171.13900802520936,171.82493591308594,12467239,0.0,0.0
2023-07-04 00:00:00+05:30,173.19680490162523,173.19680490162523,170.93323711685466,171.20761108398438,8637967,0.0,0.0
2023-07-05 00:00:00+05:30,171.27619302063914,174.19138662921594,171.13901302115468,173.71124267578125,5340907,0.0,0.0
2023-07-06 00:00:00+05:30,178.3069508508754,180.8105904604665,174.5000594040418,180.19325256347656,16705046,0.0,0.0
2023-07-07 00:00:00+05:30,180.09037511658767,180.09037511658767,174.70582995565022,175.22027587890625,13149183,0.0,0.0
2023-07-10 00:00:00+05:30,175.22029652972023,175.87193648245434,170.45310266113282,171.48199462890625,15319047,0.0,0.0
2023-07-11 00:00:00+05:30,172.85382910734097,175.18598673555124,171.5162752975344,173.88272094726562,7486045,0.0,0.0
2023-07-12 00:00:00+05:30,174.2256916792816,174.74013761927947,172.27079989833751,172.8881378173828,9390877,0.0,0.0
2023-07-13 00:00:00+05:30,172.6823483226546,172.99101029466115,165.788767365613,166.7490692138672,30591450,0.0,0.0
2023-07-14 00:00:00+05:30,166.68047939992564,167.6407812492446,162.35912805560983,164.65699768066406,72085831,0.0,0.0
2023-07-17 00:00:00+05:30,166.33750076610517,168.01801838762646,164.07393331791468,165.30860900878906,11474161,0.0,0.0
2023-07-18 00:00:00+05:30,165.3086223071702,167.16062203722973,164.34832046537542,165.41151428222656,14940593,0.0,0.0
2023-07-19 00:00:00+05:30,165.30862147614496,168.87544092175057,164.9999595077663,166.85195922851562,22954874,0.0,0.0
2023-07-20 00:00:00+05:30,167.33211886365234,168.63538476782566,166.2003489032881,167.53790283203125,10249082,0.0,0.0
2023-07-21 00:00:00+05:30,166.85197684043752,168.94406270768602,166.13174689787917,167.4350128173828,18466409,0.0,0.0
2023-07-24 00:00:00+05:30,167.40072053146307,170.21302231444668,166.5775986244563,169.7328643798828,14825562,0.0,0.0
2023-07-25 00:00:00+05:30,170.7617479513534,172.5108697074209,170.21301399540764,172.2707977294922,10500017,0.0,0.0
2023-07-26 00:00:00+05:30,174.1571323416934,175.357506413035,171.48201019165523,172.16793823242188,12898171,0.0,0.0
2023-07-27 00:00:00+05:30,172.85382424503786,173.81412605966906,171.27618455276956,171.9621124267578,10836773,0.0,0.0
2023-07-28 00:00:00+05:30,172.71667001621768,179.13009380364073,171.5505840833514,177.10659790039062,17518458,0.0,0.0
2023-07-31 00:00:00+05:30,179.71310586844425,183.14274529341458,177.7582141872589,182.49111938476562,24269734,0.0,0.0
2023-08-01 00:00:00+05:30,179.71310302110277,179.71310302110277,171.8249324686498,172.71664428710938,31395702,0.0,0.0
2023-08-02 00:00:00+05:30,173.47118000868312,174.08851794997176,169.14982837490234,170.48739624023438,20825405,0.0,0.0
2023-08-03 00:00:00+05:30,170.7960549576566,171.89353685709966,168.80686116509384,170.59027099609375,10882019,0.0,0.0
2023-08-04 00:00:00+05:30,170.11013208286042,170.83036201450074,169.1498301590866,169.66427612304688,7406390,0.0,0.0
2023-08-07 00:00:00+05:30,170.65888612582557,170.76176415810255,168.738282209636,170.07583618164062,6345966,0.0,0.0
2023-08-08 00:00:00+05:30,171.50943125849184,171.50943125849184,168.29253957280213,168.886962890625,15171726,3.5625,0.0
2023-08-09 00:00:00+05:30,169.9359623709219,170.28562484493617,167.66315628982935,168.08274841308594,18442141,0.0,0.0
2023-08-10 00:00:00+05:30,168.22263027069476,169.69120988872632,167.87296777936328,169.09678649902344,9962450,0.0,0.0
2023-08-11 00:00:00+05:30,171.68426169740522,172.20875536857855,169.79609017230177,170.84507751464844,23866073,0.0,0.0
2023-08-14 00:00:00+05:30,171.22971572744996,171.54442050002248,168.36248620156132,170.98495483398438,9188486,0.0,0.0
2023-08-16 00:00:00+05:30,171.0548801964352,173.8871519395598,169.9709350588931,173.46755981445312,9191471,0.0,0.0
2023-08-17 00:00:00+05:30,173.467566367507,173.99206010065473,169.3765038667124,170.4254913330078,15301142,0.0,0.0
2023-08-18 00:00:00+05:30,170.3905216450217,170.3905216450217,167.9079124581566,168.5373077392578,12292241,0.0,0.0
2023-08-21 00:00:00+05:30,169.44645722833351,173.2228009360654,169.02685083609316,172.87313842773438,9129526,0.0,0.0
2023-08-22 00:00:00+05:30,173.43259917637846,174.9361507647989,172.52347098957443,173.29273986816406,11107830,0.0,0.0
2023-08-23 00:00:00+05:30,174.83123122861213,174.83123122861213,172.87311574773085,174.55149841308594,8487619,0.0,0.0
2023-08-24 00:00:00+05:30,174.83122507772504,176.68443890910922,171.89406618753986,172.2437286376953,18982087,0.0,0.0
2023-08-25 00:00:00+05:30,172.1388501304294,173.01300637298917,168.8170564087023,169.2366485595703,12851343,0.0,0.0
2023-08-28 00:00:00+05:30,169.93596970003617,174.13191956917285,169.62127915097216,173.78225708007812,11908665,0.0,0.0
2023-08-29 00:00:00+05:30,174.5515081441292,176.92921586695317,173.8521831802282,175.63546752929688,12363321,0.0,0.0
2023-08-30 00:00:00+05:30,175.74039649891282,175.9501854840855,172.34865851333498,172.80322265625,6748007,0.0,0.0
2023-08-31 00:00:00+05:30,173.32767638993326,174.55149498449495,170.32058780854845,171.01991271972656,20715819,0.0,0.0
2023-09-01 00:00:00+05:30,172.733266839484,176.64948380890766,171.4744762078322,176.3697509765625,13120723,0.0,0.0
2023-09-04 00:00:00+05:30,177.3488143095399,179.37685962256822,175.39071287763247,178.60760498046875,10240031,0.0,0.0
2023-09-05 00:00:00+05:30,178.53765805099474,179.72650472576424,176.92920504131655,177.8383331298828,10893186,0.0,0.0
2023-09-06 00:00:00+05:30,179.51671974036964,179.90135417705903,176.33479956371593,177.97821044921875,10018473,0.0,0.0
2023-09-07 00:00:00+05:30,177.62855690091502,180.21605381031853,176.33480844621326,179.72653198242188,13760453,0.0,0.0
2023-09-08 00:00:00+05:30,180.60068402026562,182.7336309941047,179.79645741236874,180.8804168701172,16781751,0.0,0.0
2023-09-11 00:00:00+05:30,182.06924939358743,185.32111328355757,180.14610576517316,184.97145080566406,17683806,0.0,0.0
2023-09-12 00:00:00+05:30,189.28394723569852,190.44948878271637,177.76839106004135,178.37448120117188,29826173,0.0,1.3333333333333333
2023-09-13 00:00:00+05:30,180.14610290527344,181.45151800536675,178.37448540319264,180.14610290527344,10692151,0.0,0.0
2023-09-14 00:00:00+05:30,181.07854666633793,182.43057212557775,180.61233000951017,181.96435546875,10941807,0.0,0.0
2023-09-15 00:00:00+05:30,182.89678263261175,182.94340714228744,179.21367401307546,180.9853057861328,20516593,0.0,0.0
2023-09-18 00:00:00+05:30,182.05758816277933,186.95286262042129,180.985295639369,186.57989501953125,25627043,0.0,0.0
2023-09-20 00:00:00+05:30,185.2744740348199,192.03461473629324,185.04136573476907,190.82244873046875,33369524,0.0,0.0
2023-09-21 00:00:00+05:30,191.14881345510292,191.66165458066482,186.85961487669684,187.97854614257812,20332556,0.0,0.0
2023-09-22 00:00:00+05:30,186.99949162822395,189.1907012348448,183.1298850937961,185.69407653808594,21193988,0.0,0.0
2023-09-25 00:00:00+05:30,186.486650285268,187.0927262075742,183.40961771000062,185.46096801757812,11951847,0.0,0.0
2023-09-26 00:00:00+05:30,185.64746029285905,186.53326900868316,184.24881045909407,184.94813537597656,7440011,0.0,0.0
2023-09-27 00:00:00+05:30,185.83396020606804,186.11369304263795,183.9690935993394,185.88058471679688,6736870,0.0,0.0
2023-09-28 00:00:00+05:30,186.57989820235804,190.6359742854862,184.4352988911512,187.18597412109375,50185120,0.0,0.0
2023-09-29 00:00:00+05:30,187.37245708359907,188.25826581769877,185.64746412304748,186.2535400390625,16293959,0.0,0.0
2023-10-03 00:00:00+05:30,185.32112811196518,186.48666979820393,183.59612072521026,186.06707763671875,10830728,0.0,0.0
2023-10-04 00:00:00+05:30,185.460980713681,185.92719737131,182.19746411027828,185.55422973632812,14120040,0.0,0.0
2023-10-05 00:00:00+05:30,186.02044184825996,186.02044184825996,182.15084937562034,183.31639099121094,14575590,0.0,0.0
2023-10-06 00:00:00+05:30,183.68935266417833,184.10894478663246,181.6846268414517,183.73597717285156,12857229,0.0,0.0
2023-10-09 00:00:00+05:30,183.22314433687052,183.5961119675546,180.65895274945885,182.9900360107422,7853369,0.0,0.0
2023-10-10 00:00:00+05:30,182.99003106564624,185.1346304536322,182.47718991646224,184.57516479492188,7440527,0.0,0.0
2023-10-11 00:00:00+05:30,184.0157352464968,185.69410396660786,184.0157352464968,185.08802795410156,10031916,0.0,0.0
2023-10-12 00:00:00+05:30,184.0157067760417,188.35151567851028,184.0157067760417,187.18597412109375,21872719,0.0,0.0
2023-10-13 00:00:00+05:30,186.90624844128538,188.72449049474878,185.83395585862314,188.1650390625,13105921,0.0,0.0
2023-10-16 00:00:00+05:30,186.76640517935516,190.07654645869013,186.57992135259065,189.33059692382812,18336656,0.0,0.0
2023-10-17 00:00:00+05:30,189.79679790679532,194.8785564617935,188.910989132075,193.15354919433594,19378328,0.0,0.0
2023-10-18 00:00:00+05:30,194.36571212218098,194.36571212218098,190.21638691973743,192.54747009277344,14923328,0.0,0.0
2023-10-19 00:00:00+05:30,190.21637748493788,193.38664475189944,188.53799483803982,191.89476013183594,13192888,0.0,0.0
2023-10-20 00:00:00+05:30,191.33531376170316,191.33531376170316,187.32584765390453,189.14410400390625,22081120,0.0,0.0
2023-10-23 00:00:00+05:30,188.35151483299435,191.28867385337813,185.55421510775187,186.2535400390625,6988219,0.0,0.0
2023-10-25 00:00:00+05:30,185.55421489820745,186.90624025165405,184.43529785493445,186.0204315185547,16817158,0.0,0.0
2023-10-26 00:00:00+05:30,185.32113030929364,186.48667200935208,183.03667142273986,185.5076141357422,11070090,0.0,0.0
2023-10-27 00:00:00+05:30,185.78733329136756,188.16504102974113,185.69408427111648,187.37246704101562,9995487,0.0,0.0
2023-10-30 00:00:00+05:30,187.37245536769433,188.537996909205,184.29542285254576,187.2792205810547,7679981,0.0,0.0
2023-10-31 00:00:00+05:30,187.8852876434677,189.23731292238898,186.99947895919527,188.49136352539062,7474770,0.0,0.0
2023-11-01 00:00:00+05:30,188.67788218551627,188.67788218551627,186.95287490549157,187.37246704101562,5598615,0.0,0.0
2023-11-02 00:00:00+05:30,188.11843701170562,189.89005476703855,187.32586293664357,189.37722778320312,12924797,0.0,0.0
2023-11-03 00:00:00+05:30,189.65692219497373,192.54747103480122,189.37720359508296,190.58935546875,8684015,0.0,0.0
2023-11-06 00:00:00+05:30,191.14881533676888,194.83192381111203,191.10219082893116,194.13259887695312,9804415,0.0,0.0
2023-11-07 00:00:00+05:30,194.13262029873573,194.97181884901008,191.8481614406292,193.94613647460938,10730361,0.0,0.0
2023-11-08 00:00:00+05:30,194.87856908236148,195.43803478041798,192.68734503074455,193.01370239257812,7435543,0.0,0.0
2023-11-09 00:00:00+05:30,193.29342843856423,196.27721219164138,192.1745113096357,195.62451171875,13777877,0.0,0.0
2023-11-10 00:00:00+05:30,196.2772095688328,198.6082928178688,195.43802529030103,196.88328552246094,12066023,0.0,0.0
2023-11-13 00:00:00+05:30,197.6758640819251,200.56641306858404,196.46369791888094,197.95559692382812,11352269,0.0,0.0
2023-11-15 00:00:00+05:30,200.47315861662355,200.47315861662355,195.62450832354952,195.9508514404297,19182861,0.0,0.0
2023-11-16 00:00:00+05:30,196.4736507448872,198.51728961333515,195.5231250862241,196.94891357421875,27533260,4.0,0.0
2023-11-17 00:00:00+05:30,197.4241524396713,200.2757290695285,196.66372910426898,199.13510131835938,16705395,0.0,0.0
2023-11-20 00:00:00+05:30,199.7054306910163,200.75100012947723,198.5172737128543,198.94500732421875,11156900,0.0,0.0
2023-11-21 00:00:00+05:30,199.6103747206663,199.75294775820467,197.66179435238112,198.61231994628906,9608081,0.0,0.0
2023-11-22 00:00:00+05:30,197.89944481184253,202.0817665301858,197.89944481184253,201.13124084472656,13079580,0.0,0.0
2023-11-23 00:00:00+05:30,201.55896401379601,202.5570188323662,198.89748933223225,200.46585083007812,11382709,0.0,0.0
2023-11-24 00:00:00+05:30,200.84608436465513,201.60650782941948,199.1351351949032,200.0381317138672,7250200,0.0,0.0
2023-11-28 00:00:00+05:30,203.84022539815328,203.84022539815328,199.13512627011093,199.8004913330078,15629209,0.0,0.0
2023-11-29 00:00:00+05:30,199.895534761566,200.9886333900701,198.75490695272057,200.60842895507812,10062023,0.0,0.0
2023-11-30 00:00:00+05:30,199.99057915668166,202.27184928438243,197.9469549313274,198.61231994628906,60354322,0.0,0.0
2023-12-01 00:00:00+05:30,201.03617759488526,201.93917407337895,199.08759708621744,199.8004913330078,20719909,0.0,0.0
2023-12-04 00:00:00+05:30,201.22625457327376,203.50752457903252,201.22625457327376,202.36688232421875,27914088,0.0,0.0
2023-12-05 00:00:00+05:30,203.12730851916325,212.20483048432823,201.0836843742772,211.3018341064453,40709207,0.0,0.0
2023-12-06 00:00:00+05:30,214.81878990727634,215.05642131204104,211.49195024057073,213.29794311523438,29544730,0.0,0.0
2023-12-07 00:00:00+05:30,213.86826722518256,220.90215110126275,213.15537300109864,218.6208953857422,24534268,0.0,0.0
2023-12-08 00:00:00+05:30,220.3318556688159,221.85268805548762,215.24653747594303,217.29017639160156,22206320,0.0,0.0
2023-12-11 00:00:00+05:30,216.71983244204253,221.37740198683693,215.3415732505315,219.5238800048828,19106395,0.0,0.0
2023-12-12 00:00:00+05:30,218.62089834724927,221.75763587648385,218.14563552475525,219.90411376953125,14355329,0.0,0.0
2023-12-13 00:00:00+05:30,219.57141116593056,225.74982749743944,219.1912067316932,225.22703552246094,26878281,0.0,0.0
2023-12-14 00:00:00+05:30,225.51220558459832,225.84489535645028,219.66647876509143,220.61700439453125,29972018,0.0,0.0
2023-12-15 00:00:00+05:30,223.37352820352595,226.3201635260568,215.9118960343281,225.60726928710938,41341690,0.0,0.0
2023-12-18 00:00:00+05:30,225.1795066437927,225.1795066437927,219.99914507505582,220.37936401367188,29051897,0.0,0.0
2023-12-19 00:00:00+05:30,220.66452515517295,222.80320788036195,219.42885340593793,221.99526977539062,12612164,0.0,0.0
2023-12-20 00:00:00+05:30,223.32599872808407,223.75373237011902,215.00889928457477,215.91189575195312,20400245,0.0,0.0
2023-12-21 00:00:00+05:30,213.34548329539078,221.6625828909196,211.68206337628502,220.85464477539062,17755207,0.0,0.0
2023-12-22 00:00:00+05:30,221.47245872522248,222.61308651316224,219.09614479040252,220.2843017578125,9735375,0.0,0.0
2023-12-26 00:00:00+05:30,220.52194512642725,224.13394540427203,219.61894868293356,221.80516052246094,6772092,0.0,0.0
2023-12-27 00:00:00+05:30,223.37353176126194,224.181484379819,220.99721759358894,222.4705352783203,10231881,0.0,0.0
2023-12-28 00:00:00+05:30,223.46857327762166,228.07861371293905,222.51804768223212,227.2706756591797,39164340,0.0,0.0
2023-12-29 00:00:00+05:30,226.03498178388318,226.4627153864626,223.13587591593745,225.46466064453125,12665999,0.0,0.0
2024-01-01 00:00:00+05:30,226.130033018861,227.65087977086134,224.7042446278118,226.4627227783203,5952776,0.0,0.0
2024-01-02 00:00:00+05:30,228.12615916433802,228.22121753220472,224.4666295595285,226.08253479003906,9128513,0.0,0.0
2024-01-03 00:00:00+05:30,224.324042991356,226.89045922650013,222.99331294465009,225.3220977783203,8284439,0.0,0.0
2024-01-04 00:00:00+05:30,226.22509927692488,231.07278577726413,225.3221028318456,229.50440979003906,19663959,0.0,0.0
2024-01-05 00:00:00+05:30,230.02721004189604,232.87878702588648,227.46079365707874,229.31431579589844,16345257,0.0,0.0
2024-01-08 00:00:00+05:30,230.4074084775552,233.1164123430284,228.50635720462532,230.35989379882812,13585746,0.0,0.0
2024-01-09 00:00:00+05:30,230.59752326020336,232.5460891954018,229.55193926737536,230.31236267089844,8688409,0.0,0.0
2024-01-10 00:00:00+05:30,229.07666969056336,230.1222536525246,226.225092889436,227.3181915283203,16872195,0.0,0.0
2024-01-11 00:00:00+05:30,228.36378460858322,231.07278847936942,227.36572978756354,229.97967529296875,18812468,0.0,0.0
2024-01-12 00:00:00+05:30,230.50245567751827,230.64502871453388,226.98551389372798,227.65087890625,11296498,0.0,0.0
2024-01-15 00:00:00+05:30,228.5063440948013,229.55192803647378,225.2745629177817,229.21923828125,12597366,0.0,0.0
2024-01-16 00:00:00+05:30,229.6945177805095,230.40741201881508,225.93994435954087,227.22315979003906,7478450,0.0,0.0
2024-01-17 00:00:00+05:30,226.70035763106276,229.26677387328198,225.93993424347602,227.36572265625,13620300,0.0,0.0
2024-01-18 00:00:00+05:30,216.00693660507397,224.0388748013865,214.8663088175042,221.9001922607422,25522629,0.0,0.0
2024-01-19 00:00:00+05:30,223.3735187014809,225.22704074312347,220.90214631004426,223.75372314453125,20931080,0.0,0.0
2024-01-23 00:00:00+05:30,229.0766725463825,234.58972399806527,224.56167588831065,226.1775665283203,27492163,0.0,0.0
2024-01-24 00:00:00+05:30,224.46660898089712,234.77981728250631,223.3735103699959,234.01939392089844,28309825,0.0,0.0
2024-01-25 00:00:00+05:30,232.64115543715093,236.39572889583238,231.0727938986734,233.3540496826172,20651484,0.0,0.0
2024-01-29 00:00:00+05:30,233.306518289355,242.38404116310008,233.02135769309493,241.385986328125,26181011,0.0,0.0
2024-01-30 00:00:00+05:30,241.43350609012427,244.23756825607788,239.05719205380416,241.528564453125,16031367,0.0,0.0
2024-01-31 00:00:00+05:30,241.4335236964945,247.13667779956128,239.91267680079497,246.47129821777344,34369455,0.0,0.0
2024-02-01 00:00:00+05:30,246.18614121854927,257.5449342408025,245.52076166621373,252.6497039794922,29929092,0.0,0.0
2024-02-02 00:00:00+05:30,251.41402688520378,267.477904086907,250.89124939647797,263.3906555175781,33900724,0.0,0.0
2024-02-05 00:00:00+05:30,263.77085408336313,275.08210292539013,261.2994817210342,268.9036865234375,27440927,0.0,0.0
2024-02-06 00:00:00+05:30,268.90371258034895,268.90371258034895,258.82813443928796,260.6816711425781,29668277,0.0,0.0
2024-02-07 00:00:00+05:30,258.6380350186969,260.8242324093508,253.60023167193228,254.693359375,27335466,0.0,0.0
2024-02-08 00:00:00+05:30,257.402325234492,273.79889211207103,257.402325234492,262.5351867675781,69776717,0.0,0.0
2024-02-09 00:00:00+05:30,264.81644914214303,265.62440173780277,255.78645556089518,259.4934997558594,24496638,0.0,0.0
2024-02-12 00:00:00+05:30,259.6836413321649,262.3451017760712,253.07747589811217,256.9270935058594,19140023,0.0,0.0
2024-02-13 00:00:00+05:30,256.92706179673286,257.44986828894565,251.1763934365695,256.8795471191406,22031847,0.0,0.0
2024-02-14 00:00:00+05:30,256.16665263367315,261.39454350374814,253.7903386018209,260.111328125,13546941,0.0,0.0
2024-02-15 00:00:00+05:30,262.86566273421687,273.83451154465087,262.2374970122589,272.19158935546875,25475670,4.5,0.0
2024-02-16 00:00:00+05:30,272.5298107454337,273.3995808386285,264.1219643615146,265.3299865722656,25129188,0.0,0.0
2024-02-19 00:00:00+05:30,265.8615273800602,268.95404646646875,264.1219577445219,267.0695495605469,11429901,0.0,0.0
2024-02-20 00:00:00+05:30,269.0023813989614,279.0531199056764,268.37421577217833,278.2316589355469,43053543,0.0,0.0
2024-02-21 00:00:00+05:30,277.89342901019285,279.72964644035,269.8721729975114,270.6936340332031,24651085,0.0,0.0
2024-02-22 00:00:00+05:30,270.69363564042,273.97945030996505,264.07366771498397,273.10968017578125,26793590,0.0,0.0
2024-02-23 00:00:00+05:30,273.0613028421026,275.62233328036086,269.63053188580767,272.4814758300781,14313526,0.0,0.0
2024-02-26 00:00:00+05:30,273.44790738837213,281.71076714917245,272.5781078407271,278.135009765625,31012494,0.0,0.0
2024-02-27 00:00:00+05:30,274.55931169406915,283.5469857255522,274.55931169406915,282.6772155761719,36510093,0.0,0.0
2024-02-28 00:00:00+05:30,281.7107513143137,283.7885434100249,269.0506739158798,270.16204833984375,18824161,0.0,0.0
2024-02-29 00:00:00+05:30,270.2103997419899,275.4290495185322,265.18501581333237,273.35125732421875,35043015,0.0,0.0
2024-03-01 00:00:00+05:30,275.42908169142686,279.681314247064,275.0425204577747,278.0384216308594,15149735,0.0,0.0
2024-03-04 00:00:00+05:30,278.3283322756875,287.0260926593028,278.3283322756875,284.7550048828125,23131460,0.0,0.0
2024-03-05 00:00:00+05:30,282.2422870920687,285.52813097806177,280.0195381035239,285.0932312011719,13220556,0.0,0.0
2024-03-06 00:00:00+05:30,280.5510398487906,284.9965670617385,276.8786644731141,283.8368835449219,15969436,0.0,0.0
2024-03-07 00:00:00+05:30,284.12684405063635,288.8622855529339,281.2275905399155,282.8221740722656,14908694,0.0,0.0
2024-03-11 00:00:00+05:30,278.71486772094926,282.1456683616253,274.84919679696185,275.9605712890625,19020659,0.0,0.0
2024-03-12 00:00:00+05:30,275.33243118938213,278.9564980166188,273.25463877364604,275.57403564453125,17906155,0.0,0.0
2024-03-13 00:00:00+05:30,273.7861475684101,274.3660041398093,253.00816512450507,255.42420959472656,39389523,0.0,0.0
2024-03-14 00:00:00+05:30,255.18261679808933,259.38654026675135,251.9451406543695,257.4053955078125,26005940,0.0,0.0
2024-03-15 00:00:00+05:30,259.0966217465722,262.8656453213841,248.9975437965075,257.0188293457031,43817794,0.0,0.0
2024-03-18 00:00:00+05:30,257.018815181974,257.6952899186334,250.7854088301445,256.0040588378906,12423655,0.0,0.0
2024-03-19 00:00:00+05:30,253.3464103686429,257.5503335312066,249.62569608700076,250.3022003173828,20031514,0.0,0.0
2024-03-20 00:00:00+05:30,251.2203204386121,256.2456753336098,250.2539026327205,255.76246643066406,11308487,0.0,0.0
2024-03-21 00:00:00+05:30,258.8066569430983,265.28166754735656,258.13018222604643,264.5568542480469,23559105,0.0,0.0
2024-03-22 00:00:00+05:30,264.5568496275251,268.9057293474296,262.2374530087883,266.48968505859375,22097588,0.0,0.0
2024-03-26 00:00:00+05:30,261.02947872699576,264.8951502979465,257.163807156045,260.98114013671875,28477120,0.0,0.0
2024-03-27 00:00:00+05:30,261.8992213020713,263.6387615283877,260.15968107575486,261.1744079589844,18094214,0.0,0.0
2024-03-28 00:00:00+05:30,262.8656330512983,270.11376631558045,262.5273809337525,267.60107421875,26646830,0.0,0.0
2024-04-01 00:00:00+05:30,271.32179994346376,272.14326097986196,268.32589883628094,270.741943359375,8945400,0.0,0.0
2024-04-02 00:00:00+05:30,269.8721348354103,272.2398699282817,269.1473215815999,270.16204833984375,13229425,0.0,0.0
2024-04-03 00:00:00+05:30,270.74194312653105,273.5928874584226,269.1956687345345,270.6936340332031,14499308,0.0,0.0
2024-04-04 00:00:00+05:30,273.30294300578544,277.0719960332488,265.8132050293982,268.3258972167969,23722104,0.0,0.0
2024-04-05 00:00:00+05:30,270.5486855594619,270.5486855594619,265.9098622411781,269.05072021484375,9308711,0.0,0.0
2024-04-08 00:00:00+05:30,271.1284948811398,274.6559433527985,269.67886821916386,272.2882080078125,14473340,0.0,0.0
2024-04-09 00:00:00+05:30,273.3512667400452,274.80089336639224,271.56338800233806,271.7566833496094,5780865,0.0,0.0
2024-04-10 00:00:00+05:30,270.5969867144032,275.7673278948139,270.5969867144032,273.06134033203125,8809693,0.0,0.0
2024-04-12 00:00:00+05:30,272.0466115121729,274.89755582777644,265.4266436638634,266.0065002441406,17731780,0.0,0.0
2024-04-15 00:00:00+05:30,261.1743655116274,266.9245622293252,259.38648699070853,264.84674072265625,13378690,0.0,0.0
2024-04-16 00:00:00+05:30,263.832077763574,266.2964315280087,262.14084649585874,265.04010009765625,9662195,0.0,0.0
2024-04-18 00:00:00+05:30,278.23168114168135,280.1645167584943,268.37423719157374,270.6936340332031,51039603,0.0,0.0
2024-04-19 00:00:00+05:30,268.7608176867294,272.77144598063495,265.4750028010983,272.19158935546875,18755469,0.0,0.0
2024-04-22 00:00:00+05:30,274.46264176042047,275.13914598438646,272.23989272635384,274.1243896484375,14965203,0.0,0.0
2024-04-23 00:00:00+05:30,274.12438153875746,277.50684357306227,271.2734669483376,275.7673034667969,11464036,0.0,0.0
2024-04-24 00:00:00+05:30,275.4290551940467,282.04902259462483,274.8491986529872,280.647705078125,19324163,0.0,0.0
2024-04-25 00:00:00+05:30,282.19398609114234,284.6100304926076,279.53633724953056,283.4503173828125,22022414,0.0,0.0
2024-04-26 00:00:00+05:30,284.36844355026,286.20463150981226,281.6624854512073,282.43560791015625,15581578,0.0,0.0
2024-04-29 00:00:00+05:30,282.48387520287866,284.7066535557161,279.874565170496,283.8368835449219,9804396,0.0,0.0
2024-04-30 00:00:00+05:30,283.8369269446795,294.12927088039197,283.20873176436584,291.7132263183594,33288857,0.0,0.0
2024-05-02 00:00:00+05:30,291.80984295294945,306.59602230235464,291.7131952822045,303.068603515625,44059506,0.0,0.0
2024-05-03 00:00:00+05:30,301.5223548004881,305.4846736948099,297.89828803605917,300.4109802246094,27074447,0.0,0.0
2024-05-06 00:00:00+05:30,299.78279339894556,300.3626204461588,292.921221577211,296.5452880859375,16855909,0.0,0.0
2024-05-07 00:00:00+05:30,296.6902473572449,297.9465786271384,284.6100255593115,285.3348388671875,13857464,0.0,0.0
2024-05-08 00:00:00+05:30,282.19400650933875,292.6796458689342,282.19400650933875,291.8581848144531,18754452,0.0,0.0
2024-05-09 00:00:00+05:30,292.58298362376127,294.12925797415875,285.33485025570775,286.2046203613281,11196567,0.0,0.0
2024-05-10 00:00:00+05:30,286.3012446650752,294.2258816309549,286.3012446650752,293.54937744140625,11786977,0.0,0.0
2024-05-13 00:00:00+05:30,293.98428252599905,297.31840596782007,287.605919668838,296.2553405761719,11710605,0.0,0.0
2024-05-14 00:00:00+05:30,297.65666288778294,302.48875157102617,297.4150584536208,298.86468505859375,9957875,0.0,0.0
2024-05-15 00:00:00+05:30,299.5895397937677,305.67796057958014,298.4781651414664,304.27667236328125,11397656,0.0,0.0
2024-05-16 00:00:00+05:30,303.9383897460938,305.001455195421,295.0473344333768,302.00555419921875,19843532,0.0,0.0
2024-05-17 00:00:00+05:30,304.3249591765384,305.3880246545783,300.3143312069944,302.63372802734375,9069551,0.0,0.0
2024-05-21 00:00:00+05:30,300.5559143611049,316.45349783420977,300.5559143611049,314.71392822265625,21976662,0.0,0.0
2024-05-22 00:00:00+05:30,316.7434128639063,316.7434128639063,309.44697075673395,314.8105773925781,10287081,0.0,0.0
2024-05-23 00:00:00+05:30,308.7221731495121,309.93019538050453,298.62309550132346,309.15704345703125,35705284,0.0,0.0
2024-05-24 00:00:00+05:30,307.3208716693671,312.1046517518792,306.74101506955776,308.093994140625,15058182,0.0,0.0
2024-05-27 00:00:00+05:30,310.7033238963522,310.7033238963522,303.93839927030405,307.2725524902344,12857918,0.0,0.0
2024-05-28 00:00:00+05:30,308.28724212986947,308.7704509733332,301.52231832137704,302.2954406738281,10935739,0.0,0.0
2024-05-29 00:00:00+05:30,298.71971620922153,307.99733200418405,298.71971620922153,307.0309143066406,16812268,0.0,0.0
2024-05-30 00:00:00+05:30,304.0350237583432,306.9825860377692,293.59769457864434,296.40032958984375,22768893,0.0,0.0
2024-05-31 00:00:00+05:30,298.188190496058,301.03913470852757,295.43392345165654,299.5895080566406,36929443,0.0,0.0
2024-06-03 00:00:00+05:30,323.74997277233655,336.98990882907395,314.665651076674,326.31097412109375,55218939,0.0,0.0
2024-06-04 00:00:00+05:30,323.70164579446663,323.70164579446663,270.3553727743411,286.0113525390625,73262478,0.0,0.0
2024-06-05 00:00:00+05:30,286.3495502531756,290.9400342887435,269.8238313193131,288.7655944824219,45312613,0.0,0.0
2024-06-06 00:00:00+05:30,293.2111133880554,300.9907932796608,288.08911156543945,290.3601989746094,36508044,0.0,0.0
2024-06-07 00:00:00+05:30,288.04082545686384,300.217696141184,286.83280315668793,298.96136474609375,38016104,0.0,0.0
2024-06-10 00:00:00+05:30,302.48877459453075,312.4912048287108,301.13579555878835,305.1947326660156,25478964,0.0,0.0
2024-06-11 00:00:00+05:30,305.5813330140168,308.96379545632936,304.56657658568383,305.9195556640625,12238518,0.0,0.0
2024-06-12 00:00:00+05:30,309.15704359633236,316.11526344707596,306.2577902406442,313.7475280761719,20346144,0.0,0.0
2024-06-13 00:00:00+05:30,316.01860551619563,316.9367141794659,309.88184688056157,310.6549987792969,11756503,0.0,0.0
2024-06-14 00:00:00+05:30,315.05221894592,315.05221894592,308.62554614510947,310.7033386230469,14159988,0.0,0.0
2024-06-18 00:00:00+05:30,311.1865271601856,321.3339139154091,311.1865271601856,320.65740966796875,21653702,0.0,0.0
2024-06-19 00:00:00+05:30,322.7835126004129,323.60497354599545,314.47231446125795,316.3085021972656,14235150,0.0,0.0
2024-06-20 00:00:00+05:30,316.5018231561994,317.2749455836111,311.4764388998334,313.65087890625,11749507,0.0,0.0
2024-06-21 00:00:00+05:30,315.72868904106275,318.53129460259504,312.15293158800944,315.0038757324219,17209541,0.0,0.0
2024-06-24 00:00:00+05:30,312.2495781758454,322.78352565960404,311.7180307223853,321.768798828125,18044357,0.0,0.0
2024-06-25 00:00:00+05:30,323.7499630647814,323.7499630647814,314.85890750591005,316.4051818847656,13979671,0.0,0.0
2024-06-26 00:00:00+05:30,314.7622809559558,319.111160941264,314.0374676250711,315.72869873046875,12946277,0.0,0.0
2024-06-27 00:00:00+05:30,317.5165184310063,321.3338800816993,313.4575818519264,320.415771484375,27061015,0.0,0.0
2024-06-28 00:00:00+05:30,321.8171126194953,326.0210357549625,318.5312981489532,319.8359680175781,21676594,0.0,0.0
2024-07-01 00:00:00+05:30,319.88429004920494,320.60910339523787,314.3273877296191,318.53131103515625,11959181,0.0,0.0
2024-07-02 00:00:00+05:30,318.9661656934445,323.1700887926685,317.0333301988798,319.69097900390625,12684459,0.0,0.0
2024-07-03 00:00:00+05:30,319.98094758643293,325.58615917136916,318.04811193745746,323.8949279785156,9369793,0.0,0.0
2024-07-04 00:00:00+05:30,325.68277442135025,327.32569635647224,322.68687356521946,323.74993896484375,12878827,0.0,0.0
2024-07-05 00:00:00+05:30,323.74996482026324,328.48540616834185,321.67217243712713,328.002197265625,10894118,0.0,0.0
2024-07-08 00:00:00+05:30,329.548471652865,329.548471652865,325.5378436588616,328.002197265625,7828162,0.0,0.0
2024-07-09 00:00:00+05:30,328.5820458594717,330.8531335455759,326.7458579723325,329.69342041015625,9214579,0.0,0.0
2024-07-10 00:00:00+05:30,331.481301070977,336.1200946533038,324.23316766563494,334.4288635253906,10662609,0.0,0.0
2024-07-11 00:00:00+05:30,336.7966184065159,337.0382228673527,330.51490242475876,331.28802490234375,12642065,0.0,0.0
2024-07-12 00:00:00+05:30,331.2879988686725,334.2838998461679,328.6786885923221,331.57794189453125,11380570,0.0,0.0
2024-07-15 00:00:00+05:30,333.80067002341855,333.80067002341855,328.77531564379694,332.302734375,5277531,0.0,0.0
2024-07-16 00:00:00+05:30,331.2396815923714,335.3469570023425,330.03165941296817,330.94976806640625,11363095,0.0,0.0
2024-07-18 00:00:00+05:30,330.51488291981457,333.1242227399578,325.63448489601467,329.7900695800781,13908161,0.0,0.0
2024-07-19 00:00:00+05:30,328.14715361423816,330.36993225950425,319.8842931855408,321.04400634765625,12937990,0.0,0.0
2024-07-22 00:00:00+05:30,318.9178661669931,328.00218736532514,318.4346572788613,327.22906494140625,10678640,0.0,0.0
2024-07-23 00:00:00+05:30,327.71224770659586,329.06522658696883,310.3167291205006,323.0251159667969,15954324,0.0,0.0
2024-07-24 00:00:00+05:30,319.78764747570773,327.42234227724197,319.20779089107947,325.8277587890625,12573882,0.0,0.0
2024-07-25 00:00:00+05:30,319.35274711867163,331.094716508845,319.35274711867163,328.0505065917969,16271884,0.0,0.0
2024-07-26 00:00:00+05:30,328.92027708826834,333.94563153949946,327.1323984067023,332.6409912109375,11468068,0.0,0.0
2024-07-29 00:00:00+05:30,328.388735966015,334.28389007337466,326.40759139784944,330.8531188964844,31849674,0.0,0.0
2024-07-30 00:00:00+05:30,333.4141240730656,344.9628279938475,331.771202099382,338.05291748046875,25813219,0.0,0.0
2024-07-31 00:00:00+05:30,336.5549924415972,338.8743892188871,331.09473787411304,336.5066833496094,17976593,0.0,0.0
2024-08-01 00:00:00+05:30,339.3575814549566,350.32642863632236,338.3911637207874,348.97344970703125,26792459,0.0,0.0
2024-08-02 00:00:00+05:30,345.9775727958173,348.92513529209725,342.1119015913948,346.21917724609375,13771470,0.0,0.0
2024-08-05 00:00:00+05:30,340.9038942407417,342.88503902251074,330.03169350308514,331.28802490234375,13566586,0.0,0.0
2024-08-06 00:00:00+05:30,331.287968172989,339.01930959586133,327.8571972136802,329.30682373046875,12273667,0.0,0.0
2024-08-07 00:00:00+05:30,334.2355836226288,340.71056483042156,331.8678483459246,340.22735595703125,12441847,0.0,0.0
2024-08-08 00:00:00+05:30,343.0783326082087,343.0783326082087,329.79008733113017,331.14306640625,15489731,0.0,0.0
2024-08-09 00:00:00+05:30,336.2167420954083,337.2314984670845,332.7376321647316,334.38055419921875,8720610,0.0,0.0
2024-08-12 00:00:00+05:30,331.48129920529055,332.2544216337502,328.0988369685019,329.69342041015625,12521136,0.0,0.0
2024-08-13 00:00:00+05:30,325.68280005992114,330.9497888906235,323.8949212233606,325.6344909667969,10435954,0.0,0.0
2024-08-14 00:00:00+05:30,325.6827856518518,326.9874555285283,321.3339057247499,322.3003234863281,12385993,0.0,0.0
2024-08-16 00:00:00+05:30,324.49285572333014,330.8755111103973,322.1541744224629,329.9497985839844,13013828,2.75,0.0
2024-08-19 00:00:00+05:30,333.89632432471933,334.5297128457628,330.6319007310999,331.6063537597656,5891370,0.0,0.0
2024-08-20 00:00:00+05:30,331.75252825994914,333.8963069688124,330.1446570558706,331.8012390136719,6393840,0.0,0.0
2024-08-21 00:00:00+05:30,331.31401450792913,332.23975673776164,327.5623645725297,328.0495910644531,10118601,0.0,0.0
2024-08-22 00:00:00+05:30,327.4161910553892,329.07277296483517,322.05669983275635,325.46728515625,18370039,0.0,0.0
2024-08-23 00:00:00+05:30,326.10068981235077,328.3419495503754,324.83391281020965,327.6598205566406,7494822,0.0,0.0
2024-08-26 00:00:00+05:30,327.8547002342416,332.7756756361731,327.27002252858057,329.60870361328125,7993675,0.0,0.0
2024-08-27 00:00:00+05:30,330.33958460603657,332.7270064784567,326.4417723982957,326.7828369140625,9589690,0.0,0.0
2024-08-28 00:00:00+05:30,326.78282451979544,330.2421208277819,325.2236937482446,325.90582275390625,8790600,0.0,0.0
2024-08-29 00:00:00+05:30,324.0056057853932,327.3187398668881,320.40011797621275,324.78515625,17653536,0.0,0.0
2024-08-30 00:00:00+05:30,326.4417448457266,332.14230066599464,325.5160026293444,328.7804260253906,22713812,0.0,0.0
2024-09-02 00:00:00+05:30,329.75488864284597,331.21656814014403,325.6622038931788,326.9776916503906,9789776,0.0,0.0
2024-09-03 00:00:00+05:30,327.4161949353313,329.3163901046873,325.4672890130972,326.1006774902344,8434423,0.0,0.0
2024-09-04 00:00:00+05:30,322.7388639080236,326.1494496026038,322.5439614017258,324.3954162597656,9025610,0.0,0.0
2024-09-05 00:00:00+05:30,323.8594714224198,325.7596369937512,321.17972558202325,322.7875671386719,13912371,0.0,0.0
2024-09-06 00:00:00+05:30,324.541544858544,324.5902853490741,316.6972104637728,321.37457275390625,23755639,0.0,0.0
2024-09-09 00:00:00+05:30,319.3282329511273,320.789912327337,315.28422955325925,320.156494140625,18597200,0.0,0.0
2024-09-10 00:00:00+05:30,318.64613134550325,326.7340793590947,318.64613134550325,325.61346435546875,15472387,0.0,0.0
2024-09-11 00:00:00+05:30,328.2932023161899,328.63426680605346,323.518388671934,324.687744140625,10134008,0.0,0.0
2024-09-12 00:00:00+05:30,326.2955742485791,330.3395480186224,324.73644359057795,329.55999755859375,18410837,0.0,0.0
2024-09-13 00:00:00+05:30,331.119120621964,332.53208938044384,327.51366233078966,328.63427734375,10417461,0.0,0.0
2024-09-16 00:00:00+05:30,328.6342506831607,332.7756756361731,328.4393482019592,329.60870361328125,7748570,0.0,0.0
2024-09-17 00:00:00+05:30,328.0983401315295,331.31402316709057,325.95453161585823,328.293212890625,11451846,0.0,0.0
2024-09-18 00:00:00+05:30,329.8523273693664,330.24210260626126,324.59028732642474,325.7596130371094,6583254,0.0,0.0
2024-09-19 00:00:00+05:30,327.61110604195386,329.7061740158864,324.5902958354267,326.34429931640625,10589610,0.0,0.0
2024-09-20 00:00:00+05:30,329.5112685312731,334.18866066798813,326.19813435398225,332.1423034667969,31236123,0.0,0.0
2024-09-23 00:00:00+05:30,333.26292233613924,333.7501488307827,331.55762960488704,332.43463134765625,6542941,0.0,0.0
2024-09-24 00:00:00+05:30,335.7477776530497,342.03301155544364,333.6039988421936,341.1072692871094,26145769,0.0,0.0
2024-09-25 00:00:00+05:30,344.8101967296445,356.8934078675365,343.34851724349755,354.457275390625,40770462,0.0,0.0
2024-09-26 00:00:00+05:30,354.74960309232995,356.74724958699784,348.0746238263358,356.1138610839844,18733959,0.0,0.0
2024-09-27 00:00:00+05:30,352.9468950791444,354.018769608783,344.3229799206824,345.1999816894531,33148043,0.0,0.0
2024-09-30 00:00:00+05:30,345.1999826762908,348.3182442385522,340.76623332608574,343.83575439453125,16356171,0.0,0.0
2024-10-01 00:00:00+05:30,342.13042745033755,346.90524082876277,341.0098125356985,341.83807373046875,9856291,0.0,0.0
2024-10-03 00:00:00+05:30,334.23735626521943,340.9610755602838,333.847581039321,335.35797119140625,19350466,0.0,0.0
2024-10-04 00:00:00+05:30,334.2373637099936,338.57369125680236,329.1214856940243,330.1933898925781,20121706,0.0,0.0
2024-10-07 00:00:00+05:30,331.31401941955096,331.31401941955096,316.697224445159,320.54632568359375,13851446,0.0,0.0
2024-10-08 00:00:00+05:30,318.93845936769156,322.5439474121905,314.1149347944762,318.79229736328125,21148292,0.0,0.0
2024-10-09 00:00:00+05:30,318.64612103303875,323.32348339155686,317.18444157875876,321.32586669921875,9228363,0.0,0.0
2024-10-10 00:00:00+05:30,321.76440595537287,329.4625790298172,321.6669547037071,325.8083801269531,20773976,0.0,0.0
2024-10-11 00:00:00+05:30,325.9058114881167,326.78281322369,321.08225733554576,321.6181945800781,6098468,0.0,0.0
2024-10-14 00:00:00+05:30,321.6181991943575,323.0311679326801,319.42567995499536,322.2516174316406,5944216,0.0,0.0
2024-10-15 00:00:00+05:30,324.931376720629,324.931376720629,319.1333692617633,321.42333984375,12415489,0.0,0.0
2024-10-16 00:00:00+05:30,323.22607244160326,324.1517849501145,316.6485146825187,318.8410339355469,22085298,0.0,0.0
2024-10-17 00:00:00+05:30,320.1078298531866,323.4209643059041,316.3074688710122,322.69012451171875,17039729,0.0,0.0
2024-10-18 00:00:00+05:30,323.0311708971571,325.3211414046507,319.86419863345947,323.5671081542969,10569021,0.0,0.0
2024-10-21 00:00:00+05:30,324.49286861829876,325.2237084124841,321.0335721543337,322.69012451171875,8745904,0.0,0.0
2024-10-22 00:00:00+05:30,324.3953915194,327.0751372179107,312.84811774368296,314.50469970703125,11219831,0.0,0.0
2024-10-23 00:00:00+05:30,311.04539784239614,313.6764030010627,305.8320685401155,308.80413818359375,12541589,0.0,0.0
2024-10-24 00:00:00+05:30,307.19631277558693,312.6045151100818,307.19631277558693,310.9966735839844,8327779,0.0,0.0
2024-10-25 00:00:00+05:30,313.2866326431413,313.2866326431413,305.24739556909486,307.73223876953125,12979410,0.0,0.0
2024-10-28 00:00:00+05:30,306.46545612323774,312.2634631342605,302.81125752081437,310.1683654785156,9610615,0.0,0.0
2024-10-29 00:00:00+05:30,308.02460282136286,312.99431912661174,306.1244075541381,312.36090087890625,15856332,0.0,0.0
2024-10-30 00:00:00+05:30,310.4119967066671,317.0870058214911,308.6579931710393,310.3145751953125,14498110,0.0,0.0
2024-10-31 00:00:00+05:30,312.2147169579283,314.4559765693672,309.729873848708,312.6044921875,9900390,0.0,0.0
2024-11-01 00:00:00+05:30,314.2124063392267,314.45601960829475,311.82498440718,313.8226013183594,847672,0.0,0.0
2024-11-04 00:00:00+05:30,316.25873457104115,316.40492632310014,303.63958505365724,307.3912353515625,9249409,0.0,0.0
2024-11-05 00:00:00+05:30,304.3703852600642,309.58371449666134,304.0293207795496,308.5118103027344,7518195,0.0,0.0
2024-11-06 00:00:00+05:30,309.2913769998206,312.1660252519455,305.88079149157886,310.36328125,11019250,0.0,0.0
2024-11-07 00:00:00+05:30,310.85050687749845,310.85050687749845,303.73701187548,304.955078125,14504208,0.0,0.0
2024-11-08 00:00:00+05:30,303.88318890445083,309.4375534341505,300.81366775146586,308.1707763671875,15740539,0.0,0.0
2024-11-11 00:00:00+05:30,305.5397122307176,323.90815638520525,304.80887251426276,321.37457275390625,22838987,0.0,0.0
2024-11-12 00:00:00+05:30,323.0311681205466,324.0056211163854,313.57896216573255,314.45599365234375,12069181,0.0,0.0
2024-11-13 00:00:00+05:30,314.407268824047,316.3074641557814,309.0477770799156,309.8760681152344,12918639,0.0,0.0
2024-11-14 00:00:00+05:30,311.45756967423534,315.11478098021564,307.0095879656167,308.49224853515625,12500377,4.5,0.0
2024-11-18 00:00:00+05:30,310.37025016689074,311.9023205460606,306.5153390799442,308.4427795410156,9408101,0.0,0.0
2024-11-19 00:00:00+05:30,309.4312309270462,314.5711326705386,308.64049073488036,311.4081115722656,13157158,0.0,0.0
2024-11-21 00:00:00+05:30,312.34713741085267,322.9728707246712,309.3818164860661,322.1326904296875,25406386,0.0,0.0
2024-11-22 00:00:00+05:30,322.0338584866581,333.69747287934297,320.25467789759387,333.05499267578125,31523269,0.0,0.0
2024-11-25 00:00:00+05:30,337.89834305867663,341.4072942703359,332.26422094142595,338.7879333496094,29419152,0.0,0.0
2024-11-26 00:00:00+05:30,338.0465965963351,340.6165475157011,333.9939851655817,334.8835754394531,13997179,0.0,0.0
2024-11-27 00:00:00+05:30,333.3514885561556,337.3546596737846,332.6101583369795,335.328369140625,12177260,0.0,0.0
2024-11-28 00:00:00+05:30,335.3283934079469,337.79949431736435,328.3599009093121,329.7931213378906,16920231,0.0,0.0
2024-11-29 00:00:00+05:30,327.51972544263236,328.6564258449242,322.72578357403836,325.5922546386719,13890537,0.0,0.0
2024-12-02 00:00:00+05:30,324.3567007085238,328.1127922056024,322.4292600899128,324.0601806640625,16003524,0.0,0.0
2024-12-03 00:00:00+05:30,320.5017836096764,327.5197161303128,320.5017836096764,325.83935546875,23174488,0.0,0.0
2024-12-04 00:00:00+05:30,325.2462722298568,327.42085297971937,317.3881898572262,321.2925109863281,17880011,0.0,0.0
2024-12-05 00:00:00+05:30,321.2431012476285,326.6301130113951,315.85608948386187,324.55438232421875,19785053,0.0,0.0
2024-12-06 00:00:00+05:30,323.3188419112044,328.90352381071676,322.92347180735317,325.0980224609375,8802058,0.0,0.0
2024-12-09 00:00:00+05:30,323.96131486712335,326.8277857620485,322.9234645970865,325.29571533203125,9376929,0.0,0.0
2024-12-10 00:00:00+05:30,328.01394011834174,328.01394011834174,321.5890777662098,324.1095886230469,14994365,0.0,0.0
2024-12-11 00:00:00+05:30,323.46709081334683,325.19686135245564,323.0717207230828,323.76361083984375,5013051,0.0,0.0
2024-12-12 00:00:00+05:30,324.20842133093345,326.0864518849506,322.0832806996824,325.3945617675781,10414162,0.0,0.0
2024-12-13 00:00:00+05:30,326.8277930486687,330.43559426400026,321.29252110051897,329.9908142089844,14973536,0.0,0.0
2024-12-16 00:00:00+05:30,329.9908021227026,332.3630528236503,327.7668114346633,331.12750244140625,12695136,0.0,0.0
2024-12-17 00:00:00+05:30,328.6564108291695,331.67114177987594,324.20842932922585,325.98760986328125,17360248,0.0,0.0
2024-12-18 00:00:00+05:30,324.2084295144046,325.29571991463956,316.94338702738605,317.8329772949219,15037099,0.0,0.0
2024-12-19 00:00:00+05:30,314.3240225859495,320.1064045061048,313.18732224792353,317.93182373046875,10234715,0.0,0.0
2024-12-20 00:00:00+05:30,317.5858664026019,321.8361779263671,309.97489394995165,312.1494445800781,13973399,0.0,0.0
2024-12-23 00:00:00+05:30,314.3240132600963,314.620533282156,307.94856130257847,311.65521240234375,5984169,0.0,0.0
2024-12-24 00:00:00+05:30,310.46911163568706,312.98962239462014,305.180949872148,306.5153503417969,4833589,0.0,0.0
2024-12-26 00:00:00+05:30,306.51534273440683,309.4806636312283,305.18094229787636,306.7130126953125,3775101,0.0,0.0
2024-12-27 00:00:00+05:30,307.1578257418637,308.6898961534959,305.2303550751483,305.82342529296875,3981693,0.0,0.0
2024-12-30 00:00:00+05:30,305.42806255890423,308.3933835546217,302.75926159683644,303.99481201171875,12489142,0.0,0.0
2024-12-31 00:00:00+05:30,303.79713033212914,306.1693810042863,301.62254961984945,305.13153076171875,8402716,0.0,0.0
2025-01-01 00:00:00+05:30,305.13152874140883,307.7508894696727,302.3638778382138,306.8118591308594,4239498,0.0,0.0
2025-01-02 00:00:00+05:30,306.26823642494446,313.5332787444346,305.18094604978194,311.5069580078125,10766571,0.0,0.0
2025-01-03 00:00:00+05:30,312.69309559966626,314.3240160651567,310.02429471809705,312.39654541015625,7636948,0.0,0.0
2025-01-06 00:00:00+05:30,312.149441110938,312.8413614011278,301.27659758672826,302.4627380371094,6722495,0.0,0.0
2025-01-07 00:00:00+05:30,302.462742542476,307.1084241833969,299.4974215371576,301.5237121582031,10137739,0.0,0.0
2025-01-08 00:00:00+05:30,302.61100443875324,304.2913650847894,299.4974233967971,303.105224609375,6907996,0.0,0.0
2025-01-09 00:00:00+05:30,303.1052154321788,303.35232551000786,300.1398944982299,301.7214050292969,8244909,0.0,0.0
2025-01-10 00:00:00+05:30,300.535256289174,301.7213966959148,295.0494247788061,296.2355651855469,6540783,0.0,0.0
2025-01-13 00:00:00+05:30,291.5899042420812,295.09885543059755,283.4352713268366,284.27545166015625,19474228,0.0,0.0
2025-01-14 00:00:00+05:30,284.4237050821204,289.66242676749374,283.48467470228695,286.8948059082031,15954608,0.0,0.0
2025-01-15 00:00:00+05:30,291.58989176861246,299.0031941017128,287.73498058836117,295.19769287109375,12198882,0.0,0.0
2025-01-16 00:00:00+05:30,295.5436595154815,298.11361041379456,293.17140874965605,294.2092590332031,11694289,0.0,0.0
2025-01-17 00:00:00+05:30,294.20925906726444,301.47430154735014,292.28181851691033,299.10205078125,7593230,0.0,0.0
2025-01-20 00:00:00+05:30,299.10203784099645,305.23034954122136,298.45955768534117,302.7098388671875,9435937,0.0,0.0
2025-01-21 00:00:00+05:30,303.45119160870075,306.36710274708463,298.0147696091963,298.8549499511719,13911546,0.0,0.0
2025-01-22 00:00:00+05:30,298.50898419896043,298.80550423654716,292.38064199385434,294.11041259765625,9723333,0.0,0.0
2025-01-23 00:00:00+05:30,294.0609992306066,296.13672996401897,290.20608796272944,290.9474182128906,12228286,0.0,0.0
2025-01-24 00:00:00+05:30,291.88642393592744,299.0032065376212,290.9474237002299,292.4300842285156,11142914,0.0,0.0
2025-01-27 00:00:00+05:30,291.58989564051615,291.58989564051615,280.4699419932083,283.682373046875,13477947,0.0,0.0
2025-01-28 00:00:00+05:30,283.83062389302967,285.4615443423182,276.12080167922727,280.6676330566406,11298068,0.0,0.0
2025-01-29 00:00:00+05:30,282.0514516872356,285.8075128418718,280.02513092989386,284.5225524902344,4800024,0.0,0.0
2025-01-30 00:00:00+05:30,284.5225497141175,293.66562259600283,284.5225497141175,291.93585205078125,10969499,0.0,0.0
2025-01-31 00:00:00+05:30,293.56678331770445,299.942235627395,292.47949290208516,298.16302490234375,14141459,0.0,0.0
2025-02-01 00:00:00+05:30,298.1630351223372,301.8202766007399,285.3133101595695,286.49945068359375,6945157,0.0,0.0
2025-02-03 00:00:00+05:30,286.6476901375313,288.62457075916944,274.7864064077024,280.51934814453125,14978897,0.0,0.0
2025-02-04 00:00:00+05:30,277.7517201327026,283.0892916396586,268.9546076276525,282.34796142578125,19836427,0.0,0.0
2025-02-05 00:00:00+05:30,282.29856834692106,287.38903008677823,281.2606878865894,281.9031982421875,15337191,0.0,0.0
2025-02-06 00:00:00+05:30,284.17659605091785,287.5867272694509,276.51618346171915,277.8999938964844,21418561,0.0,0.0
2025-02-07 00:00:00+05:30,273.1000061035156,281.8999938964844,270.0,278.1499938964844,17193482,3.25,0.0
2025-02-10 00:00:00+05:30,275.0,276.0,268.1000061035156,268.70001220703125,16709670,0.0,0.0
2025-02-11 00:00:00+05:30,268.70001220703125,268.79998779296875,260.0,261.45001220703125,22083955,0.0,0.0
2025-02-12 00:00:00+05:30,259.5,262.1000061035156,254.0,257.04998779296875,17861265,0.0,0.0
2025-02-13 00:00:00+05:30,257.25,261.3500061035156,256.1000061035156,259.1499938964844,12257226,0.0,0.0
2025-02-14 00:00:00+05:30,260.3999938964844,261.5,254.75,257.3500061035156,11339563,0.0,0.0
2025-02-17 00:00:00+05:30,256.8999938964844,264.0,252.1999969482422,263.20001220703125,8332653,0.0,0.0
2025-02-18 00:00:00+05:30,263.8500061035156,267.8999938964844,260.20001220703125,266.95001220703125,10483635,0.0,0.0
2025-02-19 00:00:00+05:30,262.5,268.5,262.29998779296875,263.04998779296875,14602009,0.0,0.0
2025-02-20 00:00:00+05:30,262.75,266.45001220703125,261.29998779296875,265.75,15312926,0.0,0.0
2025-02-21 00:00:00+05:30,265.29998779296875,265.75,259.3999938964844,261.8999938964844,10757038,0.0,0.0
2025-02-24 00:00:00+05:30,258.0,261.79998779296875,257.25,259.1499938964844,14599185,0.0,0.0
2025-02-25 00:00:00+05:30,258.79998779296875,259.95001220703125,254.89999389648438,255.75,21287363,0.0,0.0
2025-02-27 00:00:00+05:30,254.0,257.45001220703125,253.4499969482422,256.25,13614799,0.0,0.0
2025-02-28 00:00:00+05:30,255.89999389648438,257.0,247.3000030517578,250.85000610351562,38512868,0.0,0.0
2025-03-03 00:00:00+05:30,253.0,253.8000030517578,248.5,252.5,9873539,0.0,0.0
2025-03-04 00:00:00+05:30,250.0,257.1499938964844,249.4499969482422,254.0,11947033,0.0,0.0
2025-03-05 00:00:00+05:30,256.95001220703125,267.20001220703125,255.75,264.3999938964844,14536637,0.0,0.0
2025-03-06 00:00:00+05:30,265.1499938964844,267.29998779296875,260.70001220703125,266.6499938964844,11926868,0.0,0.0
2025-03-07 00:00:00+05:30,266.0,268.6499938964844,261.6000061035156,263.29998779296875,10043068,0.0,0.0
2025-03-10 00:00:00+05:30,261.04998779296875,274.25,261.04998779296875,271.29998779296875,30233763,0.0,0.0
2025-03-11 00:00:00+05:30,270.0,271.8500061035156,265.8500061035156,267.29998779296875,9255499,0.0,0.0
2025-03-12 00:00:00+05:30,270.70001220703125,272.3999938964844,263.6000061035156,267.1000061035156,11875548,0.0,0.0
2025-03-13 00:00:00+05:30,269.79998779296875,270.6499938964844,265.5,267.6499938964844,9270442,0.0,0.0
2025-03-17 00:00:00+05:30,270.0,270.6499938964844,264.95001220703125,267.3500061035156,11987667,0.0,0.0
2025-03-18 00:00:00+05:30,267.3500061035156,267.3500061035156,267.3500061035156,267.3500061035156,0,0.0,0.0
2025-03-19 00:00:00+05:30,272.0,278.29998779296875,269.79998779296875,277.20001220703125,13089950,0.0,0.0
2025-03-20 00:00:00+05:30,283.5,283.54998779296875,277.04998779296875,280.3500061035156,13710249,0.0,0.0
2025-03-21 00:00:00+05:30,281.0,285.1499938964844,280.04998779296875,283.1000061035156,26003527,0.0,0.0
2025-03-24 00:00:00+05:30,285.0,293.95001220703125,284.45001220703125,291.8500061035156,19966817,0.0,0.0
2025-03-25 00:00:00+05:30,291.0,295.25,287.6499938964844,291.0,16983852,0.0,0.0
2025-03-26 00:00:00+05:30,291.70001220703125,296.75,289.54998779296875,290.8500061035156,20367015,0.0,0.0
2025-03-27 00:00:00+05:30,289.0,297.25,289.0,295.5,37203166,0.0,0.0
2025-03-28 00:00:00+05:30,293.8999938964844,294.25,288.29998779296875,290.3500061035156,10834900,0.0,0.0
2025-04-01 00:00:00+05:30,289.6000061035156,296.95001220703125,287.0,289.29998779296875,11603556,0.0,0.0
2025-04-02 00:00:00+05:30,286.8500061035156,289.75,284.5,286.75,11679536,0.0,0.0
2025-04-03 00:00:00+05:30,289.3500061035156,299.95001220703125,285.1000061035156,299.1000061035156,23478876,0.0,0.0
2025-04-04 00:00:00+05:30,300.0,300.8999938964844,292.1000061035156,293.8999938964844,21020875,0.0,0.0
2025-04-07 00:00:00+05:30,283.6000061035156,293.8999938964844,282.29998779296875,289.3999938964844,22847548,0.0,0.0
2025-04-08 00:00:00+05:30,291.95001220703125,294.0,284.6499938964844,288.95001220703125,20831596,0.0,0.0
2025-04-09 00:00:00+05:30,289.95001220703125,299.5,289.29998779296875,293.3999938964844,21342531,0.0,0.0
2025-04-11 00:00:00+05:30,293.25,305.0,293.25,304.1000061035156,19831004,0.0,0.0
2025-04-15 00:00:00+05:30,307.20001220703125,310.45001220703125,303.70001220703125,304.54998779296875,16563441,0.0,0.0
2025-04-16 00:00:00+05:30,304.45001220703125,307.0,302.79998779296875,305.75,7032401,0.0,0.0
2025-04-17 00:00:00+05:30,305.45001220703125,309.79998779296875,302.0,309.0,8528993,0.0,0.0
2025-04-21 00:00:00+05:30,310.0,322.0,308.45001220703125,320.0,13369014,0.0,0.0
2025-04-22 00:00:00+05:30,319.75,319.75,312.1000061035156,312.54998779296875,10027268,0.0,0.0
2025-04-23 00:00:00+05:30,314.1499938964844,316.1000061035156,309.45001220703125,314.95001220703125,8225575,0.0,0.0
2025-04-24 00:00:00+05:30,314.8999938964844,315.8500061035156,312.8500061035156,314.3999938964844,8021180,0.0,0.0
2025-04-25 00:00:00+05:30,313.0,315.3999938964844,303.3999938964844,306.5,11475773,0.0,0.0
2025-04-28 00:00:00+05:30,304.20001220703125,310.95001220703125,303.54998779296875,308.54998779296875,7314824,0.0,0.0
2025-04-29 00:00:00+05:30,308.54998779296875,310.79998779296875,301.20001220703125,302.95001220703125,14678005,0.0,0.0
2025-04-30 00:00:00+05:30,304.45001220703125,310.0,301.8999938964844,307.45001220703125,17619987,0.0,0.0
2025-05-02 00:00:00+05:30,305.5,309.0,302.29998779296875,303.04998779296875,5688285,0.0,0.0
2025-05-05 00:00:00+05:30,304.79998779296875,310.70001220703125,304.6499938964844,308.20001220703125,4342960,0.0,0.0
2025-05-06 00:00:00+05:30,307.6000061035156,310.45001220703125,305.54998779296875,307.6000061035156,9124804,0.0,0.0
2025-05-07 00:00:00+05:30,308.0,313.1499938964844,307.0,311.1000061035156,14679327,0.0,0.0
2025-05-08 00:00:00+05:30,313.3999938964844,317.3999938964844,304.0,308.25,19253478,0.0,0.0
2025-05-09 00:00:00+05:30,300.0,303.04998779296875,296.3999938964844,299.29998779296875,11981497,0.0,0.0
2025-05-12 00:00:00+05:30,304.04998779296875,311.1000061035156,304.04998779296875,309.04998779296875,7145884,0.0,0.0
2025-05-13 00:00:00+05:30,305.0,308.75,298.0,298.45001220703125,17988336,0.0,0.0
2025-05-14 00:00:00+05:30,299.20001220703125,300.54998779296875,294.04998779296875,295.95001220703125,10359258,0.0,0.0
2025-05-15 00:00:00+05:30,295.8999938964844,300.3999938964844,291.04998779296875,299.6499938964844,22640626,0.0,0.0
2025-05-16 00:00:00+05:30,300.0,302.20001220703125,295.5,300.20001220703125,16763668,0.0,0.0
2025-05-19 00:00:00+05:30,302.0,304.5,299.0,304.04998779296875,12575289,0.0,0.0
2025-05-20 00:00:00+05:30,304.3999938964844,305.29998779296875,297.1000061035156,297.8999938964844,21339095,0.0,0.0
2025-05-21 00:00:00+05:30,297.75,302.25,295.6499938964844,296.1499938964844,11997632,0.0,0.0
2025-05-22 00:00:00+05:30,295.8999938964844,296.3500061035156,286.54998779296875,290.8999938964844,26158839,0.0,0.0
2025-05-23 00:00:00+05:30,292.0,298.75,291.75,298.1000061035156,9872024,0.0,0.0
2025-05-26 00:00:00+05:30,300.04998779296875,303.79998779296875,295.75,296.70001220703125,16469130,0.0,0.0
2025-05-27 00:00:00+05:30,297.0,297.6000061035156,292.20001220703125,294.54998779296875,17074710,0.0,0.0
2025-05-28 00:00:00+05:30,294.54998779296875,295.6499938964844,290.5,291.1499938964844,10099453,0.0,0.0
2025-05-29 00:00:00+05:30,291.3500061035156,293.8999938964844,291.3500061035156,293.1000061035156,9773818,0.0,0.0
2025-05-30 00:00:00+05:30,292.0,294.6499938964844,290.75,292.8500061035156,3435416,0.0,0.0
