timestamp,Open,High,Low,Close,Volume,Dividends,Stock Splits
2020-06-01 00:00:00+05:30,678.2510450730975,704.9915624086457,676.3950150856623,696.7425537109375,39943702,0.0,0.0
2020-06-02 00:00:00+05:30,699.3317309020428,705.747618897557,696.948645228959,703.7769775390625,22153960,0.0,0.0
2020-06-03 00:00:00+05:30,708.039071592301,714.9132249787375,702.7000839743055,706.5038452148438,25381289,0.0,0.0
2020-06-04 00:00:00+05:30,707.580745809051,728.4324292553038,706.2059514979575,723.9871215820312,34202350,0.0,0.0
2020-06-05 00:00:00+05:30,730.9528728177455,741.4932649614477,721.1915489205595,724.8577880859375,33076685,0.0,0.0
2020-06-08 00:00:00+05:30,741.6766661982641,741.6766661982641,717.2046238892561,719.266845703125,31414953,0.0,0.0
2020-06-09 00:00:00+05:30,715.0506511942497,725.4535822055645,702.5396780977301,704.4415283203125,25857161,0.0,0.0
2020-06-10 00:00:00+05:30,707.1683102645867,723.8725795595581,705.7706057280134,720.4813232421875,22132647,0.0,0.0
2020-06-11 00:00:00+05:30,717.6628414028274,718.556460695146,701.6231509010795,704.693603515625,20385805,0.0,0.0
2020-06-12 00:00:00+05:30,687.416557576353,730.0363938435295,686.0417026419542,728.1116333007812,38548899,0.0,0.0
2020-06-15 00:00:00+05:30,717.2045796401138,745.5948719483943,715.4172804390198,739.9122314453125,53107403,0.0,0.0
2020-06-16 00:00:00+05:30,752.9502789293879,755.4936756365952,726.5075960199767,741.3558349609375,51187003,0.0,0.0
2020-06-17 00:00:00+05:30,737.025074672851,749.4902276883506,734.206694878653,740.2788696289062,41782053,0.0,0.0
2020-06-18 00:00:00+05:30,736.4522411168653,763.0323238880414,735.81063410235,758.8619995117188,40471557,0.0,0.0
2020-06-19 00:00:00+05:30,765.3237058077867,819.7670852058724,761.6575272155443,806.2937622070312,105804173,0.0,0.0
2020-06-22 00:00:00+05:30,812.7096820187878,826.8246125774301,795.1117937793892,800.2216186523438,60198705,0.0,0.0
2020-06-23 00:00:00+05:30,801.9858856669533,808.2872226916421,786.4502809764904,788.6500244140625,37962078,0.0,0.0
2020-06-24 00:00:00+05:30,795.5242325331129,812.3888727851897,784.433934358555,791.8350830078125,51586221,0.0,0.0
2020-06-25 00:00:00+05:30,791.4455319256779,801.5276595288182,785.0525537688633,787.2752075195312,39679374,0.0,0.0
2020-06-26 00:00:00+05:30,792.270469464327,802.902502491192,786.8627515145153,798.1593017578125,30921913,0.0,0.0
2020-06-29 00:00:00+05:30,791.9267773647432,797.288614438186,786.1983163628166,789.6812133789062,25621946,0.0,0.0
2020-06-30 00:00:00+05:30,796.0283910544953,797.8614501336192,777.032737530971,780.9510498046875,30276420,0.0,0.0
2020-07-01 00:00:00+05:30,788.2376179750506,801.5276594544489,782.7611693240234,796.3032836914062,28464103,0.0,0.0
2020-07-02 00:00:00+05:30,798.7780112865793,810.051651502645,795.1346822505905,806.7291259765625,28789533,0.0,0.0
2020-07-03 00:00:00+05:30,815.642554763242,821.6918795533277,810.2348975737999,819.3546142578125,29434266,0.0,0.0
2020-07-06 00:00:00+05:30,827.191261969452,851.4799619968323,821.2794584223728,848.638671875,47016185,0.0,0.0
2020-07-07 00:00:00+05:30,852.3965124055919,854.390003500498,827.7870099975662,835.6464233398438,35189589,0.0,0.0
2020-07-08 00:00:00+05:30,835.9213728586025,840.9165858034463,820.3170372292233,823.9832763671875,26204095,0.0,0.0
2020-07-09 00:00:00+05:30,829.0243571638582,840.9395441305393,818.5985155351237,836.0130615234375,36418942,0.0,0.0
2020-07-10 00:00:00+05:30,837.9607447687247,863.670117925658,836.0130135582801,860.6683959960938,43759967,0.0,0.0
2020-07-13 00:00:00+05:30,872.2628089872386,892.5874357836923,870.7275826594692,886.767333984375,69608392,0.0,0.0
2020-07-14 00:00:00+05:30,886.3090536948882,889.8377710443757,864.9074657015493,878.518310546875,67331128,0.0,0.0
2020-07-15 00:00:00+05:30,888.1192147361094,906.8398845130408,823.9833017097787,845.0640258789062,139669773,0.0,0.0
2020-07-16 00:00:00+05:30,846.4389009328125,856.5210288081962,830.6054017644162,844.7891235351562,60961724,0.0,0.0
2020-07-17 00:00:00+05:30,845.5223517154446,879.8931780354382,842.3143772170115,876.0894775390625,49726765,0.0,0.0
2020-07-20 00:00:00+05:30,878.8849401234689,885.3924692888147,870.5672015533473,879.8472900390625,36592938,0.0,0.0
2020-07-21 00:00:00+05:30,888.6004257233786,906.0149707690238,887.4547335653497,903.517333984375,42173371,0.0,0.0
2020-07-22 00:00:00+05:30,908.7646864841267,921.1381990638405,898.5450971387415,918.3885498046875,59771457,0.0,0.0
2020-07-23 00:00:00+05:30,918.3655894613604,953.0801314617737,912.5913077685781,943.0438842773438,58333751,0.0,0.0
2020-07-24 00:00:00+05:30,943.1354731742681,991.25460584896,943.0438323450683,983.5326538085938,120597372,0.0,0.0
2020-07-27 00:00:00+05:30,998.4954778066718,1007.6610156575737,975.1691282158321,988.1383666992188,80304827,0.0,0.0
2020-07-28 00:00:00+05:30,988.1383676864459,1005.4612730317275,985.5949103232141,997.9913330078125,55114422,0.0,0.0
2020-07-29 00:00:00+05:30,998.0829870939732,1000.3284904272126,948.8410124225807,960.847900390625,72663399,0.0,0.0
2020-07-30 00:00:00+05:30,961.9249264495337,980.5768060579352,949.551413730416,966.43896484375,72857444,0.0,0.0
2020-07-31 00:00:00+05:30,969.0281777129886,975.6731681027626,940.7524365711288,947.3057861328125,74958061,0.0,0.0
2020-08-03 00:00:00+05:30,940.0650588667733,942.677246868611,917.9760421968332,920.679931640625,46715383,0.0,0.0
2020-08-04 00:00:00+05:30,925.9959061475516,993.0877205868686,916.6699365970507,985.5719604492188,92041055,0.0,0.0
2020-08-05 00:00:00+05:30,994.0043157201259,1006.3777671520835,970.769607756223,974.5045776367188,74549993,0.0,0.0
2020-08-06 00:00:00+05:30,988.5049478785772,993.4085201141421,965.9576675560148,978.0103759765625,49322975,0.0,0.0
2020-08-07 00:00:00+05:30,976.0398544091378,988.8716318683958,971.6404276804606,983.670166015625,32984416,0.0,0.0
2020-08-10 00:00:00+05:30,989.4674030834198,992.1712319058495,966.0952330320205,971.47998046875,26958997,0.0,0.0
2020-08-11 00:00:00+05:30,978.331189560326,989.8798129346984,962.5435111305226,977.8729248046875,46828306,0.0,0.0
2020-08-12 00:00:00+05:30,972.006922995035,983.0056405695786,965.4993938868563,975.0315551757812,30264617,0.0,0.0
2020-08-13 00:00:00+05:30,975.214959269969,980.2101726044785,966.9659508705681,972.4882202148438,24830322,0.0,0.0
2020-08-14 00:00:00+05:30,972.7172898762853,988.5049684724078,957.4566672723615,968.7073974609375,33224635,0.0,0.0
2020-08-17 00:00:00+05:30,964.6745237262556,964.6745237262556,948.6806534361109,958.4190673828125,30979066,0.0,0.0
2020-08-18 00:00:00+05:30,955.5089822878281,978.1020831572449,954.294559477607,970.8842163085938,30547672,0.0,0.0
2020-08-19 00:00:00+05:30,981.172553427412,987.1301771584264,972.1673872079663,976.841796875,34087543,0.0,0.0
2020-08-20 00:00:00+05:30,971.5487328192266,973.3360321384001,956.8838355365823,961.03125,22537845,0.0,0.0
2020-08-21 00:00:00+05:30,970.6321768823921,972.465296569042,951.8427758555005,954.0654296875,25280895,0.0,0.0
2020-08-24 00:00:00+05:30,958.4419947220268,964.4453782832102,948.8639520553822,960.4354858398438,32717218,0.0,0.0
2020-08-25 00:00:00+05:30,965.13276817201,967.5616743602491,952.3009916345964,954.179931640625,19388008,0.0,0.0
2020-08-26 00:00:00+05:30,955.5089727839295,984.3575296843642,938.0944274478546,979.4768676757812,59870421,0.0,0.0
2020-08-27 00:00:00+05:30,984.3804685029281,985.2970586366862,963.8725597534132,967.2409057617188,28085062,0.0,0.0
2020-08-28 00:00:00+05:30,971.5486912189366,977.4604945397509,965.247414367883,969.7843627929688,27166900,0.0,0.0
2020-08-31 00:00:00+05:30,996.295686160454,996.295686160454,944.2124216462186,953.5383911132812,62076132,0.0,0.0
2020-09-01 00:00:00+05:30,962.3831733418648,972.6485830287005,945.1519088114154,956.5401611328125,38616258,0.0,0.0
2020-09-02 00:00:00+05:30,958.7169223066248,979.797707637479,955.5090083348942,975.3065795898438,26949439,0.0,0.0
2020-09-03 00:00:00+05:30,975.2149424229151,980.14142504731,963.7580201822328,967.9283447265625,18586429,0.0,0.0
2020-09-04 00:00:00+05:30,954.8445075372857,960.9854130922785,949.6430417385345,951.9573364257812,28475945,0.0,0.0
2020-09-07 00:00:00+05:30,955.0507647148905,965.0182811866224,936.8341792255969,954.4320678710938,21926473,0.0,0.0
2020-09-08 00:00:00+05:30,958.7169285025993,972.0069704595455,953.4467321358258,965.636962890625,27397082,0.0,0.0
2020-09-09 00:00:00+05:30,955.5090106146209,993.454375813479,953.8820828080042,990.4984741210938,55310877,0.0,0.0
2020-09-10 00:00:00+05:30,1000.4660299660226,1074.6383113837408,996.914341724661,1060.45458984375,140304404,0.0,0.0
2020-09-11 00:00:00+05:30,1059.5381543412248,1071.384550902653,1048.1270517595372,1063.0897216796875,59470807,0.0,0.0
2020-09-14 00:00:00+05:30,1065.4957785611991,1081.5354707622917,1045.7897255382097,1055.2073974609375,44063445,0.0,0.0
2020-09-15 00:00:00+05:30,1059.5151525893136,1065.8393395981864,1048.6080755581218,1062.67724609375,27178393,0.0,0.0
2020-09-16 00:00:00+05:30,1063.2042360678533,1085.8202485662914,1058.87360053903,1065.2894287109375,33952295,0.0,0.0
2020-09-17 00:00:00+05:30,1063.2042356804764,1069.482723816111,1050.3037274973158,1053.4659423828125,25828669,0.0,0.0
2020-09-18 00:00:00+05:30,1060.5691304278284,1062.9521556308575,1043.2920461833335,1056.65087890625,33074915,0.0,0.0
2020-09-21 00:00:00+05:30,1054.0386511585916,1070.5366674649222,1029.910323523738,1033.8057861328125,33627381,0.0,0.0
2020-09-22 00:00:00+05:30,1043.498208863265,1043.498208863265,1008.9211917431483,1013.3206787109375,34792254,0.0,0.0
2020-09-23 00:00:00+05:30,1035.7075485048417,1043.3836800463416,1010.6397817989491,1022.3258056640625,42988708,0.0,0.0
2020-09-24 00:00:00+05:30,1011.8313273651003,1020.1260953762238,997.2351612480668,999.5953369140625,29826318,0.0,0.0
2020-09-25 00:00:00+05:30,1003.1698882412895,1014.0769049591885,993.2252820907123,1008.989990234375,28374935,0.0,0.0
2020-09-28 00:00:00+05:30,1020.5843803473206,1025.6254743888758,1011.4417531826726,1015.6578979492188,19666849,0.0,0.0
2020-09-29 00:00:00+05:30,1019.6678754421919,1037.540625260463,1015.6579224409418,1028.8563232421875,25842539,0.0,0.0
2020-09-30 00:00:00+05:30,1035.7075128708939,1038.915426619415,1019.667822910266,1023.9527587890625,24465159,0.0,0.0
2020-10-01 00:00:00+05:30,1037.4489673280364,1037.4489673280364,1014.6267645526416,1019.7824096679688,20783227,0.0,0.0
2020-10-05 00:00:00+05:30,1028.375136687348,1030.7352518203077,1010.9606507968076,1013.8019409179688,18922799,0.0,0.0
2020-10-06 00:00:00+05:30,1019.7824343950374,1023.7465064031616,1008.9670587377426,1012.9541015625,18412175,0.0,0.0
2020-10-07 00:00:00+05:30,1024.2505996962122,1058.1631600447058,1017.3764468007367,1034.5618896484375,53170865,0.0,0.0
2020-10-08 00:00:00+05:30,1035.2492286359598,1039.3737932347155,1018.3388289479326,1026.1982421875,21077808,0.0,0.0
2020-10-09 00:00:00+05:30,1024.2506208355796,1032.499628724005,1016.0474333609883,1023.540283203125,18545499,0.0,0.0
2020-10-12 00:00:00+05:30,1024.250623772244,1033.7598142863974,1020.2407314601325,1025.1900634765625,14226473,0.0,0.0
2020-10-13 00:00:00+05:30,1022.2341840731053,1047.508264336089,1020.0573507084565,1045.1939697265625,23112012,0.0,0.0
2020-10-14 00:00:00+05:30,1044.3690191210887,1055.871760864312,1039.6028477217042,1048.3101806640625,26742011,0.0,0.0
2020-10-15 00:00:00+05:30,1049.4558649211035,1049.4558649211035,1005.9195010667554,1011.189697265625,20036197,0.0,0.0
2020-10-16 00:00:00+05:30,1015.0851175273872,1023.1049023978288,995.6770199484645,997.12060546875,21583600,0.0,0.0
2020-10-19 00:00:00+05:30,1003.6509905456702,1021.3634287495133,987.6571208700964,997.3038330078125,31200385,0.0,0.0
2020-10-20 00:00:00+05:30,998.5871288236289,1005.0030175064991,986.3281672749039,988.0009155273438,18482288,0.0,0.0
2020-10-21 00:00:00+05:30,993.5460719531239,1004.544729352212,961.3520176374118,973.6567993164062,34082321,0.0,0.0
2020-10-22 00:00:00+05:30,974.939966612672,977.2771714941753,958.2586683105518,965.5681762695312,30802210,0.0,0.0
2020-10-23 00:00:00+05:30,965.1327628331092,978.4228040428387,960.7333364448267,968.3636474609375,23422125,0.0,0.0
2020-10-26 00:00:00+05:30,963.2768036081744,963.2768036081744,925.033544290275,929.8912963867188,37324416,0.0,0.0
2020-10-27 00:00:00+05:30,932.5493095000909,943.9833218158296,918.8468228880104,932.3660278320312,36478896,0.0,0.0
2020-10-28 00:00:00+05:30,935.71135105418,942.9980091342402,919.9466435089806,921.8026733398438,29924017,0.0,0.0
2020-10-29 00:00:00+05:30,915.1805100915433,935.8030295914579,912.4308610278922,928.8829956054688,30655304,0.0,0.0
2020-10-30 00:00:00+05:30,931.9076314660364,946.3892458914445,926.5457945574287,941.531494140625,34021563,0.0,0.0
2020-11-02 00:00:00+05:30,928.9288321960369,928.9288321960369,852.0069634311437,860.3934326171875,99366895,0.0,0.0
2020-11-03 00:00:00+05:30,866.1448648250099,874.8521381332641,840.9854554921308,847.9970703125,88691623,0.0,0.0
2020-11-04 00:00:00+05:30,841.8561231231436,884.0176932369286,841.8561231231436,876.77685546875,80180117,0.0,0.0
2020-11-05 00:00:00+05:30,895.909951121047,898.6596002334963,885.3924690198869,895.932861328125,37205373,0.0,0.0
2020-11-06 00:00:00+05:30,911.9726432000803,934.8864875909511,906.5420148044118,929.9141845703125,66674086,0.0,0.0
2020-11-09 00:00:00+05:30,945.0144148621766,948.1765083471847,933.0533471423389,939.7900390625,35838510,0.0,0.0
2020-11-10 00:00:00+05:30,951.8427475856548,957.8003712380709,935.4364329431855,955.302734375,36934242,0.0,0.0
2020-11-11 00:00:00+05:30,957.34208364237,960.0917327205718,906.5190627596502,915.2721557617188,56724780,0.0,0.0
2020-11-12 00:00:00+05:30,907.8480958610193,920.4277994691697,900.5156175178619,907.3897705078125,40046527,0.0,0.0
2020-11-13 00:00:00+05:30,908.3063477715372,933.3512036001779,908.1917967393603,914.905517578125,45388670,0.0,0.0
2020-11-14 00:00:00+05:30,923.3837783663708,923.5670600357972,914.4244321567311,917.6094360351562,5226220,0.0,0.0
2020-11-17 00:00:00+05:30,955.5089940933982,955.5089940933982,909.6811847678875,913.4619750976562,46542562,0.0,0.0
2020-11-18 00:00:00+05:30,913.4619513900448,919.5341865766057,898.2700598427155,910.6893920898438,30402290,0.0,0.0
2020-11-19 00:00:00+05:30,910.6894089681497,921.3443524349805,901.9821361705335,904.2506103515625,27796343,0.0,0.0
2020-11-20 00:00:00+05:30,905.0984023663001,909.131265527168,868.4361918218153,870.4984741210938,57471248,0.0,0.0
2020-11-23 00:00:00+05:30,894.0997415158744,902.8070142108514,882.75737074443,893.9622802734375,45327567,0.0,0.0
2020-11-24 00:00:00+05:30,900.0573510237542,904.6401196748114,885.3924549749638,900.0802612304688,30936268,0.0,0.0
2020-11-25 00:00:00+05:30,907.3897767519788,913.3244900876216,890.0669329173413,892.6332397460938,32637879,0.0,0.0
2020-11-26 00:00:00+05:30,895.0392602894218,900.5156484189398,884.4988677662003,894.8330078125,25838637,0.0,0.0
2020-11-27 00:00:00+05:30,889.2878497933028,896.4369862902685,880.5347562936183,884.38427734375,47336811,0.0,0.0
2020-12-01 00:00:00+05:30,889.2191234111738,901.0885507495566,884.4988932128789,895.8870849609375,19750687,0.0,0.0
2020-12-02 00:00:00+05:30,897.5368362965186,899.1408538692773,886.7673417010774,897.37646484375,22188887,0.0,0.0
2020-12-03 00:00:00+05:30,903.723590188205,907.893914509388,897.6055346422114,900.0802612304688,27785372,0.0,0.0
2020-12-04 00:00:00+05:30,902.348778528614,902.348778528614,889.0587366827887,892.152099609375,18464552,0.0,0.0
2020-12-07 00:00:00+05:30,889.3336873824793,900.515626048199,889.3336873824793,897.3993530273438,18242188,0.0,0.0
2020-12-08 00:00:00+05:30,898.751342661636,923.0858626651541,893.6415177240107,913.691162109375,43403061,0.0,0.0
2020-12-09 00:00:00+05:30,921.1152620485129,932.0451887511496,916.2116896977391,928.9059448242188,29175254,0.0,0.0
2020-12-10 00:00:00+05:30,926.4541771702301,929.6162706555624,917.0136565199033,919.7633056640625,16065507,0.0,0.0
2020-12-11 00:00:00+05:30,922.51299481388,933.9699778612454,904.7547347299311,919.2134399414062,26944202,0.0,0.0
2020-12-14 00:00:00+05:30,920.1986706870797,923.4295554402294,910.2998851682188,912.568359375,17312747,0.0,0.0
2020-12-15 00:00:00+05:30,911.8351229289699,911.8351229289699,898.7283627004783,904.8005981445312,18551265,0.0,0.0
2020-12-16 00:00:00+05:30,911.0560630367897,914.2411274439534,900.8364737803741,905.8087768554688,18561011,0.0,0.0
2020-12-17 00:00:00+05:30,909.4520915785896,918.8467919760204,906.0837455601566,909.9561767578125,20252358,0.0,0.0
2020-12-18 00:00:00+05:30,907.4356968363076,918.8009782266287,900.5156624783265,912.6829223632812,18466344,0.0,0.0
2020-12-21 00:00:00+05:30,921.1381677642318,926.6374660956757,850.2196809894187,888.9212036132812,44135540,0.0,0.0
2020-12-22 00:00:00+05:30,893.1832681834952,897.7202167773827,865.4345206063247,887.5464477539062,28140001,0.0,0.0
2020-12-23 00:00:00+05:30,884.47596224031,894.3060171636316,880.1910260984931,890.8231201171875,19501410,0.0,0.0
2020-12-24 00:00:00+05:30,892.2666699625108,916.0054641363618,891.7625847707454,913.87451171875,20776988,0.0,0.0
2020-12-28 00:00:00+05:30,919.6258244898372,924.8043797631353,914.4014488028478,918.0676879882812,17221499,0.0,0.0
2020-12-29 00:00:00+05:30,920.6799071306208,922.1922232698972,908.5584071997702,911.9955444335938,18611939,0.0,0.0
2020-12-30 00:00:00+05:30,914.3785519914372,919.8549400339567,905.3504757456813,914.4931030273438,22043630,0.0,0.0
2020-12-31 00:00:00+05:30,913.5766057865213,922.0088957253366,906.7482728430973,909.8187255859375,18781189,0.0,0.0
2021-01-01 00:00:00+05:30,911.0560063636319,915.1805102643939,908.3063572994615,910.826904296875,10015175,0.0,0.0
2021-01-04 00:00:00+05:30,914.3097921753186,916.0512103015465,901.8904601821671,912.3621215820312,24513534,0.0,0.0
2021-01-05 00:00:00+05:30,902.3487492275453,909.0396206533214,896.3911256459369,901.019775390625,24123091,0.0,0.0
2021-01-06 00:00:00+05:30,900.9280578771966,900.9738782905129,873.087732329717,877.258056640625,46401468,0.0,0.0
2021-01-07 00:00:00+05:30,880.1222777904522,891.3500975918807,873.0877532159152,875.83740234375,32325918,0.0,0.0
2021-01-08 00:00:00+05:30,878.976612966241,888.325493022733,876.2727841686465,886.1715698242188,27540187,0.0,0.0
2021-01-11 00:00:00+05:30,888.5087590889216,888.5087590889216,867.2905128231855,869.4673461914062,33307825,0.0,0.0
2021-01-12 00:00:00+05:30,872.1024410598037,898.2242595537871,870.6817657629888,896.8723754882812,41161546,0.0,0.0
2021-01-13 00:00:00+05:30,899.8511604365788,905.0755364529455,879.1828796720462,888.5087890625,26619458,0.0,0.0
2021-01-14 00:00:00+05:30,891.3501310898704,901.3864386667138,888.6233920667677,898.499267578125,21553242,0.0,0.0
2021-01-15 00:00:00+05:30,898.4992600170094,904.5485246400867,879.9161115891496,887.89013671875,20593268,0.0,0.0
2021-01-18 00:00:00+05:30,893.2291119127048,915.1806075645815,881.428475340716,909.2000732421875,35100458,0.0,0.0
2021-01-19 00:00:00+05:30,914.1035901927362,930.7619779982366,914.1035901927362,924.0711669921875,32006615,0.0,0.0
2021-01-20 00:00:00+05:30,926.3625463302998,943.1354850822602,917.1969480692417,941.6231689453125,30924537,0.0,0.0
2021-01-21 00:00:00+05:30,954.1341293752552,971.5486749202661,950.9262154843914,962.108154296875,39087742,0.0,0.0
2021-01-22 00:00:00+05:30,967.4241692620053,969.4177209457721,932.663808853074,939.2859497070312,30532660,0.0,0.0
2021-01-25 00:00:00+05:30,932.5722200372458,932.5722200372458,885.3925245766081,889.5170288085938,54207104,0.0,0.0
2021-01-27 00:00:00+05:30,882.1845855151089,882.1845855151089,865.2283042883042,868.4362182617188,42370131,0.0,0.0
2021-01-28 00:00:00+05:30,861.6307954686654,881.4055171329885,856.979295964118,859.9810180664062,34067814,0.0,0.0
2021-01-29 00:00:00+05:30,868.1154405050787,876.7310729258676,838.6481848112486,844.1246337890625,43712383,0.0,0.0
2021-02-01 00:00:00+05:30,852.1215346067919,873.0189774446113,846.8971587450834,868.57373046875,34180952,0.0,0.0
2021-02-02 00:00:00+05:30,877.2581019584684,889.0587378763703,850.0822316092208,882.5512084960938,41470034,0.0,0.0
2021-02-03 00:00:00+05:30,883.696903147528,894.5580387467725,870.7276041579458,884.7738647460938,30301696,0.0,0.0
2021-02-04 00:00:00+05:30,881.7262476769802,889.0587262708847,873.0189748034795,881.86376953125,25626981,0.0,0.0
2021-02-05 00:00:00+05:30,884.4988653508711,891.1897368980746,879.8931863386786,881.6116943359375,20248046,0.0,0.0
2021-02-08 00:00:00+05:30,885.8736797212064,902.3487860715968,884.0406206449546,894.3060302734375,21183400,0.0,0.0
2021-02-09 00:00:00+05:30,899.117968923593,911.789314145809,894.6955714362601,896.4598999023438,19604141,0.0,0.0
2021-02-10 00:00:00+05:30,895.3600382420447,909.5666090480472,883.23853869919,904.777587890625,21234156,0.0,0.0
2021-02-11 00:00:00+05:30,907.389791050632,945.9768228348094,903.8381634414543,942.0814208984375,42539278,0.0,0.0
2021-02-12 00:00:00+05:30,941.9897577670436,952.3009872412845,923.6128021236875,935.6196899414062,30497029,0.0,0.0
2021-02-15 00:00:00+05:30,938.575645114862,944.6478199909062,928.012342153907,931.4952392578125,15791099,0.0,0.0
2021-02-16 00:00:00+05:30,934.7719501628295,952.9426544851586,932.5951167312954,943.8229370117188,21421660,0.0,0.0
2021-02-17 00:00:00+05:30,944.0520269205713,960.5271331888167,939.7442411384329,954.70703125,23742994,0.0,0.0
2021-02-18 00:00:00+05:30,955.5090153116886,966.232689718251,943.6395880679818,947.580810546875,18646877,0.0,0.0
2021-02-19 00:00:00+05:30,942.6772484316627,964.65165348785,940.9815899744227,953.3551025390625,23403483,0.0,0.0
2021-02-22 00:00:00+05:30,953.2176069206549,957.7545553032057,914.2411013259243,920.2673950195312,23804335,0.0,0.0
2021-02-23 00:00:00+05:30,938.5527323427098,940.7982963790304,922.787963672502,927.302001953125,25644108,0.0,0.0
2021-02-24 00:00:00+05:30,930.3037435871545,946.4580467409617,928.5393544904555,944.5103759765625,10807663,0.0,0.0
2021-02-25 00:00:00+05:30,951.3844797910749,986.2135708647008,950.0096249190582,982.707763671875,34855693,0.0,0.0
2021-02-26 00:00:00+05:30,970.1738828673989,977.9187451248854,948.9555761669343,955.8756103515625,37481215,0.0,0.0
2021-03-01 00:00:00+05:30,967.0575115947956,967.882460853612,945.1976593299149,963.1621704101562,17680764,0.0,0.0
2021-03-02 00:00:00+05:30,972.4652297072996,976.1314082195158,957.387889506388,965.1327514648438,17150760,0.0,0.0
2021-03-03 00:00:00+05:30,972.0298937685372,1017.3306458571046,965.682736108821,1009.1732788085938,31924461,0.0,0.0
2021-03-04 00:00:00+05:30,999.0454050449287,1003.6052638610408,988.8258155736955,997.1435546875,21435754,0.0,0.0
2021-03-05 00:00:00+05:30,988.0467141694864,1013.6873581275809,986.6947694723366,998.4495849609375,25511666,0.0,0.0
2021-03-08 00:00:00+05:30,993.7751524366066,1022.8299621730444,993.5460503637174,1004.1322631835938,19506841,0.0,0.0
2021-03-09 00:00:00+05:30,1008.2109078569376,1014.5351555579488,983.7389269690955,1004.1093139648438,15154484,0.0,0.0
2021-03-10 00:00:00+05:30,1011.4188575393719,1015.1309171988182,994.577127828556,999.93896484375,11519358,0.0,0.0
2021-03-12 00:00:00+05:30,1005.919479283975,1011.1438549551677,973.335952872868,979.6143798828125,16864952,0.0,0.0
2021-03-15 00:00:00+05:30,980.7371538398805,984.7928664963358,953.4466733339509,966.4617919921875,16698099,0.0,0.0
2021-03-16 00:00:00+05:30,968.7990475220405,974.2984065270778,960.3209372410837,962.6581420898438,13873801,0.0,0.0
2021-03-17 00:00:00+05:30,961.489550893683,963.7580251455616,932.6409320539126,941.9210815429688,19210236,0.0,0.0
2021-03-18 00:00:00+05:30,949.9637992103776,955.4173376445058,917.0136483612658,920.7257080078125,20647480,0.0,0.0
2021-03-19 00:00:00+05:30,912.4309099061678,960.4813132146304,908.6730297206323,954.1341552734375,41787429,0.0,0.0
2021-03-22 00:00:00+05:30,949.0931390339663,950.4679333601593,931.7702335299973,945.1519165039062,18572478,0.0,0.0
2021-03-23 00:00:00+05:30,944.9456684514921,966.8284314182099,942.2189295605145,956.6546630859375,17421165,0.0,0.0
2021-03-24 00:00:00+05:30,953.1029603986793,953.1029603986793,935.0697791745883,938.2318725585938,16822814,0.0,0.0
2021-03-25 00:00:00+05:30,941.3024237513798,941.3024237513798,909.6812441618239,912.6371459960938,22001648,0.0,0.0
2021-03-26 00:00:00+05:30,922.0546914088832,922.8337596776913,904.5026845443095,914.1035766601562,20180202,0.0,0.0
2021-03-30 00:00:00+05:30,920.2215858306481,938.9651662011429,912.6829153085437,929.98291015625,20441701,0.0,0.0
2021-03-31 00:00:00+05:30,924.804406592944,939.4234221270779,916.0970731226752,917.9760131835938,16250796,0.0,0.0
2021-04-01 00:00:00+05:30,924.8043971895248,930.3036954622871,917.998914056883,926.5687255859375,11723312,0.0,0.0
2021-04-05 00:00:00+05:30,927.9893912412775,928.0123014483171,899.1866547075256,913.1641235351562,14875099,0.0,0.0
2021-04-06 00:00:00+05:30,918.3884886835336,918.8238432212821,902.3487377530921,909.3604125976562,14009194,0.0,0.0
2021-04-07 00:00:00+05:30,916.5553865571861,938.048615635845,913.4849339186654,917.8614501953125,24266353,0.0,0.0
2021-04-08 00:00:00+05:30,921.5964187877586,926.6374522846172,913.3474108045253,919.0071411132812,15369188,0.0,0.0
2021-04-09 00:00:00+05:30,915.8450447798471,919.4654029841213,907.3897843494772,908.3292846679688,14037885,0.0,0.0
2021-04-12 00:00:00+05:30,897.7659859628379,898.8658577357746,870.8421892556295,875.83740234375,20901482,0.0,0.0
2021-04-13 00:00:00+05:30,881.7262438339541,889.3337054942264,878.9078640554036,885.3008422851562,19411189,0.0,0.0
2021-04-15 00:00:00+05:30,882.7802888566243,898.6825182861205,876.6852039764615,891.029296875,19723716,0.0,0.0
2021-04-16 00:00:00+05:30,887.5006369348121,893.5957222096048,882.849076639035,885.4383544921875,15656948,0.0,0.0
2021-04-19 00:00:00+05:30,872.5607041989716,878.2433447666765,866.1448157767877,871.5066528320312,18478808,0.0,0.0
2021-04-20 00:00:00+05:30,875.5395754788791,879.4349170896498,866.3511270756417,871.2546997070312,17203668,0.0,0.0
2021-04-22 00:00:00+05:30,867.1759643959607,877.3497330076125,860.0497382653857,873.6605834960938,14490954,0.0,0.0
2021-04-23 00:00:00+05:30,873.477349515899,879.3890925310528,868.5966871164353,872.72119140625,11828857,0.0,0.0
2021-04-26 00:00:00+05:30,879.8932082288386,899.1408740528761,875.9978061607129,888.0734252929688,20846778,0.0,0.0
2021-04-27 00:00:00+05:30,889.0587347867859,915.2721944885451,888.256756297086,911.3539428710938,19992524,0.0,0.0
2021-04-28 00:00:00+05:30,915.5700660524725,920.2215654258586,907.4585799080693,915.3179931640625,17122437,0.0,0.0
2021-04-29 00:00:00+05:30,927.0499093416245,936.9487554227206,919.9008336410211,927.5769653320312,17412606,0.0,0.0
2021-04-30 00:00:00+05:30,920.4507395280557,933.0533537516942,910.8498473593096,914.0348510742188,19828769,0.0,0.0
2021-05-03 00:00:00+05:30,900.9739442604689,906.9315681719911,890.479432399315,897.7889404296875,23640186,0.0,0.0
2021-05-04 00:00:00+05:30,893.641526112066,901.79889367873,875.7687149847101,878.3350219726562,21849830,0.0,0.0
2021-05-05 00:00:00+05:30,881.4284318337103,888.3713158141251,874.4167566203378,879.9390258789062,12393609,0.0,0.0
2021-05-06 00:00:00+05:30,880.7409695079429,886.767323712519,873.7522047792344,884.9342041015625,14624666,0.0,0.0
2021-05-07 00:00:00+05:30,888.0276033261904,896.2307911930649,882.6428559169977,885.2779541015625,12288548,0.0,0.0
2021-05-10 00:00:00+05:30,888.6004800679373,892.1750180003529,880.3285615740144,882.7344970703125,13941237,0.0,0.0
2021-05-11 00:00:00+05:30,877.6018168085745,888.3942217682157,875.3103717583732,885.9195556640625,13478264,0.0,0.0
2021-05-12 00:00:00+05:30,884.5217390553652,885.8048924484848,873.9355265828395,876.75390625,13177961,0.0,0.0
2021-05-14 00:00:00+05:30,883.5822953438175,889.9752737303006,873.477317779487,887.8214111328125,13291616,0.0,0.0
2021-05-17 00:00:00+05:30,887.8213414414267,899.8052581664907,884.6591875039036,898.3846435546875,11873078,0.0,0.0
2021-05-18 00:00:00+05:30,907.8480775074644,917.7468624615951,903.9526757380339,911.0330810546875,12064918,0.0,0.0
2021-05-19 00:00:00+05:30,907.389776827253,924.0940450765244,903.7235982391541,915.2034301757812,16317002,0.0,0.0
2021-05-20 00:00:00+05:30,915.5929628086334,921.5505863419672,907.8481007025097,909.864501953125,11422532,0.0,0.0
2021-05-21 00:00:00+05:30,912.8891573314634,920.9548231478985,910.1395081727492,917.7239990234375,10785605,0.0,0.0
2021-05-24 00:00:00+05:30,920.2215639952274,921.0465132808283,908.3063773810496,909.9790649414062,8551760,0.0,0.0
2021-05-25 00:00:00+05:30,914.9055590097236,915.1805421084125,898.224261172839,899.6678466796875,14780102,0.0,0.0
2021-05-26 00:00:00+05:30,905.0984302884677,907.1607126513674,900.6531832614253,902.8299560546875,7480204,0.0,0.0
2021-05-27 00:00:00+05:30,902.9445916504806,913.3474627453336,899.2554419945077,905.6026000976562,26819294,0.0,0.0
2021-05-28 00:00:00+05:30,911.972629778683,964.6745317110937,911.972629778683,960.0001220703125,56469931,0.0,0.0
2021-05-31 00:00:00+05:30,963.2996679941937,1004.4071862778909,955.5318955382743,990.0172729492188,59124142,0.0,0.0
2021-06-01 00:00:00+05:30,992.6294616330779,1009.1274777007901,983.6930261615647,993.95849609375,28013832,0.0,0.0
2021-06-02 00:00:00+05:30,988.5049463075854,1012.5645426962533,988.5049463075854,1008.7837524414062,24630162,0.0,0.0
2021-06-03 00:00:00+05:30,1017.8347058418552,1031.1248082209238,1006.4236647556698,1012.63330078125,23974257,0.0,0.0
2021-06-04 00:00:00+05:30,1014.9934184272456,1015.7495765006605,1000.9930389652003,1003.8572998046875,14468646,0.0,0.0
2021-06-07 00:00:00+05:30,1009.1274963902598,1027.4585718192045,1001.3367529675492,1020.7677001953125,16336573,0.0,0.0
2021-06-08 00:00:00+05:30,1020.4011535173984,1020.6531658067075,1007.3631237821164,1014.9017944335938,9674735,0.0,0.0
2021-06-09 00:00:00+05:30,1016.9181620384279,1017.8346915507981,988.9403137865944,996.7539672851562,11409161,0.0,0.0
2021-06-10 00:00:00+05:30,1005.186277587183,1021.9592771229469,997.9225901344253,1000.4202270507812,14155653,0.0,0.0
2021-06-11 00:00:00+05:30,1003.8619455035845,1024.602341124945,1002.5742578451352,1017.7731323242188,13762778,3.5,0.0
2021-06-14 00:00:00+05:30,1018.6238900127328,1038.5134691551248,1009.4493288367496,1032.3741455078125,20332436,0.0,0.0
2021-06-15 00:00:00+05:30,1039.778150738539,1046.1703651334383,1030.258677735105,1034.719482421875,15174215,0.0,0.0
2021-06-16 00:00:00+05:30,1032.3741881908154,1033.3628831774108,1014.416018043663,1017.060302734375,10797349,0.0,0.0
2021-06-17 00:00:00+05:30,1011.7257406749369,1027.821410218433,1002.4822698209165,1018.9227905273438,15745975,0.0,0.0
2021-06-18 00:00:00+05:30,1023.4525751769276,1027.821419791814,1004.528700178957,1023.5215454101562,29369026,0.0,0.0
2021-06-21 00:00:00+05:30,1013.3353440514459,1033.5697748100704,1011.7947655851289,1028.8560791015625,12186448,0.0,0.0
2021-06-22 00:00:00+05:30,1036.558966435621,1039.7781854576906,1020.6242884287035,1023.5675048828125,12871913,0.0,0.0
2021-06-23 00:00:00+05:30,1034.719519548848,1034.995400476875,1012.5075164443564,1014.1860961914062,16653951,0.0,0.0
2021-06-24 00:00:00+05:30,1014.8759185324692,1018.4399278965911,984.1332587387076,990.341552734375,91461975,0.0,0.0
2021-06-25 00:00:00+05:30,990.341583723422,990.341583723422,957.0465985654681,967.78466796875,55355022,0.0,0.0
2021-06-28 00:00:00+05:30,975.8555200022282,977.9249311182297,957.000615077273,959.2999877929688,20277042,0.0,0.0
2021-06-29 00:00:00+05:30,960.9095308679489,969.8771208985103,958.4262375433794,960.1277465820312,27144063,0.0,0.0
2021-06-30 00:00:00+05:30,964.0136880506631,976.1543955079112,961.6223550122089,970.6359252929688,19762858,0.0,0.0
2021-07-01 00:00:00+05:30,974.0160132007492,976.3843561588556,963.4388743420345,964.7955322265625,12534407,0.0,0.0
2021-07-02 00:00:00+05:30,964.358583450015,980.8681352953347,962.49608305893,979.0975952148438,14086620,0.0,0.0
2021-07-05 00:00:00+05:30,982.5006693413054,990.3645530856242,980.2242867432376,988.823974609375,11702287,0.0,0.0
2021-07-06 00:00:00+05:30,986.4096491744705,988.2261085768012,975.0277362114972,977.1431274414062,10070124,0.0,0.0
2021-07-07 00:00:00+05:30,978.4998110412529,978.4998110412529,964.8185250482086,970.3599853515625,10454892,0.0,0.0
2021-07-08 00:00:00+05:30,973.5331363685395,973.5331363685395,957.0005945911241,962.3351440429688,11185460,0.0,0.0
2021-07-09 00:00:00+05:30,960.2197180872503,961.9212879660503,950.1484825641244,952.4938354492188,9037675,0.0,0.0
2021-07-12 00:00:00+05:30,956.4257677737712,966.4280941002241,954.011444602031,958.42626953125,8585292,0.0,0.0
2021-07-13 00:00:00+05:30,965.738221226158,967.1408592291994,960.2426804213355,965.6002807617188,6717133,0.0,0.0
2021-07-14 00:00:00+05:30,965.8991741065471,968.888370801014,957.1155654669641,959.2999877929688,8532544,0.0,0.0
2021-07-15 00:00:00+05:30,963.4388619301608,963.4388619301608,955.8509198745168,957.6214599609375,9448356,0.0,0.0
2021-07-16 00:00:00+05:30,960.1047410445402,972.5213899283885,960.0357708122425,971.440673828125,8828185,0.0,0.0
2021-07-19 00:00:00+05:30,965.7382235407553,976.7752245113552,962.174214151404,965.25537109375,8354449,0.0,0.0
2021-07-20 00:00:00+05:30,965.5082574512248,969.4172396249253,958.3802387057044,962.886962890625,6741464,0.0,0.0
2021-07-22 00:00:00+05:30,974.4758451256033,976.7292376231746,964.8874623824291,975.2576293945312,7972397,0.0,0.0
2021-07-23 00:00:00+05:30,981.5809819028157,981.5809819028157,966.6809782798921,968.3595581054688,9937030,0.0,0.0
2021-07-26 00:00:00+05:30,969.4172312913613,975.3955636568269,952.4478174355582,955.0921020507812,12389668,0.0,0.0
2021-07-27 00:00:00+05:30,955.0691393180349,958.2422566190274,939.0654907055575,945.0438232421875,10824523,0.0,0.0
2021-07-28 00:00:00+05:30,946.4234857801293,946.4234857801293,927.2236686725944,936.9270629882812,12897848,0.0,0.0
2021-07-29 00:00:00+05:30,944.583986704006,953.9654592170276,939.7092994097858,944.2390747070312,13765738,0.0,0.0
2021-07-30 00:00:00+05:30,946.42345122108,950.9992064534903,934.0527825472548,935.9843139648438,11350608,0.0,0.0
2021-08-02 00:00:00+05:30,944.7219485535753,956.2647920600033,938.6745850502393,953.0916748046875,10925104,0.0,0.0
2021-08-03 00:00:00+05:30,961.1394722684404,961.5993346351437,949.2747069418798,960.104736328125,11817299,0.0,0.0
2021-08-04 00:00:00+05:30,963.1629550557284,972.1765255380036,959.7598760463171,967.4628295898438,13169800,0.0,0.0
2021-08-05 00:00:00+05:30,972.3144519520221,990.939395510123,967.6927163849135,981.489013671875,21252078,0.0,0.0
2021-08-06 00:00:00+05:30,979.5115008807297,987.3294046949046,955.9658899457223,960.70263671875,16620987,0.0,0.0
2021-08-09 00:00:00+05:30,957.0005815446722,961.0475041434329,950.3323644106165,955.2300415039062,7494143,0.0,0.0
2021-08-10 00:00:00+05:30,957.4604506863285,971.7166097812985,953.6664797294764,960.24267578125,11919198,0.0,0.0
2021-08-11 00:00:00+05:30,964.3356095293562,974.9357384716311,958.1043252572299,973.694091796875,9184963,0.0,0.0
2021-08-12 00:00:00+05:30,977.1891319918627,977.7869956619451,968.0376212380527,970.5669555664062,8137612,0.0,0.0
2021-08-13 00:00:00+05:30,973.6940645764097,988.6860278477532,969.8541134490099,986.7315063476562,12780901,0.0,0.0
2021-08-16 00:00:00+05:30,988.4330911627601,1013.1053978975531,978.6837168730887,999.5390625,21935444,0.0,0.0
2021-08-17 00:00:00+05:30,997.4006693339636,1004.9195802515015,987.7432554698407,995.2852172851562,12658169,0.0,0.0
2021-08-18 00:00:00+05:30,999.7690471132586,1005.6554194547673,989.9277122860728,999.148193359375,10075860,0.0,0.0
2021-08-20 00:00:00+05:30,985.5128621951195,998.8492359606984,982.7536271312819,987.92724609375,9426282,0.0,0.0
2021-08-23 00:00:00+05:30,999.7690386993625,999.7690386993625,980.5922117486067,994.4114990234375,9854395,0.0,0.0
2021-08-24 00:00:00+05:30,995.6531602835342,1008.046819617972,991.3073056198958,1004.2298583984375,11864472,0.0,0.0
2021-08-25 00:00:00+05:30,1005.0116443608608,1020.923333101378,1002.574270302974,1012.9214477539062,13380559,0.0,0.0
2021-08-26 00:00:00+05:30,1015.404816387167,1032.3742314382825,1014.0251683793267,1025.72900390625,18589616,0.0,0.0
2021-08-27 00:00:00+05:30,1028.7411186043732,1031.385464040625,1019.1067557652287,1024.3262939453125,10480636,0.0,0.0
2021-08-30 00:00:00+05:30,1034.7195412184863,1046.6073576998788,1028.6491875497961,1044.031982421875,14027062,0.0,0.0
2021-08-31 00:00:00+05:30,1047.0901465018057,1050.2402737167154,1031.155468164595,1038.467529296875,26485463,0.0,0.0
2021-09-01 00:00:00+05:30,1045.29668979381,1054.4482005383718,1040.6979443434961,1042.5833740234375,11145486,0.0,0.0
2021-09-02 00:00:00+05:30,1037.0189600231436,1061.300375777344,1037.0189600231436,1055.1380615234375,9956770,0.0,0.0
2021-09-03 00:00:00+05:30,1062.3119719404037,1101.4014280066265,1058.8629738408067,1098.4122314453125,30664428,0.0,0.0
2021-09-06 00:00:00+05:30,1109.6792819150824,1140.4909746936326,1109.2193586996364,1115.4737548828125,33641710,0.0,0.0
2021-09-07 00:00:00+05:30,1117.4970771899652,1130.3735886235713,1109.219311151174,1122.509765625,17349882,0.0,0.0
2021-09-08 00:00:00+05:30,1127.6144032694526,1128.5341280112361,1106.7589970132012,1118.117919921875,14301651,0.0,0.0
2021-09-09 00:00:00+05:30,1116.5314201455217,1121.1071756587282,1111.104910078274,1115.4737548828125,8963249,0.0,0.0
2021-09-13 00:00:00+05:30,1118.8767382358915,1118.8767382358915,1089.0078828976582,1090.617431640625,16311160,0.0,0.0
2021-09-14 00:00:00+05:30,1092.2039591587506,1100.9415266057727,1088.0650153886183,1089.1917724609375,8908356,0.0,0.0
2021-09-15 00:00:00+05:30,1089.2147725676546,1101.746311099043,1089.2147725676546,1093.7215576171875,9071075,0.0,0.0
2021-09-16 00:00:00+05:30,1095.2161630637875,1120.6012230184037,1088.5249556787144,1116.6693115234375,13448882,0.0,0.0
2021-09-17 00:00:00+05:30,1124.8551123415432,1129.3848874783807,1092.4798524917887,1099.35498046875,34882133,0.0,0.0
2021-09-20 00:00:00+05:30,1090.870372969736,1112.1396020639763,1089.904668007401,1101.1026611328125,11779819,0.0,0.0
2021-09-21 00:00:00+05:30,1106.0002451579553,1111.3347948332819,1096.3428308979348,1105.8623046875,9915736,0.0,0.0
2021-09-22 00:00:00+05:30,1107.379813274615,1123.0154982777053,1102.8960184644475,1117.72705078125,10995912,0.0,0.0
2021-09-23 00:00:00+05:30,1125.4989722507275,1148.3087788045111,1124.6252276476716,1145.043701171875,15748397,0.0,0.0
2021-09-24 00:00:00+05:30,1151.3209879686774,1152.1947325887245,1136.8119373227114,1141.7325439453125,15192163,0.0,0.0
2021-09-27 00:00:00+05:30,1143.7100068904633,1163.4386559785337,1138.329477288319,1160.9322509765625,15373834,0.0,0.0
2021-09-28 00:00:00+05:30,1165.3240938226504,1179.5342729441793,1155.5747195970282,1171.785400390625,18035258,0.0,0.0
2021-09-29 00:00:00+05:30,1181.8796484745733,1181.8796484745733,1158.908911303888,1162.4959716796875,9719875,0.0,0.0
2021-09-30 00:00:00+05:30,1161.1852389654161,1165.6000635818652,1149.849306424056,1158.5408935546875,13590654,0.0,0.0
2021-10-01 00:00:00+05:30,1150.585137313364,1167.9914236974196,1147.389029981635,1160.58740234375,8958928,0.0,0.0
2021-10-04 00:00:00+05:30,1174.0617578382792,1184.1100028572585,1166.7267068384795,1175.5103759765625,10918552,0.0,0.0
2021-10-05 00:00:00+05:30,1175.0274607643428,1201.1944258777219,1171.4633906172971,1199.90673828125,13533634,0.0,0.0
2021-10-06 00:00:00+05:30,1204.8503664773186,1204.8503664773186,1173.1880422681468,1177.2119140625,10258881,0.0,0.0
2021-10-07 00:00:00+05:30,1193.3764948852559,1195.1011156345014,1180.8219662119857,1182.9833984375,6336665,0.0,0.0
2021-10-08 00:00:00+05:30,1188.892756204358,1234.4895025179708,1187.168257014051,1228.442138671875,15772493,0.0,0.0
2021-10-11 00:00:00+05:30,1242.3072805241695,1250.8609274311327,1216.531267774753,1219.8883056640625,14768666,0.0,0.0
2021-10-12 00:00:00+05:30,1216.3704114056154,1233.8456691670958,1214.6457905600096,1226.85546875,6682011,0.0,0.0
2021-10-13 00:00:00+05:30,1232.0060133548045,1250.6310170681647,1227.54520849456,1239.341064453125,9959762,0.0,0.0
2021-10-14 00:00:00+05:30,1241.82442203078,1249.68836695719,1235.7770582352614,1241.847412109375,8623469,0.0,0.0
2021-10-18 00:00:00+05:30,1227.2233889778627,1262.3578239108924,1224.3261525642504,1245.1585693359375,13594479,0.0,0.0
2021-10-19 00:00:00+05:30,1252.6084141184006,1265.2780147309031,1245.34245485166,1256.3104248046875,8833409,0.0,0.0
2021-10-20 00:00:00+05:30,1261.3231713356984,1261.3231713356984,1237.7545699163184,1241.847412109375,12710570,0.0,0.0
2021-10-21 00:00:00+05:30,1254.264037931248,1254.5399188558001,1197.147441861867,1206.0230712890625,20831669,0.0,0.0
2021-10-22 00:00:00+05:30,1204.8733495800939,1225.5218451404735,1200.96442819669,1208.2764892578125,11027475,0.0,0.0
2021-10-25 00:00:00+05:30,1232.465983284037,1232.465983284037,1181.8796611535586,1196.503662109375,17198417,0.0,0.0
2021-10-26 00:00:00+05:30,1203.539780285959,1227.3612710091647,1197.1244540126072,1223.751220703125,9750178,0.0,0.0
2021-10-27 00:00:00+05:30,1219.5894320124632,1230.9943350772387,1204.8503595025627,1208.2764892578125,9896298,0.0,0.0
2021-10-28 00:00:00+05:30,1204.8733166644358,1213.1280923194468,1191.3071034011014,1195.031982421875,9886181,0.0,0.0
2021-10-29 00:00:00+05:30,1193.905378640643,1193.905378640643,1150.4701887048238,1166.35888671875,14233025,0.0,0.0
2021-11-01 00:00:00+05:30,1166.358963253479,1175.441504154207,1146.9751639826673,1167.07177734375,15481114,0.0,0.0
2021-11-02 00:00:00+05:30,1170.3827877396077,1171.7624357060615,1147.5040108245603,1150.0562744140625,10569130,0.0,0.0
2021-11-03 00:00:00+05:30,1152.4706108836476,1158.8859375097766,1131.7532659906672,1142.146484375,11989430,0.0,0.0
2021-11-04 00:00:00+05:30,1146.4462301071342,1151.9418319243712,1145.089693852108,1149.1595458984375,1705656,0.0,0.0
2021-11-08 00:00:00+05:30,1158.609958996287,1158.8859615828828,1129.6378373258565,1150.585205078125,20337183,0.0,0.0
2021-11-09 00:00:00+05:30,1151.9878220146938,1162.978782462695,1143.7330458191755,1159.667724609375,15682497,0.0,0.0
2021-11-10 00:00:00+05:30,1157.368264672696,1176.3611090231657,1151.3668815351125,1172.6361083984375,10253470,0.0,0.0
2021-11-11 00:00:00+05:30,1168.1064405896793,1182.1095881013496,1166.0369685771007,1174.774658203125,10722478,0.0,0.0
2021-11-12 00:00:00+05:30,1178.6146104885438,1195.1011730845003,1175.9012946272135,1192.5028076171875,8712341,0.0,0.0
2021-11-15 00:00:00+05:30,1195.6758504849176,1196.6876571704274,1181.8796145319056,1185.4666748046875,4803269,0.0,0.0
2021-11-16 00:00:00+05:30,1182.8223119404938,1184.1789697665874,1147.3890077665544,1157.920166015625,11337581,0.0,0.0
2021-11-17 00:00:00+05:30,1149.2055540843808,1149.2055540843808,1131.7532865628007,1133.1329345703125,10202029,0.0,0.0
2021-11-18 00:00:00+05:30,1131.2933340490565,1144.6297689221196,1126.717578648374,1137.40966796875,8505625,0.0,0.0
2021-11-22 00:00:00+05:30,1120.3023913388074,1126.2348047264352,1081.1669523557966,1087.0303955078125,24124307,0.0,0.0
2021-11-23 00:00:00+05:30,1072.9121878154028,1104.2757641886087,1061.852256949584,1097.193603515625,25326999,0.0,0.0
2021-11-24 00:00:00+05:30,1094.50334444577,1108.2536004022134,1077.740901756759,1081.3509521484375,16820296,0.0,0.0
2021-11-25 00:00:00+05:30,1091.2842142777429,1150.6081007628575,1083.9951434801437,1146.4461669921875,42401936,0.0,0.0
2021-11-26 00:00:00+05:30,1134.8804223997824,1139.3872076769408,1104.390712363052,1109.495361328125,15763138,0.0,0.0
2021-11-29 00:00:00+05:30,1121.6819991603609,1149.6884145189133,1103.2868959736848,1122.78564453125,24325354,0.0,0.0
2021-11-30 00:00:00+05:30,1134.9722803637321,1138.6053206804495,1098.573150247787,1106.18408203125,32172299,0.0,0.0
2021-12-01 00:00:00+05:30,1118.87676535343,1137.7316708061405,1115.2437247343785,1134.5125732421875,10104610,0.0,0.0
2021-12-02 00:00:00+05:30,1135.7541499288304,1147.9408377285017,1132.029149025617,1141.801513671875,12720411,0.0,0.0
2021-12-03 00:00:00+05:30,1148.9526757578844,1148.998655915928,1103.700901805123,1107.494873046875,19222481,0.0,0.0
2021-12-06 00:00:00+05:30,1111.0588820210376,1115.1977042191068,1083.9951814471588,1086.50146484375,10332254,0.0,0.0
2021-12-07 00:00:00+05:30,1092.7328921397439,1105.5403119478456,1085.305880474487,1095.3541259765625,11235122,0.0,0.0
2021-12-08 00:00:00+05:30,1114.7838318992367,1118.324790273448,1106.59802654738,1112.0245361328125,8744178,0.0,0.0
2021-12-09 00:00:00+05:30,1119.796441986007,1138.1454432802836,1115.1976966236414,1129.6607666015625,13213547,0.0,0.0
2021-12-10 00:00:00+05:30,1122.2107979158718,1134.05263447306,1117.6580325753778,1130.810546875,8364414,0.0,0.0
2021-12-13 00:00:00+05:30,1137.501745577387,1137.7776265144396,1105.5403064885882,1108.138671875,12901733,0.0,0.0
2021-12-14 00:00:00+05:30,1094.5032953951884,1106.460081479073,1091.4681187210094,1094.572265625,12991523,0.0,0.0
2021-12-15 00:00:00+05:30,1096.342807376723,1106.000221429551,1085.8116487224634,1091.376220703125,9366969,0.0,0.0
2021-12-16 00:00:00+05:30,1106.3220270994454,1110.8288119889573,1089.283704123499,1105.4942626953125,9761279,0.0,0.0
2021-12-17 00:00:00+05:30,1102.804135309203,1107.3798907464927,1066.9107842400276,1076.3153076171875,21049821,0.0,0.0
2021-12-20 00:00:00+05:30,1065.9221246764876,1065.9221246764876,1033.3859321689547,1047.2972412109375,14325846,0.0,0.0
2021-12-21 00:00:00+05:30,1062.932820973938,1078.8674986582196,1054.1262835078196,1062.8868408203125,12836561,0.0,0.0
2021-12-22 00:00:00+05:30,1069.1640977321183,1090.7782973689048,1067.8305516453145,1088.1109619140625,17658543,0.0,0.0
2021-12-23 00:00:00+05:30,1091.7440867736625,1094.5033827488176,1084.409156986065,1087.72021484375,9072401,0.0,0.0
2021-12-24 00:00:00+05:30,1089.9045731440654,1100.0217883904863,1074.9815803020833,1091.1922607421875,7886494,0.0,0.0
2021-12-27 00:00:00+05:30,1086.018649605392,1093.5836014268573,1079.8333457001697,1090.01953125,4017223,0.0,0.0
2021-12-28 00:00:00+05:30,1092.4799089804915,1105.9312946207533,1091.3072933201086,1102.965087890625,6374613,0.0,0.0
2021-12-29 00:00:00+05:30,1099.5620165801088,1112.438527987643,1095.4690529041995,1104.8505859375,15425312,0.0,0.0
2021-12-30 00:00:00+05:30,1103.700893283827,1105.9772760113033,1078.6836733604355,1084.8919677734375,29333171,0.0,0.0
2021-12-31 00:00:00+05:30,1091.2842354365318,1096.296802151337,1085.3058421900932,1089.0538330078125,9477290,0.0,0.0
2022-01-03 00:00:00+05:30,1087.605225436156,1107.356864762779,1086.938391544727,1105.4713134765625,5421611,0.0,0.0
2022-01-04 00:00:00+05:30,1111.0128892480977,1131.7532234396476,1105.5402776808248,1130.4195556640625,10847728,0.0,0.0
2022-01-05 00:00:00+05:30,1132.2131515269346,1139.1112695689603,1118.853726917057,1135.7081298828125,11643813,0.0,0.0
2022-01-06 00:00:00+05:30,1127.2464872814212,1128.5341749578586,1107.8396983834275,1111.288818359375,14447422,0.0,0.0
2022-01-07 00:00:00+05:30,1117.9339849337987,1130.3965530443174,1109.0123752797306,1120.25634765625,13112115,0.0,0.0
2022-01-10 00:00:00+05:30,1127.6144642830334,1129.9138370822188,1111.081921551421,1121.1761474609375,9246731,0.0,0.0
2022-01-11 00:00:00+05:30,1120.2563681916129,1138.1684364191747,1119.7964449978904,1129.2469482421875,16205164,0.0,0.0
2022-01-12 00:00:00+05:30,1136.4899562875166,1161.1623245945923,1133.5927198415375,1159.3917236328125,14800442,0.0,0.0
2022-01-13 00:00:00+05:30,1159.4608119235659,1168.543352566903,1153.5513886576791,1165.9219970703125,11856712,0.0,0.0
2022-01-14 00:00:00+05:30,1165.7840855597694,1180.6379877271434,1161.5761712699234,1167.62353515625,19930176,0.0,0.0
2022-01-17 00:00:00+05:30,1167.1636517116303,1179.5802397185378,1166.703728524455,1173.716796875,8036453,0.0,0.0
2022-01-18 00:00:00+05:30,1174.8665164628114,1178.361494697125,1156.9313371930027,1159.713623046875,6215029,0.0,0.0
2022-01-19 00:00:00+05:30,1163.4846453428938,1169.0031154532785,1153.8272314192543,1159.6217041015625,9755485,0.0,0.0
2022-01-20 00:00:00+05:30,1149.7114558635267,1154.264221297625,1128.9939889820655,1139.3182373046875,16494486,0.0,0.0
2022-01-21 00:00:00+05:30,1127.6143807409737,1150.7230574146292,1127.6143807409737,1139.5020751953125,13338594,0.0,0.0
2022-01-24 00:00:00+05:30,1138.1913818674534,1151.8727887075468,1083.0524196879874,1093.53759765625,21868937,0.0,0.0
2022-01-25 00:00:00+05:30,1080.5000487883706,1098.4812084204827,1060.0126058353721,1091.399169921875,24510205,0.0,0.0
2022-01-27 00:00:00+05:30,1074.2687921687507,1083.5122630680676,1062.7949188163498,1075.2344970703125,20020431,0.0,0.0
2022-01-28 00:00:00+05:30,1087.6052339871337,1092.6178007901337,1070.7738209476483,1074.1998291015625,14667727,0.0,0.0
2022-01-31 00:00:00+05:30,1085.3978663920823,1106.6441050887506,1083.5582951707104,1097.53857421875,12143683,0.0,0.0
2022-02-01 00:00:00+05:30,1107.3798930561438,1113.1742442991965,1079.3734768527388,1093.905517578125,13200509,0.0,0.0
2022-02-02 00:00:00+05:30,1106.919913450215,1106.919913450215,1092.2499330018145,1096.1358642578125,10017691,0.0,0.0
2022-02-03 00:00:00+05:30,1100.021809929246,1104.3676644275367,1079.4194161589883,1081.9716796875,9572839,0.0,0.0
2022-02-04 00:00:00+05:30,1076.5682270388309,1079.9943570084113,1067.4167159214758,1072.107421875,11061241,0.0,0.0
2022-02-07 00:00:00+05:30,1077.0281544889654,1083.83431265629,1060.0126982503386,1065.5772705078125,10714467,0.0,0.0
2022-02-08 00:00:00+05:30,1071.808473924955,1085.3058388425916,1062.3119906639906,1083.4892578125,12060849,0.0,0.0
2022-02-09 00:00:00+05:30,1090.4333926250813,1097.8144240991976,1084.386150602236,1096.1129150390625,11486225,0.0,0.0
2022-02-10 00:00:00+05:30,1101.7233944299917,1101.7233944299917,1087.651276481824,1094.986328125,12464491,0.0,0.0
2022-02-11 00:00:00+05:30,1091.399160197497,1096.5727789731786,1077.9937558625486,1092.8477783203125,15943370,0.0,0.0
2022-02-14 00:00:00+05:30,1076.223312599951,1082.98349018528,1063.6916524074943,1075.4415283203125,10719633,0.0,0.0
2022-02-15 00:00:00+05:30,1081.2588267330414,1114.6918720972137,1074.1308081873744,1111.95556640625,11212671,0.0,0.0
2022-02-16 00:00:00+05:30,1117.49708296131,1118.8767309150044,1101.838407116564,1109.65625,10392840,0.0,0.0
2022-02-17 00:00:00+05:30,1112.9442633770416,1128.9479112494046,1108.2995380294317,1123.705322265625,12853252,0.0,0.0
2022-02-18 00:00:00+05:30,1124.1193662139854,1129.637836614251,1112.9673533787452,1114.921875,6775458,0.0,0.0
2022-02-21 00:00:00+05:30,1109.2193577615494,1120.9462441595374,1096.6188483721467,1103.6549072265625,11107193,0.0,0.0
2022-02-22 00:00:00+05:30,1082.040699084101,1101.815450961507,1079.396475125296,1098.6422119140625,13494914,0.0,0.0
2022-02-23 00:00:00+05:30,1104.2067903177885,1106.7130738193148,1088.9849253976759,1091.76708984375,7310110,0.0,0.0
2022-02-24 00:00:00+05:30,1060.012645496734,1076.0623959754782,1031.6843688017543,1037.36376953125,24846650,0.0,0.0
2022-02-25 00:00:00+05:30,1048.5617964814912,1061.369338191157,1046.7913171426728,1050.3323974609375,14570089,0.0,0.0
2022-02-28 00:00:00+05:30,1031.5004883985234,1088.6859374509283,1031.5004883985234,1085.098876953125,21297446,0.0,0.0
2022-03-02 00:00:00+05:30,1073.5560326007092,1104.160814760041,1071.1417094039746,1103.0340576171875,21471786,0.0,0.0
2022-03-03 00:00:00+05:30,1103.7008326152613,1110.5299804223027,1089.9275866132757,1093.7215576171875,10186748,0.0,0.0
2022-03-04 00:00:00+05:30,1082.0866336249926,1087.2832426498348,1067.07180177203,1069.463134765625,10805667,0.0,0.0
2022-03-07 00:00:00+05:30,1047.9179700618129,1063.27789732171,1021.8430846355417,1029.9139404296875,17983310,0.0,0.0
2022-03-08 00:00:00+05:30,1017.014268973567,1032.8800371018913,1002.5282095428774,1028.05126953125,21289374,0.0,0.0
2022-03-09 00:00:00+05:30,1028.2813298764268,1088.5249424038839,1027.430453729543,1082.592529296875,20414228,0.0,0.0
2022-03-10 00:00:00+05:30,1103.7007888367361,1106.0001614254588,1085.305808126955,1100.13671875,17980493,0.0,0.0
2022-03-11 00:00:00+05:30,1092.6868171649392,1108.7595583159086,1092.6868171649392,1103.3099365234375,12257423,0.0,0.0
2022-03-14 00:00:00+05:30,1097.6764146160917,1114.9217698359757,1091.7440017160773,1112.369384765625,8340678,0.0,0.0
2022-03-15 00:00:00+05:30,1116.554401379983,1116.554401379983,1076.4992375773352,1086.8924560546875,15925769,0.0,0.0
2022-03-16 00:00:00+05:30,1095.4231102323886,1107.3339171430978,1093.169717617947,1105.241455078125,11149828,0.0,0.0
2022-03-17 00:00:00+05:30,1118.7617698357499,1148.4926842272225,1110.6449343768838,1141.272705078125,21422098,0.0,0.0
2022-03-21 00:00:00+05:30,1123.9353521724336,1142.3303330715853,1121.6359795600397,1134.6964111328125,11999466,0.0,0.0
2022-03-22 00:00:00+05:30,1131.339297025907,1165.7610390007426,1128.3502219866016,1164.0135498046875,22557065,0.0,0.0
2022-03-23 00:00:00+05:30,1160.2655740231883,1179.5113104300822,1160.2655740231883,1167.7154541015625,15462187,0.0,0.0
2022-03-24 00:00:00+05:30,1154.2871794442208,1188.3869390991463,1154.2871794442208,1185.8575439453125,13168266,0.0,0.0
2022-03-25 00:00:00+05:30,1187.6281321420306,1203.0339171183139,1185.0987370153284,1193.7674560546875,14222488,0.0,0.0
2022-03-28 00:00:00+05:30,1200.2746617535786,1209.3572025011258,1189.467621827305,1205.770263671875,9891424,0.0,0.0
2022-03-29 00:00:00+05:30,1213.1511716293533,1213.1511716293533,1199.0790539984616,1206.046142578125,8684065,0.0,0.0
2022-03-30 00:00:00+05:30,1214.025002631374,1236.1449851745513,1203.5398241282544,1229.223876953125,15811550,0.0,0.0
2022-03-31 00:00:00+05:30,1225.5448118767397,1227.7292341224604,1208.8283497362925,1211.656494140625,13223718,0.0,0.0
2022-04-01 00:00:00+05:30,1212.2314643304978,1225.6368698755232,1205.7932691062604,1221.3599853515625,7922880,0.0,0.0
2022-04-04 00:00:00+05:30,1221.175999679304,1230.1665797479684,1214.8297651087748,1224.969970703125,7929162,0.0,0.0
2022-04-05 00:00:00+05:30,1219.1754931402131,1227.821222008914,1205.1953364223366,1207.6556396484375,13149870,0.0,0.0
2022-04-06 00:00:00+05:30,1189.7435529022373,1211.5415520736842,1189.7435529022373,1204.4365234375,12257215,0.0,0.0
2022-04-07 00:00:00+05:30,1193.4224735079135,1198.435161924078,1180.4999819674433,1183.1903076171875,15496499,0.0,0.0
2022-04-08 00:00:00+05:30,1177.280953156619,1207.1729214934535,1177.280953156619,1202.873046875,15152495,0.0,0.0
2022-04-11 00:00:00+05:30,1195.6758718670937,1213.4041412110876,1187.858029015372,1200.36669921875,9254209,0.0,0.0
2022-04-12 00:00:00+05:30,1189.6974688256896,1196.8715894410943,1175.1654286147543,1177.7637939453125,13217742,0.0,0.0
2022-04-13 00:00:00+05:30,1183.9490862943182,1192.2728323481263,1170.6126518900833,1173.44091796875,10354235,0.0,0.0
2022-04-18 00:00:00+05:30,1164.8643051005404,1177.1889330736856,1159.7136761796276,1169.8538818359375,9974224,0.0,0.0
2022-04-19 00:00:00+05:30,1176.361191108761,1226.9475132489567,1173.1650836651945,1214.4388427734375,26141820,0.0,0.0
2022-04-20 00:00:00+05:30,1221.9347463442286,1257.2992015821633,1218.2557258520476,1250.1480712890625,25072240,0.0,0.0
2022-04-21 00:00:00+05:30,1265.0710702820995,1282.592306630823,1256.3793615181944,1279.419189453125,21708633,0.0,0.0
2022-04-22 00:00:00+05:30,1268.7500817160148,1288.5706905369877,1261.9899043837684,1268.7041015625,15054154,0.0,0.0
2022-04-25 00:00:00+05:30,1261.162258128248,1268.5201781454932,1224.947045092913,1239.3641357421875,17063215,0.0,0.0
2022-04-26 00:00:00+05:30,1246.2621658343323,1285.351622525052,1245.2045006387655,1276.4530029296875,12227666,0.0,0.0
2022-04-27 00:00:00+05:30,1267.3474644697965,1300.5274979603514,1266.9795015950447,1277.6947021484375,19338945,0.0,0.0
2022-04-28 00:00:00+05:30,1292.2267757807472,1311.1046706151394,1281.258684092747,1296.779541015625,25614076,0.0,0.0
2022-04-29 00:00:00+05:30,1313.4730246617085,1313.4730246617085,1277.2118330198755,1283.167236328125,18214862,0.0,0.0
2022-05-02 00:00:00+05:30,1270.1757239256842,1290.1802535838776,1268.3591429197284,1278.660400390625,9467006,0.0,0.0
2022-05-04 00:00:00+05:30,1280.7528461098425,1283.0522187039862,1230.764391033474,1238.7431640625,19247660,0.0,0.0
2022-05-05 00:00:00+05:30,1252.470430006546,1255.459626544449,1210.3918993491802,1214.4847412109375,17210669,0.0,0.0
2022-05-06 00:00:00+05:30,1201.2864319074956,1222.8085507900191,1192.7096731510928,1205.17236328125,19649948,0.0,0.0
2022-05-09 00:00:00+05:30,1184.1560199193123,1194.3423273589742,1152.9075169065754,1158.1041259765625,18083752,0.0,0.0
2022-05-10 00:00:00+05:30,1147.3890606896334,1161.9211012155586,1130.3736051672886,1138.030517578125,19511677,0.0,0.0
2022-05-11 00:00:00+05:30,1137.110749694519,1142.7672818156182,1113.7950405341396,1126.3726806640625,16643899,0.0,0.0
2022-05-12 00:00:00+05:30,1116.3474179567731,1119.7274458472566,1089.9045719146397,1103.4249267578125,20490321,0.0,0.0
2022-05-13 00:00:00+05:30,1115.6575907557556,1139.5710416890413,1110.7598528716317,1115.9334716796875,19308778,0.0,0.0
2022-05-16 00:00:00+05:30,1119.5435203781597,1140.950687966752,1111.3577149330172,1116.20947265625,13437911,0.0,0.0
2022-05-17 00:00:00+05:30,1119.8424783604594,1168.037468415074,1118.4168501968684,1163.09375,16551828,0.0,0.0
2022-05-18 00:00:00+05:30,1167.9224486134663,1181.8796151149515,1153.4823688463575,1167.3245849609375,17276788,0.0,0.0
2022-05-19 00:00:00+05:30,1142.3304164442968,1155.4368291274488,1134.0756401859874,1140.421875,14699118,0.0,0.0
2022-05-20 00:00:00+05:30,1155.4367459980117,1216.094300186885,1150.608099999156,1206.9197998046875,21793091,0.0,0.0
2022-05-23 00:00:00+05:30,1210.1619424277526,1220.302269784868,1192.4567846501986,1198.84912109375,15252755,0.0,0.0
2022-05-24 00:00:00+05:30,1198.895113772543,1213.151151799158,1194.6182293801833,1202.9649658203125,13527818,0.0,0.0
2022-05-25 00:00:00+05:30,1211.7715967059635,1221.7508717440019,1196.3656902121909,1201.1944580078125,12714544,0.0,0.0
2022-05-26 00:00:00+05:30,1206.8968036701792,1211.7255712854176,1171.7623708301603,1189.7435302734375,17882023,0.0,0.0
2022-05-27 00:00:00+05:30,1192.4797514659401,1198.0442017124803,1168.1293668620885,1184.2249755859375,16521973,0.0,0.0
2022-05-30 00:00:00+05:30,1202.5739426501805,1229.7066124264522,1193.0086109822275,1225.475830078125,13853398,0.0,0.0
2022-05-31 00:00:00+05:30,1214.7146676149166,1231.91404310922,1202.8959433148916,1210.6907958984375,70620653,0.0,0.0
2022-06-01 00:00:00+05:30,1211.4496283565038,1221.0610622658567,1203.12588209335,1211.081787109375,9776989,0.0,0.0
2022-06-02 00:00:00+05:30,1211.3117285776616,1256.5864920107051,1211.3117285776616,1252.8385009765625,22126569,0.0,0.0
2022-06-03 00:00:00+05:30,1261.8980010543,1295.6297973677094,1260.978154661234,1278.2235107421875,23939791,0.0,0.0
2022-06-06 00:00:00+05:30,1278.4535298248738,1294.0892154974747,1265.484936450837,1272.72802734375,11093152,0.0,0.0
2022-06-07 00:00:00+05:30,1273.808707028359,1283.558081502988,1265.6000327133784,1275.119384765625,12358255,0.0,0.0
2022-06-08 00:00:00+05:30,1275.1193742792811,1278.9133453501984,1249.1594404511366,1252.7235107421875,12479250,0.0,0.0
2022-06-09 00:00:00+05:30,1246.2622145127568,1289.0305718015015,1246.2622145127568,1287.076171875,17278305,0.0,0.0
2022-06-10 00:00:00+05:30,1274.7284910659785,1283.006256851092,1242.3532320317697,1248.2166748046875,18093057,0.0,0.0
2022-06-13 00:00:00+05:30,1218.6697590418473,1229.1548161695573,1203.1718916744203,1224.60205078125,17620803,0.0,0.0
2022-06-14 00:00:00+05:30,1218.6927359968781,1228.717991446475,1201.8612009759945,1208.598388671875,14714312,0.0,0.0
2022-06-15 00:00:00+05:30,1203.7467296390173,1212.8292700682218,1188.5018752271499,1193.974365234375,11195535,0.0,0.0
2022-06-16 00:00:00+05:30,1206.2530039771887,1222.8315260596644,1174.5215879080515,1177.2808837890625,17111475,0.0,0.0
2022-06-17 00:00:00+05:30,1177.2809119832891,1207.1037873994646,1175.4874426020544,1191.0771484375,24457187,0.0,0.0
2022-06-20 00:00:00+05:30,1197.9752921904474,1203.539864359609,1159.391736468573,1169.486083984375,12066797,0.0,0.0
2022-06-21 00:00:00+05:30,1177.2808498820364,1192.640654125207,1162.7028298972193,1188.3638916015625,11720049,0.0,0.0
2022-06-22 00:00:00+05:30,1176.4071460526668,1176.49910636382,1150.148219796606,1152.263671875,10617206,0.0,0.0
2022-06-23 00:00:00+05:30,1156.609531043733,1161.1852863856352,1124.3952013867531,1133.5697021484375,19446323,0.0,0.0
2022-06-24 00:00:00+05:30,1140.4909447606126,1154.7469827371124,1134.9723528826125,1149.71142578125,14240234,0.0,0.0
2022-06-27 00:00:00+05:30,1170.3597405439875,1170.3597405439875,1141.2035789685574,1146.3082275390625,15474529,0.0,0.0
2022-06-28 00:00:00+05:30,1141.456644421205,1165.3011261992506,1141.456644421205,1162.4268798828125,13572847,0.0,0.0
2022-06-29 00:00:00+05:30,1152.9994872728314,1194.2963576184943,1150.1482310367235,1186.54736328125,19205146,0.0,0.0
2022-06-30 00:00:00+05:30,1186.4784260846634,1202.9879786514314,1180.040230936761,1193.675537109375,23112959,0.0,0.0
2022-07-01 00:00:00+05:30,1184.1330904930817,1191.996913913975,1087.6052905328884,1107.7017822265625,81997149,0.0,0.0
2022-07-04 00:00:00+05:30,1094.0204400937057,1123.0155505704386,1088.111016968566,1110.0010986328125,41857728,0.0,0.0
2022-07-05 00:00:00+05:30,1114.2780033353508,1133.546729917932,1111.564687540272,1118.99169921875,17647327,0.0,0.0
2022-07-06 00:00:00+05:30,1112.944361827782,1122.9926075853007,1098.1824200754252,1109.150390625,23943726,0.0,0.0
2022-07-07 00:00:00+05:30,1115.61169074542,1118.991718868877,1092.204019824442,1098.2283935546875,23301033,0.0,0.0
2022-07-08 00:00:00+05:30,1111.9786396542556,1111.9786396542556,1095.6759979538901,1099.7459716796875,19010108,0.0,0.0
2022-07-11 00:00:00+05:30,1092.8937737935294,1116.9451653754168,1089.9045771985955,1114.69189453125,13847467,0.0,0.0
2022-07-12 00:00:00+05:30,1105.5402727431785,1121.957864090428,1105.5402727431785,1113.105224609375,10778989,0.0,0.0
2022-07-13 00:00:00+05:30,1116.2554850100264,1119.3366419742385,1091.2842465689614,1093.3765869140625,14224132,0.0,0.0
2022-07-14 00:00:00+05:30,1098.18234438783,1119.3136312730956,1093.1006858420242,1102.39013671875,16970315,0.0,0.0
2022-07-15 00:00:00+05:30,1110.5989178802422,1110.5989178802422,1095.928937644915,1104.528564453125,9603210,0.0,0.0
2022-07-18 00:00:00+05:30,1113.3582318961671,1115.1976813596877,1100.159738007143,1113.93310546875,15160908,0.0,0.0
2022-07-19 00:00:00+05:30,1103.8388333439966,1125.3150945548116,1103.8388333439966,1120.7623291015625,16439888,0.0,0.0
2022-07-20 00:00:00+05:30,1168.0834491803917,1169.2330747589847,1143.3651003734158,1151.0679931640625,23924246,0.0,0.0
2022-07-21 00:00:00+05:30,1146.9291417659178,1149.6884377097338,1134.6504937690625,1143.3880615234375,16523230,0.0,0.0
2022-07-22 00:00:00+05:30,1149.6883856082184,1157.184367160674,1147.389012972783,1151.114013671875,10969995,0.0,0.0
2022-07-25 00:00:00+05:30,1134.7194665830887,1134.7194665830887,1105.0805117603693,1113.082275390625,23110452,0.0,0.0
2022-07-26 00:00:00+05:30,1113.4042141470509,1123.8893923744724,1108.9204192255795,1113.588134765625,11303288,0.0,0.0
2022-07-27 00:00:00+05:30,1112.8753687528333,1116.1174563575955,1104.6205925912616,1112.530517578125,8655086,0.0,0.0
2022-07-28 00:00:00+05:30,1120.2563230890407,1134.9492932908597,1113.358205304663,1129.959716796875,12496073,0.0,0.0
2022-07-29 00:00:00+05:30,1138.0535207763048,1157.5522698792367,1133.132914164171,1154.0341796875,15130683,0.0,0.0
2022-08-01 00:00:00+05:30,1158.494904064312,1190.0423982795671,1153.183344849339,1184.1099853515625,15700044,0.0,0.0
2022-08-02 00:00:00+05:30,1183.029380913043,1199.2629302530022,1177.9937024028663,1188.6168212890625,13917913,0.0,0.0
2022-08-03 00:00:00+05:30,1195.6758429658626,1200.274588254614,1180.706991520506,1198.5960693359375,14250977,0.0,0.0
2022-08-04 00:00:00+05:30,1200.2746555306537,1203.8387259034212,1165.7840639318033,1182.75341796875,14467127,0.0,0.0
2022-08-05 00:00:00+05:30,1184.638924557578,1185.9264905463142,1162.0820091692683,1165.3240966796875,13942438,0.0,0.0
2022-08-08 00:00:00+05:30,1163.944467231498,1188.1109317201308,1163.944467231498,1180.5689697265625,10165178,0.0,0.0
2022-08-10 00:00:00+05:30,1185.0527984553135,1191.0311920328188,1175.924277538412,1187.628173828125,10724688,0.0,0.0
2022-08-11 00:00:00+05:30,1197.1014778623503,1200.2286149452862,1186.5703194644875,1191.5830078125,8198226,0.0,0.0
2022-08-12 00:00:00+05:30,1191.2151167385643,1214.6917579936917,1187.4902374198364,1210.851806640625,12650587,0.0,0.0
2022-08-16 00:00:00+05:30,1216.9221032116259,1222.0267519362294,1208.230515809765,1219.2674560546875,6607378,0.0,0.0
2022-08-17 00:00:00+05:30,1225.5678705851703,1231.040360724166,1221.2220159274561,1225.6368408203125,6595965,0.0,0.0
2022-08-18 00:00:00+05:30,1223.2684693432077,1227.4072915585027,1214.1629388289355,1223.8663330078125,7410035,0.0,0.0
2022-08-19 00:00:00+05:30,1218.6696676234765,1224.0501970750718,1197.952202504507,1202.045166015625,9460724,0.0,0.0
2022-08-22 00:00:00+05:30,1203.4938472764775,1210.0699827064395,1189.237687751189,1198.7110595703125,9471680,0.0,0.0
2022-08-23 00:00:00+05:30,1192.9167053236868,1220.1413366546572,1191.6979879121764,1217.1981201171875,9678484,0.0,0.0
2022-08-24 00:00:00+05:30,1214.1169848061954,1227.8672411849495,1211.9325624419912,1213.9559326171875,10369622,0.0,0.0
2022-08-25 00:00:00+05:30,1218.1867795114865,1224.601984191342,1206.0690625467641,1210.4149169921875,7871946,0.0,0.0
2022-08-26 00:00:00+05:30,1210.8517312399736,1218.669695572357,1198.895066429225,1203.95361328125,10742038,0.0,0.0
2022-08-29 00:00:00+05:30,1188.777752048619,1220.9690914420707,1185.5816446792085,1194.59521484375,19838975,0.0,0.0
2022-08-30 00:00:00+05:30,1202.1142232828738,1216.4853334846316,1184.9148468695348,1213.128173828125,23139054,0.0,0.0
2022-09-01 00:00:00+05:30,1187.6971316167633,1197.9522879213223,1173.004038692285,1177.46484375,19909939,0.0,0.0
2022-09-02 00:00:00+05:30,1177.464856182464,1184.3399844690086,1161.5071871356324,1163.714599609375,12999345,0.0,0.0
2022-09-05 00:00:00+05:30,1163.9444993237394,1187.1682496136568,1163.9444993237394,1181.7877197265625,11327815,0.0,0.0
2022-09-06 00:00:00+05:30,1183.259324472964,1198.435209144808,1182.7994012608426,1194.227294921875,10899618,0.0,0.0
2022-09-07 00:00:00+05:30,1184.1790559373944,1193.3305669492804,1181.8796831450707,1187.283203125,7488501,0.0,0.0
2022-09-08 00:00:00+05:30,1190.272347631705,1194.7561426258621,1182.339554420887,1188.961669921875,7057077,0.0,0.0
2022-09-09 00:00:00+05:30,1200.2745813868753,1200.2745813868753,1179.1203045234124,1181.5577392578125,8314850,0.0,0.0
2022-09-12 00:00:00+05:30,1182.132563736509,1201.1945014731086,1182.132563736509,1194.7791748046875,7435419,0.0,0.0
2022-09-13 00:00:00+05:30,1203.9536484815465,1209.3341782138502,1196.1358055612113,1204.7584228515625,8888657,0.0,0.0
2022-09-14 00:00:00+05:30,1184.1790353426743,1200.2746446090127,1183.144360178343,1190.318359375,8678219,0.0,0.0
2022-09-15 00:00:00+05:30,1187.8580141575485,1197.308395694751,1175.7862772236242,1178.5225830078125,10365600,0.0,0.0
2022-09-16 00:00:00+05:30,1169.8078778060099,1174.061771963655,1145.5494536781116,1149.3204345703125,20217708,0.0,0.0
2022-09-19 00:00:00+05:30,1149.32046512637,1160.1275047474742,1141.1116692393027,1150.8150634765625,7580254,0.0,0.0
2022-09-20 00:00:00+05:30,1160.0125940026749,1167.0257844336486,1147.2510323949336,1150.9990234375,8411448,0.0,0.0
2022-09-21 00:00:00+05:30,1148.1938477161764,1164.8643306102217,1147.389073333468,1154.1722412109375,9207309,0.0,0.0
2022-09-22 00:00:00+05:30,1143.250162420106,1151.0680056896206,1136.8579473304376,1143.296142578125,10308170,0.0,0.0
2022-09-23 00:00:00+05:30,1142.7903443308387,1147.8259014049443,1120.3023981655597,1121.865966796875,9528051,0.0,0.0
2022-09-26 00:00:00+05:30,1100.9645705922296,1111.8866824865881,1092.2729828743588,1093.28466796875,12479523,0.0,0.0
2022-09-27 00:00:00+05:30,1100.9415216012353,1115.6576038628718,1085.3518164035506,1101.976318359375,16154822,0.0,0.0
2022-09-28 00:00:00+05:30,1085.4667614092425,1093.583596690172,1070.1759272917916,1072.63623046875,16997059,0.0,0.0
2022-09-29 00:00:00+05:30,1085.3058122529624,1088.7548103288498,1063.6916125243051,1069.34814453125,14671827,0.0,0.0
2022-09-30 00:00:00+05:30,1062.771888184244,1104.6205181289397,1062.771888184244,1093.4686279296875,18613024,0.0,0.0
2022-10-03 00:00:00+05:30,1099.79189795872,1111.4956719154236,1086.6854860052724,1089.6746826171875,11852723,0.0,0.0
2022-10-04 00:00:00+05:30,1102.6892012292622,1111.9786527114156,1099.1711109850914,1109.771240234375,8948850,0.0,0.0
2022-10-06 00:00:00+05:30,1117.037252539625,1126.6945446846935,1112.0475542855097,1113.864013671875,13352162,0.0,0.0
2022-10-07 00:00:00+05:30,1110.4380550925769,1123.8894404321743,1110.4380550925769,1118.577880859375,7714340,0.0,0.0
2022-10-10 00:00:00+05:30,1106.0002011819565,1111.7946738356984,1098.1823584274014,1106.3681640625,6329527,0.0,0.0
2022-10-11 00:00:00+05:30,1110.1390922221972,1110.1390922221972,1081.2129505947532,1084.340087890625,9215177,0.0,0.0
2022-10-12 00:00:00+05:30,1081.6268801922415,1095.2851764330599,1077.5339163513465,1092.3189697265625,7417103,0.0,0.0
2022-10-13 00:00:00+05:30,1090.5484265187492,1100.9415227814739,1085.3518175670768,1095.791015625,7328492,0.0,0.0
2022-10-14 00:00:00+05:30,1110.5989331416479,1111.219786867156,1089.4906363180887,1090.2264404296875,9106089,0.0,0.0
2022-10-17 00:00:00+05:30,1083.0065049426328,1110.1390545721003,1077.7639156418754,1107.7247314453125,16729355,0.0,0.0
2022-10-18 00:00:00+05:30,1113.8180245480078,1132.6729287813303,1112.9672700548763,1127.2694091796875,12415820,0.0,0.0
2022-10-19 00:00:00+05:30,1128.7640774617862,1162.4959964794803,1122.8776442355386,1146.8831787109375,19247142,0.0,0.0
2022-10-20 00:00:00+05:30,1142.7903560819984,1158.4260425559296,1142.7903560819984,1149.96435546875,8717053,0.0,0.0
2022-10-21 00:00:00+05:30,1153.2293190428525,1157.4142428345333,1134.5124772853271,1136.6278076171875,8243452,0.0,0.0
2022-10-24 00:00:00+05:30,1131.2933541148973,1150.8380835670227,1129.1320434468116,1140.421875,3370033,0.0,0.0
2022-10-25 00:00:00+05:30,1149.2284495036315,1149.2284495036315,1121.1760550104768,1122.80859375,12233241,0.0,0.0
2022-10-27 00:00:00+05:30,1130.3736380950343,1135.1794160405982,1118.784813789784,1127.2235107421875,12513059,0.0,0.0
2022-10-28 00:00:00+05:30,1133.5927445102238,1165.7840855740624,1131.0404808259343,1161.7142333984375,17609592,0.0,0.0
2022-10-31 00:00:00+05:30,1168.5432675504198,1177.71776783975,1164.4962842081236,1172.4981689453125,12419943,0.0,0.0
2022-11-01 00:00:00+05:30,1195.6758364923362,1195.6758364923362,1153.3674043930116,1163.4156494140625,13963166,0.0,0.0
2022-11-02 00:00:00+05:30,1164.5423167459194,1172.7741026203626,1156.5865334448672,1170.681640625,8981896,0.0,0.0
2022-11-03 00:00:00+05:30,1163.4157326546856,1177.0740289608711,1161.2083201732248,1175.050537109375,6693449,0.0,0.0
2022-11-04 00:00:00+05:30,1174.4755874711611,1195.6758446397953,1173.18802150413,1192.341796875,12575815,0.0,0.0
2022-11-07 00:00:00+05:30,1191.5370604720017,1200.412690263401,1183.7192175493633,1198.7110595703125,11789748,0.0,0.0
2022-11-09 00:00:00+05:30,1200.4127394375323,1205.7702793129001,1191.100176142227,1197.5155029296875,11254205,0.0,0.0
2022-11-10 00:00:00+05:30,1191.0771628204707,1194.089349664191,1178.6605741898684,1183.0294189453125,5966242,0.0,0.0
2022-11-11 00:00:00+05:30,1195.6759258863383,1212.231458730222,1190.1574554852532,1210.300048828125,12310132,0.0,0.0
2022-11-14 00:00:00+05:30,1209.8170529986085,1214.9906718644565,1198.0441871961011,1204.4365234375,9043112,0.0,0.0
2022-11-15 00:00:00+05:30,1205.931199440068,1207.816629177383,1191.0771757663592,1199.0330810546875,7086433,0.0,0.0
2022-11-16 00:00:00+05:30,1200.2746732256614,1203.0109791716466,1187.099290152382,1192.157958984375,9716161,0.0,0.0
2022-11-17 00:00:00+05:30,1188.7547172255126,1201.6542182469723,1186.4783346923139,1195.239013671875,6661451,0.0,0.0
2022-11-18 00:00:00+05:30,1198.780017196931,1199.8148139768198,1182.3855373097979,1194.59521484375,5303197,0.0,0.0
2022-11-21 00:00:00+05:30,1190.1573828729279,1190.1573828729279,1169.5090090557983,1173.0960693359375,6390268,0.0,0.0
2022-11-22 00:00:00+05:30,1170.3827904626432,1181.1898301573008,1166.4738689756794,1179.603271484375,6611488,0.0,0.0
2022-11-23 00:00:00+05:30,1184.1789700389359,1185.5126377883048,1173.7167820185534,1175.9241943359375,6413408,0.0,0.0
2022-11-24 00:00:00+05:30,1180.040201612872,1192.9167132293242,1171.8543957688637,1186.0645751953125,9389439,0.0,0.0
2022-11-25 00:00:00+05:30,1190.6173823746062,1207.1268134711438,1187.444143284582,1203.769775390625,7349922,0.0,0.0
2022-11-28 00:00:00+05:30,1199.7688959350612,1251.34391455544,1150.608200525044,1245.1356201171875,31527484,0.0,0.0
2022-11-29 00:00:00+05:30,1243.4799545988596,1256.2185260683516,1238.9041991013291,1247.27392578125,11058913,0.0,0.0
2022-11-30 00:00:00+05:30,1247.4119688361586,1262.5648632555549,1240.8357116736101,1256.08056640625,26164986,0.0,0.0
2022-12-01 00:00:00+05:30,1260.8862069553027,1266.9565606789845,1249.021502084867,1252.3785400390625,9485801,0.0,0.0
2022-12-02 00:00:00+05:30,1255.459659720739,1263.7374256105527,1241.9393047126894,1251.849609375,11589592,0.0,0.0
2022-12-05 00:00:00+05:30,1247.1819775191307,1249.3663999350263,1231.5462910652268,1233.5926513671875,14828536,0.0,0.0
2022-12-06 00:00:00+05:30,1225.6137729867203,1240.2837532348294,1223.7282217572451,1237.1566162109375,8594245,0.0,0.0
2022-12-07 00:00:00+05:30,1234.765366805541,1239.3641123447374,1215.0597068943023,1218.899658203125,8462111,0.0,0.0
2022-12-08 00:00:00+05:30,1223.26842507347,1225.5677976966701,1214.1169147346975,1218.32470703125,7757008,0.0,0.0
2022-12-09 00:00:00+05:30,1216.8301939616829,1223.2685107419047,1196.5266702402077,1199.86083984375,12655763,0.0,0.0
2022-12-12 00:00:00+05:30,1189.0077266562173,1206.2529603671974,1188.7777042473674,1201.7001953125,9479842,0.0,0.0
2022-12-13 00:00:00+05:30,1201.700239950356,1210.8517505533353,1198.7570234451896,1207.1728515625,8333348,0.0,0.0
2022-12-14 00:00:00+05:30,1212.990140377826,1213.5880040122663,1200.734483254578,1202.803955078125,7268947,0.0,0.0
2022-12-15 00:00:00+05:30,1196.8256368348398,1202.5740078498968,1182.3395764456466,1185.7196044921875,8688551,0.0,0.0
2022-12-16 00:00:00+05:30,1182.3396162552467,1204.3216592588387,1176.4301928537343,1179.856201171875,15837349,0.0,0.0
2022-12-19 00:00:00+05:30,1186.9382974399837,1197.515436127094,1180.362040466857,1195.35400390625,7729933,0.0,0.0
2022-12-20 00:00:00+05:30,1188.2720165997373,1207.6327038325517,1180.0402303987596,1205.7012939453125,7467588,0.0,0.0
2022-12-21 00:00:00+05:30,1205.3332844160805,1210.8517545612222,1184.6849102968386,1188.5478515625,8527550,0.0,0.0
2022-12-22 00:00:00+05:30,1194.7561257495076,1197.8142926021649,1180.3850162216318,1185.4666748046875,7451122,0.0,0.0
2022-12-23 00:00:00+05:30,1178.7984482684913,1191.3071181491375,1146.1243180381161,1150.7000732421875,10257115,0.0,0.0
2022-12-26 00:00:00+05:30,1156.4715285561472,1169.003066578783,1146.1932613261781,1160.748291015625,5990242,0.0,0.0
2022-12-27 00:00:00+05:30,1163.4846951748516,1172.1303027727654,1156.701527224235,1170.244873046875,5763271,0.0,0.0
2022-12-28 00:00:00+05:30,1167.1636762124735,1172.5901860600757,1159.5757341288302,1170.1298828125,7459393,0.0,0.0
2022-12-29 00:00:00+05:30,1162.104970614667,1172.1762057030828,1161.415146661694,1169.6009521484375,6930648,0.0,0.0
2022-12-30 00:00:00+05:30,1170.428704311882,1185.0986845061402,1168.589254883622,1171.3944091796875,7289476,0.0,0.0
2023-01-02 00:00:00+05:30,1172.6820895294234,1186.0185235441973,1171.854325127751,1184.5928955078125,5316175,0.0,0.0
2023-01-03 00:00:00+05:30,1179.6032148649108,1183.2592453168472,1171.670421881046,1175.9241943359375,7658932,0.0,0.0
2023-01-04 00:00:00+05:30,1175.9012843913883,1177.7638456801467,1156.1266541361451,1158.2191162109375,9264891,0.0,0.0
2023-01-05 00:00:00+05:30,1160.4955129555144,1166.42792643199,1151.5279225041568,1156.149658203125,13637099,0.0,0.0
2023-01-06 00:00:00+05:30,1161.9440192832972,1171.7393732714932,1158.1040682768103,1166.65771484375,6349597,0.0,0.0
2023-01-09 00:00:00+05:30,1170.520673452004,1196.5956782044618,1169.6239388079453,1194.2042236328125,10722753,0.0,0.0
2023-01-10 00:00:00+05:30,1198.4351247857478,1198.4351247857478,1170.8426533757943,1176.5450439453125,8047142,0.0,0.0
2023-01-11 00:00:00+05:30,1173.8319512501794,1176.3612248555285,1159.391748862924,1161.7142333984375,11509553,0.0,0.0
2023-01-12 00:00:00+05:30,1161.1162533762147,1164.6342216641813,1133.5926309386032,1136.6278076171875,17688773,0.0,0.0
2023-01-13 00:00:00+05:30,1130.5575478532269,1137.2257653956094,1119.61256749918,1134.7884521484375,20618583,0.0,0.0
2023-01-16 00:00:00+05:30,1137.1337150162838,1140.3298222427752,1116.117378957299,1123.9813232421875,13623855,0.0,0.0
2023-01-17 00:00:00+05:30,1130.3736328653408,1141.8704968023542,1126.970614661861,1139.9390869140625,10751000,0.0,0.0
2023-01-18 00:00:00+05:30,1137.5017049424803,1145.5954285464745,1131.4543414964407,1138.053466796875,13448286,0.0,0.0
2023-01-19 00:00:00+05:30,1137.225792281928,1141.0197635339396,1129.752800173325,1136.8349609375,11940054,0.0,0.0
2023-01-20 00:00:00+05:30,1138.191467141172,1138.191467141172,1120.8312817980277,1123.3145751953125,14930286,0.0,0.0
2023-01-23 00:00:00+05:30,1126.2347584728975,1134.1445615711339,1115.1976966188936,1117.635009765625,10954118,0.0,0.0
2023-01-24 00:00:00+05:30,1122.0958190056592,1123.7743379576943,1097.8833747065337,1111.035888671875,16488755,0.0,0.0
2023-01-25 00:00:00+05:30,1109.426403807748,1110.4610790036154,1094.5034097207258,1095.676025390625,12385018,0.0,0.0
2023-01-27 00:00:00+05:30,1096.5268391270836,1097.8833753517445,1063.070802252017,1074.8896484375,25830975,0.0,0.0
2023-01-30 00:00:00+05:30,1072.291416351224,1090.7783583936548,1058.1731973213864,1085.19091796875,21772103,0.0,0.0
2023-01-31 00:00:00+05:30,1095.423020080741,1098.021385299401,1076.568116250473,1082.4775390625,22691594,0.0,0.0
2023-02-01 00:00:00+05:30,1094.480349406103,1094.480349406103,1060.012627720101,1076.0623779296875,19347800,0.0,0.0
2023-02-02 00:00:00+05:30,1065.9909800303587,1079.7872155492498,1062.7718827374076,1070.10693359375,13662663,0.0,0.0
2023-02-03 00:00:00+05:30,1080.247173257149,1080.247173257149,1054.4941508090087,1071.0496826171875,24699575,0.0,0.0
2023-02-06 00:00:00+05:30,1064.611420694839,1067.3707166843565,1060.380638036956,1062.9788818359375,14837879,0.0,0.0
2023-02-07 00:00:00+05:30,1063.2319119352442,1070.313951014073,1054.4942222509303,1060.4266357421875,15135435,0.0,0.0
2023-02-08 00:00:00+05:30,1063.6916913408597,1085.2599125141492,1060.9325170038264,1081.6038818359375,21160332,0.0,0.0
2023-02-09 00:00:00+05:30,1082.2936521512727,1090.2954154646166,1073.3490523865935,1083.4892578125,13172763,0.0,0.0
2023-02-10 00:00:00+05:30,1082.960465129827,1082.960465129827,1067.50857901645,1074.5677490234375,10790445,0.0,0.0
2023-02-13 00:00:00+05:30,1076.200288332985,1080.707073246697,1063.944631101913,1068.451416015625,10352493,0.0,0.0
2023-02-14 00:00:00+05:30,1071.4866655461756,1095.3771279153423,1068.5894290989459,1093.629638671875,14321920,0.0,0.0
2023-02-15 00:00:00+05:30,1092.663766338553,1120.808243526792,1091.2842400486852,1118.393798828125,33503591,0.0,0.0
2023-02-16 00:00:00+05:30,1126.4416290067156,1133.0408758062217,1115.2206469320636,1117.52001953125,17264487,0.0,0.0
2023-02-17 00:00:00+05:30,1112.8982933607886,1125.5449035800852,1108.57542904833,1122.187744140625,11809520,0.0,0.0
2023-02-20 00:00:00+05:30,1124.3952377663982,1126.579660157565,1108.3456084336372,1110.3231201171875,8836937,0.0,0.0
2023-02-21 00:00:00+05:30,1114.7379646223424,1125.2230219870953,1109.3803030838835,1119.3826904296875,13311592,0.0,0.0
2023-02-22 00:00:00+05:30,1115.6346270647914,1117.4970666266183,1092.2269572717628,1093.9974365234375,11024335,0.0,0.0
2023-02-23 00:00:00+05:30,1093.5836507370814,1101.2865433693742,1085.926738261362,1088.7548828125,9851910,0.0,0.0
2023-02-24 00:00:00+05:30,1090.8243044292713,1101.9303363384813,1088.9848549699923,1096.204833984375,9434053,0.0,0.0
2023-02-27 00:00:00+05:30,1095.4230581548861,1098.9411482005814,1081.488881717762,1088.915771484375,11199715,0.0,0.0
2023-02-28 00:00:00+05:30,1083.5122711182169,1088.5249595656444,1063.990654040058,1068.08349609375,21994038,0.0,0.0
2023-03-01 00:00:00+05:30,1077.9478356250067,1078.6376596094817,1068.4053718736234,1077.90185546875,11551145,0.0,0.0
2023-03-02 00:00:00+05:30,1074.7286714461184,1081.4658586853557,1067.6465114157338,1069.6929931640625,9333535,0.0,0.0
2023-03-03 00:00:00+05:30,1080.3162110975811,1100.6887052291065,1076.821232554421,1096.9866943359375,14643807,0.0,0.0
2023-03-06 00:00:00+05:30,1103.7009002791456,1115.0138437516948,1103.7009002791456,1107.7017822265625,10171916,0.0,0.0
2023-03-08 00:00:00+05:30,1107.7016743782517,1112.4384816734234,1096.8026750293043,1111.6796875,15782657,0.0,0.0
2023-03-09 00:00:00+05:30,1111.0589343980662,1111.4727558170698,1083.052517675559,1084.9609375,16235128,0.0,0.0
2023-03-10 00:00:00+05:30,1076.798194761085,1077.9478202917737,1064.6343757135955,1068.1524658203125,13334091,0.0,0.0
2023-03-13 00:00:00+05:30,1071.049657769462,1077.9477755894006,1046.2163606333118,1050.585205078125,12771592,0.0,0.0
2023-03-14 00:00:00+05:30,1048.515759865712,1059.98963311346,1043.4802030644373,1046.6533203125,16027522,0.0,0.0
2023-03-15 00:00:00+05:30,1050.4013514274593,1056.931506793517,1024.3263451979778,1028.76416015625,21728555,0.0,0.0
2023-03-16 00:00:00+05:30,1031.5004190815098,1036.55896592397,1012.7374750161365,1023.636474609375,18363159,0.0,0.0
2023-03-17 00:00:00+05:30,1032.3052230587475,1035.6162808427193,1017.5662111154269,1022.3489379882812,34014213,0.0,0.0
2023-03-20 00:00:00+05:30,1018.6239033095978,1020.9232759477475,1002.5282340222402,1012.3005981445312,19524589,0.0,0.0
2023-03-21 00:00:00+05:30,1020.4403537590024,1045.756564274943,1019.5436191168749,1043.779052734375,21400360,0.0,0.0
2023-03-22 00:00:00+05:30,1050.8152120116308,1053.7814187871638,1043.9170934947674,1046.9522705078125,10920094,0.0,0.0
2023-03-23 00:00:00+05:30,1042.9973371336553,1043.8710817563363,1031.5234633651712,1033.7078857421875,16249370,0.0,0.0
2023-03-24 00:00:00+05:30,1032.5351243949688,1034.7195467210759,1010.806033984529,1013.2433471679688,12375945,0.0,0.0
2023-03-27 00:00:00+05:30,1019.773598663546,1036.5589704145036,1011.8177546681874,1028.9940185546875,14054323,0.0,0.0
2023-03-28 00:00:00+05:30,1032.4201567529476,1037.7087260749838,1028.7411361410152,1033.7998046875,12576424,0.0,0.0
2023-03-29 00:00:00+05:30,1029.6608616321105,1032.3281971929332,1016.8303912767553,1027.6834716796875,18804065,0.0,0.0
2023-03-31 00:00:00+05:30,1037.018927359043,1077.6949441381314,1036.8809868903531,1071.992431640625,28171201,0.0,0.0
2023-04-03 00:00:00+05:30,1078.4077977649556,1080.247247362887,1064.6114392179525,1072.1763916015625,10293043,0.0,0.0
2023-04-05 00:00:00+05:30,1079.7872599196542,1079.7872599196542,1061.64529096604,1069.60107421875,16262928,0.0,0.0
2023-04-06 00:00:00+05:30,1066.0599457733435,1082.5465067529303,1066.0599457733435,1076.7750244140625,18435046,0.0,0.0
2023-04-10 00:00:00+05:30,1080.7070681511557,1080.8909887653906,1067.6235249325764,1069.14111328125,12961408,0.0,0.0
2023-04-11 00:00:00+05:30,1073.3490322456475,1076.5681295724355,1068.773277101233,1074.4296875,10542367,0.0,0.0
2023-04-12 00:00:00+05:30,1074.429696543133,1088.8927661991409,1071.5325819090108,1079.16650390625,18179087,0.0,0.0
2023-04-13 00:00:00+05:30,1082.0867029597594,1087.9731363307803,1077.0281557170892,1083.2364501953125,12378208,0.0,0.0
2023-04-17 00:00:00+05:30,1115.1746570025848,1115.1746570025848,1080.2701252982338,1088.7318115234375,17929479,0.0,0.0
2023-04-18 00:00:00+05:30,1093.1236900087367,1093.1236900087367,1069.6700401019905,1076.269287109375,10405576,0.0,0.0
2023-04-19 00:00:00+05:30,1075.671427833607,1084.3400251323076,1072.5213006411332,1081.6268310546875,12273475,0.0,0.0
2023-04-20 00:00:00+05:30,1082.5925135483521,1084.8459060275125,1072.475298289556,1078.8905029296875,7007330,0.0,0.0
2023-04-21 00:00:00+05:30,1081.00598659045,1085.765662536369,1074.452719655173,1080.2471923828125,7647317,0.0,0.0
2023-04-24 00:00:00+05:30,1092.2039510520551,1094.917145083313,1079.78724147444,1084.3861083984375,12936186,0.0,0.0
2023-04-25 00:00:00+05:30,1088.065032112209,1094.7792295727213,1080.9370132526958,1092.686767578125,9236126,0.0,0.0
2023-04-26 00:00:00+05:30,1094.0434694341627,1097.308668805128,1082.5695955800606,1086.2716064453125,8617834,0.0,0.0
2023-04-27 00:00:00+05:30,1092.20401365584,1096.342835991864,1087.1453448979203,1093.146728515625,9167125,0.0,0.0
2023-04-28 00:00:00+05:30,1095.4231372852184,1114.6919861966308,1095.3081868899021,1113.1282958984375,15565210,0.0,0.0
2023-05-02 00:00:00+05:30,1120.348332888428,1124.763157659207,1116.6233320906222,1122.5787353515625,12981805,0.0,0.0
2023-05-03 00:00:00+05:30,1124.3952195158224,1124.3952195158224,1109.7022483416235,1112.9443359375,7061872,0.0,0.0
2023-05-04 00:00:00+05:30,1113.4272836907612,1128.0053049250107,1110.4150967841426,1125.77490234375,8635233,0.0,0.0
2023-05-05 00:00:00+05:30,1122.5557835876798,1131.9142052367845,1120.2564108128306,1122.900634765625,8746585,0.0,0.0
2023-05-08 00:00:00+05:30,1126.6945126099856,1142.169388631954,1124.0043087229426,1136.765869140625,9153782,0.0,0.0
2023-05-09 00:00:00+05:30,1138.1914734720428,1143.6181051475696,1132.7879535157476,1140.283935546875,6464721,0.0,0.0
2023-05-10 00:00:00+05:30,1145.0897010244307,1149.6194763039616,1141.0427173903377,1148.1248779296875,10872255,0.0,0.0
2023-05-11 00:00:00+05:30,1149.2055436002206,1154.0571800203934,1138.9042854360296,1140.62890625,10557860,0.0,0.0
2023-05-12 00:00:00+05:30,1135.8001254563378,1143.893971065478,1129.6837915030355,1142.4913330078125,6955341,0.0,0.0
2023-05-15 00:00:00+05:30,1145.0437436417399,1151.7808098585194,1137.3407291929939,1144.7447509765625,6833343,0.0,0.0
2023-05-16 00:00:00+05:30,1146.92907990457,1149.5043334434397,1126.7634981335725,1128.442138671875,8717229,0.0,0.0
2023-05-17 00:00:00+05:30,1132.6729252590223,1133.5926499805787,1117.037240070709,1121.77392578125,8798967,0.0,0.0
2023-05-18 00:00:00+05:30,1126.4876378876947,1129.9137676173823,1116.1863802618932,1119.359619140625,10525531,0.0,0.0
2023-05-19 00:00:00+05:30,1119.3596348745693,1124.8321248474272,1112.3694348527808,1122.9925537109375,8050447,0.0,0.0
2023-05-22 00:00:00+05:30,1119.796406054766,1134.0525648769071,1118.5778103408077,1128.993896484375,7434906,0.0,0.0
2023-05-23 00:00:00+05:30,1131.592263247286,1134.9722911120414,1127.3613592565018,1128.7869873046875,6092034,0.0,0.0
2023-05-24 00:00:00+05:30,1124.8091808768409,1133.1329273860515,1119.0836781741557,1122.2108154296875,8112254,0.0,0.0
2023-05-25 00:00:00+05:30,1119.2907115385099,1126.23481005526,1111.0819154149729,1122.0728759765625,11487863,0.0,0.0
2023-05-26 00:00:00+05:30,1130.3735876818564,1153.827237832122,1127.0395398476114,1152.6776123046875,12626260,0.0,0.0
2023-05-29 00:00:00+05:30,1159.3456637789413,1163.4846074574239,1152.9994294406767,1159.1617431640625,10010304,0.0,0.0
2023-05-30 00:00:00+05:30,1159.1617860492977,1167.0257306731078,1156.2875397730056,1158.8629150390625,11342504,0.0,0.0
2023-05-31 00:00:00+05:30,1149.6884072034493,1154.218182327998,1131.7532273257953,1135.8460693359375,27107927,0.0,0.0
2023-06-01 00:00:00+05:30,1140.559948553209,1142.7443709624179,1130.3736406698395,1132.7879638671875,14592692,0.0,0.0
2023-06-02 00:00:00+05:30,1136.3520187118993,1141.8015188005102,1127.1545276248446,1129.0859375,15800644,0.0,0.0
2023-06-05 00:00:00+05:30,1134.6044609461424,1142.215392875901,1130.5804676080938,1139.2261962890625,10908682,0.0,0.0
2023-06-06 00:00:00+05:30,1142.0774457651908,1144.0318455894426,1132.2131214141684,1140.19189453125,7493309,0.0,0.0
2023-06-07 00:00:00+05:30,1143.710007730157,1149.6884009904004,1137.0877706608783,1148.837646484375,10312545,0.0,0.0
2023-06-08 00:00:00+05:30,1152.4475701349434,1157.4372684025475,1145.5494521666944,1149.52734375,12071109,0.0,0.0
2023-06-09 00:00:00+05:30,1152.9075492288744,1153.6203633016692,1139.5711141925142,1141.3876953125,5877018,0.0,0.0
2023-06-12 00:00:00+05:30,1138.421400523846,1144.7216546584948,1133.5926329371919,1142.3992919921875,6391969,0.0,0.0
2023-06-13 00:00:00+05:30,1147.3890386439825,1160.4724607174894,1143.3650452114746,1159.2767333984375,11248016,0.0,0.0
2023-06-14 00:00:00+05:30,1159.3457691012468,1174.9815772393838,1157.506319504115,1173.532958984375,13277380,0.0,0.0
2023-06-15 00:00:00+05:30,1173.5098855980716,1178.4536037054318,1166.0139039867345,1173.8548583984375,11813494,0.0,0.0
2023-06-16 00:00:00+05:30,1177.3729116999634,1187.5822097333855,1177.3729116999634,1185.2828369140625,24171579,0.0,0.0
2023-06-19 00:00:00+05:30,1188.3179303259199,1188.3179303259199,1169.302095335797,1173.5098876953125,6798554,0.0,0.0
2023-06-20 00:00:00+05:30,1171.5555524045922,1179.1203830376844,1165.7840695448344,1175.947265625,6921096,0.0,0.0
2023-06-21 00:00:00+05:30,1175.9012632327351,1181.8106864524987,1171.762440955457,1179.2584228515625,6961603,0.0,0.0
2023-06-22 00:00:00+05:30,1175.441429140654,1183.397212380392,1164.4043673056347,1166.013916015625,7619166,0.0,0.0
2023-06-23 00:00:00+05:30,1162.9787225968207,1165.0481944689302,1155.2068600885727,1156.4715576171875,6628570,0.0,0.0
2023-06-26 00:00:00+05:30,1152.9075472152886,1156.770488592457,1144.4918404678187,1147.6419677734375,12641159,0.0,0.0
2023-06-27 00:00:00+05:30,1148.1018883598538,1154.057170140608,1143.549122999952,1148.055908203125,9689466,0.0,0.0
2023-06-28 00:00:00+05:30,1155.666818619663,1167.094711959306,1148.699608601198,1163.2547607421875,11354006,0.0,0.0
2023-06-30 00:00:00+05:30,1171.0266398341969,1175.7403357190058,1165.0712364426881,1172.797119140625,11151555,0.0,0.0
2023-07-03 00:00:00+05:30,1176.3841784749407,1205.7932325129836,1175.142470969376,1202.89599609375,12154387,0.0,0.0
2023-07-04 00:00:00+05:30,1207.1728010479917,1207.1728010479917,1183.3741791480722,1190.5023193359375,8061643,0.0,0.0
2023-07-05 00:00:00+05:30,1199.814814270939,1199.814814270939,1184.546969830319,1188.5478515625,10248062,0.0,0.0
2023-07-06 00:00:00+05:30,1184.6619140538073,1216.1173275220983,1184.6619140538073,1213.49609375,19117987,0.0,0.0
2023-07-07 00:00:00+05:30,1211.7716514617384,1225.544898141248,1208.5524322389842,1211.1278076171875,13375267,0.0,0.0
2023-07-10 00:00:00+05:30,1236.558855784212,1267.4165288547981,1230.1666407413459,1257.7821044921875,33240016,0.0,0.0
2023-07-11 00:00:00+05:30,1265.9908485310805,1273.8546715770758,1258.954789929894,1271.4173583984375,20069348,0.0,0.0
2023-07-12 00:00:00+05:30,1272.1531124157816,1288.5707034790769,1270.0146703340085,1272.8199462890625,18733835,0.0,0.0
2023-07-13 00:00:00+05:30,1280.2470354883612,1287.1911339270844,1258.7938864150976,1261.4381103515625,14682934,0.0,0.0
2023-07-14 00:00:00+05:30,1264.6571336258567,1269.6698219044079,1253.2062506517982,1260.38037109375,15124144,0.0,0.0
2023-07-17 00:00:00+05:30,1263.2776365298214,1294.572119366041,1254.5399473663306,1286.1334228515625,22220040,0.0,0.0
2023-07-18 00:00:00+05:30,1295.468861279529,1304.8732627451204,1284.4317993755742,1297.055419921875,25867313,0.0,0.0
2023-07-19 00:00:00+05:30,1301.4472287254182,1313.4040151401095,1286.2713449346545,1306.896728515625,39122156,0.0,0.0
2023-07-20 00:00:00+05:30,1285.4591746493725,1310.8444778206224,1285.4591746493725,1305.3140869140625,38717624,0.0,0.0
2023-07-21 00:00:00+05:30,1299.9080965734245,1302.8476637737438,1257.3584513058045,1264.90673828125,30249238,0.0,0.0
2023-07-24 00:00:00+05:30,1236.1334561692279,1253.0486800623623,1230.3040724211016,1239.3221435546875,23727866,0.0,0.0
2023-07-25 00:00:00+05:30,1242.6105681126107,1248.1908318209175,1235.6352080670708,1238.5250244140625,12026020,0.0,0.0
2023-07-26 00:00:00+05:30,1238.1263458201474,1269.0172244683765,1238.1263458201474,1258.65380859375,12911012,0.0,0.0
2023-07-27 00:00:00+05:30,1262.565062669529,1264.3586536373386,1240.7919995780999,1246.9451904296875,17226898,0.0,0.0
2023-07-28 00:00:00+05:30,1251.603857630843,1266.9496744653775,1245.8740974417622,1259.47607421875,20827852,0.0,0.0
2023-07-31 00:00:00+05:30,1259.4760184406568,1272.4550729816635,1254.5433695119561,1270.1383056640625,8551174,0.0,0.0
2023-08-01 00:00:00+05:30,1273.0032143758147,1274.9961743983208,1248.240710424301,1252.1767578125,9536632,0.0,0.0
2023-08-02 00:00:00+05:30,1250.18378327766,1251.5788796053453,1227.4641122691992,1238.799072265625,12748214,0.0,0.0
2023-08-03 00:00:00+05:30,1233.293536201275,1246.0484076292728,1224.6988959234047,1233.5924072265625,10168350,0.0,0.0
2023-08-04 00:00:00+05:30,1245.0020745625943,1253.5717778093197,1231.4499715630498,1250.358154296875,22885610,0.0,0.0
2023-08-07 00:00:00+05:30,1256.0629996159682,1259.7499268411789,1248.0911598722732,1257.4830322265625,5982870,0.0,0.0
2023-08-08 00:00:00+05:30,1259.5506601670197,1262.7642836862365,1245.3757571685012,1249.90966796875,9844072,0.0,0.0
2023-08-09 00:00:00+05:30,1248.0165285040619,1260.0489760006049,1236.1833283537992,1258.1556396484375,11486586,0.0,0.0
2023-08-10 00:00:00+05:30,1258.0311040738002,1270.512040802753,1249.8101438097824,1263.7608642578125,15470598,0.0,0.0
2023-08-11 00:00:00+05:30,1261.7678155527515,1274.9214240354968,1251.753264919044,1269.0919189453125,22179330,0.0,0.0
2023-08-14 00:00:00+05:30,1265.0313100108976,1286.6051254865097,1258.0559502865367,1284.0889892578125,9575812,0.0,0.0
2023-08-16 00:00:00+05:30,1271.0102769161458,1286.854333704457,1271.0102769161458,1283.042724609375,10203112,0.0,0.0
2023-08-17 00:00:00+05:30,1279.0319132644,1284.512553095606,1261.967193789962,1264.5330810546875,13673744,0.0,0.0
2023-08-18 00:00:00+05:30,1261.1699684048542,1284.2634404825606,1249.8599450163206,1273.9000244140625,18639978,0.0,0.0
2023-08-21 00:00:00+05:30,1269.9749755859375,1277.7249755859375,1257.824951171875,1260.0,9221746,4.5,0.0
2023-08-22 00:00:00+05:30,1258.449951171875,1268.9749755859375,1249.5,1259.699951171875,7713044,0.0,0.0
2023-08-23 00:00:00+05:30,1262.0999755859375,1271.425048828125,1258.4749755859375,1261.0999755859375,9517952,0.0,0.0
2023-08-24 00:00:00+05:30,1269.949951171875,1269.949951171875,1235.5,1239.9000244140625,14140020,0.0,0.0
2023-08-25 00:00:00+05:30,1228.0,1252.5,1221.300048828125,1234.175048828125,22222400,0.0,0.0
2023-08-28 00:00:00+05:30,1236.0,1242.0,1215.550048828125,1221.875,12580826,0.0,0.0
2023-08-29 00:00:00+05:30,1226.0250244140625,1226.7249755859375,1204.074951171875,1210.175048828125,16876644,0.0,0.0
2023-08-30 00:00:00+05:30,1216.0,1221.5,1207.5,1209.0250244140625,12168946,0.0,0.0
2023-08-31 00:00:00+05:30,1211.5,1212.5,1199.949951171875,1203.5,21638600,0.0,0.0
2023-09-01 00:00:00+05:30,1203.2750244140625,1212.824951171875,1200.824951171875,1206.324951171875,18112842,0.0,0.0
2023-09-04 00:00:00+05:30,1206.324951171875,1211.824951171875,1202.6500244140625,1205.3499755859375,9347626,0.0,0.0
2023-09-05 00:00:00+05:30,1210.0,1216.9749755859375,1206.2249755859375,1211.800048828125,8675876,0.0,0.0
2023-09-06 00:00:00+05:30,1210.550048828125,1218.074951171875,1208.625,1214.3499755859375,8200370,0.0,0.0
2023-09-07 00:00:00+05:30,1210.8499755859375,1219.125,1205.5,1216.0,13652572,0.0,0.0
2023-09-08 00:00:00+05:30,1220.0,1228.0,1211.4749755859375,1224.0999755859375,23109288,0.0,0.0
2023-09-11 00:00:00+05:30,1226.0,1238.425048828125,1226.0,1237.300048828125,13271074,0.0,0.0
2023-09-12 00:00:00+05:30,1241.5,1241.5,1217.9749755859375,1219.425048828125,16255666,0.0,0.0
2023-09-13 00:00:00+05:30,1220.0,1231.324951171875,1213.125,1225.5250244140625,12803338,0.0,0.0
2023-09-14 00:00:00+05:30,1230.0,1232.9000244140625,1222.5,1226.6500244140625,9209636,0.0,0.0
2023-09-15 00:00:00+05:30,1234.0,1234.0,1224.75,1228.925048828125,25468592,0.0,0.0
2023-09-18 00:00:00+05:30,1220.0250244140625,1225.5,1216.0250244140625,1218.2249755859375,7516300,0.0,0.0
2023-09-20 00:00:00+05:30,1211.5250244140625,1213.800048828125,1177.5,1191.074951171875,57081884,0.0,0.0
2023-09-21 00:00:00+05:30,1187.4749755859375,1195.050048828125,1180.0,1182.4000244140625,12226182,0.0,0.0
2023-09-22 00:00:00+05:30,1188.0,1191.2249755859375,1175.0,1177.4749755859375,19176786,0.0,0.0
2023-09-25 00:00:00+05:30,1175.199951171875,1180.3499755859375,1167.550048828125,1170.2249755859375,14254884,0.0,0.0
2023-09-26 00:00:00+05:30,1169.2750244140625,1175.0999755859375,1167.800048828125,1171.25,10087782,0.0,0.0
2023-09-27 00:00:00+05:30,1171.75,1185.9000244140625,1169.25,1184.449951171875,11722778,0.0,0.0
2023-09-28 00:00:00+05:30,1191.5,1191.5,1162.5,1167.050048828125,14518346,0.0,0.0
2023-09-29 00:00:00+05:30,1170.9000244140625,1184.550048828125,1167.050048828125,1172.5,12342014,0.0,0.0
2023-10-03 00:00:00+05:30,1164.9749755859375,1167.800048828125,1158.0,1159.074951171875,8859056,0.0,0.0
2023-10-04 00:00:00+05:30,1154.5,1159.5,1147.550048828125,1157.074951171875,10286386,0.0,0.0
2023-10-05 00:00:00+05:30,1159.625,1164.699951171875,1154.5,1157.050048828125,10953682,0.0,0.0
2023-10-06 00:00:00+05:30,1158.5250244140625,1162.4000244140625,1156.0250244140625,1159.0,5431026,0.0,0.0
2023-10-09 00:00:00+05:30,1154.050048828125,1155.9749755859375,1147.5,1149.125,7576878,0.0,0.0
2023-10-10 00:00:00+05:30,1153.2750244140625,1158.949951171875,1151.875,1154.199951171875,10236032,0.0,0.0
2023-10-11 00:00:00+05:30,1157.2249755859375,1174.8499755859375,1156.5,1172.5250244140625,9814118,0.0,0.0
2023-10-12 00:00:00+05:30,1171.925048828125,1179.675048828125,1169.074951171875,1174.699951171875,12554450,0.0,0.0
2023-10-13 00:00:00+05:30,1170.0,1178.75,1164.574951171875,1174.6500244140625,10150316,0.0,0.0
2023-10-16 00:00:00+05:30,1172.5,1177.2750244140625,1168.0,1172.0250244140625,5929036,0.0,0.0
2023-10-17 00:00:00+05:30,1178.0,1179.8499755859375,1170.6500244140625,1177.625,7928180,0.0,0.0
2023-10-18 00:00:00+05:30,1177.625,1183.5,1160.5,1162.0,8918320,0.0,0.0
2023-10-19 00:00:00+05:30,1156.0,1160.9000244140625,1150.5,1153.074951171875,12032556,0.0,0.0
2023-10-20 00:00:00+05:30,1150.0,1157.3499755859375,1148.1500244140625,1149.550048828125,8913312,0.0,0.0
2023-10-23 00:00:00+05:30,1145.0,1153.125,1127.625,1131.5999755859375,7853962,0.0,0.0
2023-10-25 00:00:00+05:30,1125.0250244140625,1140.5999755859375,1121.5,1128.9749755859375,11620688,0.0,0.0
2023-10-26 00:00:00+05:30,1125.5,1129.0,1110.1500244140625,1113.25,15222534,0.0,0.0
2023-10-27 00:00:00+05:30,1120.0,1136.75,1117.9749755859375,1132.9000244140625,11771084,0.0,0.0
2023-10-30 00:00:00+05:30,1137.0,1162.5,1134.9749755859375,1156.25,16813304,0.0,0.0
2023-10-31 00:00:00+05:30,1164.0,1164.0,1141.449951171875,1143.949951171875,12808438,0.0,0.0
2023-11-01 00:00:00+05:30,1144.574951171875,1158.75,1137.5999755859375,1148.699951171875,10309190,0.0,0.0
2023-11-02 00:00:00+05:30,1156.9749755859375,1162.1500244140625,1153.9749755859375,1160.0999755859375,10562104,0.0,0.0
2023-11-03 00:00:00+05:30,1163.5999755859375,1167.4749755859375,1157.875,1159.8499755859375,8850156,0.0,0.0
2023-11-06 00:00:00+05:30,1166.1500244140625,1170.0,1162.800048828125,1169.5,10647304,0.0,0.0
2023-11-07 00:00:00+05:30,1167.0250244140625,1169.550048828125,1159.7750244140625,1161.9000244140625,6960204,0.0,0.0
2023-11-08 00:00:00+05:30,1166.0,1170.5,1160.875,1167.949951171875,7884494,0.0,0.0
2023-11-09 00:00:00+05:30,1167.925048828125,1167.949951171875,1152.0999755859375,1155.2750244140625,14513610,0.0,0.0
2023-11-10 00:00:00+05:30,1152.7750244140625,1158.175048828125,1149.0250244140625,1157.449951171875,7734954,0.0,0.0
2023-11-13 00:00:00+05:30,1161.449951171875,1162.300048828125,1155.8499755859375,1157.300048828125,3854810,0.0,0.0
2023-11-15 00:00:00+05:30,1170.0,1180.9749755859375,1163.5,1178.2249755859375,12220648,0.0,0.0
2023-11-16 00:00:00+05:30,1175.550048828125,1187.074951171875,1173.4749755859375,1180.3499755859375,13134910,0.0,0.0
2023-11-17 00:00:00+05:30,1176.449951171875,1186.625,1176.0250244140625,1177.7750244140625,7758634,0.0,0.0
2023-11-20 00:00:00+05:30,1174.2750244140625,1179.199951171875,1168.199951171875,1174.675048828125,4490186,0.0,0.0
2023-11-21 00:00:00+05:30,1183.0,1194.0,1180.0999755859375,1189.449951171875,8214450,0.0,0.0
2023-11-22 00:00:00+05:30,1187.5,1197.2249755859375,1186.0999755859375,1194.0999755859375,8534814,0.0,0.0
2023-11-23 00:00:00+05:30,1194.0999755859375,1200.0,1194.0999755859375,1197.75,8531542,0.0,0.0
2023-11-24 00:00:00+05:30,1195.800048828125,1201.300048828125,1195.5250244140625,1196.949951171875,6749486,0.0,0.0
2023-11-28 00:00:00+05:30,1196.949951171875,1199.8499755859375,1187.625,1197.199951171875,13792174,0.0,0.0
2023-11-29 00:00:00+05:30,1204.0,1205.9749755859375,1199.0250244140625,1200.3499755859375,12531306,0.0,0.0
2023-11-30 00:00:00+05:30,1197.3499755859375,1200.3499755859375,1184.949951171875,1188.7249755859375,28439984,0.0,0.0
2023-12-01 00:00:00+05:30,1189.0,1198.199951171875,1188.800048828125,1197.1500244140625,14342842,0.0,0.0
2023-12-04 00:00:00+05:30,1225.0,1225.0,1199.300048828125,1210.0999755859375,15590990,0.0,0.0
2023-12-05 00:00:00+05:30,1219.5,1220.425048828125,1210.824951171875,1218.875,12693624,0.0,0.0
2023-12-06 00:00:00+05:30,1223.550048828125,1236.4749755859375,1217.5,1230.550048828125,16422442,0.0,0.0
2023-12-07 00:00:00+05:30,1230.0,1230.4749755859375,1221.0,1228.5250244140625,8142096,0.0,0.0
2023-12-08 00:00:00+05:30,1231.925048828125,1238.3499755859375,1222.5,1227.875,10204894,0.0,0.0
2023-12-11 00:00:00+05:30,1228.0,1233.800048828125,1226.199951171875,1229.675048828125,7066138,0.0,0.0
2023-12-12 00:00:00+05:30,1230.0,1232.4749755859375,1210.074951171875,1212.0250244140625,9197124,0.0,0.0
2023-12-13 00:00:00+05:30,1211.0,1219.175048828125,1203.1500244140625,1216.9749755859375,10031182,0.0,0.0
2023-12-14 00:00:00+05:30,1227.0,1237.4749755859375,1221.324951171875,1232.074951171875,16972354,0.0,0.0
2023-12-15 00:00:00+05:30,1239.0,1250.0,1235.0250244140625,1247.800048828125,15932152,0.0,0.0
2023-12-18 00:00:00+05:30,1247.800048828125,1267.449951171875,1245.4749755859375,1260.5,14165188,0.0,0.0
2023-12-19 00:00:00+05:30,1277.5,1286.949951171875,1262.5999755859375,1279.050048828125,16820604,0.0,0.0
2023-12-20 00:00:00+05:30,1285.5250244140625,1299.425048828125,1260.0,1263.574951171875,17736722,0.0,0.0
2023-12-21 00:00:00+05:30,1263.5,1286.75,1259.125,1281.2750244140625,13765454,0.0,0.0
2023-12-22 00:00:00+05:30,1279.800048828125,1290.449951171875,1273.824951171875,1282.5250244140625,16541784,0.0,0.0
2023-12-26 00:00:00+05:30,1284.0,1295.9749755859375,1281.3499755859375,1289.0250244140625,7465664,0.0,0.0
2023-12-27 00:00:00+05:30,1291.0,1299.949951171875,1286.550048828125,1293.425048828125,9204156,0.0,0.0
2023-12-28 00:00:00+05:30,1294.9000244140625,1306.0,1293.425048828125,1302.7750244140625,12302636,0.0,0.0
2023-12-29 00:00:00+05:30,1305.550048828125,1307.0,1289.6500244140625,1292.4749755859375,10864584,0.0,0.0
2024-01-01 00:00:00+05:30,1290.2750244140625,1303.425048828125,1286.574951171875,1295.125,4030540,0.0,0.0
2024-01-02 00:00:00+05:30,1292.5,1307.5,1286.5,1305.8499755859375,7448800,0.0,0.0
2024-01-03 00:00:00+05:30,1305.0,1317.0,1288.5999755859375,1291.6500244140625,9037536,0.0,0.0
2024-01-04 00:00:00+05:30,1294.0,1304.925048828125,1289.550048828125,1298.324951171875,9612778,0.0,0.0
2024-01-05 00:00:00+05:30,1301.449951171875,1309.925048828125,1299.0,1303.8499755859375,8086406,0.0,0.0
2024-01-08 00:00:00+05:30,1305.0,1315.9749755859375,1284.4749755859375,1293.675048828125,7734652,0.0,0.0
2024-01-09 00:00:00+05:30,1300.0,1303.4000244140625,1288.5999755859375,1290.25,5403074,0.0,0.0
2024-01-10 00:00:00+05:30,1288.5,1329.5,1287.5250244140625,1325.050048828125,11102740,0.0,0.0
2024-01-11 00:00:00+05:30,1329.5,1362.5,1328.5,1359.9000244140625,23725852,0.0,0.0
2024-01-12 00:00:00+05:30,1359.9000244140625,1373.324951171875,1345.75,1370.7249755859375,15012164,0.0,0.0
2024-01-15 00:00:00+05:30,1375.0,1396.449951171875,1366.0,1394.125,8610594,0.0,0.0
2024-01-16 00:00:00+05:30,1389.9749755859375,1396.300048828125,1370.5,1374.625,9069024,0.0,0.0
2024-01-17 00:00:00+05:30,1359.5,1386.2750244140625,1355.0250244140625,1361.574951171875,12197382,0.0,0.0
2024-01-18 00:00:00+05:30,1351.4000244140625,1371.0,1351.25,1367.949951171875,10279438,0.0,0.0
2024-01-19 00:00:00+05:30,1376.0,1376.0,1359.0,1367.449951171875,10422704,0.0,0.0
2024-01-23 00:00:00+05:30,1371.75,1371.75,1322.550048828125,1328.574951171875,20055420,0.0,0.0
2024-01-24 00:00:00+05:30,1335.2249755859375,1349.5,1323.925048828125,1343.875,21919128,0.0,0.0
2024-01-25 00:00:00+05:30,1342.949951171875,1364.1500244140625,1335.199951171875,1353.074951171875,11808872,0.0,0.0
2024-01-29 00:00:00+05:30,1364.5,1452.5,1360.175048828125,1448.050048828125,23893438,0.0,0.0
2024-01-30 00:00:00+05:30,1459.949951171875,1459.9749755859375,1404.425048828125,1407.625,14093978,0.0,0.0
2024-01-31 00:00:00+05:30,1404.0,1434.25,1402.5,1426.625,15130226,0.0,0.0
2024-02-01 00:00:00+05:30,1435.0,1443.3499755859375,1418.050048828125,1426.6500244140625,13349362,0.0,0.0
2024-02-02 00:00:00+05:30,1433.175048828125,1474.9000244140625,1433.175048828125,1457.699951171875,19652588,0.0,0.0
2024-02-05 00:00:00+05:30,1460.75,1470.5,1431.5250244140625,1439.0250244140625,8814432,0.0,0.0
2024-02-06 00:00:00+05:30,1441.8499755859375,1441.8499755859375,1419.824951171875,1427.800048828125,9047984,0.0,0.0
2024-02-07 00:00:00+05:30,1435.925048828125,1449.5,1429.25,1442.1500244140625,9296568,0.0,0.0
2024-02-08 00:00:00+05:30,1450.0,1459.4749755859375,1427.5250244140625,1450.125,14694634,0.0,0.0
2024-02-09 00:00:00+05:30,1454.0,1471.9749755859375,1450.949951171875,1460.75,12556798,0.0,0.0
2024-02-12 00:00:00+05:30,1460.75,1461.0,1442.3499755859375,1452.3499755859375,6674430,0.0,0.0
2024-02-13 00:00:00+05:30,1455.5,1479.0,1454.0,1465.0999755859375,7715594,0.0,0.0
2024-02-14 00:00:00+05:30,1457.5,1483.6500244140625,1457.5,1481.375,7117888,0.0,0.0
2024-02-15 00:00:00+05:30,1483.3499755859375,1484.7249755859375,1466.5250244140625,1470.5999755859375,10006782,0.0,0.0
2024-02-16 00:00:00+05:30,1476.4749755859375,1477.0,1458.550048828125,1460.574951171875,9767498,0.0,0.0
2024-02-19 00:00:00+05:30,1462.050048828125,1479.5,1453.5250244140625,1474.0,6729828,0.0,0.0
2024-02-20 00:00:00+05:30,1475.0250244140625,1475.5,1461.800048828125,1471.0250244140625,7117496,0.0,0.0
2024-02-21 00:00:00+05:30,1474.0,1488.5250244140625,1457.550048828125,1467.699951171875,12720292,0.0,0.0
2024-02-22 00:00:00+05:30,1468.1500244140625,1484.949951171875,1458.0,1481.75,18493728,0.0,0.0
2024-02-23 00:00:00+05:30,1489.5,1497.550048828125,1483.3499755859375,1493.625,14438584,0.0,0.0
2024-02-26 00:00:00+05:30,1493.550048828125,1494.5250244140625,1482.5,1487.324951171875,7513106,0.0,0.0
2024-02-27 00:00:00+05:30,1483.0250244140625,1499.949951171875,1478.050048828125,1485.6500244140625,10826044,0.0,0.0
2024-02-28 00:00:00+05:30,1483.0,1491.2750244140625,1450.175048828125,1455.625,8647950,0.0,0.0
2024-02-29 00:00:00+05:30,1465.0,1478.9749755859375,1454.5250244140625,1460.800048828125,23628976,0.0,0.0
2024-03-01 00:00:00+05:30,1463.5,1500.0,1462.5,1492.125,12132926,0.0,0.0
2024-03-04 00:00:00+05:30,1490.4749755859375,1512.449951171875,1487.2249755859375,1507.4000244140625,10024420,0.0,0.0
2024-03-05 00:00:00+05:30,1505.7750244140625,1507.4000244140625,1486.050048828125,1500.199951171875,7107668,0.0,0.0
2024-03-06 00:00:00+05:30,1493.449951171875,1509.0,1478.5,1503.0,7805676,0.0,0.0
2024-03-07 00:00:00+05:30,1502.9749755859375,1503.0999755859375,1475.550048828125,1478.925048828125,8315726,0.0,0.0
2024-03-11 00:00:00+05:30,1489.0,1489.0,1463.5,1466.5999755859375,11277130,0.0,0.0
2024-03-12 00:00:00+05:30,1466.5999755859375,1488.0,1465.0250244140625,1475.425048828125,9432678,0.0,0.0
2024-03-13 00:00:00+05:30,1479.7750244140625,1483.0999755859375,1427.7750244140625,1432.175048828125,13522134,0.0,0.0
2024-03-14 00:00:00+05:30,1439.699951171875,1448.5250244140625,1425.5,1431.4749755859375,18571102,0.0,0.0
2024-03-15 00:00:00+05:30,1425.949951171875,1433.2249755859375,1412.9000244140625,1418.2249755859375,19223818,0.0,0.0
2024-03-18 00:00:00+05:30,1420.0,1441.7249755859375,1416.5250244140625,1439.4749755859375,9169392,0.0,0.0
2024-03-19 00:00:00+05:30,1428.75,1437.5999755859375,1417.25,1425.25,8275764,0.0,0.0
2024-03-20 00:00:00+05:30,1427.949951171875,1445.0,1424.0250244140625,1443.75,8488806,0.0,0.0
2024-03-21 00:00:00+05:30,1452.5250244140625,1457.9000244140625,1444.675048828125,1450.9749755859375,13006936,0.0,0.0
2024-03-22 00:00:00+05:30,1449.9749755859375,1460.0,1447.3499755859375,1455.0250244140625,19527608,0.0,0.0
2024-03-26 00:00:00+05:30,1445.0,1452.4000244140625,1439.0,1441.574951171875,11415906,0.0,0.0
2024-03-27 00:00:00+05:30,1448.0,1500.0,1447.0,1492.8499755859375,16326644,0.0,0.0
2024-03-28 00:00:00+05:30,1492.875,1505.949951171875,1478.6500244140625,1485.8499755859375,21854364,0.0,0.0
2024-04-01 00:00:00+05:30,1492.4749755859375,1493.9749755859375,1482.5,1484.7750244140625,5013880,0.0,0.0
2024-04-02 00:00:00+05:30,1484.0,1494.0,1475.0,1486.949951171875,8910166,0.0,0.0
2024-04-03 00:00:00+05:30,1482.074951171875,1484.449951171875,1468.9000244140625,1471.5999755859375,7008292,0.0,0.0
2024-04-04 00:00:00+05:30,1479.75,1479.75,1450.0,1462.925048828125,14490272,0.0,0.0
2024-04-05 00:00:00+05:30,1460.875,1470.800048828125,1456.0,1460.0999755859375,7442298,0.0,0.0
2024-04-08 00:00:00+05:30,1462.9749755859375,1490.9749755859375,1461.0,1485.9749755859375,8357118,0.0,0.0
2024-04-09 00:00:00+05:30,1489.0,1489.800048828125,1462.5,1463.6500244140625,7071414,0.0,0.0
2024-04-10 00:00:00+05:30,1466.3499755859375,1487.0,1466.3499755859375,1479.574951171875,9138330,0.0,0.0
2024-04-12 00:00:00+05:30,1475.875,1486.4749755859375,1463.074951171875,1467.1500244140625,15551012,0.0,0.0
2024-04-15 00:00:00+05:30,1461.0,1482.125,1446.324951171875,1464.824951171875,12902062,0.0,0.0
2024-04-16 00:00:00+05:30,1453.3499755859375,1471.175048828125,1450.925048828125,1465.75,9366184,0.0,0.0
2024-04-18 00:00:00+05:30,1463.5,1486.0,1459.3499755859375,1464.324951171875,19005692,0.0,0.0
2024-04-19 00:00:00+05:30,1456.7750244140625,1474.0,1443.0250244140625,1470.125,15741778,0.0,0.0
2024-04-22 00:00:00+05:30,1472.449951171875,1482.824951171875,1467.800048828125,1479.8499755859375,10350362,0.0,0.0
2024-04-23 00:00:00+05:30,1479.0,1493.5,1455.550048828125,1459.324951171875,14605554,0.0,0.0
2024-04-24 00:00:00+05:30,1463.5,1468.550048828125,1449.5,1450.175048828125,10462776,0.0,0.0
2024-04-25 00:00:00+05:30,1442.5,1467.9749755859375,1441.5,1459.9749755859375,15943926,0.0,0.0
2024-04-26 00:00:00+05:30,1463.949951171875,1465.0,1450.0,1452.550048828125,9413848,0.0,0.0
2024-04-29 00:00:00+05:30,1450.0,1467.9000244140625,1450.0,1465.0250244140625,7247974,0.0,0.0
2024-04-30 00:00:00+05:30,1468.0,1483.074951171875,1462.875,1467.0,11474262,0.0,0.0
2024-05-02 00:00:00+05:30,1472.0,1477.324951171875,1464.125,1466.550048828125,14512646,0.0,0.0
2024-05-03 00:00:00+05:30,1471.0,1474.949951171875,1416.1500244140625,1434.0,17226958,0.0,0.0
2024-05-06 00:00:00+05:30,1435.5,1440.0,1418.0,1419.5250244140625,7394208,0.0,0.0
2024-05-07 00:00:00+05:30,1415.9749755859375,1420.75,1392.0,1401.4749755859375,14517472,0.0,0.0
2024-05-08 00:00:00+05:30,1397.5,1432.949951171875,1397.5,1418.550048828125,9439002,0.0,0.0
2024-05-09 00:00:00+05:30,1413.0,1423.75,1390.0,1394.125,11009612,0.0,0.0
2024-05-10 00:00:00+05:30,1396.75,1410.0,1388.074951171875,1407.425048828125,10505096,0.0,0.0
2024-05-13 00:00:00+05:30,1399.9000244140625,1406.9749755859375,1384.0,1402.699951171875,8456620,0.0,0.0
2024-05-14 00:00:00+05:30,1400.9749755859375,1427.074951171875,1400.0250244140625,1420.074951171875,7188300,0.0,0.0
2024-05-15 00:00:00+05:30,1420.5,1429.9749755859375,1413.0250244140625,1416.2750244140625,5046534,0.0,0.0
2024-05-16 00:00:00+05:30,1418.550048828125,1427.5,1398.0250244140625,1425.3499755859375,14711774,0.0,0.0
2024-05-17 00:00:00+05:30,1423.050048828125,1437.199951171875,1413.25,1435.699951171875,10916476,0.0,0.0
2024-05-21 00:00:00+05:30,1425.5999755859375,1441.824951171875,1425.5999755859375,1436.125,11176128,0.0,0.0
2024-05-22 00:00:00+05:30,1436.2750244140625,1468.7750244140625,1436.2750244140625,1460.6500244140625,10281604,0.0,0.0
2024-05-23 00:00:00+05:30,1458.550048828125,1492.2249755859375,1455.0,1486.050048828125,14608260,0.0,0.0
2024-05-24 00:00:00+05:30,1483.625,1488.5,1476.0999755859375,1480.25,7094776,0.0,0.0
2024-05-27 00:00:00+05:30,1480.2249755859375,1484.9000244140625,1461.550048828125,1466.25,6629010,0.0,0.0
2024-05-28 00:00:00+05:30,1468.0,1478.5,1452.75,1456.199951171875,7820162,0.0,0.0
2024-05-29 00:00:00+05:30,1446.5,1458.0,1438.449951171875,1440.7750244140625,7383556,0.0,0.0
2024-05-30 00:00:00+05:30,1435.5,1440.4000244140625,1420.0999755859375,1424.8499755859375,13206858,0.0,0.0
2024-05-31 00:00:00+05:30,1431.300048828125,1442.25,1422.25,1430.4000244140625,31069832,0.0,0.0
2024-06-03 00:00:00+05:30,1483.0,1514.5,1459.0,1510.324951171875,21527942,0.0,0.0
2024-06-04 00:00:00+05:30,1498.050048828125,1498.050048828125,1359.300048828125,1397.2750244140625,36709098,0.0,0.0
2024-06-05 00:00:00+05:30,1422.0,1431.1500244140625,1384.0999755859375,1420.75,17464890,0.0,0.0
2024-06-06 00:00:00+05:30,1435.0,1443.699951171875,1421.3499755859375,1431.5999755859375,17855722,0.0,0.0
2024-06-07 00:00:00+05:30,1428.5,1472.0,1426.5,1469.949951171875,18558696,0.0,0.0
2024-06-10 00:00:00+05:30,1469.949951171875,1493.3499755859375,1468.074951171875,1471.4000244140625,9251760,0.0,0.0
2024-06-11 00:00:00+05:30,1469.0,1473.675048828125,1454.675048828125,1456.675048828125,11774902,0.0,0.0
2024-06-12 00:00:00+05:30,1457.5,1476.0,1455.175048828125,1463.324951171875,10081742,0.0,0.0
2024-06-13 00:00:00+05:30,1472.0,1472.25,1460.0999755859375,1465.25,9181160,0.0,0.0
2024-06-14 00:00:00+05:30,1470.0,1479.675048828125,1457.2249755859375,1477.550048828125,8157998,0.0,0.0
2024-06-18 00:00:00+05:30,1487.3499755859375,1487.4000244140625,1471.3499755859375,1481.0250244140625,7196766,0.0,0.0
2024-06-19 00:00:00+05:30,1487.5,1487.5,1456.0,1458.6500244140625,8725874,0.0,0.0
2024-06-20 00:00:00+05:30,1459.0,1482.8499755859375,1450.0999755859375,1473.699951171875,16113776,0.0,0.0
2024-06-21 00:00:00+05:30,1473.625,1474.699951171875,1440.574951171875,1454.199951171875,31170360,0.0,0.0
2024-06-24 00:00:00+05:30,1445.5250244140625,1449.5,1437.5,1441.4749755859375,8878386,0.0,0.0
2024-06-25 00:00:00+05:30,1443.0,1455.925048828125,1441.0,1454.1500244140625,7045386,0.0,0.0
2024-06-26 00:00:00+05:30,1446.050048828125,1518.9749755859375,1445.125,1514.0250244140625,22014882,0.0,0.0
2024-06-27 00:00:00+05:30,1513.75,1537.5,1506.0,1530.550048828125,28383030,0.0,0.0
2024-06-28 00:00:00+05:30,1531.0250244140625,1581.0,1531.0250244140625,1565.4000244140625,28957336,0.0,0.0
2024-07-01 00:00:00+05:30,1562.5250244140625,1579.4000244140625,1555.675048828125,1560.1500244140625,7724306,0.0,0.0
2024-07-02 00:00:00+05:30,1569.5,1573.5,1557.0,1565.175048828125,7749246,0.0,0.0
2024-07-03 00:00:00+05:30,1566.324951171875,1575.0,1542.7750244140625,1552.425048828125,9049620,0.0,0.0
2024-07-04 00:00:00+05:30,1557.0,1567.5,1550.800048828125,1554.0250244140625,6837176,0.0,0.0
2024-07-05 00:00:00+05:30,1553.824951171875,1598.5,1548.0,1588.625,12269710,0.0,0.0
2024-07-08 00:00:00+05:30,1589.0,1608.800048828125,1582.5250244140625,1600.9000244140625,9500806,0.0,0.0
2024-07-09 00:00:00+05:30,1597.5999755859375,1600.5,1580.5,1590.2750244140625,6960002,0.0,0.0
2024-07-10 00:00:00+05:30,1595.0,1597.5,1563.1500244140625,1584.2249755859375,7134578,0.0,0.0
2024-07-11 00:00:00+05:30,1587.5,1604.25,1570.5,1580.6500244140625,11940946,0.0,0.0
2024-07-12 00:00:00+05:30,1584.5,1605.1500244140625,1574.5,1596.7249755859375,12924784,0.0,0.0
2024-07-15 00:00:00+05:30,1604.449951171875,1605.8499755859375,1585.5,1597.2249755859375,5329688,0.0,0.0
2024-07-16 00:00:00+05:30,1593.5,1600.0,1569.125,1576.25,9386838,0.0,0.0
2024-07-18 00:00:00+05:30,1576.0,1593.9000244140625,1557.824951171875,1586.675048828125,12298374,0.0,0.0
2024-07-19 00:00:00+05:30,1586.0,1589.9749755859375,1552.800048828125,1555.1500244140625,13140390,0.0,0.0
2024-07-22 00:00:00+05:30,1537.25,1537.5,1499.2750244140625,1500.675048828125,19674376,0.0,0.0
2024-07-23 00:00:00+05:30,1501.0,1505.75,1463.0,1487.9000244140625,18052044,0.0,0.0
2024-07-24 00:00:00+05:30,1485.0,1509.5,1476.4000244140625,1495.699951171875,11913362,0.0,0.0
2024-07-25 00:00:00+05:30,1481.0,1500.4749755859375,1477.074951171875,1492.4000244140625,12519876,0.0,0.0
2024-07-26 00:00:00+05:30,1492.4000244140625,1512.425048828125,1490.3499755859375,1509.0250244140625,9859940,0.0,0.0
2024-07-29 00:00:00+05:30,1511.949951171875,1527.5,1511.7750244140625,1520.0999755859375,7538550,0.0,0.0
2024-07-30 00:00:00+05:30,1517.0250244140625,1525.0,1510.0,1513.1500244140625,8228208,0.0,0.0
2024-07-31 00:00:00+05:30,1504.0,1510.449951171875,1501.1500244140625,1505.425048828125,10057346,0.0,0.0
2024-08-01 00:00:00+05:30,1512.0,1518.0,1504.300048828125,1515.300048828125,10764222,0.0,0.0
2024-08-02 00:00:00+05:30,1505.0,1509.324951171875,1493.2750244140625,1499.324951171875,10268248,0.0,0.0
2024-08-05 00:00:00+05:30,1480.0,1483.9000244140625,1433.25,1447.324951171875,17046704,0.0,0.0
2024-08-06 00:00:00+05:30,1455.1500244140625,1477.5,1451.324951171875,1456.050048828125,10236186,0.0,0.0
2024-08-07 00:00:00+05:30,1469.0,1472.5,1461.5,1464.824951171875,8174568,0.0,0.0
2024-08-08 00:00:00+05:30,1457.5250244140625,1465.0,1445.925048828125,1449.125,12387192,0.0,0.0
2024-08-09 00:00:00+05:30,1460.0,1476.5,1456.0,1474.300048828125,6249776,0.0,0.0
2024-08-12 00:00:00+05:30,1470.0,1473.0,1457.75,1460.625,8184584,0.0,0.0
2024-08-13 00:00:00+05:30,1460.75,1470.074951171875,1458.0,1463.625,6265064,0.0,0.0
2024-08-14 00:00:00+05:30,1463.550048828125,1472.0,1453.699951171875,1461.8499755859375,6267466,0.0,0.0
2024-08-16 00:00:00+05:30,1468.6500244140625,1480.4000244140625,1458.050048828125,1478.199951171875,9416902,0.0,0.0
2024-08-19 00:00:00+05:30,1482.5,1498.300048828125,1480.5,1488.4000244140625,13797742,0.0,0.0
2024-08-20 00:00:00+05:30,1497.2249755859375,1503.925048828125,1490.0250244140625,1495.949951171875,8411808,0.0,0.0
2024-08-21 00:00:00+05:30,1493.25,1507.875,1490.0,1498.675048828125,7769996,0.0,0.0
2024-08-22 00:00:00+05:30,1503.0,1506.5,1490.6500244140625,1498.125,10445782,0.0,0.0
2024-08-23 00:00:00+05:30,1503.75,1511.324951171875,1498.425048828125,1499.9749755859375,9249654,0.0,0.0
2024-08-26 00:00:00+05:30,1506.9749755859375,1523.0,1503.0,1512.5999755859375,8816114,0.0,0.0
2024-08-27 00:00:00+05:30,1510.5,1513.4749755859375,1499.449951171875,1500.449951171875,6251156,0.0,0.0
2024-08-28 00:00:00+05:30,1505.0,1507.4749755859375,1493.0,1498.300048828125,9610286,0.0,0.0
2024-08-29 00:00:00+05:30,1503.0999755859375,1537.0,1494.0,1520.925048828125,38335358,0.0,0.0
2024-08-30 00:00:00+05:30,1534.0,1539.7249755859375,1503.324951171875,1509.625,41620730,0.0,0.0
2024-09-02 00:00:00+05:30,1510.875,1526.800048828125,1506.625,1516.25,11240852,0.0,0.0
2024-09-03 00:00:00+05:30,1521.25,1523.0,1507.5,1509.125,10923800,0.0,0.0
2024-09-04 00:00:00+05:30,1500.699951171875,1517.5,1499.5,1514.550048828125,11983304,0.0,0.0
2024-09-05 00:00:00+05:30,1519.050048828125,1525.7750244140625,1487.050048828125,1492.9749755859375,16264168,0.0,0.0
2024-09-06 00:00:00+05:30,1492.5,1497.0,1461.625,1464.824951171875,19394228,0.0,0.0
2024-09-09 00:00:00+05:30,1466.5,1469.925048828125,1455.5999755859375,1462.449951171875,9010298,0.0,0.0
2024-09-10 00:00:00+05:30,1460.5,1472.050048828125,1457.574951171875,1461.5250244140625,10768260,0.0,0.0
2024-09-11 00:00:00+05:30,1463.050048828125,1468.75,1447.550048828125,1451.5,9760202,0.0,0.0
2024-09-12 00:00:00+05:30,1457.0,1486.0,1445.875,1479.800048828125,22349376,0.0,0.0
2024-09-13 00:00:00+05:30,1476.4000244140625,1483.1500244140625,1469.5,1472.625,8711328,0.0,0.0
2024-09-16 00:00:00+05:30,1477.550048828125,1480.9000244140625,1464.75,1471.3499755859375,5481774,0.0,0.0
2024-09-17 00:00:00+05:30,1474.0,1477.4749755859375,1466.625,1472.300048828125,5935328,0.0,0.0
2024-09-18 00:00:00+05:30,1470.0,1482.0,1460.550048828125,1463.449951171875,8574714,0.0,0.0
2024-09-19 00:00:00+05:30,1466.25,1476.5,1455.550048828125,1469.675048828125,16955902,0.0,0.0
2024-09-20 00:00:00+05:30,1474.0,1495.0,1471.375,1485.925048828125,30897320,0.0,0.0
2024-09-23 00:00:00+05:30,1491.0,1501.5,1488.949951171875,1493.375,8832314,0.0,0.0
2024-09-24 00:00:00+05:30,1488.5,1500.5,1487.875,1489.375,17137444,0.0,0.0
2024-09-25 00:00:00+05:30,1483.9000244140625,1496.5,1480.199951171875,1493.949951171875,7069002,0.0,0.0
2024-09-26 00:00:00+05:30,1490.6500244140625,1504.0,1488.050048828125,1497.949951171875,18818998,0.0,0.0
2024-09-27 00:00:00+05:30,1499.0,1533.4749755859375,1492.0,1526.175048828125,20597478,0.0,0.0
2024-09-30 00:00:00+05:30,1519.4000244140625,1524.9749755859375,1474.4000244140625,1476.574951171875,27008814,0.0,0.0
2024-10-01 00:00:00+05:30,1480.6500244140625,1487.949951171875,1462.824951171875,1464.824951171875,16431642,0.0,0.0
2024-10-03 00:00:00+05:30,1436.574951171875,1449.4000244140625,1402.074951171875,1406.9749755859375,37757294,0.0,0.0
2024-10-04 00:00:00+05:30,1403.925048828125,1417.3499755859375,1381.7750244140625,1386.5250244140625,37072876,0.0,0.0
2024-10-07 00:00:00+05:30,1393.5,1396.5,1361.375,1370.7249755859375,22181340,0.0,0.0
2024-10-08 00:00:00+05:30,1372.9749755859375,1401.0,1365.0999755859375,1397.3499755859375,17020808,0.0,0.0
2024-10-09 00:00:00+05:30,1397.5250244140625,1400.9749755859375,1372.5,1374.5999755859375,14310610,0.0,0.0
2024-10-10 00:00:00+05:30,1380.0250244140625,1386.0,1369.425048828125,1371.050048828125,22358646,0.0,0.0
2024-10-11 00:00:00+05:30,1370.0,1383.2750244140625,1368.824951171875,1372.0999755859375,7980122,0.0,0.0
2024-10-14 00:00:00+05:30,1379.449951171875,1380.074951171875,1368.25,1372.5250244140625,12221432,0.0,0.0
2024-10-15 00:00:00+05:30,1358.5250244140625,1371.699951171875,1340.699951171875,1344.0250244140625,33762794,0.0,0.0
2024-10-16 00:00:00+05:30,1340.0,1364.0,1337.625,1354.074951171875,20034438,0.0,0.0
2024-10-17 00:00:00+05:30,1365.699951171875,1368.449951171875,1352.050048828125,1356.425048828125,15543660,0.0,0.0
2024-10-18 00:00:00+05:30,1352.175048828125,1368.425048828125,1341.324951171875,1359.300048828125,12082452,0.0,0.0
2024-10-21 00:00:00+05:30,1367.125,1374.0,1357.7249755859375,1369.199951171875,14067408,0.0,0.0
2024-10-22 00:00:00+05:30,1369.199951171875,1376.0,1340.2249755859375,1343.3499755859375,15831960,0.0,0.0
2024-10-23 00:00:00+05:30,1337.5,1357.4749755859375,1335.0,1338.5250244140625,17214742,0.0,0.0
2024-10-24 00:00:00+05:30,1335.2750244140625,1343.699951171875,1323.125,1339.800048828125,22155934,0.0,0.0
2024-10-25 00:00:00+05:30,1343.5,1344.3499755859375,1322.0,1327.8499755859375,18597496,0.0,0.0
2024-10-28 00:00:00+05:30,1337.0,1353.0,1322.0999755859375,1334.3499755859375,10824350,0.0,2.0
2024-10-29 00:00:00+05:30,1328.0999755859375,1343.199951171875,1320.300048828125,1340.0,12008361,0.0,0.0
2024-10-30 00:00:00+05:30,1335.0,1350.0,1325.3499755859375,1343.9000244140625,11984423,0.0,0.0
2024-10-31 00:00:00+05:30,1340.0,1343.0,1326.1500244140625,1332.050048828125,9331650,0.0,0.0
2024-11-01 00:00:00+05:30,1333.050048828125,1341.949951171875,1333.0,1338.6500244140625,2127335,0.0,0.0
2024-11-04 00:00:00+05:30,1337.8499755859375,1340.0,1285.0999755859375,1302.1500244140625,19796890,0.0,0.0
2024-11-05 00:00:00+05:30,1293.0,1309.550048828125,1286.1500244140625,1305.300048828125,16267479,0.0,0.0
2024-11-06 00:00:00+05:30,1310.0,1328.300048828125,1300.199951171875,1325.3499755859375,21625209,0.0,0.0
2024-11-07 00:00:00+05:30,1324.0,1324.0,1302.5999755859375,1305.6500244140625,9611974,0.0,0.0
2024-11-08 00:00:00+05:30,1297.6500244140625,1301.6500244140625,1275.0,1283.75,19814406,0.0,0.0
2024-11-11 00:00:00+05:30,1278.949951171875,1286.0,1267.0,1272.699951171875,9056552,0.0,0.0
2024-11-12 00:00:00+05:30,1275.550048828125,1289.300048828125,1267.5,1274.25,10671091,0.0,0.0
2024-11-13 00:00:00+05:30,1270.25,1275.449951171875,1249.5,1252.050048828125,14633633,0.0,0.0
2024-11-14 00:00:00+05:30,1253.5999755859375,1272.5999755859375,1251.0999755859375,1267.5999755859375,12612633,0.0,0.0
2024-11-18 00:00:00+05:30,1267.5999755859375,1272.9000244140625,1243.9000244140625,1260.75,13620611,0.0,0.0
2024-11-19 00:00:00+05:30,1260.75,1281.5,1235.1500244140625,1241.6500244140625,14183746,0.0,0.0
2024-11-21 00:00:00+05:30,1241.6500244140625,1243.949951171875,1217.25,1223.0,19433843,0.0,0.0
2024-11-22 00:00:00+05:30,1229.4000244140625,1268.8499755859375,1222.449951171875,1265.4000244140625,20471957,0.0,0.0
2024-11-25 00:00:00+05:30,1290.0,1304.449951171875,1282.449951171875,1287.0,28923341,0.0,0.0
2024-11-26 00:00:00+05:30,1294.949951171875,1297.8499755859375,1284.199951171875,1295.699951171875,9247557,0.0,0.0
2024-11-27 00:00:00+05:30,1293.5,1303.8499755859375,1286.0,1293.199951171875,9572746,0.0,0.0
2024-11-28 00:00:00+05:30,1289.949951171875,1296.5999755859375,1269.050048828125,1270.800048828125,15027412,0.0,0.0
2024-11-29 00:00:00+05:30,1280.0,1299.5,1275.25,1292.199951171875,13202307,0.0,0.0
2024-12-02 00:00:00+05:30,1288.0,1311.3499755859375,1277.050048828125,1309.1500244140625,11024152,0.0,0.0
2024-12-03 00:00:00+05:30,1317.0,1326.800048828125,1307.0,1323.300048828125,16869482,0.0,0.0
2024-12-04 00:00:00+05:30,1326.0,1328.4000244140625,1304.050048828125,1308.949951171875,19608540,0.0,0.0
2024-12-05 00:00:00+05:30,1314.3499755859375,1329.949951171875,1306.1500244140625,1322.050048828125,16858723,0.0,0.0
2024-12-06 00:00:00+05:30,1323.9000244140625,1323.9000244140625,1310.0,1311.550048828125,9037514,0.0,0.0
2024-12-09 00:00:00+05:30,1303.0,1315.0,1293.0999755859375,1295.1500244140625,14650002,0.0,0.0
2024-12-10 00:00:00+05:30,1289.25,1294.9000244140625,1280.199951171875,1284.8499755859375,16043729,0.0,0.0
2024-12-11 00:00:00+05:30,1285.0,1290.0,1276.050048828125,1278.199951171875,11724373,0.0,0.0
2024-12-12 00:00:00+05:30,1270.0,1278.199951171875,1260.5999755859375,1262.9000244140625,20906813,0.0,0.0
2024-12-13 00:00:00+05:30,1260.0,1275.199951171875,1239.5999755859375,1272.8499755859375,28630222,0.0,0.0
2024-12-16 00:00:00+05:30,1275.0,1281.0,1266.550048828125,1268.300048828125,9486781,0.0,0.0
2024-12-17 00:00:00+05:30,1261.050048828125,1263.9000244140625,1242.800048828125,1245.300048828125,17462791,0.0,0.0
2024-12-18 00:00:00+05:30,1240.6500244140625,1259.949951171875,1240.6500244140625,1253.25,12670179,0.0,0.0
2024-12-19 00:00:00+05:30,1239.0,1244.9000244140625,1229.0,1230.449951171875,14244653,0.0,0.0
2024-12-20 00:00:00+05:30,1224.0,1239.5,1201.5,1205.300048828125,20312896,0.0,0.0
2024-12-23 00:00:00+05:30,1215.0,1227.199951171875,1213.199951171875,1222.300048828125,10052824,0.0,0.0
2024-12-24 00:00:00+05:30,1222.300048828125,1233.550048828125,1221.0,1222.75,6734917,0.0,0.0
2024-12-26 00:00:00+05:30,1224.25,1227.699951171875,1214.25,1216.550048828125,10016178,0.0,0.0
2024-12-27 00:00:00+05:30,1218.300048828125,1227.9000244140625,1217.0,1221.050048828125,7000397,0.0,0.0
2024-12-30 00:00:00+05:30,1216.4000244140625,1223.199951171875,1208.0999755859375,1210.699951171875,8818766,0.0,0.0
2024-12-31 00:00:00+05:30,1208.0,1219.0999755859375,1206.1500244140625,1215.449951171875,6405475,0.0,0.0
2025-01-01 00:00:00+05:30,1214.8499755859375,1226.300048828125,1211.5999755859375,1221.25,5892590,0.0,0.0
2025-01-02 00:00:00+05:30,1221.25,1244.449951171875,1220.0,1241.800048828125,15486276,0.0,0.0
2025-01-03 00:00:00+05:30,1243.9000244140625,1262.050048828125,1235.5,1251.1500244140625,15521102,0.0,0.0
2025-01-06 00:00:00+05:30,1253.949951171875,1262.0,1215.0,1218.0,14816766,0.0,0.0
2025-01-07 00:00:00+05:30,1222.0,1244.5,1221.25,1240.8499755859375,10070505,0.0,0.0
2025-01-08 00:00:00+05:30,1249.0,1271.050048828125,1245.3499755859375,1265.5,19346579,0.0,0.0
2025-01-09 00:00:00+05:30,1267.0,1269.75,1248.050048828125,1254.75,12794704,0.0,0.0
2025-01-10 00:00:00+05:30,1253.8499755859375,1256.75,1236.0,1241.9000244140625,8120332,0.0,0.0
2025-01-13 00:00:00+05:30,1230.0,1245.25,1226.4000244140625,1239.8499755859375,13764861,0.0,0.0
2025-01-14 00:00:00+05:30,1244.0999755859375,1253.3499755859375,1227.25,1238.75,13095266,0.0,0.0
2025-01-15 00:00:00+05:30,1244.949951171875,1257.0,1241.8499755859375,1252.199951171875,9578856,0.0,0.0
2025-01-16 00:00:00+05:30,1258.9000244140625,1275.0,1251.300048828125,1266.449951171875,14117603,0.0,0.0
2025-01-17 00:00:00+05:30,1322.25,1326.0,1285.0,1302.3499755859375,29366277,0.0,0.0
2025-01-20 00:00:00+05:30,1316.0,1316.0,1300.25,1305.449951171875,14040244,0.0,0.0
2025-01-21 00:00:00+05:30,1310.5,1313.0,1270.199951171875,1273.699951171875,14562976,0.0,0.0
2025-01-22 00:00:00+05:30,1278.300048828125,1282.9000244140625,1268.699951171875,1277.0999755859375,10273590,0.0,0.0
2025-01-23 00:00:00+05:30,1270.0,1277.3499755859375,1261.5999755859375,1263.6500244140625,8720682,0.0,0.0
2025-01-24 00:00:00+05:30,1266.0,1273.0,1243.5,1246.300048828125,14235970,0.0,0.0
2025-01-27 00:00:00+05:30,1239.0999755859375,1240.449951171875,1220.0,1229.3499755859375,9536019,0.0,0.0
2025-01-28 00:00:00+05:30,1238.0,1244.75,1218.5,1234.4000244140625,10568025,0.0,0.0
2025-01-29 00:00:00+05:30,1236.0,1242.75,1228.050048828125,1235.5,5928156,0.0,0.0
2025-01-30 00:00:00+05:30,1235.550048828125,1257.0,1232.4000244140625,1253.050048828125,9269259,0.0,0.0
2025-01-31 00:00:00+05:30,1255.8499755859375,1267.0,1249.0,1265.0999755859375,6584612,0.0,0.0
2025-02-01 00:00:00+05:30,1265.0999755859375,1270.550048828125,1241.0,1264.5999755859375,7118453,0.0,0.0
2025-02-03 00:00:00+05:30,1251.0,1256.0,1237.550048828125,1245.9000244140625,9252345,0.0,0.0
2025-02-04 00:00:00+05:30,1248.050048828125,1288.800048828125,1246.5999755859375,1285.199951171875,16691069,0.0,0.0
2025-02-05 00:00:00+05:30,1282.6500244140625,1290.5,1276.699951171875,1278.199951171875,10112028,0.0,0.0
2025-02-06 00:00:00+05:30,1273.699951171875,1288.0,1270.3499755859375,1281.550048828125,9956001,0.0,0.0
2025-02-07 00:00:00+05:30,1276.1500244140625,1283.699951171875,1262.0,1266.699951171875,8764283,0.0,0.0
2025-02-10 00:00:00+05:30,1264.5,1266.5,1245.550048828125,1253.6500244140625,6970972,0.0,0.0
2025-02-11 00:00:00+05:30,1264.550048828125,1264.550048828125,1230.0999755859375,1234.8499755859375,8859714,0.0,0.0
2025-02-12 00:00:00+05:30,1219.449951171875,1226.9000244140625,1193.3499755859375,1216.550048828125,21131654,0.0,0.0
2025-02-13 00:00:00+05:30,1217.050048828125,1228.0,1212.0,1216.0999755859375,8511216,0.0,0.0
2025-02-14 00:00:00+05:30,1219.0,1224.0,1205.449951171875,1217.25,10298145,0.0,0.0
2025-02-17 00:00:00+05:30,1211.0999755859375,1227.5,1204.5,1224.9000244140625,8166683,0.0,0.0
2025-02-18 00:00:00+05:30,1224.8499755859375,1229.9000244140625,1216.0999755859375,1225.4000244140625,6673250,0.0,0.0
2025-02-19 00:00:00+05:30,1219.5,1232.75,1217.550048828125,1227.449951171875,6217338,0.0,0.0
2025-02-20 00:00:00+05:30,1223.949951171875,1239.3499755859375,1222.0,1233.0,7795582,0.0,0.0
2025-02-21 00:00:00+05:30,1228.699951171875,1240.0,1222.1500244140625,1228.1500244140625,6904025,0.0,0.0
2025-02-24 00:00:00+05:30,1216.550048828125,1223.25,1210.5,1214.550048828125,7172498,0.0,0.0
2025-02-25 00:00:00+05:30,1211.0,1221.0,1201.5,1204.0,11552182,0.0,0.0
2025-02-27 00:00:00+05:30,1212.800048828125,1215.0,1200.6500244140625,1207.0999755859375,11509215,0.0,0.0
2025-02-28 00:00:00+05:30,1202.0,1217.3499755859375,1193.300048828125,1200.0999755859375,23007298,0.0,0.0
2025-03-03 00:00:00+05:30,1204.0,1206.449951171875,1156.0,1171.25,17944938,0.0,0.0
2025-03-04 00:00:00+05:30,1162.199951171875,1174.0,1159.550048828125,1161.9000244140625,11377373,0.0,0.0
2025-03-05 00:00:00+05:30,1161.0,1183.0,1157.0,1175.5999755859375,8664095,0.0,0.0
2025-03-06 00:00:00+05:30,1197.0,1213.949951171875,1185.1500244140625,1209.5999755859375,14468014,0.0,0.0
2025-03-07 00:00:00+05:30,1216.0,1254.800048828125,1212.0,1249.800048828125,16474965,0.0,0.0
2025-03-10 00:00:00+05:30,1245.0,1258.0,1235.4000244140625,1238.4000244140625,11931051,0.0,0.0
2025-03-11 00:00:00+05:30,1240.0,1249.5,1229.75,1247.300048828125,10089838,0.0,0.0
2025-03-12 00:00:00+05:30,1258.0,1263.0,1244.0,1257.050048828125,11977555,0.0,0.0
2025-03-13 00:00:00+05:30,1260.050048828125,1264.1500244140625,1243.8499755859375,1247.9000244140625,9505270,0.0,0.0
2025-03-17 00:00:00+05:30,1242.1500244140625,1257.4000244140625,1233.0999755859375,1238.8499755859375,16640917,0.0,0.0
2025-03-18 00:00:00+05:30,1238.8499755859375,1238.8499755859375,1238.8499755859375,1238.8499755859375,0,0.0,0.0
2025-03-19 00:00:00+05:30,1241.050048828125,1253.25,1238.800048828125,1247.1500244140625,16162399,0.0,0.0
2025-03-20 00:00:00+05:30,1251.8499755859375,1273.0,1250.050048828125,1269.1500244140625,15971477,0.0,0.0
2025-03-21 00:00:00+05:30,1275.0,1281.0,1270.0999755859375,1276.3499755859375,21780769,0.0,0.0
2025-03-24 00:00:00+05:30,1291.0,1306.0,1284.25,1302.0999755859375,20299319,0.0,0.0
2025-03-25 00:00:00+05:30,1307.699951171875,1307.699951171875,1282.5999755859375,1285.449951171875,13713899,0.0,0.0
2025-03-26 00:00:00+05:30,1291.0,1293.800048828125,1268.75,1273.050048828125,12074747,0.0,0.0
2025-03-27 00:00:00+05:30,1278.1500244140625,1285.0,1271.300048828125,1278.199951171875,15028056,0.0,0.0
2025-03-28 00:00:00+05:30,1280.0,1295.75,1269.0,1275.0999755859375,18147129,0.0,0.0
2025-04-01 00:00:00+05:30,1264.5999755859375,1277.9000244140625,1249.300048828125,1252.5999755859375,12099648,0.0,0.0
2025-04-02 00:00:00+05:30,1247.550048828125,1255.550048828125,1243.9000244140625,1251.1500244140625,10142590,0.0,0.0
2025-04-03 00:00:00+05:30,1233.050048828125,1251.800048828125,1233.050048828125,1248.699951171875,7434366,0.0,0.0
2025-04-04 00:00:00+05:30,1241.0999755859375,1245.449951171875,1193.1500244140625,1204.699951171875,17908652,0.0,0.0
2025-04-07 00:00:00+05:30,1132.199951171875,1171.25,1114.8499755859375,1165.699951171875,22156106,0.0,0.0
2025-04-08 00:00:00+05:30,1172.0,1196.5999755859375,1163.300048828125,1182.199951171875,19555040,0.0,0.0
2025-04-09 00:00:00+05:30,1169.5,1189.800048828125,1168.0,1185.3499755859375,10223104,0.0,0.0
2025-04-11 00:00:00+05:30,1195.1500244140625,1222.6500244140625,1195.1500244140625,1218.949951171875,11224242,0.0,0.0
2025-04-15 00:00:00+05:30,1251.0,1251.0,1237.0999755859375,1240.0999755859375,13378535,0.0,0.0
2025-04-16 00:00:00+05:30,1234.0999755859375,1240.9000244140625,1229.0,1239.300048828125,8248464,0.0,0.0
2025-04-17 00:00:00+05:30,1240.199951171875,1280.199951171875,1227.5999755859375,1274.5,15398401,0.0,0.0
2025-04-21 00:00:00+05:30,1270.0,1300.9000244140625,1267.0,1295.5,10429964,0.0,0.0
2025-04-22 00:00:00+05:30,1300.0,1303.9000244140625,1286.300048828125,1291.199951171875,13051707,0.0,0.0
2025-04-23 00:00:00+05:30,1297.0,1306.0,1285.4000244140625,1300.0,10480888,0.0,0.0
2025-04-24 00:00:00+05:30,1292.4000244140625,1304.5,1290.300048828125,1301.5999755859375,10468940,0.0,0.0
2025-04-25 00:00:00+05:30,1303.5,1325.199951171875,1288.0999755859375,1300.4000244140625,14431012,0.0,0.0
2025-04-28 00:00:00+05:30,1340.0,1374.5999755859375,1320.199951171875,1368.800048828125,31104496,0.0,0.0
2025-04-29 00:00:00+05:30,1371.0,1410.9000244140625,1370.0,1399.699951171875,32538970,0.0,0.0
2025-04-30 00:00:00+05:30,1402.0,1412.4000244140625,1369.0,1405.0,25480745,0.0,0.0
2025-05-02 00:00:00+05:30,1414.0,1426.699951171875,1409.0999755859375,1419.800048828125,13007841,0.0,0.0
2025-05-05 00:00:00+05:30,1431.0,1439.5,1426.9000244140625,1431.300048828125,12685649,0.0,0.0
2025-05-06 00:00:00+05:30,1431.0,1432.0,1410.5999755859375,1420.9000244140625,14084117,0.0,0.0
2025-05-07 00:00:00+05:30,1420.9000244140625,1424.4000244140625,1402.699951171875,1406.0,13440169,0.0,0.0
2025-05-08 00:00:00+05:30,1404.0999755859375,1420.800048828125,1398.0,1407.0,16106175,0.0,0.0
2025-05-09 00:00:00+05:30,1385.5,1394.800048828125,1374.5,1377.199951171875,13668904,0.0,0.0
2025-05-12 00:00:00+05:30,1400.0,1439.0,1400.0,1436.5,10674081,0.0,0.0
2025-05-13 00:00:00+05:30,1433.5,1447.699951171875,1412.4000244140625,1415.699951171875,11407896,0.0,0.0
2025-05-14 00:00:00+05:30,1420.0,1429.9000244140625,1415.5,1424.4000244140625,5570160,0.0,0.0
2025-05-15 00:00:00+05:30,1425.0,1461.4000244140625,1412.699951171875,1454.199951171875,20177211,0.0,0.0
2025-05-16 00:00:00+05:30,1453.199951171875,1461.0,1447.300048828125,1456.4000244140625,9036695,0.0,0.0
2025-05-19 00:00:00+05:30,1452.0999755859375,1454.5999755859375,1438.199951171875,1440.800048828125,6195791,0.0,0.0
2025-05-20 00:00:00+05:30,1438.199951171875,1445.0,1421.800048828125,1424.5999755859375,11270560,0.0,0.0
2025-05-21 00:00:00+05:30,1423.9000244140625,1436.199951171875,1418.0999755859375,1429.199951171875,6136364,0.0,0.0
2025-05-22 00:00:00+05:30,1421.199951171875,1423.800048828125,1396.9000244140625,1409.4000244140625,12134466,0.0,0.0
2025-05-23 00:00:00+05:30,1406.5999755859375,1433.800048828125,1406.5999755859375,1426.800048828125,6474883,0.0,0.0
2025-05-26 00:00:00+05:30,1432.0,1441.0,1425.0999755859375,1434.800048828125,4842944,0.0,0.0
2025-05-27 00:00:00+05:30,1426.0999755859375,1437.0,1413.9000244140625,1422.0999755859375,12640414,0.0,0.0
2025-05-28 00:00:00+05:30,1420.0999755859375,1422.5999755859375,1410.699951171875,1412.9000244140625,5944611,0.0,0.0
2025-05-29 00:00:00+05:30,1412.0999755859375,1420.0,1408.5999755859375,1417.800048828125,13771917,0.0,0.0
