timestamp,Open,High,Low,Close,Volume,Dividends,Stock Splits
2020-06-01 00:00:00+05:30,108.60874694232311,112.19190597708521,106.84501355154445,107.67118072509766,47660217,0.0,0.0
2020-06-02 00:00:00+05:30,107.67117391927134,110.1496825518973,104.53358945162901,108.79439544677734,43884702,0.0,0.0
2020-06-03 00:00:00+05:30,111.5792340267711,119.00547066553283,110.96656839560706,114.52188110351562,64900364,0.0,0.0
2020-06-04 00:00:00+05:30,114.49402798430101,118.2535674240301,112.55392862770034,113.8071060180664,43446986,0.0,0.0
2020-06-05 00:00:00+05:30,115.7379062381111,116.25774410832867,111.46782606104921,114.15983581542969,34226016,0.0,0.0
2020-06-08 00:00:00+05:30,116.0349621215949,121.60463704708523,116.0349621215949,117.28813934326172,42807428,0.0,0.0
2020-06-09 00:00:00+05:30,118.24428836557846,120.85275293945453,113.80710888936703,115.03244018554688,33829097,0.0,0.0
2020-06-10 00:00:00+05:30,115.5893976856373,119.13542818515177,113.64000911502849,117.89153289794922,29463487,0.0,0.0
2020-06-11 00:00:00+05:30,114.22483280683254,125.50342191020867,114.22483280683254,118.42993927001953,78834902,0.0,0.0
2020-06-12 00:00:00+05:30,114.17840770516527,128.78953223802165,112.50750222765227,127.06292724609375,62866209,0.0,0.0
2020-06-15 00:00:00+05:30,128.1026163695642,131.3608820258694,123.27556206058927,124.90933227539062,58269452,0.0,0.0
2020-06-16 00:00:00+05:30,129.58785109062612,129.77350645459074,118.53204581887303,121.68819427490234,49514874,0.0,0.0
2020-06-17 00:00:00+05:30,120.49071200019722,123.56331470209419,119.0054618747066,120.31433868408203,32228040,0.0,0.0
2020-06-18 00:00:00+05:30,120.29577036024925,124.5380045697869,119.00545767835727,123.75825500488281,20756310,0.0,0.0
2020-06-19 00:00:00+05:30,123.86965200459149,128.50177600171935,121.70676186404744,122.31942749023438,35029627,0.0,0.0
2020-06-22 00:00:00+05:30,125.02072158322083,127.53635100308742,123.55404277457485,124.80721282958984,22841765,0.0,0.0
2020-06-23 00:00:00+05:30,126.80304218018952,127.36000836673479,124.39879681277408,126.97940826416016,17707425,0.0,0.0
2020-06-24 00:00:00+05:30,128.10260489034823,133.4123685155938,125.87474057996488,126.66376495361328,47148729,0.0,0.0
2020-06-25 00:00:00+05:30,125.41989116847986,128.96592222009377,124.0181936933022,128.18617248535156,20789342,0.0,0.0
2020-06-26 00:00:00+05:30,130.3304640527157,136.27144918699838,129.6063922702188,130.86886596679688,46059822,0.0,0.0
2020-06-29 00:00:00+05:30,129.92201545965224,130.28405136417948,127.02578637247149,128.2139892578125,19406481,0.0,0.0
2020-06-30 00:00:00+05:30,130.73892493731026,131.5279638622004,127.0907847077452,128.02835083007812,14633073,0.0,0.0
2020-07-01 00:00:00+05:30,128.59460220274113,131.81573972308865,127.18361551757864,130.20980834960938,19160826,0.0,0.0
2020-07-02 00:00:00+05:30,131.31444722047874,132.46550749132,128.33467228974257,129.5785675048828,13257540,0.0,0.0
2020-07-03 00:00:00+05:30,130.83172801764388,131.44440080877231,127.9262241602071,129.21652221679688,14183569,0.0,0.0
2020-07-06 00:00:00+05:30,130.9802589878126,132.36339202202572,128.2882492417898,129.51358032226562,13310118,0.0,0.0
2020-07-07 00:00:00+05:30,129.9591799269207,135.27823373959163,129.00306411849863,134.3870849609375,48060904,0.0,0.0
2020-07-08 00:00:00+05:30,135.52884817504227,145.61924819085135,135.52884817504227,140.70864868164062,69896387,0.0,0.0
2020-07-09 00:00:00+05:30,142.52601041707703,146.52740603455214,136.04755275498064,137.4575653076172,30924865,0.0,0.0
2020-07-10 00:00:00+05:30,137.00026310812407,138.86757423007677,132.16047470287802,133.17034912109375,25107850,0.0,0.0
2020-07-13 00:00:00+05:30,134.52320228622642,135.8284302389528,129.95017257332344,131.31256103515625,19801490,0.0,0.0
2020-07-14 00:00:00+05:30,130.3312980958874,132.97032035105795,125.28191021402884,128.6068878173828,22900460,0.0,0.0
2020-07-15 00:00:00+05:30,129.95017791764857,131.09344629583785,123.97667187419,124.71978759765625,20145055,0.0,0.0
2020-07-16 00:00:00+05:30,126.12027629005752,129.49287724824032,122.80482130517012,128.42584228515625,18430920,0.0,0.0
2020-07-17 00:00:00+05:30,129.37854039153072,132.59870323591596,128.89264703675045,131.14105224609375,15845655,0.0,0.0
2020-07-20 00:00:00+05:30,132.49392624457948,134.7137367917733,129.80726612559963,131.626953125,15304000,0.0,0.0
2020-07-21 00:00:00+05:30,133.95159919562903,134.12308074411948,129.00701102581243,129.4643096923828,11892635,0.0,0.0
2020-07-22 00:00:00+05:30,130.88385394312337,134.1325976340894,128.95936759311348,132.44630432128906,22858225,0.0,0.0
2020-07-23 00:00:00+05:30,132.92265053874448,135.95227383443464,132.03661903143646,133.98016357421875,20176900,0.0,0.0
2020-07-24 00:00:00+05:30,133.1322364814112,135.4759043736794,130.5217953411743,134.68515014648438,15248350,0.0,0.0
2020-07-27 00:00:00+05:30,135.66644557773733,135.84746353406825,129.45476178136184,130.0835418701172,14390240,0.0,0.0
2020-07-28 00:00:00+05:30,130.97910057901,133.1131849105816,127.79703969837769,132.48439025878906,17310970,0.0,0.0
2020-07-29 00:00:00+05:30,132.42722733984064,139.01048364114487,131.77938888901252,138.05776977539062,28290470,0.0,0.0
2020-07-30 00:00:00+05:30,139.09625112805887,140.39194281594774,129.56911063983566,130.25506591796875,25095445,0.0,0.0
2020-07-31 00:00:00+05:30,130.52179950859767,132.4177053334135,128.082854340092,131.7222137451172,18297860,0.0,0.0
2020-08-03 00:00:00+05:30,131.93181659308337,134.23738248296877,127.37784532126057,127.85420227050781,15999280,0.0,0.0
2020-08-04 00:00:00+05:30,128.23530386587217,129.13084277023327,123.09063979823142,124.74836730957031,21306715,0.0,0.0
2020-08-05 00:00:00+05:30,125.45336079442804,127.56838683935402,121.20426489318798,122.38563537597656,24257215,0.0,0.0
2020-08-06 00:00:00+05:30,122.70955540634885,126.90149082587894,122.52853743617294,125.90113830566406,21276985,0.0,0.0
2020-08-07 00:00:00+05:30,126.32985099034164,129.5690719748085,125.56767707127345,128.94981384277344,14479860,0.0,0.0
2020-08-10 00:00:00+05:30,129.18799948828163,130.82666841762082,127.68270991192307,128.4925079345703,13149795,0.0,0.0
2020-08-11 00:00:00+05:30,129.56909191061675,129.9501716601555,126.8062273833093,128.68307495117188,10408940,0.0,0.0
2020-08-12 00:00:00+05:30,127.66368261351829,128.04476241835505,123.85282641609983,126.68238830566406,20110705,0.0,0.0
2020-08-13 00:00:00+05:30,127.35879288136795,134.4279431289427,126.5966333570221,133.81820678710938,27781705,0.0,0.0
2020-08-14 00:00:00+05:30,134.90430603209816,139.21056277559256,128.94030718475042,130.779052734375,60667095,0.0,0.0
2020-08-17 00:00:00+05:30,132.9988554730248,135.07576462877006,128.72116517539254,129.3785400390625,21394200,0.0,0.0
2020-08-18 00:00:00+05:30,130.42652230719108,132.2366873730969,128.254335857912,131.7222137451172,22155020,0.0,0.0
2020-08-19 00:00:00+05:30,132.9988844450136,134.88525415457735,130.6933036988927,131.2744598388672,19863345,0.0,0.0
2020-08-20 00:00:00+05:30,130.78858485439508,132.71307132397715,129.1975541203627,131.0553436279297,14624945,0.0,0.0
2020-08-21 00:00:00+05:30,132.80830759105882,133.1894018612081,130.34078215803964,130.8076171875,9103730,0.0,0.0
2020-08-24 00:00:00+05:30,131.4745364080882,131.66507630702424,129.67390746920705,130.38844299316406,11317105,0.0,0.0
2020-08-25 00:00:00+05:30,131.20775863486338,134.67563662727403,131.09343761951524,132.41770935058594,21874405,0.0,0.0
2020-08-26 00:00:00+05:30,133.3799650540444,139.28678917041384,132.07475147651095,138.40077209472656,42148055,0.0,0.0
2020-08-27 00:00:00+05:30,140.04895182139083,142.52601392701385,136.63823410739172,137.26702880859375,34442525,0.0,0.0
2020-08-28 00:00:00+05:30,138.8485214265377,149.32837375345116,138.14350794567733,147.24192810058594,67783000,0.0,0.0
2020-08-31 00:00:00+05:30,148.66147661795281,151.08137816343603,132.9988716749591,133.84678649902344,47226170,0.0,0.0
2020-09-01 00:00:00+05:30,135.09484171852833,137.19080951195312,129.07368254539608,134.5803680419922,33124360,0.0,0.0
2020-09-02 00:00:00+05:30,135.28536525837632,135.88557962940345,130.07401939142852,131.9318084716797,18654170,0.0,0.0
2020-09-03 00:00:00+05:30,133.37042906778797,135.73315555746095,132.04615727889637,132.9416961669922,18043260,0.0,0.0
2020-09-04 00:00:00+05:30,131.2839864622761,133.008396402165,127.48265253231813,130.9886474609375,19787000,0.0,0.0
2020-09-07 00:00:00+05:30,132.04619044614992,132.17956984913533,128.71169083424982,131.00772094726562,13560900,0.0,0.0
2020-09-08 00:00:00+05:30,131.43641222100803,131.47451437950622,125.37715141159255,126.26316833496094,17598430,0.0,0.0
2020-09-09 00:00:00+05:30,124.99606531200759,124.99606531200759,120.06100684003674,121.72825622558594,28371765,0.0,0.0
2020-09-10 00:00:00+05:30,122.90009747155655,124.51018634578908,118.26037799681485,119.95621490478516,29577885,0.0,0.0
2020-09-11 00:00:00+05:30,120.61357485071204,123.37644653574033,119.46079193678358,122.64285278320312,18580305,0.0,0.0
2020-09-14 00:00:00+05:30,123.85281963635558,123.94809685098062,120.31825157896914,121.27096557617188,18452905,0.0,0.0
2020-09-15 00:00:00+05:30,121.77589708790548,124.80552774685685,121.04231054285806,124.30059051513672,15997600,0.0,0.0
2020-09-16 00:00:00+05:30,124.68168114993887,126.85386798747936,123.0144315881351,125.44385528564453,19950565,0.0,0.0
2020-09-17 00:00:00+05:30,124.6816635131836,125.94877474538765,123.21449050272967,124.6816635131836,13616760,0.0,0.0
2020-09-18 00:00:00+05:30,124.98653395514518,126.07262717697263,120.80412067999927,123.20496368408203,14308610,0.0,0.0
2020-09-21 00:00:00+05:30,123.7384951520437,124.39587011771205,120.2325001808996,121.46150207519531,16103830,0.0,0.0
2020-09-22 00:00:00+05:30,121.47102884462403,123.28117953799236,116.81225820219125,122.07124328613281,20122560,0.0,0.0
2020-09-23 00:00:00+05:30,122.93820743309222,123.94809647839139,115.64995119130464,116.82179260253906,17343095,0.0,0.0
2020-09-24 00:00:00+05:30,114.32567063002347,114.32567063002347,105.85604444567299,107.43754577636719,44394795,0.0,0.0
2020-09-25 00:00:00+05:30,108.9904800001733,113.1443135052871,108.81899119423262,112.47740936279297,21093985,0.0,0.0
2020-09-28 00:00:00+05:30,114.13513276281182,119.39411050619691,113.75404573360873,117.21239471435547,18254035,0.0,0.0
2020-09-29 00:00:00+05:30,118.52714004014454,119.30836514906163,115.12594443202246,116.13582611083984,14131620,0.0,0.0
2020-09-30 00:00:00+05:30,117.1838162973398,120.70885501834411,115.16406009892252,118.01268005371094,21418750,0.0,0.0
2020-10-01 00:00:00+05:30,119.4703262027651,126.64425353957708,119.11781943807456,125.51053619384766,31031565,0.0,0.0
2020-10-05 00:00:00+05:30,126.13932031776828,128.8069222673012,123.5098350668456,124.8245849609375,14426150,0.0,0.0
2020-10-06 00:00:00+05:30,126.13932178653265,126.70143406812045,123.10017648235942,124.71025085449219,12240375,0.0,0.0
2020-10-07 00:00:00+05:30,124.4434908698398,124.51970972992699,119.33695081071862,120.76602172851562,17276795,0.0,0.0
2020-10-08 00:00:00+05:30,121.94737538317099,124.4625394189585,120.62310368510977,121.766357421875,16935265,0.0,0.0
2020-10-09 00:00:00+05:30,120.70885316415819,123.85281207031848,120.10864599929363,122.156982421875,17527430,0.0,0.0
2020-10-12 00:00:00+05:30,122.90007793709201,127.05391061009958,122.2712833517276,126.07261657714844,30896760,0.0,0.0
2020-10-13 00:00:00+05:30,126.32034165408015,127.24447536694214,123.50983835313123,124.18627166748047,14237305,0.0,0.0
2020-10-14 00:00:00+05:30,123.66224037317107,128.04471464266808,121.91877256889846,126.7490234375,16828665,0.0,0.0
2020-10-15 00:00:00+05:30,127.66365805540173,128.42583205572177,119.72754980644174,120.45161437988281,15350725,0.0,0.0
2020-10-16 00:00:00+05:30,121.37575304224005,123.67178977533347,119.37505529395763,123.30023193359375,13772355,0.0,0.0
2020-10-19 00:00:00+05:30,123.31929419289399,126.69189512969554,122.74766001643088,125.32952117919922,12763000,0.0,0.0
2020-10-20 00:00:00+05:30,124.6149900666938,126.0916996262625,123.28118178758662,125.50100708007812,8548565,0.0,0.0
2020-10-21 00:00:00+05:30,126.31081170787951,130.1407256897086,123.35739277722203,126.8919677734375,31740925,0.0,0.0
2020-10-22 00:00:00+05:30,126.65377154642819,134.0849418972351,125.0436829410732,133.39898681640625,28175610,0.0,0.0
2020-10-23 00:00:00+05:30,134.19930649298482,136.79068996520388,133.24659240870616,135.294921875,21913570,0.0,0.0
2020-10-26 00:00:00+05:30,134.71375489278452,134.90430932416095,130.7980997390974,131.4745330810547,10113485,0.0,0.0
2020-10-27 00:00:00+05:30,131.47453211414813,142.6784435304612,130.1788404915327,140.4586181640625,40165905,0.0,0.0
2020-10-28 00:00:00+05:30,138.90569397289786,139.09623385154367,134.7137439563852,135.70457458496094,17774320,0.0,0.0
2020-10-29 00:00:00+05:30,133.37996238013525,134.46605577802586,129.99782471232936,133.20848083496094,14687575,0.0,0.0
2020-10-30 00:00:00+05:30,134.71374357613035,139.09623345891845,127.6636663253087,132.13189697265625,42892115,0.0,0.0
2020-11-02 00:00:00+05:30,132.21762563339993,145.92717721792712,132.21762563339993,143.67877197265625,58773715,0.0,0.0
2020-11-03 00:00:00+05:30,143.66926778529594,147.2514670342472,142.90709371138297,145.35557556152344,16268300,0.0,0.0
2020-11-04 00:00:00+05:30,145.0030528733412,151.10043056414082,143.28816494351443,150.32872009277344,22749125,0.0,0.0
2020-11-05 00:00:00+05:30,151.1385242394448,157.17872654579202,148.52808306295668,155.3685760498047,26335845,0.0,0.0
2020-11-06 00:00:00+05:30,155.48290369718433,164.24786856401326,153.0058563094176,161.27540588378906,34200000,0.0,0.0
2020-11-09 00:00:00+05:30,161.58980853502246,163.6286157421091,157.38833665933925,159.16038513183594,24006055,0.0,0.0
2020-11-10 00:00:00+05:30,160.04642052276483,166.31528001236344,158.3410544238777,163.43807983398438,23825835,0.0,0.0
2020-11-11 00:00:00+05:30,163.43808896225167,169.67836854506945,161.4088034983388,168.2778778076172,31631290,0.0,0.0
2020-11-12 00:00:00+05:30,167.1060237679926,167.22988123545662,159.71296862761378,164.08592224121094,20465145,0.0,0.0
2020-11-13 00:00:00+05:30,162.72354628361313,167.67765593796437,161.47549332958215,166.92501831054688,18289185,0.0,0.0
2020-11-14 00:00:00+05:30,168.05874799006193,168.50652474424663,164.26695024562142,166.2104949951172,1279465,0.0,0.0
2020-11-17 00:00:00+05:30,166.40104076584643,167.63003550358113,163.29518363466107,164.05735778808594,15728460,0.0,0.0
2020-11-18 00:00:00+05:30,163.29515906346242,177.395327899735,161.7327088258133,176.30923461914062,35810375,0.0,0.0
2020-11-19 00:00:00+05:30,174.76584071885208,190.23790520207766,171.74573939035417,173.73690795898438,63358800,0.0,0.0
2020-11-20 00:00:00+05:30,174.93734199021935,181.01566203031922,172.30785655414067,177.9479217529297,43910455,0.0,0.0
2020-11-23 00:00:00+05:30,179.58658065655456,186.64619455751355,179.2817052128331,185.7125244140625,33172945,0.0,0.0
2020-11-24 00:00:00+05:30,187.24640068651777,198.06923216483278,185.58868765229536,196.1066436767578,39408005,0.0,0.0
2020-11-25 00:00:00+05:30,197.17369906919652,207.23435674818614,196.83072144208268,202.92808532714844,43692190,0.0,0.0
2020-11-26 00:00:00+05:30,201.85149575482765,201.97535321768652,194.8109403916072,200.3938446044922,25519515,0.0,0.0
2020-11-27 00:00:00+05:30,201.97533913272846,208.05365823591015,200.85114375128953,203.9188690185547,67609335,0.0,0.0
2020-12-01 00:00:00+05:30,205.76716670001582,205.78622505054645,194.10595658433255,195.03009033203125,19857690,0.0,0.0
2020-12-02 00:00:00+05:30,196.96410652334117,199.11723502754504,194.35366481157507,196.3543701171875,18406465,0.0,0.0
2020-12-03 00:00:00+05:30,198.16447946034683,201.76573662602044,195.9351325553602,196.95452880859375,16262005,0.0,0.0
2020-12-04 00:00:00+05:30,198.3550421372365,199.17437671843123,187.92282725775627,191.1334686279297,25299565,0.0,0.0
2020-12-07 00:00:00+05:30,192.63873214836167,207.11997935390866,192.4577141959877,202.6231689453125,34630940,0.0,0.0
2020-12-08 00:00:00+05:30,204.83347716002154,205.84335151215126,199.2600953386706,203.26150512695312,20765030,0.0,0.0
2020-12-09 00:00:00+05:30,204.2618575197551,205.45274991326406,199.87938223399846,202.41360473632812,12326970,0.0,0.0
2020-12-10 00:00:00+05:30,200.4510114655744,202.3564393864915,195.30636189400275,200.0222930908203,13328860,0.0,0.0
2020-12-11 00:00:00+05:30,201.97534986981944,204.85254996198287,197.21178029741804,198.78375244140625,17879175,0.0,0.0
2020-12-14 00:00:00+05:30,201.9753552017925,204.60484044176033,199.383972123015,203.8807830810547,14980145,0.0,0.0
2020-12-15 00:00:00+05:30,204.26186635502063,209.9209895797201,200.75588597476553,208.14894104003906,18580105,0.0,0.0
2020-12-16 00:00:00+05:30,210.1401262070383,211.1214204278631,202.9280745151632,204.46194458007812,17984290,0.0,0.0
2020-12-17 00:00:00+05:30,204.26186088307423,205.0430932839648,200.34620604725222,201.30845642089844,10168720,0.0,0.0
2020-12-18 00:00:00+05:30,201.3846763504177,202.29927358768833,193.6010052413707,195.83987426757812,17274385,0.0,0.0
2020-12-21 00:00:00+05:30,196.27812776881578,196.44960929819058,179.9486116034356,184.22628784179688,18966675,0.0,0.0
2020-12-22 00:00:00+05:30,184.61689034368374,185.99832253110569,174.93731405203877,178.71958923339844,22851915,0.0,0.0
2020-12-23 00:00:00+05:30,178.69102407333773,184.80744581726213,176.6331584761498,183.2354736328125,22133360,0.0,0.0
2020-12-24 00:00:00+05:30,185.65533979616544,196.18283054757163,184.84554176129382,189.89492797851562,33020905,0.0,0.0
2020-12-28 00:00:00+05:30,191.4669135563895,196.22096114857877,190.19980232551117,193.6009979248047,21567085,0.0,0.0
2020-12-29 00:00:00+05:30,195.82079301436806,199.99368421596085,194.7346998363553,197.1927032470703,20672180,0.0,0.0
2020-12-30 00:00:00+05:30,198.73611154221075,201.02261892838817,196.71634832925264,197.98345947265625,20204065,0.0,0.0
2020-12-31 00:00:00+05:30,198.73613354547487,200.26046712594143,196.84974947890325,199.4030303955078,11010990,0.0,0.0
2021-01-01 00:00:00+05:30,199.66978643502608,205.19553011547768,199.40302769862078,204.04273986816406,12981435,0.0,0.0
2021-01-04 00:00:00+05:30,206.54840939676345,207.31058354587398,202.66133431983627,205.16697692871094,11008350,0.0,0.0
2021-01-05 00:00:00+05:30,203.87125588916925,213.2935959263312,201.756229835045,212.29324340820312,15930660,0.0,0.0
2021-01-06 00:00:00+05:30,213.01729233999905,230.27094123967063,212.74101171197205,228.11781311035156,44538525,0.0,0.0
2021-01-07 00:00:00+05:30,228.65134155449098,250.92579772951441,228.2702618001378,249.0012969970703,45813230,0.0,0.0
2021-01-08 00:00:00+05:30,248.8869674140478,250.24937037389958,241.03661426132015,246.88629150390625,31324270,0.0,0.0
2021-01-11 00:00:00+05:30,248.56305258572868,250.48755328606026,236.46358887114923,238.4928741455078,15045560,0.0,0.0
2021-01-12 00:00:00+05:30,237.22577327380722,249.59201079723775,234.40573358869557,240.57933044433594,24395200,0.0,0.0
2021-01-13 00:00:00+05:30,242.751512020969,244.04720354592246,224.37365218936608,231.8619842529297,26536710,0.0,0.0
2021-01-14 00:00:00+05:30,232.44313549567116,237.03522351589012,225.64075876548858,232.16685485839844,21198275,0.0,0.0
2021-01-15 00:00:00+05:30,232.2716531532864,238.6643553206631,226.9745661627311,229.518310546875,17385480,0.0,0.0
2021-01-18 00:00:00+05:30,230.5567570613662,231.08075259850312,221.82037259818148,223.6591033935547,14423695,0.0,0.0
2021-01-19 00:00:00+05:30,225.4121151209271,236.93994461751788,223.8877670621952,234.05322265625,21867515,0.0,0.0
2021-01-20 00:00:00+05:30,234.31047285299908,240.4649968728413,232.5670045676459,237.740234375,17042230,0.0,0.0
2021-01-21 00:00:00+05:30,239.2645787159956,243.19929194679398,227.54619432666445,229.88034057617188,16461875,0.0,0.0
2021-01-22 00:00:00+05:30,230.93785162916728,233.27201239568387,217.59985656226547,219.24806213378906,18964880,0.0,0.0
2021-01-25 00:00:00+05:30,226.36482607773186,240.9985120095465,226.36482607773186,228.85140991210938,36180365,0.0,0.0
2021-01-27 00:00:00+05:30,224.80236923184194,224.84047138992048,215.69441250152823,219.3242645263672,19598860,0.0,0.0
2021-01-28 00:00:00+05:30,210.35922992914547,219.6672487097321,209.1111770585563,211.7120819091797,24702255,0.0,0.0
2021-01-29 00:00:00+05:30,226.55539189463198,251.32594133410117,222.57303981899668,246.05743408203125,90681265,0.0,0.0
2021-02-01 00:00:00+05:30,244.3901604808727,256.2419237868336,241.27479647787735,253.802978515625,30395260,0.0,0.0
2021-02-02 00:00:00+05:30,259.13814639394485,272.4761392230449,256.60392426747376,260.4052429199219,30730610,0.0,0.0
2021-02-03 00:00:00+05:30,261.23419000550297,281.26976422997944,258.5665733651214,279.2023620605469,28518195,0.0,0.0
2021-02-04 00:00:00+05:30,276.32518450116703,277.1826213104666,265.8072135033917,270.69464111328125,21005115,0.0,0.0
2021-02-05 00:00:00+05:30,272.2761144743789,280.2884418874085,261.43422560650896,263.7969665527344,16549455,0.0,0.0
2021-02-08 00:00:00+05:30,269.61805761361995,281.812784985416,268.25568359366997,270.4754943847656,18317310,0.0,0.0
2021-02-09 00:00:00+05:30,272.4761897666013,275.0961531297417,264.85447816473834,269.2560119628906,11093915,0.0,0.0
2021-02-10 00:00:00+05:30,266.9695464487086,277.4303577407374,265.0069577273201,272.11419677734375,19081675,0.0,0.0
2021-02-11 00:00:00+05:30,270.57077748942976,275.9059817337036,268.3414302061006,274.61981201171875,8878860,0.0,0.0
2021-02-12 00:00:00+05:30,271.54254468362905,278.4306776462051,270.570786831556,274.0481872558594,11134020,0.0,0.0
2021-02-15 00:00:00+05:30,276.28704227541925,292.4736427931562,275.3343283365385,288.3579406738281,24556900,0.0,0.0
2021-02-16 00:00:00+05:30,287.3385063069064,289.4344593564997,278.4592061440567,281.5841064453125,11625195,0.0,0.0
2021-02-17 00:00:00+05:30,282.755983447908,287.4719000904948,275.9345480266279,278.13531494140625,13152705,0.0,0.0
2021-02-18 00:00:00+05:30,278.1924510195718,281.6222267785527,272.16178499402537,274.1338806152344,9516035,0.0,0.0
2021-02-19 00:00:00+05:30,273.019241535532,275.5248838567392,263.1491099704769,267.63641357421875,10103260,0.0,0.0
2021-02-22 00:00:00+05:30,269.4274974938844,271.50443603284725,256.85169060892076,259.1667785644531,12281580,0.0,0.0
2021-02-23 00:00:00+05:30,261.04360040304607,265.8071697534666,254.60324533743108,262.463134765625,10273085,0.0,0.0
2021-02-24 00:00:00+05:30,262.5679470870304,267.9031505475219,261.0531355301721,262.55841064453125,5331875,0.0,0.0
2021-02-25 00:00:00+05:30,265.235542089823,267.6649799625421,261.3389457550215,263.0061950683594,10532480,0.0,0.0
2021-02-26 00:00:00+05:30,257.0422062568297,257.0422062568297,241.98933781766547,244.4568634033203,21843070,0.0,0.0
2021-03-01 00:00:00+05:30,248.65833945565163,256.4324887298744,248.3058399481936,254.1078643798828,9162830,0.0,0.0
2021-03-02 00:00:00+05:30,256.5657980944225,262.18683241000616,253.60287232407674,257.3374938964844,8570450,0.0,0.0
2021-03-03 00:00:00+05:30,260.090874904475,262.7394181819135,253.6695930110457,259.5478210449219,9383425,0.0,0.0
2021-03-04 00:00:00+05:30,256.65165042518436,261.3961477594967,253.61249029701207,255.20350646972656,8576470,0.0,0.0
2021-03-05 00:00:00+05:30,253.2313454307134,254.50800765459562,242.37041268094512,245.6477508544922,11926800,0.0,0.0
2021-03-08 00:00:00+05:30,249.0013240659159,254.75572492812884,239.1502790559097,241.1986083984375,19094895,0.0,0.0
2021-03-09 00:00:00+05:30,243.89474588936156,248.02952051432482,239.13117663370997,242.03695678710938,10348870,0.0,0.0
2021-03-10 00:00:00+05:30,246.01928462101816,253.38374337541524,245.7906135480311,250.63992309570312,15206235,0.0,0.0
2021-03-12 00:00:00+05:30,255.51793338835273,255.70845876373986,249.71587893062312,252.5549774169922,12544700,0.0,0.0
2021-03-15 00:00:00+05:30,254.9367067049945,255.6798223772888,235.9205455739481,243.24691772460938,18506180,0.0,0.0
2021-03-16 00:00:00+05:30,245.60961711085636,253.76484528148168,243.9995283901248,252.07855224609375,12723425,0.0,0.0
2021-03-17 00:00:00+05:30,253.03130164030085,253.22185606549343,245.8002060444477,251.8213653564453,11266530,0.0,0.0
2021-03-18 00:00:00+05:30,254.9462056080766,260.60532761554555,248.2867167172475,252.61204528808594,14562505,0.0,0.0
2021-03-19 00:00:00+05:30,250.1350265668613,262.8632995805182,247.8199387330233,261.7962646484375,14402385,0.0,0.0
2021-03-22 00:00:00+05:30,260.834005093189,264.84492239004146,256.6706500864832,263.2157897949219,9335185,0.0,0.0
2021-03-23 00:00:00+05:30,266.56934388792035,273.2383413454761,265.1402730041584,267.9603271484375,14529820,0.0,0.0
2021-03-24 00:00:00+05:30,269.2369430585861,271.90453024081756,261.577115471722,267.10284423828125,10501700,0.0,0.0
2021-03-25 00:00:00+05:30,268.07463596031215,268.20800078463924,257.5280863405058,261.4246826171875,10425355,0.0,0.0
2021-03-26 00:00:00+05:30,262.949043873972,280.3836971097202,262.949043873972,272.314208984375,18748345,0.0,0.0
2021-03-30 00:00:00+05:30,275.03899894187475,275.334337947275,268.8749383791745,270.6850891113281,11173995,0.0,0.0
2021-03-31 00:00:00+05:30,271.16144040683236,275.0104129143537,269.5227712461666,271.0090026855469,8632980,0.0,0.0
2021-04-01 00:00:00+05:30,275.33432247279615,281.81276548940633,271.6187440051956,280.61236572265625,12254460,0.0,0.0
2021-04-05 00:00:00+05:30,280.2775276640009,282.8316926092144,266.0431472442235,271.706298828125,10865445,1.2,0.0
2021-04-06 00:00:00+05:30,273.97349047558686,279.1391860338815,270.72101765691707,275.35101318359375,9011680,0.0,0.0
2021-04-07 00:00:00+05:30,275.50404251097063,287.4616832449537,270.3766201770989,284.22833251953125,14184300,0.0,0.0
2021-04-08 00:00:00+05:30,285.0510465540675,288.8966134821646,281.86551456700266,285.87371826171875,11186950,0.0,0.0
2021-04-09 00:00:00+05:30,284.87883312767656,286.37114441844517,278.3738879727086,281.1672058105469,10218235,0.0,0.0
2021-04-12 00:00:00+05:30,269.7643947425031,270.8931891041439,247.37012003034454,248.89112854003906,24289800,0.0,0.0
2021-04-13 00:00:00+05:30,251.58880128702364,267.58334525901705,250.82352383501885,264.46478271484375,21252365,0.0,0.0
2021-04-15 00:00:00+05:30,263.0681029478921,265.61269246507595,250.82349019715588,264.1490783691406,17951785,0.0,0.0
2021-04-16 00:00:00+05:30,263.125511548526,266.88498708977266,261.26968322259256,263.64208984375,12006190,0.0,0.0
2021-04-19 00:00:00+05:30,249.10159025122095,258.9260075212246,246.2891505405353,256.87884521484375,14272335,0.0,0.0
2021-04-20 00:00:00+05:30,263.8333823409395,265.172661502907,253.0428081478125,257.3380126953125,12498725,0.0,0.0
2021-04-22 00:00:00+05:30,252.18183846650933,254.84121641993846,247.03526556826108,253.74111938476562,19593930,0.0,0.0
2021-04-23 00:00:00+05:30,251.58876754652954,265.5266009527809,250.9191279707329,264.1490783691406,17606370,0.0,0.0
2021-04-26 00:00:00+05:30,263.833385504862,263.93862792871744,253.80811774027208,256.19964599609375,13382655,0.0,0.0
2021-04-27 00:00:00+05:30,259.1459998306678,259.78694225791844,252.3732045541992,253.5019989013672,8343800,0.0,0.0
2021-04-28 00:00:00+05:30,254.0759652834189,270.68272331860203,253.50199266887287,268.7695007324219,17059815,0.0,0.0
2021-04-29 00:00:00+05:30,271.86891290239527,274.45174560907816,265.9379118246076,270.9696960449219,14470055,0.0,0.0
2021-04-30 00:00:00+05:30,273.5908291850635,276.46066305763406,255.55870051371963,257.3380126953125,20775365,0.0,0.0
2021-05-03 00:00:00+05:30,255.2238618172234,255.30040706315927,244.06022522822065,248.49888610839844,14320405,0.0,0.0
2021-05-04 00:00:00+05:30,253.5019796719644,258.1319745899279,245.95430294358815,247.0352783203125,13762810,0.0,0.0
2021-05-05 00:00:00+05:30,250.63217563499646,250.63217563499646,243.38105979440678,246.2413330078125,12337230,0.0,0.0
2021-05-06 00:00:00+05:30,247.9536592133176,251.9714091341665,243.5532414198984,250.90000915527344,11816670,0.0,0.0
2021-05-07 00:00:00+05:30,251.5887753094648,253.1193592488989,247.28402440112794,248.2693328857422,6920815,0.0,0.0
2021-05-10 00:00:00+05:30,248.52762953296795,256.56318863126023,248.02062665974617,254.98475646972656,9092755,0.0,0.0
2021-05-11 00:00:00+05:30,253.31071496149264,257.9981346928915,251.09139845592057,256.8501892089844,7293410,0.0,0.0
2021-05-12 00:00:00+05:30,257.32844367849947,259.4330002484216,254.20033518878208,257.1275634765625,7632385,0.0,0.0
2021-05-14 00:00:00+05:30,257.51976295853524,262.494123996182,253.31065005831098,253.78895568847656,9702620,0.0,0.0
2021-05-17 00:00:00+05:30,254.36292125196738,267.46850683360793,252.59318463058406,265.75616455078125,9550025,0.0,0.0
2021-05-18 00:00:00+05:30,268.80779155707717,280.2871278513296,268.80779155707717,277.45556640625,15594255,0.0,0.0
2021-05-19 00:00:00+05:30,275.12139829744285,279.29220928847775,268.8077582785434,270.02264404296875,6901040,0.0,0.0
2021-05-20 00:00:00+05:30,270.7209820067094,273.3229657576924,267.08587095750084,270.9027404785156,6123645,0.0,0.0
2021-05-21 00:00:00+05:30,274.16479828407705,284.68752234862427,271.68717857573057,282.91778564453125,11258915,0.0,0.0
2021-05-24 00:00:00+05:30,282.39168196663917,283.73093201685253,276.85289408049573,279.1678771972656,6487950,0.0,0.0
2021-05-25 00:00:00+05:30,280.28708961483125,282.5064346687233,273.0551110715088,274.4134826660156,5680010,0.0,0.0
2021-05-26 00:00:00+05:30,275.12140269289426,278.51736096972644,273.3038471476396,274.116943359375,6131915,0.0,0.0
2021-05-27 00:00:00+05:30,274.6239429988689,277.35986633647514,270.7209819696577,275.7814636230469,8648350,0.0,0.0
2021-05-28 00:00:00+05:30,276.9294159217507,289.73845616792073,276.65201964398153,278.38348388671875,17020950,0.0,0.0
2021-05-31 00:00:00+05:30,280.47840544272935,280.47840544272935,271.4862371309582,273.5525207519531,7634365,0.0,0.0
2021-06-01 00:00:00+05:30,274.54745090763464,274.5857235348919,265.6222800699413,270.01312255859375,9322935,0.0,0.0
2021-06-02 00:00:00+05:30,267.8511297937596,274.8248334543435,265.9379074380899,273.6003723144531,6900620,0.0,0.0
2021-06-03 00:00:00+05:30,274.5474771981907,276.652033996956,269.76442010414553,271.23760986328125,5219995,0.0,0.0
2021-06-04 00:00:00+05:30,272.6533131722265,274.5474138541049,269.33387114708836,272.2898254394531,6313570,0.0,0.0
2021-06-07 00:00:00+05:30,272.1559044216791,289.7479995674557,270.09919604417894,284.582275390625,23267725,0.0,0.0
2021-06-08 00:00:00+05:30,288.1313305486659,292.646536978929,281.5402647860605,284.8979797363281,20367070,0.0,0.0
2021-06-09 00:00:00+05:30,284.0944442121966,284.87884331830406,272.4524714433077,274.9396667480469,16223270,0.0,0.0
2021-06-10 00:00:00+05:30,275.50404575892856,282.1812029331479,274.19349298998713,281.24371337890625,9991650,0.0,0.0
2021-06-11 00:00:00+05:30,281.62639149857193,285.8354758374743,279.3305299676673,282.267333984375,8790865,0.0,0.0
2021-06-14 00:00:00+05:30,281.24372728937885,283.9031055837645,273.0264395768943,282.5829772949219,8612805,0.0,0.0
2021-06-15 00:00:00+05:30,282.20031808208284,282.20031808208284,275.98234497179965,277.5416259765625,11778790,0.0,0.0
2021-06-16 00:00:00+05:30,279.8182433351841,281.25912003477765,274.02592017540644,275.466796875,9827690,1.2,0.0
2021-06-17 00:00:00+05:30,269.3478746151377,276.07196578256475,267.6188343265408,271.1537780761719,12356210,0.0,0.0
2021-06-18 00:00:00+05:30,273.5648528703293,273.5648528703293,258.2050876287352,265.1213073730469,14779290,0.0,0.0
2021-06-21 00:00:00+05:30,260.318387906485,267.0232779711732,257.119654562417,265.6784362792969,7416025,0.0,0.0
2021-06-22 00:00:00+05:30,267.0424450638534,269.3382556949943,261.47106764811645,263.5267028808594,7917570,0.0,0.0
2021-06-23 00:00:00+05:30,264.14152913780566,266.2740278420605,261.49992183506583,262.5853576660156,4924915,0.0,0.0
2021-06-24 00:00:00+05:30,263.39227159629843,264.3528560597208,260.0109955236364,262.0282287597656,4667625,0.0,0.0
2021-06-25 00:00:00+05:30,262.0281652542832,264.73701982014353,260.443207136711,262.8350524902344,6516880,0.0,0.0
2021-06-28 00:00:00+05:30,265.4959055943075,266.8503036442773,261.7592186406354,263.69000244140625,4102820,0.0,0.0
2021-06-29 00:00:00+05:30,263.6612098108135,268.19516923353115,259.01198495344596,260.86590576171875,5875000,0.0,0.0
2021-06-30 00:00:00+05:30,262.2395533862147,263.7380627746733,256.85068872285586,257.94573974609375,6968565,0.0,0.0
2021-07-01 00:00:00+05:30,259.30014177016926,262.28754502744806,255.51543708619707,260.4336242675781,5444075,0.0,0.0
2021-07-02 00:00:00+05:30,261.1828753709884,263.6996016436102,258.5893152498769,261.70159912109375,4228550,0.0,0.0
2021-07-05 00:00:00+05:30,262.2395296267833,264.7370548195038,261.7592374479796,264.0742492675781,2911235,0.0,0.0
2021-07-06 00:00:00+05:30,264.2567953249067,275.6493131441354,264.2567953249067,271.5860595703125,12255020,0.0,0.0
2021-07-07 00:00:00+05:30,272.79635226300593,278.56947384301117,271.31707340505096,277.4840087890625,7910955,0.0,0.0
2021-07-08 00:00:00+05:30,277.6761553368279,278.0123657588923,273.2286446215147,275.0249328613281,6176635,0.0,0.0
2021-07-09 00:00:00+05:30,274.5542048783977,280.49060867020347,272.4217066124949,279.6645202636719,5637260,0.0,0.0
2021-07-12 00:00:00+05:30,281.23988033962024,281.96031859064203,277.9931005979956,279.0305480957031,4330990,0.0,0.0
2021-07-13 00:00:00+05:30,281.45123155208256,281.45123155208256,273.3919142976705,275.07293701171875,5529040,0.0,0.0
2021-07-14 00:00:00+05:30,275.68770619876915,276.0431177150136,271.84536883014516,272.9788513183594,6477460,0.0,0.0
2021-07-15 00:00:00+05:30,273.7665562160127,281.4512314782166,272.0855335024056,280.0871887207031,7322970,0.0,0.0
2021-07-16 00:00:00+05:30,280.49062942834945,282.50786242074145,277.4167477909227,278.444580078125,3058730,0.0,0.0
2021-07-19 00:00:00+05:30,273.76651708877876,276.6482699002396,265.48628536753415,267.01361083984375,8523350,0.0,0.0
2021-07-20 00:00:00+05:30,268.57942272992227,270.86561845083196,259.54993460663565,268.17596435546875,6350305,0.0,0.0
2021-07-22 00:00:00+05:30,268.7523214528725,269.4535586682481,263.20014439694154,268.0606994628906,8748020,0.0,0.0
2021-07-23 00:00:00+05:30,268.3872440398192,270.29882670576814,263.00796616737387,266.1971130371094,5276030,0.0,0.0
2021-07-26 00:00:00+05:30,266.04343465320324,269.9242036540704,254.69893577007178,263.2769470214844,4858020,0.0,0.0
2021-07-27 00:00:00+05:30,264.9483824600431,271.26901458475083,259.82845145816145,262.3740234375,8150250,0.0,0.0
2021-07-28 00:00:00+05:30,264.2567530885024,264.73704524994474,259.37696831201254,263.766845703125,6667670,0.0,0.0
2021-07-29 00:00:00+05:30,262.04740087999056,265.79370332428977,260.1262321658713,263.3922424316406,3888435,0.0,0.0
2021-07-30 00:00:00+05:30,264.7370780918681,270.90401379358985,261.2981693730918,267.0616760253906,7132000,0.0,0.0
2021-08-02 00:00:00+05:30,268.19515883564105,274.72712060670057,256.61051406712255,264.3240051269531,16937480,0.0,0.0
2021-08-03 00:00:00+05:30,264.66019269123404,266.6582245791193,256.0917966040546,257.11962890625,10852865,0.0,0.0
2021-08-04 00:00:00+05:30,259.35777353069346,261.0291809127403,252.652884239457,253.88243103027344,12098915,0.0,0.0
2021-08-05 00:00:00+05:30,254.01695479416685,257.00435836837994,251.71155797265294,255.89010620117188,7443930,0.0,0.0
2021-08-06 00:00:00+05:30,256.0918196290727,258.22431827563264,252.14380230523244,252.81622314453125,6201995,0.0,0.0
2021-08-09 00:00:00+05:30,253.59427068314164,253.6711045333619,248.79134888990035,250.28024291992188,5444400,0.0,0.0
2021-08-10 00:00:00+05:30,252.0861291789774,252.0861291789774,244.05565855410495,245.04505920410156,6656495,0.0,0.0
2021-08-11 00:00:00+05:30,245.3332417305293,249.35809257772885,238.95496211314043,248.79135131835938,7777460,0.0,0.0
2021-08-12 00:00:00+05:30,250.04010630889988,253.49821599406695,247.30246423473906,251.55784606933594,4144010,0.0,0.0
2021-08-13 00:00:00+05:30,251.8652462544233,252.59527047847422,247.5041847863519,248.8009796142578,4393670,0.0,0.0
2021-08-16 00:00:00+05:30,248.02290166407303,250.7125262349629,246.265015811016,249.10833740234375,4215450,0.0,0.0
2021-08-17 00:00:00+05:30,249.10833760246337,249.17558554546693,243.02785129655908,245.9768524169922,5186305,0.0,0.0
2021-08-18 00:00:00+05:30,247.4465367688162,250.6837013686523,245.22757458710237,248.57040405273438,4998005,0.0,0.0
2021-08-20 00:00:00+05:30,245.90957528263425,247.0622881426539,240.1460696119475,241.01058959960938,4362450,0.0,0.0
2021-08-23 00:00:00+05:30,245.02588125560595,245.02588125560595,233.61413339283152,239.32000732421875,5190075,0.0,0.0
2021-08-24 00:00:00+05:30,238.22492471969107,246.293827597255,236.5535026325102,245.82315063476562,4803725,0.0,0.0
2021-08-25 00:00:00+05:30,246.10171483236203,248.8393566961837,241.95198352899476,243.47930908203125,5152555,0.0,0.0
2021-08-26 00:00:00+05:30,245.14113727008805,249.20440519993386,241.48131303153465,243.1143035888672,6567660,0.0,0.0
2021-08-27 00:00:00+05:30,243.97882661675592,248.02289321734358,241.6157826444024,246.17855834960938,3930010,0.0,0.0
2021-08-30 00:00:00+05:30,248.59921216129246,257.29251791155014,246.52437581141763,256.4664001464844,7071320,0.0,0.0
2021-08-31 00:00:00+05:30,256.47601859210124,260.7025838220633,253.6903298710836,259.8764953613281,7881915,0.0,0.0
2021-09-01 00:00:00+05:30,259.8188450544714,260.36635581162193,254.1129721202052,255.4962158203125,6179385,0.0,0.0
2021-09-02 00:00:00+05:30,255.89963898291575,259.1656195782177,254.86222088876758,258.02252197265625,3818570,0.0,0.0
2021-09-03 00:00:00+05:30,259.1656572940908,266.7734985789164,256.111005962373,259.3674011230469,8012625,0.0,0.0
2021-09-06 00:00:00+05:30,260.5104702374918,264.54490665216656,257.44620401822965,258.6757507324219,3295350,0.0,0.0
2021-09-07 00:00:00+05:30,258.877488417764,262.9984035843693,254.7469873414346,258.3587646484375,6181705,0.0,0.0
2021-09-08 00:00:00+05:30,258.1858631116632,265.39024581175954,257.11962854310894,262.2491455078125,8546425,0.0,0.0
2021-09-09 00:00:00+05:30,261.8553071927485,261.8553071927485,256.56247789154565,259.0408020019531,3792220,0.0,0.0
2021-09-13 00:00:00+05:30,258.5893013227362,259.04077710940516,251.81716452270234,257.76318359375,3625345,0.0,0.0
2021-09-14 00:00:00+05:30,258.9735077708533,263.3922009808875,258.24345439367187,259.8956604003906,3353550,0.0,0.0
2021-09-15 00:00:00+05:30,260.1262637584602,264.99643407576957,257.82086688446594,262.5853576660156,5161840,0.0,0.0
2021-09-16 00:00:00+05:30,262.5853646542758,271.2498555992685,261.8745415055107,270.1932067871094,10142820,0.0,0.0
2021-09-17 00:00:00+05:30,272.8059632172138,273.9394457471637,260.43363174433324,261.4326477050781,9870725,0.0,0.0
2021-09-20 00:00:00+05:30,259.3578004132738,263.4979170302496,251.8172066494272,253.61349487304688,4788450,0.0,0.0
2021-09-21 00:00:00+05:30,255.5154736512556,256.6489563108693,247.01429507472815,254.3147430419922,4585140,0.0,0.0
2021-09-22 00:00:00+05:30,254.9390905220679,260.10703921600594,254.9390905220679,258.68536376953125,3449740,0.0,0.0
2021-09-23 00:00:00+05:30,259.35779373197045,266.0818846805771,258.69498813614524,265.71685791015625,5925930,0.0,0.0
2021-09-24 00:00:00+05:30,268.0030291345272,270.2699940912722,259.5594846321708,260.4528503417969,5655830,0.0,0.0
2021-09-27 00:00:00+05:30,261.1829102500701,261.7496515668273,252.4415857529667,254.39157104492188,5489955,0.0,0.0
2021-09-28 00:00:00+05:30,256.4760367772584,258.5220862553856,248.3302704491646,252.28790283203125,4231635,0.0,0.0
2021-09-29 00:00:00+05:30,249.75193540839246,251.90363500966575,247.06231090680086,249.81918334960938,4532205,0.0,0.0
2021-09-30 00:00:00+05:30,250.13614814668938,254.9390696906531,248.40710811674512,249.53097534179688,7981880,0.0,0.0
2021-10-01 00:00:00+05:30,248.57041439139144,249.66549467738005,244.62242658231645,248.7049102783203,4632325,0.0,0.0
2021-10-04 00:00:00+05:30,250.0208985351139,260.12623554953444,248.99306622416032,259.5018615722656,6773440,0.0,0.0
2021-10-05 00:00:00+05:30,257.4366147416422,260.79866008341736,254.42036570681788,256.5240478515625,4110305,0.0,0.0
2021-10-06 00:00:00+05:30,258.06099077408305,258.3011368718283,249.45416283901255,250.36672973632812,3570155,0.0,0.0
2021-10-07 00:00:00+05:30,254.20911436147074,258.66621151710683,252.7874386463317,258.05145263671875,3739840,0.0,0.0
2021-10-08 00:00:00+05:30,258.0513802712165,260.01095113547484,254.2570605625666,255.69793701171875,2327330,0.0,0.0
2021-10-11 00:00:00+05:30,256.6489169061139,257.80162983990914,254.7277482262603,256.4568176269531,2474965,0.0,0.0
2021-10-12 00:00:00+05:30,256.8602544274827,257.8112528868679,253.59427343557235,254.48760986328125,2928570,0.0,0.0
2021-10-13 00:00:00+05:30,257.0524018244999,264.1222892268209,254.7565909434682,262.5085144042969,7442435,0.0,0.0
2021-10-14 00:00:00+05:30,264.82349822093056,268.7907162232169,260.66415162535515,265.80328369140625,8878410,0.0,0.0
2021-10-18 00:00:00+05:30,269.6744492445389,272.17197449348066,265.1693061607699,268.0414733886719,5899405,0.0,0.0
2021-10-19 00:00:00+05:30,269.00204608416556,280.1063986805941,265.83210018156103,274.2372131347656,14910045,0.0,0.0
2021-10-20 00:00:00+05:30,276.22563090678784,283.3051328135516,270.2699962633843,276.3985290527344,10061990,0.0,0.0
2021-10-21 00:00:00+05:30,278.8672416792706,288.17530642187376,276.8692391198838,286.4174499511719,11697925,0.0,0.0
2021-10-22 00:00:00+05:30,287.98318409313197,299.47179433246214,285.3608075090288,291.7486877441406,19446090,0.0,0.0
2021-10-25 00:00:00+05:30,295.9080011802616,295.9080011802616,284.05439366325356,291.4220886230469,8858895,0.0,0.0
2021-10-26 00:00:00+05:30,288.19450431440004,305.0815934970322,287.52211286246944,293.151123046875,9988515,0.0,0.0
2021-10-27 00:00:00+05:30,295.6678461782413,299.3180842350179,291.44128097302763,293.621826171875,4678970,0.0,0.0
2021-10-28 00:00:00+05:30,293.5449567347642,293.5449567347642,282.3253389928157,286.0043640136719,5604320,0.0,0.0
2021-10-29 00:00:00+05:30,288.17534115007203,288.17534115007203,273.7665740925684,275.91827392578125,6972315,0.0,0.0
2021-11-01 00:00:00+05:30,279.5300593969691,279.5300593969691,266.9175815798726,274.86163330078125,8517215,0.0,0.0
2021-11-02 00:00:00+05:30,276.648241241056,312.1322228620815,275.15934750192434,302.8145446777344,16632400,0.0,0.0
2021-11-03 00:00:00+05:30,303.3525433750875,315.7921231458022,299.46218826069605,307.8961181640625,15816895,0.0,0.0
2021-11-04 00:00:00+05:30,309.30819499320353,312.37246175461746,308.9239670735455,310.68182373046875,1071505,0.0,0.0
2021-11-08 00:00:00+05:30,312.2283450707015,320.83517263137713,311.4310436446326,319.81695556640625,8351745,0.0,0.0
2021-11-09 00:00:00+05:30,323.67788660253007,327.4808676885029,305.21316536800794,311.9697265625,12628955,1.6,0.0
2021-11-10 00:00:00+05:30,311.9696933424449,317.1722590472184,308.77480781718646,314.8943176269531,6427920,0.0,0.0
2021-11-11 00:00:00+05:30,314.8943294599118,317.17227096577653,309.1029916922698,315.8788757324219,5065025,0.0,0.0
2021-11-12 00:00:00+05:30,317.92514325300266,318.33052040066144,311.95041077456733,313.195556640625,5511415,0.0,0.0
2021-11-15 00:00:00+05:30,312.7322111840522,313.8904904153878,304.5567722628111,312.07586669921875,3522305,0.0,0.0
2021-11-16 00:00:00+05:30,312.30750805102707,321.033131004196,310.43497333517803,316.3904113769531,5549900,0.0,0.0
2021-11-17 00:00:00+05:30,314.27659807614515,318.5042793056399,310.9079499539757,314.8267822265625,3780655,0.0,0.0
2021-11-18 00:00:00+05:30,315.06805344123535,317.4424933877772,306.0142584589271,309.1415710449219,4825755,0.0,0.0
2021-11-22 00:00:00+05:30,310.68594424123586,310.7631491106095,298.86196400257285,301.4680480957031,5279665,0.0,0.0
2021-11-23 00:00:00+05:30,298.4469604426559,309.47945215447595,298.01259831442724,306.545166015625,3311240,0.0,0.0
2021-11-24 00:00:00+05:30,306.70922714600744,309.0547116395063,303.0799797459747,306.3424377441406,2310765,0.0,0.0
2021-11-25 00:00:00+05:30,306.9408942537127,306.9408942537127,295.3678806542399,303.2633972167969,4290100,0.0,0.0
2021-11-26 00:00:00+05:30,297.6747663739272,300.5704353648336,276.9128397393905,279.2776184082031,6705735,0.0,0.0
2021-11-29 00:00:00+05:30,276.7390494435727,278.94941813258515,268.0520433425579,270.8898010253906,4893890,0.0,0.0
2021-11-30 00:00:00+05:30,270.84156110541056,279.22935075632034,269.37440339407897,271.5558166503906,8840830,0.0,0.0
2021-12-01 00:00:00+05:30,276.0537365141369,279.7119393821306,270.21415002422805,278.7080993652344,5539860,0.0,0.0
2021-12-02 00:00:00+05:30,277.98418738986624,281.8354172266587,275.32016283470875,279.7119445800781,3870920,0.0,0.0
2021-12-03 00:00:00+05:30,279.27757439668306,285.4936118740746,277.7621674607516,279.36444091796875,3863635,0.0,0.0
2021-12-06 00:00:00+05:30,279.91464800615086,284.74076262694655,278.35099158201564,279.943603515625,2886375,0.0,0.0
2021-12-07 00:00:00+05:30,282.4242351245521,284.99173165233407,278.3316698723185,282.5303955078125,3802710,0.0,0.0
2021-12-08 00:00:00+05:30,283.7755402333168,288.9587826327391,282.63658425018355,288.090087890625,4314475,0.0,0.0
2021-12-09 00:00:00+05:30,289.5668609799246,291.40077854154464,287.01865846429445,288.4182434082031,2145005,0.0,0.0
2021-12-10 00:00:00+05:30,289.5668465513625,292.8582599085812,284.8468928135691,290.4065856933594,2745385,0.0,0.0
2021-12-13 00:00:00+05:30,293.4277639331515,295.69604365744044,272.01912691042725,284.8662414550781,9169260,0.0,0.0
2021-12-14 00:00:00+05:30,282.0381573430381,282.5497243275085,264.480749552772,267.1930236816406,9079580,0.0,0.0
2021-12-15 00:00:00+05:30,267.5598204130132,268.4574707101265,260.610203211532,262.1256103515625,4271675,0.0,0.0
2021-12-16 00:00:00+05:30,264.74134997739816,266.93239547319797,255.9771385379321,257.0967712402344,6199315,0.0,0.0
2021-12-17 00:00:00+05:30,255.7840875404269,257.4828893968897,244.346189432743,245.8809051513672,5310545,0.0,0.0
2021-12-20 00:00:00+05:30,241.30572457516612,243.89251487310827,223.70005360803427,231.76931762695312,8903280,0.0,0.0
2021-12-21 00:00:00+05:30,236.47960951280035,236.47960951280035,225.09963804968515,226.58607482910156,6125145,0.0,0.0
2021-12-22 00:00:00+05:30,228.18837041488396,230.10915473741449,223.3912109802386,226.33514404296875,4092265,0.0,0.0
2021-12-23 00:00:00+05:30,228.17871052472242,235.49510260695934,227.53201288432058,233.64187622070312,6141175,0.0,0.0
2021-12-24 00:00:00+05:30,235.51438888098087,235.51438888098087,225.05137612282357,227.31964111328125,5577935,0.0,0.0
2021-12-27 00:00:00+05:30,227.31964765026362,237.0587582376817,226.08416347426578,235.26344299316406,8997655,0.0,0.0
2021-12-28 00:00:00+05:30,236.47961491641695,240.69763435518888,232.59941466207445,233.93142700195312,4005800,0.0,0.0
2021-12-29 00:00:00+05:30,234.79048443270432,236.46997768103137,232.08785720583785,233.90248107910156,5363660,0.0,0.0
2021-12-30 00:00:00+05:30,233.97002491476746,234.54916454563937,228.77713573131518,231.30601501464844,4008980,0.0,0.0
2021-12-31 00:00:00+05:30,232.56081678090956,237.7344123119907,232.02029429272892,234.9352569580078,5290815,0.0,0.0
2022-01-03 00:00:00+05:30,235.8618813308434,242.88870324884297,235.04143592972565,241.4505157470703,2860025,0.0,0.0
2022-01-04 00:00:00+05:30,242.65702654184898,246.36349360055618,237.68613459288522,241.8751983642578,6387390,0.0,0.0
2022-01-05 00:00:00+05:30,241.8752160648922,246.46968674351862,240.3405151055964,241.2671356201172,4206620,0.0,0.0
2022-01-06 00:00:00+05:30,241.11267567570587,241.11267567570587,233.39089272198035,234.80010986328125,4892065,0.0,0.0
2022-01-07 00:00:00+05:30,234.7808368012893,237.70546117575387,232.40638185236946,234.6457061767578,4311580,0.0,0.0
2022-01-10 00:00:00+05:30,235.53371150612293,239.954434443119,233.23647614165822,236.07423400878906,4850740,0.0,0.0
2022-01-11 00:00:00+05:30,235.9970003685005,237.79231556165612,233.19785983411492,236.2093505859375,3000215,0.0,0.0
2022-01-12 00:00:00+05:30,236.69197301998005,241.11269589915412,236.2865811482829,240.38877868652344,6283615,0.0,0.0
2022-01-13 00:00:00+05:30,242.0392990918393,242.65704118421075,238.2170244978324,240.8134765625,3167295,0.0,0.0
2022-01-14 00:00:00+05:30,239.47181418633602,244.16279820276526,237.27110709004901,239.43319702148438,4270915,0.0,0.0
2022-01-17 00:00:00+05:30,239.76137253139885,242.2516494852903,238.7768557363347,239.19189453125,2446195,0.0,0.0
2022-01-18 00:00:00+05:30,238.41005977404723,244.58748053280988,228.99913636191377,232.4063720703125,7134135,0.0,0.0
2022-01-19 00:00:00+05:30,232.61873547747,232.9083053137326,226.0455694165375,230.74620056152344,5312500,0.0,0.0
2022-01-20 00:00:00+05:30,231.26741480779972,238.26528089563345,231.0840200986518,235.69778442382812,6465015,0.0,0.0
2022-01-21 00:00:00+05:30,234.3561189478186,236.2479475508235,228.7578232805582,231.36392211914062,5834040,0.0,0.0
2022-01-24 00:00:00+05:30,230.707594026143,232.2326480571186,220.24456603692627,222.8892822265625,9353860,0.0,0.0
2022-01-25 00:00:00+05:30,220.0708409597853,232.19403931580538,212.96679918880022,225.22512817382812,10473610,0.0,0.0
2022-01-27 00:00:00+05:30,227.78297370029216,240.85208621695193,225.88148327358016,239.587646484375,14742195,0.0,0.0
2022-01-28 00:00:00+05:30,241.30572247850313,250.92899586919643,238.6127570960213,239.9254608154297,9290465,0.0,0.0
2022-01-31 00:00:00+05:30,243.04314563269907,245.5527165058522,236.47962652236984,237.13597106933594,4867125,0.0,0.0
2022-02-01 00:00:00+05:30,241.03547639077723,249.0275212431197,238.3232022562198,247.14532470703125,5528990,0.0,0.0
2022-02-02 00:00:00+05:30,249.22058138530772,251.79771020675963,245.35967479655753,247.83065795898438,4547020,0.0,0.0
2022-02-03 00:00:00+05:30,248.44838359199582,248.44838359199582,242.2709625497108,243.8539276123047,2367305,0.0,0.0
2022-02-04 00:00:00+05:30,243.23617164504458,244.7033145820188,237.2614395167861,238.0625762939453,2633985,0.0,0.0
2022-02-07 00:00:00+05:30,238.41007307956062,241.4987836313209,233.77699988785335,235.28274536132812,2030295,0.0,0.0
2022-02-08 00:00:00+05:30,236.5954275124156,240.40806966898475,232.93723927945203,239.4235382080078,3807905,0.0,0.0
2022-02-09 00:00:00+05:30,239.37528263654818,242.07790974097446,238.02397644840144,240.3694610595703,2220130,0.0,0.0
2022-02-10 00:00:00+05:30,240.34050134334254,246.13183872510982,237.85022450180668,244.3172149658203,3166790,0.0,0.0
2022-02-11 00:00:00+05:30,241.88486863038455,244.00835609986606,237.09735648685327,238.5162353515625,2919870,0.0,0.0
2022-02-14 00:00:00+05:30,232.81175612126674,232.81175612126674,222.69622444489073,224.09579467773438,6578230,0.0,0.0
2022-02-15 00:00:00+05:30,226.05520235392254,235.68812286236604,220.67891840914214,233.19786071777344,4886570,0.0,0.0
2022-02-16 00:00:00+05:30,236.29620938651613,246.01601079551628,234.76150855187365,235.6302032470703,9347585,0.0,0.0
2022-02-17 00:00:00+05:30,237.83092496175001,247.55072697317658,237.3290196405044,246.6048126220703,11096160,0.0,0.0
2022-02-18 00:00:00+05:30,244.97357837554335,249.403962741593,241.38294795931284,242.869384765625,6084335,0.0,0.0
2022-02-21 00:00:00+05:30,240.14746427734423,241.79798721478772,233.6032540897225,235.55299377441406,4546015,0.0,0.0
2022-02-22 00:00:00+05:30,231.65351068096246,234.7422212110819,227.08801019850253,232.46429443359375,4408165,0.0,0.0
2022-02-23 00:00:00+05:30,235.12830937325268,235.8618734908552,226.1613801922151,226.84669494628906,4670295,0.0,0.0
2022-02-24 00:00:00+05:30,220.07082728310309,222.86032095208375,204.62726045621864,206.28744506835938,7525505,0.0,0.0
2022-02-25 00:00:00+05:30,215.3605254402595,223.81588734090823,212.78338210406235,217.6577606201172,9287685,0.0,0.0
2022-02-28 00:00:00+05:30,214.08645018994386,217.75430029304752,208.68119585609284,217.02072143554688,6854355,0.0,0.0
2022-03-02 00:00:00+05:30,212.92817765768126,221.480053141868,205.78551935991516,211.489990234375,8430100,0.0,0.0
2022-03-03 00:00:00+05:30,215.6308009618334,219.2986511144508,211.1907842323562,213.40113830566406,5518095,0.0,0.0
2022-03-04 00:00:00+05:30,212.1559915912326,215.53427166520723,208.68118333817722,210.25450134277344,5340955,0.0,0.0
2022-03-07 00:00:00+05:30,203.6620410457403,204.59830847903535,196.191210162124,197.15643310546875,4901560,0.0,0.0
2022-03-08 00:00:00+05:30,196.13330472200238,202.6582214306515,193.4306774581209,201.07525634765625,12217785,0.0,0.0
2022-03-09 00:00:00+05:30,204.85890604275758,207.01134890649652,200.99801458515054,204.984375,6415045,0.0,0.0
2022-03-10 00:00:00+05:30,211.96296883013446,212.34905212456204,203.68135402990052,208.39163208007812,8349665,0.0,0.0
2022-03-11 00:00:00+05:30,206.59564955575848,213.67217999780812,206.24426262081928,212.9694061279297,5890485,2.4,0.0
2022-03-14 00:00:00+05:30,213.75026893273798,217.85952863936677,210.36329384019032,217.21531677246094,6630425,0.0,0.0
2022-03-15 00:00:00+05:30,217.66433288305103,221.9590491887361,210.83182019165483,212.81324768066406,7772955,0.0,0.0
2022-03-16 00:00:00+05:30,216.43447681417857,220.59254328607074,213.79906725819424,216.59063720703125,7527250,0.0,0.0
2022-03-17 00:00:00+05:30,219.61646952247577,223.40363829622353,218.7672906063046,220.50469970703125,5977670,0.0,0.0
2022-03-21 00:00:00+05:30,220.6999046187506,222.81798160612985,211.76884108876445,212.0811767578125,6308350,0.0,0.0
2022-03-22 00:00:00+05:30,211.22222717385932,215.71216969512713,208.09879602126608,214.3749542236328,8069535,0.0,0.0
2022-03-23 00:00:00+05:30,215.3217687108755,216.68826532753465,212.41305965103567,213.9943084716797,4335075,0.0,0.0
2022-03-24 00:00:00+05:30,213.55505223760161,215.04845795931757,212.1202383132072,213.25247192382812,3329035,0.0,0.0
2022-03-25 00:00:00+05:30,214.706831179539,217.1567696431938,212.01287440658288,215.32176208496094,3234280,0.0,0.0
2022-03-28 00:00:00+05:30,216.3954311752195,218.74777122382025,211.56387168638034,217.77169799804688,7168470,0.0,0.0
2022-03-29 00:00:00+05:30,217.77169572108474,220.00689683150912,214.5408957605465,219.3041229248047,6632010,0.0,0.0
2022-03-30 00:00:00+05:30,220.0068861924183,222.31041946551196,218.44517805924804,219.50909423828125,2494090,0.0,0.0
2022-03-31 00:00:00+05:30,220.00689507303642,223.40364055952352,218.4451868768275,221.53933715820312,4371685,0.0,0.0
2022-04-01 00:00:00+05:30,221.56863313039733,234.0623740125246,220.18261086898377,230.61683654785156,4473460,0.0,0.0
2022-04-04 00:00:00+05:30,231.1341390054708,232.30542387821856,228.40113103992917,230.15806579589844,2766255,0.0,0.0
2022-04-05 00:00:00+05:30,231.13414351785343,231.80763642859804,227.53243092122477,228.49874877929688,7478890,0.0,0.0
2022-04-06 00:00:00+05:30,226.2537778505126,230.3532824406322,225.48267165780538,227.82525634765625,5148520,0.0,0.0
2022-04-07 00:00:00+05:30,226.64420083896016,231.31959994724522,226.05856583766402,229.20152282714844,10215730,0.0,0.0
2022-04-08 00:00:00+05:30,232.1785279722851,236.89296332881355,227.77644318961046,235.66311645507812,12013760,0.0,0.0
2022-04-11 00:00:00+05:30,237.18579215449338,241.67573491818825,233.8769045387032,238.86463928222656,5541150,0.0,0.0
2022-04-12 00:00:00+05:30,239.12817858265151,239.12817858265151,228.42065438926397,230.52896118164062,5301495,0.0,0.0
2022-04-13 00:00:00+05:30,232.69585289121164,233.7012071301445,230.0507027690975,231.12437438964844,2337810,0.0,0.0
2022-04-18 00:00:00+05:30,226.8394111404123,229.33817110279716,218.85513932268753,227.27865600585938,7199895,0.0,0.0
2022-04-19 00:00:00+05:30,230.20686854530368,232.11020829306992,215.12652579726776,218.36709594726562,7289265,0.0,0.0
2022-04-20 00:00:00+05:30,217.17629748317972,221.32460878342025,213.18416147696468,217.51792907714844,3195385,0.0,0.0
2022-04-21 00:00:00+05:30,219.42125721183154,225.26792611783927,218.26948309702541,224.6627655029297,3891400,0.0,0.0
2022-04-22 00:00:00+05:30,222.54468339321858,222.54468339321858,214.82394102206362,216.29782104492188,4432385,0.0,0.0
2022-04-25 00:00:00+05:30,213.760037113114,215.51697190374173,210.11928813982402,214.0723876953125,5391300,0.0,0.0
2022-04-26 00:00:00+05:30,216.28807212242492,226.6442101031822,215.32176911799465,225.9121551513672,7799210,0.0,0.0
2022-04-27 00:00:00+05:30,222.9351165727707,227.75692064271217,221.37340836341698,222.78871154785156,5002305,0.0,0.0
2022-04-28 00:00:00+05:30,224.10640849483624,227.034628040185,221.68573628055435,222.8960723876953,12255960,0.0,0.0
2022-04-29 00:00:00+05:30,233.1643698217629,241.87094094266402,229.21127039930357,234.6577606201172,30651345,0.0,0.0
2022-05-02 00:00:00+05:30,232.24685711591027,241.48050114903705,231.3195905645313,240.16281127929688,9994595,0.0,0.0
2022-05-04 00:00:00+05:30,240.50443672882838,245.4726607642435,220.80728619350973,224.2821044921875,9729470,0.0,0.0
2022-05-05 00:00:00+05:30,228.38161217634172,233.27174863324217,224.13570252504047,226.75157165527344,5106630,0.0,0.0
2022-05-06 00:00:00+05:30,221.17818546325313,232.89106346002853,221.17818546325313,231.09507751464844,9524820,0.0,0.0
2022-05-09 00:00:00+05:30,229.96286181730844,229.96286181730844,221.68575000008116,225.86334228515625,7602625,0.0,0.0
2022-05-10 00:00:00+05:30,225.8633365634339,229.95308572759467,223.5207667990011,226.51731872558594,4513380,0.0,0.0
2022-05-11 00:00:00+05:30,225.4729084968567,227.29816060918216,214.1895047230355,218.64039611816406,8918120,0.0,0.0
2022-05-12 00:00:00+05:30,218.64040984556271,218.64040984556271,204.40925995319284,207.85479736328125,9397425,0.0,0.0
2022-05-13 00:00:00+05:30,211.22224925007183,213.7405200689026,204.50687529355253,207.23988342285156,8482405,0.0,0.0
2022-05-16 00:00:00+05:30,206.92753386949556,214.24808341676544,205.32677429757373,212.89134216308594,6833390,0.0,0.0
2022-05-17 00:00:00+05:30,214.1504662770992,218.79658450476464,211.2222465109017,216.44424438476562,4101275,0.0,0.0
2022-05-18 00:00:00+05:30,218.64041808277068,219.96787835973538,212.237379650481,214.28712463378906,4296340,0.0,0.0
2022-05-19 00:00:00+05:30,208.684453084019,212.12023491735272,207.70837988427493,210.5389862060547,8110880,0.0,0.0
2022-05-20 00:00:00+05:30,214.15047290885465,216.49305773057475,211.53460365235136,213.95526123046875,3296315,0.0,0.0
2022-05-23 00:00:00+05:30,214.73609839619945,224.08688119542276,214.73609839619945,221.89071655273438,6070490,0.0,0.0
2022-05-24 00:00:00+05:30,221.34413084625763,223.50124434709875,215.3315161665791,220.1533203125,8069565,0.0,0.0
2022-05-25 00:00:00+05:30,221.76384112156452,223.7843199135299,215.2729599167761,218.09381103515625,5017540,0.0,0.0
2022-05-26 00:00:00+05:30,218.8356197096621,224.6920592106898,215.2436772980058,223.84288024902344,3514895,0.0,0.0
2022-05-27 00:00:00+05:30,226.74181639385156,226.74181639385156,220.82681494862254,223.02297973632812,2271910,0.0,0.0
2022-05-30 00:00:00+05:30,225.86333999450926,231.32935605281347,222.9156095564532,228.7720489501953,4176795,0.0,0.0
2022-05-31 00:00:00+05:30,228.77205710744207,233.41816049707825,223.52077816449435,229.61148071289062,13941420,0.0,0.0
2022-06-01 00:00:00+05:30,229.41624066297393,234.25757033648725,227.62026953154773,231.31959533691406,5176220,0.0,0.0
2022-06-02 00:00:00+05:30,231.42696731273082,233.47671214642511,229.42601422526855,232.87155151367188,2790370,0.0,0.0
2022-06-03 00:00:00+05:30,233.37911321148846,233.85737955804478,228.07902787417262,230.06045532226562,5396720,0.0,0.0
2022-06-06 00:00:00+05:30,229.57240941930363,233.22292848158085,225.37529175811747,231.4855194091797,2524525,0.0,0.0
2022-06-07 00:00:00+05:30,228.703712566708,230.99749057886493,223.04248494237865,230.2166290283203,4116090,0.0,0.0
2022-06-08 00:00:00+05:30,230.35327669913153,233.70120064794608,226.87845846750875,229.42601013183594,3753885,0.0,0.0
2022-06-09 00:00:00+05:30,228.01070043752793,228.9184413444896,225.47290421614537,227.97164916992188,4476645,0.0,0.0
2022-06-10 00:00:00+05:30,226.05856872697535,227.93262756372772,225.01416320942042,227.48362731933594,2121945,0.0,0.0
2022-06-13 00:00:00+05:30,223.52076555817172,226.4294595598294,217.76193956458775,221.3538818359375,4399480,0.0,0.0
2022-06-14 00:00:00+05:30,219.40172870215892,224.22353260519037,218.8356044692428,222.43731689453125,3860780,0.0,0.0
2022-06-15 00:00:00+05:30,223.54029384175942,225.08249132230918,220.90489911674723,224.49684143066406,3345520,0.0,0.0
2022-06-16 00:00:00+05:30,226.05856934267416,229.3772124158939,219.35293602646234,223.08154296875,6698850,0.0,0.0
2022-06-17 00:00:00+05:30,221.86144766823426,225.37530235226413,217.18604856638035,224.31138610839844,6730740,0.0,0.0
2022-06-20 00:00:00+05:30,224.49683978673335,226.81012854377065,217.94738195103358,222.3299560546875,4386785,0.0,0.0
2022-06-21 00:00:00+05:30,223.91119186497122,230.99749301067206,220.35828592160084,229.17222595214844,4280930,0.0,0.0
2022-06-22 00:00:00+05:30,227.91309852259607,234.0623628319234,227.43481727959772,228.71348571777344,4890975,0.0,0.0
2022-06-23 00:00:00+05:30,226.69301653383698,237.6152787877159,226.46852385239143,233.82810974121094,3954310,0.0,0.0
2022-06-24 00:00:00+05:30,236.29755303239867,245.14077367744824,234.84321352332793,243.1007843017578,4996020,0.0,0.0
2022-06-27 00:00:00+05:30,247.7273974112702,247.7273974112702,243.12033041314905,244.49659729003906,4127285,0.0,0.0
2022-06-28 00:00:00+05:30,242.65180341302118,246.64393922547393,241.92950388348285,244.22328186035156,3527135,0.0,0.0
2022-06-29 00:00:00+05:30,242.06615540604383,245.93141186010817,237.7714392514792,238.96224975585938,2727410,0.0,0.0
2022-06-30 00:00:00+05:30,241.09008705613786,253.23244038236135,239.94808316785225,250.13827514648438,9956150,0.0,0.0
2022-07-01 00:00:00+05:30,247.1807736743716,248.85962070972178,241.77331999962675,247.08316040039062,5358285,0.0,0.0
2022-07-04 00:00:00+05:30,244.21350941871793,251.6511972621324,244.01829775924952,246.917236328125,2008615,0.0,0.0
2022-07-05 00:00:00+05:30,247.69811059796098,255.81903222029868,246.17543872462863,249.3671875,6272225,0.0,0.0
2022-07-06 00:00:00+05:30,248.53752704128357,253.05675078434905,247.9421217854881,250.6653594970703,3157810,0.0,0.0
2022-07-07 00:00:00+05:30,249.87471918637206,257.98588444571993,245.58000340783383,255.3895263671875,4945940,0.0,0.0
2022-07-08 00:00:00+05:30,257.644276866674,258.3763317761502,248.11780767308633,249.96258544921875,3652815,0.0,0.0
2022-07-11 00:00:00+05:30,249.02556658284684,249.8747455223504,242.0856853595056,245.2188720703125,3691540,0.0,0.0
2022-07-12 00:00:00+05:30,243.82309110815254,245.4824125882606,240.83630946521902,241.34385681152344,3442455,0.0,0.0
2022-07-13 00:00:00+05:30,242.86654049854903,248.8791400845469,242.1344855993762,247.70785522460938,3151325,0.0,0.0
2022-07-14 00:00:00+05:30,248.70346328738626,253.67168737335714,247.9323570911717,252.79319763183594,3203265,0.0,0.0
2022-07-15 00:00:00+05:30,253.77905890300138,257.29292875298313,249.07437843128676,256.6389465332031,2703045,0.0,0.0
2022-07-18 00:00:00+05:30,260.02588341494163,276.9998099358101,258.26896364494837,272.734375,5420345,0.0,0.0
2022-07-19 00:00:00+05:30,269.8256574434527,273.10524885019163,264.9745728137771,271.6509094238281,4993150,0.0,0.0
2022-07-20 00:00:00+05:30,275.25263107246843,279.40094200175207,273.60306504936216,274.8719482421875,4629925,0.0,0.0
2022-07-21 00:00:00+05:30,273.8861659155943,286.662961463886,272.4025154791174,285.3843078613281,4855305,0.0,0.0
2022-07-22 00:00:00+05:30,286.37985505199714,292.80243303301086,284.33009548811214,292.06060791015625,4810415,0.0,0.0
2022-07-25 00:00:00+05:30,287.55117613789787,294.5788854389157,287.55117613789787,292.1387023925781,4721665,0.0,0.0
2022-07-26 00:00:00+05:30,292.04111831774344,294.5593741100857,287.6878103248448,288.5955810546875,4102640,0.0,0.0
2022-07-27 00:00:00+05:30,285.20860492273295,287.74637144812584,280.13301229716603,283.2174072265625,6702695,0.0,0.0
2022-07-28 00:00:00+05:30,288.52723510679374,294.0322722980081,281.6947229144892,285.1988220214844,8557735,0.0,0.0
2022-07-29 00:00:00+05:30,288.9176679019677,288.9176679019677,267.54167072750965,269.347412109375,9296570,0.0,0.0
2022-08-01 00:00:00+05:30,269.3962234205902,272.9100931618155,265.7066676391517,268.390869140625,4709025,0.0,0.0
2022-08-02 00:00:00+05:30,268.81055616474487,273.954481047063,266.1068440956181,269.22052001953125,4861880,0.0,0.0
2022-08-03 00:00:00+05:30,270.3722537824187,272.6074695639043,263.1688294030278,265.5406799316406,3733035,0.0,0.0
2022-08-04 00:00:00+05:30,268.8105968303047,268.8105968303047,260.328516966464,265.4724426269531,4646770,0.0,0.0
2022-08-05 00:00:00+05:30,267.375732157274,269.1619628451871,264.3303884523498,265.9701843261719,3153135,0.0,0.0
2022-08-08 00:00:00+05:30,267.4440599501329,274.0813458733552,264.71106687289796,271.78759765625,4775785,0.0,0.0
2022-08-10 00:00:00+05:30,272.3244179854836,275.1745647855465,270.4113228877751,272.59771728515625,4003980,0.0,0.0
2022-08-11 00:00:00+05:30,274.40346411550576,278.23942465138833,271.5825982630459,274.4815368652344,5658525,0.0,0.0
2022-08-12 00:00:00+05:30,274.47181740468557,274.48155788202854,265.98973824464673,267.04388427734375,5225265,0.0,0.0
2022-08-16 00:00:00+05:30,266.4679858376256,270.7627019962118,264.086364826635,266.409423828125,6555990,0.0,0.0
2022-08-17 00:00:00+05:30,266.27276560692286,267.2488388383081,263.73499903523424,264.6231994628906,6599875,0.0,0.0
2022-08-18 00:00:00+05:30,263.5885546698069,266.51677425786204,259.05959052972446,263.2371826171875,4383855,0.0,0.0
2022-08-19 00:00:00+05:30,263.5495363559842,266.44847497449115,261.5876196764459,262.9248352050781,3815695,0.0,0.0
2022-08-22 00:00:00+05:30,266.4386915217112,266.4386915217112,254.7550946118118,256.28753662109375,4246725,0.0,0.0
2022-08-23 00:00:00+05:30,254.84297234251855,264.8282128474001,253.42768394095052,260.9239196777344,4383165,0.0,0.0
2022-08-24 00:00:00+05:30,262.75892333001497,263.48120798247464,259.0693677416112,262.1830139160156,2029850,0.0,0.0
2022-08-25 00:00:00+05:30,263.34453142371376,266.2141889490907,257.68331890811254,258.600830078125,3292195,0.0,0.0
2022-08-26 00:00:00+05:30,260.61155028533767,263.04196307625836,258.4934582870536,260.2894592285156,2107620,0.0,0.0
2022-08-29 00:00:00+05:30,254.21825208683364,259.98681792390715,253.7790072746726,258.6398620605469,2128080,0.0,0.0
2022-08-30 00:00:00+05:30,260.02589928021837,265.3064589633236,259.72331896567323,264.447509765625,5142225,0.0,0.0
2022-09-01 00:00:00+05:30,261.9780495338892,265.1014957915147,258.26898316692615,259.48907470703125,2217970,0.0,0.0
2022-09-02 00:00:00+05:30,261.58762440617994,261.58762440617994,255.06746240950721,255.4578857421875,2321585,0.0,0.0
2022-09-05 00:00:00+05:30,257.8590187977833,261.1972023514225,255.7409565692497,257.8395080566406,2988435,0.0,0.0
2022-09-06 00:00:00+05:30,260.3772979755718,271.65093159039395,257.1855195278866,270.323486328125,8058715,0.0,0.0
2022-09-07 00:00:00+05:30,268.61538758419033,271.5143265145582,265.6871676459356,266.7803649902344,3464835,0.0,0.0
2022-09-08 00:00:00+05:30,268.22491750144803,270.547976605171,264.71107762721635,265.7749938964844,3184610,0.0,0.0
2022-09-09 00:00:00+05:30,267.43430946118707,268.42015300966096,257.6833468892745,258.4837341308594,3022760,0.0,0.0
2022-09-12 00:00:00+05:30,259.8794796919712,260.4846402871496,255.73116874853127,259.3426513671875,4745365,0.0,0.0
2022-09-13 00:00:00+05:30,260.61156177937687,263.53978157465076,258.39588619108076,260.1430358886719,3598305,0.0,0.0
2022-09-14 00:00:00+05:30,258.33730770758524,264.4084842208742,256.7267630929529,260.543212890625,3689160,0.0,0.0
2022-09-15 00:00:00+05:30,261.85117178866255,268.22492920530107,256.3168528940864,258.8448791503906,4760095,0.0,0.0
2022-09-16 00:00:00+05:30,259.596423440307,261.19719780789075,247.53217282319054,250.6653594970703,5117185,0.0,0.0
2022-09-19 00:00:00+05:30,251.24126672439237,255.39934860144297,249.89428077619885,251.2217559814453,1969205,0.0,0.0
2022-09-20 00:00:00+05:30,252.8420141654394,257.39051892562867,251.8268896805214,253.0177001953125,3808500,0.0,0.0
2022-09-21 00:00:00+05:30,253.73024137403397,255.7214092638951,246.55609736491434,248.4691925048828,3779985,0.0,0.0
2022-09-22 00:00:00+05:30,246.55609184994353,249.09387318815425,242.31016754871175,245.42384338378906,4041540,0.0,0.0
2022-09-23 00:00:00+05:30,244.9943877359491,245.3653003399384,233.58408896796473,234.8725128173828,5578410,0.0,0.0
2022-09-26 00:00:00+05:30,232.52991453916755,234.6870428669297,224.1552046860774,229.36744689941406,3960710,0.0,0.0
2022-09-27 00:00:00+05:30,230.37280436208115,232.13949449814442,223.71597788716727,227.434814453125,3060765,0.0,0.0
2022-09-28 00:00:00+05:30,226.40016554458265,232.9886593472661,225.4728990251661,229.357666015625,7037355,0.0,0.0
2022-09-29 00:00:00+05:30,232.3054209488752,236.72703134098634,231.7197710730387,236.0633087158203,8863220,0.0,0.0
2022-09-30 00:00:00+05:30,234.25757812540314,238.69871435610307,232.1102199713261,233.779296875,3689185,0.0,0.0
2022-10-03 00:00:00+05:30,234.2575656017715,237.57620849031863,225.9902244909134,228.33279418945312,3393565,0.0,0.0
2022-10-04 00:00:00+05:30,230.3727855784329,234.989607338462,229.45527444820135,234.228271484375,2886230,0.0,0.0
2022-10-06 00:00:00+05:30,236.36589583017542,237.77144365770002,232.69585097081773,233.81834411621094,4285510,0.0,0.0
2022-10-07 00:00:00+05:30,233.67193004952154,236.14139418007144,228.5182644819656,234.08189392089844,5047815,0.0,0.0
2022-10-10 00:00:00+05:30,231.12436848778756,232.83249660266478,227.22984591783248,229.91404724121094,3026365,0.0,0.0
2022-10-11 00:00:00+05:30,229.37720262731682,233.1350904150722,228.39137405435093,229.1527099609375,2086380,0.0,0.0
2022-10-12 00:00:00+05:30,230.30447411941688,237.74216221063028,228.72324026323787,236.6001434326172,2322665,0.0,0.0
2022-10-13 00:00:00+05:30,236.38540480078825,236.38540480078825,229.38696161454175,232.11021423339844,2016655,0.0,0.0
2022-10-14 00:00:00+05:30,234.25756562832404,237.34196048358376,230.4216051401338,231.11460876464844,3429520,0.0,0.0
2022-10-17 00:00:00+05:30,230.39231996234352,233.74025890494866,228.79156045181472,232.77394104003906,1567175,0.0,0.0
2022-10-18 00:00:00+05:30,236.17068992173205,240.27994996025646,234.5699303888456,238.97201538085938,4394830,0.0,0.0
2022-10-19 00:00:00+05:30,239.13793559410402,240.89487034455485,235.2629237727774,237.0979461669922,1833905,0.0,0.0
2022-10-20 00:00:00+05:30,236.75631483967325,239.81142874527865,233.28149660379623,237.3419647216797,3339120,0.0,0.0
2022-10-21 00:00:00+05:30,239.13794496070417,240.65086146878656,231.01700841551366,233.80857849121094,5002910,0.0,0.0
2022-10-24 00:00:00+05:30,237.18577855424948,237.18577855424948,232.71536168149808,234.06234741210938,395760,0.0,0.0
2022-10-25 00:00:00+05:30,234.2575801711715,242.06616617687723,231.36839679583423,237.5957489013672,4718435,0.0,0.0
2022-10-27 00:00:00+05:30,239.1379564481446,244.74062250380328,236.41471851773707,243.4131622314453,4543535,0.0,0.0
2022-10-28 00:00:00+05:30,244.633245055458,250.62631936123975,242.8567845795604,248.84011840820312,2765695,0.0,0.0
2022-10-31 00:00:00+05:30,248.69368179207734,248.69368179207734,239.137931805013,239.9480743408203,3104155,0.0,0.0
2022-11-01 00:00:00+05:30,240.40684514401661,241.3438671262374,234.84323058178103,235.76072692871094,6675575,0.0,0.0
2022-11-02 00:00:00+05:30,235.81929418890635,238.70846255855716,234.25757109082275,235.78024291992188,2733960,0.0,0.0
2022-11-03 00:00:00+05:30,234.64799081667684,242.72012033350987,233.4474249534996,242.11495971679688,3636250,0.0,0.0
2022-11-04 00:00:00+05:30,243.0422374250826,246.8098807375405,242.14425182906874,245.8826141357422,3337760,0.0,0.0
2022-11-07 00:00:00+05:30,246.8196198244663,252.6077266226647,245.32622905320082,251.6609344482422,2258285,0.0,0.0
2022-11-09 00:00:00+05:30,246.75130952976448,253.58380708012461,246.75130952976448,248.9572296142578,1989790,0.0,0.0
2022-11-10 00:00:00+05:30,247.88356676579403,251.82689610506586,241.56837170685736,243.07151794433594,3089160,0.0,0.0
2022-11-11 00:00:00+05:30,244.40872119721416,251.2412335378006,244.40872119721416,249.24029541015625,2488040,0.0,0.0
2022-11-14 00:00:00+05:30,249.85521498431692,250.94842710223628,245.0724622346409,247.09292602539062,1655990,0.0,0.0
2022-11-15 00:00:00+05:30,247.9128287164846,247.9421097199599,243.2472001759603,244.5453643798828,1474635,0.0,0.0
2022-11-16 00:00:00+05:30,244.40872496679344,244.95533847317466,239.19649761821475,240.8265380859375,2486780,0.0,0.0
2022-11-17 00:00:00+05:30,240.50442877416398,255.6921252727651,240.50442877416398,249.0255584716797,10895855,0.0,0.0
2022-11-18 00:00:00+05:30,248.99627473386755,250.74345407045476,242.45657249824603,244.26231384277344,5665580,0.0,0.0
2022-11-21 00:00:00+05:30,244.49660179266567,254.75512662570975,242.65182388526185,253.80833435058594,11427320,0.0,0.0
2022-11-22 00:00:00+05:30,254.74531069297544,264.50604176408694,252.02208817105418,262.8564758300781,9851655,0.0,0.0
2022-11-23 00:00:00+05:30,263.5397427831962,266.0677685931855,258.70816891721586,260.4651184082031,6956495,0.0,0.0
2022-11-24 00:00:00+05:30,261.77308370802234,261.77308370802234,254.7551147538428,256.06304931640625,3504165,0.0,0.0
2022-11-25 00:00:00+05:30,256.70725366707387,258.07375020059925,248.9377043792856,249.90402221679688,4325525,0.0,0.0
2022-11-28 00:00:00+05:30,248.7034617683356,252.7639150824265,243.43265739466213,246.89772033691406,22810780,0.0,0.0
2022-11-29 00:00:00+05:30,244.55515886511472,250.06998173371318,244.31114054952266,247.98117065429688,8742450,0.0,0.0
2022-11-30 00:00:00+05:30,248.40087441080252,268.4201304117839,248.31301650345947,263.5397644042969,11378515,0.0,0.0
2022-12-01 00:00:00+05:30,262.8467657264895,262.8467657264895,249.2890944041748,251.2119598388672,8011285,0.0,0.0
2022-12-02 00:00:00+05:30,251.1729186870521,253.42767532023672,247.5321844941152,251.89523315429688,5168550,0.0,0.0
2022-12-05 00:00:00+05:30,252.9981892035006,253.7790358604226,249.67953133680098,252.773681640625,4417660,0.0,0.0
2022-12-06 00:00:00+05:30,252.80295566502463,261.3923878035522,251.86593374511375,258.96197509765625,10171880,0.0,0.0
2022-12-07 00:00:00+05:30,259.2450260577773,266.80959272109556,259.04979951925276,260.65057373046875,6943485,0.0,0.0
2022-12-08 00:00:00+05:30,260.59205515022944,264.5158590143612,258.6594193313864,261.23626708984375,2846375,0.0,0.0
2022-12-09 00:00:00+05:30,263.2274443987927,264.3401822756665,256.99035140636914,262.3782653808594,3202765,0.0,0.0
2022-12-12 00:00:00+05:30,261.58763970344756,268.6056089874382,259.29386153215154,266.1849365234375,5938835,0.0,0.0
2022-12-13 00:00:00+05:30,265.68717981972196,267.62955626913134,261.5876598033679,266.63397216796875,1977965,0.0,0.0
2022-12-14 00:00:00+05:30,266.6534349669903,269.39619822535144,264.5939050635786,269.1131286621094,4138030,0.0,0.0
2022-12-15 00:00:00+05:30,268.49823508126445,274.12042692223605,267.4538592699205,271.97308349609375,3778060,0.0,0.0
2022-12-16 00:00:00+05:30,268.8105443354003,274.0813334817044,261.2166962847804,267.5318908691406,9071230,0.0,0.0
2022-12-19 00:00:00+05:30,268.2151620936808,270.7334178350158,265.8823328553421,267.88330078125,3297195,0.0,0.0
2022-12-20 00:00:00+05:30,267.4245364324185,273.10525961350106,264.0082803554006,271.2019348144531,2851545,0.0,0.0
2022-12-21 00:00:00+05:30,270.72365051234846,277.10717762935127,265.54070416393404,267.3269348144531,4286630,0.0,0.0
2022-12-22 00:00:00+05:30,268.4201258115274,270.76269549749554,259.3133761040823,261.4704895019531,1549960,0.0,0.0
2022-12-23 00:00:00+05:30,259.0400926652867,259.0400926652867,251.94402111358136,254.0718536376953,1564975,0.0,0.0
2022-12-26 00:00:00+05:30,254.08162258452666,266.8584177147564,252.8127392881668,263.7642822265625,1606850,0.0,0.0
2022-12-27 00:00:00+05:30,265.88232544031644,271.3483411475287,259.5476201016067,269.18145751953125,2420365,0.0,0.0
2022-12-28 00:00:00+05:30,266.1849365642692,272.71486920802374,264.0278229501373,271.0750732421875,2201075,0.0,0.0
2022-12-29 00:00:00+05:30,263.3445239795055,263.3445239795055,244.2818314434247,256.17041015625,19945730,0.0,0.0
2022-12-30 00:00:00+05:30,259.63547463931457,270.3332287125553,258.6886824312771,268.7910461425781,7329350,0.0,0.0
2023-01-02 00:00:00+05:30,269.59145089538185,271.3483708781974,265.88235457209333,270.5284729003906,2184945,0.0,0.0
2023-01-03 00:00:00+05:30,267.20981263801303,268.80081674306206,260.7286721981012,263.471435546875,2678225,0.0,0.0
2023-01-04 00:00:00+05:30,263.14934560867465,264.1058782986696,257.2636252938768,259.3133850097656,2709675,0.0,0.0
2023-01-05 00:00:00+05:30,260.7970050431926,261.5876219653953,255.97520097173475,257.663818359375,2309935,0.0,0.0
2023-01-06 00:00:00+05:30,258.6398797004724,258.80579545868494,251.24122837976634,252.734619140625,1599915,0.0,0.0
2023-01-09 00:00:00+05:30,253.77901047459278,258.60081405660105,253.68139720539426,257.4100036621094,2348255,0.0,0.0
2023-01-10 00:00:00+05:30,258.2006249988279,261.11907413812617,257.4100081431157,260.39678955078125,2849300,0.0,0.0
2023-01-11 00:00:00+05:30,260.4163332499508,262.3391987591934,257.5076540058178,260.5139465332031,1445245,0.0,0.0
2023-01-12 00:00:00+05:30,261.88040528067097,262.02684007807767,254.79413470925797,256.24847412109375,2259350,0.0,0.0
2023-01-13 00:00:00+05:30,255.7311889535506,256.3168388551973,247.45409204620483,250.49945068359375,4597480,0.0,0.0
2023-01-16 00:00:00+05:30,251.631669921479,254.0816232913397,247.72739184641696,248.44967651367188,2549280,0.0,0.0
2023-01-17 00:00:00+05:30,249.43551572666442,250.00163998463296,246.53657705576617,248.2447052001953,3167635,0.0,0.0
2023-01-18 00:00:00+05:30,249.4843238669955,252.1685252529547,245.21887371868556,250.6555938720703,2375830,0.0,0.0
2023-01-19 00:00:00+05:30,250.65560938988617,253.26173818513942,248.37161635552565,252.76393127441406,2489795,0.0,0.0
2023-01-20 00:00:00+05:30,252.60773759768648,252.60773759768648,247.2198241429795,249.34767150878906,1984570,0.0,0.0
2023-01-23 00:00:00+05:30,250.28471423268766,253.18365295770224,248.87915148520358,250.7727508544922,1269830,0.0,0.0
2023-01-24 00:00:00+05:30,251.4169213095768,252.3734837673633,246.55609584601277,247.0050811767578,1061495,0.0,0.0
2023-01-25 00:00:00+05:30,247.63955142169485,248.04950040046276,240.11402009240192,244.8382110595703,2130930,0.0,0.0
2023-01-27 00:00:00+05:30,244.9943710739941,250.65558366991132,240.12376048652993,242.27113342285156,2410525,0.0,0.0
2023-01-30 00:00:00+05:30,241.87094157059394,246.92699358992462,239.60644460106704,242.81773376464844,5905675,0.0,0.0
2023-01-31 00:00:00+05:30,243.54980311144143,252.8810461661021,240.77774374400784,251.16317749023438,6053500,0.0,0.0
2023-02-01 00:00:00+05:30,259.2450367155785,266.8388846931268,249.5233415089242,253.26170349121094,7936630,0.0,0.0
2023-02-02 00:00:00+05:30,252.39301172500996,253.70097611284794,244.6039661352358,246.8489227294922,2552580,0.0,0.0
2023-02-03 00:00:00+05:30,248.1568580845005,250.69463949236456,244.01830231549934,249.6892852783203,2600590,0.0,0.0
2023-02-06 00:00:00+05:30,245.97044537875095,253.31050508881518,245.97044537875095,252.5394287109375,2088355,0.0,0.0
2023-02-07 00:00:00+05:30,252.58823584591948,254.36469631975672,249.67954171500472,252.0806884765625,1940780,0.0,0.0
2023-02-08 00:00:00+05:30,253.34956496706238,255.88736132024923,251.8366633768848,255.27243041992188,1715770,0.0,0.0
2023-02-09 00:00:00+05:30,255.43838741122582,257.18553712264617,253.49598134289275,256.717041015625,1437655,0.0,0.0
2023-02-10 00:00:00+05:30,257.6833253514886,257.6833253514886,247.4735931044121,249.6014404296875,3358630,0.0,0.0
2023-02-13 00:00:00+05:30,249.60145130487666,250.7922618548047,244.60396105842185,245.20912170410156,1789390,0.0,0.0
2023-02-14 00:00:00+05:30,246.36086472572293,248.80104767623007,243.9987694168754,247.9616241455078,1050085,0.0,0.0
2023-02-15 00:00:00+05:30,247.0441435556235,249.4648010260185,245.3848071289449,248.44967651367188,1236070,0.0,0.0
2023-02-16 00:00:00+05:30,250.26516463588902,250.32372664539233,243.305772788833,245.7166748046875,3304915,0.0,0.0
2023-02-17 00:00:00+05:30,243.99879368920713,246.22423956995533,240.21163950099677,240.91441345214844,2077315,0.0,0.0
2023-02-20 00:00:00+05:30,245.7361903651674,245.7361903651674,240.93391187366788,241.51956176757812,2309105,0.0,0.0
2023-02-21 00:00:00+05:30,243.43264310300364,244.53561055318136,236.40491924439107,237.176025390625,2163550,0.0,0.0
2023-02-22 00:00:00+05:30,236.40493542244974,238.4156439110788,233.30102967251457,235.8290557861328,3253235,0.0,0.0
2023-02-23 00:00:00+05:30,236.19996062524345,237.23459584124112,233.30102201016572,234.31613159179688,1641205,0.0,0.0
2023-02-24 00:00:00+05:30,234.80416952731218,238.5522870874095,234.43325694071982,237.85928344726562,2464105,0.0,0.0
2023-02-27 00:00:00+05:30,237.8592882985608,238.27899263936368,232.6958525606053,234.82369995117188,1437525,0.0,0.0
2023-02-28 00:00:00+05:30,235.23365075613333,236.72704162130526,232.30543103717733,234.9115447998047,13260610,0.0,0.0
2023-03-01 00:00:00+05:30,235.62406083671067,240.3970581143,235.23363752029599,238.4839630126953,2913235,0.0,0.0
2023-03-02 00:00:00+05:30,238.74750618596238,239.1184038672721,232.89106709613856,236.13162231445312,2720640,0.0,0.0
2023-03-03 00:00:00+05:30,237.31268335863788,239.91879703161078,236.27804814319117,237.55670166015625,1836725,0.0,0.0
2023-03-06 00:00:00+05:30,238.1618727662826,243.83285596022614,238.1618727662826,243.40338134765625,3145920,0.0,0.0
2023-03-08 00:00:00+05:30,243.04224292732388,252.78346483317335,238.37661391322675,248.0104522705078,51702925,0.0,0.0
2023-03-09 00:00:00+05:30,249.86499366163,256.648699689822,248.89867579387627,251.90496826171875,8022010,0.0,0.0
2023-03-10 00:00:00+05:30,250.84104494815696,250.85081521223134,245.6678688451177,247.85426330566406,1446625,0.0,0.0
2023-03-13 00:00:00+05:30,248.06898671986812,250.62629362343006,244.35015037730074,245.5897674560547,3683830,0.0,0.0
2023-03-14 00:00:00+05:30,244.223281141043,245.5800222889388,238.7475099108775,241.87094116210938,3141790,0.0,0.0
2023-03-15 00:00:00+05:30,244.21351637890632,244.808921638156,239.21602626434867,240.0261688232422,1987050,0.0,0.0
2023-03-16 00:00:00+05:30,240.5044365874492,246.13638326370756,239.86023957841238,244.05734252929688,3988570,0.0,0.0
2023-03-17 00:00:00+05:30,245.28720172404041,247.52240283148598,241.44147087683714,243.23744201660156,4182610,0.0,0.0
2023-03-20 00:00:00+05:30,248.8791437220458,248.8791437220458,234.9505896936716,238.10330200195312,3402415,0.0,0.0
2023-03-21 00:00:00+05:30,240.77773939728007,251.5633665584132,237.7909576695549,246.0680694580078,5079360,0.0,0.0
2023-03-22 00:00:00+05:30,246.35111857213357,246.90748745463756,242.3980190656798,243.2667236328125,1814750,0.0,0.0
2023-03-23 00:00:00+05:30,242.45656659445982,246.7805784309888,240.89485847720184,246.0778045654297,2141185,0.0,0.0
2023-03-24 00:00:00+05:30,244.85772332912256,245.83379652825104,239.13793378648177,240.7386932373047,4290270,0.0,0.0
2023-03-27 00:00:00+05:30,240.50443047163736,240.69965702655213,235.36053543218614,236.09259033203125,1948390,0.0,0.0
2023-03-28 00:00:00+05:30,236.4147053380743,240.95343993362664,234.67728127363893,239.31362915039062,2605125,0.0,0.0
2023-03-29 00:00:00+05:30,239.3136229587453,245.9704494132686,238.45468865993556,244.36968994140625,1649135,0.0,0.0
2023-03-31 00:00:00+05:30,244.60394478226283,250.24564656924792,244.60394478226283,245.8533172607422,4489935,0.0,0.0
2023-04-03 00:00:00+05:30,247.1417299295378,252.02211079693495,247.1417299295378,251.13388061523438,2297460,0.0,0.0
2023-04-05 00:00:00+05:30,250.06997013424768,252.64678793793072,248.79130170915144,251.6414337158203,1710530,0.0,0.0
2023-04-06 00:00:00+05:30,251.04605028797184,255.14554004060173,249.90403148596582,254.53060913085938,1428390,0.0,0.0
2023-04-10 00:00:00+05:30,254.53059827206158,255.14552915556973,250.86058328638111,254.70631408691406,630385,0.0,0.0
2023-04-11 00:00:00+05:30,254.70631917664625,255.73118414471264,249.28909492252035,252.8615264892578,2316150,0.0,0.0
2023-04-12 00:00:00+05:30,253.58381846558518,256.1216148733692,251.5438289473265,255.5359649658203,2680600,0.0,0.0
2023-04-13 00:00:00+05:30,255.52619727265719,255.52619727265719,252.21729500924175,253.11529541015625,774615,0.0,0.0
2023-04-17 00:00:00+05:30,253.77904681267574,259.0498364428453,252.9786595929848,257.9468688964844,2927410,0.0,0.0
2023-04-18 00:00:00+05:30,259.0986276800238,262.5636754221262,257.4880831644383,261.4314270019531,2602290,0.0,0.0
2023-04-19 00:00:00+05:30,263.02242117594807,267.4245204178236,261.10932622785185,266.7705383300781,2649705,0.0,0.0
2023-04-20 00:00:00+05:30,267.45382763571206,268.1370610047386,260.77749050792664,261.4607238769531,1972785,0.0,0.0
2023-04-21 00:00:00+05:30,264.593902148397,265.83353413977795,261.7925769129722,265.26739501953125,1533610,0.0,0.0
2023-04-24 00:00:00+05:30,265.68716585703595,275.6040444349142,264.7501140361804,271.8559265136719,3484290,0.0,0.0
2023-04-25 00:00:00+05:30,273.24195653473475,286.82887991878124,272.34395601019384,279.69378662109375,11463135,0.0,0.0
2023-04-26 00:00:00+05:30,281.07979174410104,281.07979174410104,269.78661802675714,274.5010681152344,4680385,0.0,0.0
2023-04-27 00:00:00+05:30,273.3005146225139,275.643084504657,269.7866449056031,274.3839416503906,5355815,0.0,0.0
2023-04-28 00:00:00+05:30,263.53978157465076,266.46800136992465,255.53596888594527,260.1430358886719,15378245,0.0,0.0
2023-05-02 00:00:00+05:30,263.32502317674357,264.1839723472187,258.00541239305426,258.71795654296875,4445290,0.0,0.0
2023-05-03 00:00:00+05:30,258.278710400203,260.7482041466443,256.9512651705831,257.49786376953125,2404405,0.0,0.0
2023-05-04 00:00:00+05:30,258.85463159738003,259.8307048239352,256.90248514426975,259.1864929199219,2605540,0.0,0.0
2023-05-05 00:00:00+05:30,259.24503179566403,263.0224300793573,256.95125396047655,257.45880126953125,1867575,0.0,0.0
2023-05-08 00:00:00+05:30,259.44026596957855,264.5158589417199,257.45883840221194,263.12982177734375,3146345,0.0,0.0
2023-05-09 00:00:00+05:30,265.23814018943784,273.30051491128626,262.7003735237468,263.1981506347656,4717955,0.0,0.0
2023-05-10 00:00:00+05:30,265.68714500142147,265.68714500142147,259.73309234362205,264.1351623535156,2721495,0.0,0.0
2023-05-11 00:00:00+05:30,263.75451148757185,267.4245563933556,261.5973979726853,266.3313293457031,1675840,0.0,0.0
2023-05-12 00:00:00+05:30,266.4582078164892,268.35179216825577,261.78283873225797,263.490966796875,1868500,0.0,0.0
2023-05-15 00:00:00+05:30,264.12544549848127,266.9755629027578,260.8165426563933,261.70477294921875,3314115,0.0,0.0
2023-05-16 00:00:00+05:30,263.5397748943881,265.5504833865169,258.6594086926401,259.3621826171875,5037130,0.0,0.0
2023-05-17 00:00:00+05:30,259.44023051385517,263.6568736571567,258.67889465081925,262.4075012207031,1876620,0.0,0.0
2023-05-18 00:00:00+05:30,264.0180140292111,264.90624416083716,259.5281014164384,262.7784118652344,3189190,0.0,0.0
2023-05-19 00:00:00+05:30,264.8867550481898,264.8867550481898,260.2211262509282,261.4509582519531,3457825,0.0,0.0
2023-05-22 00:00:00+05:30,260.8067720920705,261.1776548882798,254.95033286653648,257.5466613769531,3724060,0.0,0.0
2023-05-23 00:00:00+05:30,258.4544471180072,269.4645523104785,257.7516731785987,266.1361389160156,3621815,0.0,0.0
2023-05-24 00:00:00+05:30,266.01903648598244,271.34838858315237,264.7501232712505,267.3757629394531,4991420,0.0,0.0
2023-05-25 00:00:00+05:30,267.3757266008907,270.9579283791272,265.16982140720614,268.48846435546875,2376370,0.0,0.0
2023-05-26 00:00:00+05:30,268.4884537345547,270.59677535399305,266.46797512583595,270.0989685058594,2622815,0.0,0.0
2023-05-29 00:00:00+05:30,270.9579038319049,277.8684884089952,270.098954721076,275.01837158203125,5878845,0.0,0.0
2023-05-30 00:00:00+05:30,275.54544295163765,277.4390272773889,274.41322429154945,276.580078125,3948785,0.0,0.0
2023-05-31 00:00:00+05:30,276.7460379944029,277.1852828569614,271.6216536057105,273.251708984375,6080605,0.0,0.0
2023-06-01 00:00:00+05:30,273.2516923185904,276.91196665869984,273.2516923185904,275.3014221191406,2902875,0.0,0.0
2023-06-02 00:00:00+05:30,276.2970395216586,278.02467830997875,274.1203856279894,275.9066162109375,3680045,0.0,0.0
2023-06-05 00:00:00+05:30,277.40002511575034,278.6005761300641,272.841750004908,273.4859619140625,2510040,0.0,0.0
2023-06-06 00:00:00+05:30,274.75483326590086,277.1559947649824,270.51867918738844,275.03790283203125,1777200,0.0,0.0
2023-06-07 00:00:00+05:30,273.300517033861,278.3761099794468,271.34837048361914,274.9305725097656,3799040,0.0,0.0
2023-06-08 00:00:00+05:30,275.8383039549914,282.86601342007276,273.30050757007666,275.4381103515625,4030580,0.0,0.0
2023-06-09 00:00:00+05:30,275.2526552682982,280.87484669510536,275.05742870421517,276.658203125,2435880,0.0,0.0
2023-06-12 00:00:00+05:30,278.1808673161436,285.2573981513788,276.61914420882044,283.5199890136719,2951100,0.0,0.0
2023-06-13 00:00:00+05:30,284.64245414448897,285.20859326616517,280.1330008480394,281.7727966308594,3300860,0.0,0.0
2023-06-14 00:00:00+05:30,283.0612417433129,283.0612417433129,273.739754145688,274.82318115234375,3617290,0.0,0.0
2023-06-15 00:00:00+05:30,276.0335195279995,277.20481941230463,274.0813729124199,276.07257080078125,2747890,0.0,0.0
2023-06-16 00:00:00+05:30,278.50811097955506,279.399202733105,275.260665890046,277.5180358886719,6897545,4.0,0.0
2023-06-19 00:00:00+05:30,291.6761508725523,297.2007570219055,287.67623872909843,291.0523986816406,15970295,0.0,0.0
2023-06-20 00:00:00+05:30,291.0820966211611,311.4182488384143,288.31977846862094,308.8341369628906,13814600,0.0,0.0
2023-06-21 00:00:00+05:30,339.71455610209273,355.1498229502137,331.6751512989876,343.4273376464844,67327115,0.0,0.0
2023-06-22 00:00:00+05:30,349.4965126065341,349.4965126065341,334.98200791898097,340.33831787109375,20695285,0.0,0.0
2023-06-23 00:00:00+05:30,335.2493374254379,338.31857648269545,325.11097739523115,332.00189208984375,26775580,0.0,0.0
2023-06-26 00:00:00+05:30,330.427666255718,339.2888508097556,325.19019054029144,337.2889099121094,9027690,0.0,0.0
2023-06-27 00:00:00+05:30,337.41761531216366,342.2788881589496,328.70496565771754,335.86322021484375,9250910,0.0,0.0
2023-06-28 00:00:00+05:30,338.6057010637376,340.25913985755005,334.47707439665226,336.8235778808594,9058510,0.0,0.0
2023-06-30 00:00:00+05:30,336.84335314553147,349.8826555617698,336.1898999510233,343.5956726074219,13348225,0.0,0.0
2023-07-03 00:00:00+05:30,347.06095806119214,352.0509151563553,345.1600004430136,348.10052490234375,7848930,0.0,0.0
2023-07-04 00:00:00+05:30,350.8826218643271,355.0805609834768,344.54614704212366,352.0113220214844,8948575,0.0,0.0
2023-07-05 00:00:00+05:30,352.07071873610056,361.97146993669566,350.26877476606546,356.8725891113281,13158105,0.0,0.0
2023-07-06 00:00:00+05:30,356.74387892935795,356.74387892935795,349.9420676046653,350.75390625,4616375,0.0,0.0
2023-07-07 00:00:00+05:30,351.47667050489224,352.26871852156046,339.00171784685,340.3086242675781,6705130,0.0,0.0
2023-07-10 00:00:00+05:30,342.3580933148109,342.64519335267016,337.38789674275296,341.2195129394531,6425075,0.0,0.0
2023-07-11 00:00:00+05:30,342.5461839849381,351.9815982041667,341.8036276815948,348.6450500488281,6085610,0.0,0.0
2023-07-12 00:00:00+05:30,348.52624448916765,359.9814212611478,348.4470517713921,357.5161437988281,6537300,0.0,0.0
2023-07-13 00:00:00+05:30,359.89231119913273,362.2090833868658,353.0607988176591,354.2488708496094,6218315,0.0,0.0
2023-07-14 00:00:00+05:30,356.4270568893061,358.6745166207342,351.01134456631684,353.239013671875,4492200,0.0,0.0
2023-07-17 00:00:00+05:30,353.67462983880205,354.85282162966877,347.5559729479662,350.3875732421875,4223875,0.0,0.0
2023-07-18 00:00:00+05:30,352.22912527809797,356.6646423639288,350.48658344312497,353.2884826660156,7805875,0.0,0.0
2023-07-19 00:00:00+05:30,353.2587838339353,355.3775590524269,351.0410252771319,353.6053161621094,5968125,0.0,0.0
2023-07-20 00:00:00+05:30,353.4568224677566,356.1300374126345,352.07072332454754,353.0310974121094,2878425,0.0,0.0
2023-07-21 00:00:00+05:30,352.1598372831641,369.9217881315463,351.4766830032497,362.6645202636719,15551270,0.0,0.0
2023-07-24 00:00:00+05:30,364.50609076369983,365.9218910540218,352.4667726561964,355.6944274902344,30150490,0.0,0.0
2023-07-25 00:00:00+05:30,362.5457056807462,362.55561610079866,355.6350005758898,361.0804138183594,7020285,0.0,0.0
2023-07-26 00:00:00+05:30,361.5754529794679,363.43676886111706,358.1497712427081,360.2190246582031,3995010,0.0,0.0
2023-07-27 00:00:00+05:30,363.9516326350513,366.1496006854087,353.76375084078836,358.7339172363281,11626560,0.0,0.0
2023-07-28 00:00:00+05:30,361.58531632792796,364.0110123921487,354.446883366061,359.96160888671875,5905730,0.0,0.0
2023-07-31 00:00:00+05:30,362.65460851969374,375.83250538121274,360.00118434939657,374.87213134765625,7778860,0.0,0.0
2023-08-01 00:00:00+05:30,374.8721628413923,376.42658809485016,365.33773421175846,367.0604553222656,5345210,0.0,0.0
2023-08-02 00:00:00+05:30,368.30793994738684,369.5455338316187,356.75375014973315,362.9912414550781,7630985,0.0,0.0
2023-08-03 00:00:00+05:30,362.16945776634003,364.0704152437367,354.74389455176475,360.0804138183594,3816705,0.0,0.0
2023-08-04 00:00:00+05:30,361.37742677670826,365.08029813853966,356.83298550136186,363.75360107421875,5455600,0.0,0.0
2023-08-07 00:00:00+05:30,364.52585164317185,368.3079458656849,362.99124728794277,367.27825927734375,4926185,0.0,0.0
2023-08-08 00:00:00+05:30,367.2980889551716,371.2286884978183,364.3476541394691,368.5851745605469,9859755,0.0,0.0
2023-08-09 00:00:00+05:30,370.88215479471666,371.4563850834755,364.3476528047361,366.1099853515625,6340300,0.0,0.0
2023-08-10 00:00:00+05:30,367.2485682782804,371.0603636501758,364.34765533919904,366.4664306640625,5397960,0.0,0.0
2023-08-11 00:00:00+05:30,366.3278176517509,366.33772807228223,357.2389347247833,358.00128173828125,5133290,0.0,0.0
2023-08-14 00:00:00+05:30,358.0012586405642,360.24871828332317,351.3875640974089,359.1101379394531,4598320,0.0,0.0
2023-08-16 00:00:00+05:30,359.1596749201083,359.72399479846894,348.5262471495034,355.635009765625,9040420,0.0,0.0
2023-08-17 00:00:00+05:30,358.7933249479273,370.28808219427407,358.7933249479273,365.2189025878906,6805160,0.0,0.0
2023-08-18 00:00:00+05:30,366.72381190904827,366.72381190904827,358.0210432982914,360.4764404296875,4286650,0.0,0.0
2023-08-21 00:00:00+05:30,360.38733723716615,367.3178629532655,359.3279496261786,364.9911804199219,6865250,0.0,0.0
2023-08-22 00:00:00+05:30,367.1099888830823,367.1099888830823,362.50614528345636,365.34765625,4892080,0.0,0.0
2023-08-23 00:00:00+05:30,366.1297651582112,367.58517678472435,360.6150697350904,366.763427734375,2475480,0.0,0.0
2023-08-24 00:00:00+05:30,367.31788308082224,382.5155427768359,367.31788308082224,371.377197265625,8085270,0.0,0.0
2023-08-25 00:00:00+05:30,369.29802577463846,372.2088490920217,363.7535989693992,369.12969970703125,4806385,0.0,0.0
2023-08-28 00:00:00+05:30,370.2782028282853,370.47622994798667,365.5654655692956,368.6742858886719,4670145,0.0,0.0
2023-08-29 00:00:00+05:30,369.69404556823747,371.87222292873946,365.69413360381344,370.733642578125,2919905,0.0,0.0
2023-08-30 00:00:00+05:30,370.68411359192567,380.18884065114315,369.85245412876463,373.0801086425781,3644915,0.0,0.0
2023-08-31 00:00:00+05:30,375.23846314725125,383.95111194711444,374.07018178000806,381.8323669433594,12639870,0.0,0.0
2023-09-01 00:00:00+05:30,382.1689900198798,383.3471818104327,377.58493745549754,378.6146240234375,3756035,0.0,0.0
2023-09-04 00:00:00+05:30,379.59480271381244,385.139229541931,374.0998977715217,375.0206604003906,7899565,0.0,0.0
2023-09-05 00:00:00+05:30,376.9810157487735,382.1590893355171,372.30785993177636,378.9017639160156,6793595,0.0,0.0
2023-09-06 00:00:00+05:30,380.1690458850293,381.57493559981026,372.6642597441155,374.7632141113281,6908360,0.0,0.0
2023-09-07 00:00:00+05:30,375.2384777889009,376.3869685762346,370.41681669493573,374.9810485839844,6035475,0.0,0.0
2023-09-08 00:00:00+05:30,378.20871424989053,388.0995555114401,376.7830035905163,386.89166259765625,7287555,0.0,0.0
2023-09-11 00:00:00+05:30,390.4459949961903,390.4459949961903,383.7828090289743,387.55499267578125,6565460,0.0,0.0
2023-09-12 00:00:00+05:30,390.0598729122874,390.0598729122874,374.5156823718373,378.4364013671875,6903070,0.0,0.0
2023-09-13 00:00:00+05:30,376.63448678226837,380.1888529010748,371.71381213899735,378.27801513671875,6517920,0.0,0.0
2023-09-14 00:00:00+05:30,380.1888670743059,381.72347150917,377.3374457368972,379.2779846191406,5225585,0.0,0.0
2023-09-15 00:00:00+05:30,381.7630693612949,382.8917695232228,377.4166552111321,380.6343994140625,6773145,0.0,0.0
2023-09-18 00:00:00+05:30,379.4265316459989,381.09976115943317,376.5157081264564,378.7037658691406,3166810,0.0,0.0
2023-09-20 00:00:00+05:30,376.22855453459897,385.1392308262079,374.83254495648345,379.77301025390625,4028295,0.0,0.0
2023-09-21 00:00:00+05:30,379.1393851697254,380.9809104690417,374.4464385678712,376.2879638671875,2504980,0.0,0.0
2023-09-22 00:00:00+05:30,376.28795913385545,382.10960585085706,372.46628355748254,374.4365234375,2804785,0.0,0.0
2023-09-25 00:00:00+05:30,374.436504731307,387.9807248566474,368.43665203855466,385.24810791015625,10327105,0.0,0.0
2023-09-26 00:00:00+05:30,384.54518154842555,384.76299928963465,370.4861325716884,373.17913818359375,5973300,0.0,0.0
2023-09-27 00:00:00+05:30,375.8325120844886,378.8819300824573,372.3177273686134,374.7236328125,3216495,0.0,0.0
2023-09-28 00:00:00+05:30,378.0700715395719,378.6839434954837,367.5851796245837,370.5752258300781,21636670,0.0,0.0
2023-09-29 00:00:00+05:30,370.8227323418148,382.35710108720787,369.4168124207889,380.06011962890625,6908925,0.0,0.0
2023-10-03 00:00:00+05:30,383.7531142961416,384.1293476679958,372.4662642139862,380.5749816894531,11039535,0.0,0.0
2023-10-04 00:00:00+05:30,378.0106957319709,380.1789628168289,364.6446806572172,366.4466247558594,6700835,0.0,0.0
2023-10-05 00:00:00+05:30,366.72381185140637,370.87222894724636,360.98138834390613,363.85260009765625,7397385,0.0,0.0
2023-10-06 00:00:00+05:30,366.5159425367949,368.9020274064828,363.3576002158357,366.10009765625,6311950,0.0,0.0
2023-10-09 00:00:00+05:30,364.35755640665326,364.5159720524109,357.14981070550414,360.5655517578125,5354120,0.0,0.0
2023-10-10 00:00:00+05:30,364.3476725721972,375.58503210343673,359.43690805416543,374.8127746582031,8377560,0.0,0.0
2023-10-11 00:00:00+05:30,377.6245538270265,380.287858307707,373.36721269706806,375.9513244628906,4561415,0.0,0.0
2023-10-12 00:00:00+05:30,377.92158294036585,377.92158294036585,371.27818704037173,371.89202880859375,3313985,0.0,0.0
2023-10-13 00:00:00+05:30,371.24846701460666,373.6048506222419,370.36728565935874,372.45635986328125,2983920,0.0,0.0
2023-10-16 00:00:00+05:30,372.45634192646924,373.2583003136813,367.4366540845175,369.8029479980469,2463960,0.0,0.0
2023-10-17 00:00:00+05:30,371.9613474392852,374.82264900282695,370.6841419947454,373.9414978027344,3378270,0.0,0.0
2023-10-18 00:00:00+05:30,373.9315497958397,374.4167071321121,366.83272837665487,369.5356140136719,2524565,0.0,0.0
2023-10-19 00:00:00+05:30,363.7535733547028,374.24837510154725,361.0704783848561,372.0404968261719,3099700,0.0,0.0
2023-10-20 00:00:00+05:30,371.57516514804485,373.40681008755365,369.49603165342285,371.6147766113281,2206225,0.0,0.0
2023-10-23 00:00:00+05:30,371.2385629146568,379.39680254569356,369.49605122889255,372.26824951171875,10365280,0.0,0.0
2023-10-25 00:00:00+05:30,370.5950191353434,373.62464661304296,354.84292020648746,359.625,6849205,0.0,0.0
2023-10-26 00:00:00+05:30,359.62498253147373,360.1596013206084,348.67475455332044,355.9517822265625,4792965,0.0,0.0
2023-10-27 00:00:00+05:30,366.5258086246903,401.9110825008213,366.5258086246903,383.19866943359375,25056665,0.0,0.0
2023-10-30 00:00:00+05:30,383.15906138368393,383.19867284755884,369.34750173630147,374.68402099609375,10187990,0.0,0.0
2023-10-31 00:00:00+05:30,376.6245815777052,377.60477652365745,370.4267316754722,372.2385559082031,8455335,0.0,0.0
2023-11-01 00:00:00+05:30,373.0603043150995,377.6146560465856,371.50590929326415,376.6741027832031,3794295,0.0,0.0
2023-11-02 00:00:00+05:30,378.901750495821,389.09951187642474,376.78297529196493,387.08966064453125,4288760,0.0,0.0
2023-11-03 00:00:00+05:30,388.6044764622252,401.56455588586454,386.5352231305209,398.713134765625,9322270,0.0,0.0
2023-11-06 00:00:00+05:30,397.802306679767,398.4854609567987,392.46578706856207,394.346923828125,5634155,0.0,0.0
2023-11-07 00:00:00+05:30,396.01025211235503,397.09931055812683,386.9708615525273,393.4954528808594,8807090,0.0,0.0
2023-11-08 00:00:00+05:30,393.4954809503526,394.5746592680299,390.3371387170516,392.0004577636719,3525375,0.0,0.0
2023-11-09 00:00:00+05:30,390.0895945483551,390.0895945483551,384.1491438699537,384.8223876953125,4975345,0.0,0.0
2023-11-10 00:00:00+05:30,384.14915563917845,389.28764805059984,381.5551635978219,386.56494140625,2430100,0.0,0.0
2023-11-13 00:00:00+05:30,387.5946182298274,390.6836477648946,382.20860716853764,389.6539611816406,2779500,0.0,0.0
2023-11-15 00:00:00+05:30,393.1093052985136,404.18824805451635,391.0994540595751,403.10906982421875,6346865,0.0,0.0
2023-11-16 00:00:00+05:30,403.31697713453815,406.1288169998112,399.0992777660168,403.10906982421875,3184495,0.0,0.0
2023-11-17 00:00:00+05:30,399.78244601882767,399.78244601882767,392.28757001790274,395.0003662109375,5468870,0.0,0.0
2023-11-20 00:00:00+05:30,395.0399623837236,397.97057620094216,391.63410164424226,393.84197998046875,2862980,0.0,0.0
2023-11-21 00:00:00+05:30,396.0300367375269,399.95072564111416,392.10934783393975,396.0003356933594,5089455,0.0,0.0
2023-11-22 00:00:00+05:30,397.0102093243566,398.01019485575614,386.7728362963674,391.4955139160156,2639075,0.0,0.0
2023-11-23 00:00:00+05:30,391.67373997913967,395.8122469031771,390.08961367761117,391.04998779296875,1529325,0.0,0.0
2023-11-24 00:00:00+05:30,391.0499897129805,392.0697659258665,384.36698233924415,385.63427734375,2379295,0.0,0.0
2023-11-28 00:00:00+05:30,386.48572125512544,390.08960930608333,383.0699801146384,389.2381591796875,3604165,0.0,0.0
2023-11-29 00:00:00+05:30,389.238147629778,392.34696779853016,388.10944748861976,390.9509582519531,3299720,0.0,0.0
2023-11-30 00:00:00+05:30,390.6935496747036,399.9903700560406,390.34704753576864,397.4557800292969,11002290,0.0,0.0
2023-12-01 00:00:00+05:30,398.8022394129418,401.9507012037317,395.4359901055927,396.673583984375,3034950,0.0,0.0
2023-12-04 00:00:00+05:30,400.98041677703964,417.4156695323213,397.4656622467235,414.7325744628906,9360830,0.0,0.0
2023-12-05 00:00:00+05:30,414.7325873968624,415.6038281344647,404.55458601292696,409.8811950683594,8296900,0.0,0.0
2023-12-06 00:00:00+05:30,411.2772088455174,412.68312884470566,404.9407339657648,407.05950927734375,3598450,0.0,0.0
2023-12-07 00:00:00+05:30,408.0990631902461,409.8910967273616,401.97049582441747,402.92095947265625,3904160,0.0,0.0
2023-12-08 00:00:00+05:30,405.9308229185866,407.41593568536194,398.94089458013985,402.287353515625,4218365,0.0,0.0
2023-12-11 00:00:00+05:30,402.28735876605765,409.47528410506936,399.08940502257275,405.3565979003906,4948465,0.0,0.0
2023-12-12 00:00:00+05:30,408.9010064185952,408.9010064185952,393.66373649476225,395.0894470214844,7159045,0.0,0.0
2023-12-13 00:00:00+05:30,398.0003087546122,398.3468411077785,391.2876002965166,395.0993957519531,7973270,0.0,0.0
2023-12-14 00:00:00+05:30,397.21815188514023,421.77200287758154,397.0399153996294,419.4552307128906,11924520,0.0,0.0
2023-12-15 00:00:00+05:30,419.1978086241374,420.10869104825315,409.9108989679222,411.41583251953125,11228265,0.0,0.0
2023-12-18 00:00:00+05:30,411.23757144628473,411.58410376783064,404.524863600711,405.5347595214844,4203410,0.0,0.0
2023-12-19 00:00:00+05:30,407.6733636631968,412.3960113699204,403.95067133707386,407.8218688964844,11070960,0.0,0.0
2023-12-20 00:00:00+05:30,408.1089791465898,418.19784710075874,394.0499002672569,395.78253173828125,9435625,0.0,0.0
2023-12-21 00:00:00+05:30,395.4953799893111,405.51493488837076,390.4856025397813,399.3665771484375,9405990,0.0,0.0
2023-12-22 00:00:00+05:30,401.9507098656127,409.69307437495223,399.2972855691554,407.0099792480469,6928875,0.0,0.0
2023-12-26 00:00:00+05:30,410.28711427966977,411.23757791296686,401.594256133932,403.10906982421875,4822975,0.0,0.0
2023-12-27 00:00:00+05:30,404.15855843302586,409.00004029872974,403.1189916373532,405.9110107421875,3750095,0.0,0.0
2023-12-28 00:00:00+05:30,408.8614018006184,408.8614018006184,403.17838043750965,405.0694274902344,3288345,0.0,0.0
2023-12-29 00:00:00+05:30,406.42584338565723,409.49508235063166,403.5447211137251,406.5842590332031,5291010,0.0,0.0
2024-01-01 00:00:00+05:30,407.0297915941013,407.91097300486035,404.16849004364633,405.7030944824219,1523610,0.0,0.0
2024-01-02 00:00:00+05:30,405.93079776093685,407.86145632397046,399.19829905468214,401.98040771484375,5389635,0.0,0.0
2024-01-03 00:00:00+05:30,402.96056120920304,415.4355133731147,401.7724590165662,413.8612976074219,6787670,0.0,0.0
2024-01-04 00:00:00+05:30,415.8315388223822,426.22732729294177,413.8910001013254,425.365966796875,7695105,0.0,0.0
2024-01-05 00:00:00+05:30,426.32635040059023,431.0292071950604,419.682954841569,430.1678466796875,8114435,0.0,0.0
2024-01-08 00:00:00+05:30,432.46482196058764,440.58345043653264,428.4154181430132,434.9103088378906,7487975,0.0,0.0
2024-01-09 00:00:00+05:30,436.93995838623835,440.1972837703176,425.85110497726436,429.2668762207031,5463445,0.0,0.0
2024-01-10 00:00:00+05:30,431.6727504996366,433.2271756830084,422.90069947648186,425.7322998046875,2470725,0.0,0.0
2024-01-11 00:00:00+05:30,439.1874296736354,453.4247150842967,436.42511156067604,451.4247741699219,14663945,0.0,0.0
2024-01-12 00:00:00+05:30,454.00885009765625,456.0484024523329,447.5337502744768,454.00885009765625,5187280,0.0,0.0
2024-01-15 00:00:00+05:30,454.00885009765625,454.00885009765625,454.00885009765625,454.00885009765625,0,0.0,0.0
2024-01-16 00:00:00+05:30,460.38494369700436,462.35518357229535,454.45440323077133,457.3553161621094,6647950,0.0,0.0
2024-01-17 00:00:00+05:30,454.246452139965,458.96912979113876,443.5536529493845,453.0583801269531,5308645,0.0,0.0
2024-01-18 00:00:00+05:30,449.6921175194179,452.91974176363595,434.9498849408355,446.6030578613281,7883550,0.0,0.0
2024-01-19 00:00:00+05:30,449.6921263043634,459.7809940757582,449.6921263043634,455.8008728027344,5296785,0.0,0.0
2024-01-23 00:00:00+05:30,452.8702978690398,458.19690724423833,445.0585900895386,451.3752746582031,10999270,0.0,0.0
2024-01-24 00:00:00+05:30,442.33587562493835,458.4048066130942,437.52412477131963,455.9197082519531,8501730,0.0,0.0
2024-01-25 00:00:00+05:30,458.959206574171,465.9194332523922,453.8504154809918,456.850341796875,5327820,0.0,0.0
2024-01-29 00:00:00+05:30,481.57254014546095,483.5526904176172,455.8602876529242,477.0181884765625,17895075,0.0,0.0
2024-01-30 00:00:00+05:30,477.0181785406553,494.35440348098604,477.0181785406553,485.720947265625,14238795,0.0,0.0
2024-01-31 00:00:00+05:30,485.13680208728954,490.9980600110546,475.33506457785256,488.46343994140625,9573360,0.0,0.0
2024-02-01 00:00:00+05:30,477.4142270621767,482.9487432657736,472.9786797205694,474.6816101074219,10601720,0.0,0.0
2024-02-02 00:00:00+05:30,474.74103849839054,479.42410487536284,472.3846547868209,476.3251647949219,4405185,0.0,0.0
2024-02-05 00:00:00+05:30,478.99831513761785,481.65173933468134,464.7808513874063,466.7412109375,1993400,0.0,0.0
2024-02-06 00:00:00+05:30,467.3154555048829,476.00831382878,460.11762027725666,474.5331115722656,7511415,0.0,0.0
2024-02-07 00:00:00+05:30,474.8301145205599,486.94862409977986,474.53310407585127,477.93896484375,5230250,0.0,0.0
2024-02-08 00:00:00+05:30,480.18644388879954,480.18644388879954,463.5135821226302,464.92938232421875,4430985,0.0,0.0
2024-02-09 00:00:00+05:30,464.9293869418326,466.13727983570436,453.7514300170823,462.1868896484375,2903050,0.0,0.0
2024-02-12 00:00:00+05:30,462.3650841818382,465.91945026102724,446.4941811089809,447.9595031738281,2845040,0.0,0.0
2024-02-13 00:00:00+05:30,448.90005591796387,464.04822346892865,442.6130728272707,461.50372314453125,8984610,0.0,0.0
2024-02-14 00:00:00+05:30,452.46433196718516,476.1469422433907,451.51386830763124,473.90936279296875,3686385,0.0,0.0
2024-02-15 00:00:00+05:30,482.602234284296,487.7902184096679,477.61224706041475,482.6814270019531,5721585,0.0,0.0
2024-02-16 00:00:00+05:30,483.1566593082599,487.0773483294173,481.9388560314838,485.01800537109375,4596560,0.0,0.0
2024-02-19 00:00:00+05:30,485.01800803620154,487.5031062736078,478.5132072004579,483.1368713378906,3451410,0.0,0.0
2024-02-20 00:00:00+05:30,483.1368629340554,484.11702762400756,474.3053796606022,478.5329895019531,4396705,0.0,0.0
2024-02-21 00:00:00+05:30,477.9686649276491,478.2161837026403,464.35513230313484,466.51348876953125,3665875,0.0,0.0
2024-02-22 00:00:00+05:30,467.1372701362115,475.17667561643697,461.97895678816417,474.2856140136719,2571220,0.0,0.0
2024-02-23 00:00:00+05:30,474.93905012044337,486.5229109680792,472.8796769377337,484.23583984375,5723325,0.0,0.0
2024-02-26 00:00:00+05:30,485.1169981587361,501.96806512856307,484.73085437481507,492.0970153808594,5989015,0.0,0.0
2024-02-27 00:00:00+05:30,490.08720548251284,496.8890170151612,446.9199223506089,469.7708740234375,20513770,0.0,0.0
2024-02-28 00:00:00+05:30,473.6519509642801,482.7507441107542,456.9988795052668,465.09771728515625,11119410,0.0,0.0
2024-02-29 00:00:00+05:30,475.0380470482176,486.1466914904123,465.56305078272186,482.87945556640625,20232355,0.0,0.0
2024-03-01 00:00:00+05:30,488.9981054962598,489.85946603352045,482.166593074691,485.2259216308594,5500370,0.0,0.0
2024-03-04 00:00:00+05:30,487.11697107946407,488.1070462239345,478.9983428089281,484.4437561035156,2666695,0.0,0.0
2024-03-05 00:00:00+05:30,477.4142572499122,486.29523269973066,477.4142572499122,481.4735412597656,6190170,0.0,0.0
2024-03-06 00:00:00+05:30,483.94869900400244,485.7308523209569,465.11748139330234,470.20648193359375,6744720,0.0,0.0
2024-03-07 00:00:00+05:30,470.2064827992194,486.20606992880266,470.2064827992194,485.0476989746094,5963990,0.0,0.0
2024-03-11 00:00:00+05:30,484.34476537377975,495.01777405980266,479.325077216346,491.265380859375,11377355,0.0,0.0
2024-03-12 00:00:00+05:30,491.8693252747125,491.8693252747125,477.25583652231137,479.54290771484375,7206710,0.0,0.0
2024-03-13 00:00:00+05:30,482.14680657430404,483.09727025651364,455.45435882277974,459.6720886230469,8118855,0.0,0.0
2024-03-14 00:00:00+05:30,458.4047688394943,460.96905970896705,448.7317460417046,453.75140380859375,10111785,0.0,0.0
2024-03-15 00:00:00+05:30,454.24645419979015,458.4047818009249,445.73183231649654,448.8604431152344,7257360,0.0,0.0
2024-03-18 00:00:00+05:30,448.50404849082423,461.94925589946035,448.4545568185911,457.2068176269531,5870405,0.0,0.0
2024-03-19 00:00:00+05:30,459.9889354744083,463.92941536028536,450.98915569825186,452.8603820800781,6619825,0.0,0.0
2024-03-20 00:00:00+05:30,453.4544084166379,460.9591645889802,451.4742581615434,458.2463684082031,4526425,0.0,0.0
2024-03-21 00:00:00+05:30,459.9295037321549,466.31547011383157,453.4544040009353,457.5731201171875,8698620,0.0,0.0
2024-03-22 00:00:00+05:30,463.1571088785341,467.0580070986163,456.4543114853469,461.51361083984375,6367775,0.0,0.0
2024-03-26 00:00:00+05:30,451.6722647642932,473.1370853033586,451.4643272423694,469.800537109375,10693585,0.0,0.0
2024-03-27 00:00:00+05:30,477.21623910916577,481.1765398486609,464.34526170580654,472.5331726074219,77232200,0.0,0.0
2024-03-28 00:00:00+05:30,470.0975685430166,474.1568826058726,463.0086270093006,467.2758483886719,11625440,0.0,0.0
2024-04-01 00:00:00+05:30,469.49363410351185,482.5626075618581,468.5134391884821,481.5230407714844,4228910,0.0,0.0
2024-04-02 00:00:00+05:30,481.176523264556,489.3545536784546,481.1666128443458,488.295166015625,4433110,0.0,0.0
2024-04-03 00:00:00+05:30,490.48320702125113,508.2649476661686,486.87934930626005,506.21551513671875,11588495,0.0,0.0
2024-04-04 00:00:00+05:30,509.87876690276454,509.87876690276454,492.2653525999328,494.89892578125,7019985,0.0,0.0
2024-04-05 00:00:00+05:30,497.12661324603175,501.37404404994277,494.66133582008325,498.7701416015625,3253480,0.0,0.0
2024-04-08 00:00:00+05:30,503.5423096972873,510.93817217039697,500.38396759686873,508.740234375,3678905,0.0,0.0
2024-04-09 00:00:00+05:30,512.8589255392733,515.9578655800684,499.61171525373373,505.01751708984375,4766875,0.0,0.0
2024-04-10 00:00:00+05:30,506.90857279907755,508.1560771725781,498.89886835990944,500.5918884277344,3504425,0.0,0.0
2024-04-12 00:00:00+05:30,498.9879687209818,498.9879687209818,490.8594601419108,492.1861572265625,4144555,0.0,0.0
2024-04-15 00:00:00+05:30,493.65148457800956,493.65148457800956,476.8300869355242,478.1369934082031,4750690,0.0,0.0
2024-04-16 00:00:00+05:30,475.23607728831786,479.98842597532257,468.9689148135444,475.38458251953125,4033025,0.0,0.0
2024-04-18 00:00:00+05:30,479.1765945442194,483.60223178940214,467.53330080608583,469.582763671875,6791185,0.0,0.0
2024-04-19 00:00:00+05:30,465.30560996757316,471.0084523840079,460.40472598911265,468.6124572753906,4797160,0.0,0.0
2024-04-22 00:00:00+05:30,473.2559130522449,481.6319402080759,470.0876605442598,480.11712646484375,3489700,0.0,0.0
2024-04-23 00:00:00+05:30,483.5427961224673,486.40409747071703,478.62212163095296,480.57257080078125,2892585,0.0,0.0
2024-04-24 00:00:00+05:30,480.5824505623117,491.41387464257224,478.8003274568227,487.3248596191406,8459300,0.0,0.0
2024-04-25 00:00:00+05:30,486.9189357315551,495.88901397161,479.64190771449836,493.4237365722656,14587660,0.0,0.0
2024-04-26 00:00:00+05:30,497.512753113392,502.35423500495216,462.7611099873086,494.7603454589844,20810260,0.0,0.0
2024-04-29 00:00:00+05:30,508.88869792129924,510.2748272519608,481.22599683281754,493.4930419921875,11904615,0.0,0.0
2024-04-30 00:00:00+05:30,493.6514904426109,510.6411841451863,491.86933699105043,505.27496337890625,13426225,0.0,0.0
2024-05-02 00:00:00+05:30,504.2551363514725,514.6410142673126,501.96806533487376,511.2945556640625,9243475,0.0,0.0
2024-05-03 00:00:00+05:30,514.8390887652333,526.3239365736237,509.918444172951,512.5718383789062,7622145,0.0,0.0
2024-05-06 00:00:00+05:30,514.8390644159213,516.6112771330803,494.80983378260396,504.45318603515625,4326785,0.0,0.0
2024-05-07 00:00:00+05:30,504.4532032838774,507.90855591565344,483.48338847998025,492.22576904296875,7825870,0.0,0.0
2024-05-08 00:00:00+05:30,491.77032307034216,494.64153486886676,481.72103645346397,484.74078369140625,7324775,0.0,0.0
2024-05-09 00:00:00+05:30,484.74077383879506,489.91884726195525,466.16695533869944,467.49365234375,4104015,0.0,0.0
2024-05-10 00:00:00+05:30,470.08766049689564,476.5627603190392,461.5928291604428,464.2165222167969,10984650,0.0,0.0
2024-05-13 00:00:00+05:30,464.345217882893,466.25605555783545,451.22672292138265,455.79095458984375,8390345,0.0,0.0
2024-05-14 00:00:00+05:30,464.3452488976362,478.77065119487446,458.76121050591973,461.4443359375,12376035,0.0,0.0
2024-05-15 00:00:00+05:30,462.9591127513338,463.75116072825944,456.0384674066003,459.39483642578125,4269680,0.0,0.0
2024-05-16 00:00:00+05:30,462.7610953771523,464.5036372206498,448.5040199899471,463.09771728515625,12445545,0.0,0.0
2024-05-17 00:00:00+05:30,464.14719289081916,472.5925322506001,459.5928716212502,469.6124267578125,4729135,0.0,0.0
2024-05-21 00:00:00+05:30,469.2956051665074,473.1568920774701,465.06799529683343,469.93914794921875,3935580,0.0,0.0
2024-05-22 00:00:00+05:30,469.939145106735,471.246051503985,461.7908462855767,462.71160888671875,3465540,0.0,0.0
2024-05-23 00:00:00+05:30,464.54326235767195,477.15680982550543,461.07799940807416,475.3251647949219,5512760,0.0,0.0
2024-05-24 00:00:00+05:30,475.2063643546567,480.9686088991605,467.85011334384365,474.74102783203125,4877325,0.0,0.0
2024-05-27 00:00:00+05:30,477.2162075523569,479.8894224606235,470.4837088262928,471.2757568359375,3398210,0.0,0.0
2024-05-28 00:00:00+05:30,473.2559099840432,481.77056210619304,470.28568460757435,473.9885559082031,6493910,0.0,0.0
2024-05-29 00:00:00+05:30,470.29559255875876,474.7707212251899,466.9194327727986,470.21636962890625,2197930,0.0,0.0
2024-05-30 00:00:00+05:30,468.5035625059138,471.2757607775508,453.85043248737463,455.9692077636719,6688165,0.0,0.0
2024-05-31 00:00:00+05:30,459.17707119496777,472.7312029864259,458.1375043295685,466.1372985839844,12916455,0.0,0.0
2024-06-03 00:00:00+05:30,485.1368201039105,504.33439163107624,480.23593605983973,496.8493957519531,15161795,0.0,0.0
2024-06-04 00:00:00+05:30,502.9581706570668,502.9581706570668,434.2469620472491,447.652587890625,17788625,0.0,0.0
2024-06-05 00:00:00+05:30,443.929874617749,474.8201993615898,441.57349106426585,472.7509460449219,7114095,0.0,0.0
2024-06-06 00:00:00+05:30,481.17651221735895,501.96808990576335,475.245971869226,490.0475769042969,10501485,0.0,0.0
2024-06-07 00:00:00+05:30,490.948541683744,496.4137756475222,487.1268662487898,494.6316223144531,3706890,0.0,0.0
2024-06-10 00:00:00+05:30,497.01772759800093,505.4333664119113,492.10696329141047,498.8196716308594,4849020,0.0,0.0
2024-06-11 00:00:00+05:30,497.99789547729216,505.3442664651187,493.05743009345207,501.57208251953125,4681350,0.0,0.0
2024-06-12 00:00:00+05:30,501.9185915773336,511.5619135276209,501.08690189189804,508.294677734375,3510365,0.0,0.0
2024-06-13 00:00:00+05:30,513.254989420394,534.1752824794825,511.09657238403713,531.53173828125,10022455,0.0,0.0
2024-06-14 00:00:00+05:30,537.0168033388229,543.9473296186338,533.6604339659743,541.0067749023438,15318425,0.0,0.0
2024-06-18 00:00:00+05:30,544.3333605592993,562.5903475885411,541.0463040175309,560.3330078125,12393205,0.0,0.0
2024-06-19 00:00:00+05:30,560.3429122177665,560.5805205674955,546.5214423911218,552.7094116210938,9175135,0.0,0.0
2024-06-20 00:00:00+05:30,555.3430261187304,565.2339276336394,547.4620665949833,555.4717407226562,6948810,0.0,0.0
2024-06-21 00:00:00+05:30,556.4222339582498,562.7587390861145,553.452008510074,558.7291259765625,9672340,0.0,0.0
2024-06-24 00:00:00+05:30,558.2637483245728,572.2634251664741,550.4520410454578,570.7288208007812,5367855,0.0,0.0
2024-06-25 00:00:00+05:30,570.926867949635,594.0450988757943,566.6497359862022,592.0352172851562,15844875,0.0,0.0
2024-06-26 00:00:00+05:30,591.2332580266774,605.8171062765246,585.8472467202444,591.8768310546875,9032225,0.0,0.0
2024-06-27 00:00:00+05:30,591.4807261090269,593.3817137690705,578.9859834516249,584.3522338867188,12298175,0.0,0.0
2024-06-28 00:00:00+05:30,584.352280287056,587.96601835321,574.2435911774377,576.520751953125,6005455,0.0,0.0
2024-07-01 00:00:00+05:30,574.6494742032681,582.5602251781655,574.6494742032681,579.04541015625,6673330,0.0,0.0
2024-07-02 00:00:00+05:30,579.5899970042071,582.1641681337229,557.5410048362957,559.3726196289062,12638725,0.0,0.0
2024-07-03 00:00:00+05:30,562.3626622328594,571.2733382189435,555.541030224904,564.4319458007812,7945600,0.0,0.0
2024-07-04 00:00:00+05:30,567.89726305706,567.9071130484119,558.402415258326,561.1251220703125,3958315,0.0,0.0
2024-07-05 00:00:00+05:30,561.3726372263457,568.7487095368035,557.2737114038606,567.4813842773438,6163345,0.0,0.0
2024-07-08 00:00:00+05:30,565.5308956230779,565.5308956230779,553.669755117972,556.0459594726562,4065755,0.0,0.0
2024-07-09 00:00:00+05:30,556.204429931428,557.2043550419617,549.5214228712871,552.8579711914062,6359760,0.0,0.0
2024-07-10 00:00:00+05:30,553.2440292510225,555.362804413987,535.6306154262435,546.937255859375,8300735,0.0,0.0
2024-07-11 00:00:00+05:30,546.937301572877,551.560996067454,537.442514653138,542.3631591796875,5689115,0.0,0.0
2024-07-12 00:00:00+05:30,544.5413189700645,566.3229717288671,544.5413189700645,553.3331909179688,9030805,0.0,0.0
2024-07-15 00:00:00+05:30,557.0162813813656,572.0654364541045,555.8678207423545,570.73876953125,7400215,0.0,0.0
2024-07-16 00:00:00+05:30,571.6495912672136,574.2435833091901,554.8381346656704,557.1152954101562,4907090,0.0,0.0
2024-07-18 00:00:00+05:30,549.8877396044239,569.0852500379,549.8877396044239,567.7684936523438,4119020,0.0,0.0
2024-07-19 00:00:00+05:30,566.3229705188363,569.4614917394196,552.3332041924726,556.5905151367188,3677715,0.0,0.0
2024-07-22 00:00:00+05:30,554.4222624630909,563.9369305689754,547.3234405667386,559.86767578125,2717785,0.0,0.0
2024-07-23 00:00:00+05:30,562.7741596963535,562.7741596963535,530.2060882926918,545.2957153320312,12227465,3.0,0.0
2024-07-24 00:00:00+05:30,545.2558304552389,549.4363364700226,530.5842974226683,542.3195190429688,5130575,0.0,0.0
2024-07-25 00:00:00+05:30,537.392579389805,539.4828021083671,524.6519775283274,533.3115844726562,10445410,0.0,0.0
2024-07-26 00:00:00+05:30,538.646660694136,605.9725344241812,535.5013634314904,582.2830810546875,32196680,0.0,0.0
2024-07-29 00:00:00+05:30,591.2412780177407,604.3302296011326,578.3016540880594,585.8663330078125,12753435,0.0,0.0
2024-07-30 00:00:00+05:30,585.8663322489895,593.5107173759563,575.7137528571259,579.705078125,9486875,0.0,0.0
2024-07-31 00:00:00+05:30,584.0548903440623,586.6726201386406,580.501462939976,583.6666870117188,4655790,0.0,0.0
2024-08-01 00:00:00+05:30,583.8558070291103,597.0143812029592,581.2778088432377,595.0734252929688,8859720,0.0,0.0
2024-08-02 00:00:00+05:30,586.2645132909712,601.7721722659156,581.287734740114,595.6407470703125,8905205,0.0,0.0
2024-08-05 00:00:00+05:30,572.5286328363907,585.6374508996915,559.0116848994275,575.604248046875,9480440,0.0,0.0
2024-08-06 00:00:00+05:30,581.3176610932945,585.3588031004061,562.3760115779185,564.7250366210938,5917390,0.0,0.0
2024-08-07 00:00:00+05:30,575.3355636832833,583.6965157303097,571.4436885876496,582.2930908203125,3986695,0.0,0.0
2024-08-08 00:00:00+05:30,581.287754240102,581.287754240102,569.0647565483501,571.7721557617188,4434050,0.0,0.0
2024-08-09 00:00:00+05:30,579.2970578458784,591.9081984349009,573.3448497848428,588.8723754882812,4568775,0.0,0.0
2024-08-12 00:00:00+05:30,587.2499362471755,600.1995244298552,582.8007251522649,592.4556274414062,5709795,0.0,0.0
2024-08-13 00:00:00+05:30,593.2319874153189,596.3076632083331,569.4429622770153,575.5843505859375,7249815,0.0,0.0
2024-08-14 00:00:00+05:30,577.5053840070834,580.6108889025378,570.1397275937912,576.3308715820312,3626125,0.0,0.0
2024-08-16 00:00:00+05:30,579.8941936749816,595.6009354338973,577.7143623101961,593.5305786132812,4976095,0.0,0.0
2024-08-19 00:00:00+05:30,602.7873780397989,614.1344571401469,599.8112742643658,612.26318359375,9092170,0.0,0.0
2024-08-20 00:00:00+05:30,620.703789766587,632.4490356193726,607.6248620494115,629.034912109375,12149555,0.0,0.0
2024-08-21 00:00:00+05:30,625.0734053890246,635.0369254920146,620.4748669955969,628.8756713867188,5227030,0.0,0.0
2024-08-22 00:00:00+05:30,630.0602006727925,630.4484040024289,621.758906843135,625.800048828125,4610695,0.0,0.0
2024-08-23 00:00:00+05:30,629.0648159960504,629.5227014985554,620.6440847214435,622.4058837890625,2466965,0.0,0.0
2024-08-26 00:00:00+05:30,625.083379392231,632.996469354939,619.3103284844881,629.4927978515625,3366050,0.0,0.0
2024-08-27 00:00:00+05:30,627.8505094928998,650.7436910262998,620.3056961335926,642.8903198242188,9915805,0.0,0.0
2024-08-28 00:00:00+05:30,642.0044368842705,646.5830488776521,635.3852970715311,637.3959350585938,3352220,0.0,0.0
2024-08-29 00:00:00+05:30,636.8286026881559,649.3701217071078,631.9612984444791,637.127197265625,5976425,0.0,0.0
2024-08-30 00:00:00+05:30,637.177006138505,641.8850193841974,632.4490663373183,637.9235229492188,11026125,0.0,0.0
2024-09-02 00:00:00+05:30,640.9991245787437,648.6534125454804,639.8246121116946,642.05419921875,3165735,0.0,0.0
2024-09-03 00:00:00+05:30,639.2174819991194,653.5605317874036,635.0469389295836,651.2811889648438,7181415,0.0,0.0
2024-09-04 00:00:00+05:30,644.4031987251104,653.3415341073946,642.2035015374604,645.7767944335938,3467420,0.0,0.0
2024-09-05 00:00:00+05:30,646.3740802300148,655.7403510365937,642.8306162166315,646.0853881835938,3368300,0.0,0.0
2024-09-06 00:00:00+05:30,647.7576455499592,650.355509482684,641.0488967489938,644.1245727539062,3058060,0.0,0.0
2024-09-09 00:00:00+05:30,654.9440378849811,661.553214185077,640.2326517637749,660.0601806640625,8095085,0.0,0.0
2024-09-10 00:00:00+05:30,662.4888565496386,664.4795679278026,643.0296649784244,648.9818725585938,6190070,0.0,0.0
2024-09-11 00:00:00+05:30,649.977233385402,656.536593407354,647.7974019790145,652.9334106445312,2946285,0.0,0.0
2024-09-12 00:00:00+05:30,656.9347690660935,679.3103460022277,656.048887903159,676.9912109375,9163615,0.0,0.0
2024-09-13 00:00:00+05:30,676.7821891185421,681.8186867688398,669.8744178035462,670.5214233398438,4786700,0.0,0.0
2024-09-16 00:00:00+05:30,672.4622921325974,684.7748373824082,669.3966402926806,680.6142578125,4724820,0.0,0.0
2024-09-17 00:00:00+05:30,679.8279477253461,690.1298549897609,678.3249508878496,681.739013671875,8030320,0.0,0.0
2024-09-18 00:00:00+05:30,685.7005875359723,714.6554517361229,684.8047430772001,711.61962890625,10582475,0.0,0.0
2024-09-19 00:00:00+05:30,710.9925484078185,721.36413809434,696.7490103547764,701.7954711914062,6428925,0.0,0.0
2024-09-20 00:00:00+05:30,704.5127558893646,713.8691238175816,700.1332272381262,703.13916015625,6407140,0.0,0.0
2024-09-23 00:00:00+05:30,706.8916569717911,719.044971766764,704.7118255896876,710.22607421875,2935070,0.0,0.0
2024-09-24 00:00:00+05:30,712.9733136312038,712.9733136312038,697.1471936115703,699.993896484375,6681865,0.0,0.0
2024-09-25 00:00:00+05:30,699.9938928702604,704.6720770349394,688.3880108307571,701.5366821289062,3801635,0.0,0.0
2024-09-26 00:00:00+05:30,704.1345335204265,724.0217823173814,702.6315366478252,722.3197021484375,5359390,0.0,0.0
2024-09-27 00:00:00+05:30,720.2394054659128,727.0576288902588,715.8200234502125,720.8466186523438,4967200,0.0,0.0
2024-09-30 00:00:00+05:30,719.4331620308658,725.6043798428616,710.2858402410192,712.0675659179688,4405700,0.0,0.0
2024-10-01 00:00:00+05:30,712.0774876458638,722.1902747641376,708.2552950509245,710.7636108398438,3381135,0.0,0.0
2024-10-03 00:00:00+05:30,710.6839877374746,711.6594169075531,676.8518563608311,678.7330932617188,8036680,0.0,0.0
2024-10-04 00:00:00+05:30,678.2354163303048,679.7284499200384,660.0203579342017,664.1610717773438,8827525,0.0,0.0
2024-10-07 00:00:00+05:30,670.8299473874978,679.429774437867,648.1756420046296,656.8053588867188,5480765,0.0,0.0
2024-10-08 00:00:00+05:30,652.555218209256,671.4769411084684,652.555218209256,662.767578125,9122180,0.0,0.0
2024-10-09 00:00:00+05:30,667.7841829764036,692.7675874769798,664.8976270612392,674.443115234375,6569580,0.0,0.0
2024-10-10 00:00:00+05:30,676.8418658014785,680.017052866703,662.0906872595435,664.4298095703125,3740385,0.0,0.0
2024-10-11 00:00:00+05:30,666.8883103388938,668.4609893349423,658.537261543946,665.136474609375,1799620,0.0,0.0
2024-10-14 00:00:00+05:30,670.4715859206493,682.8140210983219,667.6348464310487,675.90625,3844085,0.0,0.0
2024-10-15 00:00:00+05:30,680.823311279575,684.5260053906343,670.5910253352044,677.07080078125,5209855,0.0,0.0
2024-10-16 00:00:00+05:30,680.2261470732585,681.2215028279741,670.2924553300459,674.9308471679688,1607350,0.0,0.0
2024-10-17 00:00:00+05:30,672.6613581157661,674.0449170949137,646.1749579835628,648.6931762695312,8237815,0.0,0.0
2024-10-18 00:00:00+05:30,634.5890354592373,671.6461707120469,626.228083752586,665.8233032226562,9380205,0.0,0.0
2024-10-21 00:00:00+05:30,668.271894244266,673.5572307096467,651.3608102105503,659.5823974609375,5627980,0.0,0.0
2024-10-22 00:00:00+05:30,659.5824076613875,675.0502747355923,644.9905192498443,647.8770751953125,19691260,0.0,0.0
2024-10-23 00:00:00+05:30,637.0276341196407,649.0714135265395,631.0654633268225,636.5797119140625,9660305,0.0,0.0
2024-10-24 00:00:00+05:30,635.0369587035141,650.1663780204567,634.1510775192737,646.0057983398438,7501270,0.0,0.0
2024-10-25 00:00:00+05:30,647.8372167210468,647.8372167210468,602.7874066002232,615.6574096679688,15251890,0.0,0.0
2024-10-28 00:00:00+05:30,629.8611025198405,665.7237991293995,625.8796795446814,648.8325805664062,21602980,0.0,0.0
2024-10-29 00:00:00+05:30,645.4085494099284,654.0781197422165,629.5425765459732,650.1265258789062,10906400,0.0,0.0
2024-10-30 00:00:00+05:30,640.4217787359244,648.9121919452128,632.4390674012606,634.2008056640625,6964385,0.0,0.0
2024-10-31 00:00:00+05:30,634.041591464062,634.041591464062,614.6520815455453,624.8644409179688,8075010,0.0,0.0
2024-11-01 00:00:00+05:30,628.865752811381,629.8611085647234,625.0834130990187,627.2632446289062,286730,0.0,0.0
2024-11-04 00:00:00+05:30,628.149100464254,630.9858399460509,618.9022070080216,626.6560668945312,4842960,0.0,0.0
2024-11-05 00:00:00+05:30,628.5870682645152,632.2499700503068,608.162349302394,629.522705078125,7606175,0.0,0.0
2024-11-06 00:00:00+05:30,634.4397848334171,637.0276855051038,624.346862860789,634.3800659179688,4294660,0.0,0.0
2024-11-07 00:00:00+05:30,635.8133370269635,635.8133370269635,608.7595159024279,611.1782836914062,5846920,0.0,0.0
2024-11-08 00:00:00+05:30,614.1344866423016,614.1344866423016,596.6261525857252,598.7960815429688,3851745,0.0,0.0
2024-11-11 00:00:00+05:30,599.2041288086052,608.5703991743547,588.8126129154781,597.1039428710938,4101875,0.0,0.0
2024-11-12 00:00:00+05:30,600.090031205157,602.259899408397,581.8153145655556,583.517333984375,5430660,0.0,0.0
2024-11-13 00:00:00+05:30,583.3779610505442,583.3779610505442,565.2127192272038,568.1192016601562,6755505,0.0,0.0
2024-11-14 00:00:00+05:30,567.9101813284315,570.7370184242116,554.0149930156091,561.8982543945312,7172685,0.0,0.0
2024-11-18 00:00:00+05:30,561.8982438010726,570.6971545532894,557.3992163995912,566.9844970703125,4841895,0.0,0.0
2024-11-19 00:00:00+05:30,566.9546006126642,570.5379176986659,557.7376575663164,562.3262329101562,5942545,0.0,0.0
2024-11-21 00:00:00+05:30,564.5558092656262,564.7648558359574,551.028898395713,557.837158203125,4777400,0.0,0.0
2024-11-22 00:00:00+05:30,547.4456539662946,570.3388358594306,546.5597727821975,567.3627319335938,8194990,0.0,0.0
2024-11-25 00:00:00+05:30,582.6712831884105,600.1994823461741,582.6712831884105,586.8218994140625,13791540,0.0,0.0
2024-11-26 00:00:00+05:30,590.1962162239574,612.9997901936529,587.0608212464401,606.4404296875,10105100,0.0,0.0
2024-11-27 00:00:00+05:30,602.9666342666798,610.4915212925207,598.6765926705875,600.9957885742188,4064750,0.0,0.0
2024-11-28 00:00:00+05:30,605.1762882715522,612.1437784325733,595.471569832987,605.912841796875,12057145,0.0,0.0
2024-11-29 00:00:00+05:30,608.6600333266329,610.4616247809824,595.6606898282528,601.1251831054688,5600545,0.0,0.0
2024-12-02 00:00:00+05:30,601.1251550130645,620.0767054939773,599.3434901972641,615.9659423828125,5433440,0.0,0.0
2024-12-03 00:00:00+05:30,623.291785058663,638.4012781082048,622.1073092818036,628.178955078125,9872220,0.0,0.0
2024-12-04 00:00:00+05:30,626.1882544865512,631.7423566989676,621.0422821611764,623.5505981445312,5743725,0.0,0.0
2024-12-05 00:00:00+05:30,627.5618312199239,628.8757080878223,611.7456139201411,622.3561401367188,7117350,0.0,0.0
2024-12-06 00:00:00+05:30,622.4954899705865,626.7257517695905,615.8464603167808,622.3660888671875,3193785,0.0,0.0
2024-12-09 00:00:00+05:30,617.2399827006292,629.7316848054151,616.2247004281973,618.494140625,3963995,0.0,0.0
2024-12-10 00:00:00+05:30,622.1869550840133,636.4603225773841,618.9121957718197,634.3402099609375,5630900,0.0,0.0
2024-12-11 00:00:00+05:30,636.1318219946446,650.4848953455934,632.6480769437393,646.6328735351562,7350105,0.0,0.0
2024-12-12 00:00:00+05:30,644.8909836618714,649.9672734416737,641.3176299607513,646.6029663085938,5108345,0.0,0.0
2024-12-13 00:00:00+05:30,645.3985680402517,647.9068838655231,620.6242106337852,629.5724487304688,6003130,0.0,0.0
2024-12-16 00:00:00+05:30,631.8517924375556,636.4304651537,622.4954852163488,624.5757446289062,2943305,0.0,0.0
2024-12-17 00:00:00+05:30,624.0880098282819,624.0880098282819,590.2956724248816,592.6148681640625,10413170,0.0,0.0
2024-12-18 00:00:00+05:30,592.6149028364434,603.782765031226,579.06812585271,583.5571899414062,7447675,0.0,0.0
2024-12-19 00:00:00+05:30,571.3341814783813,587.7575508065926,568.0096666533202,586.3541259765625,7354675,0.0,0.0
2024-12-20 00:00:00+05:30,587.9068850360495,589.389955350479,566.0886437373615,572.7774658203125,12499100,0.0,0.0
2024-12-23 00:00:00+05:30,578.5007602750513,588.0561509468405,571.8915836720229,573.9022216796875,4691250,0.0,0.0
2024-12-24 00:00:00+05:30,573.9220729357468,576.8285553240858,568.3680318649987,573.9121704101562,2020780,0.0,0.0
2024-12-26 00:00:00+05:30,575.7734715862023,584.4629072782847,571.5630757262566,582.6613159179688,4462340,0.0,0.0
2024-12-27 00:00:00+05:30,584.6520201234501,585.2392459496311,575.4150903163056,577.0873413085938,1524915,0.0,0.0
2024-12-30 00:00:00+05:30,579.8544526523741,591.0124126606424,576.3707074711249,581.0886840820312,3452720,0.0,0.0
2024-12-31 00:00:00+05:30,576.8882958820731,579.8345099867032,573.533951903744,575.1464233398438,4075070,0.0,0.0
2025-01-01 00:00:00+05:30,577.1072411974827,583.4775421822337,573.9022249016205,581.0189819335938,1297175,0.0,0.0
2025-01-02 00:00:00+05:30,584.7316928123262,610.9294626381674,583.5969727117596,609.1676635742188,7297085,0.0,0.0
2025-01-03 00:00:00+05:30,609.1576968000165,616.7223759236539,604.4098306050046,606.8385009765625,3652225,0.0,0.0
2025-01-06 00:00:00+05:30,603.3846327002495,613.4078718098809,588.2552140300193,591.1516723632812,5430225,0.0,0.0
2025-01-07 00:00:00+05:30,592.6447252834992,601.5930242795299,587.2598775438837,588.9320678710938,2781710,0.0,0.0
2025-01-08 00:00:00+05:30,591.2413145314522,591.2413145314522,565.5312585405951,577.0574951171875,4976035,0.0,0.0
2025-01-09 00:00:00+05:30,578.0528566902667,582.1139251950094,557.5983080055045,559.3600463867188,5408205,0.0,0.0
2025-01-10 00:00:00+05:30,563.3713298596833,563.3713298596833,526.5431687204461,529.5292358398438,5999299,0.0,5.0
2025-01-13 00:00:00+05:30,527.5883169515669,538.1888802673101,516.3408088324002,518.6798706054688,5558523,0.0,0.0
2025-01-14 00:00:00+05:30,524.5026846848752,544.9572316399265,515.8928338021259,541.572998046875,6987503,0.0,0.0
2025-01-15 00:00:00+05:30,542.46887945431,543.4144795596608,526.6426988539565,530.7236938476562,4072535,0.0,0.0
2025-01-16 00:00:00+05:30,533.0627461454144,551.1782324830046,533.0627461454144,544.260498046875,6194466,0.0,0.0
2025-01-17 00:00:00+05:30,544.0116804814832,545.0070362451494,521.417092495919,524.0548095703125,5347916,0.0,0.0
2025-01-20 00:00:00+05:30,508.6267534317952,519.0779880913526,491.058731722089,514.30029296875,12701612,0.0,0.0
2025-01-21 00:00:00+05:30,515.594239022499,528.2850238633038,511.06538285709865,517.883544921875,7753705,0.0,0.0
2025-01-22 00:00:00+05:30,517.9333281067547,525.8961739206483,510.66724345191545,516.2412719726562,5895189,0.0,0.0
2025-01-23 00:00:00+05:30,516.2412970968429,530.972550419141,509.22402065632815,527.3394775390625,5150004,0.0,0.0
2025-01-24 00:00:00+05:30,529.479466776437,539.283695935799,506.7853390190661,525.0003662109375,7602501,0.0,0.0
2025-01-27 00:00:00+05:30,523.4575919115917,528.1855315315801,505.78999769263197,509.27374267578125,8523575,0.0,0.0
2025-01-28 00:00:00+05:30,517.6347483341567,539.2837360094528,506.23794316278486,527.6380615234375,16222471,0.0,0.0
2025-01-29 00:00:00+05:30,528.6832066340256,553.0694213891175,527.7873621994887,550.9293823242188,9135552,0.0,0.0
2025-01-30 00:00:00+05:30,550.9294073353533,557.3992197069518,534.3567098058888,535.7999877929688,7172857,0.0,0.0
2025-01-31 00:00:00+05:30,546.4000244140625,550.9000244140625,536.2000122070312,543.75,4058608,2.5,0.0
2025-02-01 00:00:00+05:30,547.9000244140625,549.6500244140625,518.0,531.7999877929688,3874882,0.0,0.0
2025-02-03 00:00:00+05:30,525.0,558.0,516.0,546.1500244140625,7442129,0.0,0.0
2025-02-04 00:00:00+05:30,556.0,579.9000244140625,545.4000244140625,576.75,12290382,0.0,0.0
2025-02-05 00:00:00+05:30,577.0,590.7999877929688,568.4000244140625,571.2999877929688,6953215,0.0,0.0
2025-02-06 00:00:00+05:30,570.0,570.0,554.3499755859375,566.3499755859375,6345455,0.0,0.0
2025-02-07 00:00:00+05:30,567.9000244140625,579.0999755859375,554.8499755859375,559.5499877929688,5747620,0.0,0.0
2025-02-10 00:00:00+05:30,561.7000122070312,566.5999755859375,546.5,560.7999877929688,4253881,0.0,0.0
2025-02-11 00:00:00+05:30,566.0,566.0,534.0,538.5499877929688,6416783,0.0,0.0
2025-02-12 00:00:00+05:30,538.5499877929688,551.5,527.0,547.1500244140625,5467745,0.0,0.0
2025-02-13 00:00:00+05:30,547.0,560.25,538.0,548.6500244140625,5723009,0.0,0.0
2025-02-14 00:00:00+05:30,550.9500122070312,554.9500122070312,526.7999877929688,539.1500244140625,6763071,0.0,0.0
2025-02-17 00:00:00+05:30,537.0,553.0,525.0999755859375,550.3499755859375,4397756,0.0,0.0
2025-02-18 00:00:00+05:30,550.9500122070312,554.4500122070312,539.0999755859375,553.3499755859375,2988732,0.0,0.0
2025-02-19 00:00:00+05:30,547.7999877929688,559.75,546.5,557.7999877929688,4066886,0.0,0.0
2025-02-20 00:00:00+05:30,557.0,582.25,557.0,580.8499755859375,7590778,0.0,0.0
2025-02-21 00:00:00+05:30,580.8499755859375,594.7000122070312,576.7000122070312,585.0999755859375,9328402,0.0,0.0
2025-02-24 00:00:00+05:30,576.0,581.75,568.7999877929688,577.2000122070312,4523171,0.0,0.0
2025-02-25 00:00:00+05:30,581.7999877929688,586.75,571.5,574.25,6222936,0.0,0.0
2025-02-27 00:00:00+05:30,581.2999877929688,608.7999877929688,580.2999877929688,606.7999877929688,17099035,0.0,0.0
2025-02-28 00:00:00+05:30,609.9500122070312,620.0,602.25,617.2999877929688,23771834,0.0,0.0
2025-03-03 00:00:00+05:30,625.2999877929688,630.0,614.9000244140625,621.2999877929688,10284029,0.0,0.0
2025-03-04 00:00:00+05:30,618.5999755859375,635.4000244140625,613.4000244140625,632.9000244140625,5369562,0.0,0.0
2025-03-05 00:00:00+05:30,626.5999755859375,637.5,621.5,631.2999877929688,9532495,0.0,0.0
2025-03-06 00:00:00+05:30,638.7999877929688,650.7999877929688,637.0,644.3499755859375,8075827,0.0,0.0
2025-03-07 00:00:00+05:30,644.3499755859375,647.6500244140625,627.4500122070312,630.8499755859375,5829062,0.0,0.0
2025-03-10 00:00:00+05:30,631.5499877929688,641.5,622.8499755859375,625.5999755859375,4906168,0.0,0.0
2025-03-11 00:00:00+05:30,624.2000122070312,640.0,615.5499877929688,638.25,6734891,0.0,0.0
2025-03-12 00:00:00+05:30,639.0,647.25,629.0999755859375,636.9500122070312,5378060,0.0,0.0
2025-03-13 00:00:00+05:30,638.0,644.0,617.5,619.5499877929688,5273706,0.0,0.0
2025-03-17 00:00:00+05:30,613.4000244140625,629.5,613.4000244140625,623.25,4548324,0.0,0.0
2025-03-18 00:00:00+05:30,623.25,623.25,623.25,623.25,0,0.0,0.0
2025-03-19 00:00:00+05:30,645.7000122070312,677.5999755859375,637.6500244140625,667.9500122070312,9823834,0.0,0.0
2025-03-20 00:00:00+05:30,690.0,695.0,665.0,667.9000244140625,8747482,0.0,0.0
2025-03-21 00:00:00+05:30,669.0499877929688,679.0,667.6500244140625,676.7999877929688,6365496,0.0,0.0
2025-03-24 00:00:00+05:30,677.0,694.9000244140625,674.0,682.0,4983671,0.0,0.0
2025-03-25 00:00:00+05:30,688.0,688.0,667.7000122070312,678.3499755859375,5257157,0.0,0.0
2025-03-26 00:00:00+05:30,678.7999877929688,680.9000244140625,669.25,672.0,4792266,0.0,0.0
2025-03-27 00:00:00+05:30,670.0,684.4000244140625,666.2000122070312,678.5,4628163,0.0,0.0
2025-03-28 00:00:00+05:30,682.0,685.0,650.1500244140625,656.0,6806264,0.0,0.0
2025-04-01 00:00:00+05:30,652.0,653.9000244140625,633.9000244140625,637.4500122070312,7600903,0.0,0.0
2025-04-02 00:00:00+05:30,640.0,644.0,630.5,639.4000244140625,4387926,0.0,0.0
2025-04-03 00:00:00+05:30,633.0,660.5499877929688,632.0,654.1500244140625,3704676,0.0,0.0
2025-04-04 00:00:00+05:30,655.5,665.0,649.5,653.5999755859375,5191619,0.0,0.0
2025-04-07 00:00:00+05:30,596.0,629.9500122070312,589.25,614.0,15188995,0.0,0.0
2025-04-08 00:00:00+05:30,623.7000122070312,648.2999877929688,623.0499877929688,641.4500122070312,10415072,0.0,0.0
2025-04-09 00:00:00+05:30,647.9500122070312,647.9500122070312,619.0,624.5499877929688,9235529,0.0,0.0
2025-04-11 00:00:00+05:30,627.0,648.6500244140625,627.0,638.7999877929688,7102851,0.0,0.0
2025-04-15 00:00:00+05:30,651.9500122070312,674.5499877929688,649.1500244140625,672.0,6085948,0.0,0.0
2025-04-16 00:00:00+05:30,672.6500244140625,678.0,662.4500122070312,676.0499877929688,6571065,0.0,0.0
2025-04-17 00:00:00+05:30,677.0,695.6500244140625,668.5499877929688,691.75,5771289,0.0,0.0
2025-04-21 00:00:00+05:30,698.75,717.5,690.5,703.0,6740583,0.0,0.0
2025-04-22 00:00:00+05:30,703.0,709.9500122070312,700.0,703.5,3672514,0.0,0.0
2025-04-23 00:00:00+05:30,709.5,713.7999877929688,685.9000244140625,703.9000244140625,5442424,0.0,0.0
2025-04-24 00:00:00+05:30,704.0,705.5,694.5,696.6500244140625,5010172,0.0,0.0
2025-04-25 00:00:00+05:30,698.9000244140625,705.5999755859375,635.0,655.2000122070312,9784886,0.0,0.0
2025-04-28 00:00:00+05:30,622.7000122070312,630.4000244140625,596.1500244140625,622.0,32221482,0.0,0.0
2025-04-29 00:00:00+05:30,625.0,630.7999877929688,610.2000122070312,614.7000122070312,10387632,0.0,0.0
2025-04-30 00:00:00+05:30,614.7000122070312,621.7999877929688,606.5,611.7000122070312,7374108,0.0,0.0
2025-05-02 00:00:00+05:30,611.7000122070312,616.2999877929688,599.5,603.5999755859375,7749204,0.0,0.0
2025-05-05 00:00:00+05:30,610.1500244140625,630.9000244140625,607.2000122070312,628.8499755859375,8616953,0.0,0.0
2025-05-06 00:00:00+05:30,628.7999877929688,631.8499755859375,617.0499877929688,623.4500122070312,5098276,0.0,0.0
2025-05-07 00:00:00+05:30,618.2000122070312,638.0,617.25,636.6500244140625,5983998,0.0,0.0
2025-05-08 00:00:00+05:30,635.0,640.7999877929688,607.0,615.7999877929688,10052396,0.0,0.0
2025-05-09 00:00:00+05:30,600.0,612.3499755859375,596.6500244140625,601.4500122070312,5637324,0.0,0.0
2025-05-12 00:00:00+05:30,611.0499877929688,648.0,611.0,645.9500122070312,9560644,0.0,0.0
2025-05-13 00:00:00+05:30,641.5999755859375,647.7999877929688,631.9500122070312,633.5999755859375,5748439,0.0,0.0
2025-05-14 00:00:00+05:30,639.5,655.2999877929688,637.5999755859375,651.9500122070312,9324793,0.0,0.0
2025-05-15 00:00:00+05:30,654.7999877929688,679.9500122070312,644.1500244140625,674.7999877929688,9817422,0.0,0.0
2025-05-16 00:00:00+05:30,674.0,674.7999877929688,660.0499877929688,665.5,5415727,0.0,0.0
2025-05-19 00:00:00+05:30,670.0,683.9000244140625,666.0,677.7999877929688,4356035,0.0,0.0
2025-05-20 00:00:00+05:30,682.0499877929688,682.0499877929688,656.2000122070312,658.3499755859375,7035801,0.0,0.0
2025-05-21 00:00:00+05:30,658.3499755859375,661.6500244140625,638.7000122070312,658.0,7986603,0.0,0.0
2025-05-22 00:00:00+05:30,652.0,654.7000122070312,640.2999877929688,649.75,6840583,0.0,0.0
2025-05-23 00:00:00+05:30,651.0,663.5999755859375,646.1500244140625,659.8499755859375,3128629,0.0,0.0
2025-05-26 00:00:00+05:30,664.8499755859375,667.7999877929688,652.0999755859375,664.5,2963171,0.0,0.0
2025-05-27 00:00:00+05:30,667.7999877929688,670.0,657.0,661.9000244140625,2493252,0.0,0.0
2025-05-28 00:00:00+05:30,661.9000244140625,663.9000244140625,654.0,655.7000122070312,3244100,0.0,0.0
2025-05-29 00:00:00+05:30,655.7000122070312,659.7000122070312,648.0999755859375,652.25,4173868,0.0,0.0
