timestamp,Open,High,Low,Close,Volume,Dividends,Stock Splits
2020-06-01 00:00:00+05:30,12.149456682321828,12.785090461996942,12.149456682321828,12.680492401123047,243843600,0.0,0.0
2020-06-02 00:00:00+05:30,12.793136188106883,13.012390426056745,12.654343002369833,12.849458694458008,165626630,0.0,0.0
2020-06-03 00:00:00+05:30,13.092847928231933,13.127044581939309,12.674456481751873,12.768997192382812,103869540,0.0,0.0
2020-06-04 00:00:00+05:30,12.74888236252759,12.97819238515184,12.656352814577025,12.871583938598633,112512660,0.0,0.0
2020-06-05 00:00:00+05:30,13.106931057831838,13.825036294890797,13.076758259370077,13.635954856872559,309184760,0.0,0.0
2020-06-08 00:00:00+05:30,13.987965676700153,14.112679180071892,13.169285560423805,13.420722961425781,164816490,0.0,0.0
2020-06-09 00:00:00+05:30,13.517274658909496,13.839115774078147,13.22963019811773,13.364401817321777,149268320,0.0,0.0
2020-06-10 00:00:00+05:30,13.320148872441782,13.336241235475192,12.954056054018851,13.034516334533691,172188830,0.0,0.0
2020-06-11 00:00:00+05:30,12.95405602806566,13.014400087341738,12.511526020772838,12.598020553588867,139066840,0.0,0.0
2020-06-12 00:00:00+05:30,12.068995513707057,12.891697971258393,12.068995513707057,12.777043342590332,175578850,0.0,0.0
2020-06-15 00:00:00+05:30,12.622158380756984,12.672445864345658,12.173594119225152,12.318422317504883,185810020,0.0,0.0
2020-06-16 00:00:00+05:30,12.676468580111946,12.976182311057682,12.121294348013743,12.429054260253906,234418060,0.0,0.0
2020-06-17 00:00:00+05:30,12.358650821051265,12.664398791839355,12.272156293977778,12.398880958557129,114470230,0.0,0.0
2020-06-18 00:00:00+05:30,12.398881474766945,12.841411471103449,12.354628244935471,12.797158241271973,113692780,0.0,0.0
2020-06-19 00:00:00+05:30,12.913824191631852,13.108939858692198,12.76497368120882,12.895721435546875,151342880,0.0,0.0
2020-06-22 00:00:00+05:30,12.86353808829913,13.19543501011577,12.807215586505611,13.102906227111816,110312750,0.0,0.0
2020-06-23 00:00:00+05:30,13.183366604436088,13.416699725359926,13.121010617186577,13.356355667114258,125450560,0.0,0.0
2020-06-24 00:00:00+05:30,13.541412734375804,13.603768719322273,13.064686865116197,13.116986274719238,207826420,0.0,0.0
2020-06-25 00:00:00+05:30,12.95405590493055,13.171298199424717,12.913824997810044,12.998309135437012,113456530,0.0,0.0
2020-06-26 00:00:00+05:30,13.106930415803866,13.273883694430005,12.97618265197562,13.028480529785156,97063330,0.0,0.0
2020-06-29 00:00:00+05:30,12.99428471225304,13.11497435906116,12.555777818950236,12.907790184020996,119611330,0.0,0.0
2020-06-30 00:00:00+05:30,12.998308417126909,13.583653887850275,12.998308417126909,13.143135070800781,365236470,0.0,0.0
2020-07-01 00:00:00+05:30,13.235666611472617,13.259803621995992,12.885664612361232,13.022446632385254,104894330,0.0,0.0
2020-07-02 00:00:00+05:30,13.157217144546125,13.577619745209217,13.056642183470501,13.4730224609375,119713930,0.0,0.0
2020-07-03 00:00:00+05:30,13.55750406699139,13.55750406699139,13.169284684286055,13.271871566772461,106126140,0.0,0.0
2020-07-06 00:00:00+05:30,13.402619867552747,13.746586078685596,13.2879644638418,13.633942604064941,141439660,0.0,0.0
2020-07-07 00:00:00+05:30,13.629920646744255,13.631931041236323,13.197447959845684,13.287964820861816,108393710,0.0,0.0
2020-07-08 00:00:00+05:30,13.388537774367716,13.935665785567714,13.356354586171745,13.444859504699707,215601630,0.0,0.0
2020-07-09 00:00:00+05:30,13.557505156135834,14.020149059575603,13.537390470708386,13.859230041503906,244037810,0.0,0.0
2020-07-10 00:00:00+05:30,13.75664325846319,13.851183968829591,13.48509116643664,13.625895500183105,125261130,0.0,0.0
2020-07-13 00:00:00+05:30,13.810955235578527,13.959805757364688,13.617849948018057,13.762678146362305,121150000,0.0,0.0
2020-07-14 00:00:00+05:30,13.637965315136007,13.637965315136007,13.380492126063155,13.543424606323242,83070350,0.0,0.0
2020-07-15 00:00:00+05:30,13.704343754980613,13.939690332144394,13.597734540919033,13.650033950805664,96874130,0.0,0.0
2020-07-16 00:00:00+05:30,13.59773537190477,13.939691184027758,13.3382517702066,13.744575500488281,105860440,0.0,0.0
2020-07-17 00:00:00+05:30,13.919573853114176,14.354058417040045,13.885378735023371,14.11871337890625,244153950,0.0,0.0
2020-07-20 00:00:00+05:30,14.124747367878225,14.269575553155972,13.943712136281043,14.177046775817871,95320490,0.0,0.0
2020-07-21 00:00:00+05:30,14.321874377509195,14.506933479126594,14.060380389750202,14.448599815368652,113681040,0.0,0.0
2020-07-22 00:00:00+05:30,14.502909753669904,14.599462396033207,13.943713189665448,14.082507133483887,178429190,0.0,0.0
2020-07-23 00:00:00+05:30,14.084515880149645,14.337965193882479,13.985952854951547,14.156929969787598,96250490,0.0,0.0
2020-07-24 00:00:00+05:30,13.959805337988087,14.072448806804182,13.780782024483006,13.923598289489746,89188290,0.0,0.0
2020-07-27 00:00:00+05:30,14.120723400764003,14.23739071962868,13.849171322797783,14.195149421691895,118356070,0.0,0.0
2020-07-28 00:00:00+05:30,14.225323043431777,14.48279470373155,14.19112792425337,14.422449111938477,106392570,0.0,0.0
2020-07-29 00:00:00+05:30,14.442564738028796,15.225037796914197,14.327909346061457,15.035956382751465,301158810,0.0,0.0
2020-07-30 00:00:00+05:30,15.16670517693365,15.198888368028575,14.647737984152823,14.748312950134277,103982570,0.0,0.0
2020-07-31 00:00:00+05:30,14.70808333442313,14.901187081756532,14.498887224482234,14.736244201660156,90249550,0.0,0.0
2020-08-03 00:00:00+05:30,14.673886561151942,15.160670550839614,14.565266951063151,15.025898933410645,111369710,0.0,0.0
2020-08-04 00:00:00+05:30,15.066130076070788,15.206934413323378,14.790554119273944,14.975611686706543,111842600,0.0,0.0
2020-08-05 00:00:00+05:30,15.007795266044978,16.007510588148293,15.007795266044978,15.923027992248535,305597410,0.0,0.0
2020-08-06 00:00:00+05:30,16.086053519403112,16.624663027388948,15.910644648570166,16.527671813964844,221228070,1.0,0.0
2020-08-07 00:00:00+05:30,16.33988379283264,16.785628728820384,16.224320582471126,16.67625617980957,151763170,0.0,0.0
2020-08-10 00:00:00+05:30,16.74642059538634,16.985801754814013,16.492592460307645,16.930084228515625,120182110,0.0,0.0
2020-08-11 00:00:00+05:30,17.04977453006893,17.648228178458336,17.025010311911153,17.188037872314453,258851910,0.0,0.0
2020-08-12 00:00:00+05:30,17.074538336959883,17.225184585762,16.820711774881147,17.10755729675293,115744020,0.0,0.0
2020-08-13 00:00:00+05:30,17.260264509309817,17.404718509435803,16.87436371692965,17.049774169921875,124220440,0.0,0.0
2020-08-14 00:00:00+05:30,16.921828190768778,17.786492842383147,16.884682651275238,17.272645950317383,477423650,0.0,0.0
2020-08-17 00:00:00+05:30,17.252010345983134,17.712202232198354,17.097237523068635,17.542984008789062,181455010,0.0,0.0
2020-08-18 00:00:00+05:30,17.402657180355185,18.027939154362926,17.322175435647097,17.933012008666992,173400200,0.0,0.0
2020-08-19 00:00:00+05:30,17.933014367234737,17.976350575897897,17.69982226777905,17.81744956970215,118436810,0.0,0.0
2020-08-20 00:00:00+05:30,17.540921028973624,18.089849431018816,17.46043928197161,17.85459327697754,158466000,0.0,0.0
2020-08-21 00:00:00+05:30,17.98460450834028,18.2425592443336,17.60489431825412,17.69982147216797,134818760,0.0,0.0
2020-08-24 00:00:00+05:30,17.895864635204678,18.06714692540811,17.668864825302652,17.726646423339844,90928540,0.0,0.0
2020-08-25 00:00:00+05:30,17.829830778589564,17.85665750300148,17.394403079968278,17.499649047851562,105529000,0.0,0.0
2020-08-26 00:00:00+05:30,17.540918350219727,17.654419039905086,17.425355156671312,17.540918350219727,79571570,0.0,0.0
2020-08-27 00:00:00+05:30,17.56155613963775,17.75553858314123,17.45837425682621,17.61727523803711,95491160,0.0,0.0
2020-08-28 00:00:00+05:30,17.732839481796113,18.07746661271231,17.46043935819309,17.507902145385742,152112670,0.0,0.0
2020-08-31 00:00:00+05:30,17.6028278077265,17.753472457580134,16.921826829920935,17.045644760131836,157459100,0.0,0.0
2020-09-01 00:00:00+05:30,17.08279425067335,17.858722540386992,17.002312498686194,17.69156837463379,140728230,0.0,0.0
2020-09-02 00:00:00+05:30,17.749347895003105,18.230174271604085,17.627592454767335,18.104293823242188,117392780,0.0,0.0
2020-09-03 00:00:00+05:30,18.263194021713907,18.310658382542425,17.990793902672348,18.081594467163086,102142880,0.0,0.0
2020-09-04 00:00:00+05:30,17.66886900338588,17.910314269890748,17.29328695290136,17.388214111328125,105290810,0.0,0.0
2020-09-07 00:00:00+05:30,17.487265282122664,17.681247728111632,17.270584270100457,17.4377384185791,96263460,0.0,0.0
2020-09-08 00:00:00+05:30,17.571876481671758,17.571876481671758,16.616411156335364,16.719593048095703,116372720,0.0,0.0
2020-09-09 00:00:00+05:30,16.459575627615898,17.340748280497415,15.951920914849149,17.227249145507812,319997830,0.0,0.0
2020-09-10 00:00:00+05:30,17.499649967459504,17.578067640621047,16.554503434329526,16.839284896850586,229205440,0.0,0.0
2020-09-11 00:00:00+05:30,16.87024024074063,17.03120374892684,16.612285496998417,16.818649291992188,136871250,0.0,0.0
2020-09-14 00:00:00+05:30,16.92183038158191,17.091048622420498,16.597839301887387,16.701021194458008,123310520,0.0,0.0
2020-09-15 00:00:00+05:30,16.79800939127661,16.944527463330672,16.655617901430496,16.72578239440918,91323090,0.0,0.0
2020-09-16 00:00:00+05:30,16.775310695962084,16.921828780618696,16.620537871749107,16.698955535888672,99873490,0.0,0.0
2020-09-17 00:00:00+05:30,16.589583005936014,16.818646911917806,16.228446415802807,16.455446243286133,148080220,0.0,0.0
2020-09-18 00:00:00+05:30,16.595773906350413,16.74229199324306,16.236701389537018,16.323373794555664,168417030,0.0,0.0
2020-09-21 00:00:00+05:30,16.34400984092809,16.476082526858093,15.31219099808085,15.411246299743652,141383050,0.0,0.0
2020-09-22 00:00:00+05:30,15.436011906349519,15.621738055212933,14.783901583323507,15.4422025680542,220130270,0.0,0.0
2020-09-23 00:00:00+05:30,15.559829254806822,15.601101380843355,14.711673996981359,14.911847114562988,169844110,0.0,0.0
2020-09-24 00:00:00+05:30,14.72611874074567,14.744690724303323,14.146237051352099,14.193699836730957,124957470,0.0,0.0
2020-09-25 00:00:00+05:30,14.362917739000682,14.676591543697727,14.206080836652161,14.532135963439941,122425760,0.0,0.0
2020-09-28 00:00:00+05:30,14.856127450536285,15.062491221773636,14.678654481317713,14.899463653564453,122701960,0.0,0.0
2020-09-29 00:00:00+05:30,15.064554755104279,15.345209599783955,14.92835391529036,15.272982597351074,178916090,0.0,0.0
2020-09-30 00:00:00+05:30,15.314255298639143,15.332828856783596,14.775645728909463,14.847872734069824,129636870,0.0,0.0
2020-10-01 00:00:00+05:30,15.035663741141947,15.28329962438407,14.98819938339809,15.062490463256836,95540970,0.0,0.0
2020-10-05 00:00:00+05:30,15.275046800132214,15.910647641087674,15.250284153361708,15.77857494354248,195905330,0.0,0.0
2020-10-06 00:00:00+05:30,15.964301129207655,15.982873112497163,15.398864848888529,15.576337814331055,142863360,0.0,0.0
2020-10-07 00:00:00+05:30,15.518555081253997,15.654755926997689,15.270919183722643,15.316319465637207,96937190,0.0,0.0
2020-10-08 00:00:00+05:30,15.454582439981415,15.807464293882568,15.341081737953003,15.421565055847168,141111310,0.0,0.0
2020-10-09 00:00:00+05:30,15.520617340727227,15.970490375578617,15.14916353796646,15.25028133392334,220065830,0.0,0.0
2020-10-12 00:00:00+05:30,15.415373194877493,15.566019441736671,14.96137352459313,15.316319465637207,157568610,0.0,0.0
2020-10-13 00:00:00+05:30,15.353465118490577,15.528874011710142,15.132655943028869,15.202818870544434,119024640,0.0,0.0
2020-10-14 00:00:00+05:30,15.28742746285362,15.570144801687267,15.25234600210398,15.499981880187988,148921160,0.0,0.0
2020-10-15 00:00:00+05:30,15.72491806942721,16.038591870042485,15.332828180303954,15.43188190460205,316506980,0.0,0.0
2020-10-16 00:00:00+05:30,15.563955489520966,16.339883722212054,15.485537822033237,16.255273818969727,288554790,0.0,0.0
2020-10-19 00:00:00+05:30,16.41004619957431,16.50910150133177,16.170665046508915,16.323373794555664,147289680,0.0,0.0
2020-10-20 00:00:00+05:30,16.178919369327303,16.399728533241053,16.079864070122092,16.1954288482666,109496320,0.0,0.0
2020-10-21 00:00:00+05:30,16.35639327272162,16.839283751244228,16.275911526301183,16.67625617980957,263519520,0.0,0.0
2020-10-22 00:00:00+05:30,16.58751850645846,17.068346446410374,16.51322742670492,16.90738296508789,208883010,0.0,0.0
2020-10-23 00:00:00+05:30,17.045646696308346,17.582192171120845,17.012629312569256,17.476947784423828,285885950,0.0,0.0
2020-10-26 00:00:00+05:30,17.47281826097724,17.47281826097724,16.680382220044503,16.855791091918945,166073190,0.0,0.0
2020-10-27 00:00:00+05:30,16.86817329273096,17.204547228990453,16.649428211063217,16.96310043334961,160621710,0.0,0.0
2020-10-28 00:00:00+05:30,16.981674777756517,17.26026555164076,16.52767354028718,16.604028701782227,169657540,0.0,0.0
2020-10-29 00:00:00+05:30,16.486399445296016,16.715463327967033,16.315117159257248,16.56688117980957,138603960,0.0,0.0
2020-10-30 00:00:00+05:30,16.62053753719164,17.04151979950859,16.310991894996583,16.944528579711914,180209980,0.0,0.0
2020-11-02 00:00:00+05:30,16.921828297241667,17.025010177102896,16.455445759428358,16.626728057861328,131431090,0.0,0.0
2020-11-03 00:00:00+05:30,16.81864849836954,17.01263096032808,16.69276646340888,16.79388427734375,122580340,0.0,0.0
2020-11-04 00:00:00+05:30,16.876426763175008,17.130254861507094,16.56688114661074,16.670063018798828,136143660,0.0,0.0
2020-11-05 00:00:00+05:30,17.004374333811853,17.675056561500064,16.88674705224068,17.561555862426758,265177560,0.0,0.0
2020-11-06 00:00:00+05:30,17.520285060784374,17.866976270676904,17.443929896156796,17.60283088684082,173981930,0.0,0.0
2020-11-09 00:00:00+05:30,17.87110091323226,18.155883903486764,17.639974514684273,18.089847564697266,158308620,0.0,0.0
2020-11-10 00:00:00+05:30,18.160010455672033,18.70687472178008,17.976346839517973,18.238428115844727,262002400,0.0,0.0
2020-11-11 00:00:00+05:30,18.23842954625346,19.701549503919978,18.143502400358226,19.561222076416016,368618330,0.0,0.0
2020-11-12 00:00:00+05:30,19.480739273729704,19.806794392641475,19.245484713104894,19.528202056884766,234936850,0.0,0.0
2020-11-13 00:00:00+05:30,19.4332784813355,20.15761585321349,19.19183321551978,20.081260681152344,234181870,0.0,0.0
2020-11-14 00:00:00+05:30,20.493984776271823,20.615740215006458,20.099830808096538,20.314449310302734,78374000,0.0,0.0
2020-11-17 00:00:00+05:30,20.884013073945535,21.91376942869717,20.706540104263837,21.57326889038086,642845990,0.0,0.0
2020-11-18 00:00:00+05:30,21.379285082877946,21.618667798656784,21.075930105730514,21.346267700195312,174815130,0.0,0.0
2020-11-19 00:00:00+05:30,21.12546181913191,22.109816407945782,21.049106649783695,21.610416412353516,201379980,0.0,0.0
2020-11-20 00:00:00+05:30,21.709466354878955,22.35744841839034,21.50310260027201,21.99424934387207,266860000,0.0,0.0
2020-11-23 00:00:00+05:30,22.204741681712743,22.534923403950764,22.136641258692535,22.415233612060547,170254250,0.0,0.0
2020-11-24 00:00:00+05:30,22.615405319235876,22.718587206611378,22.34506927812987,22.629852294921875,130291260,0.0,0.0
2020-11-25 00:00:00+05:30,22.741287362850517,23.057025260950425,22.26665162526724,22.338878631591797,176809890,0.0,0.0
2020-11-26 00:00:00+05:30,22.534922252471816,23.57086922269565,22.338877307719024,23.45943260192871,225701850,0.0,0.0
2020-11-27 00:00:00+05:30,23.525471883365608,24.035190692747452,23.23862634337377,23.828826904296875,462912480,0.0,0.0
2020-12-01 00:00:00+05:30,24.43347051192975,24.43347051192975,23.812315127735285,24.177579879760742,147391090,0.0,0.0
2020-12-02 00:00:00+05:30,24.17345021225553,25.077322895258735,24.10534979502385,24.943187713623047,249970850,0.0,0.0
2020-12-03 00:00:00+05:30,25.135106049413167,25.785150619687062,25.09383235365529,25.626251220703125,247756520,0.0,0.0
2020-12-04 00:00:00+05:30,25.754199378867664,26.105017161543024,25.366234479819404,25.700544357299805,201535520,0.0,0.0
2020-12-07 00:00:00+05:30,25.737687970017937,25.960561204965593,25.153678161091044,25.36417007446289,155883210,0.0,0.0
2020-12-08 00:00:00+05:30,25.42401575107041,25.6489530783386,24.864770125131272,25.318771362304688,170158530,0.0,0.0
2020-12-09 00:00:00+05:30,25.506561740536696,25.61799836563284,25.056688657488095,25.149553298950195,127307310,0.0,0.0
2020-12-10 00:00:00+05:30,25.011289423846698,25.341472730303714,24.495379975545976,25.18050765991211,198293280,0.0,0.0
2020-12-11 00:00:00+05:30,25.37861606590011,25.81404215391244,25.351787769286595,25.659269332885742,163956980,0.0,0.0
2020-12-14 00:00:00+05:30,25.867700576782227,26.36916464587636,25.807854889178145,25.867700576782227,177227150,0.0,0.0
2020-12-15 00:00:00+05:30,25.731497716960313,26.294869899613794,25.479733678059414,26.22264289855957,132263120,0.0,0.0
2020-12-16 00:00:00+05:30,26.464092260866998,26.804591238066102,26.34027273341566,26.554889678955078,160402560,0.0,0.0
2020-12-17 00:00:00+05:30,26.55488743479912,26.662197472930742,26.061679743036603,26.220579147338867,79651860,0.0,0.0
2020-12-18 00:00:00+05:30,26.342336344089947,26.44964481495335,25.91928997315146,26.05342674255371,253515060,0.0,0.0
2020-12-21 00:00:00+05:30,25.754198064446687,25.906906807113018,24.169324313181807,24.592369079589844,190766540,0.0,0.0
2020-12-22 00:00:00+05:30,24.59856109578661,25.194952273413243,24.144561425254928,24.81937026977539,188468790,0.0,0.0
2020-12-23 00:00:00+05:30,24.722379937636113,25.76245193871176,24.610943314428592,25.646888732910156,122383430,0.0,0.0
2020-12-24 00:00:00+05:30,25.80785229330915,26.288680250073067,25.558152323240954,25.68403434753418,120907400,0.0,0.0
2020-12-28 00:00:00+05:30,25.929606514394806,26.222642672968426,25.8615060963736,26.1112060546875,104805170,0.0,0.0
2020-12-29 00:00:00+05:30,26.325824682007678,26.40011576122852,25.63244232556684,26.092634201049805,104163260,0.0,0.0
2020-12-30 00:00:00+05:30,26.123588429420124,26.577588085668292,25.756261177185237,26.433134078979492,115144280,0.0,0.0
2020-12-31 00:00:00+05:30,26.27217035992477,26.971743395765056,26.27217035992477,26.56520652770996,177130120,0.0,0.0
2021-01-01 00:00:00+05:30,26.62092832509218,26.814910787247896,26.414564539626348,26.542509078979492,84113960,0.0,0.0
2021-01-04 00:00:00+05:30,26.78602021353545,28.886802056186006,26.68077266677165,28.602022171020508,381849550,0.0,0.0
2021-01-05 00:00:00+05:30,28.354378865465325,28.63709935291545,27.86323526653418,28.088171005249023,215452540,0.0,0.0
2021-01-06 00:00:00+05:30,28.230561611208255,28.75266164645606,27.859106231680332,28.222305297851562,196105220,0.0,0.0
2021-01-07 00:00:00+05:30,28.60202096972888,30.191021434966846,28.548364372028686,29.831947326660156,382321940,0.0,0.0
2021-01-08 00:00:00+05:30,30.005289674298123,30.015608492149383,29.018871145850976,29.433664321899414,193293130,0.0,0.0
2021-01-11 00:00:00+05:30,29.38620064121817,29.38620064121817,28.40391019441759,28.711393356323242,170245090,0.0,0.0
2021-01-12 00:00:00+05:30,28.68456524526874,29.90211028030754,28.523601749758154,28.680437088012695,245254840,0.0,0.0
2021-01-13 00:00:00+05:30,28.95077179308333,29.49144700956654,28.6020196682087,29.268573760986328,193538710,0.0,0.0
2021-01-14 00:00:00+05:30,29.303654078607117,29.487317700046763,28.77123519706205,29.15300941467285,115408580,0.0,0.0
2021-01-15 00:00:00+05:30,29.38619778217159,29.778290810387517,28.793934806311864,29.13443374633789,206884370,0.0,0.0
2021-01-18 00:00:00+05:30,29.22111109788189,29.25206440384411,27.219380009358773,27.516544342041016,250452260,0.0,0.0
2021-01-19 00:00:00+05:30,27.73528682374697,28.22849606177368,26.703468070648334,28.110870361328125,312451180,0.0,0.0
2021-01-20 00:00:00+05:30,28.48438835144043,28.87028755889051,28.172780220442547,28.48438835144043,233131500,0.0,0.0
2021-01-21 00:00:00+05:30,28.51947239041298,28.674245217946545,27.30605556377546,27.516544342041016,161178670,0.0,0.0
2021-01-22 00:00:00+05:30,27.652744819263525,27.89212754506742,26.15248092368429,26.70347023010254,237156650,0.0,0.0
2021-01-25 00:00:00+05:30,26.868560539201535,27.316369514154438,26.043105510968854,26.90777015686035,163484730,0.0,0.0
2021-01-27 00:00:00+05:30,26.864433055335372,26.874751873218976,25.745943416355683,25.836742401123047,149180840,0.0,0.0
2021-01-28 00:00:00+05:30,25.50656100122055,26.026598569929092,25.28368775748832,25.7418155670166,170917520,0.0,0.0
2021-01-29 00:00:00+05:30,26.003898560746975,26.158671385046077,24.598560245498334,24.80492401123047,268265750,0.0,0.0
2021-02-01 00:00:00+05:30,24.96588786442819,26.41456073710433,24.658404734757866,26.253597259521484,210846940,0.0,0.0
2021-02-02 00:00:00+05:30,26.53838512158892,26.744748915228456,25.758328659109605,26.482666015625,180489570,0.0,0.0
2021-02-03 00:00:00+05:30,26.616796194303785,27.417488570018243,26.3010599015836,26.957298278808594,148463810,0.0,0.0
2021-02-04 00:00:00+05:30,26.992380883347966,27.38447077427594,26.35678011419248,27.07286262512207,147649950,0.0,0.0
2021-02-05 00:00:00+05:30,27.112073191032415,28.502962989706223,26.885071783811433,28.27389907836914,291008880,0.0,0.0
2021-02-08 00:00:00+05:30,28.643290311470324,29.09316179357683,28.17690620195834,29.012680053710938,214621690,0.0,0.0
2021-02-09 00:00:00+05:30,29.15920073241771,29.569862611019627,28.544237592118062,28.857908248901367,293370280,0.0,0.0
2021-02-10 00:00:00+05:30,29.303655947197186,29.902109633053172,28.06753580569366,28.4885196685791,573979190,0.0,0.0
2021-02-11 00:00:00+05:30,28.37914591397564,29.08078145714933,28.1831009665178,28.672182083129883,163407050,0.0,0.0
2021-02-12 00:00:00+05:30,28.684564757356114,28.804256124854483,28.003563669315685,28.086111068725586,147054790,0.0,0.0
2021-02-15 00:00:00+05:30,28.35850672497114,28.395653838135736,27.652743063453773,27.741477966308594,131716720,0.0,0.0
2021-02-16 00:00:00+05:30,27.741479520384082,29.24587313617582,27.5825816879248,28.857908248901367,336618380,0.0,0.0
2021-02-17 00:00:00+05:30,28.793937283600684,29.03538252256916,28.375019072117595,28.75885581970215,159574830,0.0,0.0
2021-02-18 00:00:00+05:30,28.89092634023392,29.344925981522525,28.64329045851842,28.798063278198242,148561470,0.0,0.0
2021-02-19 00:00:00+05:30,28.725835034638614,28.725835034638614,27.072862434953247,27.6816349029541,223923860,0.0,0.0
2021-02-22 00:00:00+05:30,27.772435529126064,28.80425434140362,27.687825630792634,28.253263473510742,281491090,0.0,0.0
2021-02-23 00:00:00+05:30,28.461690883043428,30.376746423631733,28.15627338402459,30.1002197265625,389070710,0.0,0.0
2021-02-24 00:00:00+05:30,30.335474083489714,30.748201622040593,29.716382775663394,30.034181594848633,216767890,0.0,0.0
2021-02-25 00:00:00+05:30,30.343723794450277,31.078381374481292,30.2095886192356,30.66152572631836,219015960,0.0,0.0
2021-02-26 00:00:00+05:30,29.92274744564903,30.607876691720083,29.349056401703425,29.516210556030273,235515910,0.0,0.0
2021-03-01 00:00:00+05:30,29.88147685910078,30.46961176020921,29.35937673214091,30.14562225341797,140586460,0.0,0.0
2021-03-02 00:00:00+05:30,30.14768210557829,30.531518839938702,29.84639276771868,30.356111526489258,111133990,0.0,0.0
2021-03-03 00:00:00+05:30,30.583113491602948,32.29593360320667,30.583113491602948,32.07512283325195,288428350,0.0,0.0
2021-03-04 00:00:00+05:30,30.995836911077415,31.652075321986562,30.69248192424809,31.282682418823242,228738220,0.0,0.0
2021-03-05 00:00:00+05:30,30.892656689421077,31.202202353942052,30.005291821355346,30.26531219482422,168819600,0.0,0.0
2021-03-08 00:00:00+05:30,30.704865716473464,31.004095719250078,30.337538436683264,30.4283390045166,106145960,0.0,0.0
2021-03-09 00:00:00+05:30,30.748202976753745,30.99377637682886,28.983792041939562,29.16952133178711,195564380,0.0,0.0
2021-03-10 00:00:00+05:30,29.505891083823666,30.12704804955066,29.01680995438942,29.902109146118164,196858600,0.0,0.0
2021-03-12 00:00:00+05:30,30.541838741766174,30.748202517048377,29.468747740070977,29.71432113647461,161214090,0.0,0.0
2021-03-15 00:00:00+05:30,29.798924709427055,30.500563359785907,29.51207921836716,30.393253326416016,155429990,0.0,0.0
2021-03-16 00:00:00+05:30,30.545968335129313,30.545968335129313,29.68336607648494,29.8835391998291,125699980,0.0,0.0
2021-03-17 00:00:00+05:30,29.920684057253208,29.96401868546254,28.917756012069823,29.072528839111328,105409590,0.0,0.0
2021-03-18 00:00:00+05:30,29.56160983294565,29.836074022870548,28.82076465987461,29.091100692749023,143206510,0.0,0.0
2021-03-19 00:00:00+05:30,29.004430088346545,30.407704430806874,28.11706519908035,30.252931594848633,246378140,0.0,0.0
2021-03-22 00:00:00+05:30,30.17450949353269,30.775028795922776,29.92274545230099,30.686290740966797,137603700,0.0,0.0
2021-03-23 00:00:00+05:30,30.789475180419213,30.931866691670226,30.265312567540963,30.58930206298828,118738960,0.0,0.0
2021-03-24 00:00:00+05:30,30.170384216087456,30.252931617978476,28.84759162135962,29.006492614746094,210302830,0.0,0.0
2021-03-25 00:00:00+05:30,29.307785883050638,30.158003677031928,28.410102150925017,29.84639549255371,367224000,0.0,0.0
2021-03-26 00:00:00+05:30,30.145622349883595,31.982258792632123,29.931002248275668,31.650012969970703,429122470,0.0,0.0
2021-03-30 00:00:00+05:30,32.192748641967775,33.43093128204346,32.10607623502583,33.01820373535156,284794680,0.0,0.0
2021-03-31 00:00:00+05:30,32.77056528110459,33.988110189336375,32.60960180235831,33.50728225708008,280445850,0.0,0.0
2021-04-01 00:00:00+05:30,33.88492907292228,35.861894289712616,33.80238482770986,35.62044906616211,368420980,0.0,0.0
2021-04-05 00:00:00+05:30,35.57711002973489,36.23128590274542,34.551481917572424,35.814430236816406,305759860,0.0,0.0
2021-04-06 00:00:00+05:30,36.13429797060671,36.42320599373202,35.4182154252233,35.61219787597656,207789200,0.0,0.0
2021-04-07 00:00:00+05:30,35.88665312343534,36.526381976925805,35.686480043743316,36.10746383666992,171132080,0.0,0.0
2021-04-08 00:00:00+05:30,36.485115185335076,39.35976099152303,36.43145858983512,37.9048957824707,530630560,0.0,0.0
2021-04-09 00:00:00+05:30,38.012204595264805,38.38365999922306,36.55527692921961,37.124839782714844,321790690,0.0,0.0
2021-04-12 00:00:00+05:30,36.17763183309656,36.864823561606904,34.80737653313628,35.14581298828125,221355040,0.0,0.0
2021-04-13 00:00:00+05:30,35.577112666409064,36.38606141530566,35.04056875405829,36.278751373291016,204285020,0.0,0.0
2021-04-15 00:00:00+05:30,36.815297655666285,37.62011829929549,36.29938819777375,37.071189880371094,218563570,0.0,0.0
2021-04-16 00:00:00+05:30,37.30231273039723,37.73980604993467,36.57797705461241,36.74306869506836,173985980,0.0,0.0
2021-04-19 00:00:00+05:30,35.89904099331509,37.104204593242876,35.49456663913767,36.65226745605469,191469960,0.0,0.0
2021-04-20 00:00:00+05:30,37.14548213974985,37.38279923832031,36.40257123741024,36.89784622192383,169152930,0.0,0.0
2021-04-22 00:00:00+05:30,37.143414086412434,38.74066756452902,37.02372272842445,38.02871322631836,319028150,0.0,0.0
2021-04-23 00:00:00+05:30,38.37540483013428,39.00274925272156,37.58915628745684,38.202056884765625,247523860,0.0,0.0
2021-04-26 00:00:00+05:30,38.590025905475144,39.45675313026435,38.38572463473844,38.82734298706055,212348580,0.0,0.0
2021-04-27 00:00:00+05:30,39.1389525143889,40.57111755055465,38.973860872242255,40.354434967041016,249045150,0.0,0.0
2021-04-28 00:00:00+05:30,40.65366353882957,40.69493566391906,39.70438891746466,40.09235382080078,204479680,0.0,0.0
2021-04-29 00:00:00+05:30,40.57111699827451,42.79778061186462,40.57111699827451,42.566654205322266,447186470,0.0,0.0
2021-04-30 00:00:00+05:30,42.263294100626425,43.443694931897035,41.73087527962444,42.676021575927734,281297380,0.0,0.0
2021-05-03 00:00:00+05:30,42.59141791374649,44.12057418899537,42.03629887450162,43.94516372680664,264841000,0.0,0.0
2021-05-04 00:00:00+05:30,44.34551020225258,44.849038302518906,43.64799965527435,43.90802001953125,249616280,0.0,0.0
2021-05-05 00:00:00+05:30,44.73966593878715,44.919201410943266,43.21257215239149,44.16803741455078,192498390,0.0,0.0
2021-05-06 00:00:00+05:30,43.54275409855606,46.59693842813222,43.0268446898054,45.437171936035156,464345370,0.0,0.0
2021-05-07 00:00:00+05:30,46.844578132265376,49.197123968350006,46.64234250923458,48.79884338378906,540754330,0.0,0.0
2021-05-10 00:00:00+05:30,49.94003124140881,50.72421417993044,49.52730371048808,50.20211410522461,280808840,0.0,0.0
2021-05-11 00:00:00+05:30,49.11457524757042,51.425848747095635,48.57390319995962,50.926448822021484,411083810,0.0,0.0
2021-05-12 00:00:00+05:30,50.845967976848755,51.46093111540527,48.0105287096798,48.66676712036133,308891920,0.0,0.0
2021-05-14 00:00:00+05:30,48.908209086385895,48.908209086385895,46.02736973107295,46.72488021850586,376480320,0.0,0.0
2021-05-17 00:00:00+05:30,46.968391753286255,47.802099935426774,45.544479958843034,47.49874496459961,287534300,0.0,0.0
2021-05-18 00:00:00+05:30,48.49548711615093,49.380786325240415,47.75464191976283,48.70185089111328,245738800,0.0,0.0
2021-05-19 00:00:00+05:30,48.412940174979774,49.0960037283235,47.79384888450106,48.05180358886719,174350260,0.0,0.0
2021-05-20 00:00:00+05:30,46.68361228477719,46.865213409948474,45.31954763960579,45.608455657958984,284462530,0.0,0.0
2021-05-21 00:00:00+05:30,45.97784764625463,46.386447020824114,45.641473700392545,45.94070053100586,141049260,0.0,0.0
2021-05-24 00:00:00+05:30,45.73021370465236,45.7694201767775,44.66124771496263,45.069847106933594,189238420,0.0,0.0
2021-05-25 00:00:00+05:30,45.48051171897085,46.4710584572582,45.400029973608454,45.614646911621094,181137520,0.0,0.0
2021-05-26 00:00:00+05:30,45.00793744110056,45.15239144373132,44.265026643483665,44.663307189941406,154327030,0.0,0.0
2021-05-27 00:00:00+05:30,44.66331148848093,45.8024404381732,44.36821279390979,45.26176834106445,227910320,0.0,0.0
2021-05-28 00:00:00+05:30,46.67948391422191,47.199521493740654,45.294784787707094,45.54448318481445,192085810,0.0,0.0
2021-05-31 00:00:00+05:30,45.895300039346964,46.623763877299076,45.35875614009748,46.458675384521484,154286470,0.0,0.0
2021-06-01 00:00:00+05:30,46.225483024059514,46.34930254170413,44.801574315452136,45.437171936035156,176909250,0.0,0.0
2021-06-02 00:00:00+05:30,45.60638994123998,46.62995555347435,45.56511781993414,46.392635345458984,128625910,0.0,0.0
2021-06-03 00:00:00+05:30,46.61963664541267,47.04061732009248,45.936573120215066,46.30802536010742,121094770,0.0,0.0
2021-06-04 00:00:00+05:30,46.0603930094081,46.58868375879954,45.688937592223105,46.25437545776367,97133470,0.0,0.0
2021-06-07 00:00:00+05:30,46.638210023903454,47.463665068574315,46.454546402418636,46.584556579589844,122185920,0.0,0.0
2021-06-08 00:00:00+05:30,46.749644089015696,46.749644089015696,45.40208900875993,45.858154296875,108343730,0.0,0.0
2021-06-09 00:00:00+05:30,46.10166671252702,46.555669542889866,45.15032957067619,45.44130325317383,111143380,0.0,0.0
2021-06-10 00:00:00+05:30,45.783863579953085,46.464864612673985,45.51971822102127,45.99641799926758,77767640,0.0,0.0
2021-06-11 00:00:00+05:30,46.54741339059178,48.06625092682667,45.94070337777607,47.80829620361328,174458560,0.0,0.0
2021-06-14 00:00:00+05:30,48.206573712885245,48.646126363293426,47.050935442473104,48.074501037597656,160312640,0.0,0.0
2021-06-15 00:00:00+05:30,48.28912172954599,48.98250411623238,47.88052235043866,48.46659469604492,97681020,0.0,0.0
2021-06-16 00:00:00+05:30,48.24785074227435,48.897895367479116,46.70631310653144,47.13967514038086,175211070,0.0,0.0
2021-06-17 00:00:00+05:30,47.215628888819516,47.84224526865364,46.23245587090867,46.57424545288086,162076870,2.5,0.0
2021-06-18 00:00:00+05:30,46.6269912960087,46.83375261844349,44.316740561180595,46.09109878540039,403470770,0.0,0.0
2021-06-21 00:00:00+05:30,45.150116332491386,46.795775422120606,44.88216847901301,46.675514221191406,130014320,0.0,0.0
2021-06-22 00:00:00+05:30,47.01519517617564,47.72409432840959,46.69028454026022,46.93502426147461,90246340,0.0,0.0
2021-06-23 00:00:00+05:30,47.281037261494205,47.57851924462663,46.325289670039325,46.420230865478516,78063360,0.0,0.0
2021-06-24 00:00:00+05:30,46.626992388083025,47.28103746044336,46.35060665870312,46.97089385986328,72394700,0.0,0.0
2021-06-25 00:00:00+05:30,47.892882074540545,49.36975509005501,47.68190021518133,49.1693229675293,180227700,0.0,0.0
2021-06-28 00:00:00+05:30,49.53854270782939,50.17148830489878,49.0743832471774,49.960506439208984,116603350,0.0,0.0
2021-06-29 00:00:00+05:30,49.981598631573284,50.298071404384416,49.181978842107945,49.477352142333984,78037590,0.0,0.0
2021-06-30 00:00:00+05:30,49.836025272585495,50.25587710270988,49.06593957199228,49.226287841796875,80432670,0.0,0.0
2021-07-01 00:00:00+05:30,49.44993072966524,49.656692056709346,48.79799431774276,49.097591400146484,56149280,0.0,0.0
2021-07-02 00:00:00+05:30,49.20096881981824,49.23472668985907,47.69033793843185,47.93507766723633,75734070,0.0,0.0
2021-07-05 00:00:00+05:30,48.357042484093284,49.02374594558164,47.935078756973226,48.81487274169922,76799000,0.0,0.0
2021-07-06 00:00:00+05:30,48.89082645145007,49.707328454408916,48.53637846514837,49.25371551513672,91468350,0.0,0.0
2021-07-07 00:00:00+05:30,49.283251507493276,51.69055528332685,48.88449592408072,51.422607421875,167456260,0.0,0.0
2021-07-08 00:00:00+05:30,51.69055537696456,51.901537235646046,49.84235545387269,50.20313262939453,124105850,0.0,0.0
2021-07-09 00:00:00+05:30,50.298075391948444,52.4965092610402,50.129292475196976,52.29607391357422,178593560,0.0,0.0
2021-07-12 00:00:00+05:30,52.78765693644586,53.104129703713916,51.4099457471518,51.77283477783203,166477750,0.0,0.0
2021-07-13 00:00:00+05:30,52.23910692213899,52.46907636412682,51.61037869634541,51.84878921508789,79155280,0.0,0.0
2021-07-14 00:00:00+05:30,51.983815729383295,52.64840724149483,51.43737353326249,52.521820068359375,83413880,0.0,0.0
2021-07-15 00:00:00+05:30,52.58089793011163,53.412166950259454,52.22644674121532,52.99653244018555,96555510,0.0,0.0
2021-07-16 00:00:00+05:30,53.36574946895619,54.066210753803375,53.127338949098466,53.94594955444336,84969250,0.0,0.0
2021-07-19 00:00:00+05:30,53.12522870034951,54.471290669270275,52.901588461907856,53.43748092651367,89046290,0.0,0.0
2021-07-20 00:00:00+05:30,53.673785186339245,53.68644680247884,51.690556942402665,52.04289627075195,85799400,0.0,0.0
2021-07-22 00:00:00+05:30,52.7032670015447,53.92485050181785,52.661071275227926,53.715980529785156,78940240,0.0,0.0
2021-07-23 00:00:00+05:30,53.9839274204848,54.66540114534826,53.7581785046176,54.070430755615234,86418650,0.0,0.0
2021-07-26 00:00:00+05:30,54.391120425932726,55.20340186709812,53.92907286107155,54.76877975463867,86784330,0.0,0.0
2021-07-27 00:00:00+05:30,55.488227302343844,56.31105524076924,55.19495943631309,56.14860153198242,103413820,0.0,0.0
2021-07-28 00:00:00+05:30,56.20556384415857,57.80691532133618,55.11689671986623,57.598045349121094,128351250,0.0,0.0
2021-07-29 00:00:00+05:30,58.02000965103235,62.5265789464635,57.72463634417632,61.54762649536133,300610410,0.0,0.0
2021-07-30 00:00:00+05:30,61.423147760236695,62.14259665003767,60.24797729631009,60.52225112915039,140492650,0.0,0.0
2021-08-02 00:00:00+05:30,61.015952919714046,61.05814542605371,59.30699866590959,59.498992919921875,97689200,0.0,0.0
2021-08-03 00:00:00+05:30,59.665666824745585,59.95471737847166,58.66772675785069,59.37873458862305,86405600,0.0,0.0
2021-08-04 00:00:00+05:30,59.918847417275856,61.10034710478419,59.290119165192756,59.75849914550781,112894350,0.0,0.0
2021-08-05 00:00:00+05:30,59.720522750552064,61.18473732437256,58.547464163839265,61.0412712097168,162217990,0.0,0.0
2021-08-06 00:00:00+05:30,61.14254258712713,61.480114862643426,60.17203114816926,60.29228591918945,96740250,0.0,0.0
2021-08-09 00:00:00+05:30,60.50959182297843,60.89990953203829,59.30277538705329,59.58971405029297,78594930,0.0,0.0
2021-08-10 00:00:00+05:30,59.58127665806444,59.83445746842377,57.69088097365593,57.9609375,84516230,0.0,0.0
2021-08-11 00:00:00+05:30,58.65295904113775,60.328155580642544,58.40821930271591,60.18046569824219,145353570,0.0,0.0
2021-08-12 00:00:00+05:30,60.59399514034414,60.961101530750426,59.77327258224977,60.566566467285156,109431080,0.0,0.0
2021-08-13 00:00:00+05:30,59.28590134907682,62.30716306274832,58.68038445445081,61.67632293701172,289698720,0.0,0.0
2021-08-16 00:00:00+05:30,62.61941167745581,64.75032969010083,62.12149759268387,64.11316680908203,271144880,0.0,0.0
2021-08-17 00:00:00+05:30,64.11316588143065,64.72922928040941,62.94643650350434,63.450679779052734,189709230,0.0,0.0
2021-08-18 00:00:00+05:30,63.693316436038394,64.09206880102172,62.796643536246066,63.31354522705078,123317450,0.0,0.0
2021-08-20 00:00:00+05:30,60.97586725485599,61.05814682923498,57.50521320557191,58.045326232910156,273400690,0.0,0.0
2021-08-23 00:00:00+05:30,59.15930612960245,59.48843728202448,55.308887583360175,57.33009719848633,229257290,0.0,0.0
2021-08-24 00:00:00+05:30,58.31538208466948,59.918845433291395,58.10440023455226,59.2711296081543,176075790,0.0,0.0
2021-08-25 00:00:00+05:30,59.834458501493,60.1720307749153,58.262641023906205,58.661399841308594,125650100,0.0,0.0
2021-08-26 00:00:00+05:30,58.66983082450241,58.853390445005395,57.59804584472245,58.02212142944336,91578980,0.0,0.0
2021-08-27 00:00:00+05:30,58.18879778535132,58.84073743655663,58.05588461431777,58.40610885620117,73940810,0.0,0.0
2021-08-30 00:00:00+05:30,59.032722914829414,60.973758637220435,58.99053040526339,60.78809356689453,134443870,0.0,0.0
2021-08-31 00:00:00+05:30,60.97375361912924,61.56450021367957,60.425199530672515,61.195281982421875,247521080,0.0,0.0
2021-09-01 00:00:00+05:30,61.23748648758602,61.41682236106889,59.370295689380704,59.54751968383789,88128970,0.0,0.0
2021-09-02 00:00:00+05:30,59.53908449977642,60.42520446394711,59.4968855515826,60.13404846191406,61480460,0.0,0.0
2021-09-03 00:00:00+05:30,60.256423354709575,61.30922082555202,59.76905575014265,60.91679763793945,84523820,0.0,0.0
2021-09-06 00:00:00+05:30,61.058144567076056,61.26702097160971,60.05176348579546,60.63618087768555,69586760,0.0,0.0
2021-09-07 00:00:00+05:30,60.93155748651718,61.56450305502804,59.946275823848886,60.285953521728516,63527170,0.0,0.0
2021-09-08 00:00:00+05:30,60.172026578027506,60.87459330998609,59.859771120126396,60.33448028564453,46762240,0.0,0.0
2021-09-09 00:00:00+05:30,59.91884295985083,61.26702001700179,59.91884295985083,61.058143615722656,53130300,0.0,0.0
2021-09-13 00:00:00+05:30,61.05814906594918,62.11305836715306,60.61508587171247,61.752281188964844,56702080,0.0,0.0
2021-09-14 00:00:00+05:30,62.28184236752298,62.28184236752298,61.14253526918335,61.28178405761719,55037670,0.0,0.0
2021-09-15 00:00:00+05:30,61.28178354582338,61.76282188427979,60.9484350710753,61.399932861328125,44174640,0.0,0.0
2021-09-16 00:00:00+05:30,61.606701388132926,62.10883923100186,60.393555727236475,60.62563705444336,56067970,0.0,0.0
2021-09-17 00:00:00+05:30,60.63618084566776,60.77542963573169,57.38706172680744,58.47994613647461,195720300,0.0,0.0
2021-09-20 00:00:00+05:30,56.965099583357485,57.04527371665962,52.63364245406543,52.87627029418945,282384120,0.0,0.0
2021-09-21 00:00:00+05:30,53.08303467049423,54.7244732035597,52.023904883623565,54.52614974975586,255935400,0.0,0.0
2021-09-22 00:00:00+05:30,54.82996484869615,55.61481759741083,54.14216194929176,55.10002136230469,111242470,0.0,0.0
2021-09-23 00:00:00+05:30,56.121169160929725,56.519927927101136,55.11056434953176,55.64434814453125,99462510,0.0,0.0
2021-09-24 00:00:00+05:30,55.69920789479508,55.86799079780215,53.10202185994458,53.678001403808594,132866160,0.0,0.0
2021-09-27 00:00:00+05:30,53.67378468977237,54.378463339951566,53.211737113776806,53.61049270629883,86688770,0.0,0.0
2021-09-28 00:00:00+05:30,53.734968414547005,54.72025005798903,53.29401711639423,54.05144119262695,81007360,0.0,0.0
2021-09-29 00:00:00+05:30,53.58938920791151,55.268802909399035,53.47123988852977,54.667503356933594,94945770,0.0,0.0
2021-09-30 00:00:00+05:30,54.9818722267166,55.54730204796461,54.17380812338621,54.38690185546875,75145680,0.0,0.0
2021-10-01 00:00:00+05:30,53.80037584106452,55.31944785203916,53.37841210897774,54.764564514160156,90374700,0.0,0.0
2021-10-04 00:00:00+05:30,54.764564560541665,56.0262319998101,54.028233469140815,55.874324798583984,96902370,0.0,0.0
2021-10-05 00:00:00+05:30,55.44603060280164,56.235107142756696,55.28357688743274,55.56629180908203,57952160,0.0,0.0
2021-10-06 00:00:00+05:30,55.694991516412145,56.06209787791303,53.72230991575612,54.00713348388672,86316930,0.0,0.0
2021-10-07 00:00:00+05:30,54.644298737788496,55.14221280947802,54.16114850210974,54.399559020996094,46033670,0.0,0.0
2021-10-08 00:00:00+05:30,54.93967190224411,56.714030015618846,54.701261383946125,54.90380859375,107220150,0.0,0.0
2021-10-11 00:00:00+05:30,55.06626389058663,56.00935303545438,54.77089058273598,55.41227722167969,63496580,0.0,0.0
2021-10-12 00:00:00+05:30,55.41227402101783,56.33215176071336,55.066260709910814,56.083194732666016,60970190,0.0,0.0
2021-10-13 00:00:00+05:30,55.93129050083807,58.08541341648245,55.61692316167918,57.146541595458984,132857180,0.0,0.0
2021-10-14 00:00:00+05:30,57.977810604500306,58.67827190144231,57.13388319285602,58.02212142944336,82273710,0.0,0.0
2021-10-18 00:00:00+05:30,59.8344551543454,60.119281945320196,58.69937174827063,59.54118728637695,109232300,0.0,0.0
2021-10-19 00:00:00+05:30,59.961047955986395,60.195234733033395,57.28368760317808,57.67822265625,87569240,0.0,0.0
2021-10-20 00:00:00+05:30,57.89341824740356,58.062207590290875,55.97981132609255,56.6823844909668,69757740,0.0,0.0
2021-10-21 00:00:00+05:30,57.24781701163246,57.296345157256745,54.420661380703436,55.47557067871094,83575730,0.0,0.0
2021-10-22 00:00:00+05:30,55.69920815566237,55.89541973002442,53.631585390866974,54.697044372558594,80712890,0.0,0.0
2021-10-25 00:00:00+05:30,54.93967335071778,55.53042640357164,53.47335011310397,54.572566986083984,64185010,0.0,0.0
2021-10-26 00:00:00+05:30,54.981871524150534,57.00729857653861,54.91646766559256,56.6971549987793,77228750,0.0,0.0
2021-10-27 00:00:00+05:30,56.79631940435881,57.036835377153025,55.75195661974717,55.95872116088867,72418040,0.0,0.0
2021-10-28 00:00:00+05:30,55.4840095588543,55.52831394479273,54.47973388654889,54.83840560913086,93076820,0.0,0.0
2021-10-29 00:00:00+05:30,54.44386664197919,56.277299528703345,54.433320124394,55.528316497802734,79147600,0.0,0.0
2021-11-01 00:00:00+05:30,56.543138134349554,57.931395931654706,56.12117441692904,57.59383010864258,96875330,0.0,0.0
2021-11-02 00:00:00+05:30,57.809026067305005,57.809026067305005,55.31100177192575,55.4312629699707,72161370,0.0,0.0
2021-11-03 00:00:00+05:30,55.90175282506992,56.205567224009606,55.36163976887837,55.954498291015625,57302440,0.0,0.0
2021-11-04 00:00:00+05:30,56.16337150304731,56.33215440896041,55.87221551749033,55.94816589355469,6744340,0.0,0.0
2021-11-08 00:00:00+05:30,56.5811094243753,56.865936201736496,55.11267759177179,56.68027114868164,54936670,0.0,0.0
2021-11-09 00:00:00+05:30,56.66339796200603,57.399722570640286,56.07264490878111,56.37224197387695,47565160,0.0,0.0
2021-11-10 00:00:00+05:30,56.03678416545503,56.07897667491062,54.31095406939281,54.794097900390625,118804170,0.0,0.0
2021-11-11 00:00:00+05:30,55.06204585636028,55.88909110760168,54.363696443825084,54.83840560913086,136638600,0.0,0.0
2021-11-12 00:00:00+05:30,56.543135755978874,56.543135755978874,53.63580612278855,54.31727981567383,232395580,0.0,0.0
2021-11-15 00:00:00+05:30,54.6442976454455,54.81308054533626,52.38679255646826,52.553466796875,121082150,0.0,0.0
2021-11-16 00:00:00+05:30,52.55347256191904,53.21173817714818,51.63570337060703,51.85090255737305,123148800,0.0,0.0
2021-11-17 00:00:00+05:30,51.69055502134611,52.21378912586472,51.27281184544248,51.48168182373047,87802040,0.0,0.0
2021-11-18 00:00:00+05:30,51.631481626675935,51.82980509243437,49.87611098614217,50.07021713256836,101083510,0.0,0.0
2021-11-22 00:00:00+05:30,50.13350363595579,50.50061319538114,48.357036934955396,49.1608772277832,96210010,0.0,0.0
2021-11-23 00:00:00+05:30,49.28746884460787,51.0154106669332,49.16509898842348,50.3001823425293,93829630,0.0,0.0
2021-11-24 00:00:00+05:30,50.65252565508798,50.760125245409704,49.41828047856025,49.728424072265625,67671010,0.0,0.0
2021-11-25 00:00:00+05:30,49.791717232980126,50.07021482379776,49.20096740160467,49.52376937866211,47502860,0.0,0.0
2021-11-26 00:00:00+05:30,48.85917772354066,48.92669024220088,46.67973480378368,46.93502426147461,106455260,0.0,0.0
2021-11-29 00:00:00+05:30,46.93502351180588,47.97727114089266,45.363206162406975,47.03840255737305,93929910,0.0,0.0
2021-11-30 00:00:00+05:30,46.878061261687655,47.59328965773995,44.85474594197362,45.20075607299805,133559840,0.0,0.0
2021-12-01 00:00:00+05:30,46.07843544432128,46.28941729749002,45.00242992475727,45.67967987060547,93791140,0.0,0.0
2021-12-02 00:00:00+05:30,45.69866845497665,47.091146686371054,45.318900493931835,46.939239501953125,91286810,0.0,0.0
2021-12-03 00:00:00+05:30,47.048954336232455,47.85912389835226,46.510949954441394,47.17554473876953,100737840,0.0,0.0
2021-12-06 00:00:00+05:30,47.00675737151849,48.146058087060915,46.508840070944395,46.78733444213867,82159400,0.0,0.0
2021-12-07 00:00:00+05:30,47.30635488686145,48.7600198343348,47.30213434807303,48.47519302368164,85053900,0.0,0.0
2021-12-08 00:00:00+05:30,48.90559190046251,49.665124604430105,48.48362821403803,49.496341705322266,74485010,0.0,0.0
2021-12-09 00:00:00+05:30,49.87610927103743,49.87610927103743,48.905594668918546,49.65879821777344,52123940,0.0,0.0
2021-12-10 00:00:00+05:30,49.5153318157309,50.167264971759764,49.26848343294311,49.791717529296875,48121300,0.0,0.0
2021-12-13 00:00:00+05:30,50.129291956339216,50.59345141125708,49.0174166364781,49.17143249511719,53537780,0.0,0.0
2021-12-14 00:00:00+05:30,48.90348398642876,49.703107039854615,48.39923746904367,49.25160598754883,53522640,0.0,0.0
2021-12-15 00:00:00+05:30,49.37186526479063,49.60605526463917,48.48363341245423,48.69672393798828,44308330,0.0,0.0
2021-12-16 00:00:00+05:30,49.116572063288125,49.31911282301914,48.25365712671088,48.660850524902344,42460080,0.0,0.0
2021-12-17 00:00:00+05:30,48.694609301614314,48.89926194390061,47.47091398610697,47.7705078125,47435020,0.0,0.0
2021-12-20 00:00:00+05:30,47.13334686424101,47.141787941576986,44.98344438643247,45.27459716796875,73526500,0.0,0.0
2021-12-21 00:00:00+05:30,45.99404798848335,47.43927509603611,45.78306611697655,46.6312141418457,70268490,0.0,0.0
2021-12-22 00:00:00+05:30,47.04894886565433,47.72409008891934,46.83796703217606,47.63336944580078,43669170,0.0,0.0
2021-12-23 00:00:00+05:30,48.019474798952196,48.39080173041486,47.268376639093134,47.582740783691406,46214780,0.0,0.0
2021-12-24 00:00:00+05:30,47.68400636893492,47.82747569981,46.57846354436069,47.06793975830078,40936300,0.0,0.0
2021-12-27 00:00:00+05:30,46.88228199813097,47.45826159259174,46.51517239125419,47.33589172363281,27588510,0.0,0.0
2021-12-28 00:00:00+05:30,47.55530804531665,47.745193643282946,47.3443261937947,47.57429885864258,28807810,0.0,0.0
2021-12-29 00:00:00+05:30,47.25993622270437,47.540542480346,46.75358105090646,47.10169982910156,41935200,0.0,0.0
2021-12-30 00:00:00+05:30,47.171322039656935,47.555307329597476,46.3738109104529,46.45820236206055,41140930,0.0,0.0
2021-12-31 00:00:00+05:30,46.62698948935808,47.407621701196746,46.52782776095215,46.89915466308594,36870210,0.0,0.0
2022-01-03 00:00:00+05:30,47.04894961514449,48.56801819652135,47.04894961514449,48.20724105834961,38658030,0.0,0.0
2022-01-04 00:00:00+05:30,48.65242024018894,48.93513517178397,47.95617942918066,48.47519302368164,59757310,0.0,0.0
2022-01-05 00:00:00+05:30,48.39923758364462,49.825477023135974,48.156609731436376,49.69044876098633,61861760,0.0,0.0
2022-01-06 00:00:00+05:30,49.454144846413826,49.91830749651377,48.760015969482225,49.08492660522461,53354000,0.0,0.0
2022-01-07 00:00:00+05:30,49.167212006653486,49.53854214642917,48.4351079027881,48.962562561035156,39738570,0.0,0.0
2022-01-10 00:00:00+05:30,49.15877135323356,49.51321931814274,48.68828272624309,49.32966613769531,38225000,0.0,0.0
2022-01-11 00:00:00+05:30,48.890826931253606,49.06172172770675,46.9645646828518,47.69245147705078,96978850,0.0,0.0
2022-01-12 00:00:00+05:30,48.09753690667122,48.55958771461618,47.783172763078404,48.40768051147461,50358430,0.0,0.0
2022-01-13 00:00:00+05:30,48.69461420938722,51.71165546844756,48.616548731599465,51.528099060058594,157231160,0.0,0.0
2022-01-14 00:00:00+05:30,51.18420163905039,51.74541095219026,50.89304563572115,51.20951843261719,52679070,0.0,0.0
2022-01-17 00:00:00+05:30,51.26859155822607,52.534482707811904,50.22845254226033,51.890987396240234,89696070,0.0,0.0
2022-01-18 00:00:00+05:30,51.901537167988685,52.059773561793534,50.21368230073703,50.4183349609375,58408970,0.0,0.0
2022-01-19 00:00:00+05:30,50.46685485284022,51.5175435014854,49.91830400729853,51.04072570800781,73043210,0.0,0.0
2022-01-20 00:00:00+05:30,51.061827178192495,51.648356451467926,50.50905255352727,50.918357849121094,59205970,0.0,0.0
2022-01-21 00:00:00+05:30,50.63564328898975,50.81708780621506,48.79377266576445,49.357093811035156,71662670,0.0,0.0
2022-01-24 00:00:00+05:30,48.94779195240457,49.101807810153396,45.99404588631119,46.38225173950195,83920760,0.0,0.0
2022-01-25 00:00:00+05:30,46.19237043051493,47.3021338908824,45.86956843186952,46.79999923706055,57330630,0.0,0.0
2022-01-27 00:00:00+05:30,45.99404380065335,46.561585498423554,44.78300680951308,45.92441940307617,90566560,0.0,0.0
2022-01-28 00:00:00+05:30,46.66285568217439,47.502562549233105,45.6121669637412,45.76829147338867,78648930,0.0,0.0
2022-01-31 00:00:00+05:30,46.83375120149481,47.03207465999084,45.593180085091646,45.806270599365234,55709390,0.0,0.0
2022-02-01 00:00:00+05:30,46.62277000891975,49.557528421900095,45.84213777936585,49.2579345703125,170752680,0.0,0.0
2022-02-02 00:00:00+05:30,49.78749725217677,49.78749725217677,48.87605731243146,49.26426315307617,75247340,0.0,0.0
2022-02-03 00:00:00+05:30,48.65241693995728,49.86345072453027,48.369698808211986,49.226287841796875,65140900,0.0,0.0
2022-02-04 00:00:00+05:30,49.53009867306307,50.54070355220012,49.38030336019077,49.635589599609375,93174180,0.0,0.0
2022-02-07 00:00:00+05:30,49.298021088303365,51.251711909671776,48.98998616302205,49.91830825805664,145105250,0.0,0.0
2022-02-08 00:00:00+05:30,50.42466194919521,51.58084158117928,49.4330479020096,51.46269226074219,140839840,0.0,0.0
2022-02-09 00:00:00+05:30,51.94372922470058,52.0703196185288,50.9795438739769,51.578731536865234,73520600,0.0,0.0
2022-02-10 00:00:00+05:30,51.901535461879526,52.92479872924517,51.732749336837166,52.675838470458984,93920570,0.0,0.0
2022-02-11 00:00:00+05:30,52.2813020375186,53.376298332405426,52.03234178540329,52.93323516845703,96762260,0.0,0.0
2022-02-14 00:00:00+05:30,51.48379219695281,51.80659417152766,49.79593738847675,50.08076095581055,80216130,0.0,0.0
2022-02-15 00:00:00+05:30,50.50272345941646,51.14199819540951,48.59122844927266,50.96266555786133,101889210,0.0,0.0
2022-02-16 00:00:00+05:30,51.26859426453642,51.39096413510856,50.0659982528141,50.28963851928711,66092140,0.0,0.0
2022-02-17 00:00:00+05:30,50.68206183209897,51.03650980578452,50.051224922129805,50.25376892089844,56557920,0.0,0.0
2022-02-18 00:00:00+05:30,50.0870920648419,50.846628045366835,49.91830915301652,50.247440338134766,47251200,0.0,0.0
2022-02-21 00:00:00+05:30,50.12929150129345,50.72003813710222,49.55542058136976,49.869781494140625,49787320,0.0,0.0
2022-02-22 00:00:00+05:30,48.86339360174759,49.228391269866385,47.22828440298408,48.04900360107422,93858570,0.0,0.0
2022-02-23 00:00:00+05:30,48.44143254337055,48.63553545302333,47.85068273785092,48.06166458129883,49608380,0.0,0.0
2022-02-24 00:00:00+05:30,46.1628284441001,47.257824737452175,45.02774508500643,45.31890106201172,121268670,0.0,0.0
2022-02-25 00:00:00+05:30,46.3189527892782,48.555361631811465,46.230340800784575,48.329612731933594,92128860,0.0,0.0
2022-02-28 00:00:00+05:30,47.85068574257487,51.690554890581076,47.6481417436423,51.5112190246582,176054460,0.0,0.0
2022-03-02 00:00:00+05:30,51.51122003051423,54.83840809632324,51.418390715990434,54.40589141845703,248475320,0.0,0.0
2022-03-03 00:00:00+05:30,55.1084617258005,56.06420924754615,54.58733629941304,54.994529724121094,174503380,0.0,0.0
2022-03-04 00:00:00+05:30,54.95655556402284,55.69288017299022,53.715981234209984,53.88898468017578,162829230,0.0,0.0
2022-03-07 00:00:00+05:30,53.83834807451091,54.931232535309775,53.33621345005115,54.513492584228516,110400010,0.0,0.0
2022-03-08 00:00:00+05:30,54.55990798615328,54.60210049318327,52.49228520135761,53.56829071044922,91078220,0.0,0.0
2022-03-09 00:00:00+05:30,53.75395515022877,53.876325008784946,52.68638751097883,52.971214294433594,69348880,0.0,0.0
2022-03-10 00:00:00+05:30,53.0767073399679,55.43759483618919,52.365696292343934,55.222389221191406,136740620,0.0,0.0
2022-03-11 00:00:00+05:30,55.488229737794285,56.538921729072285,54.694935875849986,54.92701721191406,118822990,0.0,0.0
2022-03-14 00:00:00+05:30,55.066259513655204,55.348974402887514,53.91429726594597,54.72868728637695,52780820,0.0,0.0
2022-03-15 00:00:00+05:30,54.50927272082326,54.55991274779596,51.81714844392573,52.059776306152344,96143130,0.0,0.0
2022-03-16 00:00:00+05:30,52.53448083787364,53.6400268947852,52.33193684464518,53.38895797729492,63024510,0.0,0.0
2022-03-17 00:00:00+05:30,53.800374811672285,55.60637903535598,53.63580921685338,55.00086212158203,106239760,0.0,0.0
2022-03-21 00:00:00+05:30,55.19285294400557,56.28995469477518,54.62319937667833,54.979759216308594,84227630,0.0,0.0
2022-03-22 00:00:00+05:30,55.699210351787755,56.12117406657403,54.351033192491066,54.939674377441406,81795880,0.0,0.0
2022-03-23 00:00:00+05:30,55.86799229364136,56.872267977790976,54.532479992505294,56.16337203979492,130552380,0.0,0.0
2022-03-24 00:00:00+05:30,56.161255136481635,57.36595961070906,55.950273301621614,56.98830032348633,94605270,0.0,0.0
2022-03-25 00:00:00+05:30,57.17186533457594,57.64024530980237,56.27096869379401,56.49883270263672,69457440,0.0,0.0
2022-03-28 00:00:00+05:30,56.543137089323544,57.176082653756275,56.01989977147661,56.49883270263672,46554910,0.0,0.0
2022-03-29 00:00:00+05:30,56.7119216771927,56.80264877082619,55.99458463732324,56.317386627197266,43202370,0.0,0.0
2022-03-30 00:00:00+05:30,56.33215297553694,56.35535788808109,54.85528005108466,55.1949577331543,58483160,0.0,0.0
2022-03-31 00:00:00+05:30,55.19285363303443,55.71819638283224,54.85949870206042,55.159095764160156,40067950,0.0,0.0
2022-04-01 00:00:00+05:30,55.27724619361526,56.58111251656908,55.085251932288884,55.57684326171875,55321590,0.0,0.0
2022-04-04 00:00:00+05:30,55.57684191305304,57.133882561870465,55.465021789791315,56.62331008911133,69670320,0.0,0.0
2022-04-05 00:00:00+05:30,56.89969995459945,57.302676091283715,56.089530361827066,56.74990463256836,63296420,0.0,0.0
2022-04-06 00:00:00+05:30,56.96510568388375,58.51371185835508,56.83007419467087,57.84067916870117,114097540,0.0,0.0
2022-04-07 00:00:00+05:30,58.10439653112716,58.2731858636558,56.585331170297536,56.94399642944336,55650640,0.0,0.0
2022-04-08 00:00:00+05:30,57.42715650063438,58.2288850422045,57.22883302501284,57.84067916870117,52287710,0.0,0.0
2022-04-11 00:00:00+05:30,57.838569952910724,58.39977603218424,57.0916923687611,57.2984504699707,44778820,0.0,0.0
2022-04-12 00:00:00+05:30,57.09169383453031,57.38495527815172,54.690719185784545,55.70975875854492,69191680,0.0,0.0
2022-04-13 00:00:00+05:30,56.33004521022081,56.79631976053644,55.48822964217879,55.6781120300293,44937800,0.0,0.0
2022-04-18 00:00:00+05:30,56.20134690268877,57.304777870594236,56.07264462455494,56.50516128540039,80700420,0.0,0.0
2022-04-19 00:00:00+05:30,57.074808684054915,57.66766717722635,55.235046664209484,55.97770690917969,64772190,0.0,0.0
2022-04-20 00:00:00+05:30,56.10851426611426,56.3933410541983,54.983977388703266,55.456581115722656,54100210,0.0,0.0
2022-04-21 00:00:00+05:30,55.53042681937774,55.815247172744144,54.2582064910926,54.94600296020508,66690280,0.0,0.0
2022-04-22 00:00:00+05:30,54.92279581414493,55.342647628218515,53.747625384119765,53.9079704284668,55848230,0.0,0.0
2022-04-25 00:00:00+05:30,52.74545974923246,53.29190193959594,51.175754352002926,51.49433898925781,72310460,0.0,0.0
2022-04-26 00:00:00+05:30,52.11251857098274,52.3952334861381,51.69055485785738,52.053443908691406,44812710,0.0,0.0
2022-04-27 00:00:00+05:30,51.774943629104506,52.956443252346006,51.07448557567356,52.6062126159668,71209740,0.0,0.0
2022-04-28 00:00:00+05:30,53.14633065625388,53.53242785661646,52.45009307524469,53.20329666137695,51295830,0.0,0.0
2022-04-29 00:00:00+05:30,53.5049984524811,54.505050361200254,53.40583672542609,53.633697509765625,57173520,0.0,0.0
2022-05-02 00:00:00+05:30,53.04083604653788,54.97131869519731,52.69271728016571,54.652740478515625,54426170,0.0,0.0
2022-05-04 00:00:00+05:30,56.007243834884896,56.12117584430967,52.93534840902565,53.224395751953125,138374020,0.0,0.0
2022-05-05 00:00:00+05:30,54.011357029991586,55.55152205733774,53.92696557236332,54.19069290161133,87338160,0.0,0.0
2022-05-06 00:00:00+05:30,53.50499701094317,54.4333158382837,52.45008778927101,54.167476654052734,69256760,0.0,0.0
2022-05-09 00:00:00+05:30,53.167427026949966,53.76661471763094,52.49228574031453,52.84040451049805,50552970,0.0,0.0
2022-05-10 00:00:00+05:30,52.78766031825294,52.94167617344529,48.88660781751325,49.1545524597168,145537420,0.0,0.0
2022-05-11 00:00:00+05:30,49.58073508827079,50.25165583057101,47.40340083613843,49.18830871582031,107063150,0.0,0.0
2022-05-12 00:00:00+05:30,48.81698399432043,49.04906210966195,46.542599791872775,47.16288375854492,94191610,0.0,0.0
2022-05-13 00:00:00+05:30,47.89288063759763,48.60177979254839,46.078435413816635,46.2894172668457,82924410,0.0,0.0
2022-05-16 00:00:00+05:30,47.217739027878835,47.88444245151604,46.16282976996969,46.56369400024414,62665270,0.0,0.0
2022-05-17 00:00:00+05:30,47.428722942062215,50.51749725477309,47.06372522436419,50.15882873535156,112876010,0.0,0.0
2022-05-18 00:00:00+05:30,50.50905628538262,51.01541468387764,49.580737383800006,49.802268981933594,81575800,0.0,0.0
2022-05-19 00:00:00+05:30,48.56802076644017,48.73258635033636,47.05738996209962,47.35065460205078,66545630,0.0,0.0
2022-05-20 00:00:00+05:30,49.04695414937175,49.724204129542834,48.15450176665042,49.39507293701172,65527500,0.0,0.0
2022-05-23 00:00:00+05:30,46.289416526694836,46.289416526694836,42.261773789409155,43.16477584838867,273883460,0.0,0.0
2022-05-24 00:00:00+05:30,43.50445628403928,43.8800037148135,42.28076092542185,42.464317321777344,123116660,0.0,0.0
2022-05-25 00:00:00+05:30,42.464320733965245,42.97067592061248,41.85036273614284,42.15839767456055,99343400,0.0,0.0
2022-05-26 00:00:00+05:30,42.49174625632176,45.0467367662194,41.99594080594958,44.39058303833008,150536730,0.0,0.0
2022-05-27 00:00:00+05:30,44.8336415890256,45.05095262953445,43.54665106038613,44.03190994262695,74772200,0.0,0.0
2022-05-30 00:00:00+05:30,44.68595688787415,44.888497662927236,44.03191185908351,44.19858932495117,72701590,0.0,0.0
2022-05-31 00:00:00+05:30,44.09520526912072,45.23028861675942,43.75763303196106,44.54459762573242,121248850,0.0,0.0
2022-06-01 00:00:00+05:30,44.96023537179451,45.529885746356804,44.44543912153026,44.877952575683594,94055290,0.0,0.0
2022-06-02 00:00:00+05:30,45.05517673100577,45.772513765430055,44.690179015556126,45.63748550415039,79177040,0.0,0.0
2022-06-03 00:00:00+05:30,46.07843383221591,46.112191700180475,44.93913315269547,45.03618621826172,53954860,0.0,0.0
2022-06-06 00:00:00+05:30,44.939137567023465,45.69445303545521,44.272434096207355,45.49190902709961,57262490,0.0,0.0
2022-06-07 00:00:00+05:30,45.02352730836107,45.635376629501565,44.87795253025656,45.086822509765625,43341570,0.0,0.0
2022-06-08 00:00:00+05:30,45.614279623610784,45.94763136433629,45.321014953254426,45.856910705566406,64734340,0.0,0.0
2022-06-09 00:00:00+05:30,45.35899422857484,45.87800783554356,43.93486657975437,44.08888244628906,98547810,0.0,0.0
2022-06-10 00:00:00+05:30,43.46226237142026,43.521337033602194,42.64576361821968,43.19642639160156,95225630,0.0,0.0
2022-06-13 00:00:00+05:30,42.37781488465824,42.70272551995169,41.77440665968962,41.856689453125,82235750,0.0,0.0
2022-06-14 00:00:00+05:30,41.70056095266642,42.77446100524262,41.586632171296436,42.033912658691406,77202600,0.0,0.0
2022-06-15 00:00:00+05:30,42.425282811229465,43.32809322087374,42.278523569925845,42.67433547973633,92443330,5.1,0.0
2022-06-16 00:00:00+05:30,92.5536088297573,92.5536088297573,85.26323196762749,85.59547424316406,122741050,51.0,0.0
2022-06-17 00:00:00+05:30,85.24424062978221,88.03508268644663,85.00692370959055,86.07009887695312,121290260,0.0,0.0
2022-06-20 00:00:00+05:30,85.90872816380295,85.90872816380295,79.99004338440142,81.7699203491211,139866890,0.0,0.0
2022-06-21 00:00:00+05:30,83.06092538654204,85.00692710681906,82.01673234443595,83.9912109375,124526970,0.0,0.0
2022-06-22 00:00:00+05:30,82.8663191211741,82.95175697708412,79.33029851567491,79.55812072753906,109877390,0.0,0.0
2022-06-23 00:00:00+05:30,79.73849050070976,81.25257371125329,78.50443953650161,79.86189270019531,111515840,0.0,0.0
2022-06-24 00:00:00+05:30,80.68775296382083,82.08792134619607,80.17989127766764,80.95829772949219,85433810,0.0,0.0
2022-06-27 00:00:00+05:30,82.63375751360437,83.42639518679745,81.9265504584659,82.3822021484375,72814730,0.0,0.0
2022-06-28 00:00:00+05:30,82.20658840746705,83.95324489097634,81.67500076751739,83.43114471435547,84647330,0.0,0.0
2022-06-29 00:00:00+05:30,82.58629255057502,84.37091327661012,82.44390094253745,83.68744659423828,72318470,0.0,0.0
2022-06-30 00:00:00+05:30,83.67795071688869,84.91199440380525,81.95028376133517,82.30625915527344,84672090,0.0,0.0
2022-07-01 00:00:00+05:30,82.29677028218107,83.0609311383474,81.55159883741302,82.85684204101562,54761890,0.0,0.0
2022-07-04 00:00:00+05:30,82.44389996427608,82.70020630417002,80.05174849851429,81.11967468261719,77554410,0.0,0.0
2022-07-05 00:00:00+05:30,81.82687258236898,83.4596141799412,81.42818188780025,81.65126037597656,79058290,0.0,0.0
2022-07-06 00:00:00+05:30,81.48988739487196,81.74144275761978,79.55338040520618,81.46141052246094,81439710,0.0,0.0
2022-07-07 00:00:00+05:30,82.30151082580237,86.0558665059869,81.49463468875295,85.43409729003906,111007940,0.0,0.0
2022-07-08 00:00:00+05:30,87.13328798855386,87.13328798855386,83.58302861727107,84.09562683105469,112000630,0.0,0.0
2022-07-11 00:00:00+05:30,84.02917207897089,88.18696916394642,83.06566596049772,86.6444091796875,150193340,0.0,0.0
2022-07-12 00:00:00+05:30,85.89923190684013,86.94817589905874,84.8265620160576,85.63343811035156,100175050,0.0,0.0
2022-07-13 00:00:00+05:30,85.99891313511485,86.78205613343296,85.49580238542315,85.89449310302734,70135110,0.0,0.0
2022-07-14 00:00:00+05:30,86.38336261015358,86.47828793378505,84.95946102866753,86.19351196289062,74498580,0.0,0.0
2022-07-15 00:00:00+05:30,85.9087285524704,86.41183928466658,83.29824232573786,83.89627838134766,81253510,0.0,0.0
2022-07-18 00:00:00+05:30,85.1493164940866,86.19351684013259,84.69841574956949,85.84228515625,73060810,0.0,0.0
2022-07-19 00:00:00+05:30,85.529025806838,87.5129992394865,85.529025806838,87.28042602539062,85341580,0.0,0.0
2022-07-20 00:00:00+05:30,88.84671643925677,89.04131806664812,87.82624926008582,88.134765625,77088650,0.0,0.0
2022-07-21 00:00:00+05:30,88.28190094166636,89.12200493009499,87.75980078109758,88.6900863647461,50877140,0.0,0.0
2022-07-22 00:00:00+05:30,89.4684832987543,89.61087490631806,88.47174928814597,88.85620880126953,48608940,0.0,0.0
2022-07-25 00:00:00+05:30,88.75653392483709,91.59009871562134,88.62363702027251,91.19615173339844,99635630,0.0,0.0
2022-07-26 00:00:00+05:30,92.2688252199918,92.71498223488689,89.80548141710106,90.13297271728516,126264690,0.0,0.0
2022-07-27 00:00:00+05:30,90.27535763564885,91.27683535787384,89.57290155916859,91.07274627685547,52559020,0.0,0.0
2022-07-28 00:00:00+05:30,93.1231654915825,96.82531119148945,92.22136401957745,95.25901794433594,137156107,0.0,10.0
2022-07-29 00:00:00+05:30,97.7745747871055,103.75496429723256,96.96769867665037,102.14120483398438,166959934,0.0,0.0
2022-08-01 00:00:00+05:30,104.89408451635347,105.79588596593895,100.76477132548953,102.75823211669922,125365761,0.0,0.0
2022-08-02 00:00:00+05:30,102.52091537903402,102.52091537903402,100.00535443284011,101.57164764404297,64935371,0.0,0.0
2022-08-03 00:00:00+05:30,101.57164382552156,102.94807909257716,100.62237612621762,101.61911010742188,61428846,0.0,0.0
2022-08-04 00:00:00+05:30,102.04628673036444,103.944822297441,100.66985134116932,102.23613739013672,79526154,0.0,0.0
2022-08-05 00:00:00+05:30,102.18867574182829,103.70750270831073,101.6665755772539,101.90389251708984,54469112,0.0,0.0
2022-08-08 00:00:00+05:30,102.37852296894057,102.66330618414395,101.2868636337783,101.7614974975586,41384943,0.0,0.0
2022-08-10 00:00:00+05:30,102.42599046465438,104.3245259422482,101.09701418187107,103.6600341796875,73880698,0.0,0.0
2022-08-11 00:00:00+05:30,104.70422717596249,105.0364694128772,103.09046778727483,103.56510162353516,75321498,0.0,0.0
2022-08-12 00:00:00+05:30,103.80242636503327,107.17232975339905,103.28033345120043,106.93501281738281,95942333,0.0,0.0
2022-08-16 00:00:00+05:30,107.93174223051473,107.93174223051473,105.46364748433534,107.26725769042969,69207437,0.0,0.0
2022-08-17 00:00:00+05:30,107.74188551161025,107.74188551161025,106.5553008694119,106.79261779785156,54008422,0.0,0.0
2022-08-18 00:00:00+05:30,106.79262160630915,107.26725548011497,105.74842853240398,106.840087890625,49396425,0.0,0.0
2022-08-19 00:00:00+05:30,106.84008052125606,107.17232276153585,103.99227747485034,104.46691131591797,57134813,0.0,0.0
2022-08-22 00:00:00+05:30,103.94481173588947,104.0397370561305,99.3883239409428,99.72057342529297,74037526,0.0,0.0
2022-08-23 00:00:00+05:30,98.91369314982592,102.75823029809874,98.24920864529533,102.14120483398438,70531639,0.0,0.0
2022-08-24 00:00:00+05:30,102.09375325943006,102.66331248244073,100.38506834805962,101.14448547363281,55686404,0.0,0.0
2022-08-25 00:00:00+05:30,101.6191125088952,102.42598862390417,100.38506157370175,100.85969543457031,42186335,0.0,0.0
2022-08-26 00:00:00+05:30,101.80896718962312,103.66003642340823,101.6665755772539,101.90389251708984,71257092,0.0,0.0
2022-08-29 00:00:00+05:30,98.77130613506557,100.2901329920378,98.01188908541059,99.53071594238281,59895805,0.0,0.0
2022-08-30 00:00:00+05:30,101.09700982691349,102.99554522272408,100.66984225979122,102.80569458007812,67401780,0.0,0.0
2022-09-01 00:00:00+05:30,101.57164965792133,102.28360047328059,100.52745657719538,101.00209045410156,52454732,0.0,0.0
2022-09-02 00:00:00+05:30,101.57165252540914,101.57165252540914,99.67311696418653,100.14775085449219,45601352,0.0,0.0
2022-09-05 00:00:00+05:30,100.66983901911296,101.85642360329705,100.43252210227614,101.47671508789062,40352735,0.0,0.0
2022-09-06 00:00:00+05:30,101.95135857797185,103.28033488660063,100.66984855414125,103.0904769897461,59505849,0.0,0.0
2022-09-07 00:00:00+05:30,102.09374579356815,103.3752557622131,101.66657097579454,102.14120483398438,43945660,0.0,0.0
2022-09-08 00:00:00+05:30,102.90062371443602,102.90062371443602,100.00535423160409,100.47998809814453,71228405,0.0,0.0
2022-09-09 00:00:00+05:30,101.57165170982893,101.90389398190743,100.14775005034535,100.33760070800781,63647166,0.0,0.0
2022-09-12 00:00:00+05:30,101.38179838979345,102.47345050619246,101.09701516844004,102.28359985351562,40838533,0.0,0.0
2022-09-13 00:00:00+05:30,102.52091679053075,103.1854013172378,102.0937492008388,102.28359985351562,44179394,0.0,0.0
2022-09-14 00:00:00+05:30,100.90716019855219,104.79915635061735,100.43252634482869,103.6125717163086,86379872,0.0,0.0
2022-09-15 00:00:00+05:30,103.13794085524582,103.47018311402508,101.09701377654744,101.57164764404297,62926791,0.0,0.0
2022-09-16 00:00:00+05:30,100.81223459450234,102.04628559632346,99.67311616385082,100.33760070800781,107967267,0.0,0.0
2022-09-19 00:00:00+05:30,100.81222765167901,100.81222765167901,97.77457388424912,97.86949920654297,51146568,0.0,0.0
2022-09-20 00:00:00+05:30,98.91369151971836,100.95461852476754,98.72384087650636,100.43252563476562,52140254,0.0,0.0
2022-09-21 00:00:00+05:30,100.43253352590571,101.76150261748452,99.00863186292409,99.15101623535156,46142823,0.0,0.0
2022-09-22 00:00:00+05:30,99.1510152516713,99.9578986465598,98.24921377099842,98.3441390991211,61380323,0.0,0.0
2022-09-23 00:00:00+05:30,100.81223176948173,102.4259912837444,98.48652868776612,99.00862884521484,109765520,0.0,0.0
2022-09-26 00:00:00+05:30,99.10354896798212,99.1510080074068,93.50286810988682,94.78437805175781,101291962,0.0,0.0
2022-09-27 00:00:00+05:30,96.20827907745047,96.20827907745047,91.60433222250705,92.69599151611328,104949032,0.0,0.0
2022-09-28 00:00:00+05:30,91.65180226404807,92.88584596812476,90.18043438504114,90.37028503417969,71724106,0.0,0.0
2022-09-29 00:00:00+05:30,92.07896844912486,93.2655530940878,91.50940926801022,91.93657684326172,60884592,0.0,0.0
2022-09-30 00:00:00+05:30,91.93658060977852,95.30648403646883,90.84492124322122,94.26229095458984,66436616,0.0,0.0
2022-10-03 00:00:00+05:30,94.54705821696706,94.59452449726825,93.02823139771674,93.3604736328125,37282313,0.0,0.0
2022-10-04 00:00:00+05:30,95.21155649280873,96.35067487518606,94.92677327604537,96.0184326171875,40186702,0.0,0.0
2022-10-06 00:00:00+05:30,96.8253087528567,98.53399356895997,96.58799181963892,98.29667663574219,48169310,0.0,0.0
2022-10-07 00:00:00+05:30,98.05936431884766,98.24921497742423,96.73038798179647,98.05936431884766,36080875,0.0,0.0
2022-10-10 00:00:00+05:30,96.82530578569828,98.24920734137032,96.0184296859517,97.96442413330078,36641275,0.0,0.0
2022-10-11 00:00:00+05:30,98.29667911143267,98.39160443864296,94.73692502351027,95.25901794433594,41083734,0.0,0.0
2022-10-12 00:00:00+05:30,95.25900991709162,96.0658859938929,93.97750000189691,95.44886779785156,41357469,0.0,0.0
2022-10-13 00:00:00+05:30,95.97096572478527,96.63545747890497,93.78765429868974,95.02169799804688,34668093,0.0,0.0
2022-10-14 00:00:00+05:30,96.68291651983908,97.58472520564337,94.83184734963439,95.02169799804688,32456805,0.0,0.0
2022-10-17 00:00:00+05:30,94.68945391623592,95.30647937518523,93.12316074885317,94.49960327148438,37568783,0.0,0.0
2022-10-18 00:00:00+05:30,95.21155809043043,95.87604261757738,94.736924216086,95.5438003540039,30722156,0.0,0.0
2022-10-19 00:00:00+05:30,95.49633609149228,96.11336158967143,94.64199365111644,94.9742431640625,38764542,0.0,0.0
2022-10-20 00:00:00+05:30,94.45213643837336,96.06588863636522,93.78765194327973,95.78111267089844,38091315,0.0,0.0
2022-10-21 00:00:00+05:30,95.73364839307398,96.30320757826951,94.3097468089162,95.11662292480469,30973997,0.0,0.0
2022-10-24 00:00:00+05:30,96.8253121907626,96.92023751895256,95.8760444241865,96.0658950805664,7480281,0.0,0.0
2022-10-25 00:00:00+05:30,96.01843603764058,97.29994607405067,95.59126119727836,96.0658950805664,37163180,0.0,0.0
2022-10-27 00:00:00+05:30,97.0626270803097,99.3408711203934,96.87277642794362,98.9136962890625,74349009,0.0,0.0
2022-10-28 00:00:00+05:30,98.81876398631972,99.29339782606414,95.68618498940917,96.44559478759766,51006232,0.0,0.0
2022-10-31 00:00:00+05:30,96.73038220745822,96.96769913768145,95.2115553024971,96.39813995361328,38715841,0.0,0.0
2022-11-01 00:00:00+05:30,93.55034129301038,96.30321202221043,93.55034129301038,96.0658950805664,69031178,0.0,0.0
2022-11-02 00:00:00+05:30,95.87604061173803,97.77457606939622,95.68618996290743,96.11335754394531,42336049,0.0,0.0
2022-11-03 00:00:00+05:30,95.63872507506726,97.25247734068898,94.92677426805683,96.82530975341797,39110676,0.0,0.0
2022-11-04 00:00:00+05:30,97.29993870264022,99.67310793928998,97.01515549730715,99.435791015625,70299020,0.0,0.0
2022-11-07 00:00:00+05:30,100.52745538572869,101.99881604129611,99.29340442346351,101.286865234375,74426059,0.0,0.0
2022-11-09 00:00:00+05:30,101.8089597065135,102.09374291031996,100.19520753117752,100.71730041503906,38295904,0.0,0.0
2022-11-10 00:00:00+05:30,99.86296241781048,100.6223794996487,99.1510116194639,99.3883285522461,27864285,0.0,0.0
2022-11-11 00:00:00+05:30,100.85969902092631,102.71076824719862,100.85969902092631,102.09375,77933417,0.0,0.0
2022-11-14 00:00:00+05:30,102.99555126272449,104.41945289308474,102.75823432433111,103.1854019165039,55474425,0.0,0.0
2022-11-15 00:00:00+05:30,103.47018210601645,103.802424361559,101.76149730274336,103.04301452636719,35007427,0.0,0.0
2022-11-16 00:00:00+05:30,102.94808847277683,103.28033799167663,99.86296816893575,101.14448547363281,40404167,0.0,0.0
2022-11-17 00:00:00+05:30,100.5274543817338,101.3817967899742,99.19847810695295,100.47998809814453,32894825,0.0,0.0
2022-11-18 00:00:00+05:30,100.47999312923847,100.9071679759166,99.38833373306778,100.14775085449219,28992538,0.0,0.0
2022-11-21 00:00:00+05:30,102.23612945450792,102.23612945450792,98.58145022003161,98.9611587524414,58404309,0.0,0.0
2022-11-22 00:00:00+05:30,99.10355098811483,100.05281870401184,98.29667487806996,99.86296081542969,27846186,0.0,0.0
2022-11-23 00:00:00+05:30,100.33759769784642,100.6223809181349,99.6256468894634,100.10028076171875,22809651,0.0,0.0
2022-11-24 00:00:00+05:30,100.47999312923847,100.5749184588319,99.29340840347433,100.14775085449219,23737867,0.0,0.0
2022-11-25 00:00:00+05:30,100.24267376503687,101.09701619543779,99.76803988618505,100.8122329711914,27361785,0.0,0.0
2022-11-28 00:00:00+05:30,100.6223790866444,101.002087626005,99.19847749579566,99.57818603515625,33516118,0.0,0.0
2022-11-29 00:00:00+05:30,99.67310740497827,102.18866823080954,99.62564112356462,100.71730041503906,40661568,0.0,0.0
2022-11-30 00:00:00+05:30,100.71730701457544,102.47345090688658,100.52745636115625,102.18867492675781,61142050,0.0,0.0
2022-12-01 00:00:00+05:30,103.18539931923341,105.65350121027069,102.52091480539292,105.13140106201172,91702642,0.0,0.0
2022-12-02 00:00:00+05:30,105.17886715801745,106.79261939866203,104.56184168635758,106.31798553466797,70541914,0.0,0.0
2022-12-05 00:00:00+05:30,107.55203553954871,110.20998080932085,106.93501007327266,109.97266387939453,96441799,0.0,0.0
2022-12-06 00:00:00+05:30,109.49803160643391,109.49803160643391,106.55530308116771,107.21978759765625,50581245,0.0,0.0
2022-12-07 00:00:00+05:30,107.64695647606715,107.74188179570156,105.22632099253262,105.55856323242188,39494279,0.0,0.0
2022-12-08 00:00:00+05:30,106.0806728164294,107.2672575235483,105.17887133595436,106.17559814453125,32416724,0.0,0.0
2022-12-09 00:00:00+05:30,107.07740362811376,107.97920508130814,104.13466784960984,104.84661865234375,35665257,0.0,0.0
2022-12-12 00:00:00+05:30,104.60930152219872,106.41291166754795,103.18539991939744,106.033203125,37082389,0.0,0.0
2022-12-13 00:00:00+05:30,106.8400803956682,107.12485635457142,105.17886195388425,105.55856323242188,32264080,0.0,0.0
2022-12-14 00:00:00+05:30,105.93827759502702,107.45710451994285,105.46364372834469,107.3147201538086,38606984,0.0,0.0
2022-12-15 00:00:00+05:30,106.93501038919679,107.69442022180185,105.08393398489989,105.32125091552734,34361613,0.0,0.0
2022-12-16 00:00:00+05:30,104.75169930188547,106.41291793634961,103.89735684140764,105.41619110107422,34736665,0.0,0.0
2022-12-19 00:00:00+05:30,105.4161848798271,106.4129116562796,105.17886794605201,106.12813568115234,17297590,0.0,0.0
2022-12-20 00:00:00+05:30,105.51110880543209,105.84335105984292,103.47018175356841,105.32125091552734,34836506,0.0,0.0
2022-12-21 00:00:00+05:30,106.12813567517782,106.31798632525197,103.185399902662,103.84989166259766,32303565,0.0,0.0
2022-12-22 00:00:00+05:30,104.41945269495511,104.98901189755087,100.95462395251852,102.18867492675781,39639329,0.0,0.0
2022-12-23 00:00:00+05:30,100.62238384517306,101.33433467426627,96.77784647113441,97.06262969970703,46756489,0.0,0.0
2022-12-26 00:00:00+05:30,97.58472486726629,100.19521110674499,96.49306553683488,99.67311096191406,33995681,0.0,0.0
2022-12-27 00:00:00+05:30,101.2394036636209,105.89081693444435,100.47998659160722,105.5111083984375,76033410,0.0,0.0
2022-12-28 00:00:00+05:30,105.41619055437835,106.60277528712759,104.1346732491384,104.4194564819336,50660601,0.0,0.0
2022-12-29 00:00:00+05:30,103.47018685223539,106.31799016009508,103.32779523837473,106.08067321777344,51751642,0.0,0.0
2022-12-30 00:00:00+05:30,107.17232975339905,108.92847363145155,106.41291266121185,106.93501281738281,56048485,0.0,0.0
2023-01-02 00:00:00+05:30,108.59623287944905,113.62734764754437,107.97920738875992,113.20018005371094,143444095,0.0,0.0
2023-01-03 00:00:00+05:30,113.72228267473028,114.38676722223947,111.77628083335019,112.44076538085938,74419090,0.0,0.0
2023-01-04 00:00:00+05:30,112.7255421220355,113.01032533591058,109.49803041491595,109.87773895263672,55634568,0.0,0.0
2023-01-05 00:00:00+05:30,110.58968734342722,111.06432119468656,108.69115193838984,110.63715362548828,58806907,0.0,0.0
2023-01-06 00:00:00+05:30,111.06432400827602,111.87120012738991,109.40310548678471,109.7828140258789,58551863,0.0,0.0
2023-01-09 00:00:00+05:30,110.96940030152075,112.10851869306852,110.6371580408475,111.58642578125,37763131,0.0,0.0
2023-01-10 00:00:00+05:30,111.68134674087432,113.67480746932178,111.5864214190126,112.82046508789062,56750710,0.0,0.0
2023-01-11 00:00:00+05:30,113.39002426139879,114.24436664282995,112.01358898855925,112.82046508789062,49321252,0.0,0.0
2023-01-12 00:00:00+05:30,112.91539665174822,113.20017987541412,111.63388662992817,112.1085205078125,33740024,0.0,0.0
2023-01-13 00:00:00+05:30,112.53569155226276,115.43095376442007,112.15598301427909,114.33929443359375,68884010,0.0,0.0
2023-01-16 00:00:00+05:30,115.28856377608767,115.28856377608767,112.77301006659452,113.86466217041016,44362359,0.0,0.0
2023-01-17 00:00:00+05:30,113.67481353049965,113.81720514205351,112.01359496116041,113.29510498046875,27880531,0.0,0.0
2023-01-18 00:00:00+05:30,113.91212806467084,116.75993126628762,113.91212806467084,116.23783111572266,64749065,0.0,0.0
2023-01-19 00:00:00+05:30,115.62080970955512,117.99397897910808,115.00378425100378,117.28202819824219,53564076,0.0,0.0
2023-01-20 00:00:00+05:30,117.13963819868178,117.89904802994165,115.81066194105453,116.71246337890625,37784498,0.0,0.0
2023-01-23 00:00:00+05:30,117.13963756637149,117.56680514150324,115.33602745806584,115.81066131591797,28601260,0.0,0.0
2023-01-24 00:00:00+05:30,116.2853004444756,116.33276672934741,114.00705637505496,114.29183959960938,27707765,0.0,0.0
2023-01-25 00:00:00+05:30,114.2443713087426,116.04798146712879,114.00705437322699,114.86139678955078,46522102,0.0,0.0
2023-01-27 00:00:00+05:30,115.71574427546155,116.997254334922,113.05779158430481,114.52915954589844,58771746,0.0,0.0
2023-01-30 00:00:00+05:30,114.33929236545178,114.95631782322239,110.96939635235326,112.72554016113281,46551837,0.0,0.0
2023-01-31 00:00:00+05:30,112.72554836354263,114.33930068528537,111.77628058784964,113.62734985351562,43986769,0.0,0.0
2023-02-01 00:00:00+05:30,114.00704744929283,117.85158446809243,113.24763764716664,115.85812377929688,72919626,0.0,0.0
2023-02-02 00:00:00+05:30,115.76319764464685,116.28529779699717,112.39330152327958,113.86466217041016,38768010,0.0,0.0
2023-02-03 00:00:00+05:30,113.95959353411169,114.86139497791216,111.25417471803426,114.24436950683594,46977350,0.0,0.0
2023-02-06 00:00:00+05:30,113.91212886031458,113.91212886031458,111.06432563880672,111.49149322509766,49546361,0.0,0.0
2023-02-07 00:00:00+05:30,106.88754249157505,109.498028689045,104.94154803522743,105.79588317871094,110953246,0.0,0.0
2023-02-08 00:00:00+05:30,105.79588317871094,107.02993409626825,104.5143732211478,105.79588317871094,66523699,0.0,0.0
2023-02-09 00:00:00+05:30,106.46037571741729,107.21978554424066,104.3719823983927,105.60603332519531,64710455,0.0,0.0
2023-02-10 00:00:00+05:30,105.36872063331826,105.6060375716816,102.8057005959296,103.28033447265625,60810058,0.0,0.0
2023-02-13 00:00:00+05:30,103.28033066273977,104.98900821052128,102.9006221268979,103.23286437988281,56186469,0.0,0.0
2023-02-14 00:00:00+05:30,103.99227985114955,104.32452209902132,102.75822893923971,103.7074966430664,31163587,0.0,0.0
2023-02-15 00:00:00+05:30,103.47018034283441,104.98900722967448,103.28032969785609,104.70423126220703,35544190,0.0,0.0
2023-02-16 00:00:00+05:30,105.36871780667987,106.50783618333038,105.03647555035162,106.31798553466797,30956191,0.0,0.0
2023-02-17 00:00:00+05:30,105.89081336768605,107.36217393693752,105.65349644596765,106.5552978515625,34107244,0.0,0.0
2023-02-20 00:00:00+05:30,106.60276373955433,106.9824650190328,105.41617913533996,106.65022277832031,19896764,0.0,0.0
2023-02-21 00:00:00+05:30,107.17232814810485,108.40637185150212,107.02993654016032,107.4096450805664,29830864,0.0,0.0
2023-02-22 00:00:00+05:30,107.50456915955098,107.93173673609746,105.03647453901343,105.5111083984375,24391211,0.0,0.0
2023-02-23 00:00:00+05:30,105.89082174644852,107.884282598151,105.7009638486484,106.3654556274414,30845778,0.0,0.0
2023-02-24 00:00:00+05:30,106.79262287252857,107.17233142454299,103.99228588080645,104.18213653564453,34326940,0.0,0.0
2023-02-27 00:00:00+05:30,104.22959521185521,104.46691213424802,99.8154990068815,100.71730041503906,56217189,0.0,0.0
2023-02-28 00:00:00+05:30,101.4292541721468,101.6191120610603,98.2966750496223,98.67637634277344,76540448,0.0,0.0
2023-03-01 00:00:00+05:30,99.38833373306778,101.66657785500259,99.19848307388088,100.14775085449219,76175319,0.0,0.0
2023-03-02 00:00:00+05:30,100.66985004659284,101.47672620375657,99.05609048992706,99.34087371826172,55276248,0.0,0.0
2023-03-03 00:00:00+05:30,100.62237990905192,101.99881522785371,99.67311217406086,101.57164764404297,117175295,0.0,0.0
2023-03-06 00:00:00+05:30,102.0462821163023,102.14120744189636,99.67311276476039,100.2901382446289,106868143,0.0,0.0
2023-03-08 00:00:00+05:30,99.95789697772862,101.47672392934902,98.72384600572184,101.09701538085938,43939583,0.0,0.0
2023-03-09 00:00:00+05:30,102.3785197781022,103.42271279740679,102.04627753227862,102.71076202392578,51967449,0.0,0.0
2023-03-10 00:00:00+05:30,101.5716440738483,102.85315402257416,101.19193554473084,102.61583709716797,47699832,0.0,0.0
2023-03-13 00:00:00+05:30,102.75823312014367,103.4701839269807,100.95462296102225,101.38179779052734,34552596,0.0,0.0
2023-03-14 00:00:00+05:30,101.57164965792133,103.04301757326576,100.81223255793617,101.00209045410156,48584984,0.0,0.0
2023-03-15 00:00:00+05:30,102.04628012425836,103.61257331416806,101.95135480051735,103.137939453125,38930902,0.0,0.0
2023-03-16 00:00:00+05:30,101.80895943994653,101.80895943994653,98.43905625385705,99.72057342529297,81088340,0.0,0.0
2023-03-17 00:00:00+05:30,101.04954749286266,101.90388990282223,99.67311217406086,101.57164764404297,48962238,0.0,0.0
2023-03-20 00:00:00+05:30,100.71730563225297,101.0495478923457,98.58145322007935,99.19847869873047,41569640,0.0,0.0
2023-03-21 00:00:00+05:30,99.76803326028842,100.05281646562149,99.00862344996315,99.435791015625,26434897,0.0,0.0
2023-03-22 00:00:00+05:30,99.43579482491195,100.57491320520722,99.10355256752067,99.48326110839844,25891259,0.0,0.0
2023-03-23 00:00:00+05:30,99.10355217154,100.14774522302815,99.05608588824317,99.57818603515625,20913844,0.0,0.0
2023-03-24 00:00:00+05:30,99.67311257108284,99.72057885495668,96.39814176925393,96.92023468017578,39014278,0.0,0.0
2023-03-27 00:00:00+05:30,97.34740909677643,98.1542852228565,96.9202342707307,97.11009216308594,24753289,0.0,0.0
2023-03-28 00:00:00+05:30,97.63219192802691,97.869508878383,97.15755802731474,97.2999496459961,18703734,0.0,0.0
2023-03-29 00:00:00+05:30,97.29994600509505,99.19848153690178,96.49306985254485,98.3441390991211,37221124,0.0,0.0
2023-03-31 00:00:00+05:30,99.67311256810238,100.1477464374743,98.81877015476532,99.19847869873047,34579415,0.0,0.0
2023-04-03 00:00:00+05:30,99.76803911264832,99.9104307236675,98.5339953826045,98.81877136230469,21840428,0.0,0.0
2023-04-05 00:00:00+05:30,98.81876517420793,99.67310754448535,97.9644228039305,99.53071594238281,25194802,0.0,0.0
2023-04-06 00:00:00+05:30,99.53072519818197,99.76804214297609,98.91369969324961,99.05609130859375,21053782,0.0,0.0
2023-04-10 00:00:00+05:30,99.19847330685957,100.3850579157933,99.19847330685957,99.62564086914062,19992257,0.0,0.0
2023-04-11 00:00:00+05:30,100.19521448901786,102.3785259812444,99.76803965364394,102.09375,49304956,0.0,0.0
2023-04-12 00:00:00+05:30,102.71076401534458,102.90062190402327,101.52417936987,102.14120483398438,27349538,0.0,0.0
2023-04-13 00:00:00+05:30,102.04627990722656,102.66330537373784,100.52745300358659,102.04627990722656,34880922,0.0,0.0
2023-04-17 00:00:00+05:30,102.1412026002737,102.80569433261056,101.33432650746403,101.71403503417969,24642162,0.0,0.0
2023-04-18 00:00:00+05:30,101.76149629896491,102.42598804583344,101.42925404669963,102.14120483398438,25476339,0.0,0.0
2023-04-19 00:00:00+05:30,102.37852017176178,104.79915570784001,102.28359485006686,102.61583709716797,62100775,0.0,0.0
2023-04-20 00:00:00+05:30,102.71076281453134,103.18539666717213,101.95135299570879,102.52091217041016,18337948,0.0,0.0
2023-04-21 00:00:00+05:30,102.52091435147668,102.61583967555674,100.005353430496,100.7647705078125,37638506,0.0,0.0
2023-04-24 00:00:00+05:30,101.00209005432151,101.28686603393511,100.00535601982847,101.09701538085938,23475012,0.0,0.0
2023-04-25 00:00:00+05:30,101.28686061879526,102.14120299663637,100.8596930510436,101.61911010742188,23333425,0.0,0.0
2023-04-26 00:00:00+05:30,101.09701037690495,101.61911051052832,100.47998492144218,101.42925262451172,23590297,0.0,0.0
2023-04-27 00:00:00+05:30,100.90716491033281,102.378525580177,100.90716491033281,102.18867492675781,22364308,0.0,0.0
2023-04-28 00:00:00+05:30,102.33105772100946,102.99554219306192,101.85642388601839,102.47344207763672,30072920,0.0,0.0
2023-05-02 00:00:00+05:30,102.52091263326712,105.22632415706632,102.52091263326712,104.70423126220703,52822162,0.0,0.0
2023-05-03 00:00:00+05:30,104.22959900915698,105.36871738120782,103.23286500185901,104.1346664428711,51272624,0.0,0.0
2023-05-04 00:00:00+05:30,104.41945702346034,106.22306727506053,103.94482312789916,105.41619110107422,38636907,0.0,0.0
2023-05-05 00:00:00+05:30,105.22632554477929,105.22632554477929,102.90062252260347,103.137939453125,32958346,0.0,0.0
2023-05-08 00:00:00+05:30,103.70750345533911,104.2770626665804,102.75823568915752,103.9922866821289,23130472,0.0,0.0
2023-05-09 00:00:00+05:30,104.039745725035,105.5585727024579,103.61257812718861,103.9922866821289,27999202,0.0,0.0
2023-05-10 00:00:00+05:30,104.03973889093818,104.41944742093642,103.09047118711149,103.7074966430664,19213215,0.0,0.0
2023-05-11 00:00:00+05:30,103.66003275422992,103.9448159688881,102.758231311709,103.04301452636719,19817637,0.0,0.0
2023-05-12 00:00:00+05:30,102.85316232386519,102.90062860971256,101.14448466843575,101.33433532714844,36794838,0.0,0.0
2023-05-15 00:00:00+05:30,101.6191191247076,102.71077128190586,100.29014277928633,102.23613739013672,22148028,0.0,0.0
2023-05-16 00:00:00+05:30,102.71076481407528,103.13793963517081,101.76149709031363,101.95135498046875,18587658,0.0,0.0
2023-05-17 00:00:00+05:30,101.95135170734873,102.04627702820976,100.1952079232378,100.62237548828125,28895465,0.0,0.0
2023-05-18 00:00:00+05:30,101.09701174303096,101.71403720683159,99.76803549230758,99.86296081542969,24208481,0.0,0.0
2023-05-19 00:00:00+05:30,100.24267520409087,100.33760053275631,98.77131450393075,99.34087371826172,29848841,0.0,0.0
2023-05-22 00:00:00+05:30,99.67311096191406,99.91042789277576,99.00862645243649,99.67311096191406,21588716,0.0,0.0
2023-05-23 00:00:00+05:30,99.76804189285171,100.66985062621148,99.67311656363974,100.24267578125,21304034,0.0,0.0
2023-05-24 00:00:00+05:30,99.76803549230758,100.43252723883822,99.57818484606334,99.86296081542969,28454367,0.0,0.0
2023-05-25 00:00:00+05:30,99.67310754448535,99.86295818573022,99.00862305779053,99.53071594238281,25885062,0.0,0.0
2023-05-26 00:00:00+05:30,99.67311415029663,101.33433271946824,99.62564786567073,101.00209045410156,28362042,0.0,0.0
2023-05-29 00:00:00+05:30,101.57164666468469,103.32779050901772,100.90716215353316,102.94808197021484,41062311,0.0,0.0
2023-05-30 00:00:00+05:30,103.42271294222913,103.42271294222913,101.47671850405872,101.61911010742188,33475211,0.0,0.0
2023-05-31 00:00:00+05:30,101.00208480673945,101.52417769674136,100.24266774921581,100.43252563476562,41249944,0.0,0.0
2023-06-01 00:00:00+05:30,100.52745398383898,101.28686382189505,100.43252865937421,100.57491302490234,21211538,0.0,0.0
2023-06-02 00:00:00+05:30,101.0970106124878,102.80569537892977,101.0970106124878,102.52091217041016,46686933,0.0,0.0
2023-06-05 00:00:00+05:30,103.13794086131249,104.32452553012111,102.33106473499025,103.84989166259766,39642539,0.0,0.0
2023-06-06 00:00:00+05:30,104.18212745386526,104.27705277300946,102.80569222043033,103.47017669677734,26751372,0.0,0.0
2023-06-07 00:00:00+05:30,103.94481778679408,106.08067020707065,103.37525858985461,105.84335327148438,45157197,0.0,0.0
2023-06-08 00:00:00+05:30,105.84335065156675,107.26725222983896,105.3212505092651,105.5111083984375,46380294,0.0,0.0
2023-06-09 00:00:00+05:30,105.60603716292736,105.98574571130665,103.13794246196929,103.37525939941406,36392617,0.0,0.0
2023-06-12 00:00:00+05:30,103.61257433182969,104.98900964543846,103.61257433182969,103.94481658935547,23472313,0.0,0.0
2023-06-13 00:00:00+05:30,104.41944907329456,106.17559290469602,104.08720682016529,105.5111083984375,30018212,0.0,0.0
2023-06-14 00:00:00+05:30,105.84335365112106,108.21652301549598,105.7484283250137,108.02667236328125,66696433,0.0,0.0
2023-06-15 00:00:00+05:30,108.12159387581562,108.40636984409333,107.50456841437371,107.97920227050781,39430138,0.0,0.0
2023-06-16 00:00:00+05:30,108.59623377631912,108.97594233082823,108.07413360857683,108.45384216308594,31715807,0.0,0.0
2023-06-19 00:00:00+05:30,109.59295713767455,109.73534874642965,107.31472036694505,108.31144714355469,33502185,0.0,0.0
2023-06-20 00:00:00+05:30,108.31145054985274,109.40310992818952,107.74189133925823,108.45384216308594,30371599,0.0,0.0
2023-06-21 00:00:00+05:30,109.07086503228288,109.07086503228288,107.1248632637478,108.12159729003906,35627983,0.0,0.0
2023-06-22 00:00:00+05:30,108.41566715202538,109.98406592605112,108.36665913082426,108.90579223632812,34769987,3.6,0.0
2023-06-23 00:00:00+05:30,108.31764382435658,108.56270636694562,107.04331561140745,107.43541717529297,22190233,0.0,0.0
2023-06-26 00:00:00+05:30,107.43541841162211,108.02356702486097,105.96504313916729,107.68048095703125,25332751,0.0,0.0
2023-06-27 00:00:00+05:30,108.41566697286146,109.29789361889152,107.97455738920405,108.56270599365234,24129403,0.0,0.0
2023-06-28 00:00:00+05:30,109.29789306974682,109.8370336503662,108.70974446825356,109.34690856933594,23895274,0.0,0.0
2023-06-30 00:00:00+05:30,109.39591571551708,109.9840643123077,108.21961852193583,109.78801727294922,26741918,0.0,0.0
2023-07-03 00:00:00+05:30,110.03308369607811,111.99358407373651,109.83703664979845,110.86629486083984,30979256,0.0,0.0
2023-07-04 00:00:00+05:30,110.96431803686932,111.16037256125114,109.88604432827326,110.18012237548828,25080307,0.0,0.0
2023-07-05 00:00:00+05:30,110.32715945561323,111.30740962410836,109.98406591366772,110.71925354003906,27877180,0.0,0.0
2023-07-06 00:00:00+05:30,109.78802203360983,110.6212332050861,109.2978969352455,110.42518615722656,34320086,0.0,0.0
2023-07-07 00:00:00+05:30,109.78802137187591,111.0623496114285,109.05283372876067,109.39591979980469,30034274,0.0,0.0
2023-07-10 00:00:00+05:30,110.03308396198086,113.41494413012795,109.44493534300513,113.0228500366211,60652690,0.0,0.0
2023-07-11 00:00:00+05:30,113.3169183013992,113.80704338702697,112.53272265162393,112.87580871582031,37999385,0.0,0.0
2023-07-12 00:00:00+05:30,112.87580944997573,113.7580361055869,111.7485202499568,112.4346923828125,32771204,0.0,0.0
2023-07-13 00:00:00+05:30,113.70902292664641,114.64025762292154,112.23864763018115,112.58173370361328,44847814,0.0,0.0
2023-07-14 00:00:00+05:30,113.41494407653721,115.57149898338317,112.53272488784819,114.83631134033203,34521821,0.0,0.0
2023-07-17 00:00:00+05:30,115.62050841379448,116.99286019327978,114.78729723726553,115.4244613647461,49115369,0.0,0.0
2023-07-18 00:00:00+05:30,115.66952433080034,115.81656335747243,114.1011254966343,114.29717254638672,23433431,0.0,0.0
2023-07-19 00:00:00+05:30,114.39519500732422,114.88532010586239,113.8070463848215,114.39519500732422,17222355,0.0,0.0
2023-07-20 00:00:00+05:30,114.3951962371588,114.93433684283316,114.05211016023675,114.6402587890625,22303831,0.0,0.0
2023-07-21 00:00:00+05:30,114.29717254638672,115.62050882900445,113.21889881531729,114.29717254638672,31546136,0.0,0.0
2023-07-24 00:00:00+05:30,114.19914513129692,114.19914513129692,112.09160576403207,113.2188949584961,38113555,0.0,0.0
2023-07-25 00:00:00+05:30,112.72877307308045,117.53200055193741,112.09160894692428,116.89483642578125,88035259,0.0,0.0
2023-07-26 00:00:00+05:30,117.43397736358925,118.21817303911187,116.502735183092,117.58100891113281,29716336,0.0,0.0
2023-07-27 00:00:00+05:30,117.87508481173546,119.0513820429028,116.79681110337951,117.43397521972656,39664251,0.0,0.0
2023-07-28 00:00:00+05:30,117.82606859842592,118.70829525582391,116.35569332900106,118.21817016601562,33996691,0.0,0.0
2023-07-31 00:00:00+05:30,118.21817062525398,121.40398372138367,118.21817062525398,120.71781158447266,52330311,0.0,0.0
2023-08-01 00:00:00+05:30,121.1099163712276,121.69806500116513,120.12966616175984,120.7668228149414,27863562,0.0,0.0
2023-08-02 00:00:00+05:30,120.47274641150028,120.47274641150028,115.91458166223184,116.60075378417969,54951586,0.0,0.0
2023-08-03 00:00:00+05:30,116.35569516590525,117.2869373384717,115.17939792328133,115.86557006835938,34624188,0.0,0.0
2023-08-04 00:00:00+05:30,117.04187421590049,117.38496028675753,115.6695224537569,116.64977264404297,22303966,0.0,0.0
2023-08-07 00:00:00+05:30,117.23791895146465,117.23791895146465,115.66952017366647,116.50273132324219,20711952,0.0,0.0
2023-08-08 00:00:00+05:30,116.64976998489684,117.13989506886699,115.6205043170734,115.81655883789062,21275054,0.0,0.0
2023-08-09 00:00:00+05:30,116.01260378133539,118.12014310002492,114.59124405502031,117.82606506347656,34154214,0.0,0.0
2023-08-10 00:00:00+05:30,117.63002014160156,118.26718424644497,116.89483251571656,117.63002014160156,24439101,0.0,0.0
2023-08-11 00:00:00+05:30,117.92410278320312,119.00237651415068,116.79681355046522,117.92410278320312,26337436,0.0,0.0
2023-08-14 00:00:00+05:30,117.92409819470534,118.02212171575631,115.03235571205227,115.81655883789062,33095516,0.0,0.0
2023-08-16 00:00:00+05:30,115.62050399248618,115.62050399248618,113.1208705584849,113.66000366210938,31252473,0.0,0.0
2023-08-17 00:00:00+05:30,113.61099473309524,114.49322137045706,112.43469005704108,113.7580337524414,28461865,0.0,0.0
2023-08-18 00:00:00+05:30,114.00310270635245,114.10112623186029,112.48371188547632,113.51297760009766,30381609,0.0,0.0
2023-08-21 00:00:00+05:30,114.44420853582393,114.78729460314328,113.56198187792033,114.59124755859375,22629651,0.0,0.0
2023-08-22 00:00:00+05:30,114.83630725538733,115.4244558531636,114.19914315833171,115.22840881347656,17343131,0.0,0.0
2023-08-23 00:00:00+05:30,115.52248010166942,116.89483182428032,115.32643306074581,116.60075378417969,43744909,0.0,0.0
2023-08-24 00:00:00+05:30,117.13989399754723,117.72804259718937,115.71853425851914,115.91458129882812,27103446,0.0,0.0
2023-08-25 00:00:00+05:30,115.66952126104688,115.81656028381671,114.39519303532886,114.59124755859375,23692527,0.0,0.0
2023-08-28 00:00:00+05:30,114.68927142979202,115.91458415874278,114.68927142979202,115.27742004394531,19218821,0.0,0.0
2023-08-29 00:00:00+05:30,116.15964576253036,117.77706004737195,115.42445813112194,117.18891143798828,36038317,0.0,0.0
2023-08-30 00:00:00+05:30,118.12014643813808,120.27669383805363,117.87508389366062,119.68854522705078,51467177,0.0,0.0
2023-08-31 00:00:00+05:30,120.42373230257984,121.15891993260622,119.73756017270799,120.47274780273438,60626985,0.0,0.0
2023-09-01 00:00:00+05:30,121.06089565786878,126.15819353618767,120.96287213688481,124.54078674316406,76460408,0.0,0.0
2023-09-04 00:00:00+05:30,126.64832346390693,130.2752462300442,126.3052448666985,129.14796447753906,68525900,0.0,0.0
2023-09-05 00:00:00+05:30,129.14796875041637,129.83414092496642,126.30524904552406,129.0989532470703,36466807,0.0,0.0
2023-09-06 00:00:00+05:30,129.78511667484494,129.78511667484494,125.66806894757856,127.0404281616211,36058850,0.0,0.0
2023-09-07 00:00:00+05:30,126.94239507896702,128.21672327201802,126.06017592239422,127.57955169677734,30268235,0.0,0.0
2023-09-08 00:00:00+05:30,128.80486742681447,129.04992997135363,126.64832002635592,126.94239807128906,34313523,0.0,0.0
2023-09-11 00:00:00+05:30,126.9423924549095,129.24598625463082,126.6483144229874,128.55979919433594,33377857,0.0,0.0
2023-09-12 00:00:00+05:30,130.17722410340468,130.5203026845878,126.10917696919898,126.4522705078125,38065283,0.0,0.0
2023-09-13 00:00:00+05:30,127.04043243284299,127.92265163355022,125.17794807061617,126.99141693115234,23371459,0.0,0.0
2023-09-14 00:00:00+05:30,128.41278107252026,131.54957884005734,128.2167340165676,129.0989532470703,58800620,0.0,0.0
2023-09-15 00:00:00+05:30,129.98118099648784,130.6673531370489,127.28549297773093,129.34400939941406,85058495,0.0,0.0
2023-09-18 00:00:00+05:30,132.3337756959125,132.3337756959125,127.48154024521523,127.8736343383789,62420823,0.0,0.0
2023-09-20 00:00:00+05:30,127.87362987515985,129.1969735689022,125.47201998413705,125.76609802246094,43627379,0.0,0.0
2023-09-21 00:00:00+05:30,125.76610318656707,126.69733788163836,124.68782198758073,125.2759780883789,29826091,0.0,0.0
2023-09-22 00:00:00+05:30,124.63881330316863,126.15819661225481,123.02139899199297,124.24671173095703,34059194,0.0,0.0
2023-09-25 00:00:00+05:30,124.78584946471469,125.76609963339676,123.60954477506702,124.88387298583984,23466981,0.0,0.0
2023-09-26 00:00:00+05:30,126.45227141705504,127.97166216587786,125.86411533446864,126.35424041748047,48936598,0.0,0.0
2023-09-27 00:00:00+05:30,126.20721280254733,126.20721280254733,124.19769690818563,125.61905670166016,33277329,0.0,0.0
2023-09-28 00:00:00+05:30,125.81511369702389,126.74634835515488,123.80559788267996,124.29572296142578,29982233,0.0,0.0
2023-09-29 00:00:00+05:30,125.66806829275,126.99141199985418,125.0309116678068,126.35424041748047,28406435,0.0,0.0
2023-10-03 00:00:00+05:30,126.45227319002151,126.55030419097056,124.7368353754282,125.4720230102539,18613557,0.0,0.0
2023-10-04 00:00:00+05:30,124.49177017901738,124.58979369916334,122.04114478179262,122.82534790039062,33272725,0.0,0.0
2023-10-05 00:00:00+05:30,123.4135007910977,123.65856333934106,122.09016452632666,122.77633666992188,27063441,0.0,0.0
2023-10-06 00:00:00+05:30,124.00164653118584,124.49177161628934,122.62929479715298,123.41349792480469,21928671,0.0,0.0
2023-10-09 00:00:00+05:30,122.3352262339795,122.4332497568602,120.17867133702681,121.40398406982422,21457836,0.0,0.0
2023-10-10 00:00:00+05:30,122.23719182208453,123.41349649998153,121.3059571626252,122.82534790039062,28745957,0.0,0.0
2023-10-11 00:00:00+05:30,123.51151968383837,123.80559772219073,122.23719148926509,122.48225402832031,24455932,0.0,0.0
2023-10-12 00:00:00+05:30,122.87435733970473,124.3937480950117,122.62929479715298,123.41349792480469,19361688,0.0,0.0
2023-10-13 00:00:00+05:30,122.5312762460622,123.26646390353858,121.5510260360937,122.58029174804688,26912800,0.0,0.0
2023-10-16 00:00:00+05:30,122.62929863526622,124.73683806291716,122.48225960939001,124.49177551269531,23868700,0.0,0.0
2023-10-17 00:00:00+05:30,125.37399807018087,126.01116217556728,124.49177142262396,124.88387298583984,24241710,0.0,0.0
2023-10-18 00:00:00+05:30,125.3249856180233,126.15819678592278,124.09967287737248,124.58979797363281,20926079,0.0,0.0
2023-10-19 00:00:00+05:30,123.02139530484638,124.00164546663798,121.89410612304299,123.51152038574219,30941319,0.0,0.0
2023-10-20 00:00:00+05:30,122.53126951701097,123.26645713411304,120.2766911664119,120.66879272460938,30746140,0.0,0.0
2023-10-23 00:00:00+05:30,120.91385670814489,120.96287220802333,117.33594209976145,117.63002014160156,30699479,0.0,0.0
2023-10-25 00:00:00+05:30,118.80632248395834,120.3747288032403,118.36521288085753,118.95336151123047,27346103,0.0,0.0
2023-10-26 00:00:00+05:30,118.46323235703177,118.51224785735232,116.55174750397582,117.53199768066406,36298907,0.0,0.0
2023-10-27 00:00:00+05:30,118.12014629093395,119.39447451211481,117.1398961142457,117.53199768066406,28424007,0.0,0.0
2023-10-30 00:00:00+05:30,118.6592908587513,118.85533790917711,116.60075943570236,116.79681396484375,18753217,0.0,0.0
2023-10-31 00:00:00+05:30,117.63002158717106,117.7770606098981,116.06162279508519,116.40470886230469,22319950,0.0,0.0
2023-11-01 00:00:00+05:30,116.64977453699356,116.74779806186977,113.70902391841389,114.29717254638672,24717941,0.0,0.0
2023-11-02 00:00:00+05:30,112.33667189310283,116.20866468649221,112.33667189310283,115.76754760742188,72538804,0.0,0.0
2023-11-03 00:00:00+05:30,115.86557186744152,116.2576734473096,114.78729813184097,114.98335266113281,31747230,0.0,0.0
2023-11-06 00:00:00+05:30,116.15964348108183,117.28693265617713,115.17939332512333,117.0418701171875,27883152,0.0,0.0
2023-11-07 00:00:00+05:30,116.94384783644807,117.82606700318638,116.06162119099449,117.28693389892578,25818033,0.0,0.0
2023-11-08 00:00:00+05:30,117.38495599111567,118.12014360692642,116.20865879730455,116.69878387451172,22552386,0.0,0.0
2023-11-09 00:00:00+05:30,116.84581683684137,118.120145044576,116.50273077436366,117.28693389892578,22979112,0.0,0.0
2023-11-10 00:00:00+05:30,117.13989840226947,118.07113309682641,116.45372625667123,117.67903900146484,23584510,0.0,0.0
2023-11-13 00:00:00+05:30,118.46323624148691,118.85533782076244,117.53200153458367,118.61027526855469,17951775,0.0,0.0
2023-11-15 00:00:00+05:30,119.29644273784277,121.94312268496667,119.1003956952626,121.60003662109375,38344393,0.0,0.0
2023-11-16 00:00:00+05:30,121.5510257222565,122.77633848155344,120.57077551481895,122.23719787597656,30836413,0.0,0.0
2023-11-17 00:00:00+05:30,122.23719272698534,123.26645839292529,121.84509864349893,122.7273178100586,23319439,0.0,0.0
2023-11-20 00:00:00+05:30,122.58029126480298,123.16843989272232,121.60004105869889,121.89411163330078,18780290,0.0,0.0
2023-11-21 00:00:00+05:30,122.58028695301826,123.90362318896707,122.48225595288366,123.75658416748047,29643312,0.0,0.0
2023-11-22 00:00:00+05:30,123.90362088418262,124.3937459608774,123.021394250389,123.60954284667969,19588063,0.0,0.0
2023-11-23 00:00:00+05:30,123.85460680920536,124.88387247358577,123.4134972265939,124.19769287109375,30736851,0.0,0.0
2023-11-24 00:00:00+05:30,124.19769680203858,124.49177485223082,123.07041505997108,123.46250915527344,14719450,0.0,0.0
2023-11-28 00:00:00+05:30,124.49177321505697,124.49177321505697,123.51152303226125,124.34473419189453,18377843,0.0,0.0
2023-11-29 00:00:00+05:30,124.63881062220695,125.61905331357788,124.19769355843897,125.22695922851562,23092165,0.0,0.0
2023-11-30 00:00:00+05:30,125.27597702625295,126.30524271520785,124.00164879028166,125.3740005493164,40165104,0.0,0.0
2023-12-01 00:00:00+05:30,126.35424443488367,127.72660368540897,125.52104074173033,127.43252563476562,31192397,0.0,0.0
2023-12-04 00:00:00+05:30,129.58907805201918,129.73612456170144,127.82462463785276,128.41278076171875,41230928,0.0,0.0
2023-12-05 00:00:00+05:30,128.41277469007616,129.8341344718771,127.43252450160229,129.0009307861328,35192149,0.0,0.0
2023-12-06 00:00:00+05:30,129.88314354648728,130.76536268949138,128.21672130001838,129.24598693847656,40753593,0.0,0.0
2023-12-07 00:00:00+05:30,129.09894797850328,129.58907307709853,127.23647858681372,127.43252563476562,34686333,0.0,0.0
2023-12-08 00:00:00+05:30,127.57955775914412,128.80487051118135,125.4230103070448,126.64832305908203,34393711,0.0,0.0
2023-12-11 00:00:00+05:30,127.28548982385043,127.92264644770589,126.20720866009297,127.48153686523438,24038059,0.0,0.0
2023-12-12 00:00:00+05:30,127.48154022410259,129.54005664901734,127.13844667456802,127.53055572509766,30696410,0.0,0.0
2023-12-13 00:00:00+05:30,127.97166690793215,128.9029016086759,126.59930765018721,128.80487060546875,22767972,0.0,0.0
2023-12-14 00:00:00+05:30,129.68709866825498,130.61833332524154,128.9028955517393,129.3930206298828,43372143,0.0,0.0
2023-12-15 00:00:00+05:30,130.76536107170816,134.04920498296482,130.37326700354166,133.755126953125,77377446,0.0,0.0
2023-12-18 00:00:00+05:30,134.14723843977777,134.8824260491501,132.43180068457565,133.9021759033203,38461877,0.0,0.0
2023-12-19 00:00:00+05:30,133.95118864841265,134.88243833773745,132.1377346878693,132.7258758544922,27726431,0.0,0.0
2023-12-20 00:00:00+05:30,133.21599452436035,133.46105707128334,126.20721166533542,127.18746185302734,39495961,0.0,0.0
2023-12-21 00:00:00+05:30,126.1582022301412,128.85389037590247,125.32499102628542,128.41278076171875,34914399,0.0,0.0
2023-12-22 00:00:00+05:30,129.78511786914805,132.08871177547746,129.14796123502157,130.91241455078125,37357334,0.0,0.0
2023-12-26 00:00:00+05:30,132.0396906047996,133.41204977253753,131.79462807028534,132.52981567382812,25936447,0.0,0.0
2023-12-27 00:00:00+05:30,133.16699711763806,136.15674829457666,132.82390356089206,134.49032592773438,48101400,0.0,0.0
2023-12-28 00:00:00+05:30,135.4215545654297,136.00971064850353,134.14724131448722,135.4215545654297,34661176,0.0,0.0
2023-12-29 00:00:00+05:30,135.86267588182028,138.4603327793096,134.44130120769915,136.84292602539062,49202910,0.0,0.0
2024-01-01 00:00:00+05:30,137.23502898460592,138.16626368980096,136.3037942794109,137.08799743652344,21186105,0.0,0.0
2024-01-02 00:00:00+05:30,137.72514517163185,137.82317616896094,134.34328516780025,136.84292602539062,27764060,0.0,0.0
2024-01-03 00:00:00+05:30,136.74489678926233,136.84292778785402,131.69661446782803,132.67686462402344,45176618,0.0,0.0
2024-01-04 00:00:00+05:30,133.31402485597067,133.65711840291056,131.35352449044169,131.5985870361328,43913498,0.0,0.0
2024-01-05 00:00:00+05:30,132.3337808027185,133.2650155279921,130.2262487951293,131.01043701171875,71330190,0.0,0.0
2024-01-08 00:00:00+05:30,132.62784913711596,133.26500575573036,129.14795809081107,129.3930206298828,39559717,0.0,0.0
2024-01-09 00:00:00+05:30,130.86340546046608,132.13773374857115,129.8831552322978,131.01043701171875,30736868,0.0,0.0
2024-01-10 00:00:00+05:30,131.15747530321417,132.03969447032085,129.49105301121793,131.45155334472656,27213624,0.0,0.0
2024-01-11 00:00:00+05:30,132.1867477461104,132.97093595376944,131.5495761305983,132.23574829101562,23113349,0.0,0.0
2024-01-12 00:00:00+05:30,133.11797848742782,133.55908808042747,131.99068179706111,132.6278533935547,32883921,0.0,0.0
2024-01-15 00:00:00+05:30,133.31402951269374,133.55909206694503,131.30451357634703,132.23574829101562,34158775,0.0,0.0
2024-01-16 00:00:00+05:30,132.03969620858643,135.76464988277692,131.35352407431125,134.53933715820312,56361287,0.0,0.0
2024-01-17 00:00:00+05:30,132.77488033353694,133.0689583711471,128.80486421937576,129.0499267578125,58982971,0.0,0.0
2024-01-18 00:00:00+05:30,129.0499374313806,129.6380935552466,125.66807711273006,128.41278076171875,45273496,0.0,0.0
2024-01-19 00:00:00+05:30,129.9811802175437,132.03969662689067,129.00093003477923,131.5985870361328,32653013,0.0,0.0
2024-01-23 00:00:00+05:30,132.1377286274469,132.52982272054564,126.74635258146927,127.53055572509766,35373970,0.0,0.0
2024-01-24 00:00:00+05:30,127.62856909514632,132.8729134856722,127.53055305264104,132.48080444335938,39340119,0.0,0.0
2024-01-25 00:00:00+05:30,133.8041474244305,133.8041474244305,129.39302168516355,131.10845947265625,61358839,0.0,0.0
2024-01-29 00:00:00+05:30,132.03969271435162,132.72586483046825,130.86339552137585,132.33377075195312,29745400,0.0,0.0
2024-01-30 00:00:00+05:30,132.92193755313602,134.98045406759556,131.84365631406325,132.03970336914062,35704185,0.0,0.0
2024-01-31 00:00:00+05:30,132.3337799293101,134.00020231471146,131.8436548184608,133.2650146484375,36079354,0.0,0.0
2024-02-01 00:00:00+05:30,133.706117126701,134.04921066897222,131.84364778776427,132.13772583007812,31701793,0.0,0.0
2024-02-02 00:00:00+05:30,132.62784881896624,136.8429274723752,132.13772374199849,135.960693359375,69296192,0.0,0.0
2024-02-05 00:00:00+05:30,137.23501908723014,140.5188630269323,136.5978624815829,138.75440979003906,80737626,0.0,0.0
2024-02-06 00:00:00+05:30,140.17577556108358,142.23430691942843,137.67613461378792,141.79318237304688,53192936,0.0,0.0
2024-02-07 00:00:00+05:30,143.94975123304025,144.48887688975455,141.20504761710595,141.54812622070312,61517064,0.0,0.0
2024-02-08 00:00:00+05:30,142.4303489586511,142.7734275346989,140.2247861339703,140.81292724609375,38997666,0.0,0.0
2024-02-09 00:00:00+05:30,141.35207318107834,141.59713572645379,136.40180677300793,138.5093536376953,35961925,0.0,0.0
2024-02-12 00:00:00+05:30,139.19552773090692,140.1267624249444,133.95118320314333,134.68637084960938,36477544,0.0,0.0
2024-02-13 00:00:00+05:30,135.02945618607995,135.519581253906,131.4515491739217,135.1274871826172,39155909,0.0,0.0
2024-02-14 00:00:00+05:30,134.29426834699223,138.70539394963063,133.06895567959265,138.41131591796875,29141690,0.0,0.0
2024-02-15 00:00:00+05:30,138.70539394963063,140.61687871928797,138.2152688826708,138.41131591796875,31587387,0.0,0.0
2024-02-16 00:00:00+05:30,139.24454621058456,140.6168905303698,138.70540560015777,139.48960876464844,22316127,0.0,0.0
2024-02-19 00:00:00+05:30,140.12676510662578,140.5188741667036,138.55837373860828,139.14651489257812,16973568,0.0,0.0
2024-02-20 00:00:00+05:30,139.14651670652276,139.44059476605696,137.28404725852516,138.26429748535156,24291123,0.0,0.0
2024-02-21 00:00:00+05:30,138.75441964763752,143.31257712246162,138.65638864406728,141.05799865722656,88000833,0.0,0.0
2024-02-22 00:00:00+05:30,142.13627448335035,143.26355619455643,140.6658992300743,143.01849365234375,46728176,0.0,0.0
2024-02-23 00:00:00+05:30,143.50862730263137,144.194814427729,142.136282967299,142.577392578125,28414697,0.0,0.0
2024-02-26 00:00:00+05:30,142.96950003616274,143.06751608333798,139.4405932743662,139.8326873779297,22570277,0.0,0.0
2024-02-27 00:00:00+05:30,139.83267534398396,141.64614407111907,139.1955187411689,141.35206604003906,24119469,0.0,0.0
2024-02-28 00:00:00+05:30,141.20504347633297,142.0872626682052,137.28404269924596,137.97021484375,20721926,0.0,0.0
2024-02-29 00:00:00+05:30,138.01922180652002,139.048487438317,136.6468626449807,138.0682373046875,32248156,0.0,0.0
2024-03-01 00:00:00+05:30,140.17577443571227,147.67468225996518,140.17577443571227,146.98851013183594,123709943,0.0,0.0
2024-03-04 00:00:00+05:30,151.84074756995335,151.84074756995335,148.06679333473613,150.07630920410156,67577785,0.0,0.0
2024-03-05 00:00:00+05:30,150.1743267120944,150.95852985869067,147.77271672855596,148.8509979248047,37165490,0.0,0.0
2024-03-06 00:00:00+05:30,148.80197354927122,149.63517718992597,144.97898904664876,148.60592651367188,51782444,0.0,0.0
2024-03-07 00:00:00+05:30,149.3901285621884,156.00681759223983,149.24309701115985,154.14434814453125,124847699,0.0,0.0
2024-03-11 00:00:00+05:30,155.7617483313273,155.7617483313273,149.97827822585174,150.4193878173828,54155385,0.0,0.0
2024-03-12 00:00:00+05:30,151.15458156922068,151.49767513063844,147.9197528381084,149.4881591796875,34947937,0.0,0.0
2024-03-13 00:00:00+05:30,149.78222504092048,149.88024108089263,139.68564556311784,140.81292724609375,70937597,0.0,0.0
2024-03-14 00:00:00+05:30,140.76393919649936,141.10701780299266,135.61762548221654,139.6366424560547,91956952,0.0,0.0
2024-03-15 00:00:00+05:30,140.07774067180483,140.86194378452126,137.08798967555822,138.9014434814453,68482621,0.0,0.0
2024-03-18 00:00:00+05:30,139.73467093546068,147.28259458844028,139.39157737773976,146.7434539794922,166913078,0.0,0.0
2024-03-19 00:00:00+05:30,146.05727262096244,149.43913265325034,144.6849283913886,145.8122100830078,105004268,0.0,0.0
2024-03-20 00:00:00+05:30,146.64543780619724,147.67468856361046,141.0089990830452,142.7734375,77550319,0.0,0.0
2024-03-21 00:00:00+05:30,145.07702770593417,148.21382531349525,144.88098065997988,147.13555908203125,84225737,0.0,0.0
2024-03-22 00:00:00+05:30,146.05728308118972,149.73322141377,145.42012641984834,148.80198669433594,68241556,0.0,0.0
2024-03-26 00:00:00+05:30,148.16480873487126,150.3703716400327,147.52765210079693,149.39012145996094,52965508,0.0,0.0
2024-03-27 00:00:00+05:30,149.43914154901987,151.05656337026002,148.9980319459293,149.6842041015625,35328794,0.0,0.0
2024-03-28 00:00:00+05:30,149.68420599820666,153.8992849468356,149.68420599820666,152.77200317382812,62575327,0.0,0.0
2024-04-01 00:00:00+05:30,153.703231008775,160.66299830295657,153.40915296368436,159.9278106689453,84583929,0.0,0.0
2024-04-02 00:00:00+05:30,159.73177097046656,162.23141203254494,158.6044891961133,161.398193359375,69533405,0.0,0.0
2024-04-03 00:00:00+05:30,161.39818842622202,162.96659471927464,159.87881259177655,160.41793823242188,50938559,0.0,0.0
2024-04-04 00:00:00+05:30,162.2804135958032,162.67250766865556,157.8202724693148,160.17286682128906,61094750,0.0,0.0
2024-04-05 00:00:00+05:30,160.6629964758085,160.90805901769195,157.62422993091224,160.12387084960938,44668121,0.0,0.0
2024-04-08 00:00:00+05:30,163.652770025617,163.652770025617,160.95708194057934,161.9373321533203,48255703,0.0,0.0
2024-04-09 00:00:00+05:30,162.72152709960938,166.44648071144798,161.93732397752274,162.72152709960938,63884687,0.0,0.0
2024-04-10 00:00:00+05:30,163.99586141137462,165.85833080794666,161.25115786055974,161.79029846191406,64134758,0.0,0.0
2024-04-12 00:00:00+05:30,162.7215299927131,162.7215299927131,159.78077945067614,160.27090454101562,55317636,0.0,0.0
2024-04-15 00:00:00+05:30,158.60448297557946,161.4472025300229,155.46768537405512,157.67324829101562,66426404,0.0,0.0
2024-04-16 00:00:00+05:30,157.6732411903605,159.24163244177635,155.8597724462217,156.8890380859375,41391261,0.0,0.0
2024-04-18 00:00:00+05:30,157.72224173147495,160.76102315207774,156.00680398442532,156.8890380859375,68093672,0.0,0.0
2024-04-19 00:00:00+05:30,156.8400282169922,159.2906536578827,154.1933557323166,158.8985595703125,60078229,0.0,0.0
2024-04-22 00:00:00+05:30,160.56498834738608,161.44720755867675,158.31040985944946,158.65350341796875,39304790,0.0,0.0
2024-04-23 00:00:00+05:30,160.27090965489856,160.27090965489856,157.62423707410207,157.96731567382812,30295177,0.0,0.0
2024-04-24 00:00:00+05:30,159.24164437702942,163.60375484069795,158.2613941623879,162.28042602539062,59894921,0.0,0.0
2024-04-25 00:00:00+05:30,162.1333762719018,164.68203276190366,160.90806352813763,164.38795471191406,50128523,0.0,0.0
2024-04-26 00:00:00+05:30,164.68202957352054,167.32870205732314,161.98634158943017,162.52548217773438,65355111,0.0,0.0
2024-04-29 00:00:00+05:30,164.87807519586448,166.2504344049381,163.60374698652132,164.0938720703125,44906151,0.0,0.0
2024-04-30 00:00:00+05:30,165.07413201566615,165.07413201566615,161.25116211862274,161.7412872314453,55043389,0.0,0.0
2024-05-02 00:00:00+05:30,161.74128215765742,165.56425193477514,161.74128215765742,164.0448760986328,69320283,0.0,0.0
2024-05-03 00:00:00+05:30,165.61326460808363,167.3777179202518,161.88831093960215,163.21165466308594,62573586,0.0,0.0
2024-05-06 00:00:00+05:30,164.63301083137395,165.3191829495991,161.44719782200036,164.28993225097656,37621296,0.0,0.0
2024-05-07 00:00:00+05:30,164.63301084556474,164.63301084556474,159.0946034425331,161.00608825683594,43611824,0.0,0.0
2024-05-08 00:00:00+05:30,160.95706959265627,163.79980396598162,160.27089748786395,162.77053833007812,30128705,0.0,0.0
2024-05-09 00:00:00+05:30,162.67251564091913,163.40770328161997,158.31040529758033,158.70249938964844,30223088,0.0,0.0
2024-05-10 00:00:00+05:30,159.97682795034743,161.10412464283968,158.65349916885327,159.04559326171875,31472419,0.0,0.0
2024-05-13 00:00:00+05:30,159.2416391828926,161.2511550488477,154.92854436212673,160.61399841308594,36561003,0.0,0.0
2024-05-14 00:00:00+05:30,160.85905708146163,163.26066697962392,160.27090100306535,161.6922607421875,46261468,0.0,0.0
2024-05-15 00:00:00+05:30,161.692265658651,164.24092213262279,161.692265658651,162.32943725585938,29601304,0.0,0.0
2024-05-16 00:00:00+05:30,163.9468484115131,164.68203607255128,159.0946128401474,162.62350463867188,41126570,0.0,0.0
2024-05-17 00:00:00+05:30,163.30968845246164,165.1231423385586,162.18239175387393,164.0448760986328,39181277,0.0,0.0
2024-05-21 00:00:00+05:30,165.17216171217697,171.73983518046273,164.63302110085868,170.90663146972656,84833644,0.0,0.0
2024-05-22 00:00:00+05:30,171.98489708986168,172.03391259205793,168.11291173525888,169.8773651123047,42919832,0.0,0.0
2024-05-23 00:00:00+05:30,169.63229510157058,172.32798307211513,167.13265417376135,172.03390502929688,49377680,0.0,0.0
2024-05-24 00:00:00+05:30,171.4947598144206,174.0434161734736,170.71055670721736,171.39674377441406,38674485,0.0,0.0
2024-05-27 00:00:00+05:30,174.19045241424638,174.19045241424638,171.39674840104948,172.03390502929688,30410585,0.0,0.0
2024-05-28 00:00:00+05:30,172.4260052106453,173.99441152283768,170.02439519801348,171.4457550048828,39208456,0.0,0.0
2024-05-29 00:00:00+05:30,171.29871883967002,172.52403156384506,170.07340611549498,170.80859375,36575550,0.0,0.0
2024-05-30 00:00:00+05:30,168.60303591815898,168.60303591815898,160.1238775947822,160.90806579589844,108813875,0.0,0.0
2024-05-31 00:00:00+05:30,162.7705454241077,164.63301478363454,160.761029563083,163.8978271484375,83713848,0.0,0.0
2024-06-03 00:00:00+05:30,169.82834357065997,171.54378138450502,165.51524876453612,170.80859375,86397540,0.0,0.0
2024-06-04 00:00:00+05:30,171.05365353207614,171.2006850736301,145.2240557406787,155.81076049804688,125042158,0.0,0.0
2024-06-05 00:00:00+05:30,158.9475556047753,166.25043117743374,155.85977361980778,165.8583221435547,60098501,0.0,0.0
2024-06-06 00:00:00+05:30,166.6425378846769,171.24971094059052,166.05438176799373,168.6520538330078,57920819,0.0,0.0
2024-06-07 00:00:00+05:30,168.60302497613947,176.10193260402477,167.42672779337337,175.3667449951172,84319867,0.0,0.0
2024-06-10 00:00:00+05:30,176.65088697339883,178.50355916762769,173.85716804931593,176.7292938232422,74286848,0.0,0.0
2024-06-11 00:00:00+05:30,176.93515460705106,180.120967640142,176.93515460705106,177.74876403808594,55555544,0.0,0.0
2024-06-12 00:00:00+05:30,178.65059063648067,180.238591100205,177.91540302069268,178.6309814453125,33304643,0.0,0.0
2024-06-13 00:00:00+05:30,179.77787432245768,180.46406140407166,176.94495194320479,178.9544677734375,36669164,0.0,0.0
2024-06-14 00:00:00+05:30,179.3367746029287,179.87591521495025,177.81738377175213,179.53282165527344,28509237,0.0,0.0
2024-06-18 00:00:00+05:30,180.16998597362243,180.95418910866522,177.03318839088206,177.54290771484375,35032118,0.0,0.0
2024-06-19 00:00:00+05:30,178.84664619478943,178.88586457899385,175.76866116170874,176.4646453857422,27476795,0.0,0.0
2024-06-20 00:00:00+05:30,178.01344496815753,179.33677378351155,175.82747622007926,178.6800079345703,38837494,0.0,0.0
2024-06-21 00:00:00+05:30,179.39999389648438,180.89999389648438,178.17999267578125,179.94000244140625,65494855,3.6,0.0
2024-06-24 00:00:00+05:30,177.44000244140625,178.9499969482422,175.10000610351562,177.9600067138672,47597307,0.0,0.0
2024-06-25 00:00:00+05:30,177.99000549316406,179.0,175.25,175.67999267578125,30599989,0.0,0.0
2024-06-26 00:00:00+05:30,175.67999267578125,176.0,171.83999633789062,172.55999755859375,44006436,0.0,0.0
2024-06-27 00:00:00+05:30,172.55999755859375,174.9499969482422,171.8000030517578,174.16000366210938,49767976,0.0,0.0
2024-06-28 00:00:00+05:30,174.1699981689453,177.10000610351562,173.57000732421875,174.00999450683594,37521949,0.0,0.0
2024-07-01 00:00:00+05:30,174.5,175.99000549316406,173.50999450683594,174.07000732421875,27807688,0.0,0.0
2024-07-02 00:00:00+05:30,174.47000122070312,175.75,173.60000610351562,174.5399932861328,33359495,0.0,0.0
2024-07-03 00:00:00+05:30,174.5399932861328,176.8800048828125,174.39999389648438,176.3699951171875,29090492,0.0,0.0
2024-07-04 00:00:00+05:30,177.0,178.19000244140625,175.82000732421875,176.2899932861328,29504744,0.0,0.0
2024-07-05 00:00:00+05:30,176.1999969482422,176.1999969482422,173.39999389648438,174.7100067138672,38123217,0.0,0.0
2024-07-08 00:00:00+05:30,174.60000610351562,175.47000122070312,172.08999633789062,172.27999877929688,31479861,0.0,0.0
2024-07-09 00:00:00+05:30,173.60000610351562,173.6999969482422,171.50999450683594,171.8000030517578,25127904,0.0,0.0
2024-07-10 00:00:00+05:30,172.5,172.88999938964844,167.02000427246094,167.97999572753906,41525591,0.0,0.0
2024-07-11 00:00:00+05:30,170.0,170.9499969482422,168.6699981689453,168.9199981689453,33987236,0.0,0.0
2024-07-12 00:00:00+05:30,170.1999969482422,170.38999938964844,168.00999450683594,168.69000244140625,33311402,0.0,0.0
2024-07-15 00:00:00+05:30,168.69000244140625,168.99000549316406,165.8000030517578,166.75999450683594,32635187,0.0,0.0
2024-07-16 00:00:00+05:30,167.8000030517578,169.82000732421875,166.6999969482422,167.07000732421875,26505901,0.0,0.0
2024-07-18 00:00:00+05:30,167.61000061035156,167.61000061035156,164.44000244140625,166.36000061035156,36568852,0.0,0.0
2024-07-19 00:00:00+05:30,166.0,166.08999633789062,157.1999969482422,157.77000427246094,77987514,0.0,0.0
2024-07-22 00:00:00+05:30,158.39999389648438,160.6999969482422,156.41000366210938,160.32000732421875,40353690,0.0,0.0
2024-07-23 00:00:00+05:30,161.60000610351562,161.97000122070312,155.0,160.02000427246094,37077411,0.0,0.0
2024-07-24 00:00:00+05:30,160.02000427246094,162.02000427246094,159.19000244140625,160.30999755859375,28086566,0.0,0.0
2024-07-25 00:00:00+05:30,158.5,158.5,156.89999389648438,157.38999938964844,45155876,0.0,0.0
2024-07-26 00:00:00+05:30,158.75,162.9499969482422,158.2100067138672,162.5500030517578,45642032,0.0,0.0
2024-07-29 00:00:00+05:30,164.6999969482422,164.6999969482422,162.3300018310547,162.8699951171875,31754833,0.0,0.0
2024-07-30 00:00:00+05:30,162.89999389648438,165.3000030517578,161.30999755859375,164.07000732421875,42824600,0.0,0.0
2024-07-31 00:00:00+05:30,166.2899932861328,166.5,163.5500030517578,165.3300018310547,52769925,0.0,0.0
2024-08-01 00:00:00+05:30,168.1999969482422,168.9499969482422,160.89999389648438,163.05999755859375,118341338,0.0,0.0
2024-08-02 00:00:00+05:30,161.0,161.19000244140625,154.72000122070312,158.22000122070312,72427529,0.0,0.0
2024-08-05 00:00:00+05:30,153.66000366210938,154.0,149.0,149.82000732421875,102883971,0.0,0.0
2024-08-06 00:00:00+05:30,151.2100067138672,153.8000030517578,149.61000061035156,150.32000732421875,53507102,0.0,0.0
2024-08-07 00:00:00+05:30,153.6999969482422,154.3000030517578,151.89999389648438,153.86000061035156,32029697,0.0,0.0
2024-08-08 00:00:00+05:30,153.39999389648438,153.44000244140625,150.0,150.27999877929688,51858615,0.0,0.0
2024-08-09 00:00:00+05:30,153.0,153.0,151.25,151.80999755859375,23290101,0.0,0.0
2024-08-12 00:00:00+05:30,151.0,153.39999389648438,149.8800048828125,152.05999755859375,30550334,0.0,0.0
2024-08-13 00:00:00+05:30,152.10000610351562,152.9499969482422,148.5,148.8800048828125,29396493,0.0,0.0
2024-08-14 00:00:00+05:30,149.89999389648438,149.89999389648438,142.35000610351562,146.1699981689453,97911180,0.0,0.0
2024-08-16 00:00:00+05:30,148.0,150.0,146.4600067138672,149.52000427246094,54131721,0.0,0.0
2024-08-19 00:00:00+05:30,150.85000610351562,154.3000030517578,150.38999938964844,153.9600067138672,62889770,0.0,0.0
2024-08-20 00:00:00+05:30,155.6999969482422,155.6999969482422,152.8000030517578,153.92999267578125,37559016,0.0,0.0
2024-08-21 00:00:00+05:30,153.0,154.17999267578125,151.77000427246094,151.9199981689453,49749381,0.0,0.0
2024-08-22 00:00:00+05:30,152.50999450683594,154.35000610351562,152.50999450683594,154.13999938964844,36719176,0.0,0.0
2024-08-23 00:00:00+05:30,154.0,154.38999938964844,152.5500030517578,154.1999969482422,31490857,0.0,0.0
2024-08-26 00:00:00+05:30,154.61000061035156,156.39999389648438,153.6999969482422,155.6999969482422,32497603,0.0,0.0
2024-08-27 00:00:00+05:30,155.8000030517578,156.5,154.60000610351562,154.6999969482422,24523684,0.0,0.0
2024-08-28 00:00:00+05:30,154.6999969482422,155.0,153.0500030517578,153.6999969482422,25195197,0.0,0.0
2024-08-29 00:00:00+05:30,153.2100067138672,153.55999755859375,151.1999969482422,152.97000122070312,44452983,0.0,0.0
2024-08-30 00:00:00+05:30,153.0,155.25,152.47000122070312,152.75999450683594,55134023,0.0,0.0
2024-09-02 00:00:00+05:30,153.89999389648438,153.89999389648438,152.13999938964844,152.8800048828125,19200143,0.0,0.0
2024-09-03 00:00:00+05:30,152.83999633789062,153.4499969482422,152.00999450683594,152.14999389648438,19780066,0.0,0.0
2024-09-04 00:00:00+05:30,149.5,152.17999267578125,149.16000366210938,151.17999267578125,39613696,0.0,0.0
2024-09-05 00:00:00+05:30,151.0,152.7899932861328,151.0,151.72000122070312,28347324,0.0,0.0
2024-09-06 00:00:00+05:30,151.94000244140625,152.89999389648438,149.64999389648438,151.22000122070312,30709532,0.0,0.0
2024-09-09 00:00:00+05:30,150.89999389648438,150.89999389648438,148.0500030517578,149.47000122070312,32624586,0.0,0.0
2024-09-10 00:00:00+05:30,150.5,151.58999633789062,148.80999755859375,149.4199981689453,41607844,0.0,0.0
2024-09-11 00:00:00+05:30,149.89999389648438,150.1999969482422,147.6199951171875,148.1699981689453,24633287,0.0,0.0
2024-09-12 00:00:00+05:30,152.0,152.44000244140625,148.75,151.74000549316406,73191476,0.0,0.0
2024-09-13 00:00:00+05:30,152.77999877929688,155.39999389648438,152.5,153.49000549316406,54894255,0.0,0.0
2024-09-16 00:00:00+05:30,155.0,155.66000366210938,153.5,154.2100067138672,32575460,0.0,0.0
2024-09-17 00:00:00+05:30,154.0,154.24000549316406,152.27000427246094,152.82000732421875,18275113,0.0,0.0
2024-09-18 00:00:00+05:30,152.39999389648438,152.97999572753906,149.61000061035156,150.60000610351562,24856345,0.0,0.0
2024-09-19 00:00:00+05:30,151.88999938964844,152.19000244140625,147.7899932861328,149.5399932861328,36913781,0.0,0.0
2024-09-20 00:00:00+05:30,151.0,153.33999633789062,150.64999389648438,152.02000427246094,53873369,0.0,0.0
2024-09-23 00:00:00+05:30,154.3800048828125,154.38999938964844,152.8000030517578,153.99000549316406,33281905,0.0,0.0
2024-09-24 00:00:00+05:30,155.14999389648438,161.5,154.85000610351562,160.52999877929688,137414352,0.0,0.0
2024-09-25 00:00:00+05:30,161.5,162.69000244140625,159.52000427246094,161.66000366210938,58044967,0.0,0.0
2024-09-26 00:00:00+05:30,162.0,165.89999389648438,160.47999572753906,165.61000061035156,88661662,0.0,0.0
2024-09-27 00:00:00+05:30,167.0,169.00999450683594,165.88999938964844,166.5500030517578,72795668,0.0,0.0
2024-09-30 00:00:00+05:30,167.5,170.17999267578125,167.25999450683594,168.5500030517578,92381529,0.0,0.0
2024-10-01 00:00:00+05:30,169.49000549316406,169.49000549316406,165.10000610351562,167.02999877929688,50761579,0.0,0.0
2024-10-03 00:00:00+05:30,165.5,169.99000549316406,164.52000427246094,166.97999572753906,75959797,0.0,0.0
2024-10-04 00:00:00+05:30,167.0,169.10000610351562,164.0,166.75,53880875,0.0,0.0
2024-10-07 00:00:00+05:30,167.10000610351562,167.9499969482422,162.3300018310547,164.36000061035156,48775098,0.0,0.0
2024-10-08 00:00:00+05:30,163.0,163.58999633789062,156.6999969482422,159.52000427246094,74956764,0.0,0.0
2024-10-09 00:00:00+05:30,159.52000427246094,162.1999969482422,158.11000061035156,159.05999755859375,42766218,0.0,0.0
2024-10-10 00:00:00+05:30,158.3000030517578,161.17999267578125,156.60000610351562,159.72000122070312,46507936,0.0,0.0
2024-10-11 00:00:00+05:30,159.3000030517578,163.77999877929688,159.1999969482422,160.66000366210938,53263433,0.0,0.0
2024-10-14 00:00:00+05:30,161.8800048828125,163.3800048828125,158.0399932861328,158.32000732421875,35566857,0.0,0.0
2024-10-15 00:00:00+05:30,159.5,159.52999877929688,155.0500030517578,155.6300048828125,38964393,0.0,0.0
2024-10-16 00:00:00+05:30,155.19000244140625,156.5500030517578,154.02000427246094,155.24000549316406,28518262,0.0,0.0
2024-10-17 00:00:00+05:30,155.64999389648438,156.3000030517578,152.10000610351562,152.39999389648438,28404223,0.0,0.0
2024-10-18 00:00:00+05:30,152.39999389648438,156.1999969482422,151.10000610351562,155.38999938964844,34750795,0.0,0.0
2024-10-21 00:00:00+05:30,156.10000610351562,157.92999267578125,154.58999633789062,155.02999877929688,25799090,0.0,0.0
2024-10-22 00:00:00+05:30,154.89999389648438,154.89999389648438,150.10000610351562,150.38999938964844,39079846,0.0,0.0
2024-10-23 00:00:00+05:30,150.3000030517578,151.9499969482422,148.0500030517578,148.77999877929688,42107893,0.0,0.0
2024-10-24 00:00:00+05:30,149.49000549316406,149.8300018310547,148.00999450683594,148.97999572753906,22115070,0.0,0.0
2024-10-25 00:00:00+05:30,149.0,149.5,144.42999267578125,145.86000061035156,39730802,0.0,0.0
2024-10-28 00:00:00+05:30,146.0,149.72999572753906,144.72999572753906,149.3800048828125,28386897,0.0,0.0
2024-10-29 00:00:00+05:30,149.85000610351562,150.4499969482422,146.5500030517578,150.05999755859375,32258407,0.0,0.0
2024-10-30 00:00:00+05:30,148.10000610351562,150.9499969482422,148.10000610351562,148.97000122070312,21362130,0.0,0.0
2024-10-31 00:00:00+05:30,149.0800018310547,149.9499969482422,148.1999969482422,148.55999755859375,26383702,0.0,0.0
2024-11-01 00:00:00+05:30,149.66000366210938,150.25,149.0,149.75,5106804,0.0,0.0
2024-11-04 00:00:00+05:30,150.0,150.0,145.10000610351562,146.9499969482422,25571021,0.0,0.0
2024-11-05 00:00:00+05:30,147.0,152.5500030517578,146.9499969482422,152.2899932861328,42772283,0.0,0.0
2024-11-06 00:00:00+05:30,154.0,154.9499969482422,149.58999633789062,153.6199951171875,48928986,0.0,0.0
2024-11-07 00:00:00+05:30,156.11000061035156,156.9199981689453,150.1999969482422,150.9499969482422,88254789,0.0,0.0
2024-11-08 00:00:00+05:30,152.0,152.0,146.94000244140625,147.57000732421875,61980989,0.0,0.0
2024-11-11 00:00:00+05:30,147.57000732421875,147.69000244140625,144.10000610351562,145.00999450683594,47497863,0.0,0.0
2024-11-12 00:00:00+05:30,145.64999389648438,147.1300048828125,143.60000610351562,144.1699981689453,28861672,0.0,0.0
2024-11-13 00:00:00+05:30,143.60000610351562,143.60000610351562,138.60000610351562,139.1699981689453,57609083,0.0,0.0
2024-11-14 00:00:00+05:30,139.7100067138672,140.72999572753906,137.5,137.97999572753906,36345184,0.0,0.0
2024-11-18 00:00:00+05:30,139.49000549316406,143.25,138.0,141.2100067138672,40233848,0.0,0.0
2024-11-19 00:00:00+05:30,142.0,142.49000549316406,139.05999755859375,139.4600067138672,37611903,0.0,0.0
2024-11-21 00:00:00+05:30,139.5,141.60000610351562,137.25,140.22000122070312,58398744,0.0,0.0
2024-11-22 00:00:00+05:30,140.14999389648438,143.19000244140625,139.64999389648438,142.77999877929688,43710169,0.0,0.0
2024-11-25 00:00:00+05:30,144.94000244140625,146.14999389648438,142.83999633789062,143.6699981689453,53883890,0.0,0.0
2024-11-26 00:00:00+05:30,144.22000122070312,145.8000030517578,143.5800018310547,144.47000122070312,25608469,0.0,0.0
2024-11-27 00:00:00+05:30,144.30999755859375,144.89999389648438,142.89999389648438,144.52999877929688,24895631,0.0,0.0
2024-11-28 00:00:00+05:30,144.0,145.25,143.08999633789062,143.38999938964844,30947861,0.0,0.0
2024-11-29 00:00:00+05:30,143.89999389648438,145.49000549316406,143.0500030517578,144.5399932861328,29742979,0.0,0.0
2024-12-02 00:00:00+05:30,144.11000061035156,146.8300018310547,143.13999938964844,146.41000366210938,23840351,0.0,0.0
2024-12-03 00:00:00+05:30,146.75,148.1999969482422,146.33999633789062,146.5399932861328,35527228,0.0,0.0
2024-12-04 00:00:00+05:30,147.0,147.0500030517578,144.0,145.85000610351562,38537808,0.0,0.0
2024-12-05 00:00:00+05:30,146.5,147.8800048828125,144.8000030517578,147.07000732421875,36328245,0.0,0.0
2024-12-06 00:00:00+05:30,147.5,148.67999267578125,146.60000610351562,148.2899932861328,30604899,0.0,0.0
2024-12-09 00:00:00+05:30,148.2899932861328,150.6699981689453,146.6300048828125,149.8800048828125,39059139,0.0,0.0
2024-12-10 00:00:00+05:30,150.19000244140625,152.5,149.30999755859375,150.32000732421875,36278104,0.0,0.0
2024-12-11 00:00:00+05:30,150.58999633789062,152.11000061035156,150.05999755859375,150.60000610351562,20499709,0.0,0.0
2024-12-12 00:00:00+05:30,150.8699951171875,151.6300048828125,148.6999969482422,150.77999877929688,25761723,0.0,0.0
2024-12-13 00:00:00+05:30,150.0,150.0500030517578,145.5500030517578,148.9499969482422,39701388,0.0,0.0
2024-12-16 00:00:00+05:30,148.94000244140625,149.8000030517578,147.10000610351562,147.7899932861328,22634773,0.0,0.0
2024-12-17 00:00:00+05:30,147.7899932861328,148.5,145.3300018310547,145.67999267578125,27110781,0.0,0.0
2024-12-18 00:00:00+05:30,146.0,146.89999389648438,143.3000030517578,144.4600067138672,19850229,0.0,0.0
2024-12-19 00:00:00+05:30,141.5500030517578,143.8000030517578,141.10000610351562,143.25999450683594,27104579,0.0,0.0
2024-12-20 00:00:00+05:30,142.88999938964844,144.39999389648438,140.0,140.67999267578125,46503449,0.0,0.0
2024-12-23 00:00:00+05:30,142.4499969482422,143.8000030517578,140.61000061035156,141.7100067138672,27514178,0.0,0.0
2024-12-24 00:00:00+05:30,141.1999969482422,141.5,139.25,140.3800048828125,25882917,0.0,0.0
2024-12-26 00:00:00+05:30,140.9499969482422,141.14999389648438,139.50999450683594,140.36000061035156,23939932,0.0,0.0
2024-12-27 00:00:00+05:30,140.6999969482422,141.75,138.61000061035156,138.91000366210938,19562177,0.0,0.0
2024-12-30 00:00:00+05:30,138.91000366210938,139.25,136.08999633789062,136.8800048828125,32555723,0.0,0.0
2024-12-31 00:00:00+05:30,136.8699951171875,138.67999267578125,136.55999755859375,138.0500030517578,20080291,0.0,0.0
2025-01-01 00:00:00+05:30,138.10000610351562,138.4499969482422,136.5800018310547,136.74000549316406,18169498,0.0,0.0
2025-01-02 00:00:00+05:30,137.0,138.4499969482422,136.39999389648438,138.17999267578125,23388424,0.0,0.0
2025-01-03 00:00:00+05:30,138.17999267578125,139.72999572753906,137.83999633789062,138.36000061035156,23351832,0.0,0.0
2025-01-06 00:00:00+05:30,138.36000061035156,138.38999938964844,131.35000610351562,132.17999267578125,44620509,0.0,0.0
2025-01-07 00:00:00+05:30,132.77999877929688,133.8800048828125,132.00999450683594,133.3800048828125,24239451,0.0,0.0
2025-01-08 00:00:00+05:30,133.92999267578125,134.24000549316406,131.77000427246094,132.63999938964844,31570331,0.0,0.0
2025-01-09 00:00:00+05:30,132.0,132.39999389648438,129.6999969482422,129.92999267578125,31903107,0.0,0.0
2025-01-10 00:00:00+05:30,129.92999267578125,130.38999938964844,126.69999694824219,127.43000030517578,34855510,0.0,0.0
2025-01-13 00:00:00+05:30,126.0,126.5,122.62000274658203,122.93000030517578,38968332,0.0,0.0
2025-01-14 00:00:00+05:30,122.94000244140625,127.63999938964844,122.94000244140625,126.93000030517578,36877365,0.0,0.0
2025-01-15 00:00:00+05:30,128.0,128.30999755859375,125.77999877929688,126.52999877929688,18773125,0.0,0.0
2025-01-16 00:00:00+05:30,128.0,128.47000122070312,126.55999755859375,127.80999755859375,22164393,0.0,0.0
2025-01-17 00:00:00+05:30,127.9000015258789,131.16000366210938,127.63999938964844,130.27999877929688,27421959,0.0,0.0
2025-01-20 00:00:00+05:30,130.99000549316406,132.10000610351562,128.91000366210938,131.66000366210938,20571916,0.0,0.0
2025-01-21 00:00:00+05:30,132.05999755859375,132.39999389648438,129.25,129.6999969482422,32238213,0.0,0.0
2025-01-22 00:00:00+05:30,130.25,130.35000610351562,127.12000274658203,128.9199981689453,27505569,0.0,0.0
2025-01-23 00:00:00+05:30,127.8499984741211,130.75,127.69999694824219,130.3699951171875,20722538,0.0,0.0
2025-01-24 00:00:00+05:30,130.5,133.1999969482422,129.30999755859375,129.74000549316406,37092106,0.0,0.0
2025-01-27 00:00:00+05:30,129.02000427246094,129.4499969482422,125.73999786376953,126.37000274658203,24650571,0.0,0.0
2025-01-28 00:00:00+05:30,126.37000274658203,130.49000549316406,124.73999786376953,128.6199951171875,40373804,0.0,0.0
2025-01-29 00:00:00+05:30,129.0,131.33999633789062,128.5500030517578,130.8000030517578,16674706,0.0,0.0
2025-01-30 00:00:00+05:30,130.8000030517578,132.14999389648438,130.10000610351562,131.1199951171875,25256096,0.0,0.0
2025-01-31 00:00:00+05:30,131.1199951171875,135.0,129.92999267578125,134.6199951171875,26689228,0.0,0.0
2025-02-01 00:00:00+05:30,135.0,135.5,130.25,132.97000122070312,21173846,0.0,0.0
2025-02-03 00:00:00+05:30,131.2899932861328,132.50999450683594,127.80999755859375,131.82000732421875,27765357,0.0,0.0
2025-02-04 00:00:00+05:30,132.8000030517578,134.33999633789062,131.8699951171875,133.4199981689453,25032519,0.0,0.0
2025-02-05 00:00:00+05:30,133.14999389648438,135.38999938964844,133.0800018310547,134.39999389648438,16958362,0.0,0.0
2025-02-06 00:00:00+05:30,134.5,134.8699951171875,132.02000427246094,132.5399932861328,22408168,0.0,0.0
2025-02-07 00:00:00+05:30,133.3000030517578,138.75,132.55999755859375,138.30999755859375,52950146,0.0,0.0
2025-02-10 00:00:00+05:30,138.10000610351562,138.10000610351562,133.0,134.0399932861328,26120805,0.0,0.0
2025-02-11 00:00:00+05:30,133.0,134.33999633789062,129.6999969482422,130.11000061035156,23635428,0.0,0.0
2025-02-12 00:00:00+05:30,129.35000610351562,133.2899932861328,128.30999755859375,132.27999877929688,37927696,0.0,0.0
2025-02-13 00:00:00+05:30,132.27999877929688,137.69000244140625,131.86000061035156,136.25,52036196,0.0,0.0
2025-02-14 00:00:00+05:30,136.25,139.25,133.3300018310547,134.47000122070312,41469242,0.0,0.0
2025-02-17 00:00:00+05:30,132.91000366210938,134.8000030517578,130.72999572753906,134.2899932861328,21189637,0.0,0.0
2025-02-18 00:00:00+05:30,134.2899932861328,134.89999389648438,131.75,134.5399932861328,23957576,0.0,0.0
2025-02-19 00:00:00+05:30,134.5,136.8800048828125,133.02999877929688,135.75999450683594,18447487,0.0,0.0
2025-02-20 00:00:00+05:30,135.27000427246094,138.36000061035156,135.0,138.0399932861328,24139808,0.0,0.0
2025-02-21 00:00:00+05:30,137.91000366210938,141.60000610351562,137.14999389648438,140.75999450683594,41987785,0.0,0.0
2025-02-24 00:00:00+05:30,138.80999755859375,140.66000366210938,136.66000366210938,137.64999389648438,25193205,0.0,0.0
2025-02-25 00:00:00+05:30,138.49000549316406,139.35000610351562,136.6999969482422,137.07000732421875,23575603,0.0,0.0
2025-02-27 00:00:00+05:30,137.2100067138672,138.99000549316406,135.8800048828125,138.69000244140625,30747044,0.0,0.0
2025-02-28 00:00:00+05:30,137.8000030517578,137.8000030517578,134.05999755859375,137.1999969482422,45540594,0.0,0.0
2025-03-03 00:00:00+05:30,137.0,139.0500030517578,134.30999755859375,138.57000732421875,31154401,0.0,0.0
2025-03-04 00:00:00+05:30,136.14999389648438,140.94000244140625,135.80999755859375,139.33999633789062,28634645,0.0,0.0
2025-03-05 00:00:00+05:30,139.0,146.49000549316406,139.0,146.10000610351562,62109377,0.0,0.0
2025-03-06 00:00:00+05:30,146.7899932861328,152.1999969482422,146.1999969482422,150.44000244140625,79121467,0.0,0.0
2025-03-07 00:00:00+05:30,149.74000549316406,152.4499969482422,149.27000427246094,151.55999755859375,81821791,0.0,0.0
2025-03-10 00:00:00+05:30,151.55999755859375,154.24000549316406,150.41000366210938,151.0500030517578,54450331,0.0,0.0
2025-03-11 00:00:00+05:30,148.10000610351562,151.6999969482422,148.0,150.75,35916900,0.0,0.0
2025-03-12 00:00:00+05:30,151.0,152.27999877929688,147.6999969482422,150.3000030517578,26377549,0.0,0.0
2025-03-13 00:00:00+05:30,152.0,153.55999755859375,150.02000427246094,150.8800048828125,48286431,0.0,0.0
2025-03-17 00:00:00+05:30,151.99000549316406,152.63999938964844,150.89999389648438,151.80999755859375,35879780,0.0,0.0
2025-03-18 00:00:00+05:30,151.80999755859375,151.80999755859375,151.80999755859375,151.80999755859375,0,0.0,0.0
2025-03-19 00:00:00+05:30,156.8000030517578,159.1999969482422,156.5,158.60000610351562,66161413,0.0,0.0
2025-03-20 00:00:00+05:30,160.0,160.10000610351562,156.64999389648438,159.0399932861328,39889517,0.0,0.0
2025-03-21 00:00:00+05:30,159.02999877929688,159.75,156.82000732421875,157.27999877929688,49184821,0.0,0.0
2025-03-24 00:00:00+05:30,158.0,159.0,157.11000061035156,158.4199981689453,30905773,0.0,0.0
2025-03-25 00:00:00+05:30,159.0,159.0,156.0500030517578,156.72999572753906,28467187,0.0,0.0
2025-03-26 00:00:00+05:30,156.1999969482422,157.5399932861328,155.00999450683594,155.80999755859375,23182869,0.0,0.0
2025-03-27 00:00:00+05:30,154.8000030517578,156.10000610351562,154.1999969482422,155.4199981689453,25909068,0.0,0.0
2025-03-28 00:00:00+05:30,155.3800048828125,156.91000366210938,153.3699951171875,154.24000549316406,24589315,0.0,0.0
2025-04-01 00:00:00+05:30,152.07000732421875,155.33999633789062,152.07000732421875,153.1199951171875,29142122,0.0,0.0
2025-04-02 00:00:00+05:30,154.0,156.25,152.27000427246094,154.69000244140625,24977582,0.0,0.0
2025-04-03 00:00:00+05:30,153.0,155.97000122070312,152.60000610351562,153.6199951171875,15117526,0.0,0.0
2025-04-04 00:00:00+05:30,152.6199951171875,152.99000549316406,140.0,140.38999938964844,80846143,0.0,0.0
2025-04-07 00:00:00+05:30,128.0,130.35000610351562,125.33000183105469,129.47999572753906,121806340,0.0,0.0
2025-04-08 00:00:00+05:30,134.88999938964844,136.1999969482422,128.02000427246094,130.27999877929688,68999181,0.0,0.0
2025-04-09 00:00:00+05:30,130.0,130.0,125.30000305175781,127.18000030517578,73399980,0.0,0.0
2025-04-11 00:00:00+05:30,134.6699981689453,134.6999969482422,130.49000549316406,133.4199981689453,73706472,0.0,0.0
2025-04-15 00:00:00+05:30,135.60000610351562,137.0,134.83999633789062,136.41000366210938,38967608,0.0,0.0
2025-04-16 00:00:00+05:30,136.41000366210938,137.60000610351562,134.6199951171875,136.97000122070312,42684087,0.0,0.0
2025-04-17 00:00:00+05:30,134.39999389648438,137.9600067138672,133.6999969482422,137.13999938964844,62282856,0.0,0.0
2025-04-21 00:00:00+05:30,137.64999389648438,140.3000030517578,137.0500030517578,139.17999267578125,26503486,0.0,0.0
2025-04-22 00:00:00+05:30,142.0,142.83999633789062,137.6999969482422,138.16000366210938,58429662,0.0,0.0
2025-04-23 00:00:00+05:30,139.38999938964844,141.5,137.32000732421875,141.16000366210938,37851304,0.0,0.0
2025-04-24 00:00:00+05:30,140.6999969482422,141.8800048828125,140.27999877929688,141.52000427246094,23061444,0.0,0.0
2025-04-25 00:00:00+05:30,142.0,143.4499969482422,138.02000427246094,138.85000610351562,37764696,0.0,0.0
2025-04-28 00:00:00+05:30,138.5399932861328,142.60000610351562,138.3800048828125,142.07000732421875,26971589,0.0,0.0
2025-04-29 00:00:00+05:30,142.07000732421875,143.3000030517578,140.9199981689453,141.5,25758449,0.0,0.0
2025-04-30 00:00:00+05:30,141.4499969482422,141.55999755859375,138.0,140.0800018310547,29205042,0.0,0.0
2025-05-02 00:00:00+05:30,140.0,143.10000610351562,139.4499969482422,141.39999389648438,29588258,0.0,0.0
2025-05-05 00:00:00+05:30,141.57000732421875,142.6999969482422,141.1999969482422,142.0800018310547,17213477,0.0,0.0
2025-05-06 00:00:00+05:30,142.0800018310547,145.39999389648438,141.5399932861328,144.44000244140625,42658262,0.0,0.0
2025-05-07 00:00:00+05:30,142.1999969482422,146.9499969482422,142.1999969482422,146.0,34674594,0.0,0.0
2025-05-08 00:00:00+05:30,146.0,146.66000366210938,142.85000610351562,143.6699981689453,29687927,0.0,0.0
2025-05-09 00:00:00+05:30,140.99000549316406,143.27000427246094,140.50999450683594,142.77999877929688,21875453,0.0,0.0
2025-05-12 00:00:00+05:30,145.61000061035156,151.9499969482422,144.5,151.6300048828125,47087413,0.0,0.0
2025-05-13 00:00:00+05:30,152.0,152.99000549316406,149.00999450683594,149.42999267578125,54389876,0.0,0.0
2025-05-14 00:00:00+05:30,151.0,157.14999389648438,151.0,155.30999755859375,60002060,0.0,0.0
2025-05-15 00:00:00+05:30,155.5,157.83999633789062,154.3000030517578,157.35000610351562,57066105,0.0,0.0
2025-05-16 00:00:00+05:30,157.35000610351562,158.14999389648438,157.0,157.5500030517578,22884754,0.0,0.0
2025-05-19 00:00:00+05:30,158.0,158.13999938964844,156.1300048828125,157.57000732421875,21839582,0.0,0.0
2025-05-20 00:00:00+05:30,158.35000610351562,162.10000610351562,158.0,158.69000244140625,58061639,0.0,0.0
2025-05-21 00:00:00+05:30,159.4499969482422,161.85000610351562,158.52999877929688,161.63999938964844,36044599,0.0,0.0
2025-05-22 00:00:00+05:30,160.97999572753906,163.60000610351562,160.36000061035156,161.2899932861328,60715453,0.0,0.0
2025-05-23 00:00:00+05:30,161.60000610351562,163.52999877929688,161.5,162.97000122070312,29483665,0.0,0.0
2025-05-26 00:00:00+05:30,163.10000610351562,165.5500030517578,162.0500030517578,162.50999450683594,25581584,0.0,0.0
2025-05-27 00:00:00+05:30,162.50999450683594,163.89999389648438,160.6199951171875,161.66000366210938,23296776,0.0,0.0
2025-05-28 00:00:00+05:30,162.39999389648438,162.69000244140625,160.64999389648438,161.24000549316406,13044476,0.0,0.0
2025-05-29 00:00:00+05:30,162.19000244140625,163.9499969482422,161.5,163.1199951171875,26455081,0.0,0.0
