timestamp,Open,High,Low,Close,Volume,Dividends,Stock Splits
2020-06-01 00:00:00+05:30,1826.6616065903465,1890.9160349628714,1818.4920925728165,1877.376708984375,3747773,0.0,0.0
2020-06-02 00:00:00+05:30,1891.0996441110137,1910.1924340676317,1872.6036369009066,1879.120849609375,2443886,0.0,0.0
2020-06-03 00:00:00+05:30,1888.9712258760367,1899.9264965089912,1859.6494357107995,1883.7236328125,3699799,6.0,0.0
2020-06-04 00:00:00+05:30,1884.2760193517233,1933.2989571948792,1884.2760193517233,1925.519775390625,4048593,0.0,0.0
2020-06-05 00:00:00+05:30,1925.5660119136146,1931.4578812276868,1878.3382313528678,1885.6571044921875,3573289,0.0,0.0
2020-06-08 00:00:00+05:30,1913.2751571933309,1928.695515130532,1898.4072601908551,1907.2911376953125,2957841,0.0,0.0
2020-06-09 00:00:00+05:30,1899.3286224199862,1929.1565798491997,1896.7047690929676,1907.568115234375,2909439,0.0,0.0
2020-06-10 00:00:00+05:30,1912.1705665215418,1962.7585046032157,1908.9023261232494,1941.3541259765625,5168397,0.0,0.0
2020-06-11 00:00:00+05:30,1933.299193514678,1937.90228683257,1898.1316055180657,1903.51708984375,2269513,0.0,0.0
2020-06-12 00:00:00+05:30,1851.5481325462333,1886.5316402754179,1851.3640537734243,1877.6016845703125,2842642,0.0,0.0
2020-06-15 00:00:00+05:30,1877.2334404546411,1895.553773809168,1842.1118169728597,1868.7637939453125,2399022,0.0,0.0
2020-06-16 00:00:00+05:30,1901.0775670357418,1909.317059238607,1869.7765320337005,1883.4017333984375,2146528,0.0,0.0
2020-06-17 00:00:00+05:30,1883.5856394337054,1895.4156782463315,1865.6796527694676,1885.2427978515625,2703527,0.0,0.0
2020-06-18 00:00:00+05:30,1882.6649124661635,1895.7376507693525,1864.4366204398418,1876.3126220703125,1944389,0.0,0.0
2020-06-19 00:00:00+05:30,1879.9030451486424,1924.0927347505692,1870.6968598149074,1882.296630859375,5681758,0.0,0.0
2020-06-22 00:00:00+05:30,1887.268068206484,1889.3394599886617,1858.8670078024404,1866.9683837890625,3196138,0.0,0.0
2020-06-23 00:00:00+05:30,1866.0938064117113,1881.744321808356,1850.4432910150663,1873.7349853515625,4205944,0.0,0.0
2020-06-24 00:00:00+05:30,1872.538374204155,1900.387088963091,1870.3288669207927,1880.08740234375,2560937,0.0,0.0
2020-06-25 00:00:00+05:30,1873.4586723174668,1896.4741351223497,1849.7527456284374,1856.0589599609375,3043931,0.0,0.0
2020-06-26 00:00:00+05:30,1864.2524522371154,1962.7586311948296,1859.6032838856343,1950.652587890625,6300722,0.0,0.0
2020-06-29 00:00:00+05:30,1940.664133624554,1958.7083492493277,1925.2898469677518,1934.818115234375,3076341,0.0,0.0
2020-06-30 00:00:00+05:30,1933.2987296924682,1944.2539992565808,1910.3293444989088,1916.8656005859375,3071725,0.0,0.0
2020-07-01 00:00:00+05:30,1914.6106161233672,1946.1418057862195,1914.4265373401934,1925.9803466796875,2503466,0.0,0.0
2020-07-02 00:00:00+05:30,1935.140088952912,1993.1390545114436,1931.4576149491957,1985.912109375,3758699,0.0,0.0
2020-07-03 00:00:00+05:30,1991.896305263041,2029.9639735371595,1988.7662919880493,2025.03857421875,4185208,0.0,0.0
2020-07-06 00:00:00+05:30,2029.9639883940429,2089.7120449056542,2029.9639883940429,2083.5439453125,5190366,0.0,0.0
2020-07-07 00:00:00+05:30,2094.407647854103,2119.9087421747886,2054.9590446705665,2089.71240234375,5630055,0.0,0.0
2020-07-08 00:00:00+05:30,2089.8043227493213,2093.8549548804417,2032.357809243989,2042.7606201171875,2793358,0.0,0.0
2020-07-09 00:00:00+05:30,2052.0588814863368,2066.3284699399205,2017.1214501923848,2029.36572265625,3443998,0.0,0.0
2020-07-10 00:00:00+05:30,2030.1943423995353,2071.254025397919,2003.266246031692,2045.93701171875,9610320,0.0,0.0
2020-07-13 00:00:00+05:30,2043.77392578125,2066.743322022058,2034.5677369263794,2043.77392578125,2963503,0.0,0.0
2020-07-14 00:00:00+05:30,2034.5674300583378,2061.265373710687,1993.1395864598649,1999.537841796875,2976738,0.0,0.0
2020-07-15 00:00:00+05:30,2011.5514252702772,2080.597812865367,2007.961103019483,2056.569580078125,5569321,0.0,0.0
2020-07-16 00:00:00+05:30,2070.5023540629545,2152.6212085690163,2048.450302340758,2061.967529296875,8582118,5.0,0.0
2020-07-17 00:00:00+05:30,2064.0434761675706,2070.409903712859,2020.7235206813416,2030.59619140625,4509135,0.0,0.0
2020-07-20 00:00:00+05:30,2030.8268099237048,2054.7242274857645,2021.4154813004623,2037.1932373046875,2952646,0.0,0.0
2020-07-21 00:00:00+05:30,2057.5850624409895,2065.5661879360896,2030.9655422672388,2053.017822265625,2665286,0.0,0.0
2020-07-22 00:00:00+05:30,2058.5071121092396,2058.5071121092396,2015.3254745656468,2021.5535888671875,2861534,0.0,0.0
2020-07-23 00:00:00+05:30,2021.5538136779066,2021.5538136779066,1995.7648492365265,2003.330810546875,2265766,0.0,0.0
2020-07-24 00:00:00+05:30,1987.9218418110358,1995.7646525120774,1960.7950337273728,1990.5975341796875,3665100,0.0,0.0
2020-07-27 00:00:00+05:30,1997.6106017411337,2043.7447957767256,1996.226575920066,2036.1788330078125,4248480,0.0,0.0
2020-07-28 00:00:00+05:30,2043.744653692905,2140.626454432298,2043.744653692905,2131.1689453125,8092319,0.0,0.0
2020-07-29 00:00:00+05:30,2114.7912241312897,2160.9254131393895,2072.393949485765,2100.074462890625,6090431,0.0,0.0
2020-07-30 00:00:00+05:30,2109.1626541418946,2175.6882413649514,2096.5681112983507,2103.257568359375,7098496,0.0,0.0
2020-07-31 00:00:00+05:30,2125.0788684739464,2154.2819426679475,2082.912268537566,2105.010498046875,4723290,0.0,0.0
2020-08-03 00:00:00+05:30,2113.3608959599596,2125.7249930517664,2058.23054331069,2079.867431640625,4012337,0.0,0.0
2020-08-04 00:00:00+05:30,2085.2189825333376,2094.1689693694407,2053.0174115127,2075.761474609375,2927928,0.0,0.0
2020-08-05 00:00:00+05:30,2085.265296957983,2122.1726473466197,2078.8065106399713,2084.803955078125,3800641,0.0,0.0
2020-08-06 00:00:00+05:30,2099.1053210616737,2140.1647438252976,2090.201513871568,2129.646240234375,4748047,0.0,0.0
2020-08-07 00:00:00+05:30,2129.5544295245336,2148.0081074233594,2110.178067730766,2117.882568359375,3165491,0.0,0.0
2020-08-10 00:00:00+05:30,2138.7809128835725,2145.239699074334,2100.074374978998,2106.302490234375,2929353,0.0,0.0
2020-08-11 00:00:00+05:30,2106.486874402338,2133.244701541045,2099.659105169325,2103.62646484375,2774423,0.0,0.0
2020-08-12 00:00:00+05:30,2111.4237570581845,2118.8511821162097,2072.855525635777,2082.820556640625,3415751,0.0,0.0
2020-08-13 00:00:00+05:30,2097.259869180171,2122.172326931101,2076.499487721062,2080.14404296875,2695682,0.0,0.0
2020-08-14 00:00:00+05:30,2100.951030973298,2104.9186164009157,2060.445301904906,2068.79541015625,2270405,0.0,0.0
2020-08-17 00:00:00+05:30,2088.033146311249,2094.491932004655,2065.1967254667047,2079.17529296875,2625630,0.0,0.0
2020-08-18 00:00:00+05:30,2087.8488674986033,2112.0231370771494,2074.4699529124878,2094.261474609375,3493374,0.0,0.0
2020-08-19 00:00:00+05:30,2100.3511773083674,2107.963318002646,2078.3450804681665,2082.128173828125,2843005,0.0,0.0
2020-08-20 00:00:00+05:30,2082.4972604147047,2100.5357730977107,2066.857815629772,2078.668212890625,2895164,0.0,0.0
2020-08-21 00:00:00+05:30,2085.2650857206513,2095.41460604938,2067.7802752981634,2074.74658203125,1975294,0.0,0.0
2020-08-24 00:00:00+05:30,2076.5916209101442,2085.2185766663015,2057.5842502859946,2074.284912109375,2167966,0.0,0.0
2020-08-25 00:00:00+05:30,2071.425721873124,2076.0391421891,2060.8610344024723,2069.25732421875,1663419,0.0,0.0
2020-08-26 00:00:00+05:30,2068.656473393818,2085.172418468089,2045.0818641592823,2079.267333984375,2618149,0.0,0.0
2020-08-27 00:00:00+05:30,2090.8018276017906,2110.501220010954,2068.4267418474465,2074.5625,3579393,0.0,0.0
2020-08-28 00:00:00+05:30,2093.0156059804062,2103.6726477225275,2062.2904191140933,2065.4736328125,2941136,0.0,0.0
2020-08-31 00:00:00+05:30,2066.8117316424855,2100.2128404670016,2055.739525937258,2082.72802734375,6018154,0.0,0.0
2020-09-01 00:00:00+05:30,2093.5695969481744,2101.873751365333,2068.011300072729,2072.6708984375,3610908,0.0,0.0
2020-09-02 00:00:00+05:30,2073.2707114013347,2093.3390861111607,2068.334262458816,2090.017333984375,2084137,0.0,0.0
2020-09-03 00:00:00+05:30,2092.646644905822,2144.3169324343608,2092.646644905822,2121.711181640625,4654146,0.0,0.0
2020-09-04 00:00:00+05:30,2099.1052995090627,2144.5474691797535,2087.9869164961133,2111.83837890625,5231303,0.0,0.0
2020-09-07 00:00:00+05:30,2112.022944423689,2162.3092050052055,2106.8098717352864,2147.131103515625,4620401,0.0,0.0
2020-09-08 00:00:00+05:30,2155.343119846392,2205.6293855999447,2147.1313243521076,2166.64599609375,7453998,0.0,0.0
2020-09-09 00:00:00+05:30,2145.2390609493086,2176.6102988298576,2140.625643613934,2147.68408203125,3866535,0.0,0.0
2020-09-10 00:00:00+05:30,2154.4662403818866,2166.922469180668,2144.5935707572444,2150.913818359375,2308813,0.0,0.0
2020-09-11 00:00:00+05:30,2150.729760016106,2198.7554968916056,2149.991567922685,2190.543701171875,4145424,0.0,0.0
2020-09-14 00:00:00+05:30,2199.7701516280094,2312.0145260933755,2197.694113442353,2298.77392578125,7512131,0.0,0.0
2020-09-15 00:00:00+05:30,2298.77392578125,2341.7710734211264,2274.0461844926276,2298.77392578125,7318770,0.0,0.0
2020-09-16 00:00:00+05:30,2296.5133011484454,2313.721485447036,2285.7641273143527,2309.47705078125,3074003,0.0,0.0
2020-09-17 00:00:00+05:30,2288.255882832339,2302.7881530559716,2261.129068520733,2270.6787109375,4828176,0.0,0.0
2020-09-18 00:00:00+05:30,2292.86969632648,2307.0789395499696,2248.0271646747606,2260.4833984375,4183256,0.0,0.0
2020-09-21 00:00:00+05:30,2274.4150444019424,2311.230029457031,2262.5584701904177,2274.69189453125,4598809,0.0,0.0
2020-09-22 00:00:00+05:30,2292.8689647177384,2357.456822878801,2267.9565051413283,2327.884765625,7499613,0.0,0.0
2020-09-23 00:00:00+05:30,2315.9362648942406,2325.0247901431885,2222.7452040359467,2276.676025390625,7502280,0.0,0.0
2020-09-24 00:00:00+05:30,2260.5752119566673,2260.5752119566673,2124.5717158411103,2151.92919921875,8424708,0.0,0.0
2020-09-25 00:00:00+05:30,2184.915074078229,2251.3483026819586,2170.244492867405,2235.016845703125,8228267,0.0,0.0
2020-09-28 00:00:00+05:30,2251.3482412426893,2255.0389760643984,2183.0696470410667,2238.70751953125,4347166,0.0,0.0
2020-09-29 00:00:00+05:30,2246.5968088749437,2316.905271520733,2238.707817092049,2296.00634765625,6995811,0.0,0.0
2020-09-30 00:00:00+05:30,2296.5595911078076,2311.322529419469,2269.8017654179216,2299.6044921875,3917166,0.0,0.0
2020-10-01 00:00:00+05:30,2315.936140407976,2343.6166520463184,2299.60468359427,2328.34619140625,2610337,0.0,0.0
2020-10-05 00:00:00+05:30,2417.431584368684,2517.173794425004,2401.7921388280747,2496.597900390625,17412105,0.0,0.0
2020-10-06 00:00:00+05:30,2524.462374973837,2524.462374973837,2445.203942415093,2504.440185546875,9846367,0.0,0.0
2020-10-07 00:00:00+05:30,2529.999030201444,2555.8341771181617,2494.0143612817296,2524.416748046875,9656101,0.0,0.0
2020-10-08 00:00:00+05:30,2583.5143688039825,2661.942483571246,2583.5143688039825,2607.227294921875,19839329,0.0,0.0
2020-10-09 00:00:00+05:30,2592.740775065239,2611.056133635483,2565.0602685698805,2595.462646484375,7739245,0.0,0.0
2020-10-12 00:00:00+05:30,2597.815667918714,2633.338986410943,2584.206084860003,2611.194580078125,4623203,0.0,0.0
2020-10-13 00:00:00+05:30,2625.0346968948265,2634.1691739240755,2594.770631434836,2608.01123046875,4209878,0.0,0.0
2020-10-14 00:00:00+05:30,2633.447617256751,2633.447617256751,2582.993326555372,2603.42529296875,4395936,12.0,0.0
2020-10-15 00:00:00+05:30,2604.7223201144398,2620.2431663833536,2526.8864343479463,2539.488525390625,6629355,0.0,0.0
2020-10-16 00:00:00+05:30,2548.2911538547974,2568.259582167372,2530.8706977188267,2560.5224609375,5273773,0.0,0.0
2020-10-19 00:00:00+05:30,2570.437293842737,2570.437293842737,2507.983356356892,2512.570068359375,3331194,0.0,0.0
2020-10-20 00:00:00+05:30,2525.0329687892195,2557.3718326517856,2518.50026944148,2538.005615234375,3406273,0.0,0.0
2020-10-21 00:00:00+05:30,2538.0054766016833,2547.271652127794,2467.6289187258712,2479.072509765625,4570143,0.0,0.0
2020-10-22 00:00:00+05:30,2465.729443297386,2489.497094340861,2444.509990663933,2475.134521484375,5262294,0.0,0.0
2020-10-23 00:00:00+05:30,2490.5628480752794,2503.720772843,2474.1617616847057,2489.63623046875,3499091,0.0,0.0
2020-10-26 00:00:00+05:30,2492.5549303849853,2511.087282106244,2474.5322635810603,2490.933349609375,2672752,0.0,0.0
2020-10-27 00:00:00+05:30,2501.635989182866,2518.685663375134,2431.537454769941,2437.143310546875,3537502,0.0,0.0
2020-10-28 00:00:00+05:30,2455.536625703143,2461.0499551460425,2414.7654515405243,2429.776611328125,3569445,0.0,0.0
2020-10-29 00:00:00+05:30,2416.618925464054,2460.169956712831,2409.4376383964363,2439.4599609375,3105968,0.0,0.0
2020-10-30 00:00:00+05:30,2442.657103381913,2478.1002317697266,2429.221146215291,2469.29736328125,3427003,0.0,0.0
2020-11-02 00:00:00+05:30,2464.803284303369,2469.2974710072476,2409.2525938739464,2413.46875,2571196,0.0,0.0
2020-11-03 00:00:00+05:30,2412.9121177214606,2469.43578868191,2410.178641174109,2440.340087890625,2879269,0.0,0.0
2020-11-04 00:00:00+05:30,2418.471624327731,2522.1138800211893,2418.471624327731,2458.455078125,4893928,0.0,0.0
2020-11-05 00:00:00+05:30,2487.968844412232,2511.1342898909306,2471.289723667569,2488.617431640625,2816502,0.0,0.0
2020-11-06 00:00:00+05:30,2500.9413653101096,2514.145668554151,2484.5402759993603,2508.771240234375,3884421,0.0,0.0
2020-11-09 00:00:00+05:30,2530.685893264585,2542.6391720601277,2497.327653397907,2526.51611328125,3646592,0.0,0.0
2020-11-10 00:00:00+05:30,2499.273373484713,2514.052881490758,2444.742054121025,2455.16650390625,4760020,0.0,0.0
2020-11-11 00:00:00+05:30,2472.1695372661793,2495.196076574717,2449.4210285002523,2490.56298828125,3242441,0.0,0.0
2020-11-12 00:00:00+05:30,2488.894880098671,2513.9135553639962,2466.424403239999,2475.0419921875,2437505,0.0,0.0
2020-11-13 00:00:00+05:30,2460.865151443727,2469.343613579413,2442.5644504210354,2461.884521484375,2548093,0.0,0.0
2020-11-14 00:00:00+05:30,2481.4352234856797,2491.6743918358375,2464.8488611627777,2474.39306640625,298819,0.0,0.0
2020-11-17 00:00:00+05:30,2497.2347170242583,2497.2347170242583,2455.583296395334,2470.4091796875,2827273,0.0,0.0
2020-11-18 00:00:00+05:30,2465.7295530766655,2468.6946842953407,2415.738576379358,2433.900146484375,2893762,0.0,0.0
2020-11-19 00:00:00+05:30,2443.4907014721766,2479.767691362392,2437.7920935116476,2443.39794921875,4167501,0.0,0.0
2020-11-20 00:00:00+05:30,2460.1696815200344,2479.6286507523964,2434.7340741255894,2465.034423828125,2711471,0.0,0.0
2020-11-23 00:00:00+05:30,2492.6009980886365,2529.665696944973,2469.4355613034263,2524.337646484375,3706418,0.0,0.0
2020-11-24 00:00:00+05:30,2533.7431525222282,2541.7121546162043,2506.500684738182,2522.299560546875,3120516,0.0,0.0
2020-11-25 00:00:00+05:30,2528.7397755439115,2532.3998703184725,2490.9337270588208,2503.072509765625,3302249,0.0,0.0
2020-11-26 00:00:00+05:30,2488.8947526548477,2530.546166505842,2483.3350473250152,2520.955810546875,2341099,0.0,0.0
2020-11-27 00:00:00+05:30,2506.5003422059676,2518.268339233067,2473.1884882634195,2483.010498046875,6086808,0.0,0.0
2020-12-01 00:00:00+05:30,2482.408800880797,2535.133257150817,2431.861760455484,2526.701171875,3605017,0.0,0.0
2020-12-02 00:00:00+05:30,2519.4737637736716,2552.5539735366506,2504.1381941482086,2547.781982421875,2509032,0.0,0.0
2020-12-03 00:00:00+05:30,2570.34473275459,2570.34473275459,2502.6091150092407,2510.624267578125,2852548,0.0,0.0
2020-12-04 00:00:00+05:30,2511.874907940234,2537.866575547118,2500.940775569737,2527.395751953125,2686527,0.0,0.0
2020-12-07 00:00:00+05:30,2515.766608442823,2542.638516967627,2507.5659527650873,2536.80078125,1996400,0.0,0.0
2020-12-08 00:00:00+05:30,2538.93259063894,2599.672428335181,2531.9365815036695,2592.02783203125,4277818,0.0,0.0
2020-12-09 00:00:00+05:30,2608.4288585192594,2631.5943013125034,2588.1821710279532,2604.537109375,3659996,0.0,0.0
2020-12-10 00:00:00+05:30,2611.208413385847,2619.8260023655844,2576.228598763663,2579.9814453125,2127801,0.0,0.0
2020-12-11 00:00:00+05:30,2587.7650927800473,2601.6643576743704,2561.680896151707,2579.3330078125,1795408,0.0,0.0
2020-12-14 00:00:00+05:30,2596.3822055278915,2598.235440506855,2553.989455384101,2592.397705078125,2483658,0.0,0.0
2020-12-15 00:00:00+05:30,2581.556141380277,2589.6176677182034,2552.8310012572374,2558.900390625,2365509,0.0,0.0
2020-12-16 00:00:00+05:30,2575.0706020310813,2612.8766496376797,2557.8817983594204,2607.6875,2565149,0.0,0.0
2020-12-17 00:00:00+05:30,2604.7220719317675,2644.2885981814266,2599.162366335328,2629.926025390625,2863460,0.0,0.0
2020-12-18 00:00:00+05:30,2657.539301776586,2685.337830037847,2637.3389926617356,2651.052978515625,6076692,0.0,0.0
2020-12-21 00:00:00+05:30,2651.0528575314333,2674.681605475177,2580.629922483412,2613.200439453125,2705195,0.0,0.0
2020-12-22 00:00:00+05:30,2626.034689471823,2672.0411700235436,2611.8110165952908,2661.70947265625,2881737,0.0,0.0
2020-12-23 00:00:00+05:30,2664.998479152658,2704.796658116674,2655.1762425249312,2695.298828125,2790988,0.0,0.0
2020-12-24 00:00:00+05:30,2695.530573821708,2706.9743915673616,2671.623794714694,2695.85498046875,1807144,0.0,0.0
2020-12-28 00:00:00+05:30,2696.457059701361,2733.243731044042,2689.0441193310476,2714.433349609375,2108994,0.0,0.0
2020-12-29 00:00:00+05:30,2705.72339604483,2735.375159289157,2705.72339604483,2715.452880859375,1994151,0.0,0.0
2020-12-30 00:00:00+05:30,2719.0670519654036,2731.391113361807,2689.0447271693106,2695.80908203125,2637968,0.0,0.0
2020-12-31 00:00:00+05:30,2687.190819169723,2691.8239067889813,2636.2268553578833,2652.67431640625,4040956,0.0,0.0
2021-01-01 00:00:00+05:30,2668.6591020660803,2724.256166692457,2667.7324843223073,2713.368408203125,2681440,0.0,0.0
2021-01-04 00:00:00+05:30,2733.522055791891,2826.878783629529,2725.1361208503067,2816.407958984375,5113293,0.0,0.0
2021-01-05 00:00:00+05:30,2816.547029520677,2885.7189448862605,2816.547029520677,2866.0283203125,5801309,0.0,0.0
2021-01-06 00:00:00+05:30,2872.514438019724,2885.0237750885194,2814.32280996581,2827.573486328125,3726716,0.0,0.0
2021-01-07 00:00:00+05:30,2849.3490663480798,2854.7698696960083,2780.0844020523014,2810.245849609375,3717827,0.0,0.0
2021-01-08 00:00:00+05:30,2863.2479817660765,2898.4594456195105,2835.4494576712605,2891.88037109375,5879039,0.0,0.0
2021-01-11 00:00:00+05:30,2992.9751592127086,2992.9751592127086,2915.648957697249,2943.354736328125,9508039,0.0,0.0
2021-01-12 00:00:00+05:30,2943.354522784093,2974.4425894861856,2918.84553173878,2941.8720703125,3611458,0.0,0.0
2021-01-13 00:00:00+05:30,2942.0111752330677,2943.8644106190413,2896.8385626999616,2927.138916015625,3572801,0.0,0.0
2021-01-14 00:00:00+05:30,2929.0419269678023,3032.556403943051,2896.9198551096924,3017.887939453125,6931542,6.0,0.0
2021-01-15 00:00:00+05:30,3003.3122554233296,3039.5191110528535,2980.102732583891,3001.780517578125,4131692,0.0,0.0
2021-01-18 00:00:00+05:30,3017.2382377529198,3023.5048094774834,2959.1214967266105,2991.011474609375,4160906,0.0,0.0
2021-01-19 00:00:00+05:30,3001.4560087518353,3044.1615381061765,3000.527627678915,3027.172119140625,2975735,0.0,0.0
2021-01-20 00:00:00+05:30,3035.8059197164876,3089.605554216445,3033.113705434605,3071.8271484375,3453446,0.0,0.0
2021-01-21 00:00:00+05:30,3068.298610556993,3072.151300298377,3028.4711640352502,3039.379638671875,2778546,0.0,0.0
2021-01-22 00:00:00+05:30,3009.718780570103,3086.8673453368338,3009.718780570103,3066.535888671875,3052459,0.0,0.0
2021-01-25 00:00:00+05:30,3071.96640112215,3100.6070469070078,3043.836410241086,3055.58056640625,2272887,0.0,0.0
2021-01-27 00:00:00+05:30,3063.6569727880587,3069.6449842674097,2995.885167026384,3027.49658203125,2786662,0.0,0.0
2021-01-28 00:00:00+05:30,2998.6700154104433,3040.44715184805,2955.778867332261,2967.61572265625,3083938,0.0,0.0
2021-01-29 00:00:00+05:30,2980.1494697741196,2986.462505895464,2877.9810955509574,2888.518310546875,5445659,0.0,0.0
2021-02-01 00:00:00+05:30,2877.980333745555,2938.3250826789294,2826.0839403250357,2914.51220703125,3985846,0.0,0.0
2021-02-02 00:00:00+05:30,2946.6811984241535,2993.100246918548,2924.4000551468444,2974.02197265625,2881837,0.0,0.0
2021-02-03 00:00:00+05:30,2982.888211510974,3004.24097492982,2936.1441365818564,2970.86572265625,2505866,0.0,0.0
2021-02-04 00:00:00+05:30,2985.719842513945,3005.958594201787,2948.538137110026,2960.096435546875,2057261,0.0,0.0
2021-02-05 00:00:00+05:30,2969.843888462916,2976.2498523507265,2904.9036930372354,2931.7802734375,2366135,0.0,0.0
2021-02-08 00:00:00+05:30,2961.0709185918918,2994.9568218772356,2929.180943604993,2983.9091796875,2526592,0.0,0.0
2021-02-09 00:00:00+05:30,2966.1770765402284,3013.3388731978525,2937.3972676598696,2949.373291015625,2658751,0.0,0.0
2021-02-10 00:00:00+05:30,2956.8935201038594,2988.829736220795,2931.1774114296645,2983.166748046875,2127983,0.0,0.0
2021-02-11 00:00:00+05:30,2984.7445882415295,2988.736671435595,2956.9396256666146,2976.38916015625,1165882,0.0,0.0
2021-02-12 00:00:00+05:30,2956.150914677592,3013.06071877025,2954.1085216844663,2962.2783203125,2777404,0.0,0.0
2021-02-15 00:00:00+05:30,2979.1747530835114,2979.1747530835114,2907.2716869698306,2914.977294921875,2630853,0.0,0.0
2021-02-16 00:00:00+05:30,2924.4001305203656,2940.7859643990114,2877.981080829566,2886.15087890625,3435770,0.0,0.0
2021-02-17 00:00:00+05:30,2882.715758553742,2908.47832973792,2827.4306280328115,2853.007568359375,3678426,0.0,0.0
2021-02-18 00:00:00+05:30,2845.4877661782334,2876.0314104286736,2813.9228121651636,2838.3857421875,4189909,0.0,0.0
2021-02-19 00:00:00+05:30,2838.989730015932,2866.0519515283167,2800.136885854304,2851.847900390625,3725028,0.0,0.0
2021-02-22 00:00:00+05:30,2874.267705281094,2874.267705281094,2732.364572386255,2746.56884765625,5366696,0.0,0.0
2021-02-23 00:00:00+05:30,2757.2913022381854,2811.1373950091665,2755.4345404184965,2766.7607421875,3832829,0.0,0.0
2021-02-24 00:00:00+05:30,2759.148421031885,2788.2532569832433,2711.940154996367,2736.960205078125,3774549,0.0,0.0
2021-02-25 00:00:00+05:30,2761.0047387879563,2812.9011393491123,2755.852179569746,2780.779296875,4224073,0.0,0.0
2021-02-26 00:00:00+05:30,2748.0075205062344,2759.4731155191944,2673.737046979039,2687.012939453125,5553153,0.0,0.0
2021-03-01 00:00:00+05:30,2716.4428596797516,2752.6497193952373,2693.9760843668882,2714.771728515625,3265871,0.0,0.0
2021-03-02 00:00:00+05:30,2748.0080201331652,2808.352790845549,2736.8674470785713,2791.03857421875,3306469,0.0,0.0
2021-03-03 00:00:00+05:30,2817.635940138901,2844.5589853659285,2782.264538333612,2840.010009765625,3509857,0.0,0.0
2021-03-04 00:00:00+05:30,2806.4962042804705,2860.7600369315605,2800.0440006470594,2831.283935546875,3916760,0.0,0.0
2021-03-05 00:00:00+05:30,2800.090456893849,2843.8170727487686,2781.9870245999873,2792.616943359375,3203686,0.0,0.0
2021-03-08 00:00:00+05:30,2799.9971082616466,2815.7795853307607,2781.429488180336,2791.59521484375,2003125,0.0,0.0
2021-03-09 00:00:00+05:30,2791.5941228931265,2847.2504969853903,2777.807806368674,2832.44287109375,1942397,0.0,0.0
2021-03-10 00:00:00+05:30,2854.7719517679657,2871.6684428668323,2840.846234930073,2851.011962890625,3053778,0.0,0.0
2021-03-12 00:00:00+05:30,2854.771322795196,2893.7633213504473,2823.5313955672946,2838.9423828125,2938317,0.0,0.0
2021-03-15 00:00:00+05:30,2823.206485414784,2877.0525808288116,2823.206485414784,2846.55517578125,3097083,0.0,0.0
2021-03-16 00:00:00+05:30,2840.8460066576313,2916.044871539745,2840.8460066576313,2887.3115234375,4894756,0.0,0.0
2021-03-17 00:00:00+05:30,2882.6233218199272,2929.0423769216973,2864.3342594409382,2890.00390625,3838390,0.0,0.0
2021-03-18 00:00:00+05:30,2902.0724408285005,2921.1042506675167,2773.1204150692747,2819.02880859375,3656306,0.0,0.0
2021-03-19 00:00:00+05:30,2812.9938234870137,2877.0520986753318,2789.784303491246,2831.7470703125,5776626,0.0,0.0
2021-03-22 00:00:00+05:30,2830.354694475594,2914.6052578755534,2802.4568041839593,2905.507080078125,2821646,0.0,0.0
2021-03-23 00:00:00+05:30,2915.1161481934946,2942.039195422033,2899.194505753301,2917.530029296875,3305973,0.0,0.0
2021-03-24 00:00:00+05:30,2888.3787169774246,2926.5352640329397,2888.332252599617,2897.56982421875,2207104,0.0,0.0
2021-03-25 00:00:00+05:30,2889.3073376991056,2906.6217795511393,2831.562084134098,2845.3486328125,3179786,0.0,0.0
2021-03-26 00:00:00+05:30,2869.3009327493473,2894.692246290345,2825.1101287415745,2847.1591796875,3697370,0.0,0.0
2021-03-30 00:00:00+05:30,2862.1986598410917,2960.0963922200895,2841.681348814794,2932.337890625,4694008,0.0,0.0
2021-03-31 00:00:00+05:30,2929.042018983021,2975.461068412229,2907.6892562455855,2950.255615234375,3530069,0.0,0.0
2021-04-01 00:00:00+05:30,2962.5567630139194,2984.7449787254395,2919.758307337949,2938.325927734375,4285076,0.0,0.0
2021-04-05 00:00:00+05:30,2943.8958877277214,3029.3069320894215,2925.3282693882215,3006.932861328125,5317862,0.0,0.0
2021-04-06 00:00:00+05:30,3040.4483577921405,3040.4483577921405,2998.67120478431,3030.885986328125,2291562,0.0,0.0
2021-04-07 00:00:00+05:30,3025.5933919637027,3042.8149032110114,3003.126619226216,3037.105224609375,2491268,0.0,0.0
2021-04-08 00:00:00+05:30,3035.8059602589547,3096.150727053093,3032.138900531031,3079.764892578125,2578118,0.0,0.0
2021-04-09 00:00:00+05:30,3113.7898169127193,3114.1148409189673,3071.0842916956694,3084.313720703125,2911129,0.0,0.0
2021-04-12 00:00:00+05:30,3084.313547381163,3099.0284757966906,2983.07356154531,3014.03515625,3791828,0.0,0.0
2021-04-13 00:00:00+05:30,2983.8166608975216,2983.8166608975216,2852.961398713535,2881.7412109375,8654596,0.0,0.0
2021-04-15 00:00:00+05:30,2933.96241223959,3005.401282243617,2866.3297682029333,2988.411865234375,6062760,0.0,0.0
2021-04-16 00:00:00+05:30,2997.742439904109,3014.4532989683003,2954.665649423073,2966.316650390625,3224657,0.0,0.0
2021-04-19 00:00:00+05:30,2942.03927808565,2960.606897385654,2910.5672540343467,2935.35498046875,2679106,0.0,0.0
2021-04-20 00:00:00+05:30,2994.028533369793,2994.353557361197,2902.4438442437986,2919.34033203125,3141893,0.0,0.0
2021-04-22 00:00:00+05:30,2922.543741743874,2922.543741743874,2882.855449190014,2895.43505859375,1988980,0.0,0.0
2021-04-23 00:00:00+05:30,2882.6225790860167,2895.6199111656315,2869.67171138064,2886.80029296875,1615309,0.0,0.0
2021-04-26 00:00:00+05:30,2879.8843532139376,2927.185320273553,2866.887019092837,2878.723876953125,2490260,0.0,0.0
2021-04-27 00:00:00+05:30,2883.5513036735215,2911.4956616379063,2880.7661607530385,2907.689208984375,1471417,0.0,0.0
2021-04-28 00:00:00+05:30,2924.353737895065,2925.3285832935953,2889.1217236463563,2900.355224609375,1639037,0.0,0.0
2021-04-29 00:00:00+05:30,2920.315123564856,2931.223599415761,2883.0869578710576,2892.138671875,1621395,0.0,0.0
2021-04-30 00:00:00+05:30,2877.0527742350787,2907.73581220525,2803.710673827021,2818.23974609375,3072305,0.0,0.0
2021-05-03 00:00:00+05:30,2808.2594198651873,2836.2037768723503,2788.8563488460036,2819.492919921875,1545831,0.0,0.0
2021-05-04 00:00:00+05:30,2843.4445152927674,2868.6964255522994,2817.635485938909,2831.3291015625,1990777,0.0,0.0
2021-05-05 00:00:00+05:30,2850.1296673253687,2877.423978037548,2833.790071078495,2873.989013671875,1939289,0.0,0.0
2021-05-06 00:00:00+05:30,2883.0872622376132,2909.546121350082,2853.843260060674,2888.611083984375,1791671,0.0,0.0
2021-05-07 00:00:00+05:30,2908.6178311110084,2933.5449529782413,2888.936198172228,2908.52490234375,1912540,0.0,0.0
2021-05-10 00:00:00+05:30,2920.6406265760224,2937.5835825232894,2901.191086860818,2920.222900390625,2137153,0.0,0.0
2021-05-11 00:00:00+05:30,2901.190181600401,2904.068252922742,2869.7643988911123,2898.962158203125,2415625,0.0,0.0
2021-05-12 00:00:00+05:30,2896.5489384279513,2896.5489384279513,2850.6870042317228,2866.469482421875,1978558,0.0,0.0
2021-05-14 00:00:00+05:30,2876.58824845523,2876.58824845523,2822.277965242504,2832.954345703125,2043935,0.0,0.0
2021-05-17 00:00:00+05:30,2836.204084701905,2854.9573364284024,2818.564844895248,2849.897705078125,2890462,0.0,0.0
2021-05-18 00:00:00+05:30,2877.9805836753485,2900.2617236779965,2857.556205339588,2867.582763671875,2098538,0.0,0.0
2021-05-19 00:00:00+05:30,2863.1270256859384,2894.691979925018,2847.4374773293093,2861.270263671875,1986041,0.0,0.0
2021-05-20 00:00:00+05:30,2847.4370538161083,2867.5828733412077,2833.5113407818712,2840.845458984375,2329027,0.0,0.0
2021-05-21 00:00:00+05:30,2841.7742559516264,2867.0261739533826,2836.2968986850146,2859.877685546875,1685566,0.0,0.0
2021-05-24 00:00:00+05:30,2860.805908203125,2882.6228606103205,2851.986289144897,2860.805908203125,1652260,0.0,0.0
2021-05-25 00:00:00+05:30,2884.595341226116,2918.4137697899732,2875.3595028757363,2905.11962890625,1841613,15.0,0.0
2021-05-26 00:00:00+05:30,2910.7167786330533,2952.698270632569,2895.6034870660624,2946.63427734375,1923753,0.0,0.0
2021-05-27 00:00:00+05:30,2949.8533355145896,3001.910440370572,2949.713488288814,2966.692626953125,5959785,0.0,0.0
2021-05-28 00:00:00+05:30,2975.5554136916007,2983.48525254295,2925.317461157073,2932.734375,1763701,0.0,0.0
2021-05-31 00:00:00+05:30,2938.7050635253286,2957.690122263632,2918.7406186438916,2947.2412109375,1652799,0.0,0.0
2021-06-01 00:00:00+05:30,2956.057584712969,2957.316893114198,2921.9125386536634,2941.50390625,1377441,0.0,0.0
2021-06-02 00:00:00+05:30,2939.497873973778,2947.5208678776994,2906.052523488623,2919.533203125,2240078,0.0,0.0
2021-06-03 00:00:00+05:30,2942.9496583825317,2942.9496583825317,2913.1893046885334,2930.541748046875,1281706,0.0,0.0
2021-06-04 00:00:00+05:30,2918.1802565854873,2945.095149610114,2915.381490354747,2932.873779296875,1836060,0.0,0.0
2021-06-07 00:00:00+05:30,2934.0401538932692,2976.4414199443886,2923.404932517427,2969.677734375,2559821,0.0,0.0
2021-06-08 00:00:00+05:30,2983.4852751191006,3014.2717085396544,2973.409669537713,2985.490966796875,2574057,0.0,0.0
2021-06-09 00:00:00+05:30,2987.216842342639,3004.009441706214,2972.4766262373264,2985.584228515625,1710925,0.0,0.0
2021-06-10 00:00:00+05:30,2994.6800098026615,3007.740919502736,2978.820333738286,3001.02392578125,1874324,0.0,0.0
2021-06-11 00:00:00+05:30,2996.126517289082,3087.039745597985,2995.613364495355,3054.200927734375,3452954,0.0,0.0
2021-06-14 00:00:00+05:30,3059.0514981076653,3086.759238310791,3050.9818132271735,3056.579345703125,1847360,0.0,0.0
2021-06-15 00:00:00+05:30,3076.7773525795437,3076.7773525795437,3033.443162829983,3043.891845703125,1304985,0.0,0.0
2021-06-16 00:00:00+05:30,3043.285813575067,3073.6989427736494,3034.79612985282,3054.714111328125,1635552,0.0,0.0
2021-06-17 00:00:00+05:30,3046.4572113522318,3112.274913086635,3041.326139644243,3095.202392578125,2273413,0.0,0.0
2021-06-18 00:00:00+05:30,3126.1290065424914,3132.752845475121,3055.3203004559323,3076.12451171875,3380431,0.0,0.0
2021-06-21 00:00:00+05:30,3045.991090370442,3065.582457261033,3033.583179120225,3053.5478515625,1130569,0.0,0.0
2021-06-22 00:00:00+05:30,3082.37492300348,3103.8788250863545,3064.6494013518254,3079.7626953125,1708688,0.0,0.0
2021-06-23 00:00:00+05:30,3105.697705853581,3105.697705853581,3037.9674695256263,3042.632080078125,1467104,0.0,0.0
2021-06-24 00:00:00+05:30,3063.7169523296193,3156.07626362092,3058.5858794801024,3147.306884765625,4155204,0.0,0.0
2021-06-25 00:00:00+05:30,3148.8456737073016,3171.6088844128785,3125.2893880214683,3154.0234375,2722861,0.0,0.0
2021-06-28 00:00:00+05:30,3164.0052179914023,3164.0052179914023,3109.4292765930545,3112.927734375,1355238,0.0,0.0
2021-06-29 00:00:00+05:30,3117.825943235525,3140.4959978908864,3103.365649363547,3116.753173828125,1497322,0.0,0.0
2021-06-30 00:00:00+05:30,3121.557449282672,3155.142645987447,3114.5605333025105,3121.32421875,1693146,0.0,0.0
2021-07-01 00:00:00+05:30,3132.7528358743734,3136.4845247795247,3108.823471875778,3117.359619140625,990310,0.0,0.0
2021-07-02 00:00:00+05:30,3107.56350537914,3115.679882070914,3074.1648487507787,3102.3857421875,1682274,0.0,0.0
2021-07-05 00:00:00+05:30,3117.8254939271396,3147.67899955421,3080.5086118933023,3098.234130859375,1972858,0.0,0.0
2021-07-06 00:00:00+05:30,3090.7712784121336,3104.7651115471112,3037.6880958258016,3043.47216796875,2159420,0.0,0.0
2021-07-07 00:00:00+05:30,3055.320129161683,3062.5035843705355,3024.160619560799,3055.2734375,2640710,0.0,0.0
2021-07-08 00:00:00+05:30,3076.7776761139135,3076.7776761139135,3015.111422366885,3039.92724609375,2485811,0.0,0.0
2021-07-09 00:00:00+05:30,3031.997231933867,3061.8507431406006,2986.2840428985564,2992.954345703125,6365067,0.0,0.0
2021-07-12 00:00:00+05:30,3018.0034128153216,3018.9363350449403,2974.4826819093128,2978.9140625,1892226,0.0,0.0
2021-07-13 00:00:00+05:30,2998.412321957261,2998.412321957261,2962.028351653486,2973.736572265625,1809339,0.0,0.0
2021-07-14 00:00:00+05:30,2973.2229971343827,3005.8752735384314,2971.357152768437,2998.925048828125,2044279,0.0,0.0
2021-07-15 00:00:00+05:30,3017.6706317143635,3021.644203345527,2986.2559505729087,2994.623779296875,2232968,7.0,0.0
2021-07-16 00:00:00+05:30,3004.020341969575,3010.4248961880166,2984.3862220874207,2987.004150390625,1256526,0.0,0.0
2021-07-19 00:00:00+05:30,2973.1671184921456,2991.6793367689756,2969.427285638696,2977.468017578125,1597058,0.0,0.0
2021-07-20 00:00:00+05:30,2977.467994184706,3005.8906323430956,2950.8682506145115,2997.2890625,1811945,0.0,0.0
2021-07-22 00:00:00+05:30,2982.5168348366537,3015.1935802118373,2982.5168348366537,3007.153076171875,2859334,0.0,0.0
2021-07-23 00:00:00+05:30,3019.9145665515234,3030.7133779138876,2998.08320430926,3003.880126953125,1776193,0.0,0.0
2021-07-26 00:00:00+05:30,2991.86628556638,3014.539022261688,2983.311509210602,2989.57568359375,1259611,0.0,0.0
2021-07-27 00:00:00+05:30,2991.8658857623277,3001.215466655335,2955.5426726884934,2975.9248046875,1121367,0.0,0.0
2021-07-28 00:00:00+05:30,2980.646203532412,2996.0262174937493,2928.6624456920317,2989.808837890625,1660654,0.0,0.0
2021-07-29 00:00:00+05:30,2992.1002159320587,3015.6611187811623,2982.797426759375,2987.939697265625,1731997,0.0,0.0
2021-07-30 00:00:00+05:30,3009.630491198659,3013.837803162124,2956.6651996742175,2961.433349609375,2999943,0.0,0.0
2021-08-02 00:00:00+05:30,2973.1666497556394,3015.146175612785,2961.0121948981478,3010.00390625,2608669,0.0,0.0
2021-08-03 00:00:00+05:30,3018.9800678560678,3076.012518812779,3009.5836921691402,3071.244140625,3804735,0.0,0.0
2021-08-04 00:00:00+05:30,3085.3620543740954,3090.2237913529743,3049.0856306279866,3061.00634765625,2929598,0.0,0.0
2021-08-05 00:00:00+05:30,3061.9876397836038,3099.3859621015713,3050.300664059239,3070.35546875,2534521,0.0,0.0
2021-08-06 00:00:00+05:30,3059.6974656786465,3107.8010188286576,3052.638485702638,3094.524658203125,2292362,0.0,0.0
2021-08-09 00:00:00+05:30,3107.7078418220917,3119.9558870133014,3094.712012590359,3106.5859375,1510489,0.0,0.0
2021-08-10 00:00:00+05:30,3099.947333230818,3132.0162151645936,3099.947333230818,3117.056884765625,2040777,0.0,0.0
2021-08-11 00:00:00+05:30,3132.110059226113,3141.45964149246,3110.699607140694,3126.687255859375,1929707,0.0,0.0
2021-08-12 00:00:00+05:30,3109.670678242942,3148.938918918289,3109.670678242942,3133.745849609375,1310205,0.0,0.0
2021-08-13 00:00:00+05:30,3142.1606684007133,3253.6544301225863,3139.122054349593,3238.134033203125,4363584,0.0,0.0
2021-08-16 00:00:00+05:30,3234.954838957307,3267.0707391398914,3212.9833248776836,3247.0625,2083489,0.0,0.0
2021-08-17 00:00:00+05:30,3255.617650155271,3329.1988060427684,3237.7598593665366,3321.952880859375,4336019,0.0,0.0
2021-08-18 00:00:00+05:30,3341.4005663006633,3361.174841588526,3306.5733721840643,3328.965576171875,2631309,0.0,0.0
2021-08-20 00:00:00+05:30,3277.9631394639346,3342.475249168159,3272.353390794002,3327.9833984375,2836148,0.0,0.0
2021-08-23 00:00:00+05:30,3347.1501444077,3434.1012515110287,3330.2273107529763,3400.816650390625,3744176,0.0,0.0
2021-08-24 00:00:00+05:30,3419.1418856248592,3428.818793586793,3360.613415310205,3378.190673828125,2511141,0.0,0.0
2021-08-25 00:00:00+05:30,3375.198530565686,3457.241098725558,3372.4404499948955,3421.011474609375,2123263,0.0,0.0
2021-08-26 00:00:00+05:30,3421.9470211832554,3447.751958877018,3410.6339356283834,3433.0263671875,1902533,0.0,0.0
2021-08-27 00:00:00+05:30,3427.556435753505,3486.9262758163386,3413.625651200745,3478.184326171875,3944728,0.0,0.0
2021-08-30 00:00:00+05:30,3473.369427509931,3497.0707072363402,3447.7516662400685,3460.560546875,2033114,0.0,0.0
2021-08-31 00:00:00+05:30,3468.134268036928,3556.6750027108988,3462.571311737908,3540.1728515625,3207480,0.0,0.0
2021-09-01 00:00:00+05:30,3549.1016569912726,3568.4552478774003,3465.890369459075,3473.3232421875,2643336,0.0,0.0
2021-09-02 00:00:00+05:30,3491.1337336389033,3608.143654858475,3479.9142358339577,3587.20068359375,3403717,0.0,0.0
2021-09-03 00:00:00+05:30,3576.2151668068136,3606.0402425143625,3557.09531699209,3592.15625,1746812,0.0,0.0
2021-09-06 00:00:00+05:30,3599.308290869106,3625.393759822889,3565.9303310628,3601.458740234375,1723693,0.0,0.0
2021-09-07 00:00:00+05:30,3612.678119141447,3618.2410742161346,3560.5542047671884,3567.70654296875,1585039,0.0,0.0
2021-09-08 00:00:00+05:30,3562.1907057143326,3566.8654966667136,3511.7029634286177,3528.67236328125,4147175,0.0,0.0
2021-09-09 00:00:00+05:30,3543.2111537727883,3560.975360118693,3520.117731175369,3544.800537109375,1441148,0.0,0.0
2021-09-13 00:00:00+05:30,3521.9871527058667,3601.8324829147923,3521.9871527058667,3595.2412109375,1691473,0.0,0.0
2021-09-14 00:00:00+05:30,3599.542350405933,3643.064701162544,3576.2151884888312,3633.154052734375,1991188,0.0,0.0
2021-09-15 00:00:00+05:30,3629.600953932025,3721.133261187898,3614.548037123722,3697.338623046875,2461369,0.0,0.0
2021-09-16 00:00:00+05:30,3674.3854555912444,3722.769538880518,3638.950633723508,3649.422119140625,2946666,0.0,0.0
2021-09-17 00:00:00+05:30,3665.0359407187025,3688.4098944222656,3557.5157536823117,3578.879638671875,6477148,0.0,0.0
2021-09-20 00:00:00+05:30,3561.2556067738983,3619.2230122924025,3560.1804962018527,3574.8125,2002008,0.0,0.0
2021-09-21 00:00:00+05:30,3607.068779849232,3619.7375092669004,3573.082957557804,3611.69677734375,1568129,0.0,0.0
2021-09-22 00:00:00+05:30,3611.276057144136,3643.391962704415,3601.8796815567866,3610.94873046875,1744067,0.0,0.0
2021-09-23 00:00:00+05:30,3618.2876443169703,3626.7022667456145,3585.564112650021,3617.58642578125,2003869,0.0,0.0
2021-09-24 00:00:00+05:30,3636.9865985320534,3687.848222127342,3604.26306872521,3619.5029296875,2320754,0.0,0.0
2021-09-27 00:00:00+05:30,3646.336853428515,3650.0766860986982,3555.552324055312,3587.3876953125,1673362,0.0,0.0
2021-09-28 00:00:00+05:30,3599.5892960436836,3599.5892960436836,3507.2621679958097,3533.347412109375,2253075,0.0,0.0
2021-09-29 00:00:00+05:30,3515.255801722033,3558.4508238740295,3480.0544893793367,3545.267822265625,2489161,0.0,0.0
2021-09-30 00:00:00+05:30,3557.515672352946,3557.515672352946,3506.186562497877,3529.981201171875,2252412,0.0,0.0
2021-10-01 00:00:00+05:30,3535.7784433780207,3562.1910145488882,3482.7195614684015,3487.581298828125,1578374,0.0,0.0
2021-10-04 00:00:00+05:30,3482.5322145970727,3537.5543655866168,3466.310599148666,3527.877685546875,1356860,0.0,0.0
2021-10-05 00:00:00+05:30,3509.8331103036285,3590.2395161337063,3498.239719837293,3583.975341796875,1877966,0.0,0.0
2021-10-06 00:00:00+05:30,3586.4992779372183,3606.5540835654033,3548.1659957694847,3563.03173828125,1678154,0.0,0.0
2021-10-07 00:00:00+05:30,3580.889950266279,3645.4020668637654,3571.5871617135354,3639.69873046875,1647233,0.0,0.0
2021-10-08 00:00:00+05:30,3669.710512231007,3730.3892011160074,3646.3365599238036,3679.667724609375,2934339,0.0,0.0
2021-10-11 00:00:00+05:30,3510.7678399980714,3513.1052353642485,3421.94681608334,3445.8818359375,11845402,0.0,0.0
2021-10-12 00:00:00+05:30,3464.9546494690508,3465.889607550397,3394.4589014400467,3415.26171875,5752877,0.0,0.0
2021-10-13 00:00:00+05:30,3412.59749144035,3436.3921324064927,3407.9227003561855,3417.459228515625,3545655,0.0,0.0
2021-10-14 00:00:00+05:30,3395.7267294728226,3437.8805785283475,3379.98924675224,3383.03369140625,6442299,7.0,0.0
2021-10-18 00:00:00+05:30,3375.5393206257972,3421.6743617096217,3373.6658164193473,3416.475341796875,3590107,0.0,0.0
2021-10-19 00:00:00+05:30,3436.9435101109952,3456.709071218206,3395.913721732045,3404.297607421875,3135441,0.0,0.0
2021-10-20 00:00:00+05:30,3383.5483336659486,3400.4098702124566,3351.979835982609,3380.59765625,2933693,0.0,0.0
2021-10-21 00:00:00+05:30,3376.148448387377,3379.286430808136,3289.170921503865,3309.076904296875,4871211,0.0,0.0
2021-10-22 00:00:00+05:30,3334.8372267953546,3336.336121523043,3264.5808245454523,3277.554931640625,2691670,0.0,0.0
2021-10-25 00:00:00+05:30,3281.442480154815,3292.2620122337394,3231.7946207633777,3272.028076171875,2595594,0.0,0.0
2021-10-26 00:00:00+05:30,3273.480266503467,3305.798214477246,3255.2136002574184,3262.3330078125,3878763,0.0,0.0
2021-10-27 00:00:00+05:30,3262.7076848102033,3289.17093261264,3262.7076848102033,3269.03076171875,2510813,0.0,0.0
2021-10-28 00:00:00+05:30,3295.494202030128,3295.494202030128,3199.0087265300986,3205.238037109375,2424942,0.0,0.0
2021-10-29 00:00:00+05:30,3185.003940748349,3242.09893402286,3171.7956450011816,3182.849365234375,3960501,0.0,0.0
2021-11-01 00:00:00+05:30,3220.5068299117797,3266.4545660632725,3197.0880274593615,3256.52490234375,2020718,0.0,0.0
2021-11-02 00:00:00+05:30,3273.012003896216,3291.3724374698977,3250.295764315654,3263.831787109375,3087414,0.0,0.0
2021-11-03 00:00:00+05:30,3282.5662106246973,3297.2731708277015,3246.829214415235,3271.3720703125,1537639,0.0,0.0
2021-11-04 00:00:00+05:30,3290.763676001823,3291.044747408574,3283.3165415689323,3286.735595703125,328991,0.0,0.0
2021-11-08 00:00:00+05:30,3323.596282329509,3323.596282329509,3261.021199481542,3281.208251953125,2526082,0.0,0.0
2021-11-09 00:00:00+05:30,3286.1267437857723,3311.419053387316,3274.885717296197,3283.97216796875,1782692,0.0,0.0
2021-11-10 00:00:00+05:30,3276.7589957267155,3297.086471486942,3260.0847618439448,3263.925537109375,1516489,0.0,0.0
2021-11-11 00:00:00+05:30,3259.8972918391783,3288.046738044477,3218.6801996435106,3267.57861328125,1284514,0.0,0.0
2021-11-12 00:00:00+05:30,3284.2529860584946,3310.622467185053,3265.23687197381,3303.034912109375,1747259,0.0,0.0
2021-11-15 00:00:00+05:30,3304.8616478533486,3343.830629511822,3304.8616478533486,3328.5615234375,1809157,0.0,0.0
2021-11-16 00:00:00+05:30,3343.2685008746475,3349.4042733392766,3317.976192238162,3331.46533203125,2013204,0.0,0.0
2021-11-17 00:00:00+05:30,3326.0321857375734,3337.507399266177,3284.6275588627236,3299.147216796875,1632914,0.0,0.0
2021-11-18 00:00:00+05:30,3292.824458059162,3298.164128645671,3233.2940377375826,3255.86962890625,2136598,0.0,0.0
2021-11-22 00:00:00+05:30,3258.398617393041,3293.573706692625,3222.708497365571,3239.66357421875,3167936,0.0,0.0
2021-11-23 00:00:00+05:30,3227.110833465825,3260.7870241448745,3192.263702716578,3245.143310546875,2153461,0.0,0.0
2021-11-24 00:00:00+05:30,3252.5903527334126,3272.121724038046,3207.438950628545,3225.518310546875,2161746,0.0,0.0
2021-11-25 00:00:00+05:30,3226.080597286089,3243.9726546055144,3216.853725944317,3227.9541015625,1849619,0.0,0.0
2021-11-26 00:00:00+05:30,3208.375869740106,3269.2647548592613,3196.1043260287042,3228.843994140625,1941251,0.0,0.0
2021-11-29 00:00:00+05:30,3229.1249151292495,3306.1261208301135,3190.9991503389547,3280.505859375,2981745,0.0,0.0
2021-11-30 00:00:00+05:30,3270.2017180709936,3338.350436200373,3270.2017180709936,3305.938720703125,5588446,0.0,0.0
2021-12-01 00:00:00+05:30,3311.419165455051,3362.940538609231,3311.419165455051,3351.51220703125,2102118,0.0,0.0
2021-12-02 00:00:00+05:30,3362.190598491445,3417.271667824518,3348.045778971915,3412.494140625,3152938,0.0,0.0
2021-12-03 00:00:00+05:30,3415.8199760282273,3434.086643725433,3401.206779090021,3410.199462890625,2486263,0.0,0.0
2021-12-06 00:00:00+05:30,3410.1995832580656,3426.639630505677,3299.241328223344,3312.73046875,1849642,0.0,0.0
2021-12-07 00:00:00+05:30,3337.1792959691356,3370.4339949184423,3301.3954121353636,3357.787841796875,1484458,0.0,0.0
2021-12-08 00:00:00+05:30,3373.244557977493,3415.8198982859826,3373.244557977493,3397.50634765625,1428660,0.0,0.0
2021-12-09 00:00:00+05:30,3381.675226642214,3404.8598421157303,3340.4581324670735,3373.947021484375,1567957,0.0,0.0
2021-12-10 00:00:00+05:30,3358.2569475319865,3411.651827869315,3348.9831913741664,3406.78076171875,1510718,0.0,0.0
2021-12-13 00:00:00+05:30,3419.145700888853,3430.386727850679,3373.900521627646,3381.34765625,1883864,0.0,0.0
2021-12-14 00:00:00+05:30,3376.991066884007,3405.0936277734713,3350.4809387051,3394.60205078125,1747007,0.0,0.0
2021-12-15 00:00:00+05:30,3391.042609370771,3393.8528656768794,3333.1044003801394,3344.532958984375,1603233,0.0,0.0
2021-12-16 00:00:00+05:30,3355.4458984089824,3380.222944800045,3344.2048736236925,3355.0712890625,2072320,0.0,0.0
2021-12-17 00:00:00+05:30,3374.649174593764,3420.4096025561485,3347.6706704976946,3357.647216796875,4333992,0.0,0.0
2021-12-20 00:00:00+05:30,3362.0026898780443,3377.927472750133,3288.1397084298806,3331.932861328125,2312310,0.0,0.0
2021-12-21 00:00:00+05:30,3356.0551766713797,3410.902063701967,3340.8329534267273,3380.0830078125,2340989,0.0,0.0
2021-12-22 00:00:00+05:30,3394.789716096881,3406.780189090053,3378.1623658041876,3401.11279296875,1224328,0.0,0.0
2021-12-23 00:00:00+05:30,3417.2720247314783,3438.3489492261215,3400.410485135764,3431.042236328125,1792861,0.0,0.0
2021-12-24 00:00:00+05:30,3451.931195358661,3470.6662357676632,3414.273809876411,3438.722900390625,2209923,0.0,0.0
2021-12-27 00:00:00+05:30,3438.816777753367,3465.9825872207734,3422.049007527316,3462.329345703125,1534135,0.0,0.0
2021-12-28 00:00:00+05:30,3475.3508901873392,3489.4021741099295,3460.22243264373,3472.119140625,1456218,0.0,0.0
2021-12-29 00:00:00+05:30,3458.722825437303,3484.6708119987934,3451.931372939661,3461.017822265625,1456923,0.0,0.0
2021-12-30 00:00:00+05:30,3448.5121853807354,3503.4526005921493,3447.247478657516,3497.597900390625,1966475,0.0,0.0
2021-12-31 00:00:00+05:30,3506.075972006099,3522.1880631508748,3495.3033223448665,3501.907470703125,1207141,0.0,0.0
2022-01-03 00:00:00+05:30,3512.82092397866,3587.761103690205,3508.137162746689,3576.285888671875,2346158,0.0,0.0
2022-01-04 00:00:00+05:30,3588.791191066828,3643.1694694712737,3570.6180624526414,3639.0478515625,2488606,0.0,0.0
2022-01-05 00:00:00+05:30,3620.547065781797,3625.2308265395995,3571.273811130006,3616.753173828125,1733031,0.0,0.0
2022-01-06 00:00:00+05:30,3570.8989865225553,3592.4442847098635,3533.428902718541,3566.63671875,1810293,0.0,0.0
2022-01-07 00:00:00+05:30,3578.3932170024004,3620.453297104742,3556.285774757971,3609.7744140625,2460591,0.0,0.0
2022-01-10 00:00:00+05:30,3726.40039237683,3726.40039237683,3616.8003808363346,3634.458251953125,3937092,0.0,0.0
2022-01-11 00:00:00+05:30,3612.1161784955493,3676.7520748431093,3612.1161784955493,3668.2275390625,1906106,0.0,0.0
2022-01-12 00:00:00+05:30,3676.752435935143,3680.4994447870513,3593.896748437172,3615.769775390625,3203744,0.0,0.0
2022-01-13 00:00:00+05:30,3670.1940395337583,3674.87779915542,3613.052172149491,3651.365234375,6684507,0.0,0.0
2022-01-14 00:00:00+05:30,3632.584317674827,3725.4631993444877,3615.910084117946,3717.1728515625,3348123,0.0,0.0
2022-01-17 00:00:00+05:30,3740.170459837753,3787.289141195247,3711.6932844630605,3764.947509765625,3442604,0.0,0.0
2022-01-18 00:00:00+05:30,3778.8116860226146,3786.071515946426,3728.2739479702605,3738.20361328125,2389041,0.0,0.0
2022-01-19 00:00:00+05:30,3764.8538965522016,3764.8538965522016,3669.6064712032367,3673.500732421875,3102539,7.0,0.0
2022-01-20 00:00:00+05:30,3669.136919787599,3678.5209016796384,3576.2354990564036,3590.82763671875,6176776,0.0,0.0
2022-01-21 00:00:00+05:30,3572.4820563168446,3614.2877432216296,3538.793651550211,3597.349609375,3112358,0.0,0.0
2022-01-24 00:00:00+05:30,3603.4490197411224,3612.504470559139,3509.703132977367,3539.028076171875,3258414,0.0,0.0
2022-01-25 00:00:00+05:30,3537.292212808203,3574.734211442599,3492.9059296446076,3537.66748046875,3330501,0.0,0.0
2022-01-27 00:00:00+05:30,3501.1632623569913,3503.4153261251986,3401.7869965909417,3424.44921875,5718297,0.0,0.0
2022-01-28 00:00:00+05:30,3421.3996003161215,3500.0374098517823,3421.3996003161215,3462.736083984375,3143862,0.0,0.0
2022-01-31 00:00:00+05:30,3518.054174355449,3526.4997565291483,3492.1542973823393,3506.089599609375,2739393,0.0,0.0
2022-02-01 00:00:00+05:30,3537.7613788297667,3573.420512091181,3506.2311062002736,3566.523193359375,2105169,0.0,0.0
2022-02-02 00:00:00+05:30,3592.094407946286,3625.970674887836,3566.5230567840986,3618.651123046875,1984212,0.0,0.0
2022-02-03 00:00:00+05:30,3613.7714232658873,3643.3309661983403,3580.974452403914,3588.997802734375,1960538,0.0,0.0
2022-02-04 00:00:00+05:30,3580.2702720866,3589.091122476121,3536.8223947783895,3579.894775390625,2307366,0.0,0.0
2022-02-07 00:00:00+05:30,3557.4673205595477,3595.754010188482,3524.764053999163,3546.20654296875,1919149,0.0,0.0
2022-02-08 00:00:00+05:30,3557.983971816357,3565.6318260019807,3491.7799286918535,3512.846923828125,2946443,0.0,0.0
2022-02-09 00:00:00+05:30,3518.9931639587144,3545.2213471871964,3515.3335027086446,3528.893310546875,1638721,0.0,0.0
2022-02-10 00:00:00+05:30,3556.341888829202,3556.341888829202,3526.500777357043,3538.090087890625,2112459,0.0,0.0
2022-02-11 00:00:00+05:30,3521.3393362786983,3521.3393362786983,3462.689447266728,3467.33447265625,3851488,0.0,0.0
2022-02-14 00:00:00+05:30,3494.594515033897,3559.5785832847287,3481.456941669108,3503.743896484375,5951745,0.0,0.0
2022-02-15 00:00:00+05:30,3552.7753484861496,3598.7568572225,3517.1162192620413,3582.616455078125,3931683,0.0,0.0
2022-02-16 00:00:00+05:30,3607.2024656979584,3616.6803785932275,3571.543336224357,3578.2060546875,3256906,0.0,0.0
2022-02-17 00:00:00+05:30,3589.3726246498163,3598.756605367855,3546.206313346838,3551.0859375,3134372,0.0,0.0
2022-02-18 00:00:00+05:30,3536.8229404804974,3580.8806917034017,3526.125292263832,3560.18896484375,3688883,0.0,0.0
2022-02-21 00:00:00+05:30,3575.2972924505975,3592.0008269337163,3477.281642156266,3490.2783203125,7465922,0.0,0.0
2022-02-22 00:00:00+05:30,3425.153159716469,3441.950394530527,3350.0813096404913,3365.470947265625,5408531,0.0,0.0
2022-02-23 00:00:00+05:30,3388.5562700700298,3399.7231182284722,3336.6158323901423,3344.263916015625,2426203,0.0,0.0
2022-02-24 00:00:00+05:30,3259.995250179464,3269.2385638159576,3182.2021333455646,3192.10205078125,5039136,0.0,0.0
2022-02-25 00:00:00+05:30,3254.3647327451536,3312.5454171252572,3248.734343934176,3303.865234375,2549723,0.0,0.0
2022-02-28 00:00:00+05:30,3275.009283896974,3344.2161419735935,3243.0098178780595,3335.25439453125,3288942,0.0,0.0
2022-03-02 00:00:00+05:30,3333.6593592233544,3351.911157044764,3290.023846146961,3327.700439453125,2761341,0.0,0.0
2022-03-03 00:00:00+05:30,3343.3719789576,3358.15174999069,3312.6394391903805,3326.058349609375,1928039,0.0,0.0
2022-03-04 00:00:00+05:30,3285.8014052693393,3341.8237338299728,3272.2415966539975,3307.243896484375,2370257,0.0,0.0
2022-03-07 00:00:00+05:30,3237.473870598249,3329.4368964877067,3220.1604691974494,3270.223876953125,3054130,0.0,0.0
2022-03-08 00:00:00+05:30,3246.857507716816,3386.678828135835,3246.857507716816,3378.186279296875,3300992,0.0,0.0
2022-03-09 00:00:00+05:30,3382.925557139429,3428.9070695665673,3375.4653371679046,3408.825439453125,2719654,0.0,0.0
2022-03-10 00:00:00+05:30,3457.058872955513,3457.058872955513,3392.309398950646,3397.892822265625,2005441,0.0,0.0
2022-03-11 00:00:00+05:30,3381.2838041148498,3415.6292748521287,3371.524553061135,3377.436279296875,1623423,0.0,0.0
2022-03-14 00:00:00+05:30,3359.4656289137556,3423.605238916289,3359.4656289137556,3418.584716796875,1765688,0.0,0.0
2022-03-15 00:00:00+05:30,3433.5985960911685,3433.5985960911685,3364.532405332854,3372.5087890625,3651133,0.0,0.0
2022-03-16 00:00:00+05:30,3416.238943652858,3442.0448963929907,3393.482785327468,3430.690185546875,3090475,0.0,0.0
2022-03-17 00:00:00+05:30,3468.8823501501097,3481.456792477112,3434.818454850938,3446.50146484375,3600452,0.0,0.0
2022-03-21 00:00:00+05:30,3468.320110390043,3485.164314023683,3392.309848230521,3403.2890625,2413831,0.0,0.0
2022-03-22 00:00:00+05:30,3415.769277986391,3482.3955468701915,3401.6933056869966,3472.964599609375,2907611,0.0,0.0
2022-03-23 00:00:00+05:30,3479.580124411498,3500.037248633058,3462.6889587590153,3483.708984375,1596195,0.0,0.0
2022-03-24 00:00:00+05:30,3472.0730568266204,3526.687781792159,3467.3810662092874,3518.852294921875,1879046,0.0,0.0
2022-03-25 00:00:00+05:30,3528.2833942013413,3546.676091050043,3445.798281872141,3479.064453125,1690133,0.0,0.0
2022-03-28 00:00:00+05:30,3467.3809739536578,3484.272139726639,3435.6630724041734,3479.298583984375,1760990,0.0,0.0
2022-03-29 00:00:00+05:30,3467.146394317787,3492.7177426485696,3463.6274014282294,3477.093505859375,2689063,0.0,0.0
2022-03-30 00:00:00+05:30,3507.7327989158116,3507.7327989158116,3477.891687551034,3501.68017578125,1583455,0.0,0.0
2022-03-31 00:00:00+05:30,3509.6092215889785,3523.3566633967334,3491.02889165446,3509.562255859375,2168110,0.0,0.0
2022-04-01 00:00:00+05:30,3517.116808176754,3531.1927825958182,3498.3958080196285,3527.20458984375,1387014,0.0,0.0
2022-04-04 00:00:00+05:30,3530.2543705208077,3547.1455397577492,3506.8883447168296,3538.090087890625,1472994,0.0,0.0
2022-04-05 00:00:00+05:30,3539.6380247290617,3599.3202421311144,3539.6380247290617,3579.801513671875,2314947,0.0,0.0
2022-04-06 00:00:00+05:30,3574.6397122102385,3574.6397122102385,3501.303767664722,3524.01318359375,2051729,0.0,0.0
2022-04-07 00:00:00+05:30,3514.770032997404,3514.770032997404,3452.3665602449473,3457.19921875,2494829,0.0,0.0
2022-04-08 00:00:00+05:30,3462.6893014781913,3476.765274248428,3418.1153877057754,3458.607177734375,2296773,0.0,0.0
2022-04-11 00:00:00+05:30,3462.6891677092376,3483.6624579671075,3430.8775621178816,3468.69482421875,2291660,0.0,0.0
2022-04-12 00:00:00+05:30,3456.1203190396877,3508.6706144147142,3423.6049154168327,3463.721435546875,4483476,0.0,0.0
2022-04-13 00:00:00+05:30,3478.6418244074225,3481.3163506849187,3430.361287042922,3436.366943359375,1621672,0.0,0.0
2022-04-18 00:00:00+05:30,3387.617257286453,3387.617257286453,3305.5074207178754,3310.715576171875,3820792,0.0,0.0
2022-04-19 00:00:00+05:30,3331.313400514257,3344.0287411448926,3227.2918749450796,3258.0244140625,3170014,0.0,0.0
2022-04-20 00:00:00+05:30,3284.3930389446436,3349.283169773648,3265.625078722103,3337.694091796875,2640370,0.0,0.0
2022-04-21 00:00:00+05:30,3359.465670004945,3419.523156843022,3347.6417606432465,3405.11865234375,2280996,0.0,0.0
2022-04-22 00:00:00+05:30,3360.4974361435984,3394.185835376821,3351.4887229881992,3390.010009765625,1581465,0.0,0.0
2022-04-25 00:00:00+05:30,3338.820860076567,3363.2192137477277,3315.4548360857907,3329.62451171875,1960694,0.0,0.0
2022-04-26 00:00:00+05:30,3354.914203101713,3366.8787800447676,3301.425506179821,3327.841552734375,1943469,0.0,0.0
2022-04-27 00:00:00+05:30,3327.5603662932094,3348.627362273116,3290.3059996650913,3341.823974609375,1727648,0.0,0.0
2022-04-28 00:00:00+05:30,3366.972759960584,3382.362398884057,3320.0998154352037,3363.500732421875,1703660,0.0,0.0
2022-04-29 00:00:00+05:30,3375.418271400096,3400.0512237560183,3318.973712213545,3328.216796875,2051115,0.0,0.0
2022-05-02 00:00:00+05:30,3303.068166631436,3329.3902854209346,3277.5907437936216,3324.18212890625,1324161,0.0,0.0
2022-05-04 00:00:00+05:30,3320.522503665179,3327.0443262639033,3251.8317914613062,3265.3916015625,2305825,0.0,0.0
2022-05-05 00:00:00+05:30,3295.7482832458827,3315.360713231972,3270.6461323602457,3296.968017578125,1612262,0.0,0.0
2022-05-06 00:00:00+05:30,3245.919126766634,3260.4642977596613,3213.54439133054,3221.1455078125,2010812,0.0,0.0
2022-05-09 00:00:00+05:30,3188.677326337437,3243.1044260806893,3140.6783463939732,3232.8759765625,2481830,0.0,0.0
2022-05-10 00:00:00+05:30,3222.459356682797,3251.3620665058834,3211.1985784998637,3226.916748046875,1622685,0.0,0.0
2022-05-11 00:00:00+05:30,3223.397856127615,3236.0192662505965,3173.8034190151575,3201.814697265625,1841769,0.0,0.0
2022-05-12 00:00:00+05:30,3169.9088436114753,3237.1919428732385,3143.727627751395,3198.670654296875,2807195,0.0,0.0
2022-05-13 00:00:00+05:30,3223.397783938865,3227.9958434312553,3173.8033479370865,3204.535888671875,2187823,0.0,0.0
2022-05-16 00:00:00+05:30,3204.6297229494135,3218.705695378181,3159.211343553036,3168.782958984375,1195813,0.0,0.0
2022-05-17 00:00:00+05:30,3162.4019564918162,3253.4265825392067,3144.0092600005532,3238.975341796875,1754076,0.0,0.0
2022-05-18 00:00:00+05:30,3251.549415504501,3279.7013584958822,3230.951623036027,3236.347412109375,1866781,0.0,0.0
2022-05-19 00:00:00+05:30,3187.738529012951,3195.2457142446565,3031.0260373010983,3061.0078125,4642963,0.0,0.0
2022-05-20 00:00:00+05:30,3106.097787624791,3109.7574486646326,3068.6088284251905,3090.14501953125,3065125,0.0,0.0
2022-05-23 00:00:00+05:30,3101.2184636699094,3133.217705308929,3065.746965357939,3117.124267578125,2293690,0.0,0.0
2022-05-24 00:00:00+05:30,3110.930543196462,3120.0331885553624,3073.8170795510287,3085.453125,1711510,0.0,0.0
2022-05-25 00:00:00+05:30,3110.818827755469,3110.818827755469,2979.691751702041,2992.539794921875,3548046,22.0,0.0
2022-05-26 00:00:00+05:30,3014.5993977569433,3062.307724170834,3004.7271268358136,3048.56201171875,2813186,0.0,0.0
2022-05-27 00:00:00+05:30,3073.3601341936865,3097.639368968024,3050.686875762683,3081.012451171875,3103153,0.0,0.0
2022-05-30 00:00:00+05:30,3114.7395331103944,3199.3864746755976,3104.678364819875,3188.663818359375,2094624,0.0,0.0
2022-05-31 00:00:00+05:30,3168.729890345063,3196.3629276245915,3141.1914172455936,3178.3662109375,4840965,0.0,0.0
2022-06-01 00:00:00+05:30,3200.708760793483,3200.708760793483,3155.4095197086426,3169.721923828125,1493835,0.0,0.0
2022-06-02 00:00:00+05:30,3169.5330181116256,3242.276398855171,3161.3140069357037,3233.77392578125,2657939,0.0,0.0
2022-06-03 00:00:00+05:30,3268.1619211163193,3285.0725353193793,3241.5208824394026,3249.97607421875,1913622,0.0,0.0
2022-06-06 00:00:00+05:30,3229.050112604479,3262.1152834474155,3190.4582423772063,3241.2841796875,1084210,0.0,0.0
2022-06-07 00:00:00+05:30,3213.03744851019,3229.8534972742423,3170.477800206322,3176.807373046875,2308256,0.0,0.0
2022-06-08 00:00:00+05:30,3193.2925591748635,3225.2241147392365,3161.502849879205,3215.9658203125,2185707,0.0,0.0
2022-06-09 00:00:00+05:30,3197.874929064509,3247.0003341786464,3167.738474723391,3237.647705078125,1279197,0.0,0.0
2022-06-10 00:00:00+05:30,3195.04074276185,3205.4326552900525,3166.6991631394803,3174.162353515625,1527582,0.0,0.0
2022-06-13 00:00:00+05:30,3108.1265559262943,3110.9607138800266,3015.96914033523,3041.618408203125,3030921,0.0,0.0
2022-06-14 00:00:00+05:30,3013.654575715607,3059.8512573614653,2999.200324254932,3033.068603515625,2611493,0.0,0.0
2022-06-15 00:00:00+05:30,3040.5787507885666,3055.2218984154806,3024.0461647581797,3029.05322265625,1404536,0.0,0.0
2022-06-16 00:00:00+05:30,3060.8900953811267,3065.4720755902767,2959.8524267874577,2968.3076171875,2032028,0.0,0.0
2022-06-17 00:00:00+05:30,2921.071543820197,2946.342780494579,2856.68902750375,2918.142822265625,5240434,0.0,0.0
2022-06-20 00:00:00+05:30,2922.961495530024,2965.237683934991,2899.34351318088,2940.34423828125,1502769,0.0,0.0
2022-06-21 00:00:00+05:30,2956.9709368556005,3058.7644251770676,2952.625136511758,3034.390625,2964461,0.0,0.0
2022-06-22 00:00:00+05:30,3023.0071334397944,3070.857303384138,3007.0414698569516,3044.782958984375,3336315,0.0,0.0
2022-06-23 00:00:00+05:30,3044.7827265915466,3134.5783334790594,3044.7827265915466,3125.886962890625,3692578,0.0,0.0
2022-06-24 00:00:00+05:30,3154.417946333398,3160.086262499316,3096.3177056327377,3111.055419921875,2132118,0.0,0.0
2022-06-27 00:00:00+05:30,3164.809820806656,3176.9966081573866,3123.714529103644,3131.461181640625,2037686,0.0,0.0
2022-06-28 00:00:00+05:30,3124.186687034835,3145.915230670094,3091.6884357685385,3134.72021484375,1400046,0.0,0.0
2022-06-29 00:00:00+05:30,3090.1768504828055,3148.7494474653595,3090.1768504828055,3108.598876953125,2133994,0.0,0.0
2022-06-30 00:00:00+05:30,3091.12146382443,3127.8709513169238,3075.0612361700855,3086.492431640625,2719603,0.0,0.0
2022-07-01 00:00:00+05:30,3079.7849845161336,3148.7494949056054,3072.274512047797,3131.839111328125,1502879,0.0,0.0
2022-07-04 00:00:00+05:30,3128.9102128065815,3134.5312463172636,3046.7669186566077,3056.214111328125,2622535,0.0,0.0
2022-07-05 00:00:00+05:30,3075.061076145261,3091.121302963838,3029.6672712732957,3038.50048828125,2170627,0.0,0.0
2022-07-06 00:00:00+05:30,3040.5790184165476,3087.814982661018,3025.227330037095,3080.493408203125,2182144,0.0,0.0
2022-07-07 00:00:00+05:30,3090.1768464384954,3135.9011685395476,3084.5558127030117,3106.095458984375,1989921,0.0,0.0
2022-07-08 00:00:00+05:30,3117.574185159297,3122.2977824095383,3070.3382126568836,3084.93408203125,2136916,0.0,0.0
2022-07-11 00:00:00+05:30,3028.911429469548,3046.7194789920904,2934.297892015328,2941.666748046875,6974600,0.0,0.0
2022-07-12 00:00:00+05:30,2942.7060134344842,2962.8285803669914,2909.9715824130735,2914.175537109375,3734815,0.0,0.0
2022-07-13 00:00:00+05:30,2932.4085561497327,2938.076871657754,2867.2229278074865,2870.765625,3863530,0.0,0.0
2022-07-14 00:00:00+05:30,2894.6827753751563,2895.6299883252136,2810.380822820055,2840.454833984375,4764908,8.0,0.0
2022-07-15 00:00:00+05:30,2859.2093830557587,2869.0128972617317,2797.1195347387165,2836.523681640625,4574806,0.0,0.0
2022-07-18 00:00:00+05:30,2863.425222679202,2914.527323555106,2855.184514898314,2901.787353515625,3202795,0.0,0.0
2022-07-19 00:00:00+05:30,2870.1029558938685,2916.421581658482,2870.1029558938685,2911.9697265625,1865074,0.0,0.0
2022-07-20 00:00:00+05:30,2943.748605139801,3004.512226536704,2934.5132783976783,2997.73974609375,3402251,0.0,0.0
2022-07-21 00:00:00+05:30,2999.8234940838947,3015.92611467102,2978.085002541909,3009.579833984375,2420640,0.0,0.0
2022-07-22 00:00:00+05:30,3016.873531383658,3028.2400878598282,2977.5641902369002,3003.612548828125,2075886,0.0,0.0
2022-07-25 00:00:00+05:30,2997.9290472259368,3018.246719162664,2982.86845351839,2999.586669921875,1797504,0.0,0.0
2022-07-26 00:00:00+05:30,2997.6446911902576,3001.622939216257,2933.044816091797,2951.420654296875,2639367,0.0,0.0
2022-07-27 00:00:00+05:30,2950.568491210448,3025.493131915488,2945.8324262165306,3020.520263671875,1389808,0.0,0.0
2022-07-28 00:00:00+05:30,3046.2372024037722,3091.703429305321,3032.6446024850547,3088.38818359375,2106333,0.0,0.0
2022-07-29 00:00:00+05:30,3116.330310245448,3142.1892675810914,3102.1221173415934,3127.60205078125,2430257,0.0,0.0
2022-08-01 00:00:00+05:30,3151.377866078641,3151.377866078641,3098.3339344584415,3124.66650390625,1306913,0.0,0.0
2022-08-02 00:00:00+05:30,3116.330614965439,3138.021699085058,3098.9491647788805,3118.03564453125,1269114,0.0,0.0
2022-08-03 00:00:00+05:30,3106.8590802328195,3172.2167864938147,3104.06484773752,3163.21826171875,2895824,0.0,0.0
2022-08-04 00:00:00+05:30,3173.163149133579,3209.062424797146,3132.764612288405,3177.851806640625,2150567,0.0,0.0
2022-08-05 00:00:00+05:30,3183.772082997597,3198.7380936782306,3177.899409028861,3187.4189453125,1106933,0.0,0.0
2022-08-08 00:00:00+05:30,3187.371637608473,3200.537805363598,3159.902461533987,3196.32275390625,1068836,0.0,0.0
2022-08-10 00:00:00+05:30,3206.315762389832,3206.315762389832,3158.9551159734388,3177.18896484375,1878359,0.0,0.0
2022-08-11 00:00:00+05:30,3220.5243762554783,3247.709344592645,3196.8914568627115,3241.836669921875,1449248,0.0,0.0
2022-08-12 00:00:00+05:30,3238.521252266871,3238.521252266871,3202.7639614587183,3221.992431640625,1472354,0.0,0.0
2022-08-16 00:00:00+05:30,3230.9439093976116,3234.590772362445,3208.6844013733244,3213.60986328125,839942,0.0,0.0
2022-08-17 00:00:00+05:30,3206.4105114216095,3237.5263167368166,3193.1495306928614,3221.56591796875,1622326,0.0,0.0
2022-08-18 00:00:00+05:30,3211.0517848890945,3212.9462107208874,3184.5298232439927,3202.763671875,1430659,0.0,0.0
2022-08-19 00:00:00+05:30,3208.21038341994,3240.8892314352897,3193.2917788911936,3207.0263671875,1398410,0.0,0.0
2022-08-22 00:00:00+05:30,3187.371718187976,3205.463578837058,3170.7006770269427,3177.473388671875,1536532,0.0,0.0
2022-08-23 00:00:00+05:30,3144.6994133524454,3165.490690205563,3097.386175364706,3111.215576171875,1849256,0.0,0.0
2022-08-24 00:00:00+05:30,3118.2250277000435,3133.380434882061,3078.6314801863914,3083.509765625,1691923,0.0,0.0
2022-08-25 00:00:00+05:30,3103.0695093753507,3105.105924641231,3045.052718334679,3048.320556640625,1946930,0.0,0.0
2022-08-26 00:00:00+05:30,3063.570743647102,3085.072430331234,3046.994517816339,3052.109375,1457962,0.0,0.0
2022-08-29 00:00:00+05:30,2960.0406342488945,2976.8062581506456,2918.3632621186703,2967.192138671875,2539173,0.0,0.0
2022-08-30 00:00:00+05:30,2988.4573864867516,3056.183124405548,2976.238429769117,3041.643310546875,3431525,0.0,0.0
2022-09-01 00:00:00+05:30,3021.6095281031457,3021.6095281031457,2956.251829846369,2966.386962890625,3546935,0.0,0.0
2022-09-02 00:00:00+05:30,2996.0345075595155,2996.0345075595155,2955.58856156456,2965.1552734375,2052900,0.0,0.0
2022-09-05 00:00:00+05:30,2958.7617437223953,2981.7790654745213,2947.9636082106176,2967.9970703125,2147912,0.0,0.0
2022-09-06 00:00:00+05:30,2969.9860805766716,2975.0537621486023,2942.37491673961,2961.982177734375,1936453,0.0,0.0
2022-09-07 00:00:00+05:30,2938.2548519227003,2994.9928205530096,2938.2548519227003,2983.34228515625,1291534,0.0,0.0
2022-09-08 00:00:00+05:30,3002.664868966731,3015.4522430143807,2993.2875538330463,3002.333251953125,1346113,0.0,0.0
2022-09-09 00:00:00+05:30,3026.345280403026,3062.8129778351126,3001.244138014707,3047.799560546875,1561185,0.0,0.0
2022-09-12 00:00:00+05:30,3068.8746266141275,3097.196427794332,3054.7612485407235,3071.763671875,1785928,0.0,0.0
2022-09-13 00:00:00+05:30,3091.181901310867,3091.181901310867,3054.7616114497932,3058.882080078125,1972678,0.0,0.0
2022-09-14 00:00:00+05:30,2969.5127518961895,2975.5748225885836,2949.4318825678133,2955.683349609375,5090269,0.0,0.0
2022-09-15 00:00:00+05:30,2964.776387217471,2972.11728721777,2936.36000011954,2940.48046875,2138023,0.0,0.0
2022-09-16 00:00:00+05:30,2913.627118297483,2931.008568932937,2841.6389320196517,2849.879638671875,5322221,0.0,0.0
2022-09-19 00:00:00+05:30,2875.7385883323063,2881.42186617486,2830.0829692477564,2868.918701171875,2072220,0.0,0.0
2022-09-20 00:00:00+05:30,2888.999687546901,2917.368671014964,2870.055427300692,2879.811767578125,1544295,0.0,0.0
2022-09-21 00:00:00+05:30,2868.1609896432215,2880.8535514554314,2839.88658883916,2842.775634765625,2253818,0.0,0.0
2022-09-22 00:00:00+05:30,2832.1670229114225,2870.008138053866,2822.0318895148516,2848.6484375,2017983,0.0,0.0
2022-09-23 00:00:00+05:30,2845.4275070475796,2862.9509454232057,2821.7471849183557,2824.63623046875,2652374,0.0,0.0
2022-09-26 00:00:00+05:30,2803.6082076701846,2866.1242593623815,2771.6397721457656,2836.334228515625,2925489,0.0,0.0
2022-09-27 00:00:00+05:30,2850.5428574541243,2865.3194735213265,2818.906034115527,2858.16796875,2227447,0.0,0.0
2022-09-28 00:00:00+05:30,2822.6949123943964,2888.952419540399,2822.6949123943964,2875.4072265625,2739767,0.0,0.0
2022-09-29 00:00:00+05:30,2892.788473284998,2894.5409098188725,2832.1668418867534,2839.08154296875,2493902,0.0,0.0
2022-09-30 00:00:00+05:30,2832.9717162072297,2860.2986688654505,2794.3727915985005,2845.948486328125,2817353,0.0,0.0
2022-10-03 00:00:00+05:30,2836.9025923916,2861.245917301059,2817.0111217938625,2827.383056640625,1763331,0.0,0.0
2022-10-04 00:00:00+05:30,2870.0079071074206,2934.465796301342,2863.4248231823617,2927.977294921875,2145875,0.0,0.0
2022-10-06 00:00:00+05:30,2946.779354310824,2959.0931221044725,2929.208508631564,2938.20703125,1790816,0.0,0.0
2022-10-07 00:00:00+05:30,2933.8972129425747,2941.0961236531,2896.6719300998275,2903.11279296875,1939879,0.0,0.0
2022-10-10 00:00:00+05:30,2851.1111347710557,2961.9350559565087,2846.3750697631303,2953.93115234375,3064063,0.0,0.0
2022-10-11 00:00:00+05:30,2936.3604129746914,2978.9849996146468,2892.173017325878,2907.517822265625,4730645,0.0,0.0
2022-10-12 00:00:00+05:30,2922.0573817646564,2945.7377074986016,2900.413702795739,2937.07080078125,1665247,0.0,0.0
2022-10-13 00:00:00+05:30,2937.070400697279,2945.832120025329,2891.2253888225823,2939.48583984375,2054781,0.0,0.0
2022-10-14 00:00:00+05:30,2978.984738049544,2983.7208028159184,2908.890979507202,2935.554931640625,2245977,0.0,0.0
2022-10-17 00:00:00+05:30,2917.986193691936,2970.929983407204,2916.846642794854,2955.1181640625,1517005,8.0,0.0
2022-10-18 00:00:00+05:30,2991.4429357865974,2996.5237331959806,2971.0726802608597,2986.40966796875,1793722,0.0,0.0
2022-10-19 00:00:00+05:30,2999.9896543375207,2999.9896543375207,2955.355430293879,2964.709716796875,1194289,0.0,0.0
2022-10-20 00:00:00+05:30,2948.707993264308,3000.939535818104,2948.707993264308,2998.37548828125,1587601,0.0,0.0
2022-10-21 00:00:00+05:30,2998.8505897377095,3001.3195783145693,2969.6008769110695,2979.477294921875,1021913,0.0,0.0
2022-10-24 00:00:00+05:30,3010.531275329703,3018.0335315188663,2996.1912498244255,3002.553955078125,260949,0.0,0.0
2022-10-25 00:00:00+05:30,3020.4073242339655,3023.9685653802876,2992.53458412143,3002.93359375,2069643,0.0,0.0
2022-10-27 00:00:00+05:30,3001.604398057786,3014.234981685973,2976.580878766955,2998.470458984375,2438421,0.0,0.0
2022-10-28 00:00:00+05:30,2991.4428257503164,3018.508260840438,2986.6945038046806,3004.02587890625,1355739,0.0,0.0
2022-10-31 00:00:00+05:30,3037.9760389481203,3037.9760389481203,3017.8432025345455,3032.42041015625,1919414,0.0,0.0
2022-11-01 00:00:00+05:30,3052.6960671616284,3098.375015348073,3042.2022296753753,3095.620849609375,2991060,0.0,0.0
2022-11-02 00:00:00+05:30,3105.402402755896,3105.402402755896,3059.8660438625725,3078.52685546875,1405955,0.0,0.0
2022-11-03 00:00:00+05:30,3065.564078847143,3065.564078847143,3034.177625428174,3045.336181640625,1422652,0.0,0.0
2022-11-04 00:00:00+05:30,3055.0706663975407,3057.9671894643375,3006.780134307687,3055.450439453125,1464013,0.0,0.0
2022-11-07 00:00:00+05:30,3066.466311243251,3079.571726178202,3034.272781205609,3070.9296875,1474498,0.0,0.0
2022-11-09 00:00:00+05:30,3086.2196328089294,3086.2196328089294,3040.493149588434,3054.16845703125,1162267,0.0,0.0
2022-11-10 00:00:00+05:30,3010.4360617568072,3062.6676022604743,3010.4360617568072,3044.29150390625,1573092,0.0,0.0
2022-11-11 00:00:00+05:30,3105.0227459310927,3173.3985812105493,3091.2050828480383,3149.03955078125,3265394,0.0,0.0
2022-11-14 00:00:00+05:30,3156.6845719227817,3180.4261827224414,3142.439605442986,3167.605712890625,1342074,0.0,0.0
2022-11-15 00:00:00+05:30,3153.835363101112,3171.83145648711,3126.295096455544,3164.8515625,1400708,0.0,0.0
2022-11-16 00:00:00+05:30,3170.8348639669002,3198.3751358362347,3154.263263988278,3186.45703125,1748235,0.0,0.0
2022-11-17 00:00:00+05:30,3171.879045925556,3190.872333625709,3150.749013359136,3180.426025390625,1417986,0.0,0.0
2022-11-18 00:00:00+05:30,3181.375866014846,3193.484087594455,3153.8355973239713,3175.155517578125,1164540,0.0,0.0
2022-11-21 00:00:00+05:30,3155.259810125735,3165.896004499847,3108.2514246927108,3118.222900390625,1304194,0.0,0.0
2022-11-22 00:00:00+05:30,3114.8988789614996,3151.8882567788405,3091.394687725433,3148.089599609375,1149739,0.0,0.0
2022-11-23 00:00:00+05:30,3162.3825742500608,3162.3825742500608,3125.345661218303,3141.77490234375,1150011,0.0,0.0
2022-11-24 00:00:00+05:30,3149.3243541719544,3222.163562370789,3141.7745690712945,3210.0078125,1296591,0.0,0.0
2022-11-25 00:00:00+05:30,3212.7143660842553,3232.0401275656186,3179.476115178861,3219.029541015625,1588981,0.0,0.0
2022-11-28 00:00:00+05:30,3196.5699759774684,3245.0028544013694,3196.142673420525,3224.34765625,2195437,0.0,0.0
2022-11-29 00:00:00+05:30,3212.7147520478175,3256.399315628722,3212.7147520478175,3226.342529296875,1576028,0.0,0.0
2022-11-30 00:00:00+05:30,3212.7146416764053,3243.0088430739265,3205.1173265320335,3220.1220703125,3410702,0.0,0.0
2022-12-01 00:00:00+05:30,3252.6002787810453,3304.8318161045368,3247.8519572061823,3300.70068359375,2180856,0.0,0.0
2022-12-02 00:00:00+05:30,3284.03490198493,3294.291093109186,3241.204940270856,3266.03857421875,2411749,0.0,0.0
2022-12-05 00:00:00+05:30,3260.1982771976395,3266.038621219203,3235.5069998288254,3253.45556640625,1475065,0.0,0.0
2022-12-06 00:00:00+05:30,3228.906553790359,3236.408809958861,3198.469762794855,3214.946533203125,1166999,0.0,0.0
2022-12-07 00:00:00+05:30,3198.7546284447226,3222.8760113400444,3185.1743812242103,3210.435546875,1167505,0.0,0.0
2022-12-08 00:00:00+05:30,3190.872475827306,3210.4356557709616,3171.3568254753504,3181.898193359375,1285619,0.0,0.0
2022-12-09 00:00:00+05:30,3204.262362542977,3204.262362542977,3111.4326785166654,3127.007080078125,1797896,0.0,0.0
2022-12-12 00:00:00+05:30,3091.6323482600005,3130.0937551420557,3073.2089522719734,3121.0244140625,1527610,0.0,0.0
2022-12-13 00:00:00+05:30,3112.239996471692,3168.507609842371,3103.3132442218985,3164.376708984375,1378016,0.0,0.0
2022-12-14 00:00:00+05:30,3180.2361330864437,3207.016622324508,3172.7336453475664,3195.953125,1213311,0.0,0.0
2022-12-15 00:00:00+05:30,3189.73277075684,3195.3832274560873,3132.89526478689,3138.73583984375,1415694,0.0,0.0
2022-12-16 00:00:00+05:30,3110.150985182109,3126.295280372367,3062.8576505485485,3077.150146484375,2703680,0.0,0.0
2022-12-19 00:00:00+05:30,3064.567128129966,3082.1359201567416,3033.703034028874,3040.873046875,2120965,0.0,0.0
2022-12-20 00:00:00+05:30,3037.88163104216,3085.4599145238744,3004.4059579159775,3080.6640625,1529971,0.0,0.0
2022-12-21 00:00:00+05:30,3085.4598919732557,3117.796013850421,3076.91291166308,3104.02587890625,1432566,0.0,0.0
2022-12-22 00:00:00+05:30,3128.1943833350147,3128.1943833350147,3081.755889146384,3095.620849609375,1384101,0.0,0.0
2022-12-23 00:00:00+05:30,3055.070337544529,3102.4112000478885,3055.070337544529,3065.84912109375,1360281,0.0,0.0
2022-12-26 00:00:00+05:30,3065.8492538144924,3107.302013422819,3062.7153148267093,3089.163330078125,870157,0.0,0.0
2022-12-27 00:00:00+05:30,3104.6430956412355,3109.0116450236715,3068.840790838858,3095.431396484375,835883,0.0,0.0
2022-12-28 00:00:00+05:30,3086.219259324721,3101.6988346418034,3063.6172013634273,3093.15185546875,910795,0.0,0.0
2022-12-29 00:00:00+05:30,3068.4605621329865,3106.826908983628,3065.516509918738,3104.21533203125,1037927,0.0,0.0
2022-12-30 00:00:00+05:30,3120.6447152444366,3132.942822725057,3082.800496560884,3092.77197265625,1163131,0.0,0.0
2023-01-02 00:00:00+05:30,3096.855900475032,3102.411530479666,3072.35451027389,3097.283203125,709547,0.0,0.0
2023-01-03 00:00:00+05:30,3088.308710349775,3152.885891254998,3081.9460050720936,3144.67138671875,1245178,0.0,0.0
2023-01-04 00:00:00+05:30,3140.2551462206216,3159.8658546989604,3120.7870265096967,3147.804931640625,1231668,0.0,0.0
2023-01-05 00:00:00+05:30,3162.572288532995,3169.3149984071074,3116.7509819570882,3144.433837890625,1826057,0.0,0.0
2023-01-06 00:00:00+05:30,3133.8925458943395,3135.3645720968343,3038.9261051096623,3049.894775390625,2488376,0.0,0.0
2023-01-09 00:00:00+05:30,3066.466207891082,3159.533314850923,3059.011249950068,3152.838134765625,2885060,0.0,0.0
2023-01-10 00:00:00+05:30,3119.6476133366277,3131.993250771445,3067.51112952564,3120.97705078125,3864655,0.0,0.0
2023-01-11 00:00:00+05:30,3124.491282554934,3180.9012614458106,3106.4949546928124,3161.148193359375,2720512,0.0,0.0
2023-01-12 00:00:00+05:30,3161.4323869569666,3181.37533682963,3148.659448765992,3166.51318359375,2250391,0.0,0.0
2023-01-13 00:00:00+05:30,3174.632925029286,3208.915901476159,3138.6407382002676,3204.68994140625,1742837,0.0,0.0
2023-01-16 00:00:00+05:30,3213.8461495595907,3248.7266021927367,3195.485514163729,3230.365966796875,1843607,67.0,0.0
2023-01-17 00:00:00+05:30,3226.4419328445606,3276.631076887341,3217.7218195125483,3273.336669921875,1688475,0.0,0.0
2023-01-18 00:00:00+05:30,3274.8866697778394,3302.9363174652635,3267.3776840705086,3284.57568359375,2421189,0.0,0.0
2023-01-19 00:00:00+05:30,3274.886985714904,3281.669296040349,3256.477857688696,3268.20166015625,1585044,0.0,0.0
2023-01-20 00:00:00+05:30,3260.3535135240295,3289.0813480803713,3251.2459341382264,3258.5126953125,1529349,0.0,0.0
2023-01-23 00:00:00+05:30,3282.6380620314094,3312.67400651871,3251.2457501542863,3308.701416015625,1067916,0.0,0.0
2023-01-24 00:00:00+05:30,3318.48788835023,3344.599738439427,3311.027393545922,3329.4365234375,1387863,0.0,0.0
2023-01-25 00:00:00+05:30,3318.778279483088,3328.176576508856,3299.1095321725347,3323.08984375,874110,0.0,0.0
2023-01-27 00:00:00+05:30,3319.4564653408065,3338.8344949108055,3277.1155180400015,3304.971435546875,1785879,0.0,0.0
2023-01-30 00:00:00+05:30,3313.643241044835,3350.8974576586324,3280.2646305609146,3326.86865234375,1953798,0.0,0.0
2023-01-31 00:00:00+05:30,3341.7411162199382,3341.7411162199382,3246.788773688899,3254.249267578125,2820375,0.0,0.0
2023-02-01 00:00:00+05:30,3258.4154509239647,3312.673930035395,3250.6642396223315,3302.355224609375,2205161,0.0,0.0
2023-02-02 00:00:00+05:30,3320.4249223814254,3361.1187790315626,3313.739597693889,3352.7861328125,1813847,0.0,0.0
2023-02-03 00:00:00+05:30,3395.0304840305334,3395.0304840305334,3345.519528185812,3374.00537109375,1804469,0.0,0.0
2023-02-06 00:00:00+05:30,3365.140283073836,3365.140283073836,3329.969346472687,3352.350830078125,1138714,0.0,0.0
2023-02-07 00:00:00+05:30,3361.0217178377334,3384.372334432331,3353.7549578869052,3364.558349609375,1455647,0.0,0.0
2023-02-08 00:00:00+05:30,3369.8877732147917,3429.814186639365,3369.8877732147917,3410.630126953125,1986946,0.0,0.0
2023-02-09 00:00:00+05:30,3405.6886656725956,3437.274948201105,3396.2903687270386,3430.73486328125,1655427,0.0,0.0
2023-02-10 00:00:00+05:30,3410.5330858489815,3432.1881277605144,3399.051509108305,3427.537353515625,1187821,0.0,0.0
2023-02-13 00:00:00+05:30,3438.630976920073,3438.630976920073,3365.3819384137432,3374.10205078125,1087939,0.0,0.0
2023-02-14 00:00:00+05:30,3395.99947546143,3415.2322632584296,3386.310461266105,3391.251953125,1579818,0.0,0.0
2023-02-15 00:00:00+05:30,3378.5591603723065,3416.3463147326506,3352.5440633280236,3411.16259765625,1429449,0.0,0.0
2023-02-16 00:00:00+05:30,3417.5094395747738,3463.822980157575,3417.315706577837,3447.400146484375,1618931,0.0,0.0
2023-02-17 00:00:00+05:30,3416.4915779757334,3428.8450708292953,3381.4658869749123,3392.26904296875,1061369,0.0,0.0
2023-02-20 00:00:00+05:30,3393.093392101264,3412.4714240378785,3366.9815413763235,3378.8505859375,1296082,0.0,0.0
2023-02-21 00:00:00+05:30,3385.3414708825344,3399.7780070349086,3337.623077224559,3343.6787109375,1139541,0.0,0.0
2023-02-22 00:00:00+05:30,3308.750030794112,3339.803370246604,3289.420493758985,3295.766845703125,1218430,0.0,0.0
2023-02-23 00:00:00+05:30,3314.6117851594,3345.0351953790573,3302.0160665955086,3307.6357421875,1441570,0.0,0.0
2023-02-24 00:00:00+05:30,3316.0652522719483,3327.159126697446,3277.115460825905,3294.700927734375,977592,0.0,0.0
2023-02-27 00:00:00+05:30,3284.575651020886,3284.575651020886,3212.8769494941766,3228.234130859375,1128022,0.0,0.0
2023-02-28 00:00:00+05:30,3224.9884080647726,3286.513648837527,3197.2777325620154,3209.8251953125,4116217,0.0,0.0
2023-03-01 00:00:00+05:30,3219.6598325750674,3283.6073345160708,3211.908620218582,3280.409912109375,1669307,0.0,0.0
2023-03-02 00:00:00+05:30,3256.478062037424,3265.101191087319,3214.815295995291,3218.157958984375,1556538,0.0,0.0
2023-03-03 00:00:00+05:30,3249.695443920813,3253.5710496977013,3227.5076954674096,3238.2138671875,1043190,0.0,0.0
2023-03-06 00:00:00+05:30,3257.3497197618763,3299.060974873388,3254.5400001506036,3266.990478515625,1334132,0.0,0.0
2023-03-08 00:00:00+05:30,3259.384233025839,3290.3890770974285,3227.265246989702,3284.963134765625,1844590,0.0,0.0
2023-03-09 00:00:00+05:30,3279.731119370301,3279.731119370301,3227.2652050932966,3233.07861328125,1648500,0.0,0.0
2023-03-10 00:00:00+05:30,3209.8734341311188,3233.4662784334773,3187.6856861326364,3227.41064453125,1024404,0.0,0.0
2023-03-13 00:00:00+05:30,3229.3484514129314,3265.0040711834163,3170.245464453379,3179.885986328125,1901233,0.0,0.0
2023-03-14 00:00:00+05:30,3177.9970634323668,3201.638166480072,3109.592519825781,3114.969970703125,2670334,0.0,0.0
2023-03-15 00:00:00+05:30,3148.9296590456893,3158.9578835022385,3092.7333758996433,3099.418701171875,1780522,0.0,0.0
2023-03-16 00:00:00+05:30,3108.235905612245,3119.66899023056,3073.3554528061227,3085.951171875,1901060,0.0,0.0
2023-03-17 00:00:00+05:30,3052.5240573693986,3121.219076436035,3046.226197863637,3080.428466796875,6739966,0.0,0.0
2023-03-20 00:00:00+05:30,3071.078507992746,3071.078507992746,2998.7985988892715,3045.548095703125,2289468,0.0,0.0
2023-03-21 00:00:00+05:30,3045.547475246061,3058.579150300104,3001.123256435376,3009.50439453125,1815297,0.0,0.0
2023-03-22 00:00:00+05:30,3032.7098473939664,3045.741523798369,3009.504706380089,3033.4365234375,1123939,0.0,0.0
2023-03-23 00:00:00+05:30,3018.0309941839487,3048.5031336433403,3004.563358816917,3027.477783203125,1372218,0.0,0.0
2023-03-24 00:00:00+05:30,3050.973491962589,3071.417405908258,3009.407716956167,3023.456787109375,1329577,0.0,0.0
2023-03-27 00:00:00+05:30,3037.5059283642013,3054.7039284370767,3009.407787400067,3025.200927734375,1524217,0.0,0.0
2023-03-28 00:00:00+05:30,3029.7546559410584,3051.6034296630637,3013.4285728495697,3018.999755859375,1303530,0.0,0.0
2023-03-29 00:00:00+05:30,3031.6931249705412,3052.040058695176,3007.5675696020576,3041.28515625,1740616,0.0,0.0
2023-03-31 00:00:00+05:30,3090.7467546681637,3113.07997766569,3053.976996452616,3106.20068359375,2382581,0.0,0.0
2023-04-03 00:00:00+05:30,3124.6589088900014,3124.6589088900014,3075.051198387146,3100.48486328125,1521830,0.0,0.0
2023-04-05 00:00:00+05:30,3086.4357205128686,3162.8336982156397,3086.4357205128686,3139.047119140625,2655065,0.0,0.0
2023-04-06 00:00:00+05:30,3124.7070949205754,3156.0511506315393,3115.01808067276,3120.540771484375,1703464,0.0,0.0
2023-04-10 00:00:00+05:30,3119.862373330632,3170.245243955847,3115.0178665397457,3161.91259765625,2203187,0.0,0.0
2023-04-11 00:00:00+05:30,3162.494273315494,3171.165893820245,3092.878610823138,3113.85546875,2348779,0.0,0.0
2023-04-12 00:00:00+05:30,3127.565209531142,3159.5389555543907,3099.5155614658393,3140.839111328125,2417727,0.0,0.0
2023-04-13 00:00:00+05:30,3110.173812715662,3129.5518427014295,3081.106767737011,3089.681640625,4174070,0.0,0.0
2023-04-17 00:00:00+05:30,3036.6339938191777,3065.0226158012456,2974.7695443727043,3041.865966796875,5505048,0.0,0.0
2023-04-18 00:00:00+05:30,3056.835551134535,3058.676605799647,3013.864914195012,3033.38818359375,2617302,0.0,0.0
2023-04-19 00:00:00+05:30,3033.3885145375716,3042.350853836293,2975.9810979484632,2993.518310546875,3298034,0.0,0.0
2023-04-20 00:00:00+05:30,2993.9058150965056,3016.19055093703,2982.2789963971018,3008.24560546875,2419999,0.0,0.0
2023-04-21 00:00:00+05:30,3013.283752902831,3066.0403938071927,3004.369906152442,3062.552490234375,1929184,0.0,0.0
2023-04-24 00:00:00+05:30,3053.105442404702,3082.027008651145,3028.9311620781864,3076.068359375,1640676,0.0,0.0
2023-04-25 00:00:00+05:30,3084.013022396366,3091.9579662220267,3049.617024188678,3077.230712890625,2024090,0.0,0.0
2023-04-26 00:00:00+05:30,3082.075330265255,3108.6231338067037,3082.075330265255,3098.69189453125,2000029,0.0,0.0
2023-04-27 00:00:00+05:30,3085.95111420776,3099.709467470097,3072.04728379919,3088.809326171875,2434446,0.0,0.0
2023-04-28 00:00:00+05:30,3100.871613992744,3126.886708417109,3096.850768232453,3119.135498046875,2931312,0.0,0.0
2023-05-02 00:00:00+05:30,3134.3964526428294,3134.3964526428294,3110.173914368928,3119.281494140625,2321159,0.0,0.0
2023-05-03 00:00:00+05:30,3115.9869572594584,3115.9869572594584,3074.4694369192316,3081.009521484375,2468285,0.0,0.0
2023-05-04 00:00:00+05:30,3081.2517713998423,3124.1741518273056,3079.1687279558414,3120.540771484375,1953253,0.0,0.0
2023-05-05 00:00:00+05:30,3119.8625385562264,3143.1161723839746,3110.222016841445,3130.229736328125,1710027,0.0,0.0
2023-05-08 00:00:00+05:30,3144.085043867351,3153.628817279261,3130.811141993328,3149.510986328125,928235,0.0,0.0
2023-05-09 00:00:00+05:30,3151.4490165115353,3195.437048638211,3145.054172189094,3181.145751953125,1107375,0.0,0.0
2023-05-10 00:00:00+05:30,3187.6856422837773,3203.6725155657473,3164.4805007992836,3184.585205078125,1559987,0.0,0.0
2023-05-11 00:00:00+05:30,3206.094686680424,3206.7728703410717,3170.245335393879,3180.07958984375,1719623,0.0,0.0
2023-05-12 00:00:00+05:30,3177.173151280346,3187.685826817859,3158.618782804322,3172.47412109375,1027479,0.0,0.0
2023-05-15 00:00:00+05:30,3181.8726502576187,3189.623862560317,3147.3314050530103,3153.822998046875,1150390,0.0,0.0
2023-05-16 00:00:00+05:30,3154.936861352846,3182.8412704859256,3149.3656780026804,3156.826171875,986306,0.0,0.0
2023-05-17 00:00:00+05:30,3154.694656412957,3177.9967837989293,3098.789089568575,3108.9140625,1588815,0.0,0.0
2023-05-18 00:00:00+05:30,3125.627787158462,3128.5344916961653,3095.6403326541326,3100.339599609375,1369364,0.0,0.0
2023-05-19 00:00:00+05:30,3110.1737887887653,3133.9118753387106,3103.4399707301586,3122.624267578125,1152449,0.0,0.0
2023-05-22 00:00:00+05:30,3129.551511585523,3205.561778852938,3117.004285806916,3196.114990234375,1333243,0.0,0.0
2023-05-23 00:00:00+05:30,3203.1882223078055,3224.455562015604,3187.782783734501,3194.5166015625,1687418,0.0,0.0
2023-05-24 00:00:00+05:30,3174.1210569703076,3214.0397482281824,3174.1210569703076,3200.62060546875,1016555,0.0,0.0
2023-05-25 00:00:00+05:30,3191.5613550186445,3203.188172341117,3165.4980008067173,3191.076904296875,1374917,0.0,0.0
2023-05-26 00:00:00+05:30,3191.0767179428735,3234.8225209447055,3188.654464475481,3225.375732421875,1791115,0.0,0.0
2023-05-29 00:00:00+05:30,3256.2838104493785,3267.1354586131893,3209.001375719716,3217.091796875,1210372,0.0,0.0
2023-05-30 00:00:00+05:30,3211.908166401694,3223.4864909136236,3198.682756806377,3213.07080078125,1344224,0.0,0.0
2023-05-31 00:00:00+05:30,3206.0947492732557,3224.2131582378415,3163.6083280430285,3187.201171875,5815424,0.0,0.0
2023-06-01 00:00:00+05:30,3210.9396468804057,3236.1310864757256,3194.9527717526066,3220.628662109375,1177314,0.0,0.0
2023-06-02 00:00:00+05:30,3222.808256241738,3232.158060058458,3194.9038488329606,3202.800537109375,2030661,0.0,0.0
2023-06-05 00:00:00+05:30,3211.908295421968,3223.5351127809613,3182.889744406454,3186.619873046875,1861468,0.0,0.0
2023-06-06 00:00:00+05:30,3177.997074058909,3186.571947368878,3120.4444167882316,3131.780517578125,2022849,0.0,0.0
2023-06-07 00:00:00+05:30,3151.8365717433812,3176.8827700760303,3140.2097537719947,3173.055419921875,1567196,0.0,0.0
2023-06-08 00:00:00+05:30,3159.5873571144234,3168.3074694155675,3132.4581188441985,3135.80078125,1759366,0.0,0.0
2023-06-09 00:00:00+05:30,3144.0848477093664,3148.929354408456,3105.6680042048547,3109.4951171875,1775689,0.0,0.0
2023-06-12 00:00:00+05:30,3115.01816373521,3153.1927862702564,3111.1425579327397,3145.926025390625,2324605,0.0,0.0
2023-06-13 00:00:00+05:30,3158.6185796610694,3163.4630866850894,3138.2716501601853,3142.825439453125,1371928,0.0,0.0
2023-06-14 00:00:00+05:30,3142.825257810757,3154.5975511276524,3125.5305106634873,3149.94677734375,1658544,0.0,0.0
2023-06-15 00:00:00+05:30,3167.7607218852277,3169.8592570277265,3133.30409030235,3139.45361328125,2273810,24.0,0.0
2023-06-16 00:00:00+05:30,3120.615035384205,3122.9575975791877,3080.5946361190336,3099.04296875,4156189,0.0,0.0
2023-06-19 00:00:00+05:30,3113.782330344542,3138.0873071298943,3099.140720640728,3133.69482421875,1468186,0.0,0.0
2023-06-20 00:00:00+05:30,3137.208920372275,3155.2669057571184,3124.5683782643746,3150.58154296875,1528452,0.0,0.0
2023-06-21 00:00:00+05:30,3172.3489944653616,3183.4765233075764,3146.9213494789997,3180.35302734375,1645987,0.0,0.0
2023-06-22 00:00:00+05:30,3182.1098423990657,3189.576968025274,3152.924329044827,3161.12353515625,1529603,0.0,0.0
2023-06-23 00:00:00+05:30,3159.9523307427025,3171.763086539708,3132.474766212887,3139.5029296875,1119505,0.0,0.0
2023-06-26 00:00:00+05:30,3128.423771466641,3137.1110307664594,3097.188339115024,3113.4404296875,1978803,0.0,0.0
2023-06-27 00:00:00+05:30,3125.4955907548565,3132.9627163154732,3106.266324506955,3120.956787109375,863542,0.0,0.0
2023-06-28 00:00:00+05:30,3131.3520720538495,3153.7536858804033,3117.1008108169144,3138.6240234375,1575872,0.0,0.0
2023-06-30 00:00:00+05:30,3143.06551611354,3230.9151733962167,3137.306578347988,3223.350341796875,2672406,0.0,0.0
2023-07-03 00:00:00+05:30,3235.112473414143,3239.5049562659933,3190.650738218926,3194.115966796875,1687264,0.0,0.0
2023-07-04 00:00:00+05:30,3211.39300674018,3235.795689162218,3198.996491731274,3229.792724609375,1656681,0.0,0.0
2023-07-05 00:00:00+05:30,3240.67629443362,3249.4612602920242,3226.034684669613,3240.62744140625,1453008,0.0,0.0
2023-07-06 00:00:00+05:30,3227.5473817058823,3248.9240345390176,3223.10604618548,3243.506591796875,1848238,0.0,0.0
2023-07-07 00:00:00+05:30,3223.1063975733555,3276.694594566176,3223.1063975733555,3249.705322265625,1789326,0.0,0.0
2023-07-10 00:00:00+05:30,3245.312433931977,3245.312433931977,3187.1852021391596,3193.77392578125,1407431,0.0,0.0
2023-07-11 00:00:00+05:30,3216.2734988342813,3216.2734988342813,3182.8906774031652,3194.21337890625,1110172,0.0,0.0
2023-07-12 00:00:00+05:30,3202.5590683837627,3210.5631002576447,3172.4463023845474,3182.011962890625,1515240,0.0,0.0
2023-07-13 00:00:00+05:30,3205.53619501373,3286.992297009337,3194.554988499143,3260.735107421875,4585146,0.0,0.0
2023-07-14 00:00:00+05:30,3284.6007027921496,3440.631532837651,3271.911309289535,3430.675048828125,6306101,0.0,0.0
2023-07-17 00:00:00+05:30,3426.136492210217,3465.0830766704867,3393.973805564489,3408.273681640625,2743228,0.0,0.0
2023-07-18 00:00:00+05:30,3392.948849473766,3439.801998143139,3382.211669570368,3413.30078125,2600090,0.0,0.0
2023-07-19 00:00:00+05:30,3416.3754786441596,3432.8229816286084,3363.3239526742373,3387.14111328125,2405370,0.0,0.0
2023-07-20 00:00:00+05:30,3379.361124656744,3404.6099893056,3362.6751698469275,3389.34326171875,1715404,9.0,0.0
2023-07-21 00:00:00+05:30,3331.358404290604,3361.549475898318,3287.3193549103858,3296.371826171875,3770223,0.0,0.0
2023-07-24 00:00:00+05:30,3308.800460212,3340.5574591387544,3300.0906107677997,3322.2568359375,1680132,0.0,0.0
2023-07-25 00:00:00+05:30,3324.9480746421114,3334.0495255457618,3308.017459765794,3326.562744140625,1272980,0.0,0.0
2023-07-26 00:00:00+05:30,3327.737551092813,3347.799785227005,3312.7152460605007,3315.94482421875,1066803,0.0,0.0
2023-07-27 00:00:00+05:30,3322.4527728837215,3338.796106327817,3312.7642771867772,3324.361083984375,1701769,0.0,0.0
2023-07-28 00:00:00+05:30,3312.7153194645,3321.2294883051686,3259.868457647341,3283.747314453125,2599831,0.0,0.0
2023-07-31 00:00:00+05:30,3292.5551832490905,3353.475872259476,3289.1299236260165,3348.386962890625,2743678,0.0,0.0
2023-08-01 00:00:00+05:30,3342.0741468091346,3386.1131912033984,3342.0741468091346,3378.3330078125,1956167,0.0,0.0
2023-08-02 00:00:00+05:30,3361.5982821575494,3372.8037252461836,3340.7043442770414,3367.176513671875,1914899,0.0,0.0
2023-08-03 00:00:00+05:30,3346.967838666628,3359.934892427544,3296.0782691898253,3327.345947265625,2026351,0.0,0.0
2023-08-04 00:00:00+05:30,3328.6178973640212,3396.8784187432616,3328.6178973640212,3370.0146484375,2248493,0.0,0.0
2023-08-07 00:00:00+05:30,3380.1925772204527,3413.5155042836464,3367.763827154845,3409.64990234375,1853889,0.0,0.0
2023-08-08 00:00:00+05:30,3409.650039407294,3415.4239525190283,3382.7862671355974,3396.4873046875,1634225,0.0,0.0
2023-08-09 00:00:00+05:30,3390.908712233189,3392.9639633630413,3351.9098322436266,3388.56005859375,1794589,0.0,0.0
2023-08-10 00:00:00+05:30,3376.327151549042,3390.9088746906746,3356.803220588555,3368.595947265625,1096701,0.0,0.0
2023-08-11 00:00:00+05:30,3364.6813723962905,3392.621511801501,3341.0959189907326,3375.15283203125,1679974,0.0,0.0
2023-08-14 00:00:00+05:30,3367.225182866727,3381.219859884084,3338.159462247355,3376.179931640625,1190425,0.0,0.0
2023-08-16 00:00:00+05:30,3376.3273240834174,3391.9856537023547,3361.8433214004704,3384.5478515625,1328445,0.0,0.0
2023-08-17 00:00:00+05:30,3381.220273929228,3386.8964657345637,3340.312843379622,3362.38134765625,1843241,0.0,0.0
2023-08-18 00:00:00+05:30,3337.181060819299,3337.181060819299,3284.8235280469144,3295.197265625,2526749,0.0,0.0
2023-08-21 00:00:00+05:30,3302.9287132895497,3336.9366459671237,3299.9927766555147,3329.009521484375,1375579,0.0,0.0
2023-08-22 00:00:00+05:30,3327.39469899055,3338.159799487284,3293.1910865613513,3309.92578125,1222012,0.0,0.0
2023-08-23 00:00:00+05:30,3315.6510123547046,3329.3520495958396,3303.9072661480172,3325.68212890625,1330046,0.0,0.0
2023-08-24 00:00:00+05:30,3335.224066720168,3340.166274580988,3305.9626600624633,3315.406494140625,1152881,0.0,0.0
2023-08-25 00:00:00+05:30,3302.928723545205,3313.4981432459767,3278.7072462392066,3309.09423828125,1158046,0.0,0.0
2023-08-28 00:00:00+05:30,3321.5227581905233,3321.5227581905233,3288.3467719986547,3303.466796875,1037485,0.0,0.0
2023-08-29 00:00:00+05:30,3308.849705945879,3317.168193425912,3293.142396506977,3304.05419921875,944517,0.0,0.0
2023-08-30 00:00:00+05:30,3325.4375848627983,3335.3220005063768,3310.8068816494915,3318.5380859375,1188200,0.0,0.0
2023-08-31 00:00:00+05:30,3328.3735171864655,3344.423208643502,3272.2480992955157,3285.117431640625,3417652,0.0,0.0
2023-09-01 00:00:00+05:30,3294.120745573922,3316.629592023179,3285.117254779643,3307.038818359375,1277950,0.0,0.0
2023-09-04 00:00:00+05:30,3305.8646117574867,3359.54341483423,3298.0844275525424,3345.499755859375,1828332,0.0,0.0
2023-09-05 00:00:00+05:30,3346.967489256133,3373.3909168028918,3332.434508534569,3356.117919921875,1501842,0.0,0.0
2023-09-06 00:00:00+05:30,3360.668792294327,3370.3572875923473,3325.535512896233,3356.65625,1314818,0.0,0.0
2023-09-07 00:00:00+05:30,3357.537009202833,3386.113409847334,3349.218522502341,3381.46484375,1885092,0.0,0.0
2023-09-08 00:00:00+05:30,3381.465160626789,3391.006955089161,3361.6965675773545,3368.400146484375,1518917,0.0,0.0
2023-09-11 00:00:00+05:30,3388.0708659804604,3411.264717537534,3371.43389176854,3406.322509765625,1783604,0.0,0.0
2023-09-12 00:00:00+05:30,3417.429974874816,3513.239270638518,3408.622165661221,3504.333740234375,4476016,0.0,0.0
2023-09-13 00:00:00+05:30,3494.8412425900588,3512.2122012189384,3469.298497993077,3491.66064453125,1754929,0.0,0.0
2023-09-14 00:00:00+05:30,3493.813555001361,3520.8730085893485,3469.885719353382,3484.027099609375,2604721,0.0,0.0
2023-09-15 00:00:00+05:30,3491.660496926146,3530.316994775981,3486.3756677878664,3521.460205078125,2952897,0.0,0.0
2023-09-18 00:00:00+05:30,3503.599830082106,3542.011665518802,3498.902283950283,3529.142333984375,1395753,0.0,0.0
2023-09-20 00:00:00+05:30,3503.550914495706,3547.589962303613,3503.550914495706,3529.044677734375,1649396,0.0,0.0
2023-09-21 00:00:00+05:30,3511.9183908746004,3528.017061720326,3452.661357489407,3508.73779296875,2004073,0.0,0.0
2023-09-22 00:00:00+05:30,3507.465754866858,3556.153372418372,3488.92046893166,3526.696044921875,1989083,0.0,0.0
2023-09-25 00:00:00+05:30,3525.5704781993672,3542.6967747624453,3482.6567766690314,3500.76171875,1238778,0.0,0.0
2023-09-26 00:00:00+05:30,3491.4155671431367,3518.1813765695547,3460.490275669814,3509.12890625,1726062,0.0,0.0
2023-09-27 00:00:00+05:30,3513.3373478151243,3536.8248398339438,3479.769759352803,3512.65234375,1541134,0.0,0.0
2023-09-28 00:00:00+05:30,3523.123939704531,3525.8641949986168,3452.0254368810693,3461.224609375,1755753,0.0,0.0
2023-09-29 00:00:00+05:30,3461.664987660835,3492.247661062875,3430.690951610103,3453.248779296875,2243791,0.0,0.0
2023-10-03 00:00:00+05:30,3458.7290140534324,3458.7290140534324,3405.7844337818806,3438.813720703125,1948148,0.0,0.0
2023-10-04 00:00:00+05:30,3411.851861703169,3472.2342413963675,3403.044052184407,3462.203125,1788138,0.0,0.0
2023-10-05 00:00:00+05:30,3478.1062010839632,3546.611387937052,3475.3659458244133,3512.701416015625,2990768,0.0,0.0
2023-10-06 00:00:00+05:30,3514.3161654212895,3557.327589501712,3498.7068167047755,3544.06689453125,2075691,0.0,0.0
2023-10-09 00:00:00+05:30,3567.212151096766,3600.4371210497548,3553.4621327892523,3560.6552734375,4233074,0.0,0.0
2023-10-10 00:00:00+05:30,3562.3187795122185,3570.0989638437204,3524.445244539764,3551.40673828125,1848148,0.0,0.0
2023-10-11 00:00:00+05:30,3572.0565292520364,3572.0565292520364,3528.0174761516687,3532.812744140625,2426417,0.0,0.0
2023-10-12 00:00:00+05:30,3498.6578795661144,3512.016295899057,3462.5459539464837,3466.90087890625,4241281,0.0,0.0
2023-10-13 00:00:00+05:30,3454.6186706569483,3500.6150098979897,3449.725443078114,3494.596435546875,2890357,0.0,0.0
2023-10-16 00:00:00+05:30,3489.8497844297995,3498.3149722676217,3443.9514069524816,3448.795654296875,1671104,0.0,0.0
2023-10-17 00:00:00+05:30,3454.61880321008,3458.680086685492,3428.5379947850283,3432.158935546875,1672065,0.0,0.0
2023-10-18 00:00:00+05:30,3436.0243245903603,3447.4744290685953,3409.6008962896085,3412.781494140625,1408245,0.0,0.0
2023-10-19 00:00:00+05:30,3404.1965869201126,3411.408340012759,3386.9277607575914,3390.607177734375,1514545,9.0,0.0
2023-10-20 00:00:00+05:30,3385.455759082033,3433.631684507063,3379.225423827503,3428.77490234375,1481211,0.0,0.0
2023-10-23 00:00:00+05:30,3407.630499455397,3413.4684594564196,3337.2800991033255,3345.96337890625,1106272,0.0,0.0
2023-10-25 00:00:00+05:30,3326.683146764512,3360.533778990843,3313.6334348377554,3326.290771484375,1518537,0.0,0.0
2023-10-26 00:00:00+05:30,3304.655981823149,3310.1995406498613,3267.322118119943,3273.945068359375,1984471,0.0,0.0
2023-10-27 00:00:00+05:30,3286.945370478914,3298.719503149286,3274.190060086011,3287.87744140625,1108851,0.0,0.0
2023-10-30 00:00:00+05:30,3286.945578294706,3319.1773643358288,3271.0014392955154,3314.958251953125,910972,0.0,0.0
2023-10-31 00:00:00+05:30,3335.0231560905613,3335.0231560905613,3286.9945533698474,3305.342529296875,999811,0.0,0.0
2023-11-01 00:00:00+05:30,3291.8512459224376,3308.13889186943,3248.6794263037827,3267.95947265625,1563475,0.0,0.0
2023-11-02 00:00:00+05:30,3280.2736638842384,3312.407237724042,3280.2736638842384,3296.855712890625,1245384,0.0,0.0
2023-11-03 00:00:00+05:30,3318.34309244995,3324.1319452555417,3281.352739831117,3287.828369140625,1402598,0.0,0.0
2023-11-06 00:00:00+05:30,3311.4750373117513,3328.449460967636,3295.7761926904213,3316.626220703125,1099852,0.0,0.0
2023-11-07 00:00:00+05:30,3314.4181932774964,3340.07589371579,3302.6440611521766,3307.01025390625,1191144,0.0,0.0
2023-11-08 00:00:00+05:30,3307.9916204055135,3337.9175412655572,3306.1274785307305,3317.901611328125,992899,0.0,0.0
2023-11-09 00:00:00+05:30,3326.290980729008,3327.664533841241,3279.14533917374,3284.443603515625,2112352,0.0,0.0
2023-11-10 00:00:00+05:30,3275.1716825434305,3284.4437653713344,3259.8163449188587,3270.707275390625,1338557,0.0,0.0
2023-11-13 00:00:00+05:30,3292.832767393357,3292.832767393357,3264.3786105833424,3268.843017578125,1030990,0.0,0.0
2023-11-15 00:00:00+05:30,3319.422468739046,3348.7595869998113,3292.8815632769906,3340.223388671875,2059802,0.0,0.0
2023-11-16 00:00:00+05:30,3365.4887958243976,3462.9197944974485,3349.9370326385933,3432.0126953125,3951984,0.0,0.0
2023-11-17 00:00:00+05:30,3432.012848913337,3458.161141353691,3426.81255868644,3436.526123046875,2021292,0.0,0.0
2023-11-20 00:00:00+05:30,3425.5370288955223,3467.3841666706157,3425.5370288955223,3453.353515625,1475621,0.0,0.0
2023-11-21 00:00:00+05:30,3453.353586423337,3472.4374473085218,3435.1035829664647,3444.13037109375,1807236,0.0,0.0
2023-11-22 00:00:00+05:30,3434.1221760595495,3466.157534255221,3415.578012126969,3463.70458984375,1798051,0.0,0.0
2023-11-23 00:00:00+05:30,3463.557658315444,3477.294147611879,3434.1223241087973,3442.217041015625,2729804,0.0,0.0
2023-11-24 00:00:00+05:30,3428.4804437157395,3438.586622717398,3388.0068604565927,3392.02978515625,1989733,0.0,0.0
2023-11-28 00:00:00+05:30,3392.0298059562388,3415.7251535732976,3368.3833255919944,3404.833984375,1689195,0.0,0.0
2023-11-29 00:00:00+05:30,3415.479952155038,3451.783531077686,3410.3778754587656,3447.613525390625,1441634,0.0,0.0
2023-11-30 00:00:00+05:30,3433.582378845595,3450.4585879884,3415.479697533323,3421.95556640625,3266235,0.0,0.0
2023-12-01 00:00:00+05:30,3434.1223527880625,3450.7532688446345,3424.3596814370662,3445.552978515625,1172141,0.0,0.0
2023-12-04 00:00:00+05:30,3477.9320140248014,3481.0228680184864,3432.1601625634817,3446.338134765625,1625213,0.0,0.0
2023-12-05 00:00:00+05:30,3471.407127777846,3471.407127777846,3436.8697164167725,3465.127685546875,1377656,0.0,0.0
2023-12-06 00:00:00+05:30,3466.1087280494735,3544.848245044481,3458.7987619382616,3536.262939453125,1896572,0.0,0.0
2023-12-07 00:00:00+05:30,3537.1455675599377,3562.214705413847,3524.095856391912,3546.859130859375,1967653,0.0,0.0
2023-12-08 00:00:00+05:30,3564.6187235202137,3576.3928563807262,3534.2513204265438,3558.437255859375,1641155,0.0,0.0
2023-12-11 00:00:00+05:30,3554.7087206885535,3584.242266333309,3546.9575123993736,3574.332275390625,1102503,0.0,0.0
2023-12-12 00:00:00+05:30,3570.45696596614,3628.7879392238547,3562.656650237266,3602.983154296875,2236866,0.0,0.0
2023-12-13 00:00:00+05:30,3574.97051234592,3581.299061408376,3495.936590629601,3525.91162109375,3850968,0.0,0.0
2023-12-14 00:00:00+05:30,3561.6752497294465,3608.771781957274,3559.320518936195,3598.22412109375,3290396,0.0,0.0
2023-12-15 00:00:00+05:30,3597.6845028203284,3822.619507935204,3597.6845028203284,3788.327392578125,8531230,0.0,0.0
2023-12-18 00:00:00+05:30,3785.4821274550795,3855.0475369486335,3758.058016588018,3786.561279296875,2521612,0.0,0.0
2023-12-19 00:00:00+05:30,3772.6288194954245,3782.5388115624432,3718.6640379421738,3744.370849609375,2004435,0.0,0.0
2023-12-20 00:00:00+05:30,3755.2126664518087,3825.4159846684447,3695.655222988844,3708.901123046875,2586083,0.0,0.0
2023-12-21 00:00:00+05:30,3685.5491310849834,3735.0495034523133,3672.8920332150096,3716.2109375,1517562,0.0,0.0
2023-12-22 00:00:00+05:30,3728.4756584646316,3773.560730688835,3691.190901879985,3752.02392578125,2413058,0.0,0.0
2023-12-26 00:00:00+05:30,3747.952042990037,3761.8356127745965,3718.8108712547937,3724.109375,1285231,0.0,0.0
2023-12-27 00:00:00+05:30,3727.4942789469387,3746.332843871715,3697.077768642291,3739.464599609375,1293976,0.0,0.0
2023-12-28 00:00:00+05:30,3752.0236766105195,3765.760164966311,3720.724202532247,3728.377197265625,1682889,0.0,0.0
2023-12-29 00:00:00+05:30,3720.6259587124687,3750.6500931214828,3694.526535230367,3721.99951171875,1574996,0.0,0.0
2024-01-01 00:00:00+05:30,3718.663752430612,3759.8732188163867,3701.9837303220843,3739.36669921875,825907,0.0,0.0
2024-01-02 00:00:00+05:30,3739.3667027854813,3739.3667027854813,3696.3419616640103,3711.99169921875,1344068,0.0,0.0
2024-01-03 00:00:00+05:30,3696.0970629851404,3700.855871507162,3617.6519396211443,3622.263427734375,1803075,0.0,0.0
2024-01-04 00:00:00+05:30,3632.074583718201,3648.999899195783,3582.279814994301,3597.782470703125,3598144,0.0,0.0
2024-01-05 00:00:00+05:30,3605.828205241418,3677.208886039054,3605.6811243981183,3667.544189453125,1963127,0.0,0.0
2024-01-08 00:00:00+05:30,3667.543964126975,3669.3592386579944,3603.276825913966,3609.06591796875,1067805,0.0,0.0
2024-01-09 00:00:00+05:30,3640.12041608318,3681.7224972147433,3613.432428676252,3620.44775390625,1370944,0.0,0.0
2024-01-10 00:00:00+05:30,3620.546156848999,3659.057386295157,3618.5838012084305,3643.162353515625,1292227,0.0,0.0
2024-01-11 00:00:00+05:30,3653.9058746747637,3701.9835835520635,3637.2258532275373,3665.238525390625,1777909,0.0,0.0
2024-01-12 00:00:00+05:30,3775.5722491313322,3831.7446792931746,3749.669250516769,3809.71728515625,6813450,0.0,0.0
2024-01-15 00:00:00+05:30,3885.4641670572764,3890.3700561570963,3811.8758305599795,3830.322021484375,2801505,0.0,0.0
2024-01-16 00:00:00+05:30,3825.6121807284258,3825.6121807284258,3782.9800539125295,3788.621826171875,1432672,0.0,0.0
2024-01-17 00:00:00+05:30,3747.1175585535884,3836.3556206079807,3740.7890104289622,3811.48291015625,3458696,0.0,0.0
2024-01-18 00:00:00+05:30,3824.6310176070765,3835.2277856265014,3789.308617239233,3829.14453125,2239110,0.0,0.0
2024-01-19 00:00:00+05:30,3888.6821239011256,3906.967356670561,3859.1597310662,3886.760009765625,2941975,18.0,0.0
2024-01-23 00:00:00+05:30,3844.3248892389684,3877.7408477832887,3787.8921713136015,3803.1708984375,2618854,0.0,0.0
2024-01-24 00:00:00+05:30,3824.610185566064,3828.207982906329,3751.2723957956964,3786.95556640625,2657709,0.0,0.0
2024-01-25 00:00:00+05:30,3785.082567741791,3805.8814463186973,3724.7562899172253,3755.9052734375,2205154,0.0,0.0
2024-01-29 00:00:00+05:30,3746.5406962540924,3765.4665533124507,3726.875546024273,3746.73779296875,1646747,0.0,0.0
2024-01-30 00:00:00+05:30,3753.095834814792,3792.869905489426,3732.937821564557,3746.29443359375,1411621,0.0,0.0
2024-01-31 00:00:00+05:30,3756.7921750947016,3779.2667358961994,3742.2527425557164,3761.474365234375,2459358,0.0,0.0
2024-02-01 00:00:00+05:30,3765.4665203991385,3849.1544104149884,3750.729991441207,3799.12890625,2363107,0.0,0.0
2024-02-02 00:00:00+05:30,3819.730644439133,3927.5194423063704,3816.7241374704427,3909.677978515625,2826510,0.0,0.0
2024-02-05 00:00:00+05:30,3926.1396018848222,3964.5828467940637,3905.538061772514,3916.578125,1691523,0.0,0.0
2024-02-06 00:00:00+05:30,3939.939893357297,4090.6570374490097,3933.039823491523,4076.95556640625,4474396,0.0,0.0
2024-02-07 00:00:00+05:30,4093.712951745964,4095.6844003141055,4015.7913989590998,4025.1064453125,2124267,0.0,0.0
2024-02-08 00:00:00+05:30,4031.611985963258,4098.641231695655,4027.7184234966317,4075.08251953125,2345173,0.0,0.0
2024-02-09 00:00:00+05:30,4077.497405593247,4125.009506405642,4041.4693772060778,4074.6884765625,2100596,0.0,0.0
2024-02-12 00:00:00+05:30,4071.0410662440036,4100.2185996879325,4046.939916317884,4061.8740234375,1013716,0.0,0.0
2024-02-13 00:00:00+05:30,4066.556220088296,4110.470042041963,4023.2334476245255,4090.2626953125,1257415,0.0,0.0
2024-02-14 00:00:00+05:30,4048.3695163335024,4056.156641687885,3991.690371656323,4041.568115234375,1391283,0.0,0.0
2024-02-15 00:00:00+05:30,4069.069792846999,4087.108354491598,4024.7122006284635,4044.6240234375,1091582,0.0,0.0
2024-02-16 00:00:00+05:30,4054.530276916264,4088.735100962806,4041.568099272983,4069.365234375,1307556,0.0,0.0
2024-02-19 00:00:00+05:30,4064.1902801875176,4069.3653326321246,3997.1119357869316,4045.215087890625,772291,0.0,0.0
2024-02-20 00:00:00+05:30,4023.8248332233356,4039.497751663856,3952.7540224919626,3973.109130859375,1193648,0.0,0.0
2024-02-21 00:00:00+05:30,3955.71162719803,4005.3429421069222,3923.7742560489514,3934.5185546875,1885939,0.0,0.0
2024-02-22 00:00:00+05:30,3914.310743680604,4036.491208437783,3914.310743680604,4028.75341796875,2982052,0.0,0.0
2024-02-23 00:00:00+05:30,4071.0412424787924,4071.0412424787924,3988.6345970952943,3994.25341796875,2538072,0.0,0.0
2024-02-26 00:00:00+05:30,3978.383143926878,3992.1832836729077,3925.893326678586,3943.93212890625,1379284,0.0,0.0
2024-02-27 00:00:00+05:30,3941.911397722361,4065.1269327849504,3941.911397722361,4045.806640625,2960475,0.0,0.0
2024-02-28 00:00:00+05:30,4037.132654737462,4095.585914873983,4030.6267779093628,4060.1494140625,1939225,0.0,0.0
2024-02-29 00:00:00+05:30,4040.4838769179773,4079.0257930355665,4006.525723155945,4036.6396484375,3772719,0.0,0.0
2024-03-01 00:00:00+05:30,4048.5667992561753,4080.8983618694256,4028.457880326228,4035.900146484375,2043265,0.0,0.0
2024-03-04 00:00:00+05:30,4046.397971180433,4059.1137175073945,4017.713299775463,4022.44482421875,1749271,0.0,0.0
2024-03-05 00:00:00+05:30,4004.0120079870694,4005.9834565385154,3923.182617377778,3954.824462890625,2070859,0.0,0.0
2024-03-06 00:00:00+05:30,3937.0319252897025,4013.8690812057853,3901.9400462940425,4006.279052734375,1744204,0.0,0.0
2024-03-07 00:00:00+05:30,4006.969103489453,4065.1268346348106,3980.0587831504495,4049.94677734375,2688905,0.0,0.0
2024-03-11 00:00:00+05:30,4030.6264880386584,4093.712840504903,4030.6264880386584,4063.50048828125,2304068,0.0,0.0
2024-03-12 00:00:00+05:30,4063.500317326669,4169.564339210483,4062.2185870597186,4132.40234375,4039801,0.0,0.0
2024-03-13 00:00:00+05:30,4144.970331529906,4180.456403333728,4072.913795021678,4089.769775390625,2837260,0.0,0.0
2024-03-14 00:00:00+05:30,4094.156334434037,4164.684707789626,4027.669045213826,4147.533203125,2919608,0.0,0.0
2024-03-15 00:00:00+05:30,4132.7476345400055,4178.48514400608,4117.370239800282,4159.01708984375,3373143,0.0,0.0
2024-03-18 00:00:00+05:30,4155.0744155617385,4194.010525973858,4059.06496361779,4093.22021484375,1526904,0.0,0.0
2024-03-19 00:00:00+05:30,3993.415502855837,4000.0691417683397,3909.9740385337723,3920.521240234375,8931209,0.0,0.0
2024-03-20 00:00:00+05:30,3929.096935063351,3960.6401116619527,3903.6652007996604,3914.21240234375,1817913,0.0,0.0
2024-03-21 00:00:00+05:30,3933.089135420767,3951.1770312154736,3891.6393821179518,3916.233154296875,3829582,0.0,0.0
2024-03-22 00:00:00+05:30,3841.3676202065967,3881.782316749699,3799.967199357565,3855.069091796875,5852485,0.0,0.0
2024-03-26 00:00:00+05:30,3819.681441345805,3890.3578214326726,3816.182072152344,3822.145751953125,3440925,0.0,0.0
2024-03-27 00:00:00+05:30,3832.9886850488606,3839.3958925717657,3774.7322865400038,3786.068115234375,1968575,0.0,0.0
2024-03-28 00:00:00+05:30,3795.137206354676,3859.1106168702854,3785.6741568557677,3820.963134765625,4311783,0.0,0.0
2024-04-01 00:00:00+05:30,3842.0573541590775,3877.149233657871,3832.54521142588,3860.83544921875,1569676,0.0,0.0
2024-04-02 00:00:00+05:30,3834.4673993567408,3854.0341223225346,3817.710086814565,3828.35595703125,2142666,0.0,0.0
2024-04-03 00:00:00+05:30,3796.0239292816655,3924.1680764659336,3796.0239292816655,3890.94921875,3973090,0.0,0.0
2024-04-04 00:00:00+05:30,3919.141156215294,3971.138113147859,3879.0715595995416,3946.150146484375,3394637,0.0,0.0
2024-04-05 00:00:00+05:30,3921.2112040192874,3944.8685868489665,3903.9610290393134,3922.443359375,1636819,0.0,0.0
2024-04-08 00:00:00+05:30,3926.1398821195135,3975.0809972927836,3903.4682232471187,3915.839111328125,2302538,0.0,0.0
2024-04-09 00:00:00+05:30,3927.125284772988,3958.520697380505,3869.0168902490914,3890.2099609375,1876992,0.0,0.0
2024-04-10 00:00:00+05:30,3899.9191602646565,3933.2366866260836,3862.067446939629,3927.765869140625,2101965,0.0,0.0
2024-04-12 00:00:00+05:30,3914.310935003582,3956.0564525946997,3889.17496702509,3944.27685546875,4354821,0.0,0.0
2024-04-15 00:00:00+05:30,3944.2765818221774,4006.1801075819935,3863.1023411400815,3884.93603515625,4200329,0.0,0.0
2024-04-16 00:00:00+05:30,3846.2960395421064,3872.61482899581,3807.7050312557853,3817.512939453125,3051420,0.0,0.0
2024-04-18 00:00:00+05:30,3821.455955044585,3879.810784567582,3795.0384960836354,3806.8671875,3476284,0.0,0.0
2024-04-19 00:00:00+05:30,3783.2097194284243,3797.55205557869,3746.6392530279895,3771.578125,2957749,0.0,0.0
2024-04-22 00:00:00+05:30,3782.224089198063,3822.6387849648395,3757.5809820231993,3809.43017578125,1728883,0.0,0.0
2024-04-23 00:00:00+05:30,3821.7020461719912,3839.3957473773644,3805.486931262142,3819.385498046875,1807586,0.0,0.0
2024-04-24 00:00:00+05:30,3834.4672823654323,3842.3530762623277,3769.8530104916786,3776.35888671875,1317312,0.0,0.0
2024-04-25 00:00:00+05:30,3756.7923356852257,3818.350768969283,3756.5952389598806,3797.20703125,2856271,0.0,0.0
2024-04-26 00:00:00+05:30,3800.1148958604003,3821.4559711069987,3748.265942660609,3766.797607421875,2039178,0.0,0.0
2024-04-29 00:00:00+05:30,3783.2096783950938,3822.4415517476627,3764.6780143302517,3814.949951171875,1110693,0.0,0.0
2024-04-30 00:00:00+05:30,3816.724460556973,3826.3352724088404,3755.6095544220216,3766.107421875,2203078,0.0,0.0
2024-05-02 00:00:00+05:30,3724.115686272238,3815.8373792012935,3724.115686272238,3808.148681640625,2491044,0.0,0.0
2024-05-03 00:00:00+05:30,3834.6148320919924,3838.0157730456963,3743.3862515305887,3788.5322265625,2962234,0.0,0.0
2024-05-06 00:00:00+05:30,3797.995393764662,3883.704065978221,3797.995393764662,3865.073974609375,2053831,0.0,0.0
2024-05-07 00:00:00+05:30,3874.6851756935434,3931.068558237291,3857.6320969562785,3922.147705078125,2062112,0.0,0.0
2024-05-08 00:00:00+05:30,3904.45377166407,3927.421194922573,3882.3736446277253,3920.176025390625,1247685,0.0,0.0
2024-05-09 00:00:00+05:30,3905.439390803724,3914.3109088545148,3854.231065297169,3903.6650390625,1726486,0.0,0.0
2024-05-10 00:00:00+05:30,3906.030971277353,3916.87393792177,3829.5880083031457,3838.3115234375,1672489,0.0,0.0
2024-05-13 00:00:00+05:30,3829.045747177105,3898.539304951847,3814.7527459326543,3891.442138671875,931326,0.0,0.0
2024-05-14 00:00:00+05:30,3879.8105756097802,3889.4707212106064,3837.325764965336,3845.50732421875,1058317,0.0,0.0
2024-05-15 00:00:00+05:30,3848.760200251439,3870.889660763131,3820.174197995762,3825.004150390625,1115021,0.0,0.0
2024-05-16 00:00:00+05:30,3863.429176479737,3881.698230930955,3816.1675791234497,3873.208984375,2599399,28.0,0.0
2024-05-17 00:00:00+05:30,3891.130871686629,3892.123760401017,3802.7637761060955,3806.834716796875,2765804,0.0,0.0
2024-05-21 00:00:00+05:30,3803.359635417006,3817.408913871376,3782.9557236992146,3793.033447265625,1908117,0.0,0.0
2024-05-22 00:00:00+05:30,3807.728177829177,3813.9337322259003,3790.4023184344205,3804.74951171875,1311168,0.0,0.0
2024-05-23 00:00:00+05:30,3813.6355536995293,3877.2301192451187,3798.2954727713704,3865.76220703125,2095742,0.0,0.0
2024-05-24 00:00:00+05:30,3850.67054974672,3856.1811304395887,3816.962027309312,3822.125,1309452,0.0,0.0
2024-05-27 00:00:00+05:30,3827.585799209355,3880.556506388472,3814.0329659093472,3819.6923828125,1841538,0.0,0.0
2024-05-28 00:00:00+05:30,3830.564399045538,3842.479062806177,3802.7635169373793,3812.593017578125,1801993,0.0,0.0
2024-05-29 00:00:00+05:30,3821.529288695876,3821.529288695876,3772.977127360837,3776.60107421875,1568095,0.0,0.0
2024-05-30 00:00:00+05:30,3750.1405441889883,3767.416710258415,3689.0281974568825,3709.531494140625,2919230,0.0,0.0
2024-05-31 00:00:00+05:30,3713.403739811845,3723.1340975574863,3627.7670893950612,3644.8447265625,10956800,0.0,0.0
2024-06-03 00:00:00+05:30,3706.2547887523533,3724.871450877324,3669.716438074187,3676.517822265625,2156773,0.0,0.0
2024-06-04 00:00:00+05:30,3673.6882123780283,3718.3682041501934,3565.959787771808,3688.58154296875,3395997,0.0,0.0
2024-06-05 00:00:00+05:30,3689.574448571398,3756.89235163064,3673.6882292018763,3719.807861328125,2799670,0.0,0.0
2024-06-06 00:00:00+05:30,3754.112282445929,3812.593331592593,3714.8931776703103,3803.160888671875,4328036,0.0,0.0
2024-06-07 00:00:00+05:30,3810.0117428542812,3887.159144052281,3810.0117428542812,3866.2587890625,4552445,0.0,0.0
2024-06-10 00:00:00+05:30,3867.3014292416406,3878.1238189496194,3814.57894309045,3831.259521484375,1734661,0.0,0.0
2024-06-11 00:00:00+05:30,3817.656936449413,3852.3583469877426,3813.6853817691017,3824.70654296875,1419898,0.0,0.0
2024-06-12 00:00:00+05:30,3846.847847004095,3865.81211796179,3800.231771447925,3804.40185546875,2177001,0.0,0.0
2024-06-13 00:00:00+05:30,3829.373260352142,3862.3371173457667,3824.60734601951,3850.5712890625,1932323,0.0,0.0
2024-06-14 00:00:00+05:30,3861.3440334804677,3861.3440334804677,3800.7778246755543,3804.799072265625,1860730,0.0,0.0
2024-06-18 00:00:00+05:30,3798.8415643624126,3814.6780894177573,3768.0620170506086,3787.969482421875,1774045,0.0,0.0
2024-06-19 00:00:00+05:30,3800.4302073364515,3806.58631099227,3765.97701909007,3774.664794921875,1509050,0.0,0.0
2024-06-20 00:00:00+05:30,3769.0054028421846,3782.8561513501354,3753.168876988163,3760.317626953125,2846526,0.0,0.0
2024-06-21 00:00:00+05:30,3799.7850762312005,3850.223870955247,3771.0409966857305,3783.650634765625,4642195,0.0,0.0
2024-06-24 00:00:00+05:30,3781.664912167136,3829.571792905453,3764.3390524846395,3789.65771484375,1702154,0.0,0.0
2024-06-25 00:00:00+05:30,3789.856150417264,3820.2880919700933,3765.927435895861,3811.153564453125,1338808,0.0,0.0
2024-06-26 00:00:00+05:30,3817.160548108147,3839.4508505974786,3813.685437711898,3828.429931640625,1639845,0.0,0.0
2024-06-27 00:00:00+05:30,3803.756482542997,3913.96712455873,3790.9483157029526,3906.1728515625,4526556,0.0,0.0
2024-06-28 00:00:00+05:30,3889.939306349404,3931.8391600284103,3870.131225728638,3876.38623046875,2731571,0.0,0.0
2024-07-01 00:00:00+05:30,3856.3796035117416,3973.2425517696065,3856.3796035117416,3949.90966796875,2658723,0.0,0.0
2024-07-02 00:00:00+05:30,3965.200254333859,3994.7881425140804,3954.228786146697,3988.830810546875,2307449,0.0,0.0
2024-07-03 00:00:00+05:30,3991.412659441791,3997.469377603231,3926.87489256027,3937.052001953125,1821198,0.0,0.0
2024-07-04 00:00:00+05:30,3971.4059070618528,4018.5681196397627,3953.7821328880023,3992.355712890625,2518001,0.0,0.0
2024-07-05 00:00:00+05:30,3981.4835038944257,3998.114388854583,3959.6399534989946,3983.270751953125,1668616,0.0,0.0
2024-07-08 00:00:00+05:30,3993.3982206200517,4002.5824407942773,3949.7608121650283,3964.802978515625,1758882,0.0,0.0
2024-07-09 00:00:00+05:30,3956.6615146287127,3978.455373361395,3946.832013348387,3957.157958984375,1305801,0.0,0.0
2024-07-10 00:00:00+05:30,3955.3704835953586,3974.8311981811325,3874.2515290211427,3881.3505859375,2669716,0.0,0.0
2024-07-11 00:00:00+05:30,3903.0452547137083,3951.6967982092497,3867.8970937215686,3895.797119140625,4872189,0.0,0.0
2024-07-12 00:00:00+05:30,3951.6969375858503,4170.082996188316,3943.0588545700098,4154.19677734375,13509164,0.0,0.0
2024-07-15 00:00:00+05:30,4205.579352365772,4209.848580351494,4127.4882591306905,4139.55224609375,4848030,0.0,0.0
2024-07-16 00:00:00+05:30,4142.332001552796,4164.721449679784,4115.424618578997,4148.736328125,2029521,0.0,0.0
2024-07-18 00:00:00+05:30,4130.417189111958,4294.2438324301,4130.417189111958,4284.86083984375,5613364,0.0,0.0
2024-07-19 00:00:00+05:30,4296.653506457877,4337.804904546029,4264.658093996186,4281.7255859375,3903354,10.0,0.0
2024-07-22 00:00:00+05:30,4279.287597142805,4299.191490921889,4244.505348389891,4266.748046875,1896386,0.0,0.0
2024-07-23 00:00:00+05:30,4262.4191537532915,4340.741175678139,4245.799206900286,4281.67626953125,2365208,0.0,0.0
2024-07-24 00:00:00+05:30,4266.897228490113,4318.249371622304,4247.590548713197,4285.55712890625,1809793,0.0,0.0
2024-07-25 00:00:00+05:30,4274.361150208755,4322.130494844382,4253.66129524061,4301.72900390625,2810342,0.0,0.0
2024-07-26 00:00:00+05:30,4329.09692035124,4401.198970329675,4316.208954685657,4366.76513671875,3552210,0.0,0.0
2024-07-29 00:00:00+05:30,4393.784856672499,4409.70797280087,4349.996287319477,4360.0478515625,1746803,0.0,0.0
2024-07-30 00:00:00+05:30,4369.999800181439,4376.8665468264435,4306.506083043501,4344.37353515625,1797906,0.0,0.0
2024-07-31 00:00:00+05:30,4329.097112556377,4392.7895758215745,4324.121138863784,4364.27734375,2330091,0.0,0.0
2024-08-01 00:00:00+05:30,4378.259456556102,4398.063733856433,4344.074421497802,4375.970703125,2202244,0.0,0.0
2024-08-02 00:00:00+05:30,4344.02465785939,4376.866081389599,4249.4811658784865,4262.46826171875,2811282,0.0,0.0
2024-08-05 00:00:00+05:30,4218.630284567606,4218.630284567606,4090.7477670948683,4135.08349609375,2787771,0.0,0.0
2024-08-06 00:00:00+05:30,4150.907939581601,4237.788251125124,4140.806323627874,4151.15673828125,2203067,0.0,0.0
2024-08-07 00:00:00+05:30,4207.683043646967,4224.5517875927835,4160.212063752206,4180.265625,1237666,0.0,0.0
2024-08-08 00:00:00+05:30,4160.909101430457,4211.66403187125,4140.010012425425,4152.49951171875,2441283,0.0,0.0
2024-08-09 00:00:00+05:30,4196.7361494974875,4233.209938931106,4185.340975538091,4208.4296875,1302536,0.0,0.0
2024-08-12 00:00:00+05:30,4209.67380649438,4218.6305592741555,4166.233652699458,4175.48876953125,936912,0.0,0.0
2024-08-13 00:00:00+05:30,4192.755395880146,4213.654485202122,4162.8995539916095,4176.78271484375,1495593,0.0,0.0
2024-08-14 00:00:00+05:30,4188.774802334337,4285.507928708055,4168.02489411654,4274.6103515625,3226545,0.0,0.0
2024-08-16 00:00:00+05:30,4329.097170853388,4405.727166751252,4304.316918717559,4394.82958984375,3457058,0.0,0.0
2024-08-19 00:00:00+05:30,4399.755880363481,4472.653893988595,4369.253259221324,4468.42431640625,2055210,0.0,0.0
2024-08-20 00:00:00+05:30,4483.352582623953,4543.0642707388115,4478.376608614381,4501.564453125,2212298,0.0,0.0
2024-08-21 00:00:00+05:30,4496.28988211304,4538.088061628035,4470.961981342479,4529.62890625,1896990,0.0,0.0
2024-08-22 00:00:00+05:30,4538.087993877721,4539.033623250417,4475.589958862324,4480.36669921875,1829872,0.0,0.0
2024-08-23 00:00:00+05:30,4478.376334367272,4484.347502813095,4433.592571023599,4442.44970703125,1809253,0.0,0.0
2024-08-26 00:00:00+05:30,4467.42937721193,4530.27583051969,4463.448598083205,4480.81494140625,1844164,0.0,0.0
2024-08-27 00:00:00+05:30,4483.352415152695,4488.328388976394,4465.239676060454,4475.5400390625,930697,0.0,0.0
2024-08-28 00:00:00+05:30,4477.132733066114,4540.576403359632,4435.881713065986,4484.3974609375,1848058,0.0,0.0
2024-08-29 00:00:00+05:30,4438.568733505437,4534.107432701966,4438.568733505437,4490.11962890625,2133641,0.0,0.0
2024-08-30 00:00:00+05:30,4478.375962891161,4570.18267013043,4466.234393684477,4531.86767578125,3637222,0.0,0.0
2024-09-02 00:00:00+05:30,4554.010848990886,4565.953185133345,4490.31838956444,4499.32470703125,1216500,0.0,0.0
2024-09-03 00:00:00+05:30,4499.324894690949,4534.007527871544,4474.295844668771,4490.6669921875,1717263,0.0,0.0
2024-09-04 00:00:00+05:30,4455.437320672715,4465.438833514435,4415.380732072546,4457.72607421875,1265505,0.0,0.0
2024-09-05 00:00:00+05:30,4459.467433372758,4477.380937903155,4432.746358594601,4454.44189453125,1688793,0.0,0.0
2024-09-06 00:00:00+05:30,4452.452017774543,4497.23578425674,4418.664959576766,4435.33447265625,1649179,0.0,0.0
2024-09-09 00:00:00+05:30,4433.592951490221,4468.673569119857,4409.210678244091,4428.1689453125,1184938,0.0,0.0
2024-09-10 00:00:00+05:30,4421.1033222779215,4518.134815028686,4419.112932683034,4486.18896484375,1385591,0.0,0.0
2024-09-11 00:00:00+05:30,4499.723479595906,4527.4893158279965,4449.764508962515,4457.82568359375,1325919,0.0,0.0
2024-09-12 00:00:00+05:30,4488.577303655868,4510.820004409558,4410.0064805753545,4495.99169921875,2742216,0.0,0.0
2024-09-13 00:00:00+05:30,4508.232019420694,4525.15032942735,4483.352151763846,4500.86767578125,1458786,0.0,0.0
2024-09-16 00:00:00+05:30,4505.246427186617,4524.20469193302,4472.853033929719,4491.5625,1155120,0.0,0.0
2024-09-17 00:00:00+05:30,4491.562600547858,4514.004047262318,4444.539649708466,4483.9990234375,1699364,0.0,0.0
2024-09-18 00:00:00+05:30,4475.440417652989,4475.440417652989,4300.2365738803255,4325.265625,2961779,0.0,0.0
2024-09-19 00:00:00+05:30,4368.954050944716,4400.9499474857,4261.224230770516,4275.50537109375,2927551,0.0,0.0
2024-09-20 00:00:00+05:30,4296.155799946793,4309.889778037523,4207.185493092967,4264.3095703125,5447908,0.0,0.0
2024-09-23 00:00:00+05:30,4279.337404002431,4288.692137419543,4232.563250981939,4247.98876953125,1702319,0.0,0.0
2024-09-24 00:00:00+05:30,4231.219423792548,4270.3804321906,4219.625502793788,4250.77490234375,3012026,0.0,0.0
2024-09-25 00:00:00+05:30,4231.916717973479,4268.987724387413,4219.625964968712,4254.208984375,2713073,0.0,0.0
2024-09-26 00:00:00+05:30,4239.529220661037,4296.056082562562,4239.529220661037,4271.873046875,3964251,0.0,0.0
2024-09-27 00:00:00+05:30,4314.169031748763,4356.962403920665,4279.386782551355,4287.99560546875,3012477,0.0,0.0
2024-09-30 00:00:00+05:30,4266.300255654413,4278.093410571035,4239.579179561039,4247.98876953125,2503416,0.0,0.0
2024-10-01 00:00:00+05:30,4235.100763268349,4275.107786018728,4222.561698346075,4267.29541015625,1823365,0.0,0.0
2024-10-03 00:00:00+05:30,4242.117305474487,4258.438402445034,4189.769963611497,4212.41064453125,3350119,0.0,0.0
2024-10-04 00:00:00+05:30,4204.697837472992,4277.34705454649,4203.752208082306,4231.81689453125,2965463,0.0,0.0
2024-10-07 00:00:00+05:30,4253.362631179358,4276.60052515788,4209.076465987775,4252.31787109375,1472619,0.0,0.0
2024-10-08 00:00:00+05:30,4252.069127051097,4258.836256883247,4183.749105598339,4232.81201171875,1541867,0.0,0.0
2024-10-09 00:00:00+05:30,4239.529600431319,4274.361416397303,4226.2937047382175,4232.513671875,1082504,0.0,0.0
2024-10-10 00:00:00+05:30,4232.811817436818,4273.216819058745,4178.424524787105,4207.0859375,2378875,0.0,0.0
2024-10-11 00:00:00+05:30,4123.091805273089,4221.566519109232,4092.6888003588424,4129.26220703125,5759183,0.0,0.0
2024-10-14 00:00:00+05:30,4120.105972018656,4145.383819684157,4102.391701102295,4116.77197265625,2137590,0.0,0.0
2024-10-15 00:00:00+05:30,4111.199103401455,4149.9125681672385,4075.32252681289,4097.017578125,2759474,0.0,0.0
2024-10-16 00:00:00+05:30,4065.3705658795743,4095.226408468653,4047.656050683227,4075.272705078125,2359151,0.0,0.0
2024-10-17 00:00:00+05:30,4093.036916902333,4110.104896211079,4073.2824462028457,4089.25537109375,2522659,0.0,0.0
2024-10-18 00:00:00+05:30,4080.2763273735236,4136.292737475611,4070.300101634224,4113.24755859375,2361000,10.0,0.0
2024-10-21 00:00:00+05:30,4122.775226563061,4130.107850048016,4060.323954797378,4070.150634765625,1595450,0.0,0.0
2024-10-22 00:00:00+05:30,4056.333555373319,4080.0770223386526,3996.82546377182,4005.95361328125,1928049,0.0,0.0
2024-10-23 00:00:00+05:30,3990.091557134352,4103.770363230431,3985.651941595186,4056.5830078125,1966476,0.0,0.0
2024-10-24 00:00:00+05:30,3994.4808330998217,4069.302527026517,3994.4808330998217,4038.2763671875,2676744,0.0,0.0
2024-10-25 00:00:00+05:30,4047.404753161121,4082.271613760155,4023.1125458164493,4047.903564453125,1759676,0.0,0.0
2024-10-28 00:00:00+05:30,4059.2764306368204,4124.171829496109,4041.369153674102,4081.12451171875,1532534,0.0,0.0
2024-10-29 00:00:00+05:30,4086.112646536771,4093.744362045465,4050.4476383868687,4065.5615234375,1445885,0.0,0.0
2024-10-30 00:00:00+05:30,4065.3122479562453,4097.236172357374,4050.3978382371356,4074.939208984375,1935002,0.0,0.0
2024-10-31 00:00:00+05:30,4060.3240051797716,4068.604321519084,3950.5855185532914,3959.015380859375,3740372,0.0,0.0
2024-11-01 00:00:00+05:30,3980.364741330315,3989.4429611125925,3966.5975003464064,3974.72802734375,154895,0.0,0.0
2024-11-04 00:00:00+05:30,3956.87062069268,3982.409613462514,3903.94669233372,3954.7255859375,2269192,0.0,0.0
2024-11-05 00:00:00+05:30,3931.730607135672,3976.5237653727104,3931.730607135672,3961.90869140625,967590,0.0,0.0
2024-11-06 00:00:00+05:30,3994.0817519363486,4139.933876960973,3965.799055125364,4129.80810546875,3792017,0.0,0.0
2024-11-07 00:00:00+05:30,4159.787336273054,4195.801124048814,4075.3384332667383,4141.03173828125,3724349,0.0,0.0
2024-11-08 00:00:00+05:30,4145.1220944498655,4159.837028479501,4107.860791194804,4137.14111328125,1648039,0.0,0.0
2024-11-11 00:00:00+05:30,4118.385867474251,4224.233237059355,4107.860656630662,4188.71826171875,1406487,0.0,0.0
2024-11-12 00:00:00+05:30,4205.976775754615,4207.9720209044035,4154.4496671854,4187.4208984375,1587640,0.0,0.0
2024-11-13 00:00:00+05:30,4168.166936335564,4186.772499749115,4121.228502379121,4140.48291015625,1098813,0.0,0.0
2024-11-14 00:00:00+05:30,4125.169468070334,4150.110033173541,4106.66376361192,4136.04345703125,1825432,0.0,0.0
2024-11-18 00:00:00+05:30,4202.984067356694,4202.984067356694,3980.7137005323643,4009.944091796875,3313944,0.0,0.0
2024-11-19 00:00:00+05:30,4010.3431024386978,4122.32624236372,4004.5570860479797,4029.946533203125,1776233,0.0,0.0
2024-11-21 00:00:00+05:30,4035.2834902732247,4082.7204928271417,4014.433275703715,4063.167236328125,2384347,0.0,0.0
2024-11-22 00:00:00+05:30,4061.3214163077837,4244.834279917868,4044.361832894069,4234.5087890625,3096553,0.0,0.0
2024-11-25 00:00:00+05:30,4269.8246584798,4317.81040218259,4242.090945499517,4304.84130859375,4052167,0.0,0.0
2024-11-26 00:00:00+05:30,4310.776906050054,4356.218907385121,4299.75337125729,4342.35205078125,2060669,0.0,0.0
2024-11-27 00:00:00+05:30,4348.5871375123725,4366.992981830861,4313.769719793482,4322.24951171875,1558993,0.0,0.0
2024-11-28 00:00:00+05:30,4308.732038044275,4329.6324265013845,4222.93649387391,4234.80810546875,2558544,0.0,0.0
2024-11-29 00:00:00+05:30,4209.967568343767,4288.480665473612,4185.67535947675,4260.69677734375,2017425,0.0,0.0
2024-12-02 00:00:00+05:30,4259.848329278071,4278.005254710035,4219.993113175897,4266.482421875,1670944,0.0,0.0
2024-12-03 00:00:00+05:30,4304.0930270344115,4314.717609967825,4255.309380845213,4292.5205078125,2010905,0.0,0.0
2024-12-04 00:00:00+05:30,4303.294869994538,4376.520760208883,4278.85311573444,4344.0478515625,3302642,0.0,0.0
2024-12-05 00:00:00+05:30,4390.337381715646,4478.327890655097,4349.634574127026,4453.43701171875,3746747,0.0,0.0
2024-12-06 00:00:00+05:30,4442.4133216481205,4454.384792535113,4402.259013047999,4434.93115234375,1842087,0.0,0.0
2024-12-09 00:00:00+05:30,4419.917311205773,4458.7744198029895,4405.052344540118,4441.5654296875,2066639,0.0,0.0
2024-12-10 00:00:00+05:30,4415.627031739154,4483.116101037371,4401.610629507514,4422.01171875,2087828,0.0,0.0
2024-12-11 00:00:00+05:30,4421.313758363722,4438.073622972398,4396.522739659736,4416.92431640625,1635256,0.0,0.0
2024-12-12 00:00:00+05:30,4419.517694897249,4474.337250258611,4415.47751831541,4444.35888671875,1914642,0.0,0.0
2024-12-13 00:00:00+05:30,4424.406563710448,4484.213746564931,4383.952674834549,4463.263671875,1967048,0.0,0.0
2024-12-16 00:00:00+05:30,4448.39928945305,4464.361251469477,4386.5466866393945,4404.70361328125,1646224,0.0,0.0
2024-12-17 00:00:00+05:30,4399.5157154705,4422.411349246116,4307.734435238463,4318.20947265625,3225027,0.0,0.0
2024-12-18 00:00:00+05:30,4301.449711036634,4351.629934738984,4279.402153374645,4337.513671875,1575404,0.0,0.0
2024-12-19 00:00:00+05:30,4271.82022690751,4353.625284965991,4251.867773722515,4261.744140625,3015763,0.0,0.0
2024-12-20 00:00:00+05:30,4318.708152329051,4371.582149112012,4142.627766815982,4160.38525390625,4116989,0.0,0.0
2024-12-23 00:00:00+05:30,4190.064808055705,4206.97470678817,4105.117336999115,4148.4140625,2195338,0.0,0.0
2024-12-24 00:00:00+05:30,4148.41368350807,4207.971945003141,4148.41368350807,4169.5634765625,1181886,0.0,0.0
2024-12-26 00:00:00+05:30,4169.563654172128,4189.965231177923,4133.299975260031,4159.1884765625,1208464,0.0,0.0
2024-12-27 00:00:00+05:30,4153.103031169175,4171.010552322772,4137.390474661629,4154.94873046875,858100,0.0,0.0
2024-12-30 00:00:00+05:30,4141.131336367655,4189.316312212475,4102.224055683883,4148.91259765625,1527169,0.0,0.0
2024-12-31 00:00:00+05:30,4125.169566477492,4130.107993333899,4022.4643656444655,4085.065185546875,1555429,0.0,0.0
2025-01-01 00:00:00+05:30,4084.665959274456,4124.171912463796,4075.737285534502,4102.67333984375,763161,0.0,0.0
2025-01-02 00:00:00+05:30,4110.205291526971,4173.055518072165,4087.2102844407514,4165.82275390625,1720835,0.0,0.0
2025-01-03 00:00:00+05:30,4170.012814052736,4170.012814052736,4082.5710463485834,4090.15283203125,1791953,0.0,0.0
2025-01-06 00:00:00+05:30,4095.739685997596,4139.784627457154,4056.732543944963,4085.2646484375,2085593,0.0,0.0
2025-01-07 00:00:00+05:30,4105.1672884462705,4130.506804912367,4002.0129660800494,4018.72314453125,2669054,0.0,0.0
2025-01-08 00:00:00+05:30,4025.3075474626567,4116.191068626907,4008.1984163780307,4098.6328125,2181277,0.0,0.0
2025-01-09 00:00:00+05:30,4091.250440575635,4127.913072541291,4015.7304555516193,4029.248291015625,2392472,0.0,0.0
2025-01-10 00:00:00+05:30,4190.014962137927,4286.784355311112,4160.086283836942,4255.5087890625,7894300,0.0,0.0
2025-01-13 00:00:00+05:30,4234.907938202855,4312.672814743107,4217.3496830137865,4280.8984375,4003771,0.0,0.0
2025-01-14 00:00:00+05:30,4291.77260411065,4303.644216121458,4209.01961114277,4222.986328125,3441709,0.0,0.0
2025-01-15 00:00:00+05:30,4207.972098937158,4246.330882501332,4197.447375425011,4239.4970703125,1653474,0.0,0.0
2025-01-16 00:00:00+05:30,4249.872333885348,4283.791502747344,4181.884450193402,4196.2998046875,2637705,0.0,0.0
2025-01-17 00:00:00+05:30,4159.89990234375,4160.60009765625,4100.0498046875,4124.2998046875,1761466,10.0,0.0
2025-01-20 00:00:00+05:30,4145.7998046875,4145.7998046875,4068.10009765625,4077.800048828125,1287799,0.0,0.0
2025-01-21 00:00:00+05:30,4095.300048828125,4111.0,4030.0,4035.85009765625,1971591,0.0,0.0
2025-01-22 00:00:00+05:30,4050.0,4163.14990234375,4044.199951171875,4156.60009765625,2409223,0.0,0.0
2025-01-23 00:00:00+05:30,4168.0,4191.35009765625,4140.0498046875,4145.4501953125,1822998,0.0,0.0
2025-01-24 00:00:00+05:30,4104.0,4178.0,4104.0,4152.35009765625,1910099,0.0,0.0
2025-01-27 00:00:00+05:30,4102.0,4156.35009765625,4041.050048828125,4065.14990234375,1551782,0.0,0.0
2025-01-28 00:00:00+05:30,4070.800048828125,4102.0,4028.300048828125,4040.300048828125,2468272,0.0,0.0
2025-01-29 00:00:00+05:30,4054.0,4107.85009765625,4054.0,4099.7998046875,1217089,0.0,0.0
2025-01-30 00:00:00+05:30,4099.89990234375,4129.89990234375,4058.5,4100.0498046875,1531251,0.0,0.0
2025-01-31 00:00:00+05:30,4110.0,4128.4501953125,4085.25,4112.39990234375,1492943,0.0,0.0
2025-02-01 00:00:00+05:30,4113.0,4135.89990234375,4056.0,4073.14990234375,437172,0.0,0.0
2025-02-03 00:00:00+05:30,4030.89990234375,4077.0,3998.699951171875,4068.64990234375,1265713,0.0,0.0
2025-02-04 00:00:00+05:30,4083.699951171875,4118.85009765625,4066.050048828125,4107.0498046875,2547132,0.0,0.0
2025-02-05 00:00:00+05:30,4150.0,4150.0,4076.0,4091.10009765625,1693912,0.0,0.0
2025-02-06 00:00:00+05:30,4105.39990234375,4139.5,4051.550048828125,4082.75,2284536,0.0,0.0
2025-02-07 00:00:00+05:30,4090.0,4090.0,4008.0,4029.39990234375,1548940,0.0,0.0
2025-02-10 00:00:00+05:30,4040.0,4052.0,4014.35009765625,4036.949951171875,1339511,0.0,0.0
2025-02-11 00:00:00+05:30,4018.39990234375,4040.0,3955.0,3963.550048828125,1810908,0.0,0.0
2025-02-12 00:00:00+05:30,3971.10009765625,4021.75,3940.14990234375,3950.14990234375,1678002,0.0,0.0
2025-02-13 00:00:00+05:30,3968.0,3984.449951171875,3902.25,3910.14990234375,2277310,0.0,0.0
2025-02-14 00:00:00+05:30,3925.0,3948.0,3900.0,3934.85009765625,1681975,0.0,0.0
2025-02-17 00:00:00+05:30,3856.5,3934.0,3856.199951171875,3904.5,1799806,0.0,0.0
2025-02-18 00:00:00+05:30,3898.39990234375,3924.39990234375,3864.5,3873.199951171875,2149879,0.0,0.0
2025-02-19 00:00:00+05:30,3872.199951171875,3874.949951171875,3768.14990234375,3784.10009765625,4366672,0.0,0.0
2025-02-20 00:00:00+05:30,3761.5,3788.0,3751.300048828125,3779.39990234375,2888572,0.0,0.0
2025-02-21 00:00:00+05:30,3776.10009765625,3817.0,3775.0,3786.0,1833931,0.0,0.0
2025-02-24 00:00:00+05:30,3743.14990234375,3763.199951171875,3670.0,3675.60009765625,2508516,0.0,0.0
2025-02-25 00:00:00+05:30,3625.0,3658.0,3621.25,3629.550048828125,4101954,0.0,0.0
2025-02-27 00:00:00+05:30,3611.699951171875,3638.0,3600.699951171875,3612.550048828125,3823856,0.0,0.0
2025-02-28 00:00:00+05:30,3584.949951171875,3600.0,3457.0,3483.25,7085018,0.0,0.0
2025-03-03 00:00:00+05:30,3485.0,3523.25,3476.14990234375,3493.050048828125,4990439,0.0,0.0
2025-03-04 00:00:00+05:30,3474.0,3551.0,3464.300048828125,3532.050048828125,2797737,0.0,0.0
2025-03-05 00:00:00+05:30,3520.85009765625,3600.35009765625,3520.85009765625,3547.050048828125,2501894,0.0,0.0
2025-03-06 00:00:00+05:30,3557.0,3609.449951171875,3536.10009765625,3601.60009765625,2786513,0.0,0.0
2025-03-07 00:00:00+05:30,3600.0,3625.0,3574.39990234375,3611.199951171875,2051315,0.0,0.0
2025-03-10 00:00:00+05:30,3606.5,3622.10009765625,3582.60009765625,3589.64990234375,1004626,0.0,0.0
2025-03-11 00:00:00+05:30,3558.0,3588.75,3537.64990234375,3575.300048828125,1995450,0.0,0.0
2025-03-12 00:00:00+05:30,3565.0,3569.25,3486.85009765625,3506.199951171875,3174167,0.0,0.0
2025-03-13 00:00:00+05:30,3502.300048828125,3524.300048828125,3484.10009765625,3511.050048828125,1693004,0.0,0.0
2025-03-17 00:00:00+05:30,3489.0,3530.449951171875,3477.35009765625,3497.699951171875,2690906,0.0,0.0
2025-03-18 00:00:00+05:30,3497.699951171875,3497.699951171875,3497.699951171875,3497.699951171875,0,0.0,0.0
2025-03-19 00:00:00+05:30,3547.0,3547.0,3462.75,3497.10009765625,3051244,0.0,0.0
2025-03-20 00:00:00+05:30,3512.0,3578.949951171875,3512.0,3563.14990234375,2845192,0.0,0.0
2025-03-21 00:00:00+05:30,3475.0,3616.25,3465.0,3578.10009765625,4161925,0.0,0.0
2025-03-24 00:00:00+05:30,3600.0,3649.75,3566.60009765625,3628.949951171875,1834751,0.0,0.0
2025-03-25 00:00:00+05:30,3645.0,3710.0,3638.0,3657.75,3135390,0.0,0.0
2025-03-26 00:00:00+05:30,3647.75,3680.5,3625.85009765625,3635.800048828125,1734499,0.0,0.0
2025-03-27 00:00:00+05:30,3614.85009765625,3663.0,3610.5,3651.199951171875,2528474,0.0,0.0
2025-03-28 00:00:00+05:30,3651.0,3660.949951171875,3591.89990234375,3606.14990234375,2051919,0.0,0.0
2025-04-01 00:00:00+05:30,3572.699951171875,3584.0,3525.0,3550.800048828125,2618493,0.0,0.0
2025-04-02 00:00:00+05:30,3544.0,3564.10009765625,3530.050048828125,3543.949951171875,1764313,0.0,0.0
2025-04-03 00:00:00+05:30,3491.0,3502.0,3396.14990234375,3403.14990234375,4537821,0.0,0.0
2025-04-04 00:00:00+05:30,3362.60009765625,3399.64990234375,3295.5,3299.39990234375,5317367,0.0,0.0
2025-04-07 00:00:00+05:30,3100.0,3291.39990234375,3056.050048828125,3274.050048828125,6623955,0.0,0.0
2025-04-08 00:00:00+05:30,3302.050048828125,3349.0,3255.300048828125,3292.949951171875,5557558,0.0,0.0
2025-04-09 00:00:00+05:30,3260.550048828125,3270.0,3212.050048828125,3246.60009765625,2990265,0.0,0.0
2025-04-11 00:00:00+05:30,3289.550048828125,3298.949951171875,3206.0,3231.5,7108961,0.0,0.0
2025-04-15 00:00:00+05:30,3314.39990234375,3314.39990234375,3238.60009765625,3248.199951171875,3512160,0.0,0.0
2025-04-16 00:00:00+05:30,3248.199951171875,3278.10009765625,3229.0,3273.800048828125,2384391,0.0,0.0
2025-04-17 00:00:00+05:30,3245.5,3303.60009765625,3218.0,3298.89990234375,2932346,0.0,0.0
2025-04-21 00:00:00+05:30,3290.10009765625,3354.0,3284.10009765625,3321.60009765625,2432946,0.0,0.0
2025-04-22 00:00:00+05:30,3322.60009765625,3333.89990234375,3295.0,3314.39990234375,2710498,0.0,0.0
2025-04-23 00:00:00+05:30,3365.0,3420.89990234375,3337.300048828125,3413.0,3543923,0.0,0.0
2025-04-24 00:00:00+05:30,3401.10009765625,3412.5,3387.699951171875,3401.60009765625,2252175,0.0,0.0
2025-04-25 00:00:00+05:30,3420.0,3477.800048828125,3405.0,3448.0,2742991,0.0,0.0
2025-04-28 00:00:00+05:30,3435.0,3457.800048828125,3405.0,3443.5,1593296,0.0,0.0
2025-04-29 00:00:00+05:30,3455.0,3495.0,3430.39990234375,3472.5,1578332,0.0,0.0
2025-04-30 00:00:00+05:30,3472.0,3509.89990234375,3366.0,3453.699951171875,2809332,0.0,0.0
2025-05-02 00:00:00+05:30,3472.0,3491.5,3420.0,3431.0,1721761,0.0,0.0
2025-05-05 00:00:00+05:30,3450.0,3504.5,3446.39990234375,3454.300048828125,1284443,0.0,0.0
2025-05-06 00:00:00+05:30,3460.0,3473.0,3437.0,3460.0,1324763,0.0,0.0
2025-05-07 00:00:00+05:30,3420.60009765625,3459.5,3420.60009765625,3445.10009765625,1477128,0.0,0.0
2025-05-08 00:00:00+05:30,3448.0,3477.0,3428.699951171875,3448.89990234375,2543591,0.0,0.0
2025-05-09 00:00:00+05:30,3399.0,3446.199951171875,3398.10009765625,3440.300048828125,2531757,0.0,0.0
2025-05-12 00:00:00+05:30,3505.0,3630.5,3502.199951171875,3620.39990234375,2228678,0.0,0.0
2025-05-13 00:00:00+05:30,3620.39990234375,3623.0,3510.5,3515.0,3062887,0.0,0.0
2025-05-14 00:00:00+05:30,3521.0,3561.0,3508.60009765625,3548.699951171875,2119499,0.0,0.0
2025-05-15 00:00:00+05:30,3564.0,3600.0,3514.10009765625,3579.89990234375,3548330,0.0,0.0
2025-05-16 00:00:00+05:30,3593.89990234375,3593.89990234375,3546.10009765625,3561.300048828125,1666727,0.0,0.0
2025-05-19 00:00:00+05:30,3550.0,3550.0,3503.699951171875,3518.800048828125,2537377,0.0,0.0
2025-05-20 00:00:00+05:30,3531.800048828125,3558.0,3494.0,3498.300048828125,2038374,0.0,0.0
2025-05-21 00:00:00+05:30,3508.0,3537.0,3498.300048828125,3525.800048828125,1440153,0.0,0.0
2025-05-22 00:00:00+05:30,3495.0,3497.800048828125,3451.300048828125,3477.0,2034383,0.0,0.0
2025-05-23 00:00:00+05:30,3477.0,3535.0,3465.60009765625,3514.60009765625,1274331,0.0,0.0
2025-05-26 00:00:00+05:30,3521.0,3545.0,3510.10009765625,3537.300048828125,967470,0.0,0.0
2025-05-27 00:00:00+05:30,3532.0,3540.0,3483.10009765625,3498.699951171875,2467680,0.0,0.0
2025-05-28 00:00:00+05:30,3520.0,3529.0,3493.0,3497.699951171875,1222933,0.0,0.0
2025-05-29 00:00:00+05:30,3504.699951171875,3532.5,3486.5,3498.10009765625,3188072,0.0,0.0
