timestamp,Open,High,Low,Close,Volume,Dividends,Stock Splits
2020-06-01 00:00:00+05:30,465.54566812078303,479.63738345493016,464.29209912968616,469.9114990234375,4913055,0.0,0.0
2020-06-02 00:00:00+05:30,469.95478498562153,474.0612701381927,465.1134762280608,473.3264465332031,3878973,0.0,0.0
2020-06-03 00:00:00+05:30,478.94584722643896,488.8878639107423,475.4877544666812,478.2974548339844,4942023,0.0,0.0
2020-06-04 00:00:00+05:30,481.5394990063044,505.7461524572497,480.37241360716064,503.239013671875,10915145,0.0,0.0
2020-06-05 00:00:00+05:30,508.33961652847046,513.1377094985647,497.100815482773,501.2937316894531,6207096,0.0,0.0
2020-06-08 00:00:00+05:30,506.437626424113,518.2383879620803,501.5098341522265,510.0686340332031,4791151,0.0,0.0
2020-06-09 00:00:00+05:30,513.5267477560313,523.3390643381136,505.7460394566976,506.7834777832031,5665593,0.0,0.0
2020-06-10 00:00:00+05:30,511.36543866964234,516.033884744577,503.58473038895465,510.50091552734375,3438670,0.0,0.0
2020-06-11 00:00:00+05:30,510.9332036173885,510.9332036173885,488.23946995417964,494.3775634765625,3378322,0.0,0.0
2020-06-12 00:00:00+05:30,475.48766505597087,485.7755101882465,475.48766505597087,479.5509338378906,3603893,0.0,0.0
2020-06-15 00:00:00+05:30,481.5394181129615,484.56524928602323,469.7819238041593,474.4503173828125,3944724,0.0,0.0
2020-06-16 00:00:00+05:30,481.49619573287686,481.49619573287686,459.19150823849657,461.0502014160156,4262594,0.0,0.0
2020-06-17 00:00:00+05:30,459.06176129993776,471.16508457338244,456.81402236996166,462.9953308105469,6139224,0.0,0.0
2020-06-18 00:00:00+05:30,462.56309730117397,466.8424974140639,459.0617891238295,463.2979736328125,2658663,0.0,0.0
2020-06-19 00:00:00+05:30,465.5457656086786,469.39290458711935,459.8399333205563,465.84832763671875,5570067,0.0,0.0
2020-06-22 00:00:00+05:30,468.4851167942911,478.2974334549882,465.372801789839,474.1909484863281,4352621,0.0,0.0
2020-06-23 00:00:00+05:30,473.7587105896981,484.2194201367065,470.7760950153882,483.0955505371094,4438315,0.0,0.0
2020-06-24 00:00:00+05:30,483.0955387386514,489.32011614034116,479.2916684355071,484.95428466796875,3500477,0.0,0.0
2020-06-25 00:00:00+05:30,482.4039548003931,488.97431013917924,477.2600311090266,479.0755615234375,2386979,0.0,0.0
2020-06-26 00:00:00+05:30,480.24265023398715,497.05763746960923,477.7355117815071,484.8678283691406,5288935,0.0,0.0
2020-06-29 00:00:00+05:30,483.1820662210353,483.1820662210353,466.1509476184693,468.18255615234375,3304988,0.0,0.0
2020-06-30 00:00:00+05:30,472.8940915972093,474.53670644053767,468.18243058836515,469.7818298339844,2356985,0.0,0.0
2020-07-01 00:00:00+05:30,470.3005917022155,473.19672313650665,463.4276221341886,471.9432067871094,3662491,0.0,0.0
2020-07-02 00:00:00+05:30,475.40134129314777,486.2943127931913,469.00384833832226,484.8678283691406,5966748,0.0,0.0
2020-07-03 00:00:00+05:30,489.23370484499145,494.723406112985,485.0407356235669,490.3575744628906,4007490,0.0,0.0
2020-07-06 00:00:00+05:30,497.05762621753536,508.3396434656803,495.4150110249833,502.7634582519531,4909636,0.0,0.0
2020-07-07 00:00:00+05:30,504.7517980943066,512.2299441234744,498.916267085305,507.3453674316406,5126702,0.0,0.0
2020-07-08 00:00:00+05:30,510.0254676421844,513.4403448036353,498.05178977393854,504.40606689453125,3391014,0.0,0.0
2020-07-09 00:00:00+05:30,504.4060721912644,508.0802957956204,494.5504865930566,499.0892333984375,2498146,0.0,0.0
2020-07-10 00:00:00+05:30,494.50729654375823,494.50729654375823,485.30010287046616,491.9137268066406,3959401,0.0,0.0
2020-07-13 00:00:00+05:30,494.4640018650196,520.2699955161801,493.210432805942,518.757080078125,11008252,0.0,0.0
2020-07-14 00:00:00+05:30,514.3480701494051,521.9990790915015,512.2731934364773,517.2442016601562,5525588,0.0,0.0
2020-07-15 00:00:00+05:30,522.1719997123322,544.6496023489558,520.4429533556689,531.9411010742188,11907668,0.0,0.0
2020-07-16 00:00:00+05:30,542.0560079506587,552.3870700111132,508.4260367495903,518.1951904296875,13009798,0.0,0.0
2020-07-17 00:00:00+05:30,522.4745296815565,522.4745296815565,510.241559118039,518.4545288085938,3307397,0.0,0.0
2020-07-20 00:00:00+05:30,522.0422615104186,541.1482539979465,517.4170839550195,538.4682006835938,5461610,0.0,0.0
2020-07-21 00:00:00+05:30,544.6496132719357,546.2057444708795,531.9843273488507,536.6095581054688,4218944,0.0,0.0
2020-07-22 00:00:00+05:30,534.2753323055288,541.5805638263984,528.699147167525,534.2321166992188,2879564,0.0,0.0
2020-07-23 00:00:00+05:30,534.2320656523405,553.1016380919671,529.0461822218572,551.227783203125,5038587,5.0,0.0
2020-07-24 00:00:00+05:30,551.2713962087122,571.230492543817,544.9524750663988,568.7900390625,12276883,0.0,0.0
2020-07-27 00:00:00+05:30,572.6249397615923,585.4806747105778,560.2485605611887,579.205322265625,11521949,0.0,0.0
2020-07-28 00:00:00+05:30,583.9555001208485,612.4995935969048,581.3407740009043,596.4625854492188,23296517,0.0,0.0
2020-07-29 00:00:00+05:30,598.7286783476901,605.9627428840897,584.8270413163958,589.5335693359375,5436716,0.0,0.0
2020-07-30 00:00:00+05:30,592.6711679962486,599.0772247833979,583.5631960251953,588.0953979492188,5126995,0.0,0.0
2020-07-31 00:00:00+05:30,591.3203231636916,597.4213507820429,587.0060144227954,594.109375,3114793,0.0,0.0
2020-08-03 00:00:00+05:30,597.8571272337163,598.7287025913872,583.5632700892179,587.0931396484375,3092967,0.0,0.0
2020-08-04 00:00:00+05:30,588.3132409390876,589.7513612511849,566.6981873187449,568.8335571289062,5559046,0.0,0.0
2020-08-05 00:00:00+05:30,570.8819262622269,576.547166751852,560.030801146596,565.26025390625,5139353,0.0,0.0
2020-08-06 00:00:00+05:30,571.7535286889739,581.2101015966705,565.7832577854783,575.5448608398438,8644001,0.0,0.0
2020-08-07 00:00:00+05:30,573.278767740343,582.2124163444305,570.3590111825832,577.3751831054688,3823897,0.0,0.0
2020-08-10 00:00:00+05:30,582.2123330674766,599.0772947900625,577.592994357636,594.2836303710938,5362182,0.0,0.0
2020-08-11 00:00:00+05:30,601.4740055212426,604.8296018548414,585.7856524095214,588.138916015625,4331864,0.0,0.0
2020-08-12 00:00:00+05:30,588.3133570818201,604.8732886144935,586.2651763025265,603.1737060546875,4355435,0.0,0.0
2020-08-13 00:00:00+05:30,606.529275493955,615.1578390878138,596.4189700468194,607.5315551757812,7108877,0.0,0.0
2020-08-14 00:00:00+05:30,603.1300710968768,619.6900007946235,603.1300710968768,606.5292358398438,6476545,0.0,0.0
2020-08-17 00:00:00+05:30,614.2863022742458,631.3692112256407,608.9261457353952,628.4494018554688,7657241,0.0,0.0
2020-08-18 00:00:00+05:30,631.8920808884247,634.5068067403768,618.9927773248077,621.4767456054688,4752247,0.0,0.0
2020-08-19 00:00:00+05:30,623.1763376773532,635.3783918416651,617.9468858926482,633.373779296875,6506907,0.0,0.0
2020-08-20 00:00:00+05:30,627.5342621140582,637.9931664826257,624.222286370026,633.1123657226562,6610632,0.0,0.0
2020-08-21 00:00:00+05:30,637.1215530256892,642.0459748168255,636.2499777137526,638.5160522460938,4207706,0.0,0.0
2020-08-24 00:00:00+05:30,640.56425755422,640.56425755422,626.880515128271,629.713134765625,2385907,0.0,0.0
2020-08-25 00:00:00+05:30,633.6352914606475,645.2708013250052,622.6098417954635,643.7455444335938,4585917,0.0,0.0
2020-08-26 00:00:00+05:30,645.7938014269661,645.8373695574936,633.6353139923048,638.7340087890625,3157074,0.0,0.0
2020-08-27 00:00:00+05:30,640.6079354003089,650.5002951648685,638.3854287127582,641.130859375,3207076,0.0,0.0
2020-08-28 00:00:00+05:30,645.837316620725,660.9591272494118,644.9657412946511,655.7296752929688,4223327,0.0,0.0
2020-08-31 00:00:00+05:30,662.1356860176483,675.2093139374515,638.0801787271733,645.8372192382812,7224350,0.0,0.0
2020-09-01 00:00:00+05:30,644.0941850856689,655.9475885933947,629.8875174883501,634.3760986328125,3563888,0.0,0.0
2020-09-02 00:00:00+05:30,636.3806603247367,649.9772123106048,634.6375099062034,640.7821044921875,3467486,0.0,0.0
2020-09-03 00:00:00+05:30,644.9221503742185,664.1403749955703,638.95182768358,662.0050048828125,4606227,0.0,0.0
2020-09-04 00:00:00+05:30,651.0668308029957,661.0028117485653,648.0598850013043,652.1127319335938,2954845,0.0,0.0
2020-09-07 00:00:00+05:30,653.4200585197995,655.3375349525805,639.7798828469078,651.1539306640625,3367905,0.0,0.0
2020-09-08 00:00:00+05:30,652.3741097264847,670.241403312848,649.3235961873495,655.6425170898438,5237241,0.0,0.0
2020-09-09 00:00:00+05:30,655.3811446950302,662.3537480229716,649.0622229290834,656.601318359375,3038259,0.0,0.0
2020-09-10 00:00:00+05:30,659.477454388231,661.0027111224432,644.3555914195726,653.6814575195312,3737568,0.0,0.0
2020-09-11 00:00:00+05:30,653.1584934590577,671.635845631089,651.502479256503,666.8858032226562,4917946,0.0,0.0
2020-09-14 00:00:00+05:30,671.2436914756597,694.2968139857421,671.1129339111405,689.1981201171875,9021887,0.0,0.0
2020-09-15 00:00:00+05:30,689.1982845777284,699.9622200673331,675.4709712902176,689.5469360351562,6339704,0.0,0.0
2020-09-16 00:00:00+05:30,690.2877197265625,692.2487643848766,683.3151164970012,690.2877197265625,4279003,0.0,0.0
2020-09-17 00:00:00+05:30,686.8013128278376,707.2397635507028,680.9617478789143,685.8861694335938,7591219,0.0,0.0
2020-09-18 00:00:00+05:30,691.159236481432,704.9301160519292,686.8013598327472,701.3131103515625,6281494,0.0,0.0
2020-09-21 00:00:00+05:30,703.3612559449676,723.4074875270423,683.5764863093993,686.1476440429688,10789179,0.0,0.0
2020-09-22 00:00:00+05:30,691.1592191373672,706.8475746789469,672.856137672191,697.6524658203125,9053623,0.0,0.0
2020-09-23 00:00:00+05:30,708.1114028720244,708.1114028720244,682.5306344630851,691.2028198242188,6091530,0.0,0.0
2020-09-24 00:00:00+05:30,686.7577853056772,686.7577853056772,651.5461210337476,655.2938842773438,5929066,0.0,0.0
2020-09-25 00:00:00+05:30,658.0829510763921,677.5190705559255,652.5049008078497,673.1611938476562,6986586,0.0,0.0
2020-09-28 00:00:00+05:30,679.2622258432007,683.6637239057752,672.8561683173201,679.3058471679688,3604366,0.0,0.0
2020-09-29 00:00:00+05:30,684.1866333687448,688.5445100144055,665.8835514569695,669.5006103515625,7041805,0.0,0.0
2020-09-30 00:00:00+05:30,673.727725848965,692.7280572840128,667.3216684924848,690.0697631835938,5433474,0.0,0.0
2020-10-01 00:00:00+05:30,695.6913978775448,719.3546347687219,695.3863146120564,716.8706665039062,10104719,0.0,0.0
2020-10-05 00:00:00+05:30,716.9142987510336,741.6670601509212,716.30418536222,733.2127685546875,8551125,0.0,0.0
2020-10-06 00:00:00+05:30,745.1534431033093,745.1534431033093,725.5865635724278,738.5730590820312,4902535,0.0,0.0
2020-10-07 00:00:00+05:30,738.2242600528263,739.2265929006586,729.7264010970824,737.65771484375,3943817,0.0,0.0
2020-10-08 00:00:00+05:30,751.2979729559554,773.566713139142,747.506641354885,749.8162841796875,11398839,0.0,0.0
2020-10-09 00:00:00+05:30,749.9905979851646,751.6901805781102,736.6990737326674,744.4561157226562,5306496,0.0,0.0
2020-10-12 00:00:00+05:30,750.4264040970266,753.7383799101394,739.4445755596685,746.8529663085938,3343240,0.0,0.0
2020-10-13 00:00:00+05:30,746.8529907247733,766.8992251713363,741.7106745228281,756.7017822265625,7327471,0.0,0.0
2020-10-14 00:00:00+05:30,757.3989959272506,761.5825470605733,737.0041110067855,739.8367309570312,5346616,0.0,0.0
2020-10-15 00:00:00+05:30,743.4538107979332,748.1167178753553,703.0998807105001,708.06787109375,8893099,0.0,0.0
2020-10-16 00:00:00+05:30,708.7650890492154,721.9258556258928,696.2143826634099,717.088623046875,7978964,0.0,0.0
2020-10-19 00:00:00+05:30,721.6643816716352,729.1599083185154,712.5999768550358,718.308837890625,4558879,0.0,0.0
2020-10-20 00:00:00+05:30,715.2147332067797,743.366660445966,714.3431578296344,740.7083129882812,7382532,0.0,0.0
2020-10-21 00:00:00+05:30,741.7977743557793,747.1144160181185,726.8502887140397,737.265625,4818496,0.0,0.0
2020-10-22 00:00:00+05:30,736.3504438114472,744.238243614582,722.361669501163,729.9008178710938,3962610,0.0,0.0
2020-10-23 00:00:00+05:30,732.1232851873342,747.332285501109,726.5016136081555,739.3137817382812,7356677,0.0,0.0
2020-10-26 00:00:00+05:30,723.4073970213801,744.93531453594,709.462194187233,714.0379638671875,9770648,0.0,0.0
2020-10-27 00:00:00+05:30,720.2698515646521,726.675908762001,711.2054471361832,722.2308959960938,5479538,0.0,0.0
2020-10-28 00:00:00+05:30,723.4074912137224,729.0291624775614,698.131807785773,701.0079956054688,6829067,0.0,0.0
2020-10-29 00:00:00+05:30,701.6297862794335,718.8597039800088,694.3914319910654,714.2857666015625,6477299,15.0,0.0
2020-10-30 00:00:00+05:30,716.4616691381669,727.0749399482755,712.9091135001522,722.3233642578125,6189261,0.0,0.0
2020-11-02 00:00:00+05:30,729.5173376706861,732.5369775034543,718.8596705269664,723.5223999023438,4433983,0.0,0.0
2020-11-03 00:00:00+05:30,729.1620304820804,732.7145860508115,714.3301001410883,717.7050170898438,4599741,0.0,0.0
2020-11-04 00:00:00+05:30,724.7213801319987,742.4841590568025,721.7016860317023,734.357666015625,5017595,0.0,0.0
2020-11-05 00:00:00+05:30,742.4840618529263,754.651574665021,740.4857494854991,746.6583251953125,4269675,0.0,0.0
2020-11-06 00:00:00+05:30,741.5959880796618,758.4706273293787,731.9152523006928,755.939453125,4123331,0.0,0.0
2020-11-09 00:00:00+05:30,762.9113200266086,778.8978203298436,759.5807991301012,775.1232299804688,4297119,0.0,0.0
2020-11-10 00:00:00+05:30,774.4570550079633,774.4570550079633,727.4744895061694,729.4284057617188,6889383,0.0,0.0
2020-11-11 00:00:00+05:30,728.2739141208023,746.6140044948504,721.5684761189125,743.8163452148438,5387431,0.0,0.0
2020-11-12 00:00:00+05:30,743.3722278132411,753.1417552994367,741.1962767588678,748.923095703125,3150886,0.0,0.0
2020-11-13 00:00:00+05:30,744.2603624434087,751.0990424863965,740.1304950737418,745.0152587890625,2839192,0.0,0.0
2020-11-14 00:00:00+05:30,749.5891736574554,750.4329163887742,744.2159445693403,746.1698608398438,214282,0.0,0.0
2020-11-17 00:00:00+05:30,753.6302493707742,760.6909644356214,737.9546303807525,750.6994018554688,3635434,0.0,0.0
2020-11-18 00:00:00+05:30,749.58925623539,750.3886029547393,737.2885537492037,742.5729370117188,2772377,0.0,0.0
2020-11-19 00:00:00+05:30,739.819729863999,754.0299527665487,728.2739237556773,730.8495483398438,5593368,0.0,0.0
2020-11-20 00:00:00+05:30,736.267141092252,750.4329672539618,733.958001657309,743.8607177734375,6063818,0.0,0.0
2020-11-23 00:00:00+05:30,744.2603365319538,772.1479173643187,743.1501629989408,768.9061889648438,6251814,0.0,0.0
2020-11-24 00:00:00+05:30,772.6808136462826,790.4435909714845,767.6184112670611,779.47509765625,7068121,0.0,0.0
2020-11-25 00:00:00+05:30,777.1214999195872,781.5621942048421,759.5807574928308,765.7977294921875,4445185,0.0,0.0
2020-11-26 00:00:00+05:30,769.5723052075477,770.8601173676678,751.9871670091446,761.1793823242188,5169423,0.0,0.0
2020-11-27 00:00:00+05:30,767.3520240061644,786.8466840686939,759.6252045895628,778.7645874023438,16482729,0.0,0.0
2020-12-01 00:00:00+05:30,799.3250075360559,811.8921946153956,774.1462914817486,805.8084106445312,5821698,0.0,0.0
2020-12-02 00:00:00+05:30,796.70503936587,810.4267970729186,787.956892335341,807.0518798828125,5516684,0.0,0.0
2020-12-03 00:00:00+05:30,810.8709359417328,817.6207708995679,801.9451495146928,812.7804565429688,5705020,0.0,0.0
2020-12-04 00:00:00+05:30,812.6470999539146,825.3474754832397,805.5863848013001,819.8410034179688,4302626,0.0,0.0
2020-12-07 00:00:00+05:30,813.0912252605791,844.4869160984834,811.7590168084863,838.6696166992188,3973325,0.0,0.0
2020-12-08 00:00:00+05:30,839.2912150814645,841.2451313972671,819.4857295247846,828.0118408203125,4399638,0.0,0.0
2020-12-09 00:00:00+05:30,833.0742658971137,834.5841128282317,822.3278071778942,825.5250854492188,4157078,0.0,0.0
2020-12-10 00:00:00+05:30,821.5284584235922,828.2782921826972,814.5121396361398,823.5711669921875,2608358,0.0,0.0
2020-12-11 00:00:00+05:30,819.0417097352191,826.857321264385,813.9349110270878,816.554931640625,2398423,0.0,0.0
2020-12-14 00:00:00+05:30,820.6403289750538,820.8623636960967,804.6982251626248,807.6735229492188,3239051,0.0,0.0
2020-12-15 00:00:00+05:30,799.6358026391674,824.7701757974253,797.9483713261516,823.34912109375,3490143,0.0,0.0
2020-12-16 00:00:00+05:30,830.4098959014616,830.4098959014616,814.4233952317009,818.4644165039062,2799394,0.0,0.0
2020-12-17 00:00:00+05:30,818.4644065145205,828.4115732069503,810.3379679645278,826.0579833984375,2706570,0.0,0.0
2020-12-18 00:00:00+05:30,830.4098326474558,841.0674989488135,824.4592914543256,829.3440551757812,5563979,0.0,0.0
2020-12-21 00:00:00+05:30,824.3260922061618,838.9803831759737,790.4435735231862,805.40869140625,4187948,0.0,0.0
2020-12-22 00:00:00+05:30,808.2064328914387,842.7550592332841,802.1670989597238,838.98046875,5537682,0.0,0.0
2020-12-23 00:00:00+05:30,840.6679343758439,852.3913796655056,835.7387739153329,842.0889892578125,5456681,0.0,0.0
2020-12-24 00:00:00+05:30,844.6200715681908,849.0607659507787,830.2322109270675,841.28955078125,2510775,0.0,0.0
2020-12-28 00:00:00+05:30,841.2895535501505,849.4604420825434,838.6251369118285,841.1563110351562,1870669,0.0,0.0
2020-12-29 00:00:00+05:30,841.9556145200019,859.9404259061096,838.2698166763151,857.6312866210938,4392641,0.0,0.0
2020-12-30 00:00:00+05:30,861.4947328196511,874.8168163168622,859.5408163985207,873.2625732421875,6389605,0.0,0.0
2020-12-31 00:00:00+05:30,872.1079458162694,876.0601745005063,860.3401061722802,864.3367309570312,2859399,0.0,0.0
2021-01-01 00:00:00+05:30,866.8235382815154,871.4418712532428,862.560482541342,868.555419921875,1268291,0.0,0.0
2021-01-04 00:00:00+05:30,870.9089903880479,892.5796013986154,865.9354341926867,889.8707885742188,3515825,0.0,0.0
2021-01-05 00:00:00+05:30,890.3593226407754,895.1996908971707,880.4121552769642,891.5582885742188,4040321,0.0,0.0
2021-01-06 00:00:00+05:30,891.6913953867302,911.2304498673159,873.3513066571032,885.607666015625,4677359,0.0,0.0
2021-01-07 00:00:00+05:30,893.0236897397863,897.0203149052055,878.0141202132437,883.4761962890625,3354950,0.0,0.0
2021-01-08 00:00:00+05:30,895.0219668935224,941.4272239217403,892.9792582869296,933.5227661132812,9279370,0.0,0.0
2021-01-11 00:00:00+05:30,943.2923786751558,960.5667466967794,924.1085985997031,957.0585327148438,6488791,0.0,0.0
2021-01-12 00:00:00+05:30,957.0584312563022,957.1028815662659,935.2102365860871,945.1573486328125,4257926,0.0,0.0
2021-01-13 00:00:00+05:30,953.8610627266672,958.079721989192,932.5901820217729,949.9976806640625,4671772,0.0,0.0
2021-01-14 00:00:00+05:30,944.979723872447,944.979723872447,914.7830033727636,934.8549194335938,4765344,0.0,0.0
2021-01-15 00:00:00+05:30,932.1017873491019,943.9140782347861,890.4925010404652,894.622314453125,6063896,0.0,0.0
2021-01-18 00:00:00+05:30,886.3626210370101,900.3952047970587,880.9893915405995,886.5846557617188,4659705,0.0,0.0
2021-01-19 00:00:00+05:30,894.0005808461448,895.6436703096446,876.7707189846436,881.4778442382812,4416027,0.0,0.0
2021-01-20 00:00:00+05:30,885.4745386500805,908.9214287587995,885.4745386500805,905.4132690429688,4687853,0.0,0.0
2021-01-21 00:00:00+05:30,911.2304569496213,917.7582557914754,883.2540832713435,892.3131103515625,3911527,0.0,0.0
2021-01-22 00:00:00+05:30,892.3131883560593,892.5796191918904,865.935451454819,871.1310424804688,3922421,0.0,0.0
2021-01-25 00:00:00+05:30,875.5716740877615,886.2737907247375,854.5672225580286,863.3153686523438,2751784,0.0,0.0
2021-01-27 00:00:00+05:30,868.5998019402704,892.4907588709893,864.736419596313,885.563232421875,6975618,0.0,0.0
2021-01-28 00:00:00+05:30,879.2574459970052,879.2574459970052,857.0539751384949,871.7970581054688,4274190,0.0,0.0
2021-01-29 00:00:00+05:30,879.3462932639065,884.4975421918172,849.060778799432,853.8567504882812,4425911,0.0,0.0
2021-02-01 00:00:00+05:30,854.3008675036409,854.3008675036409,818.1092057225952,836.4048461914062,6321189,0.0,0.0
2021-02-02 00:00:00+05:30,848.1727313391484,864.0704408661776,832.6302990894782,850.1266479492188,4971530,0.0,0.0
2021-02-03 00:00:00+05:30,857.0541045916633,888.1389684887703,852.702201962988,871.6640014648438,5640121,0.0,0.0
2021-02-04 00:00:00+05:30,877.4368452524448,877.481241356318,856.4323383891261,860.7842407226562,4232910,0.0,0.0
2021-02-05 00:00:00+05:30,863.5818610707679,871.1310419247893,843.7763739070514,852.0805053710938,3077720,0.0,0.0
2021-02-08 00:00:00+05:30,861.3169776302066,881.9218081588391,853.1016939187572,872.6407470703125,3713579,0.0,0.0
2021-02-09 00:00:00+05:30,869.1327784016465,887.9613354947668,859.0524227283386,866.0242919921875,3086774,0.0,0.0
2021-02-10 00:00:00+05:30,866.3795413717427,870.5982013630454,850.4818325635433,865.8466796875,2776301,0.0,0.0
2021-02-11 00:00:00+05:30,865.9354802152827,878.0585986213766,864.0259597809588,875.3497314453125,2070435,0.0,0.0
2021-02-12 00:00:00+05:30,879.2575256833188,896.1321650651199,875.9270047527002,880.3233032226562,5863879,0.0,0.0
2021-02-15 00:00:00+05:30,884.5864346499669,884.5864346499669,868.1558633236373,869.6657104492188,2487825,0.0,0.0
2021-02-16 00:00:00+05:30,879.2575216646046,888.1389107723279,864.6032296368612,876.4154663085938,3912433,0.0,0.0
2021-02-17 00:00:00+05:30,878.3693948209792,885.1192289525001,862.7381714597215,870.7758178710938,2227724,0.0,0.0
2021-02-18 00:00:00+05:30,872.1524104538863,901.9050639673336,871.7083409984617,897.5531616210938,6742595,0.0,0.0
2021-02-19 00:00:00+05:30,900.2620335146697,905.1911936548945,863.8483379737086,882.7656860351562,4357699,0.0,0.0
2021-02-22 00:00:00+05:30,887.2063383324163,897.908400914237,836.5380264517424,844.3536376953125,5946290,0.0,0.0
2021-02-23 00:00:00+05:30,845.5082658026038,855.0557593502697,826.8573481746051,839.9573974609375,4120032,0.0,0.0
2021-02-24 00:00:00+05:30,843.7319904009413,856.0771433119925,831.8753572715444,852.6577758789062,1686531,0.0,0.0
2021-02-25 00:00:00+05:30,856.1658958253877,860.6065903058098,845.7302637963957,850.659423828125,3682791,0.0,0.0
2021-02-26 00:00:00+05:30,839.2911973864451,842.7105102112389,812.6470323900501,816.0663452148438,5254937,0.0,0.0
2021-03-01 00:00:00+05:30,830.8095691002484,849.9489521124424,822.7274723496909,831.2980346679688,3429569,0.0,0.0
2021-03-02 00:00:00+05:30,838.8471508869126,862.3828306100498,836.6268037432204,858.9190673828125,3703190,0.0,0.0
2021-03-03 00:00:00+05:30,863.4486304589387,870.5537415029,853.9011374936157,866.8235473632812,3203532,0.0,0.0
2021-03-04 00:00:00+05:30,852.6133708890326,883.4318025324988,848.7055379227119,859.7628784179688,5134954,0.0,0.0
2021-03-05 00:00:00+05:30,857.2316264542513,871.175417201633,849.9488770631641,852.3468627929688,2618145,0.0,0.0
2021-03-08 00:00:00+05:30,855.2777726031113,870.3761341132389,854.3896336907508,860.1625366210938,2880739,0.0,0.0
2021-03-09 00:00:00+05:30,864.1590553340519,886.8065948109463,853.9898551979866,877.6143798828125,2814747,0.0,0.0
2021-03-10 00:00:00+05:30,889.9151577747444,903.0596023574232,881.921907854612,895.9100952148438,5268496,0.0,0.0
2021-03-12 00:00:00+05:30,888.1389390730127,909.9871352911292,884.7196258406611,891.025390625,4674919,0.0,0.0
2021-03-15 00:00:00+05:30,892.5795719114988,914.7385935395633,889.915155278927,911.8078002929688,5203101,0.0,0.0
2021-03-16 00:00:00+05:30,916.5593075829258,928.1051128141061,906.8785722829355,911.718994140625,4797715,0.0,0.0
2021-03-17 00:00:00+05:30,909.4542043054124,926.5064272699831,901.9938161026416,905.946044921875,3477295,0.0,0.0
2021-03-18 00:00:00+05:30,918.3356164026865,919.223755296693,869.1326999916498,884.7639770507812,3738712,0.0,0.0
2021-03-19 00:00:00+05:30,881.033786315825,888.8050016689132,866.0686675760995,878.76904296875,6208000,0.0,0.0
2021-03-22 00:00:00+05:30,879.168764227568,903.5925852397646,868.866319930531,900.1732177734375,3873143,0.0,0.0
2021-03-23 00:00:00+05:30,900.1732053919038,907.2339207562159,888.6273992540372,900.4396362304688,3782337,0.0,0.0
2021-03-24 00:00:00+05:30,891.4693812869162,899.9954926652129,876.8150900876793,881.1669921875,2749823,0.0,0.0
2021-03-25 00:00:00+05:30,881.6555447176894,885.3857391416609,856.2547382746071,860.3402099609375,3654840,0.0,0.0
2021-03-26 00:00:00+05:30,868.511092468833,886.1850248778842,867.711745738502,880.1456909179688,2761824,0.0,0.0
2021-03-30 00:00:00+05:30,880.5896885460501,905.7240076952859,880.5896885460501,903.1484375,4300037,0.0,0.0
2021-03-31 00:00:00+05:30,908.5661213979363,908.5661213979363,878.547036537374,880.5453491210938,3780505,0.0,0.0
2021-04-01 00:00:00+05:30,888.138860559817,895.0663328306447,875.7049165119795,881.1669921875,3555291,0.0,0.0
2021-04-05 00:00:00+05:30,881.0338495209655,894.5335725729075,868.7775426977986,886.0962524414062,5118272,0.0,0.0
2021-04-06 00:00:00+05:30,893.4677385770641,895.2440163873565,877.9697038407238,880.4564819335938,2395572,0.0,0.0
2021-04-07 00:00:00+05:30,881.0338410219322,893.1569594085901,872.2412437076857,890.2705078125,2974419,0.0,0.0
2021-04-08 00:00:00+05:30,895.2439811862245,932.412571222039,892.5795645755512,913.8948974609375,6737118,0.0,0.0
2021-04-09 00:00:00+05:30,913.8506013836079,938.5853598262029,902.8377100587747,935.2103881835938,6029994,0.0,0.0
2021-04-12 00:00:00+05:30,933.4340208096519,940.5835826035155,903.0596583870558,923.53125,7896295,0.0,0.0
2021-04-13 00:00:00+05:30,928.1051996702877,932.7679291423154,873.0405849530074,889.781982421875,6448995,0.0,0.0
2021-04-15 00:00:00+05:30,889.781940893826,895.0663782236945,861.7611692636367,882.05517578125,4373215,0.0,0.0
2021-04-16 00:00:00+05:30,886.3626452515005,900.1287985595147,884.586367405305,897.2867431640625,2660763,0.0,0.0
2021-04-19 00:00:00+05:30,887.3395222638834,896.4873959800078,873.3069389763442,888.2276611328125,2777425,0.0,0.0
2021-04-20 00:00:00+05:30,884.5863414073439,894.7999387227901,864.4699737073212,873.3958129882812,4028636,0.0,0.0
2021-04-22 00:00:00+05:30,864.6920887944638,875.2609643340385,853.1907323756164,859.5408935546875,5085190,0.0,0.0
2021-04-23 00:00:00+05:30,858.3861362260734,862.338364663272,839.6464295342189,843.9094848632812,3916517,0.0,0.0
2021-04-26 00:00:00+05:30,844.6201545416226,861.4947948531797,832.1862090488962,854.5673217773438,5053998,0.0,0.0
2021-04-27 00:00:00+05:30,855.0114356782177,877.1260645002595,838.5364678859987,860.8287353515625,10497935,0.0,0.0
2021-04-28 00:00:00+05:30,865.9354005895694,870.3760949515672,859.7184284827725,868.0669555664062,2968625,0.0,0.0
2021-04-29 00:00:00+05:30,874.8168283087158,874.8168283087158,861.9832101889419,867.6229248046875,2747579,0.0,0.0
2021-04-30 00:00:00+05:30,864.8695948716162,867.6228578108046,848.5278726774786,852.9685668945312,3129105,0.0,0.0
2021-05-03 00:00:00+05:30,852.6133262617443,857.0540206693576,848.172631854131,850.5706176757812,3506839,0.0,0.0
2021-05-04 00:00:00+05:30,856.1658450477319,861.4058859069311,848.7054570800063,852.9685668945312,4064221,0.0,0.0
2021-05-05 00:00:00+05:30,863.803817417985,863.803817417985,847.0624219027741,852.9685668945312,3041045,0.0,0.0
2021-05-06 00:00:00+05:30,857.0540106984246,874.5503573024081,850.7037960863377,868.555419921875,4620827,0.0,0.0
2021-05-07 00:00:00+05:30,870.3761668279732,874.1507573473802,863.3598474735252,871.2199096679688,2002597,0.0,0.0
2021-05-10 00:00:00+05:30,874.8168350674179,881.6111194797007,864.2479602500217,879.7015991210938,2036101,0.0,0.0
2021-05-11 00:00:00+05:30,873.928741196504,876.5487619837044,861.938865173991,867.7561645507812,2029457,0.0,0.0
2021-05-12 00:00:00+05:30,867.7116339156456,867.7116339156456,844.0871628022473,854.7003784179688,3070622,0.0,0.0
2021-05-14 00:00:00+05:30,855.2777411095361,858.3418310858913,836.0939629920265,845.6858520507812,2090820,0.0,0.0
2021-05-17 00:00:00+05:30,847.2844652574962,850.7926245662961,837.5149378803134,846.7071533203125,2281200,0.0,0.0
2021-05-18 00:00:00+05:30,852.9241614958275,869.4879734806569,849.9933139997914,862.1608276367188,2000985,0.0,0.0
2021-05-19 00:00:00+05:30,860.6066389317197,875.971431860581,854.9225279925378,868.2890625,2152740,0.0,0.0
2021-05-20 00:00:00+05:30,874.6391605705991,874.6391605705991,857.2316601581473,864.2479248046875,1769194,0.0,0.0
2021-05-21 00:00:00+05:30,867.667368994094,875.70501575149,863.1378277673109,870.8202514648438,1534262,0.0,0.0
2021-05-24 00:00:00+05:30,870.1985289061703,882.810112787532,866.0242650162387,873.6622924804688,1830838,0.0,0.0
2021-05-25 00:00:00+05:30,879.301951239006,889.6487916264324,873.7510828353866,881.6111450195312,2719646,0.0,0.0
2021-05-26 00:00:00+05:30,884.2755507336763,898.7966006118656,881.9219608770579,895.06640625,2013788,0.0,0.0
2021-05-27 00:00:00+05:30,894.3558324514917,916.559303962204,894.2670402485264,905.7239990234375,6393813,0.0,0.0
2021-05-28 00:00:00+05:30,905.9017680420219,917.4475748896164,899.3295178456951,911.45263671875,1839013,0.0,0.0
2021-05-31 00:00:00+05:30,910.3423700888849,916.5593423724188,899.6847033171126,907.3671264648438,1801746,0.0,0.0
2021-06-01 00:00:00+05:30,910.0759236605234,916.5593812545488,899.9955684276734,915.2271728515625,1262702,0.0,0.0
2021-06-02 00:00:00+05:30,906.0793225375965,910.0758934059947,882.8100723641254,903.19287109375,5252186,0.0,0.0
2021-06-03 00:00:00+05:30,903.1929218367738,906.5678390268794,894.3559283860568,900.8837280273438,2024676,0.0,0.0
2021-06-04 00:00:00+05:30,905.5019890359355,912.0741842579645,897.9084124134439,905.191162109375,2315912,0.0,0.0
2021-06-07 00:00:00+05:30,910.2978796713705,922.7318236906157,905.4131701572181,918.6908569335938,1745475,0.0,0.0
2021-06-08 00:00:00+05:30,922.7764100606942,942.2266756131968,921.0445823973868,939.4290161132812,4517995,0.0,0.0
2021-06-09 00:00:00+05:30,939.4288922158294,945.37937929434,929.1708448741662,934.5441284179688,2163655,0.0,0.0
2021-06-10 00:00:00+05:30,941.1607872873934,953.8612174407052,938.318786057826,945.7791748046875,3934077,0.0,0.0
2021-06-11 00:00:00+05:30,945.7791797585598,961.3216112228484,936.897790350395,952.9730834960938,4988857,0.0,0.0
2021-06-14 00:00:00+05:30,952.9730379587583,958.6126982803751,939.6509544831,949.6425170898438,2757666,0.0,0.0
2021-06-15 00:00:00+05:30,949.6425414219244,970.7358407988435,942.8927073043894,947.510986328125,3484298,0.0,0.0
2021-06-16 00:00:00+05:30,950.3086683906346,957.3693296167233,936.9865842543172,949.5537719726562,1881596,0.0,0.0
2021-06-17 00:00:00+05:30,941.3827253851563,963.364161798756,938.807209466983,959.4119873046875,3161931,0.0,0.0
2021-06-18 00:00:00+05:30,967.6272907993845,969.4923607277603,936.9865000397895,950.9302368164062,4396398,0.0,0.0
2021-06-21 00:00:00+05:30,940.53898359958,950.3529606472953,936.9864284207337,944.0027465820312,1074790,0.0,0.0
2021-06-22 00:00:00+05:30,942.3598512866886,952.0849291652686,935.8319434448895,938.9404296875,2437289,0.0,0.0
2021-06-23 00:00:00+05:30,941.4273509152183,943.4701140050648,922.2879118771473,938.2744140625,4130539,0.0,0.0
2021-06-24 00:00:00+05:30,938.3632485200134,961.232826422348,934.7662424158167,959.1900634765625,3617010,0.0,0.0
2021-06-25 00:00:00+05:30,965.7623102700713,979.7948405488388,956.5256435609618,967.6273803710938,3200049,0.0,0.0
2021-06-28 00:00:00+05:30,968.9595024466531,984.0578631630538,960.1669059934362,981.4822387695312,2143755,0.0,0.0
2021-06-29 00:00:00+05:30,984.9460809109139,985.3013581687133,961.8544685541206,966.4284057617188,2956332,0.0,0.0
2021-06-30 00:00:00+05:30,966.4728572126909,981.3936364084126,962.1210626613977,972.911865234375,1917370,0.0,0.0
2021-07-01 00:00:00+05:30,973.4002010675682,976.3754445976074,960.0781180237602,963.763916015625,1459518,0.0,0.0
2021-07-02 00:00:00+05:30,965.4068972974547,974.7323549070438,954.7492314579245,967.5384521484375,1669409,0.0,0.0
2021-07-05 00:00:00+05:30,970.7358034552719,972.4676309187016,951.3743323532279,954.4384765625,2597359,0.0,0.0
2021-07-06 00:00:00+05:30,954.4385052850317,954.4385052850317,930.5475468235668,932.146240234375,3865594,0.0,0.0
2021-07-07 00:00:00+05:30,932.1462698366373,940.9832089423767,914.8719023674557,928.904541015625,3713891,0.0,0.0
2021-07-08 00:00:00+05:30,931.6577153237245,944.4469372934207,928.1051596885529,941.5604858398438,2171947,0.0,0.0
2021-07-09 00:00:00+05:30,937.164194761885,949.2429714473348,931.6577765317662,934.1001586914062,1889035,0.0,0.0
2021-07-12 00:00:00+05:30,938.7628089782104,940.2726017286694,929.082073370948,938.4075317382812,3224820,0.0,0.0
2021-07-13 00:00:00+05:30,943.203501313347,943.203501313347,930.7695568515891,932.6790771484375,1908081,0.0,0.0
2021-07-14 00:00:00+05:30,936.0983853895021,959.1899964142906,930.7695520760894,957.8577880859375,3173326,0.0,0.0
2021-07-15 00:00:00+05:30,957.4137883660935,994.449139225227,955.9927877287784,988.0101318359375,5922995,0.0,0.0
2021-07-16 00:00:00+05:30,987.9657118868569,993.2057529624218,961.8988574395134,979.7504272460938,2323939,0.0,0.0
2021-07-19 00:00:00+05:30,966.2951567022762,986.23383233241,964.6076710506911,971.8015747070312,1409001,0.0,0.0
2021-07-20 00:00:00+05:30,973.3556257317803,978.9064929536992,963.5417575326528,965.5844116210938,1230858,0.0,0.0
2021-07-22 00:00:00+05:30,959.1899679158912,1023.5800352065412,959.1899679158912,1020.1162719726562,7309727,0.0,0.0
2021-07-23 00:00:00+05:30,1011.4323365217705,1027.2254658099512,1003.4683239999384,1017.776611328125,2840803,15.0,0.0
2021-07-26 00:00:00+05:30,1017.7766665126532,1024.5708871389102,1004.7732861987879,1008.0578002929688,984581,0.0,0.0
2021-07-27 00:00:00+05:30,1008.0576881365585,1014.8068695243232,993.5245387615378,1008.6426391601562,1397105,0.0,0.0
2021-07-28 00:00:00+05:30,1011.4772483975648,1017.5064727531931,995.7291595657522,1007.4727783203125,2533035,0.0,0.0
2021-07-29 00:00:00+05:30,1015.7070308991264,1027.090675175064,1003.4685340263736,1014.897216796875,3821405,0.0,0.0
2021-07-30 00:00:00+05:30,1066.370768160374,1113.4351084503933,1057.3718587244216,1088.463134765625,20425030,0.0,0.0
2021-08-02 00:00:00+05:30,1088.86816708197,1092.4677312706706,1075.864785390281,1089.498046875,2385223,0.0,0.0
2021-08-03 00:00:00+05:30,1089.767995329224,1106.8659242402523,1088.8681043339068,1103.4913330078125,2603616,0.0,0.0
2021-08-04 00:00:00+05:30,1102.54653797084,1107.2260376271083,1092.1977902627316,1094.717529296875,1938175,0.0,0.0
2021-08-05 00:00:00+05:30,1095.2122608345485,1128.463185559987,1095.1672223496844,1123.2437744140625,5790873,0.0,0.0
2021-08-06 00:00:00+05:30,1126.6634711774186,1145.5611811572317,1118.6094911022005,1138.0020751953125,3894726,0.0,0.0
2021-08-09 00:00:00+05:30,1161.2193194434435,1175.9775531916187,1139.2619579985949,1158.5645751953125,6585101,0.0,0.0
2021-08-10 00:00:00+05:30,1159.0593689526506,1196.5847719733258,1154.0200023619775,1190.6005859375,6314469,0.0,0.0
2021-08-11 00:00:00+05:30,1190.6007069664313,1193.930259378207,1168.373335681181,1191.0955810546875,3430349,0.0,0.0
2021-08-12 00:00:00+05:30,1190.555663637953,1255.1678743573832,1185.8312364012947,1247.7437744140625,8613315,0.0,0.0
2021-08-13 00:00:00+05:30,1241.9393709306637,1250.8483125367086,1229.1609644835821,1244.68408203125,4760344,0.0,0.0
2021-08-16 00:00:00+05:30,1243.6040881426243,1259.8021230769466,1224.0765010784507,1230.9156494140625,2912430,0.0,0.0
2021-08-17 00:00:00+05:30,1234.6503728942935,1285.764222359351,1233.3005364807793,1272.17578125,8042970,0.0,0.0
2021-08-18 00:00:00+05:30,1276.04534741427,1282.3445839670908,1263.6718470426576,1271.095947265625,2939739,0.0,0.0
2021-08-20 00:00:00+05:30,1233.4354997245273,1277.8450942337129,1233.4354997245273,1259.1273193359375,4051399,0.0,0.0
2021-08-23 00:00:00+05:30,1273.7503774526008,1298.4973742298066,1267.9461257848363,1274.245361328125,3987240,0.0,0.0
2021-08-24 00:00:00+05:30,1279.555030856974,1320.1400928596936,1277.8452159923415,1316.85546875,5366923,0.0,0.0
2021-08-25 00:00:00+05:30,1316.5404039725622,1330.0387676496562,1304.841822119081,1316.63037109375,3105863,0.0,0.0
2021-08-26 00:00:00+05:30,1313.6607658147154,1319.9149635633382,1299.4424458056658,1304.391845703125,1993944,0.0,0.0
2021-08-27 00:00:00+05:30,1304.7067408932705,1311.2309496257317,1287.9237543908102,1300.7022705078125,3097939,0.0,0.0
2021-08-30 00:00:00+05:30,1304.8416810266153,1309.341135099121,1274.155426222118,1277.125,2742699,0.0,0.0
2021-08-31 00:00:00+05:30,1282.1645662003928,1308.4413358833758,1266.1014261570692,1302.72705078125,6392991,0.0,0.0
2021-09-01 00:00:00+05:30,1304.8418899267986,1321.264899920705,1284.594343358969,1292.513427734375,1829925,0.0,0.0
2021-09-02 00:00:00+05:30,1292.243311645718,1307.1365497415081,1278.9248825996353,1293.8631591796875,3860958,0.0,0.0
2021-09-03 00:00:00+05:30,1299.4425988029245,1304.5719335424196,1282.434637000952,1297.5977783203125,1919590,0.0,0.0
2021-09-06 00:00:00+05:30,1303.0421440196576,1320.949996560088,1292.3334193467388,1314.875732421875,1801171,0.0,0.0
2021-09-07 00:00:00+05:30,1321.894881768245,1325.4495172391757,1288.9139634688438,1291.5235595703125,1940043,0.0,0.0
2021-09-08 00:00:00+05:30,1296.0228101603202,1297.9575975353366,1277.7100525990384,1284.9091796875,2256454,0.0,0.0
2021-09-09 00:00:00+05:30,1282.8844891661918,1293.953191556638,1272.4457763373778,1289.7686767578125,2303457,0.0,0.0
2021-09-13 00:00:00+05:30,1292.2434564505727,1295.6630861388298,1278.160140543634,1286.3941650390625,1937241,0.0,0.0
2021-09-14 00:00:00+05:30,1291.3434614853697,1311.1410615917655,1286.3940614587707,1306.6866455078125,1554999,0.0,0.0
2021-09-15 00:00:00+05:30,1297.7326816410164,1331.8385696860787,1293.9981123303492,1318.2052001953125,2410087,0.0,0.0
2021-09-16 00:00:00+05:30,1318.2052565692043,1321.9398260395826,1295.842988085091,1303.3570556640625,1800078,0.0,0.0
2021-09-17 00:00:00+05:30,1305.7415883714018,1324.6392957151643,1292.783138508545,1306.236572265625,2861623,0.0,0.0
2021-09-20 00:00:00+05:30,1295.843045881481,1343.6722747185602,1283.5595117057344,1288.0140380859375,2526342,0.0,0.0
2021-09-21 00:00:00+05:30,1294.943003926928,1319.6449651695652,1278.2050551720833,1315.3704833984375,1713705,0.0,0.0
2021-09-22 00:00:00+05:30,1317.4403809987425,1374.9434359918378,1310.6911987190358,1362.074951171875,5145820,0.0,0.0
2021-09-23 00:00:00+05:30,1372.4236674850565,1377.7330460662793,1353.4359903877753,1369.18408203125,2015302,0.0,0.0
2021-09-24 00:00:00+05:30,1376.8329541410505,1392.8959833027054,1359.7800670477163,1363.109619140625,3592146,0.0,0.0
2021-09-27 00:00:00+05:30,1370.533879220914,1372.3336610714996,1313.1207942472477,1317.80029296875,2728552,0.0,0.0
2021-09-28 00:00:00+05:30,1317.800205776859,1318.3401183263181,1267.4063172947608,1272.49072265625,3995669,0.0,0.0
2021-09-29 00:00:00+05:30,1259.847356773295,1267.901337006964,1235.3253278646719,1255.662841796875,7948104,0.0,0.0
2021-09-30 00:00:00+05:30,1249.048619193404,1262.2320433760658,1239.1498188972027,1242.389404296875,3856630,0.0,0.0
2021-10-01 00:00:00+05:30,1237.349932521935,1245.4489502620784,1228.1710896897555,1233.975341796875,2661824,0.0,0.0
2021-10-04 00:00:00+05:30,1246.0787882806812,1264.8415999649353,1234.695257161879,1258.9923095703125,2538936,0.0,0.0
2021-10-05 00:00:00+05:30,1259.037276938602,1278.7449086906663,1242.7492743855105,1271.5908203125,2481825,0.0,0.0
2021-10-06 00:00:00+05:30,1280.4547736558209,1284.0543372279224,1241.8043938904027,1246.933837890625,2769341,0.0,0.0
2021-10-07 00:00:00+05:30,1258.0024178587764,1280.814739657411,1237.9349170474025,1275.3253173828125,1956325,0.0,0.0
2021-10-08 00:00:00+05:30,1276.4951155342414,1302.1420036503682,1276.4951155342414,1295.7977294921875,2665924,0.0,0.0
2021-10-11 00:00:00+05:30,1277.8451058276937,1290.8484856758837,1246.888836223565,1260.0272216796875,3073366,0.0,0.0
2021-10-12 00:00:00+05:30,1258.9473455911962,1262.4119035215085,1224.7514920297483,1236.85498046875,2965629,0.0,0.0
2021-10-13 00:00:00+05:30,1248.0587676462983,1268.846226406799,1239.1498253632355,1261.7821044921875,1738985,0.0,0.0
2021-10-14 00:00:00+05:30,1288.6437900015305,1313.4807572801703,1269.2961353332114,1287.56396484375,4328124,0.0,0.0
2021-10-18 00:00:00+05:30,1277.8450467289258,1338.0926970695764,1277.8450467289258,1331.5235595703125,3579606,0.0,0.0
2021-10-19 00:00:00+05:30,1348.0365998385032,1412.6488119149412,1329.1839289810152,1385.0220947265625,8645334,0.0,0.0
2021-10-20 00:00:00+05:30,1389.4314694131124,1418.677921975241,1364.0545914376485,1385.2020263671875,5159270,0.0,0.0
2021-10-21 00:00:00+05:30,1391.3664477248162,1391.3664477248162,1328.2841125849486,1371.6588134765625,4261416,0.0,0.0
2021-10-22 00:00:00+05:30,1377.733117742409,1405.584700186565,1335.2132680929453,1365.53955078125,5223521,0.0,0.0
2021-10-25 00:00:00+05:30,1377.7329507432944,1381.3325142984697,1335.2581447322123,1371.523681640625,3890467,0.0,0.0
2021-10-26 00:00:00+05:30,1414.53860071647,1466.822242736024,1388.5317303936718,1406.799560546875,16978043,0.0,0.0
2021-10-27 00:00:00+05:30,1405.494697119573,1428.2169442348602,1374.5834641030278,1410.89404296875,3624131,0.0,0.0
2021-10-28 00:00:00+05:30,1420.0276872624454,1424.3921356873998,1373.2333655022128,1379.8026123046875,3054565,0.0,0.0
2021-10-29 00:00:00+05:30,1374.4484102873625,1388.306752784258,1320.8599705235129,1329.90380859375,3795495,0.0,0.0
2021-11-01 00:00:00+05:30,1340.8374072222734,1376.7430751977479,1338.1827730741331,1369.7689208984375,2271900,0.0,0.0
2021-11-02 00:00:00+05:30,1383.4925735372096,1384.1287221646544,1352.4100453968751,1354.7275390625,2041689,15.0,0.0
2021-11-03 00:00:00+05:30,1361.4530925971574,1397.5342817152516,1357.4541427666977,1361.9530029296875,2697346,0.0,0.0
2021-11-04 00:00:00+05:30,1371.4502929371397,1376.9033756128342,1364.179516036214,1368.58740234375,166444,0.0,0.0
2021-11-08 00:00:00+05:30,1370.541630119568,1420.3465029654105,1367.1789397280133,1414.3480224609375,3050392,0.0,0.0
2021-11-09 00:00:00+05:30,1418.710432173702,1428.7077510423187,1411.4396548147079,1417.074462890625,2061369,0.0,0.0
2021-11-10 00:00:00+05:30,1414.120803636581,1429.934767632774,1405.5777284262008,1423.800048828125,1299996,0.0,0.0
2021-11-11 00:00:00+05:30,1417.8014012721076,1417.8014012721076,1376.9032839277197,1383.2197265625,3027565,0.0,0.0
2021-11-12 00:00:00+05:30,1398.2613134149497,1444.5670304406328,1391.717658437953,1440.522705078125,3713868,0.0,0.0
2021-11-15 00:00:00+05:30,1440.522666009709,1455.518643289936,1429.9345750141106,1435.2059326171875,2448280,0.0,0.0
2021-11-16 00:00:00+05:30,1440.6135930190862,1458.6996734643988,1432.3431061556962,1454.0645751953125,2864344,0.0,0.0
2021-11-17 00:00:00+05:30,1452.7921282314185,1476.8765770259963,1449.6111632962854,1470.923583984375,2304359,0.0,0.0
2021-11-18 00:00:00+05:30,1472.5142066766534,1476.6495058634239,1417.3472253540604,1424.84521484375,2938804,0.0,0.0
2021-11-22 00:00:00+05:30,1437.6145870829062,1437.6145870829062,1381.447784114624,1400.8062744140625,1951782,0.0,0.0
2021-11-23 00:00:00+05:30,1383.2652913878617,1421.845806550256,1368.996436241647,1418.3013916015625,1823592,0.0,0.0
2021-11-24 00:00:00+05:30,1425.7995021759032,1426.7992118865238,1390.5361871697203,1397.8978271484375,1644163,0.0,0.0
2021-11-25 00:00:00+05:30,1391.4450202928638,1422.1640990829032,1390.5816598567915,1417.2108154296875,1557493,0.0,0.0
2021-11-26 00:00:00+05:30,1403.2599355154832,1408.7130181664502,1372.4954830815952,1388.173095703125,1522173,0.0,0.0
2021-11-29 00:00:00+05:30,1376.903513971019,1404.6233536912277,1344.5485756993623,1396.580078125,1995524,0.0,0.0
2021-11-30 00:00:00+05:30,1389.627280270659,1449.1112813437917,1387.3551624154093,1400.9423828125,5662900,0.0,0.0
2021-12-01 00:00:00+05:30,1408.7131108484725,1449.0659473091707,1408.7131108484725,1442.8857421875,2761193,0.0,0.0
2021-12-02 00:00:00+05:30,1445.066852343276,1483.6928531134579,1435.9783815738213,1481.1026611328125,2664202,0.0,0.0
2021-12-03 00:00:00+05:30,1476.876571464646,1488.9187958165887,1444.7942237195286,1448.066162109375,2400296,0.0,0.0
2021-12-06 00:00:00+05:30,1459.60854758866,1471.923471056764,1405.8502155682095,1410.3035888671875,2911781,0.0,0.0
2021-12-07 00:00:00+05:30,1421.4371417840482,1437.2056198575126,1395.9894180180936,1432.93408203125,1758254,0.0,0.0
2021-12-08 00:00:00+05:30,1438.3869578625881,1467.6064157962978,1437.8416717636176,1458.5179443359375,1604565,0.0,0.0
2021-12-09 00:00:00+05:30,1447.7934990283318,1472.3323718932188,1440.52272188318,1464.33447265625,1947954,0.0,0.0
2021-12-10 00:00:00+05:30,1464.15269395195,1464.3344189966174,1434.660649614948,1456.5638427734375,1776362,0.0,0.0
2021-12-13 00:00:00+05:30,1458.6996972739755,1504.5964790262096,1451.8378568129226,1488.8280029296875,3163063,0.0,0.0
2021-12-14 00:00:00+05:30,1490.5094137637532,1513.2305938516154,1477.4674785819727,1492.9632568359375,2725454,0.0,0.0
2021-12-15 00:00:00+05:30,1489.600520509129,1496.2351492669795,1468.6061729456387,1491.9635009765625,1622068,0.0,0.0
2021-12-16 00:00:00+05:30,1498.6889113860323,1515.638932481505,1492.5087065494074,1502.0062255859375,2225836,0.0,0.0
2021-12-17 00:00:00+05:30,1517.0477110514005,1522.3190692206335,1478.6035408245025,1493.099609375,3405084,0.0,0.0
2021-12-20 00:00:00+05:30,1485.9651601767475,1489.0097760838703,1432.888461930406,1452.38330078125,2233189,0.0,0.0
2021-12-21 00:00:00+05:30,1459.1539984747099,1504.4146277937969,1459.1539984747099,1484.101806640625,2237445,0.0,0.0
2021-12-22 00:00:00+05:30,1495.053489559798,1510.2311918546247,1483.0112654037694,1508.458984375,1656110,0.0,0.0
2021-12-23 00:00:00+05:30,1517.774880398211,1536.9515348421342,1512.4581462693016,1530.3170166015625,1715034,0.0,0.0
2021-12-24 00:00:00+05:30,1529.907842235976,1577.0315452205903,1527.1813007601843,1566.6707763671875,3343946,0.0,0.0
2021-12-27 00:00:00+05:30,1567.3068633263854,1628.6540441176471,1548.3574230039571,1622.2921142578125,4512000,0.0,0.0
2021-12-28 00:00:00+05:30,1622.2922187322138,1656.828411623992,1614.2034566294349,1641.4688720703125,3605483,0.0,0.0
2021-12-29 00:00:00+05:30,1636.3792965508997,1655.0106631597826,1620.2472596090622,1623.9735107421875,1902921,0.0,0.0
2021-12-30 00:00:00+05:30,1624.109747042934,1670.4609485533927,1623.2008999544937,1635.8792724609375,4650594,0.0,0.0
2021-12-31 00:00:00+05:30,1636.1065899263535,1647.7398777872056,1620.8834002115516,1627.3363037109375,2378048,0.0,0.0
2022-01-03 00:00:00+05:30,1631.426157126688,1652.2841553039646,1620.4745043492678,1622.1104736328125,1779147,0.0,0.0
2022-01-04 00:00:00+05:30,1629.5628072815505,1639.3784000797307,1605.932783305354,1626.654541015625,2701533,0.0,0.0
2022-01-05 00:00:00+05:30,1617.7023875480668,1620.428928909215,1575.0320596233948,1579.1673583984375,3138050,0.0,0.0
2022-01-06 00:00:00+05:30,1567.7611982614233,1571.2602372978793,1535.9515507604667,1537.860107421875,4290750,0.0,0.0
2022-01-07 00:00:00+05:30,1546.8579614798432,1567.3525105759327,1540.5868935014073,1548.539306640625,2103362,0.0,0.0
2022-01-10 00:00:00+05:30,1562.3083286952306,1567.7614118669417,1533.6796420437472,1559.581787109375,2330348,0.0,0.0
2022-01-11 00:00:00+05:30,1549.584375239139,1585.938260875248,1549.584375239139,1578.8038330078125,2704832,0.0,0.0
2022-01-12 00:00:00+05:30,1594.1179956384967,1595.0268428423954,1564.1260379098362,1572.714599609375,3013194,0.0,0.0
2022-01-13 00:00:00+05:30,1572.3057538807464,1589.482989218733,1546.6763056225411,1562.126708984375,2768371,0.0,0.0
2022-01-14 00:00:00+05:30,1558.2183046040475,1587.5741094005416,1541.8590573116167,1579.3489990234375,1889385,0.0,0.0
2022-01-17 00:00:00+05:30,1574.9865860639754,1591.3913211014024,1563.2170601338732,1565.3983154296875,2522806,0.0,0.0
2022-01-18 00:00:00+05:30,1581.394185197294,1587.347178949912,1499.6434209777633,1509.3680419921875,4878369,0.0,0.0
2022-01-19 00:00:00+05:30,1511.5037921048372,1523.7732295968474,1479.1943399418358,1517.86572265625,2610709,0.0,0.0
2022-01-20 00:00:00+05:30,1517.8655417759655,1520.6829456386238,1493.735717483129,1514.957275390625,2440011,0.0,0.0
2022-01-21 00:00:00+05:30,1499.5978355740403,1502.3243770932659,1444.0218087518415,1448.29345703125,4079190,0.0,0.0
2022-01-24 00:00:00+05:30,1443.2492308436981,1443.2492308436981,1365.0428915582736,1375.2220458984375,3250275,0.0,0.0
2022-01-25 00:00:00+05:30,1362.3619067568595,1388.4004003455007,1331.4611030012004,1363.8160400390625,3910618,0.0,0.0
2022-01-27 00:00:00+05:30,1349.1836454404552,1349.1836454404552,1299.6514738833619,1313.8294677734375,4434890,0.0,0.0
2022-01-28 00:00:00+05:30,1314.1929083869093,1347.7293886111588,1278.0662361127877,1282.065185546875,7080683,0.0,0.0
2022-01-31 00:00:00+05:30,1306.013356175916,1352.000999834517,1301.014696844693,1344.1849365234375,4406035,0.0,0.0
2022-02-01 00:00:00+05:30,1366.9060995351153,1376.857931347913,1340.5495324563133,1368.49658203125,2542754,0.0,0.0
2022-02-02 00:00:00+05:30,1345.0029849672276,1354.182319440555,1311.466501310551,1347.77490234375,9031146,0.0,0.0
2022-02-03 00:00:00+05:30,1344.0941919569505,1344.9121766534076,1317.01050009902,1321.736572265625,2433692,0.0,0.0
2022-02-04 00:00:00+05:30,1330.5522119913478,1331.4155723964175,1304.1956449505356,1316.1923828125,2406272,0.0,0.0
2022-02-07 00:00:00+05:30,1317.8284560147117,1332.1427995886645,1303.2869006379976,1312.6480712890625,2741520,0.0,0.0
2022-02-08 00:00:00+05:30,1314.647369904722,1323.4177668735872,1290.7446460746075,1303.468505859375,1981111,0.0,0.0
2022-02-09 00:00:00+05:30,1308.7853012703533,1336.868587702724,1308.7853012703533,1322.1907958984375,2282701,0.0,0.0
2022-02-10 00:00:00+05:30,1331.461124699417,1337.8230549880832,1318.101115470522,1334.64208984375,1850405,0.0,0.0
2022-02-11 00:00:00+05:30,1317.6920499833525,1317.7829125118903,1291.4718312628327,1295.016357421875,2426039,0.0,0.0
2022-02-14 00:00:00+05:30,1263.2974886348559,1289.4723298989793,1246.0293934664658,1263.433837890625,2149302,0.0,0.0
2022-02-15 00:00:00+05:30,1276.0668182785632,1311.102807503998,1267.8871943583956,1308.4217529296875,1955525,0.0,0.0
2022-02-16 00:00:00+05:30,1318.2828730532997,1330.506823603652,1298.6063088435483,1312.3753662109375,2164650,0.0,0.0
2022-02-17 00:00:00+05:30,1328.2345707034065,1328.2345707034065,1308.9670562591866,1315.6016845703125,1669669,0.0,0.0
2022-02-18 00:00:00+05:30,1307.3312546700538,1313.2842484086589,1287.9273884825652,1306.8768310546875,2374188,0.0,0.0
2022-02-21 00:00:00+05:30,1297.061250626439,1308.7399144801975,1281.5653621228255,1288.927001953125,2109461,0.0,0.0
2022-02-22 00:00:00+05:30,1254.6633987837474,1291.199007163498,1249.6647398244497,1283.7919921875,2111878,0.0,0.0
2022-02-23 00:00:00+05:30,1292.3806809161777,1295.0617357011126,1280.7473927162814,1284.4737548828125,1319711,0.0,0.0
2022-02-24 00:00:00+05:30,1245.5750552475765,1272.386046951191,1208.7667446036314,1211.4932861328125,4108603,0.0,0.0
2022-02-25 00:00:00+05:30,1231.4879490588103,1272.3860728282912,1227.034575615259,1263.02490234375,1885454,0.0,0.0
2022-02-28 00:00:00+05:30,1254.2090726811834,1290.4266095840867,1238.985882849727,1281.4744873046875,4983140,0.0,0.0
2022-03-02 00:00:00+05:30,1272.3858624829995,1291.1989519295582,1256.7082509631198,1267.2508544921875,2160190,0.0,0.0
2022-03-03 00:00:00+05:30,1281.2927592016683,1312.011726371751,1277.0665977564324,1296.6068115234375,2730530,0.0,0.0
2022-03-04 00:00:00+05:30,1286.018622441203,1326.9167411760823,1271.0226455717473,1321.10009765625,3567738,0.0,0.0
2022-03-07 00:00:00+05:30,1297.8337105904077,1330.5522074960481,1282.42879600797,1294.2891845703125,3341715,0.0,0.0
2022-03-08 00:00:00+05:30,1290.5629921910736,1333.1879470091346,1290.5629921910736,1328.6890869140625,2365949,0.0,0.0
2022-03-09 00:00:00+05:30,1328.689065600119,1373.2680633235639,1328.689065600119,1367.5877685546875,3667977,0.0,0.0
2022-03-10 00:00:00+05:30,1385.9918653759246,1386.8552257672184,1340.0950855716726,1349.9560546875,2835942,0.0,0.0
2022-03-11 00:00:00+05:30,1341.4583326286186,1355.863537114876,1338.2773677477242,1351.27392578125,1116432,0.0,0.0
2022-03-14 00:00:00+05:30,1351.4556387712855,1371.3594124657131,1351.4556387712855,1365.9971923828125,1372791,0.0,0.0
2022-03-15 00:00:00+05:30,1375.9945626571123,1376.9034097922888,1316.0106517354682,1325.6444091796875,2188506,0.0,0.0
2022-03-16 00:00:00+05:30,1340.7313106015044,1358.272105487953,1334.55121636631,1354.0914306640625,1453944,0.0,0.0
2022-03-17 00:00:00+05:30,1367.8149009477265,1372.3136497662344,1351.4556529629697,1357.3631591796875,2346185,0.0,0.0
2022-03-21 00:00:00+05:30,1358.7265422162154,1381.447721851938,1341.640170752848,1344.912109375,2110200,0.0,0.0
2022-03-22 00:00:00+05:30,1351.3648550415176,1403.2145185947757,1340.5950384586936,1397.9886474609375,3030660,0.0,0.0
2022-03-23 00:00:00+05:30,1408.7130410099726,1419.3465079744888,1389.808976469441,1401.57861328125,3741783,0.0,0.0
2022-03-24 00:00:00+05:30,1390.6723932040975,1428.662134897761,1390.6723932040975,1425.5721435546875,2085571,0.0,0.0
2022-03-25 00:00:00+05:30,1427.7988325498916,1431.388734314266,1383.6288844890673,1391.0360107421875,1755511,0.0,0.0
2022-03-28 00:00:00+05:30,1394.1714777054417,1398.670226558025,1378.312139888505,1385.491943359375,1928306,0.0,0.0
2022-03-29 00:00:00+05:30,1396.8981296022937,1399.2157343117292,1380.6297427292689,1383.58349609375,2311150,0.0,0.0
2022-03-30 00:00:00+05:30,1394.4443990966715,1394.4443990966715,1349.638184682432,1359.908203125,3792481,0.0,0.0
2022-03-31 00:00:00+05:30,1359.9080941309003,1371.995695186225,1351.637495951205,1362.7708740234375,2036984,0.0,0.0
2022-04-01 00:00:00+05:30,1362.3619345834124,1365.6792490077078,1340.9585389322995,1351.546630859375,2537230,0.0,0.0
2022-04-04 00:00:00+05:30,1351.5465941305115,1367.1788319026318,1348.4111157949496,1362.0438232421875,1675276,0.0,0.0
2022-04-05 00:00:00+05:30,1370.5414561933148,1383.7197394259429,1345.0937368475504,1353.31884765625,3207223,0.0,0.0
2022-04-06 00:00:00+05:30,1346.9114596869342,1346.9114596869342,1321.4637398008113,1326.3260498046875,2627895,0.0,0.0
2022-04-07 00:00:00+05:30,1321.4637298528507,1340.2314453162342,1318.4644899401198,1334.6875,3336784,0.0,0.0
2022-04-08 00:00:00+05:30,1340.549497563228,1348.1838355346113,1308.7398484685075,1316.6922607421875,5402943,0.0,0.0
2022-04-11 00:00:00+05:30,1323.2359143228039,1329.052558054557,1304.7863844317253,1317.1011962890625,3268704,0.0,0.0
2022-04-12 00:00:00+05:30,1305.4225406107023,1310.1939879979664,1278.2479894926819,1286.0186767578125,2021088,0.0,0.0
2022-04-13 00:00:00+05:30,1288.8360030297827,1298.469759747639,1275.4759955273043,1281.88330078125,1430399,0.0,0.0
2022-04-18 00:00:00+05:30,1263.2975370586953,1263.2975370586953,1208.9484331734004,1221.990478515625,3968044,0.0,0.0
2022-04-19 00:00:00+05:30,1237.7135231932305,1237.7135231932305,1168.4594117104184,1182.5919189453125,2677360,0.0,0.0
2022-04-20 00:00:00+05:30,1186.4091182174875,1200.5416251487354,1177.6387208360381,1189.8626708984375,3025261,0.0,0.0
2022-04-21 00:00:00+05:30,1194.1343844017013,1198.7694830344858,1179.1837810685574,1193.043701171875,3728173,0.0,0.0
2022-04-22 00:00:00+05:30,1186.0455427377835,1203.3136387623183,1175.0030275650217,1187.4088134765625,1954666,0.0,0.0
2022-04-25 00:00:00+05:30,1176.9571058920544,1179.6381607135006,1147.5104348764505,1154.5994873046875,2686619,0.0,0.0
2022-04-26 00:00:00+05:30,1164.5966715405268,1168.504647422068,1149.6915572265686,1159.18896484375,2568317,0.0,0.0
2022-04-27 00:00:00+05:30,1152.19095363409,1158.3256717859576,1132.6507402614748,1146.283447265625,2382463,0.0,0.0
2022-04-28 00:00:00+05:30,1157.6894761401609,1167.3232331764177,1136.2405959036935,1155.4173583984375,2576887,0.0,0.0
2022-04-29 00:00:00+05:30,1166.95970341665,1167.6868254907838,1134.5592813628878,1144.238525390625,3811317,0.0,0.0
2022-05-02 00:00:00+05:30,1126.9704332445303,1135.150057356789,1112.6106043145974,1118.9725341796875,2149957,0.0,0.0
2022-05-04 00:00:00+05:30,1120.1086358351288,1130.5603781552577,1090.6165899265022,1102.2498779296875,2797667,0.0,0.0
2022-05-05 00:00:00+05:30,1120.472297846889,1150.6914685823247,1110.7476767544465,1148.192138671875,3563713,0.0,0.0
2022-05-06 00:00:00+05:30,1126.6977901052833,1180.5924715599579,1116.700471254506,1173.094482421875,5745203,0.0,0.0
2022-05-09 00:00:00+05:30,1163.3243738639544,1163.3243738639544,1099.7050721682695,1146.192626953125,5712061,0.0,0.0
2022-05-10 00:00:00+05:30,1140.6032280683687,1155.5537200271,1122.4262841947693,1129.0609130859375,2852416,0.0,0.0
2022-05-11 00:00:00+05:30,1129.6970502738893,1150.28246119038,1097.2512501662554,1112.837890625,3244609,0.0,0.0
2022-05-12 00:00:00+05:30,1098.796214350951,1120.4721968870888,1087.9355351869021,1102.2498779296875,3110220,0.0,0.0
2022-05-13 00:00:00+05:30,1116.0643154324948,1122.017308723546,1086.0723590731525,1093.206787109375,1892084,0.0,0.0
2022-05-16 00:00:00+05:30,1081.5281553744917,1109.7024182455918,1051.490711387837,1080.664794921875,3474480,0.0,0.0
2022-05-17 00:00:00+05:30,1086.7995682806552,1099.7051546437965,1075.3026285661804,1088.980712890625,4434968,0.0,0.0
2022-05-18 00:00:00+05:30,1098.7963394842895,1118.336555612422,1061.9880253824585,1065.2144775390625,5294021,0.0,0.0
2022-05-19 00:00:00+05:30,1047.900788118159,1048.7187727606756,999.7318880572202,1007.3207397460938,4393100,0.0,0.0
2022-05-20 00:00:00+05:30,1025.179385067441,1031.3595888582618,1013.1371626807888,1027.8150634765625,2461651,0.0,0.0
2022-05-23 00:00:00+05:30,1030.6326736794344,1043.1748087946348,1013.9553505753013,1038.721435546875,2783695,0.0,0.0
2022-05-24 00:00:00+05:30,1043.3564578792118,1046.8554969822303,991.5521738207492,998.232177734375,3666196,0.0,0.0
2022-05-25 00:00:00+05:30,991.5977428225891,995.0967822159131,949.7452865362027,963.5143432617188,4711542,0.0,0.0
2022-05-26 00:00:00+05:30,972.4664682939163,990.1889880431978,959.6971212254641,980.2825317382812,2946857,0.0,0.0
2022-05-27 00:00:00+05:30,995.1876766528316,1023.5436647061832,992.4611350729607,1020.8626098632812,3367600,0.0,0.0
2022-05-30 00:00:00+05:30,1038.7214188177484,1063.8055777009001,1031.9504410566897,1057.8980712890625,2469771,0.0,0.0
2022-05-31 00:00:00+05:30,1046.9919376191485,1083.3458243420355,1043.9473217947582,1072.6668701171875,9674664,0.0,0.0
2022-06-01 00:00:00+05:30,1078.0289288565982,1087.8898969620504,1038.903019764,1042.083984375,2419021,0.0,0.0
2022-06-02 00:00:00+05:30,1036.0857355407395,1050.0820036305547,1028.5422599309923,1041.538818359375,3206663,0.0,0.0
2022-06-03 00:00:00+05:30,1054.2625295405578,1074.2571637214994,1039.8118399211387,1043.2655029296875,3229236,0.0,0.0
2022-06-06 00:00:00+05:30,1041.5389234895852,1044.265465174113,1009.8201330375932,1039.9029541015625,3938875,0.0,0.0
2022-06-07 00:00:00+05:30,1027.0880614792443,1035.9039447088314,1018.5448767505735,1027.2698974609375,1656444,0.0,0.0
2022-06-08 00:00:00+05:30,1031.4506218935621,1035.4495714226846,1017.8179150510441,1021.7258911132812,1303551,0.0,0.0
2022-06-09 00:00:00+05:30,1019.7265138203945,1037.857970290433,1010.3199679002748,1034.8133544921875,1323539,0.0,0.0
2022-06-10 00:00:00+05:30,1016.999871808846,1021.4532446425919,999.9589892383224,1008.6838989257812,3119792,0.0,0.0
2022-06-13 00:00:00+05:30,982.6454854435038,985.7355879146102,954.2894989935683,956.0617065429688,2012004,0.0,0.0
2022-06-14 00:00:00+05:30,939.7480019229793,960.2425505975402,927.3877022294724,936.2489624023438,5775453,0.0,0.0
2022-06-15 00:00:00+05:30,942.4744892430509,942.4744892430509,925.0246129669833,927.0695190429688,3238141,0.0,0.0
2022-06-16 00:00:00+05:30,930.7049749547397,939.3843987330215,882.4905889269971,886.3986206054688,5600443,0.0,0.0
2022-06-17 00:00:00+05:30,882.5813996215538,885.5351527065948,857.6790222798768,877.0828857421875,7043370,0.0,0.0
2022-06-20 00:00:00+05:30,877.0375328671224,898.0773673727422,861.6325619986019,890.0794677734375,2985094,0.0,0.0
2022-06-21 00:00:00+05:30,901.0311231686688,913.0733483935884,890.6702430506521,908.9380493164062,3433536,0.0,0.0
2022-06-22 00:00:00+05:30,906.0751976844037,906.0751976844037,879.7640610052615,890.6702270507812,2719988,0.0,0.0
2022-06-23 00:00:00+05:30,891.6700114210203,907.5294069679908,882.7178882309609,900.7584838867188,2915172,0.0,0.0
2022-06-24 00:00:00+05:30,909.7560273304628,909.7560273304628,885.2171534664043,891.7608642578125,4056588,0.0,0.0
2022-06-27 00:00:00+05:30,905.2117095145942,930.7502907771092,905.2117095145942,915.3908081054688,3796002,0.0,0.0
2022-06-28 00:00:00+05:30,910.664825865033,935.2036984182823,894.3510087584548,927.6602783203125,2755698,0.0,0.0
2022-06-29 00:00:00+05:30,916.1178679691964,933.7495237278881,911.1646402276174,928.0237426757812,3770663,0.0,0.0
2022-06-30 00:00:00+05:30,923.38872265625,932.4771943359375,906.1206264648438,908.84716796875,3264301,0.0,0.0
2022-07-01 00:00:00+05:30,906.1205609485276,921.5709616868676,899.1224271668368,918.57177734375,1842102,0.0,0.0
2022-07-04 00:00:00+05:30,918.5718650950845,921.3892691925731,904.3029531322397,908.8017578125,1814322,0.0,0.0
2022-07-05 00:00:00+05:30,913.391468122425,928.7510085312462,907.9383847306492,911.7555541992188,3045188,0.0,0.0
2022-07-06 00:00:00+05:30,916.1178948498272,922.3889621520328,910.3012511065748,917.8447265625,2188175,0.0,0.0
2022-07-07 00:00:00+05:30,927.8875300401885,933.295181800294,923.3887254508021,927.7057495117188,1901699,0.0,0.0
2022-07-08 00:00:00+05:30,937.0214529803945,940.3841432064147,922.0709056091262,932.931640625,2841036,0.0,0.0
2022-07-11 00:00:00+05:30,922.4798456162788,924.6156142031928,897.9409728757473,915.7089233398438,2892507,0.0,0.0
2022-07-12 00:00:00+05:30,908.8471879398176,924.1158096028805,903.8485284061486,906.438720703125,2013304,0.0,0.0
2022-07-13 00:00:00+05:30,910.1195252100155,912.6642860434513,897.0775357972651,899.8040771484375,2067142,0.0,0.0
2022-07-14 00:00:00+05:30,907.0294449284683,907.5747310233415,880.4910973693019,886.85302734375,2212219,0.0,0.0
2022-07-15 00:00:00+05:30,890.6701413291687,898.7589025564198,877.0828663441592,885.0352783203125,2544737,0.0,0.0
2022-07-18 00:00:00+05:30,895.2144356379433,928.8417799207899,894.487369018045,916.117919921875,3946821,0.0,0.0
2022-07-19 00:00:00+05:30,908.8017105300122,918.7990290897327,900.6675175166414,915.8452758789062,2985845,0.0,0.0
2022-07-20 00:00:00+05:30,928.1601633722277,955.8345150533673,924.5247747274404,950.19970703125,5574762,0.0,0.0
2022-07-21 00:00:00+05:30,945.1283218727306,955.0867921410909,932.2653446753301,952.2744140625,4935223,15.0,0.0
2022-07-22 00:00:00+05:30,958.9593632929913,962.3710006199109,934.2938219775225,948.5398559570312,2985409,0.0,0.0
2022-07-25 00:00:00+05:30,948.7243898460102,948.7243898460102,929.6834904897356,937.982177734375,2888919,0.0,0.0
2022-07-26 00:00:00+05:30,935.9075693123276,956.4237697233614,916.6822984050801,921.47705078125,5939871,0.0,0.0
2022-07-27 00:00:00+05:30,922.0763424917462,931.2510133553538,914.6997317518122,929.1302490234375,2546052,0.0,0.0
2022-07-28 00:00:00+05:30,941.62442327205,962.1405667259945,936.2763914513924,957.1152954101562,3428026,0.0,0.0
2022-07-29 00:00:00+05:30,972.7905259401009,984.7775182028699,962.739871454304,966.9353637695312,6185909,0.0,0.0
2022-08-01 00:00:00+05:30,976.4327319234767,976.4327319234767,956.9309066459281,967.8113403320312,2540084,0.0,0.0
2022-08-02 00:00:00+05:30,964.4918315382362,967.719098660974,949.7386104057201,952.135986328125,2802273,0.0,0.0
2022-08-03 00:00:00+05:30,947.3873260862521,974.6347279797117,944.8516160560305,970.6237182617188,3509019,0.0,0.0
2022-08-04 00:00:00+05:30,980.1671133311339,989.1112084765617,955.4554233057372,973.7587280273438,5360632,0.0,0.0
2022-08-05 00:00:00+05:30,977.400993496889,984.7314559248534,968.5951187680652,975.7412109375,2641829,0.0,0.0
2022-08-08 00:00:00+05:30,973.712584830262,981.8729376744552,967.304199489343,974.2658081054688,2579239,0.0,0.0
2022-08-10 00:00:00+05:30,973.7126206502905,976.6171836496553,961.7717770017492,972.9749145507812,2823021,0.0,0.0
2022-08-11 00:00:00+05:30,988.4658617863773,1008.6593566609939,986.8060793086254,993.3067626953125,3201408,0.0,0.0
2022-08-12 00:00:00+05:30,989.6646968216853,992.5231112993155,979.2451879343365,982.84130859375,1771561,0.0,0.0
2022-08-16 00:00:00+05:30,992.1541339101308,995.7962904007617,974.2197942637312,993.7216186523438,2222701,0.0,0.0
2022-08-17 00:00:00+05:30,988.9270243336033,1020.6464777422766,988.6503563664681,1018.4334716796875,4280823,0.0,0.0
2022-08-18 00:00:00+05:30,1014.283999063776,1022.7670565781405,1003.3112678350017,1019.03271484375,3041422,0.0,0.0
2022-08-19 00:00:00+05:30,1023.5047196871445,1046.5566277882062,1014.2839564467198,1018.110595703125,4577717,0.0,0.0
2022-08-22 00:00:00+05:30,1010.5957660713094,1014.2840717868982,991.4626801716929,994.643798828125,2157609,0.0,0.0
2022-08-23 00:00:00+05:30,979.2451879343365,986.713984652712,965.4140412121001,982.84130859375,2875768,0.0,0.0
2022-08-24 00:00:00+05:30,982.933447483718,989.7568353906394,972.8827921601053,987.4976806640625,2180800,0.0,0.0
2022-08-25 00:00:00+05:30,995.8424670381073,1004.7405264079944,982.5185086829405,987.1749267578125,2734931,0.0,0.0
2022-08-26 00:00:00+05:30,998.6086213763768,1012.0248764098144,996.7644687976579,1000.9599609375,2624896,0.0,0.0
2022-08-29 00:00:00+05:30,964.4918539244386,965.9671535603035,938.0282516479438,954.856201171875,6118233,0.0,0.0
2022-08-30 00:00:00+05:30,966.336074404245,996.3035576276591,961.0802839083237,992.2463989257812,4453769,0.0,0.0
2022-09-01 00:00:00+05:30,973.7125398983485,982.0112263179368,961.8177335186444,970.8541259765625,6112823,0.0,0.0
2022-09-02 00:00:00+05:30,975.7410906951469,983.394368969644,965.4600300487285,974.0814208984375,1645341,0.0,0.0
2022-09-05 00:00:00+05:30,973.7125378084996,987.3593115813436,972.606091311518,982.057373046875,1677079,0.0,0.0
2022-09-06 00:00:00+05:30,982.0574541447359,987.5437633623791,968.4568280853567,980.8125610351562,3051076,0.0,0.0
2022-09-07 00:00:00+05:30,970.0242475798955,978.3229341086208,962.6476373321395,973.57421875,2615897,0.0,0.0
2022-09-08 00:00:00+05:30,986.6216026367008,1007.7371715972821,983.9475589590486,1004.6942749023438,2634786,0.0,0.0
2022-09-09 00:00:00+05:30,1016.7274683086298,1044.1130897617438,1001.605394274695,1038.8572998046875,3394349,0.0,0.0
2022-09-12 00:00:00+05:30,1051.1670319082102,1074.2189405026886,1051.1208830677624,1060.47998046875,5230075,0.0,0.0
2022-09-13 00:00:00+05:30,1065.9202971092277,1073.7117975103379,1054.0254892751846,1058.0364990234375,2483685,0.0,0.0
2022-09-14 00:00:00+05:30,1025.3489397611947,1034.431369638636,1009.67364122168,1027.8385009765625,5179539,0.0,0.0
2022-09-15 00:00:00+05:30,1033.00213392471,1036.6904391604558,993.998261033443,998.608642578125,3392174,0.0,0.0
2022-09-16 00:00:00+05:30,982.011343902994,990.2638824740354,947.8945178706834,952.6892700195312,6635089,0.0,0.0
2022-09-19 00:00:00+05:30,955.2710848721591,969.8859722980044,943.3762776164652,958.4983520507812,2485826,0.0,0.0
2022-09-20 00:00:00+05:30,971.8685873212158,982.6568368630919,968.1802814869798,973.85107421875,2321528,0.0,0.0
2022-09-21 00:00:00+05:30,965.5982895745522,983.8092971264111,965.4139193314626,977.5392456054688,2760138,0.0,0.0
2022-09-22 00:00:00+05:30,968.1801947093629,988.4658749794638,961.0341027960319,966.7048950195312,3867282,0.0,0.0
2022-09-23 00:00:00+05:30,957.1152671153467,968.0879983732895,942.3620452715649,954.4412231445312,3230711,0.0,0.0
2022-09-26 00:00:00+05:30,948.8165385119477,970.2548130701622,934.5704480335777,952.4126586914062,3314114,0.0,0.0
2022-09-27 00:00:00+05:30,954.3029262875286,963.5698391417711,939.6419452776025,942.8231201171875,4448875,0.0,0.0
2022-09-28 00:00:00+05:30,936.8295740923087,955.6399541939808,929.9600940107185,949.4619750976562,1965519,0.0,0.0
2022-09-29 00:00:00+05:30,961.5874019853142,963.108850637254,923.5978973233175,928.6231689453125,3176310,0.0,0.0
2022-09-30 00:00:00+05:30,922.9984069497053,939.4113543789105,907.8302400552068,930.0061645507812,3848885,0.0,0.0
2022-10-03 00:00:00+05:30,931.2971709795345,938.9043013365455,921.2926644761873,927.1478271484375,2431236,0.0,0.0
2022-10-04 00:00:00+05:30,942.3620166304322,955.271085351397,938.5815261594933,948.171142578125,2715420,0.0,0.0
2022-10-06 00:00:00+05:30,952.9196908589987,963.5697169644939,947.2950480371497,950.9373168945312,2397633,0.0,0.0
2022-10-07 00:00:00+05:30,949.6464781683974,955.6860108709589,941.486068507601,944.06787109375,1539126,0.0,0.0
2022-10-10 00:00:00+05:30,929.5451595028178,952.5048834648592,925.3036307424842,949.1392822265625,1660433,0.0,0.0
2022-10-11 00:00:00+05:30,953.8879872593018,954.3490254358409,922.5834838164852,926.5484008789062,2310765,0.0,0.0
2022-10-12 00:00:00+05:30,929.2685136856887,939.411353310968,920.4166034334377,936.7373657226562,2192421,0.0,0.0
2022-10-13 00:00:00+05:30,939.4574283898532,941.4399149731688,924.88863390955,934.0172119140625,1344162,0.0,0.0
2022-10-14 00:00:00+05:30,954.3489954230066,968.0879551634306,936.8756378258722,940.3795166015625,3492929,0.0,0.0
2022-10-17 00:00:00+05:30,939.5957630715741,947.8483010507608,928.9457929108265,943.5145874023438,1426207,0.0,0.0
2022-10-18 00:00:00+05:30,948.2634094298469,953.3808660075514,934.9854865179606,939.9647216796875,2395805,0.0,0.0
2022-10-19 00:00:00+05:30,944.6672670772526,949.7386872518987,937.1062293792377,939.7802734375,1304927,0.0,0.0
2022-10-20 00:00:00+05:30,931.2970965043934,962.0944685439896,928.5308675048753,960.4808349609375,1852905,0.0,0.0
2022-10-21 00:00:00+05:30,960.4808746114,962.9704357904816,950.7529238715819,960.0198364257812,1202009,0.0,0.0
2022-10-24 00:00:00+05:30,969.1023215661429,969.2406555413661,963.5698630224732,966.4744262695312,231316,0.0,0.0
2022-10-25 00:00:00+05:30,971.3153042938912,1001.3749724848441,969.102298417653,998.147705078125,3097049,0.0,0.0
2022-10-27 00:00:00+05:30,1008.1061077770566,1012.4398215527943,983.993788968883,992.0158081054688,2342818,0.0,0.0
2022-10-28 00:00:00+05:30,996.7645052401967,996.7645052401967,963.6159064490374,967.2119140625,1542568,0.0,0.0
2022-10-31 00:00:00+05:30,971.1769737531615,994.2750327261189,970.9464546518672,980.5360717773438,2629847,0.0,0.0
2022-11-01 00:00:00+05:30,985.6995096669677,995.8423484006784,965.5521661484515,987.4514770507812,4709472,0.0,0.0
2022-11-02 00:00:00+05:30,987.5436240599909,1013.0850901352086,983.2559471581882,997.6864624023438,4104485,0.0,0.0
2022-11-03 00:00:00+05:30,986.6216760520383,987.6820863463403,968.3184833584031,970.8080444335938,3460133,0.0,0.0
2022-11-04 00:00:00+05:30,970.9464042233211,976.2944921188459,957.8068161319799,971.5457763671875,2531080,0.0,0.0
2022-11-07 00:00:00+05:30,976.4328033243897,984.6854550159609,963.0626949141333,971.4075317382812,2588984,0.0,0.0
2022-11-09 00:00:00+05:30,982.1956210966748,984.0248794561476,961.6042687334452,965.0282592773438,2697639,18.0,0.0
2022-11-10 00:00:00+05:30,952.1763265717465,970.0003169213654,943.0298052081263,957.8987426757812,3285774,0.0,0.0
2022-11-11 00:00:00+05:30,984.0718775330427,1000.0196581984972,981.4451384410721,993.1714477539062,5299457,0.0,0.0
2022-11-14 00:00:00+05:30,996.267283975302,1007.9466427696797,990.122651813436,999.409912109375,2229790,0.0,0.0
2022-11-15 00:00:00+05:30,999.0815691610527,1004.2411453398187,985.0099977644181,1000.9108276367188,1577944,0.0,0.0
2022-11-16 00:00:00+05:30,1000.0196504773941,1008.4625931174471,993.4529173129084,1000.8170166015625,2335937,0.0,0.0
2022-11-17 00:00:00+05:30,994.3909677083071,996.1264384754176,982.4770839954307,993.03076171875,2089630,0.0,0.0
2022-11-18 00:00:00+05:30,994.39104938126,999.081573199096,981.2575826913188,995.1884155273438,1617331,0.0,0.0
2022-11-21 00:00:00+05:30,989.7942408167042,992.4209797686642,973.5650983016318,978.0679321289062,1475958,0.0,0.0
2022-11-22 00:00:00+05:30,978.0679621439771,987.7304866051406,971.9234449118471,985.6197509765625,1696991,0.0,0.0
2022-11-23 00:00:00+05:30,990.5916383042588,993.1245897699525,976.8953322257125,979.4282836914062,1704144,0.0,0.0
2022-11-24 00:00:00+05:30,984.3533231818701,1004.7101496899553,981.2575318167071,1003.1154174804688,2208145,0.0,0.0
2022-11-25 00:00:00+05:30,1003.772098014723,1015.873672379718,994.3910503697256,1013.2938842773438,1943246,0.0,0.0
2022-11-28 00:00:00+05:30,1008.4625216813067,1023.47219642261,1005.0853677674596,1010.5263061523438,1749691,0.0,0.0
2022-11-29 00:00:00+05:30,1009.4945210297523,1018.2657777344339,1006.3988439947284,1008.04052734375,1233868,0.0,0.0
2022-11-30 00:00:00+05:30,1008.228009577249,1015.0292685392728,997.3928546663391,1010.3387451171875,3909954,0.0,0.0
2022-12-01 00:00:00+05:30,1023.8475525721847,1039.373117559534,1020.7987121182493,1033.3223876953125,4264917,0.0,0.0
2022-12-02 00:00:00+05:30,1033.322310193394,1047.2063053327977,1031.9621042064766,1045.752197265625,3418928,0.0,0.0
2022-12-05 00:00:00+05:30,1050.6772846101387,1050.6772846101387,1028.3972975480933,1031.6806640625,2760688,0.0,0.0
2022-12-06 00:00:00+05:30,1021.5960224004843,1028.3034939353536,1013.200031107678,1021.408447265625,1838107,0.0,0.0
2022-12-07 00:00:00+05:30,1018.7818008407739,1020.0013828723561,1007.7121185248197,1011.3239135742188,1478573,0.0,0.0
2022-12-08 00:00:00+05:30,1011.3707513181745,1015.4046477215595,1004.0536026641378,1007.665283203125,1110431,0.0,0.0
2022-12-09 00:00:00+05:30,1007.4775039342484,1009.1191871709402,966.4354230169512,971.2198486328125,3138360,0.0,0.0
2022-12-12 00:00:00+05:30,970.0002562991701,979.7565680469054,958.5553675490024,968.2178344726562,1689393,0.0,0.0
2022-12-13 00:00:00+05:30,975.4881695068299,982.6177424708964,966.3885995350882,981.0230102539062,1983827,0.0,0.0
2022-12-14 00:00:00+05:30,985.9480396029982,1001.942770542318,985.9480396029982,999.17529296875,1983937,0.0,0.0
2022-12-15 00:00:00+05:30,994.3909947617484,994.3909947617484,957.1013324581828,959.4465942382812,5184673,0.0,0.0
2022-12-16 00:00:00+05:30,952.1762528276145,969.531189455507,948.4238340972594,957.6172485351562,2994364,0.0,0.0
2022-12-19 00:00:00+05:30,956.8199498135131,964.4654691604006,947.2512699260444,963.152099609375,1529622,0.0,0.0
2022-12-20 00:00:00+05:30,961.5572910524003,961.5572910524003,941.8570928942536,954.9436645507812,2149130,0.0,0.0
2022-12-21 00:00:00+05:30,961.0882503299664,966.7638294833422,957.1013054164453,962.5423583984375,2037666,0.0,0.0
2022-12-22 00:00:00+05:30,966.2478371678005,970.9383606491975,949.924792549592,952.9736328125,1925482,0.0,0.0
2022-12-23 00:00:00+05:30,942.8421605100755,952.6453665259971,931.5380098082867,934.1177978515625,1504806,0.0,0.0
2022-12-26 00:00:00+05:30,938.4330556944801,944.2024227603451,931.5380087441855,939.0428466796875,966423,0.0,0.0
2022-12-27 00:00:00+05:30,947.204337242275,949.9248065471526,931.7256095255788,947.0635986328125,1615647,0.0,0.0
2022-12-28 00:00:00+05:30,943.0766796773028,956.3039908097167,940.1685778985641,953.3489379882812,1077963,0.0,0.0
2022-12-29 00:00:00+05:30,947.4857853207077,952.832993778447,944.6714711068838,950.4877319335938,1977329,0.0,0.0
2022-12-30 00:00:00+05:30,959.4466272822579,964.0433634325125,952.1763155135583,953.4896850585938,1317151,0.0,0.0
2023-01-02 00:00:00+05:30,954.8968262569246,958.6022941294344,942.982884750833,947.0167236328125,1348611,0.0,0.0
2023-01-03 00:00:00+05:30,950.3001206812544,961.3698026411872,945.6564906736379,960.431640625,1439615,0.0,0.0
2023-01-04 00:00:00+05:30,960.4315597387124,965.6380292601887,949.4557235334541,957.148193359375,1702044,0.0,0.0
2023-01-05 00:00:00+05:30,957.8049478988497,961.5104158482922,942.3262195537656,949.03369140625,1376035,0.0,0.0
2023-01-06 00:00:00+05:30,947.0167219860616,949.0336700522284,924.0331561726307,925.1119995117188,2346808,0.0,0.0
2023-01-09 00:00:00+05:30,936.181567255491,957.8048684562376,933.7894117974994,952.4107666015625,2190779,0.0,0.0
2023-01-10 00:00:00+05:30,950.3001206275995,951.2851191728273,937.2135477913722,940.5907592773438,1411099,0.0,0.0
2023-01-11 00:00:00+05:30,946.0317609021972,954.0056513978401,941.1536046769179,944.0617065429688,1294200,0.0,0.0
2023-01-12 00:00:00+05:30,947.4857116913818,950.7690780190251,935.5717709938884,939.5587158203125,1948321,0.0,0.0
2023-01-13 00:00:00+05:30,942.2793391916675,946.5477044052518,925.2527148665633,941.059814453125,2837817,0.0,0.0
2023-01-16 00:00:00+05:30,945.7971721084972,971.6419451998734,941.1535423816297,970.42236328125,4286551,0.0,0.0
2023-01-17 00:00:00+05:30,970.0002965256436,985.0099722939322,967.0921947484854,981.3045043945312,2466876,0.0,0.0
2023-01-18 00:00:00+05:30,981.3045249399474,986.4171500496676,978.9123120083958,983.4620971679688,1138627,0.0,0.0
2023-01-19 00:00:00+05:30,979.2875664179469,988.762401441526,975.7227225802885,988.1057739257812,1768051,0.0,0.0
2023-01-20 00:00:00+05:30,987.355252050408,992.0457758131178,977.3644135328881,981.7266235351562,1160517,0.0,0.0
2023-01-23 00:00:00+05:30,988.2932948818933,1003.3967575485702,982.4301405458593,999.3629760742188,1344952,0.0,0.0
2023-01-24 00:00:00+05:30,1003.772059967926,1010.6202702950975,999.3630135477937,1004.3348999023438,1578750,0.0,0.0
2023-01-25 00:00:00+05:30,999.0815955506321,1001.6144326630318,984.0719189977588,986.0888671875,1049973,0.0,0.0
2023-01-27 00:00:00+05:30,985.9481491492821,992.1865689997506,958.2740574272043,966.3417358398438,1651820,0.0,0.0
2023-01-30 00:00:00+05:30,966.3416475682305,983.0867938895436,955.3658681683073,971.9702758789062,2654212,0.0,0.0
2023-01-31 00:00:00+05:30,961.5573781581935,965.1690585780834,934.3992339284953,952.1763305664062,5797831,0.0,0.0
2023-02-01 00:00:00+05:30,955.0375569436721,970.4693919795482,941.2005114804548,960.384765625,1939670,0.0,0.0
2023-02-02 00:00:00+05:30,963.715081928695,979.6159120716748,948.5177158527807,953.7242431640625,3860090,0.0,0.0
2023-02-03 00:00:00+05:30,961.0413653742504,963.3397907206964,940.9190642917536,948.705322265625,2980262,0.0,0.0
2023-02-06 00:00:00+05:30,943.7333261128482,953.4896378742179,935.2903838315204,943.12353515625,2003960,0.0,0.0
2023-02-07 00:00:00+05:30,942.7951705358594,946.0316430205149,935.2903333574645,940.4030151367188,1697633,0.0,0.0
2023-02-08 00:00:00+05:30,945.1405038610525,957.9456561711494,942.1854510949169,948.4707641601562,2611176,0.0,0.0
2023-02-09 00:00:00+05:30,948.4708716191029,954.7092916066869,940.5438743984313,953.114501953125,1782899,0.0,0.0
2023-02-10 00:00:00+05:30,948.939863191725,958.3678046246007,941.9509712438919,954.380859375,1116554,0.0,0.0
2023-02-13 00:00:00+05:30,952.1763215861713,954.8030034356246,938.5738027063688,940.4500122070312,1682312,0.0,0.0
2023-02-14 00:00:00+05:30,943.7802461674876,962.2139696404237,943.4988262017497,949.4088745117188,2440189,0.0,0.0
2023-02-15 00:00:00+05:30,952.082588809694,1008.4626646465174,945.8910627467426,1005.0855102539062,6712218,0.0,0.0
2023-02-16 00:00:00+05:30,1008.4626776432206,1070.424546573152,1007.571523873528,1060.29296875,14422445,0.0,0.0
2023-02-17 00:00:00+05:30,1039.51387356819,1068.5013338873991,1039.51387356819,1059.307861328125,5333732,0.0,0.0
2023-02-20 00:00:00+05:30,1059.5893006998826,1085.2464423601416,1050.6773056962095,1073.37939453125,4590531,0.0,0.0
2023-02-21 00:00:00+05:30,1075.067942738804,1080.649619672263,1061.0433238466635,1064.2327880859375,3494288,0.0,0.0
2023-02-22 00:00:00+05:30,1052.5534724814227,1064.0452550463938,1048.8010536846975,1056.0244140625,2674708,0.0,0.0
2023-02-23 00:00:00+05:30,1057.2441048195494,1078.35146272411,1054.4767414779608,1058.9327392578125,2576193,0.0,0.0
2023-02-24 00:00:00+05:30,1066.6250199632414,1070.3774386790312,1046.924821705345,1049.7391357421875,1913493,0.0,0.0
2023-02-27 00:00:00+05:30,1040.3581364176212,1049.0356050937826,1028.9601411454455,1045.001708984375,2247105,0.0,0.0
2023-02-28 00:00:00+05:30,1048.801140055172,1065.2179736427977,1028.8664135559122,1032.1497802734375,3894204,0.0,0.0
2023-03-01 00:00:00+05:30,1032.1497539962077,1059.1202656321002,1029.100913550411,1057.1502685546875,2084324,0.0,0.0
2023-03-02 00:00:00+05:30,1050.6773879110137,1054.4298071535532,1036.6058157514913,1041.1087646484375,1838692,0.0,0.0
2023-03-03 00:00:00+05:30,1048.8011554916905,1050.3021002531302,1015.4514843926532,1017.9844360351562,2388401,0.0,0.0
2023-03-06 00:00:00+05:30,1024.4103130119859,1028.1627317409675,1017.843580236268,1022.5810546875,2076844,0.0,0.0
2023-03-08 00:00:00+05:30,1013.1530818026149,1021.0331842306932,1003.3967699637909,1011.558349609375,2230530,0.0,0.0
2023-03-09 00:00:00+05:30,1015.0293571040315,1016.2957756355476,991.9050517125302,994.3910522460938,2550755,0.0,0.0
2023-03-10 00:00:00+05:30,980.3193974758907,997.1583307941053,976.6139297697935,995.5635986328125,1400844,0.0,0.0
2023-03-13 00:00:00+05:30,1055.3676805457312,1092.610387555545,1055.3676805457312,1063.623046875,13080169,0.0,0.0
2023-03-14 00:00:00+05:30,1058.1820720277199,1067.7976449340001,1030.4141965866763,1046.2681884765625,4325522,0.0,0.0
2023-03-15 00:00:00+05:30,1055.2739267922932,1062.122021918814,1041.812148183271,1045.423828125,2583351,0.0,0.0
2023-03-16 00:00:00+05:30,1037.543798096413,1053.1163132119113,1032.90022563777,1048.5665283203125,2396839,0.0,0.0
2023-03-17 00:00:00+05:30,1053.8199218575705,1062.4036030100026,1045.2362407051382,1057.384765625,2507004,0.0,0.0
2023-03-20 00:00:00+05:30,1066.4375118155324,1066.4375118155324,1028.162792704576,1040.358154296875,4007438,0.0,0.0
2023-03-21 00:00:00+05:30,1036.5587779561745,1041.1555140465368,1019.2038404118528,1027.83447265625,3354949,0.0,0.0
2023-03-22 00:00:00+05:30,1029.1008676472923,1037.825287262776,1025.8644522012419,1031.5399169921875,1750203,0.0,0.0
2023-03-23 00:00:00+05:30,1019.8135997426099,1043.1724297505832,1019.8135997426099,1031.399169921875,1720354,0.0,0.0
2023-03-24 00:00:00+05:30,1036.6057721940444,1048.8011342198567,1028.7726202573365,1033.7445068359375,1943460,0.0,0.0
2023-03-27 00:00:00+05:30,1022.6277979173151,1044.7202069745724,1022.6277979173151,1034.7293701171875,1455300,0.0,0.0
2023-03-28 00:00:00+05:30,1030.9770874957715,1036.2304510259237,1000.2072068674372,1004.0535278320312,2431154,0.0,0.0
2023-03-29 00:00:00+05:30,1009.1190876687584,1020.0949803635117,999.1752016613831,1014.1848754882812,1642278,0.0,0.0
2023-03-31 00:00:00+05:30,1027.2246405110368,1037.5437921508737,1023.8943230395598,1033.650634765625,2281085,0.0,0.0
2023-04-03 00:00:00+05:30,1036.2304838105874,1036.605748613486,1017.9374411879966,1034.9171142578125,1508662,0.0,0.0
2023-04-05 00:00:00+05:30,1033.7914512506372,1045.98681319824,1030.6018721460082,1035.1986083984375,1947605,0.0,0.0
2023-04-06 00:00:00+05:30,1035.667692604667,1036.5588463530937,1015.9674919301218,1025.114013671875,1355815,0.0,0.0
2023-04-10 00:00:00+05:30,1028.4910665154725,1042.9379018205207,1023.3314906575794,1038.7164306640625,940829,0.0,0.0
2023-04-11 00:00:00+05:30,1039.4200810415718,1047.8630239381189,1024.7856695905054,1030.2735595703125,1384483,0.0,0.0
2023-04-12 00:00:00+05:30,1034.7295687857234,1044.5796689418883,1023.2847363149335,1041.2025146484375,1376719,0.0,0.0
2023-04-13 00:00:00+05:30,1032.1496660433145,1032.1496660433145,1009.4006277324303,1019.5790405273438,2725180,0.0,0.0
2023-04-17 00:00:00+05:30,970.9384024604882,973.7527166705186,939.9809461501537,966.200927734375,4349422,0.0,0.0
2023-04-18 00:00:00+05:30,970.7508312019419,973.5181943803123,948.4238925738334,961.7449340820312,2735592,0.0,0.0
2023-04-19 00:00:00+05:30,961.7449239257489,965.3097677076294,947.4857778277023,951.1444091796875,1953837,0.0,0.0
2023-04-20 00:00:00+05:30,952.2701066596734,960.4316294176145,947.532689134405,958.555419921875,1250758,0.0,0.0
2023-04-21 00:00:00+05:30,951.5196464705379,956.4915902463008,932.3353926800071,936.93212890625,4269272,0.0,0.0
2023-04-24 00:00:00+05:30,939.9809419373108,945.0936241807591,929.6617898801148,943.8271484375,1625433,0.0,0.0
2023-04-25 00:00:00+05:30,943.7333477483231,943.827135317319,932.8513559058622,935.2904052734375,1984203,0.0,0.0
2023-04-26 00:00:00+05:30,935.2904127876955,940.4499887860228,931.2565739132042,934.6337280273438,1589700,0.0,0.0
2023-04-27 00:00:00+05:30,937.1666567897389,946.2193906416571,931.5380282204311,941.059814453125,3543950,0.0,0.0
2023-04-28 00:00:00+05:30,921.1719568661191,963.1520865401675,920.3276397008636,960.3378295898438,5146250,0.0,0.0
2023-05-02 00:00:00+05:30,957.2420466572081,999.8320224006519,957.2420466572081,988.246337890625,4762884,0.0,0.0
2023-05-03 00:00:00+05:30,975.5351393364936,985.7135528344537,973.987243616818,975.253662109375,2217136,0.0,0.0
2023-05-04 00:00:00+05:30,969.0621583648265,982.2425752501256,965.1690009437634,980.7415161132812,1744298,0.0,0.0
2023-05-05 00:00:00+05:30,981.2575525703844,985.6665990179125,967.70198495884,972.2517700195312,1222282,0.0,0.0
2023-05-08 00:00:00+05:30,976.5200711591938,982.1956505715432,971.219871055865,978.7715454101562,1487285,0.0,0.0
2023-05-09 00:00:00+05:30,983.5090679888091,986.370218840734,975.488226365014,982.9462280273438,1747630,0.0,0.0
2023-05-10 00:00:00+05:30,983.1337251858533,985.9480392846679,973.8934167976927,981.3982543945312,1186977,0.0,0.0
2023-05-11 00:00:00+05:30,989.7004846216317,993.2653283816139,978.3962768823809,979.4282836914062,1451786,0.0,0.0
2023-05-12 00:00:00+05:30,979.4283042614248,988.2933482906948,970.047256816805,981.5858764648438,1140016,0.0,0.0
2023-05-15 00:00:00+05:30,981.2576249653956,1003.6783526835198,977.5052057494668,998.5656127929688,2122222,0.0,0.0
2023-05-16 00:00:00+05:30,1003.6782810962193,1005.4607029996037,987.8242881367557,991.7642822265625,1343911,0.0,0.0
2023-05-17 00:00:00+05:30,992.5148175627,1000.3949203026297,974.6908274552413,988.9031372070312,2803566,0.0,0.0
2023-05-18 00:00:00+05:30,993.4528683672935,994.344022018387,980.3663537258554,983.7903442382812,909923,0.0,0.0
2023-05-19 00:00:00+05:30,991.1545906919382,1011.9804697324495,984.0718542288199,1005.7890014648438,2624323,0.0,0.0
2023-05-22 00:00:00+05:30,1005.6482690430028,1041.7183500511967,1003.865847155744,1036.0897216796875,2996190,0.0,0.0
2023-05-23 00:00:00+05:30,1035.6675872592848,1049.9267328721785,1019.1569674667936,1023.003173828125,1414119,0.0,0.0
2023-05-24 00:00:00+05:30,1018.0781400817245,1035.0578124890556,1017.8436139034059,1030.7425537109375,1782245,0.0,0.0
2023-05-25 00:00:00+05:30,1029.100920168504,1031.9152344442612,1014.6072474542515,1030.1328125,1200289,0.0,0.0
2023-05-26 00:00:00+05:30,1030.9770484816522,1051.0525116371077,1030.9770484816522,1045.752197265625,2104054,0.0,0.0
2023-05-29 00:00:00+05:30,1058.2291703863145,1058.2291703863145,1041.3901204388526,1045.095703125,1432241,0.0,0.0
2023-05-30 00:00:00+05:30,1045.9868229857148,1051.4278764806857,1027.2247275061504,1030.414306640625,2822485,0.0,0.0
2023-05-31 00:00:00+05:30,1030.414167935886,1057.666039242715,1028.162693878462,1046.502685546875,7599886,0.0,0.0
2023-06-01 00:00:00+05:30,1052.5534141457356,1066.3435066535185,1048.4257307951598,1051.427734375,1412280,0.0,0.0
2023-06-02 00:00:00+05:30,1058.1821855162284,1068.688913183542,1048.425872959584,1053.58544921875,1907589,0.0,0.0
2023-06-05 00:00:00+05:30,1054.523569057477,1064.3268327987823,1038.9510524830282,1040.6865234375,1754521,0.0,0.0
2023-06-06 00:00:00+05:30,1031.915175039557,1033.7913844487198,1005.2261420001095,1019.0162353515625,3284841,0.0,0.0
2023-06-07 00:00:00+05:30,1027.2247201250805,1030.9771391940305,1017.0931428330185,1027.88134765625,2086377,0.0,0.0
2023-06-08 00:00:00+05:30,1032.8533654509013,1033.3224178421142,1002.8340124132728,1004.99169921875,4054486,0.0,0.0
2023-06-09 00:00:00+05:30,1012.2149826273301,1012.2149826273301,994.484780695971,997.2522583007812,2782697,0.0,0.0
2023-06-12 00:00:00+05:30,1000.0196717486988,1012.2150335992927,996.4079913343558,1008.2280883789062,1767945,0.0,0.0
2023-06-13 00:00:00+05:30,1012.731009608893,1020.5641612210259,1008.8378520667139,1012.5902709960938,1846534,0.0,0.0
2023-06-14 00:00:00+05:30,1013.1531467033482,1017.7967194865084,1004.7571548583237,1010.9016723632812,1321534,0.0,0.0
2023-06-15 00:00:00+05:30,1012.1681506704166,1016.4365734112688,1003.1623672930265,1014.5603637695312,1389325,0.0,0.0
2023-06-16 00:00:00+05:30,1016.436411387624,1019.6728266978254,1005.1322042921879,1010.5263061523438,4392418,0.0,0.0
2023-06-19 00:00:00+05:30,1012.2150699018872,1027.975276203014,1007.571496990441,1025.911376953125,2188899,0.0,0.0
2023-06-20 00:00:00+05:30,1025.9112414858023,1042.1873345641518,1020.8454533783032,1038.8101806640625,3318866,0.0,0.0
2023-06-21 00:00:00+05:30,1038.8102360825296,1051.3808622007252,1035.761395750473,1050.58349609375,1985965,0.0,0.0
2023-06-22 00:00:00+05:30,1047.7691847613787,1056.5404409911885,1041.6715040808524,1049.7861328125,2360795,0.0,0.0
2023-06-23 00:00:00+05:30,1045.048775379244,1048.8011946804263,1026.3336299204975,1046.4559326171875,3492348,0.0,0.0
2023-06-26 00:00:00+05:30,1043.3599759755173,1056.3058663242828,1039.701459346925,1043.07861328125,1432154,0.0,0.0
2023-06-27 00:00:00+05:30,1040.3580778018666,1051.6153338285774,1038.2003912575215,1050.395751953125,1227245,0.0,0.0
2023-06-28 00:00:00+05:30,1050.677262765139,1057.1970446165826,1036.3242150661144,1039.5137939453125,1876800,0.0,0.0
2023-06-30 00:00:00+05:30,1045.6584620436875,1062.4036086008055,1041.8590920745842,1060.855712890625,2478834,0.0,0.0
2023-07-03 00:00:00+05:30,1065.686821195095,1066.5311382345494,1046.0804122331917,1052.037353515625,1899656,0.0,0.0
2023-07-04 00:00:00+05:30,1054.0075993690289,1084.449051594485,1050.7710693902904,1076.9442138671875,2773593,0.0,0.0
2023-07-05 00:00:00+05:30,1079.570982350111,1111.607167661317,1075.5370861556682,1102.2730712890625,3732838,0.0,0.0
2023-07-06 00:00:00+05:30,1102.2729430078373,1110.7158846989612,1090.0775827873251,1106.2598876953125,2520085,0.0,0.0
2023-07-07 00:00:00+05:30,1097.5825632484725,1110.997507049628,1079.9930990938497,1084.4490966796875,2261102,0.0,0.0
2023-07-10 00:00:00+05:30,1088.154522272286,1088.154522272286,1065.3116952828207,1076.1468505859375,2088505,0.0,0.0
2023-07-11 00:00:00+05:30,1083.182480974215,1094.0175202121404,1074.2235363898396,1089.5615234375,1212566,0.0,0.0
2023-07-12 00:00:00+05:30,1093.8300175672168,1096.644331506069,1082.0567584504608,1087.6385498046875,1274203,0.0,0.0
2023-07-13 00:00:00+05:30,1087.6387519258637,1118.1271585959041,1082.1039105812758,1102.5076904296875,3215610,0.0,0.0
2023-07-14 00:00:00+05:30,1110.6690662129504,1155.7450449826583,1109.7779125117572,1152.6024169921875,6033106,0.0,0.0
2023-07-17 00:00:00+05:30,1159.4036620110758,1192.0965890417137,1145.0975648378426,1165.5013427734375,4880073,0.0,0.0
2023-07-18 00:00:00+05:30,1166.0642191287025,1180.5110553659886,1149.1783334132426,1170.3326416015625,2666872,0.0,0.0
2023-07-19 00:00:00+05:30,1177.3214602697258,1183.6067162835964,1154.9007338604458,1167.658935546875,2293881,0.0,0.0
2023-07-20 00:00:00+05:30,1167.9404283796657,1177.7905283780485,1159.1222207162605,1175.3983154296875,2000345,0.0,0.0
2023-07-21 00:00:00+05:30,1154.7485618102646,1172.5101746332678,1136.9387674013526,1150.5126953125,5032086,32.0,0.0
2023-07-24 00:00:00+05:30,1151.8605858450546,1159.032591796875,1112.1495543648136,1118.5032958984375,2669308,0.0,0.0
2023-07-25 00:00:00+05:30,1120.5730927265727,1121.2469298824365,1102.2819511786302,1113.3529052734375,2557865,0.0,0.0
2023-07-26 00:00:00+05:30,1114.7969560156043,1123.4611810623578,1096.9389784961445,1100.549072265625,3170213,0.0,0.0
2023-07-27 00:00:00+05:30,1069.550355084874,1083.0280373271673,1041.921153494597,1058.864501953125,17594818,0.0,0.0
2023-07-28 00:00:00+05:30,1058.9607694529868,1058.9607694529868,1044.5685769109382,1050.3447265625,4244321,0.0,0.0
2023-07-31 00:00:00+05:30,1054.1472691049066,1077.2518667839183,1046.5901637839422,1073.8824462890625,4766331,0.0,0.0
2023-08-01 00:00:00+05:30,1078.214637079143,1111.4274986677417,1078.1183914183318,1100.837890625,3805214,0.0,0.0
2023-08-02 00:00:00+05:30,1100.3565584622113,1109.5983748200972,1083.6057002107536,1102.90771484375,2357217,0.0,0.0
2023-08-03 00:00:00+05:30,1097.4683571075618,1104.1590163133296,1079.4660722912554,1100.1639404296875,2348236,0.0,0.0
2023-08-04 00:00:00+05:30,1110.8979063785437,1137.7570250760373,1100.1639892295216,1131.3551025390625,3580506,0.0,0.0
2023-08-07 00:00:00+05:30,1135.976142223436,1148.346706370706,1128.3708547172007,1139.489990234375,1694290,0.0,0.0
2023-08-08 00:00:00+05:30,1141.752346541954,1163.7980097886857,1131.2589835975016,1160.4285888671875,5137402,0.0,0.0
2023-08-09 00:00:00+05:30,1161.920597240523,1190.3681814585136,1155.4224288419423,1182.185302734375,3396984,0.0,0.0
2023-08-10 00:00:00+05:30,1174.4837615276826,1192.9673933912002,1170.2478949501074,1189.6943359375,3715680,0.0,0.0
2023-08-11 00:00:00+05:30,1189.694279610266,1203.7013713310766,1169.959102584551,1174.9168701171875,2933959,0.0,0.0
2023-08-14 00:00:00+05:30,1166.8784279817073,1175.6388977616507,1158.117958201764,1174.2430419921875,1842625,0.0,0.0
2023-08-16 00:00:00+05:30,1175.446479397074,1192.774928724795,1174.4837877677562,1182.0408935546875,2341456,0.0,0.0
2023-08-17 00:00:00+05:30,1179.2972416816774,1187.865220655068,1169.2371611978404,1185.79541015625,2636308,0.0,0.0
2023-08-18 00:00:00+05:30,1180.2117594093008,1180.2117594093008,1160.1878439705367,1165.6270751953125,1794430,0.0,0.0
2023-08-21 00:00:00+05:30,1160.0434529659476,1178.3345945479832,1159.417679882295,1173.376708984375,1175945,0.0,0.0
2023-08-22 00:00:00+05:30,1173.3766088602729,1177.3718024207594,1164.1347931948515,1167.9373779296875,1003208,0.0,0.0
2023-08-23 00:00:00+05:30,1167.9375409329812,1173.3767726226934,1154.4598569310426,1156.1927490234375,1569035,0.0,0.0
2023-08-24 00:00:00+05:30,1161.1986125513642,1171.1143834787383,1152.0530419446663,1154.363525390625,1218843,0.0,0.0
2023-08-25 00:00:00+05:30,1145.602927799233,1152.5342598517634,1134.4837935524058,1145.12158203125,1213340,0.0,0.0
2023-08-28 00:00:00+05:30,1145.1699171940922,1151.6680859333353,1138.1904026223124,1140.5489501953125,950013,0.0,0.0
2023-08-29 00:00:00+05:30,1147.9135158390727,1162.8352360094902,1143.918322096683,1153.3045654296875,1419344,0.0,0.0
2023-08-30 00:00:00+05:30,1162.8833593121471,1176.024124150888,1149.9833849077131,1152.534423828125,2016339,0.0,0.0
2023-08-31 00:00:00+05:30,1154.2672843830633,1169.1890049067808,1153.3045927363717,1157.107177734375,2817747,0.0,0.0
2023-09-01 00:00:00+05:30,1160.043431105548,1184.0144765461298,1159.1289210501086,1182.2335205078125,1686038,0.0,0.0
2023-09-04 00:00:00+05:30,1188.9241285534677,1218.7675682175627,1179.8267399203548,1209.8626708984375,3466873,0.0,0.0
2023-09-05 00:00:00+05:30,1211.7881310257953,1219.3452370785312,1202.064968730908,1207.744873046875,2199985,0.0,0.0
2023-09-06 00:00:00+05:30,1207.7448047169562,1212.606326831316,1189.742401124389,1202.3536376953125,1753376,0.0,0.0
2023-09-07 00:00:00+05:30,1202.3535549165415,1227.287289368794,1192.4379025391056,1221.896240234375,2554884,0.0,0.0
2023-09-08 00:00:00+05:30,1224.5438276851748,1230.3199778157652,1212.0770173264139,1215.8314208984375,1731105,0.0,0.0
2023-09-11 00:00:00+05:30,1217.8050129593582,1227.4319300578513,1216.3609753945843,1221.5113525390625,1293853,0.0,0.0
2023-09-12 00:00:00+05:30,1224.3512364688077,1235.9035357875282,1204.856731368467,1218.767578125,2335224,0.0,0.0
2023-09-13 00:00:00+05:30,1213.2803412516616,1221.4150387396967,1207.1190911490905,1213.3765869140625,1204376,0.0,0.0
2023-09-14 00:00:00+05:30,1214.916688023527,1241.2462773709055,1214.916688023527,1232.1007080078125,3288631,0.0,0.0
2023-09-15 00:00:00+05:30,1230.5123360805392,1255.0609714808816,1226.4690784327902,1251.5472412109375,4316210,0.0,0.0
2023-09-18 00:00:00+05:30,1252.461909672515,1253.424601378643,1235.1334589622113,1241.6798095703125,1967717,0.0,0.0
2023-09-20 00:00:00+05:30,1234.1707673997016,1241.0540366025332,1221.7039568103244,1226.80615234375,2843560,0.0,0.0
2023-09-21 00:00:00+05:30,1228.346363943108,1247.6483785341109,1218.6713833692104,1243.460693359375,2960250,0.0,0.0
2023-09-22 00:00:00+05:30,1241.9204242297455,1270.752992469112,1236.0960926745,1256.6495361328125,3252940,0.0,0.0
2023-09-25 00:00:00+05:30,1256.6495086709501,1265.3619150186857,1247.696546929303,1250.9696044921875,2100302,0.0,0.0
2023-09-26 00:00:00+05:30,1251.499066789965,1254.4353231453974,1231.4269706450464,1234.45947265625,1141475,0.0,0.0
2023-09-27 00:00:00+05:30,1222.5702272745177,1245.6267630536822,1216.8422589008358,1240.5726318359375,1568115,0.0,0.0
2023-09-28 00:00:00+05:30,1226.5173549385468,1226.5173549385468,1176.4092070900265,1183.62939453125,6570797,0.0,0.0
2023-09-29 00:00:00+05:30,1178.3346263788064,1185.699241296889,1164.8569427437546,1177.179443359375,2861162,0.0,0.0
2023-10-03 00:00:00+05:30,1175.0613058608117,1184.7844672065073,1167.311709238398,1170.825439453125,1622290,0.0,0.0
2023-10-04 00:00:00+05:30,1164.8567927823522,1170.1515963859083,1141.8003768242,1160.0433349609375,2340603,0.0,0.0
2023-10-05 00:00:00+05:30,1168.7076046383884,1178.2863390703085,1154.7485764116532,1160.6209716796875,2497613,0.0,0.0
2023-10-06 00:00:00+05:30,1161.9688407232734,1177.3719073774344,1160.0434573915034,1171.49951171875,1446719,0.0,0.0
2023-10-09 00:00:00+05:30,1158.3587558230402,1181.9447018173594,1157.2998184856935,1167.4080810546875,1451064,0.0,0.0
2023-10-10 00:00:00+05:30,1169.8628746394932,1185.5066143339848,1167.7449999642067,1181.9447021484375,1503359,0.0,0.0
2023-10-11 00:00:00+05:30,1184.2069635157638,1192.6786969588773,1176.4091847306647,1185.6510009765625,1622663,0.0,0.0
2023-10-12 00:00:00+05:30,1186.0361085766424,1186.0361085766424,1144.9292222744482,1154.026611328125,2452842,0.0,0.0
2023-10-13 00:00:00+05:30,1142.7149617764833,1158.0698462277942,1135.9761203843727,1149.550048828125,3266079,0.0,0.0
2023-10-16 00:00:00+05:30,1150.7054125047998,1153.5453059553433,1136.7463831400157,1140.404541015625,2638043,0.0,0.0
2023-10-17 00:00:00+05:30,1145.6031222520546,1158.1181143438837,1144.1109031115982,1152.9195556640625,1163897,0.0,0.0
2023-10-18 00:00:00+05:30,1155.2299021781905,1157.1552853484875,1134.0988688906064,1142.8111572265625,2337078,0.0,0.0
2023-10-19 00:00:00+05:30,1126.8787842100835,1141.2227961169501,1124.2313821108053,1128.4190673828125,3107691,0.0,0.0
2023-10-20 00:00:00+05:30,1126.3492341383142,1132.125384056972,1105.5551179343595,1127.0230712890625,2962470,0.0,0.0
2023-10-23 00:00:00+05:30,1120.6693246975753,1127.263738987657,1108.5876150165811,1112.8233642578125,1203959,0.0,0.0
2023-10-25 00:00:00+05:30,1118.6477364969974,1122.4022575667684,1094.0990985618223,1099.538330078125,1555285,0.0,0.0
2023-10-26 00:00:00+05:30,1059.0089932357362,1078.2146445859962,1057.1798556033139,1073.8343505859375,7099401,0.0,0.0
2023-10-27 00:00:00+05:30,1078.1664316407744,1083.9425813544965,1072.4866451018008,1078.744140625,1382498,0.0,0.0
2023-10-30 00:00:00+05:30,1078.7441096328598,1096.4094768299237,1073.8824700903908,1084.857177734375,2255915,0.0,0.0
2023-10-31 00:00:00+05:30,1084.8572008636224,1094.7247898847816,1073.9306745726742,1090.8740234375,1194765,0.0,0.0
2023-11-01 00:00:00+05:30,1088.7559897889166,1095.5430123993972,1078.1663824634393,1083.124267578125,1288497,0.0,0.0
2023-11-02 00:00:00+05:30,1094.7038829193048,1099.569233510057,1083.8055451092084,1085.459716796875,2493118,12.0,0.0
2023-11-03 00:00:00+05:30,1093.7309004018916,1105.4077427549366,1085.946338833195,1102.5858154296875,1108121,0.0,0.0
2023-11-06 00:00:00+05:30,1106.867289913005,1113.9707494845384,1103.8020951997273,1111.39208984375,572330,0.0,0.0
2023-11-07 00:00:00+05:30,1111.2461260471061,1119.322655912479,1105.9429411724198,1118.0576171875,902481,0.0,0.0
2023-11-08 00:00:00+05:30,1120.7334372723203,1121.803790577589,1106.4293549588056,1108.4727783203125,806162,0.0,0.0
2023-11-09 00:00:00+05:30,1109.299952060289,1110.2730221936752,1087.1139055058932,1093.68212890625,6042108,0.0,0.0
2023-11-10 00:00:00+05:30,1091.7846500191715,1109.056644259671,1091.2981149701434,1107.499755859375,706806,0.0,0.0
2023-11-13 00:00:00+05:30,1109.8837107502086,1111.3920168891068,1097.6230514848967,1100.8828125,435537,0.0,0.0
2023-11-15 00:00:00+05:30,1114.1653458632854,1147.1037473970582,1112.7057406066958,1142.14111328125,2816201,0.0,0.0
2023-11-16 00:00:00+05:30,1143.3574944319068,1182.231601729398,1135.9621846074974,1174.6903076171875,2294942,0.0,0.0
2023-11-17 00:00:00+05:30,1179.555572704475,1181.2584454444361,1165.738024270552,1170.360107421875,1176628,0.0,0.0
2023-11-20 00:00:00+05:30,1172.4521744625529,1189.5781842792221,1170.3600500137704,1179.1663818359375,1077366,0.0,0.0
2023-11-21 00:00:00+05:30,1187.0968744907204,1188.2646299331402,1168.073424448013,1172.06298828125,1129326,0.0,0.0
2023-11-22 00:00:00+05:30,1172.5496017348166,1185.199514450628,1171.576531525908,1182.6695556640625,750622,0.0,0.0
2023-11-23 00:00:00+05:30,1182.280213208211,1188.0213507573399,1174.4469511136826,1178.2906494140625,651637,0.0,0.0
2023-11-24 00:00:00+05:30,1179.409708244642,1182.2315166183862,1162.9160981361963,1165.592041015625,884921,0.0,0.0
2023-11-28 00:00:00+05:30,1162.9160718899195,1176.4417702590877,1154.0611575908006,1170.01953125,910795,0.0,0.0
2023-11-29 00:00:00+05:30,1174.4955997932088,1201.3523105472134,1174.1550490179654,1188.7996826171875,1898448,0.0,0.0
2023-11-30 00:00:00+05:30,1189.0917174547305,1195.2221068827862,1176.1498370101585,1188.0699462890625,2978406,0.0,0.0
2023-12-01 00:00:00+05:30,1193.7624744015213,1193.7624744015213,1178.9231550258717,1187.6807861328125,1017856,0.0,0.0
2023-12-04 00:00:00+05:30,1204.6608167869167,1215.5591546921546,1185.1994142540102,1190.9405517578125,1581599,0.0,0.0
2023-12-05 00:00:00+05:30,1191.037832296829,1193.2272400767865,1176.2957961551876,1187.7293701171875,1499843,0.0,0.0
2023-12-06 00:00:00+05:30,1190.064737619557,1213.4184201239475,1185.8319064222308,1192.2054443359375,2637916,0.0,0.0
2023-12-07 00:00:00+05:30,1192.983926136509,1197.8492765693657,1187.2427888691439,1190.3079833984375,1076885,0.0,0.0
2023-12-08 00:00:00+05:30,1196.8762384612028,1204.612098342946,1184.4695945259343,1192.3028564453125,2642571,0.0,0.0
2023-12-11 00:00:00+05:30,1197.849293599628,1207.0934595534836,1192.3028415405029,1200.08740234375,1558876,0.0,0.0
2023-12-12 00:00:00+05:30,1204.6121615437753,1211.4723537105083,1185.8319786556408,1193.1300048828125,1114846,0.0,0.0
2023-12-13 00:00:00+05:30,1192.9840041813675,1200.719864362501,1164.8136708454144,1183.3505859375,3025706,0.0,0.0
2023-12-14 00:00:00+05:30,1201.741588807869,1235.6044762324052,1197.0222225193477,1230.6417236328125,5287733,0.0,0.0
2023-12-15 00:00:00+05:30,1235.799071757176,1289.1233626816208,1228.501045742862,1270.9268798828125,5900381,0.0,0.0
2023-12-18 00:00:00+05:30,1269.8565585234421,1297.151224018689,1251.8060595461818,1256.96337890625,2671348,0.0,0.0
2023-12-19 00:00:00+05:30,1264.9911722999022,1265.9155414126235,1235.0205647045298,1246.940673828125,1717860,0.0,0.0
2023-12-20 00:00:00+05:30,1256.2335391074241,1278.6141521201823,1204.8553886779894,1214.975341796875,2860865,0.0,0.0
2023-12-21 00:00:00+05:30,1198.8223910607148,1224.657450329312,1192.9839703250295,1216.4349365234375,3337533,0.0,0.0
2023-12-22 00:00:00+05:30,1226.0683882841986,1246.4055781639208,1209.0396606691404,1240.8104248046875,2297352,0.0,0.0
2023-12-26 00:00:00+05:30,1240.6644609900607,1254.0441757654437,1226.6036446120318,1247.4759521484375,1720830,0.0,0.0
2023-12-27 00:00:00+05:30,1253.2170749425939,1256.7201037399773,1233.1231525083128,1245.67578125,1584695,0.0,0.0
2023-12-28 00:00:00+05:30,1250.3952108984365,1254.2874917105717,1236.3343939777915,1251.319580078125,2284964,0.0,0.0
2023-12-29 00:00:00+05:30,1251.3195699429236,1257.1579911138374,1233.9502907160513,1238.3778076171875,1187193,0.0,0.0
2024-01-01 00:00:00+05:30,1238.718348791432,1268.6889580821394,1231.1770548376742,1262.218017578125,1776828,0.0,0.0
2024-01-02 00:00:00+05:30,1263.0450275281407,1264.1153809135187,1238.5722900255266,1243.680908203125,1615064,0.0,0.0
2024-01-03 00:00:00+05:30,1230.9336304214694,1239.6912609936378,1206.6068788321122,1210.6937255859375,2231707,0.0,0.0
2024-01-04 00:00:00+05:30,1216.4349879660683,1220.9110869627916,1198.530473196196,1213.905029296875,3355191,0.0,0.0
2024-01-05 00:00:00+05:30,1221.1057106800415,1237.599201610834,1212.0075288642922,1214.6834716796875,1756868,0.0,0.0
2024-01-08 00:00:00+05:30,1216.5321083283802,1220.4730894771105,1188.5077626342827,1195.8543701171875,1320667,0.0,0.0
2024-01-09 00:00:00+05:30,1207.1422129633363,1217.5053149560547,1199.4062340595747,1202.3741455078125,994439,0.0,0.0
2024-01-10 00:00:00+05:30,1203.2012556154655,1212.8832562166078,1195.2221277982512,1207.4827880859375,808638,0.0,0.0
2024-01-11 00:00:00+05:30,1207.482688482876,1227.8198769528062,1207.482688482876,1215.7537841796875,930492,0.0,0.0
2024-01-12 00:00:00+05:30,1237.550669795994,1276.424774948472,1232.8798855419966,1272.824462890625,5023455,0.0,0.0
2024-01-15 00:00:00+05:30,1299.0485378346782,1363.7576972099637,1297.929483502422,1301.627197265625,6012767,0.0,0.0
2024-01-16 00:00:00+05:30,1294.2805294278885,1296.323952902094,1275.2083790303473,1284.841796875,1883106,0.0,0.0
2024-01-17 00:00:00+05:30,1270.8295474285142,1298.5620452093049,1270.0997448553355,1291.020751953125,2313059,0.0,0.0
2024-01-18 00:00:00+05:30,1290.972089486964,1332.619538419922,1270.8295853789107,1318.656005859375,4533782,0.0,0.0
2024-01-19 00:00:00+05:30,1336.9010925634461,1360.2060749635855,1318.5100431132416,1352.47021484375,4463826,0.0,0.0
2024-01-23 00:00:00+05:30,1358.892433025233,1378.1592690625184,1320.2128954579198,1329.8463134765625,2683661,0.0,0.0
2024-01-24 00:00:00+05:30,1335.976483643681,1372.5153116987226,1328.7758602676638,1370.033935546875,2008135,0.0,0.0
2024-01-25 00:00:00+05:30,1311.6985095612893,1319.8236212311315,1276.7166865858073,1286.4473876953125,8424862,0.0,0.0
2024-01-29 00:00:00+05:30,1301.9677201637758,1301.9677201637758,1275.6948289497086,1278.95458984375,2495791,0.0,0.0
2024-01-30 00:00:00+05:30,1288.2961777921978,1304.8383703449315,1279.5872474614496,1282.3604736328125,2293154,0.0,0.0
2024-01-31 00:00:00+05:30,1282.6036975183479,1300.0216763700198,1276.95996210928,1297.7349853515625,1798462,0.0,0.0
2024-02-01 00:00:00+05:30,1294.1832682291667,1300.362239775771,1274.4785981677826,1277.154541015625,2286420,0.0,0.0
2024-02-02 00:00:00+05:30,1287.8582639212934,1317.5369016618295,1287.4204298940472,1302.0650634765625,1838847,0.0,0.0
2024-02-05 00:00:00+05:30,1309.557866003361,1316.6612068861807,1292.2371696797036,1296.8592529296875,953919,0.0,0.0
2024-02-06 00:00:00+05:30,1294.1833292644737,1325.7108266061591,1292.334472180357,1314.66650390625,2713529,0.0,0.0
2024-02-07 00:00:00+05:30,1315.104194884235,1322.1102518498988,1278.6627684067341,1282.50634765625,2004588,0.0,0.0
2024-02-08 00:00:00+05:30,1290.29099007811,1293.8427198028687,1266.9373069997732,1273.9920654296875,2308756,0.0,0.0
2024-02-09 00:00:00+05:30,1281.5333721535005,1285.863486755787,1270.7808996119911,1275.74365234375,1085349,0.0,0.0
2024-02-12 00:00:00+05:30,1282.8956603077104,1295.1563199708246,1275.7922009719916,1283.284912109375,1149683,0.0,0.0
2024-02-13 00:00:00+05:30,1286.3499711081745,1298.8540169188357,1264.9911299275857,1292.6749267578125,1127361,0.0,0.0
2024-02-14 00:00:00+05:30,1274.721872962092,1284.4038732626216,1248.1084286076082,1258.0823974609375,3426103,0.0,0.0
2024-02-15 00:00:00+05:30,1269.5644961648165,1272.7756749680614,1256.768719535359,1265.3316650390625,1703763,0.0,0.0
2024-02-16 00:00:00+05:30,1269.9537917195455,1273.943355460807,1263.0450176139989,1267.4725341796875,1994659,0.0,0.0
2024-02-19 00:00:00+05:30,1267.8617316103619,1282.5064851950142,1252.7791439620137,1274.721923828125,1496111,0.0,0.0
2024-02-20 00:00:00+05:30,1274.7218557016276,1288.0042865806095,1266.937294750778,1284.98779296875,2113200,0.0,0.0
2024-02-21 00:00:00+05:30,1284.4526046421554,1289.317955417315,1257.4012068190764,1261.6827392578125,1769508,0.0,0.0
2024-02-22 00:00:00+05:30,1271.8027157680822,1294.6698648274164,1264.358705190043,1292.33447265625,2201424,0.0,0.0
2024-02-23 00:00:00+05:30,1302.843609048223,1306.395338747244,1280.8522480654117,1286.6419677734375,1660506,0.0,0.0
2024-02-26 00:00:00+05:30,1286.64201382307,1289.2206734931701,1260.125852070997,1263.288330078125,1196507,0.0,0.0
2024-02-27 00:00:00+05:30,1260.1258118633823,1269.9052141327318,1249.130071937794,1261.1475830078125,1488661,0.0,0.0
2024-02-28 00:00:00+05:30,1266.9372738860664,1270.8782553157207,1236.772100698303,1251.22216796875,1289779,0.0,0.0
2024-02-29 00:00:00+05:30,1245.5298154480063,1250.589732810072,1230.203960296986,1239.54541015625,2251498,0.0,0.0
2024-03-01 00:00:00+05:30,1252.341277885502,1252.341277885502,1233.8529451117456,1237.5506591796875,1560034,0.0,0.0
2024-03-04 00:00:00+05:30,1241.2482577799428,1250.8816760075415,1235.8963719627188,1245.5784912109375,1843831,0.0,0.0
2024-03-05 00:00:00+05:30,1240.5670814255834,1245.432431875301,1225.192526491288,1238.231689453125,1420379,0.0,0.0
2024-03-06 00:00:00+05:30,1233.3663493830982,1240.0318557987125,1216.4349059189965,1236.7720947265625,2064350,0.0,0.0
2024-03-07 00:00:00+05:30,1240.664431024802,1258.2769768380492,1231.4689656962794,1253.4603271484375,2073691,0.0,0.0
2024-03-11 00:00:00+05:30,1253.4602676907698,1261.3908127283198,1241.1509072220167,1254.287353515625,1577732,0.0,0.0
2024-03-12 00:00:00+05:30,1260.1257769076567,1272.4351374039281,1243.2916166990997,1257.49853515625,1963068,0.0,0.0
2024-03-13 00:00:00+05:30,1257.4986304002946,1264.407404862764,1232.1988059361108,1242.80517578125,2001399,0.0,0.0
2024-03-14 00:00:00+05:30,1237.745239578625,1262.5098275585751,1224.1709584030411,1258.520263671875,2129097,0.0,0.0
2024-03-15 00:00:00+05:30,1258.1796145426476,1258.1796145426476,1234.3393975617544,1247.67041015625,2499025,0.0,0.0
2024-03-18 00:00:00+05:30,1247.4759901852651,1252.779175235652,1233.9017084760835,1238.3778076171875,630807,0.0,0.0
2024-03-19 00:00:00+05:30,1235.7989710318302,1238.3776304366393,1215.2672166082882,1218.5269775390625,1243420,0.0,0.0
2024-03-20 00:00:00+05:30,1218.2837538449298,1237.745155663539,1213.4184033902775,1230.2525634765625,1139621,0.0,0.0
2024-03-21 00:00:00+05:30,1240.6643950946147,1252.779070498232,1236.4315638561807,1248.2056884765625,1420041,0.0,0.0
2024-03-22 00:00:00+05:30,1224.6088296960381,1245.4325554434927,1202.8120337620946,1228.6470947265625,2990908,0.0,0.0
2024-03-26 00:00:00+05:30,1228.2577119808168,1237.355893498155,1217.3106735496153,1220.5704345703125,2144358,0.0,0.0
2024-03-27 00:00:00+05:30,1224.1222475034392,1229.1335825276362,1212.9806418100209,1220.035400390625,2128854,0.0,0.0
2024-03-28 00:00:00+05:30,1226.0683274919347,1230.8849769796075,1208.5530656706214,1214.48876953125,2436133,0.0,0.0
2024-04-01 00:00:00+05:30,1218.3811545232359,1227.1874872080862,1208.5531694142253,1211.0345458984375,1397037,0.0,0.0
2024-04-02 00:00:00+05:30,1210.499221367515,1218.23508125776,1201.838873599529,1203.4931640625,1320357,0.0,0.0
2024-04-03 00:00:00+05:30,1206.606962778062,1228.9875757973327,1206.606962778062,1221.3489990234375,1819093,0.0,0.0
2024-04-04 00:00:00+05:30,1226.0683273127565,1254.2873602429706,1213.3211327457022,1244.7999267578125,2460669,0.0,0.0
2024-04-05 00:00:00+05:30,1240.6644208525154,1241.588789966627,1226.262935356096,1229.3768310546875,1184658,0.0,0.0
2024-04-08 00:00:00+05:30,1235.7989558002525,1235.7989558002525,1222.2732584329326,1231.07958984375,686932,0.0,0.0
2024-04-09 00:00:00+05:30,1231.030964075491,1246.502802476406,1209.2828710207289,1217.699951171875,1198161,0.0,0.0
2024-04-10 00:00:00+05:30,1226.5062967929393,1239.156209503463,1218.2839010442926,1232.1988525390625,1994380,0.0,0.0
2024-04-12 00:00:00+05:30,1230.8848951316531,1235.5556788199403,1204.6607051617138,1208.6502685546875,2887322,0.0,0.0
2024-04-15 00:00:00+05:30,1201.7415885416667,1207.2394584320753,1178.387905849359,1185.92919921875,2153147,0.0,0.0
2024-04-16 00:00:00+05:30,1172.549487576248,1180.4800327633375,1158.9265059778518,1163.5972900390625,2085459,0.0,0.0
2024-04-18 00:00:00+05:30,1167.2463214842276,1175.3227322901876,1144.3791734384442,1147.8822021484375,3242357,0.0,0.0
2024-04-19 00:00:00+05:30,1131.7293251461667,1172.4035875723139,1131.6319231013704,1161.5052490234375,2572144,0.0,0.0
2024-04-22 00:00:00+05:30,1163.8891963555548,1183.93441792486,1162.9161261941033,1175.5174560546875,1364143,0.0,0.0
2024-04-23 00:00:00+05:30,1185.1993621527415,1185.1993621527415,1166.5164640556397,1167.9273681640625,1460983,0.0,0.0
2024-04-24 00:00:00+05:30,1175.4200990309,1175.4200990309,1149.6824397879434,1153.769287109375,1375843,0.0,0.0
2024-04-25 00:00:00+05:30,1153.0880424016643,1161.4078390815473,1141.2166349635434,1158.245361328125,3357065,0.0,0.0
2024-04-26 00:00:00+05:30,1216.3377092497556,1310.7255154875365,1207.5800777431573,1244.3134765625,20431926,0.0,0.0
2024-04-29 00:00:00+05:30,1255.2604949859547,1275.6949681601448,1250.3951442301952,1253.6063232421875,4120529,0.0,0.0
2024-04-30 00:00:00+05:30,1253.6063080633116,1256.3308331837616,1226.1170766261146,1229.47412109375,2613213,0.0,0.0
2024-05-02 00:00:00+05:30,1229.1821619603866,1240.031917854118,1219.7434290493422,1232.7825927734375,2124221,0.0,0.0
2024-05-03 00:00:00+05:30,1235.7990815024982,1237.7452217883288,1209.57488866412,1216.7755126953125,2322455,0.0,0.0
2024-05-06 00:00:00+05:30,1224.1222643097644,1231.6148570471175,1211.5696354581003,1228.2578125,1363667,0.0,0.0
2024-05-07 00:00:00+05:30,1233.8530123964015,1259.931341244156,1223.0519569435344,1257.64453125,2350444,0.0,0.0
2024-05-08 00:00:00+05:30,1259.1527997826827,1264.9912208017677,1245.8703682076682,1252.34130859375,1332284,0.0,0.0
2024-05-09 00:00:00+05:30,1247.475845592546,1251.2708426703653,1227.430625652411,1234.9232177734375,2420777,0.0,0.0
2024-05-10 00:00:00+05:30,1231.9067419131075,1238.9127990932639,1214.6347477038203,1230.349853515625,1322206,0.0,0.0
2024-05-13 00:00:00+05:30,1230.349923521692,1232.2473628042476,1216.3863906018962,1228.063232421875,593453,0.0,0.0
2024-05-14 00:00:00+05:30,1229.911993007644,1249.4220974158418,1220.3272755963692,1241.1510009765625,1386032,0.0,0.0
2024-05-15 00:00:00+05:30,1240.664513619005,1248.4003742495534,1230.933811551405,1240.177978515625,1008105,0.0,0.0
2024-05-16 00:00:00+05:30,1252.3412787223863,1277.2518507197094,1246.7948263997437,1272.72705078125,4868225,0.0,0.0
2024-05-17 00:00:00+05:30,1273.8460393823896,1284.4525271892587,1262.8504185633549,1270.2457275390625,1925387,0.0,0.0
2024-05-21 00:00:00+05:30,1271.8026497712528,1291.2640522161075,1268.9807226601542,1288.24755859375,1453689,0.0,0.0
2024-05-22 00:00:00+05:30,1294.1832579615232,1299.4378603594653,1275.7436267240578,1294.572509765625,1411627,0.0,0.0
2024-05-23 00:00:00+05:30,1300.02171801986,1307.7575781850057,1289.4152296476832,1301.4813232421875,1440740,0.0,0.0
2024-05-24 00:00:00+05:30,1301.481372998481,1308.7793993891266,1282.5065043828022,1286.155517578125,1288301,0.0,0.0
2024-05-27 00:00:00+05:30,1287.371834796641,1306.6386716741363,1282.749751489548,1293.891357421875,980450,0.0,0.0
2024-05-28 00:00:00+05:30,1293.2102695748072,1294.5238905615713,1275.9869748972742,1279.6845703125,1608944,0.0,0.0
2024-05-29 00:00:00+05:30,1278.6141600618982,1278.6141600618982,1249.519339208004,1251.8060302734375,1405567,0.0,0.0
2024-05-30 00:00:00+05:30,1245.578503502015,1253.0710962068729,1202.0821961612148,1207.43408203125,2610479,0.0,0.0
2024-05-31 00:00:00+05:30,1212.3966467158948,1221.446246182477,1191.0865064971845,1195.367919921875,4649449,0.0,0.0
2024-06-03 00:00:00+05:30,1221.2030167497117,1227.8199411664061,1203.2499203114817,1211.8128662109375,1091287,0.0,0.0
2024-06-04 00:00:00+05:30,1211.81290655035,1219.9380186736778,1161.505226519583,1205.9259033203125,2471911,0.0,0.0
2024-06-05 00:00:00+05:30,1226.0683850037265,1250.3464376539032,1203.4445040899673,1232.7825927734375,2709585,0.0,0.0
2024-06-06 00:00:00+05:30,1250.3951132957457,1287.955596444377,1239.885908410109,1281.97119140625,3205121,0.0,0.0
2024-06-07 00:00:00+05:30,1294.1833477340742,1343.8099272336515,1291.2641371752757,1340.50146484375,5790599,0.0,0.0
2024-06-10 00:00:00+05:30,1340.5013787109679,1340.8906305170597,1299.1945994712917,1304.2545166015625,2532308,0.0,0.0
2024-06-11 00:00:00+05:30,1312.5743797451019,1323.2294506232467,1305.0330859064845,1313.1094970703125,1465705,0.0,0.0
2024-06-12 00:00:00+05:30,1328.0460841779227,1343.8097718596127,1320.6020743570814,1333.6898193359375,2786009,0.0,0.0
2024-06-13 00:00:00+05:30,1342.8367245026004,1359.2329317662013,1338.3119248264868,1351.545654296875,1953367,0.0,0.0
2024-06-14 00:00:00+05:30,1357.4328165991064,1358.1626191886758,1327.3649261522519,1334.5169677734375,1733356,0.0,0.0
2024-06-18 00:00:00+05:30,1343.2747148998849,1353.9784871383172,1333.2521630736885,1334.4197998046875,950760,0.0,0.0
2024-06-19 00:00:00+05:30,1339.9175458206685,1349.5995459334167,1324.348424010116,1343.955810546875,1313197,0.0,0.0
2024-06-20 00:00:00+05:30,1348.675210157484,1361.325121941068,1334.5169921480517,1355.583984375,1987190,0.0,0.0
2024-06-21 00:00:00+05:30,1370.0827653782164,1401.5129786028535,1348.7239231896658,1362.1036376953125,6836535,0.0,0.0
2024-06-24 00:00:00+05:30,1352.5673981944706,1371.0557295366973,1343.8097675586791,1363.9522705078125,1111433,0.0,0.0
2024-06-25 00:00:00+05:30,1361.1304504636332,1393.4363290141832,1357.1894691986954,1389.30078125,2201375,0.0,0.0
2024-06-26 00:00:00+05:30,1394.2148379026455,1396.1609780344008,1372.0287928874488,1374.9967041015625,1565878,0.0,0.0
2024-06-27 00:00:00+05:30,1366.531007237034,1404.918694964752,1354.5136149415255,1393.6796875,4286657,0.0,0.0
2024-06-28 00:00:00+05:30,1402.194030993323,1413.870872334003,1388.2304986466877,1391.830810546875,2222285,0.0,0.0
2024-07-01 00:00:00+05:30,1391.8308642371535,1438.684215680608,1385.7978768249336,1432.45654296875,3837301,0.0,0.0
2024-07-02 00:00:00+05:30,1440.143703244144,1457.658964499816,1430.4130025465486,1432.505126953125,2092643,0.0,0.0
2024-07-03 00:00:00+05:30,1440.095084242397,1445.0091358877303,1421.655452883484,1439.94921875,896602,0.0,0.0
2024-07-04 00:00:00+05:30,1442.089852080884,1451.8205528371652,1414.162788423544,1419.855224609375,1322999,0.0,0.0
2024-07-05 00:00:00+05:30,1427.493841519845,1430.4130518297015,1410.9029487456385,1421.9959716796875,1334838,0.0,0.0
2024-07-08 00:00:00+05:30,1421.995948671618,1439.1219584557477,1420.8283120797566,1428.07763671875,807698,0.0,0.0
2024-07-09 00:00:00+05:30,1426.5207333396406,1429.8291953590956,1415.8169624892066,1426.2774658203125,1049695,0.0,0.0
2024-07-10 00:00:00+05:30,1432.4565022357858,1433.137722590683,1402.680580271732,1423.942138671875,802718,0.0,0.0
2024-07-11 00:00:00+05:30,1436.2515393972621,1436.2515393972621,1402.4373517319134,1421.2662353515625,1408434,0.0,0.0
2024-07-12 00:00:00+05:30,1435.2784813822605,1471.0875106682429,1421.7042002071246,1464.519287109375,4372156,0.0,0.0
2024-07-15 00:00:00+05:30,1479.1639643257,1486.3647074506332,1451.820715886314,1458.680908203125,2374623,0.0,0.0
2024-07-16 00:00:00+05:30,1462.8649689612125,1478.0935403853725,1448.9987194875512,1475.368896484375,1794159,0.0,0.0
2024-07-18 00:00:00+05:30,1466.4167122971558,1504.0744794925913,1464.4705720021364,1497.8955078125,2752497,0.0,0.0
2024-07-19 00:00:00+05:30,1524.3082986612126,1526.2408908284904,1473.2667659037013,1478.1231689453125,2504915,28.0,0.0
2024-07-22 00:00:00+05:30,1466.7749852268046,1492.444439722363,1462.959283298023,1482.2362060546875,2225781,0.0,0.0
2024-07-23 00:00:00+05:30,1477.726687975159,1489.3224828072755,1447.0026589159838,1480.1053466796875,1640492,0.0,0.0
2024-07-24 00:00:00+05:30,1480.1053241960683,1526.2904526576901,1460.2833702654489,1519.650146484375,2561617,0.0,0.0
2024-07-25 00:00:00+05:30,1511.4240279852177,1533.773330038377,1491.5029879442325,1516.3795166015625,3283912,0.0,0.0
2024-07-26 00:00:00+05:30,1516.3794127270744,1530.8990175750703,1431.3927887784819,1527.43017578125,7133745,0.0,0.0
2024-07-29 00:00:00+05:30,1531.8902060133464,1540.859567735892,1496.6071515876943,1511.7708740234375,1755979,0.0,0.0
2024-07-30 00:00:00+05:30,1506.4684271204424,1538.1339486260142,1506.4684271204424,1524.3577880859375,1622543,0.0,0.0
2024-07-31 00:00:00+05:30,1524.3082297331205,1547.8467996005857,1521.3349366972302,1540.562255859375,2398955,0.0,0.0
2024-08-01 00:00:00+05:30,1540.5623004419776,1555.0323027720067,1523.911810565699,1530.7008056640625,1315921,0.0,0.0
2024-08-02 00:00:00+05:30,1511.9195415574252,1519.8979264369623,1488.9261233077132,1494.2779541015625,2894949,0.0,0.0
2024-08-05 00:00:00+05:30,1456.9136398310907,1471.0367822580247,1414.048663693203,1443.3851318359375,2186582,0.0,0.0
2024-08-06 00:00:00+05:30,1452.453663109149,1489.6198264435695,1452.453663109149,1470.1943359375,1665788,0.0,0.0
2024-08-07 00:00:00+05:30,1487.4394542784457,1501.760767435536,1457.904694867298,1460.5311279296875,3002937,0.0,0.0
2024-08-08 00:00:00+05:30,1456.9135867521263,1474.9020338056844,1448.9848053276248,1453.3951416015625,2333194,0.0,0.0
2024-08-09 00:00:00+05:30,1471.7304901289094,1495.8142127781136,1467.3697570094016,1493.286865234375,1521252,0.0,0.0
2024-08-12 00:00:00+05:30,1493.2868632397574,1510.9284507764075,1476.1409455390508,1499.0352783203125,1809860,0.0,0.0
2024-08-13 00:00:00+05:30,1494.8726380467917,1510.0859628198914,1481.8396797163175,1490.0162353515625,580901,0.0,0.0
2024-08-14 00:00:00+05:30,1498.5397101270553,1515.834316456971,1491.6020262838745,1510.829345703125,2833790,0.0,0.0
2024-08-16 00:00:00+05:30,1544.52670313125,1574.8542690111435,1517.667979253584,1571.187255859375,3224481,0.0,0.0
2024-08-19 00:00:00+05:30,1573.7144667046714,1588.4322434273604,1561.8212942445418,1580.4539794921875,1640507,0.0,0.0
2024-08-20 00:00:00+05:30,1586.7474123394454,1619.106776331846,1581.0486005836979,1614.1016845703125,2442281,0.0,0.0
2024-08-21 00:00:00+05:30,1601.6139252278363,1613.5070979399243,1587.7385570637339,1590.364990234375,1935929,0.0,0.0
2024-08-22 00:00:00+05:30,1590.761370741646,1606.2224702660756,1581.7918883945888,1596.9061279296875,1562554,0.0,0.0
2024-08-23 00:00:00+05:30,1598.690137218226,1602.5553213255616,1578.8681839145493,1584.1705322265625,1020913,0.0,0.0
2024-08-26 00:00:00+05:30,1595.6673297306534,1628.3735545015302,1594.676232010324,1625.5489501953125,1510157,0.0,0.0
2024-08-27 00:00:00+05:30,1629.3646490350727,1630.3557467534638,1607.6595848055847,1610.1373291015625,1083351,0.0,0.0
2024-08-28 00:00:00+05:30,1605.5782491830662,1650.177644993707,1601.812029587837,1612.86279296875,3033590,0.0,0.0
2024-08-29 00:00:00+05:30,1605.6277990807084,1641.5054856799409,1605.6277990807084,1632.6846923828125,2194339,0.0,0.0
2024-08-30 00:00:00+05:30,1632.3379224013233,1648.9388089831218,1616.579444673223,1621.931396484375,1926984,0.0,0.0
2024-09-02 00:00:00+05:30,1621.9314227876096,1647.2044147100562,1620.9899283447264,1631.9910888671875,1582818,0.0,0.0
2024-09-03 00:00:00+05:30,1624.4091709175216,1644.478899844355,1617.5705724198049,1629.4637451171875,1739553,0.0,0.0
2024-09-04 00:00:00+05:30,1605.3304818234467,1635.3111869169238,1594.5770960940777,1630.653076171875,1643875,0.0,0.0
2024-09-05 00:00:00+05:30,1638.2844819036625,1643.1408847823725,1618.3634425273262,1624.9046630859375,1080904,0.0,0.0
2024-09-06 00:00:00+05:30,1624.9046537797917,1636.5004482953,1599.5820595467198,1608.79931640625,1672937,0.0,0.0
2024-09-09 00:00:00+05:30,1608.7497794079472,1616.7777677702356,1560.7311430077873,1565.1414794921875,2965098,0.0,0.0
2024-09-10 00:00:00+05:30,1577.8275254501104,1599.3342969701532,1564.4477066099244,1593.0904541015625,2541973,0.0,0.0
2024-09-11 00:00:00+05:30,1597.6494723425733,1612.5159376559345,1583.8731902888042,1588.3331298828125,1395340,0.0,0.0
2024-09-12 00:00:00+05:30,1605.4792301903462,1634.9147842526165,1591.7029476052603,1628.621337890625,2356422,0.0,0.0
2024-09-13 00:00:00+05:30,1635.2120980747436,1645.1230749453298,1623.418011402025,1641.307373046875,1373924,0.0,0.0
2024-09-16 00:00:00+05:30,1636.4013492830636,1655.1331195634666,1631.8423241684118,1634.320068359375,1060407,0.0,0.0
2024-09-17 00:00:00+05:30,1634.3200646468924,1657.1153111519734,1626.4903688245136,1636.847412109375,1499644,0.0,0.0
2024-09-18 00:00:00+05:30,1633.4777031644264,1633.4777031644264,1574.8542498435722,1591.1082763671875,2930297,0.0,0.0
2024-09-19 00:00:00+05:30,1605.5782877896706,1620.7916134186107,1572.9216666876384,1581.147705078125,3032379,0.0,0.0
2024-09-20 00:00:00+05:30,1593.6851360424882,1614.7955659021661,1568.3130585708718,1607.610107421875,3984683,0.0,0.0
2024-09-23 00:00:00+05:30,1610.484117378671,1616.4803067013231,1580.3052415912077,1592.8426513671875,1535902,0.0,0.0
2024-09-24 00:00:00+05:30,1587.2925507551008,1628.869050377064,1583.8731911410252,1622.5260009765625,1781972,0.0,0.0
2024-09-25 00:00:00+05:30,1622.5259927398067,1628.472578838163,1575.8949193420247,1588.4818115234375,2505756,0.0,0.0
2024-09-26 00:00:00+05:30,1595.6673055743736,1605.4295937751103,1581.7919376998138,1592.6444091796875,2173853,0.0,0.0
2024-09-27 00:00:00+05:30,1610.5337387400234,1649.9794750115284,1590.2658394674752,1594.9239501953125,3539822,0.0,0.0
2024-09-30 00:00:00+05:30,1591.7028406657307,1591.7028406657307,1553.8924407707555,1563.1591796875,3460691,0.0,0.0
2024-10-01 00:00:00+05:30,1565.9343174009823,1628.2743849929698,1565.9343174009823,1610.93017578125,5176596,0.0,0.0
2024-10-03 00:00:00+05:30,1600.6227347493352,1616.6289862935491,1581.9405678934086,1589.770263671875,2332279,0.0,0.0
2024-10-04 00:00:00+05:30,1576.8364266070018,1633.7254582752764,1576.8364266070018,1602.059814453125,2927576,0.0,0.0
2024-10-07 00:00:00+05:30,1610.484163862958,1617.521054340123,1585.9544957172636,1604.1412353515625,1619326,0.0,0.0
2024-10-08 00:00:00+05:30,1610.5336917739176,1620.44466833868,1589.3241777286055,1614.59716796875,1311331,0.0,0.0
2024-10-09 00:00:00+05:30,1624.4090549706416,1654.9349111084964,1617.5209746685075,1644.0328369140625,2177241,0.0,0.0
2024-10-10 00:00:00+05:30,1658.1064391809164,1661.0301289796942,1597.005242255263,1605.2808837890625,1518162,0.0,0.0
2024-10-11 00:00:00+05:30,1588.7295508052764,1635.3111408787936,1588.7295508052764,1632.387451171875,1019027,0.0,0.0
2024-10-14 00:00:00+05:30,1633.329013570901,1681.8928009889678,1633.329013570901,1677.432861328125,2070051,0.0,0.0
2024-10-15 00:00:00+05:30,1684.866129956085,1688.2853687087288,1648.6910630482043,1660.435546875,2503380,0.0,0.0
2024-10-16 00:00:00+05:30,1655.1331303803245,1662.5167597242082,1638.0862986285315,1645.51953125,1070524,0.0,0.0
2024-10-17 00:00:00+05:30,1645.9159095229788,1694.677989176121,1641.2577987051206,1683.875,3771316,0.0,0.0
2024-10-18 00:00:00+05:30,1679.9105485483512,1687.2446954938962,1630.9502995148823,1672.873779296875,3119646,0.0,0.0
2024-10-21 00:00:00+05:30,1729.4654239345934,1746.1653953787315,1675.004655683217,1686.0552978515625,5898020,0.0,0.0
2024-10-22 00:00:00+05:30,1688.235772093309,1711.5760493111588,1676.392082509275,1681.44677734375,2484594,0.0,0.0
2024-10-23 00:00:00+05:30,1681.4468198183483,1733.4298448157508,1670.5942276165608,1720.4959716796875,4198781,0.0,0.0
2024-10-24 00:00:00+05:30,1719.6041315583661,1732.4387985200922,1712.6664475825992,1720.2978515625,1570443,0.0,0.0
2024-10-25 00:00:00+05:30,1720.297789182797,1726.8886129175073,1695.1238840439805,1701.1695556640625,1743714,0.0,0.0
2024-10-28 00:00:00+05:30,1694.7770620672545,1712.5672173370328,1678.1265723622744,1687.3934326171875,1271473,0.0,0.0
2024-10-29 00:00:00+05:30,1693.785920078838,1708.7514707172202,1665.3909476022704,1683.37939453125,1499121,0.0,0.0
2024-10-30 00:00:00+05:30,1688.929495527458,1696.9078800712296,1667.2740358875644,1669.949951171875,1305424,0.0,0.0
2024-10-31 00:00:00+05:30,1666.5999755859375,1669.800048828125,1595.550048828125,1608.6500244140625,3638913,15.0,0.0
2024-11-01 00:00:00+05:30,1619.0,1619.0,1598.800048828125,1603.6500244140625,249236,0.0,0.0
2024-11-04 00:00:00+05:30,1614.0,1640.25,1608.050048828125,1638.4000244140625,2746587,0.0,0.0
2024-11-05 00:00:00+05:30,1638.300048828125,1654.0,1623.800048828125,1632.6500244140625,1376651,0.0,0.0
2024-11-06 00:00:00+05:30,1649.949951171875,1697.75,1635.0,1693.550048828125,3164061,0.0,0.0
2024-11-07 00:00:00+05:30,1695.0,1715.5,1644.3499755859375,1651.0,1285140,0.0,0.0
2024-11-08 00:00:00+05:30,1660.0,1686.449951171875,1650.050048828125,1681.3499755859375,1883257,0.0,0.0
2024-11-11 00:00:00+05:30,1672.800048828125,1715.449951171875,1666.050048828125,1704.1500244140625,1587351,0.0,0.0
2024-11-12 00:00:00+05:30,1710.0,1710.5,1684.0,1687.0,1414446,0.0,0.0
2024-11-13 00:00:00+05:30,1680.0,1689.0,1663.6500244140625,1675.5999755859375,1063556,0.0,0.0
2024-11-14 00:00:00+05:30,1663.0,1692.0,1663.0,1687.5,1919974,0.0,0.0
2024-11-18 00:00:00+05:30,1684.75,1688.0,1633.25,1660.800048828125,1617013,0.0,0.0
2024-11-19 00:00:00+05:30,1664.9000244140625,1724.4000244140625,1664.0999755859375,1699.6500244140625,1982317,0.0,0.0
2024-11-21 00:00:00+05:30,1712.0,1725.0,1684.800048828125,1702.25,2212146,0.0,0.0
2024-11-22 00:00:00+05:30,1714.75,1749.8499755859375,1702.25,1747.449951171875,2344087,0.0,0.0
2024-11-25 00:00:00+05:30,1760.0,1767.800048828125,1727.8499755859375,1732.5999755859375,3913302,0.0,0.0
2024-11-26 00:00:00+05:30,1732.5999755859375,1762.0,1731.050048828125,1745.4000244140625,1291712,0.0,0.0
2024-11-27 00:00:00+05:30,1741.0,1767.0,1735.550048828125,1756.800048828125,2088228,0.0,0.0
2024-11-28 00:00:00+05:30,1757.0,1760.0,1706.800048828125,1713.3499755859375,1787990,0.0,0.0
2024-11-29 00:00:00+05:30,1708.0,1730.0,1700.5,1712.300048828125,1556942,0.0,0.0
2024-12-02 00:00:00+05:30,1710.0,1748.0,1705.9000244140625,1745.949951171875,1370756,0.0,0.0
2024-12-03 00:00:00+05:30,1760.0,1761.0,1737.5999755859375,1749.5,1824151,0.0,0.0
2024-12-04 00:00:00+05:30,1742.0999755859375,1774.5999755859375,1740.5999755859375,1759.5999755859375,1811165,0.0,0.0
2024-12-05 00:00:00+05:30,1759.5999755859375,1793.949951171875,1755.0999755859375,1786.949951171875,2762694,0.0,0.0
2024-12-06 00:00:00+05:30,1797.0,1797.0,1775.5999755859375,1782.800048828125,1180840,0.0,0.0
2024-12-09 00:00:00+05:30,1779.0999755859375,1800.75,1771.199951171875,1777.8499755859375,1069659,0.0,0.0
2024-12-10 00:00:00+05:30,1766.199951171875,1777.0,1753.300048828125,1763.550048828125,1625591,0.0,0.0
2024-12-11 00:00:00+05:30,1765.0,1769.75,1750.050048828125,1762.800048828125,1285654,0.0,0.0
2024-12-12 00:00:00+05:30,1768.050048828125,1807.699951171875,1761.050048828125,1789.5999755859375,3018243,0.0,0.0
2024-12-13 00:00:00+05:30,1781.0,1804.5999755859375,1761.0,1796.4000244140625,1503188,0.0,0.0
2024-12-16 00:00:00+05:30,1793.5,1793.5,1766.0,1775.550048828125,1075193,0.0,0.0
2024-12-17 00:00:00+05:30,1777.449951171875,1789.1500244140625,1761.0,1770.75,1160899,0.0,0.0
2024-12-18 00:00:00+05:30,1762.050048828125,1787.949951171875,1760.550048828125,1778.9000244140625,1337600,0.0,0.0
2024-12-19 00:00:00+05:30,1739.949951171875,1768.9000244140625,1735.0,1754.3499755859375,2402819,0.0,0.0
2024-12-20 00:00:00+05:30,1770.0,1770.8499755859375,1680.0999755859375,1686.050048828125,2921154,0.0,0.0
2024-12-23 00:00:00+05:30,1690.9000244140625,1725.0,1685.8499755859375,1712.4000244140625,1301223,0.0,0.0
2024-12-24 00:00:00+05:30,1717.5999755859375,1725.3499755859375,1695.699951171875,1704.9000244140625,711026,0.0,0.0
2024-12-26 00:00:00+05:30,1707.0999755859375,1714.6500244140625,1690.6500244140625,1698.699951171875,659638,0.0,0.0
2024-12-27 00:00:00+05:30,1704.949951171875,1716.5,1698.699951171875,1711.6500244140625,647945,0.0,0.0
2024-12-30 00:00:00+05:30,1715.0,1773.5999755859375,1693.800048828125,1740.8499755859375,6781500,0.0,0.0
2024-12-31 00:00:00+05:30,1729.0,1729.0,1682.449951171875,1706.199951171875,1459630,0.0,0.0
2025-01-01 00:00:00+05:30,1700.5999755859375,1717.5999755859375,1691.25,1703.8499755859375,721479,0.0,0.0
2025-01-02 00:00:00+05:30,1709.0,1735.699951171875,1696.0,1726.949951171875,1238954,0.0,0.0
2025-01-03 00:00:00+05:30,1712.199951171875,1729.8499755859375,1681.3499755859375,1689.449951171875,2448088,0.0,0.0
2025-01-06 00:00:00+05:30,1704.75,1711.300048828125,1675.0,1686.300048828125,945693,0.0,0.0
2025-01-07 00:00:00+05:30,1693.0,1705.0,1661.5,1671.1500244140625,1305847,0.0,0.0
2025-01-08 00:00:00+05:30,1667.949951171875,1669.949951171875,1634.0,1663.75,673344,0.0,0.0
2025-01-09 00:00:00+05:30,1663.699951171875,1669.5,1638.199951171875,1642.800048828125,774065,0.0,0.0
2025-01-10 00:00:00+05:30,1653.0999755859375,1714.0,1636.300048828125,1705.5999755859375,2208899,0.0,0.0
2025-01-13 00:00:00+05:30,1698.050048828125,1701.0,1649.9000244140625,1659.6500244140625,1401093,0.0,0.0
2025-01-14 00:00:00+05:30,1669.9000244140625,1670.449951171875,1621.300048828125,1647.5,2480288,0.0,0.0
2025-01-15 00:00:00+05:30,1658.0,1679.0,1650.1500244140625,1675.949951171875,1079742,0.0,0.0
2025-01-16 00:00:00+05:30,1695.0,1722.8499755859375,1670.949951171875,1687.6500244140625,2334315,0.0,0.0
2025-01-17 00:00:00+05:30,1684.75,1699.9000244140625,1650.4000244140625,1660.300048828125,2502285,0.0,0.0
2025-01-20 00:00:00+05:30,1663.0,1687.1500244140625,1625.0,1674.5999755859375,4856268,0.0,0.0
2025-01-21 00:00:00+05:30,1674.5999755859375,1703.550048828125,1636.0999755859375,1640.5,2500061,0.0,0.0
2025-01-22 00:00:00+05:30,1642.699951171875,1688.75,1635.25,1683.949951171875,2478559,0.0,0.0
2025-01-23 00:00:00+05:30,1671.0,1729.5,1671.0,1713.4000244140625,2255334,0.0,0.0
2025-01-24 00:00:00+05:30,1719.0,1736.4000244140625,1705.3499755859375,1723.050048828125,1257165,0.0,0.0
2025-01-27 00:00:00+05:30,1710.0,1713.9000244140625,1645.0,1653.9000244140625,1174799,0.0,0.0
2025-01-28 00:00:00+05:30,1655.949951171875,1664.6500244140625,1638.0,1648.3499755859375,1820874,0.0,0.0
2025-01-29 00:00:00+05:30,1663.949951171875,1685.0,1654.050048828125,1681.1500244140625,1146508,0.0,0.0
2025-01-30 00:00:00+05:30,1685.0,1704.9000244140625,1657.0,1670.0999755859375,868832,0.0,0.0
2025-01-31 00:00:00+05:30,1675.0,1695.0,1665.25,1674.449951171875,1065425,0.0,0.0
2025-02-01 00:00:00+05:30,1674.5,1685.9000244140625,1636.699951171875,1646.4000244140625,410470,0.0,0.0
2025-02-03 00:00:00+05:30,1630.0,1664.050048828125,1605.1500244140625,1654.699951171875,1415698,0.0,0.0
2025-02-04 00:00:00+05:30,1662.75,1676.949951171875,1645.050048828125,1659.050048828125,1467006,0.0,0.0
2025-02-05 00:00:00+05:30,1662.8499755859375,1671.0,1644.4000244140625,1661.0,1449280,0.0,0.0
2025-02-06 00:00:00+05:30,1670.0,1684.699951171875,1650.0,1669.5999755859375,1288106,0.0,0.0
2025-02-07 00:00:00+05:30,1675.0,1695.5999755859375,1657.9000244140625,1692.0999755859375,1582031,0.0,0.0
2025-02-10 00:00:00+05:30,1683.0,1703.75,1673.199951171875,1699.050048828125,1235699,0.0,0.0
2025-02-11 00:00:00+05:30,1706.0,1709.0,1663.199951171875,1669.0999755859375,1800036,0.0,0.0
2025-02-12 00:00:00+05:30,1680.0,1690.0,1668.800048828125,1680.199951171875,1889477,0.0,0.0
2025-02-13 00:00:00+05:30,1675.0,1689.449951171875,1640.550048828125,1675.300048828125,1555491,0.0,0.0
2025-02-14 00:00:00+05:30,1685.0,1694.0,1652.050048828125,1659.0999755859375,961944,0.0,0.0
2025-02-17 00:00:00+05:30,1655.9000244140625,1667.949951171875,1631.0,1664.949951171875,1114005,0.0,0.0
2025-02-18 00:00:00+05:30,1668.0,1708.949951171875,1664.050048828125,1705.0,2654136,0.0,0.0
2025-02-19 00:00:00+05:30,1694.050048828125,1712.4000244140625,1675.050048828125,1685.800048828125,1113961,0.0,0.0
2025-02-20 00:00:00+05:30,1680.0,1693.6500244140625,1655.0,1657.8499755859375,1485087,0.0,0.0
2025-02-21 00:00:00+05:30,1657.75,1664.949951171875,1642.199951171875,1649.5,1479239,0.0,0.0
2025-02-24 00:00:00+05:30,1630.0,1643.949951171875,1604.25,1613.699951171875,1672609,0.0,0.0
2025-02-25 00:00:00+05:30,1608.050048828125,1614.0,1589.0,1593.949951171875,1425126,0.0,0.0
2025-02-27 00:00:00+05:30,1575.0,1595.699951171875,1569.9000244140625,1588.25,2208643,0.0,0.0
2025-02-28 00:00:00+05:30,1570.0,1572.9000244140625,1478.4000244140625,1487.8499755859375,4155992,0.0,0.0
2025-03-03 00:00:00+05:30,1500.0,1531.5,1476.199951171875,1493.050048828125,2851006,0.0,0.0
2025-03-04 00:00:00+05:30,1475.0,1499.449951171875,1433.050048828125,1488.25,2386196,0.0,0.0
2025-03-05 00:00:00+05:30,1488.25,1549.0,1487.5,1538.0999755859375,1967418,0.0,0.0
2025-03-06 00:00:00+05:30,1541.0,1550.800048828125,1500.949951171875,1503.449951171875,2246380,0.0,0.0
2025-03-07 00:00:00+05:30,1501.949951171875,1507.199951171875,1482.0,1492.3499755859375,893696,0.0,0.0
2025-03-10 00:00:00+05:30,1492.3499755859375,1500.0,1482.5,1486.8499755859375,798491,0.0,0.0
2025-03-11 00:00:00+05:30,1464.5,1487.4000244140625,1453.5999755859375,1479.199951171875,1769157,0.0,0.0
2025-03-12 00:00:00+05:30,1481.0,1489.0,1408.800048828125,1438.300048828125,2665932,0.0,0.0
2025-03-13 00:00:00+05:30,1442.0,1456.25,1422.0,1440.6500244140625,995812,0.0,0.0
2025-03-17 00:00:00+05:30,1442.949951171875,1448.0,1425.199951171875,1440.0999755859375,1747569,0.0,0.0
2025-03-18 00:00:00+05:30,1440.0999755859375,1440.0999755859375,1440.0999755859375,1440.0999755859375,0,0.0,0.0
2025-03-19 00:00:00+05:30,1430.6500244140625,1431.800048828125,1394.4000244140625,1396.1500244140625,5557840,0.0,0.0
2025-03-20 00:00:00+05:30,1403.1500244140625,1421.0,1400.050048828125,1410.550048828125,2863413,0.0,0.0
2025-03-21 00:00:00+05:30,1390.050048828125,1431.0999755859375,1382.050048828125,1409.25,4056023,0.0,0.0
2025-03-24 00:00:00+05:30,1415.8499755859375,1467.6500244140625,1413.5999755859375,1458.6500244140625,3072831,0.0,0.0
2025-03-25 00:00:00+05:30,1474.0,1483.9000244140625,1449.449951171875,1455.5,2056315,0.0,0.0
2025-03-26 00:00:00+05:30,1464.0,1464.0,1409.5,1416.300048828125,2231144,0.0,0.0
2025-03-27 00:00:00+05:30,1407.1500244140625,1430.0,1406.0,1423.9000244140625,2541022,0.0,0.0
2025-03-28 00:00:00+05:30,1415.0999755859375,1430.0,1408.550048828125,1418.25,1642693,0.0,0.0
2025-04-01 00:00:00+05:30,1402.0,1416.949951171875,1385.4000244140625,1395.1500244140625,1578367,0.0,0.0
2025-04-02 00:00:00+05:30,1397.1500244140625,1426.050048828125,1397.1500244140625,1423.050048828125,1617949,0.0,0.0
2025-04-03 00:00:00+05:30,1397.0,1400.0,1360.25,1369.3499755859375,1943422,0.0,0.0
2025-04-04 00:00:00+05:30,1350.0,1359.199951171875,1318.8499755859375,1320.949951171875,1757493,0.0,0.0
2025-04-07 00:00:00+05:30,1245.0,1293.800048828125,1209.4000244140625,1288.0,3044730,0.0,0.0
2025-04-08 00:00:00+05:30,1314.0,1342.050048828125,1291.1500244140625,1314.4000244140625,2868814,0.0,0.0
2025-04-09 00:00:00+05:30,1290.0,1299.949951171875,1264.3499755859375,1272.75,3724878,0.0,0.0
2025-04-11 00:00:00+05:30,1275.0,1312.3499755859375,1274.199951171875,1282.25,1803181,0.0,0.0
2025-04-15 00:00:00+05:30,1314.199951171875,1314.199951171875,1286.800048828125,1301.699951171875,1511866,0.0,0.0
2025-04-16 00:00:00+05:30,1292.0,1314.5999755859375,1283.5,1308.699951171875,1093342,0.0,0.0
2025-04-17 00:00:00+05:30,1295.0999755859375,1308.9000244140625,1275.9000244140625,1306.800048828125,3027966,0.0,0.0
2025-04-21 00:00:00+05:30,1304.0,1389.0,1303.0,1373.5,3759267,0.0,0.0
2025-04-22 00:00:00+05:30,1374.0,1396.0,1361.199951171875,1376.5,2471135,0.0,0.0
2025-04-23 00:00:00+05:30,1418.9000244140625,1449.4000244140625,1408.0,1439.5999755859375,5944062,0.0,0.0
2025-04-24 00:00:00+05:30,1445.0,1467.5,1434.300048828125,1445.199951171875,2501415,0.0,0.0
2025-04-25 00:00:00+05:30,1455.4000244140625,1473.9000244140625,1375.0,1462.0,8211667,0.0,0.0
2025-04-28 00:00:00+05:30,1469.300048828125,1480.0,1437.0,1461.5,2079431,0.0,0.0
2025-04-29 00:00:00+05:30,1466.199951171875,1504.9000244140625,1463.300048828125,1495.300048828125,2652788,0.0,0.0
2025-04-30 00:00:00+05:30,1495.300048828125,1510.800048828125,1490.0,1503.0,1858465,0.0,0.0
2025-05-02 00:00:00+05:30,1505.0,1519.0,1489.800048828125,1494.0999755859375,1582577,0.0,0.0
2025-05-05 00:00:00+05:30,1499.0,1506.5,1490.5,1494.5999755859375,846022,0.0,0.0
2025-05-06 00:00:00+05:30,1496.9000244140625,1504.800048828125,1486.0999755859375,1496.199951171875,1545773,0.0,0.0
2025-05-07 00:00:00+05:30,1489.0999755859375,1504.9000244140625,1480.5999755859375,1495.199951171875,1272555,0.0,0.0
2025-05-08 00:00:00+05:30,1500.9000244140625,1518.5,1488.0,1502.800048828125,2829448,0.0,0.0
2025-05-09 00:00:00+05:30,1480.0,1501.300048828125,1478.0999755859375,1493.699951171875,923174,0.0,0.0
2025-05-12 00:00:00+05:30,1522.0,1576.5,1517.4000244140625,1573.0999755859375,1891418,0.0,0.0
2025-05-13 00:00:00+05:30,1600.300048828125,1600.9000244140625,1565.0999755859375,1572.5,3724272,0.0,0.0
2025-05-14 00:00:00+05:30,1584.0,1609.4000244140625,1578.0999755859375,1603.199951171875,2354571,0.0,0.0
2025-05-15 00:00:00+05:30,1606.0,1636.4000244140625,1600.199951171875,1629.0999755859375,2972408,0.0,0.0
2025-05-16 00:00:00+05:30,1635.0,1635.9000244140625,1601.300048828125,1617.0,1159095,0.0,0.0
2025-05-19 00:00:00+05:30,1617.0,1626.199951171875,1593.0999755859375,1597.800048828125,681874,0.0,0.0
2025-05-20 00:00:00+05:30,1612.0,1619.5,1573.300048828125,1576.0,1869716,0.0,0.0
2025-05-21 00:00:00+05:30,1577.0,1603.0,1569.4000244140625,1598.199951171875,930031,0.0,0.0
2025-05-22 00:00:00+05:30,1589.699951171875,1589.699951171875,1558.0,1565.5999755859375,1789310,0.0,0.0
2025-05-23 00:00:00+05:30,1575.0,1604.0,1567.800048828125,1580.300048828125,1159290,0.0,0.0
2025-05-26 00:00:00+05:30,1583.0,1604.4000244140625,1583.0,1601.4000244140625,711029,0.0,0.0
2025-05-27 00:00:00+05:30,1601.4000244140625,1604.300048828125,1578.5,1592.4000244140625,1394001,0.0,0.0
2025-05-28 00:00:00+05:30,1600.800048828125,1602.0,1578.0999755859375,1580.300048828125,820958,0.0,0.0
2025-05-29 00:00:00+05:30,1592.0999755859375,1604.9000244140625,1584.5,1600.0,1799251,0.0,0.0
