timestamp,Open,High,Low,Close,Volume,Dividends,Stock Splits
2020-06-01 00:00:00+05:30,478.0531409583438,510.8509655978976,477.059267484418,504.8380432128906,947807,0.0,0.0
2020-06-02 00:00:00+05:30,509.70796582794463,541.6610209620276,508.8631976744186,534.2069702148438,763829,0.0,0.0
2020-06-03 00:00:00+05:30,550.6059115179979,583.0559051165354,544.7420336831906,572.3717651367188,1426590,0.0,0.0
2020-06-04 00:00:00+05:30,570.2846280808036,581.3166608288205,545.0899579754778,552.6930541992188,953605,0.0,0.0
2020-06-05 00:00:00+05:30,557.0163649712953,580.0244980245132,547.7236121876514,575.7508544921875,343631,0.0,0.0
2020-06-08 00:00:00+05:30,581.4159670181942,586.385334257666,557.2648543666058,560.8924560546875,471321,0.0,0.0
2020-06-09 00:00:00+05:30,560.8925076816683,570.0361563761618,547.9721516697962,552.5440063476562,213121,0.0,0.0
2020-06-10 00:00:00+05:30,546.6304314532402,558.5072320506966,536.791059422592,538.679443359375,209117,0.0,0.0
2020-06-11 00:00:00+05:30,538.6794264822295,541.4622600956495,520.0442987210823,524.7651977539062,224162,0.0,0.0
2020-06-12 00:00:00+05:30,497.53310635433024,520.7897414123466,488.0913076073507,513.1865844726562,692342,0.0,0.0
2020-06-15 00:00:00+05:30,515.820315942891,534.604548244606,502.89996120829073,508.068115234375,230407,0.0,0.0
2020-06-16 00:00:00+05:30,523.6720557080449,526.7530397894899,508.11790866486166,518.2554321289062,359495,0.0,0.0
2020-06-17 00:00:00+05:30,509.45944108433093,528.5915025512929,506.87539470912276,521.1871948242188,156771,0.0,0.0
2020-06-18 00:00:00+05:30,517.808008169348,533.709981548829,517.808008169348,524.1190795898438,152299,0.0,0.0
2020-06-19 00:00:00+05:30,529.2873552616807,571.4773002563284,525.4609662983688,566.4085693359375,682705,0.0,0.0
2020-06-22 00:00:00+05:30,569.4894440975821,593.6405549872782,554.5813434667554,582.7576293945312,490506,0.0,0.0
2020-06-23 00:00:00+05:30,591.1559754785504,683.4868525490988,574.5582750593172,653.32275390625,2031589,0.0,0.0
2020-06-24 00:00:00+05:30,663.9075296968949,673.8462651713994,626.1403348937781,661.1743774414062,1708609,0.0,0.0
2020-06-25 00:00:00+05:30,653.5214707267597,693.2267269320283,629.2212528977584,681.8965454101562,1476229,0.0,0.0
2020-06-26 00:00:00+05:30,675.8339715949461,702.668555761216,675.8339715949461,683.1886596679688,1419224,0.0,0.0
2020-06-29 00:00:00+05:30,675.8340038520716,689.8973386378958,637.4207674568714,647.6079711914062,640433,0.0,0.0
2020-06-30 00:00:00+05:30,648.0055029845528,657.9442376929048,602.8836231441455,611.5303344726562,470205,0.0,0.0
2020-07-01 00:00:00+05:30,611.2321626027891,631.6065680228821,606.2627954271567,610.5861206054688,365909,0.0,0.0
2020-07-02 00:00:00+05:30,612.2756886822151,626.1402345801622,603.1320413783249,606.7100219726562,163804,0.0,0.0
2020-07-03 00:00:00+05:30,610.2383464723946,620.8728053591261,609.8407727965215,615.7046508789062,165455,0.0,0.0
2020-07-06 00:00:00+05:30,620.1770786830357,630.1158139183408,617.3445634054641,626.1403198242188,498167,0.0,0.0
2020-07-07 00:00:00+05:30,630.1654329496325,630.1654329496325,618.1892703113748,626.090576171875,331418,0.0,0.0
2020-07-08 00:00:00+05:30,626.090708935453,640.1043029341955,618.7857013163886,623.9041748046875,306679,0.0,0.0
2020-07-09 00:00:00+05:30,622.7611796428963,629.1219950101773,614.710827667922,617.8912353515625,184662,0.0,0.0
2020-07-10 00:00:00+05:30,624.1525477057323,631.1096620909873,614.2138128696538,625.0470581054688,324407,0.0,0.0
2020-07-13 00:00:00+05:30,621.2205575855838,623.6058780140945,604.8216464579234,609.691650390625,693431,0.0,0.0
2020-07-14 00:00:00+05:30,611.1825298220215,628.1280611105597,603.2812232501736,625.891845703125,1047616,0.0,0.0
2020-07-15 00:00:00+05:30,628.4261906357964,630.5133613450606,609.2444445624058,617.0960693359375,416285,0.0,0.0
2020-07-16 00:00:00+05:30,608.8966189715502,615.9034149559867,598.5106288507495,606.8094482421875,305408,0.0,0.0
2020-07-17 00:00:00+05:30,609.145116511462,626.0409666798395,607.2567325222703,618.6365966796875,220410,0.0,0.0
2020-07-20 00:00:00+05:30,618.6365787640462,622.9102227270969,607.2567149361886,609.940185546875,264058,0.0,0.0
2020-07-21 00:00:00+05:30,616.2015579392411,618.1396233585527,600.8462005325428,606.5112915039062,131917,0.0,0.0
2020-07-22 00:00:00+05:30,606.5114394768143,608.2507184921104,592.8456757852024,599.6536865234375,168754,0.0,0.0
2020-07-23 00:00:00+05:30,598.9578907088792,608.2505836952896,580.4221256177274,585.98779296875,250171,0.0,0.0
2020-07-24 00:00:00+05:30,586.087340157544,589.1237919938408,572.4481291025915,574.8872680664062,114137,1.0,0.0
2020-07-27 00:00:00+05:30,577.326508448945,580.213602192156,538.2008677926273,547.75830078125,478235,0.0,0.0
2020-07-28 00:00:00+05:30,548.8035738999677,552.6364634437139,542.6310771064217,547.0613403320312,207540,0.0,0.0
2020-07-29 00:00:00+05:30,547.5590561495904,566.3752007484419,539.5945607874146,551.9893188476562,223641,0.0,0.0
2020-07-30 00:00:00+05:30,554.4285284715062,571.8508643000235,544.323549385252,548.0071411132812,242203,0.0,0.0
2020-07-31 00:00:00+05:30,551.7902792678406,575.0864560947415,547.7084990719799,555.6231689453125,597377,0.0,0.0
2020-08-03 00:00:00+05:30,559.0081371937987,562.1939481694887,548.1067196940625,551.0436401367188,118226,0.0,0.0
2020-08-04 00:00:00+05:30,553.5324225719223,562.2933552367521,547.6088170480185,558.012451171875,179406,0.0,0.0
2020-08-05 00:00:00+05:30,562.3930550940925,565.777929778519,541.735141500786,546.1653442382812,181575,0.0,0.0
2020-08-06 00:00:00+05:30,546.2649219124678,558.5103232643365,546.2649219124678,555.6231689453125,160486,0.0,0.0
2020-08-07 00:00:00+05:30,555.6231226948681,595.1469458778679,555.6231226948681,576.0819702148438,648775,0.0,0.0
2020-08-10 00:00:00+05:30,580.8606575817123,593.8527294512171,574.4392705672292,579.7655029296875,239496,0.0,0.0
2020-08-11 00:00:00+05:30,579.9148814711632,580.6117870438136,551.5413636652779,553.08447265625,415198,0.0,0.0
2020-08-12 00:00:00+05:30,553.084467946666,567.1219288844068,549.5502349292351,552.138671875,412643,0.0,0.0
2020-08-13 00:00:00+05:30,552.6364878368962,586.8838477897121,552.6364878368962,572.5477294921875,696163,0.0,0.0
2020-08-14 00:00:00+05:30,567.4703237370315,585.3904392234641,552.8355506035889,563.537841796875,349724,0.0,0.0
2020-08-17 00:00:00+05:30,563.4880979805547,567.4703460228201,555.1751794980388,557.6142578125,145048,0.0,0.0
2020-08-18 00:00:00+05:30,558.5102356715975,592.2598089777845,558.5102356715975,586.833984375,742841,0.0,0.0
2020-08-19 00:00:00+05:30,592.508774040984,625.7107438605684,579.6162334346755,613.7142333984375,895461,0.0,0.0
2020-08-20 00:00:00+05:30,602.3149950514994,621.8279854615051,599.9754487152761,610.5283813476562,623528,0.0,0.0
2020-08-21 00:00:00+05:30,615.2573298838222,617.0493293714038,601.319461569302,603.3603515625,269591,0.0,0.0
2020-08-24 00:00:00+05:30,608.6866621198136,663.0443257837591,603.3106027401772,619.9862670898438,1638842,0.0,0.0
2020-08-25 00:00:00+05:30,623.5702329432619,662.5465094582784,621.6289356592049,643.8299560546875,1326031,0.0,0.0
2020-08-26 00:00:00+05:30,648.6584490484506,680.9644500985258,643.9295292560997,647.0158081054688,1608981,0.0,0.0
2020-08-27 00:00:00+05:30,650.1020271141725,669.8141438079625,644.1784206866915,645.920654296875,1026226,0.0,0.0
2020-08-28 00:00:00+05:30,650.1020255939468,658.0665220790181,643.1330911695094,647.5633544921875,599634,0.0,0.0
2020-08-31 00:00:00+05:30,652.4415720691487,656.3740543611389,607.7408720094761,636.36328125,636917,0.0,0.0
2020-09-01 00:00:00+05:30,624.8147090488839,638.8024042562835,622.2262720628163,635.7161254882812,396263,0.0,0.0
2020-09-02 00:00:00+05:30,635.3675712485582,655.0796833045646,631.435089872219,648.857421875,361767,0.0,0.0
2020-09-03 00:00:00+05:30,655.0798456535299,657.9171732628798,642.1375386725331,648.9073486328125,434219,0.0,0.0
2020-09-04 00:00:00+05:30,632.1818872977104,655.5775949378619,632.1818872977104,647.0655517578125,441470,0.0,0.0
2020-09-07 00:00:00+05:30,647.1152814143594,655.8762146098824,639.6983325745233,644.2779541015625,476964,0.0,0.0
2020-09-08 00:00:00+05:30,639.9472281827718,654.9304238193544,627.303578891984,632.3809814453125,327992,0.0,0.0
2020-09-09 00:00:00+05:30,627.2041027167108,654.8807160488133,624.217416513298,648.5091552734375,901726,0.0,0.0
2020-09-10 00:00:00+05:30,652.9891841098166,685.4444831912247,649.3553582592249,676.7830810546875,1118620,0.0,0.0
2020-09-11 00:00:00+05:30,676.9323812922236,701.8711967692536,664.3882638701193,692.2142333984375,1101946,0.0,0.0
2020-09-14 00:00:00+05:30,695.7983097918974,745.6759419504251,687.4853305892877,692.3138427734375,1791778,0.0,0.0
2020-09-15 00:00:00+05:30,696.9929782339553,752.2466729075044,696.943212283503,744.5310668945312,2001624,0.0,0.0
2020-09-16 00:00:00+05:30,755.283122831997,765.5871650520172,732.0367140665824,752.0475463867188,983695,0.0,0.0
2020-09-17 00:00:00+05:30,738.9061380123958,745.9746039971741,706.8490290491416,710.33349609375,575002,0.0,0.0
2020-09-18 00:00:00+05:30,714.8135619401232,723.5247299999785,668.0221449329007,678.9733276367188,4548300,0.0,0.0
2020-09-21 00:00:00+05:30,684.1501791875352,690.9199882451506,638.7525181411022,646.3685913085938,1529079,0.0,0.0
2020-09-22 00:00:00+05:30,639.300183768843,645.0744314071349,611.2253222866078,631.4849853515625,320614,0.0,0.0
2020-09-23 00:00:00+05:30,637.1596239508942,647.115243075127,599.3282712788099,623.3212890625,361354,0.0,0.0
2020-09-24 00:00:00+05:30,607.3923750936791,629.1454420831083,602.9123459225641,622.3258056640625,227266,0.0,0.0
2020-09-25 00:00:00+05:30,629.195233819609,640.3455412553456,620.4840656298596,630.1907958984375,224220,0.0,0.0
2020-09-28 00:00:00+05:30,638.1552130321288,671.7056630620248,635.2182931125884,662.74560546875,322362,0.0,0.0
2020-09-29 00:00:00+05:30,676.9821434525531,681.9599533308808,647.1152841825876,659.7091674804688,493294,0.0,0.0
2020-09-30 00:00:00+05:30,680.9146621568084,680.9146621568084,662.0985154955503,668.9181518554688,854301,0.0,0.0
2020-10-01 00:00:00+05:30,676.9822063953715,679.968892600057,658.7136667490932,670.3616943359375,307303,0.0,0.0
2020-10-05 00:00:00+05:30,667.0265731779037,672.9501795254004,637.1597116923259,666.4292602539062,277727,0.0,0.0
2020-10-06 00:00:00+05:30,666.4292349848731,680.9146501032769,666.4292349848731,675.63818359375,680272,0.0,0.0
2020-10-07 00:00:00+05:30,676.982148708529,679.0230386216324,663.2931714368492,672.402587890625,1716812,0.0,0.0
2020-10-08 00:00:00+05:30,671.0088014235347,695.7983200251621,670.1127712998967,687.2364501953125,1441647,0.0,0.0
2020-10-09 00:00:00+05:30,686.7386513865108,686.7386513865108,672.00434602649,676.484375,761422,0.0,0.0
2020-10-12 00:00:00+05:30,676.4843981465903,709.586835583491,673.8461344662064,698.8347778320312,832527,0.0,0.0
2020-10-13 00:00:00+05:30,701.5227202230977,701.5227202230977,679.9687806876824,689.8746337890625,823729,0.0,0.0
2020-10-14 00:00:00+05:30,686.8382127956886,687.6844161464727,624.0182173666651,667.1260375976562,593606,0.0,0.0
2020-10-15 00:00:00+05:30,642.0876942012401,671.5563037254875,635.2182924148959,650.9979858398438,400907,0.0,0.0
2020-10-16 00:00:00+05:30,652.1926584641308,672.0043670731872,652.1926584641308,659.9082641601562,128640,0.0,0.0
2020-10-19 00:00:00+05:30,665.5331611603798,665.5331611603798,639.4494260121584,643.6307983398438,139154,0.0,0.0
2020-10-20 00:00:00+05:30,639.6486394707593,661.9990204269142,634.3224066229045,637.5579833984375,233194,0.0,0.0
2020-10-21 00:00:00+05:30,642.9339087320037,659.3109153081425,628.6973846992706,631.9827270507812,175206,0.0,0.0
2020-10-22 00:00:00+05:30,634.3720501162466,657.4690981773733,624.2173066588928,638.6529541015625,345227,0.0,0.0
2020-10-23 00:00:00+05:30,641.1419195174525,646.1197294515941,629.3445342792492,633.3267822265625,221760,0.0,0.0
2020-10-26 00:00:00+05:30,633.3267437315436,643.8796758447806,625.2128897263583,632.7293701171875,130781,0.0,0.0
2020-10-27 00:00:00+05:30,629.1951779497984,707.5459187492515,629.1951779497984,679.22216796875,2609870,0.0,0.0
2020-10-28 00:00:00+05:30,697.8889206612685,700.8756064843552,669.6647639388102,679.570556640625,1368760,0.0,0.0
2020-10-29 00:00:00+05:30,682.8560715068404,682.8560715068404,662.1981578467976,668.6693115234375,355207,0.0,0.0
2020-10-30 00:00:00+05:30,669.0176842323854,672.8008077939379,651.5953487055003,656.6229248046875,248939,0.0,0.0
2020-11-02 00:00:00+05:30,659.9081824439799,678.9732171732501,638.1054132484485,671.7056274414062,334551,0.0,0.0
2020-11-03 00:00:00+05:30,673.8958984223678,680.7652393185134,649.1063819235634,651.8441772460938,372368,0.0,0.0
2020-11-04 00:00:00+05:30,655.1295078953445,679.4710089398928,655.1295078953445,665.5331420898438,368310,0.0,0.0
2020-11-05 00:00:00+05:30,674.5429505518055,684.9465845189382,660.1570690002604,676.6336669921875,362789,0.0,0.0
2020-11-06 00:00:00+05:30,672.4025722473235,676.982132958685,625.2129110265503,671.2078857421875,1129398,0.0,0.0
2020-11-09 00:00:00+05:30,673.9457190183598,688.928915209289,669.0674408332743,678.2266235351562,1008651,0.0,0.0
2020-11-10 00:00:00+05:30,684.9466571199521,703.2650222556172,672.303007546422,695.0516357421875,1375356,0.0,0.0
2020-11-11 00:00:00+05:30,721.7824522821783,776.4388305607072,688.9289061782998,699.830322265625,5826723,0.0,0.0
2020-11-12 00:00:00+05:30,689.8747825889571,726.5612223723824,686.9378621847299,722.7283325195312,2162056,0.0,0.0
2020-11-13 00:00:00+05:30,718.9948637731405,755.0839850293512,717.302396278614,748.1150512695312,2193815,0.0,0.0
2020-11-14 00:00:00+05:30,747.7167944663413,755.6315241647968,747.7167944663413,750.45458984375,85004,0.0,0.0
2020-11-17 00:00:00+05:30,751.6492909663865,776.3392157883203,734.724737394958,740.44921875,2020786,0.0,0.0
2020-11-18 00:00:00+05:30,740.7478689896037,762.6004663061948,737.7114171447654,759.8626708984375,1428310,0.0,0.0
2020-11-19 00:00:00+05:30,758.6182567054416,770.5152349575502,737.9105789114831,742.838623046875,1264663,0.0,0.0
2020-11-20 00:00:00+05:30,746.4723205043714,771.5604932106573,722.8277247446899,756.378173828125,1572077,0.0,0.0
2020-11-23 00:00:00+05:30,758.6182252199558,805.359872115695,752.5453214760071,783.2086181640625,2661607,0.0,0.0
2020-11-24 00:00:00+05:30,783.158858518092,796.4495866902733,751.99771982741,770.216552734375,2093324,0.0,0.0
2020-11-25 00:00:00+05:30,770.5649918655953,776.2894733943125,721.7824536208741,728.104248046875,854113,0.0,0.0
2020-11-26 00:00:00+05:30,731.4891953789765,737.7114580140478,698.2373995514424,703.7628173828125,1218199,0.0,0.0
2020-11-27 00:00:00+05:30,709.7859757571598,735.7203550088782,692.2142812675395,717.1033325195312,22823095,0.0,0.0
2020-12-01 00:00:00+05:30,729.6474499528658,741.7932583381565,702.2196668939291,712.3246459960938,1754561,0.0,0.0
2020-12-02 00:00:00+05:30,710.8312870846519,714.3157541782041,681.959988309505,688.1822509765625,1483703,0.0,0.0
2020-12-03 00:00:00+05:30,696.1965147773981,696.9431862992022,672.0043696237981,674.7919311523438,1172454,0.0,0.0
2020-12-04 00:00:00+05:30,676.9821694400849,688.3316007040585,665.483440332599,673.9954833984375,818535,0.0,0.0
2020-12-07 00:00:00+05:30,677.8781898988028,694.9022757878936,669.0176637957944,690.2728881835938,805601,0.0,0.0
2020-12-08 00:00:00+05:30,697.8889890747643,704.8081573960515,680.3172947873535,685.2951049804688,782705,0.0,0.0
2020-12-09 00:00:00+05:30,680.9644061950326,694.9022741580887,676.9821582055879,680.16796875,1295116,0.0,0.0
2020-12-10 00:00:00+05:30,683.8017056232613,690.7706393198513,671.0087587859473,673.9456787109375,874525,0.0,0.0
2020-12-11 00:00:00+05:30,672.9999806982454,689.8747704736404,672.9999806982454,686.2907104492188,555016,0.0,0.0
2020-12-14 00:00:00+05:30,691.915589458937,701.2738965573319,689.924465460494,696.6942749023438,683921,0.0,0.0
2020-12-15 00:00:00+05:30,700.7760958492895,714.8134953378158,698.8845037982544,706.3014526367188,951521,0.0,0.0
2020-12-16 00:00:00+05:30,713.3201408086655,720.7868554717011,702.8667402804157,713.021484375,1410592,0.0,0.0
2020-12-17 00:00:00+05:30,717.8001888155428,717.8001888155428,695.1013877853278,698.0880737304688,1015681,0.0,0.0
2020-12-18 00:00:00+05:30,698.8845136565559,706.1521039961395,692.4133607523286,695.3502807617188,641194,0.0,0.0
2020-12-21 00:00:00+05:30,694.9022324253743,696.9431222445415,631.4849248491714,682.308349609375,1041283,0.0,0.0
2020-12-22 00:00:00+05:30,667.0265033830776,691.7164274748492,659.0620078202945,689.1279907226562,457974,0.0,0.0
2020-12-23 00:00:00+05:30,689.1280403443376,690.9200398221435,674.9910475495869,677.6790771484375,512649,0.0,0.0
2020-12-24 00:00:00+05:30,679.9688261212464,688.5804614751997,672.0043303540867,681.7110595703125,1132681,0.0,0.0
2020-12-28 00:00:00+05:30,680.9644546429247,691.9156373930302,678.9733305065419,681.561767578125,818791,0.0,0.0
2020-12-29 00:00:00+05:30,684.8969042822412,686.9377942717862,666.0309918374275,669.0674438476562,577636,0.0,0.0
2020-12-30 00:00:00+05:30,671.6061096938196,687.1866795036726,647.1153084786486,674.5430297851562,662060,0.0,0.0
2020-12-31 00:00:00+05:30,678.0772479357706,686.9377739636228,672.1038759882609,684.5484008789062,790143,0.0,0.0
2021-01-01 00:00:00+05:30,687.8337652336701,688.8790931126198,669.0176203554614,671.6558837890625,328829,0.0,0.0
2021-01-04 00:00:00+05:30,675.9865504962694,680.2674546425801,671.008740846076,675.48876953125,565557,0.0,0.0
2021-01-05 00:00:00+05:30,676.8826114819999,676.8826114819999,669.0176475694444,672.0043334960938,450769,0.0,0.0
2021-01-06 00:00:00+05:30,675.8871093699482,681.2631080555021,669.0177068245177,673.6470947265625,227409,0.0,0.0
2021-01-07 00:00:00+05:30,672.850458793259,681.8105155334982,669.5153508678794,672.4522705078125,302941,0.0,0.0
2021-01-08 00:00:00+05:30,674.9910395759523,697.8889656972603,671.904821665315,692.3138427734375,897082,0.0,0.0
2021-01-11 00:00:00+05:30,699.7805592508145,702.020573767284,685.195551537866,690.671142578125,487073,0.0,0.0
2021-01-12 00:00:00+05:30,691.9156373930302,693.906761529413,679.9688925747332,681.561767578125,333187,0.0,0.0
2021-01-13 00:00:00+05:30,684.8471542436462,689.9244963613709,664.0398832222719,670.2621459960938,692189,0.0,0.0
2021-01-14 00:00:00+05:30,673.8460774721402,673.9954360694477,646.1197016382149,651.69482421875,543503,0.0,0.0
2021-01-15 00:00:00+05:30,650.9980344363165,656.0753764735698,636.6619169269316,640.6441650390625,705409,0.0,0.0
2021-01-18 00:00:00+05:30,643.0335010792942,696.8933793799464,627.2040414419517,657.1206665039062,488034,0.0,0.0
2021-01-19 00:00:00+05:30,666.0309592105946,687.1866511137712,653.1384195214497,674.7421264648438,437784,0.0,0.0
2021-01-20 00:00:00+05:30,673.9954530851545,691.915568529073,654.0842137030229,676.932373046875,628236,0.0,0.0
2021-01-21 00:00:00+05:30,681.9599665762462,681.9599665762462,657.6184636455954,663.6416015625,874465,0.0,0.0
2021-01-22 00:00:00+05:30,660.0575694128205,676.9821224746877,637.2094106264441,657.5686645507812,1258060,0.0,0.0
2021-01-25 00:00:00+05:30,663.04427398784,673.9954556903419,649.9028437919817,667.773193359375,410716,0.0,0.0
2021-01-27 00:00:00+05:30,660.057598501824,669.7643278915567,650.5002277161075,656.2744750976562,390506,0.0,0.0
2021-01-28 00:00:00+05:30,647.1152706674251,674.1448020479378,644.1285848028062,656.32421875,472720,0.0,0.0
2021-01-29 00:00:00+05:30,654.183718277248,659.6095429351669,582.4037276077174,618.79150390625,946190,0.0,0.0
2021-02-01 00:00:00+05:30,626.208523369091,647.1153262160718,622.3258071060807,638.3046264648438,580728,0.0,0.0
2021-02-02 00:00:00+05:30,639.0512216032402,678.9732303425999,638.3045501622476,662.7953491210938,732091,0.0,0.0
2021-02-03 00:00:00+05:30,670.461258047636,686.9377974124251,661.1029507047097,677.5297241210938,642063,0.0,0.0
2021-02-04 00:00:00+05:30,676.9324387452446,676.9324387452446,659.0620875125529,666.6781616210938,426826,0.0,0.0
2021-02-05 00:00:00+05:30,676.1857050585666,689.0284180677303,665.0353987941911,685.3946533203125,1424089,0.0,0.0
2021-02-08 00:00:00+05:30,692.8115321624753,692.8115321624753,678.9731978133555,688.8292846679688,521522,0.0,0.0
2021-02-09 00:00:00+05:30,691.4177889364126,691.616913483491,668.0718485610096,675.2896728515625,452702,0.0,0.0
2021-02-10 00:00:00+05:30,673.9457807823854,695.8979130985151,667.02661198284,687.7840576171875,336479,0.0,0.0
2021-02-11 00:00:00+05:30,685.9422507351192,695.8978712102298,674.1946307273457,690.4720458984375,438577,0.0,0.0
2021-02-12 00:00:00+05:30,685.9422251281636,691.8658312425769,678.4755100505711,682.6071166992188,168139,0.0,0.0
2021-02-15 00:00:00+05:30,682.8560088170315,709.7859491077252,677.927964701307,698.5858764648438,718300,0.0,0.0
2021-02-16 00:00:00+05:30,707.5458863552701,754.6359541936542,706.8489808410218,746.9203491210938,2095315,0.0,0.0
2021-02-17 00:00:00+05:30,745.8750060247163,774.5471772988624,727.0090954016636,764.9898071289062,1348015,0.0,0.0
2021-02-18 00:00:00+05:30,766.5827277872773,783.3579229143124,761.953340255317,775.5427856445312,460573,0.0,0.0
2021-02-19 00:00:00+05:30,768.573833167703,801.4273778497422,762.1524463724486,790.4761962890625,630929,0.0,0.0
2021-02-22 00:00:00+05:30,796.2007451470564,841.15039576523,788.4851393016176,812.72705078125,1665511,0.0,0.0
2021-02-23 00:00:00+05:30,821.2391047787911,829.2533665958806,777.0361283903962,781.9641723632812,417058,0.0,0.0
2021-02-24 00:00:00+05:30,780.6201664766754,796.0016120533148,759.6138318670614,781.4664306640625,301313,0.0,0.0
2021-02-25 00:00:00+05:30,791.2726928805674,821.3386784758115,785.2495547246017,815.6141967773438,729553,0.0,0.0
2021-02-26 00:00:00+05:30,796.5491147336752,819.3475083482264,782.5117151418056,805.0612182617188,1056061,0.0,0.0
2021-03-01 00:00:00+05:30,816.3609126872417,836.172622556952,803.070183109573,826.7147827148438,442822,0.0,0.0
2021-03-02 00:00:00+05:30,834.2809546736327,917.4601474885353,826.7644737384392,901.879638671875,3800314,0.0,0.0
2021-03-03 00:00:00+05:30,918.9037592402025,918.9037592402025,887.0457740877795,906.8574829101562,1535060,0.0,0.0
2021-03-04 00:00:00+05:30,896.0057903241384,940.5074233964269,891.0777463244993,922.9357299804688,1173560,0.0,0.0
2021-03-05 00:00:00+05:30,920.8948197537848,931.6468768477837,873.157611268827,877.4883422851562,751162,0.0,0.0
2021-03-08 00:00:00+05:30,882.0678832943751,905.413823058126,876.1940435130012,880.674072265625,462683,0.0,0.0
2021-03-09 00:00:00+05:30,886.0501240986406,940.3082496754674,884.1585321122692,901.730224609375,1947228,0.0,0.0
2021-03-10 00:00:00+05:30,910.9392950446238,929.8549743952772,891.5258346584269,908.1517333984375,606764,0.0,0.0
2021-03-12 00:00:00+05:30,912.0343794552016,920.795374200345,868.8767884317645,872.659912109375,664299,0.0,0.0
2021-03-15 00:00:00+05:30,876.0945349703277,884.1585626342288,837.3671499710408,842.0960693359375,1045124,0.0,0.0
2021-03-16 00:00:00+05:30,835.1271490884645,862.0073227567518,834.4800702550191,845.4810180664062,779547,0.0,0.0
2021-03-17 00:00:00+05:30,849.7619590820019,856.1833463323513,816.3608651075908,818.8995361328125,477076,0.0,0.0
2021-03-18 00:00:00+05:30,831.1947407441636,842.9423602285975,814.8674995866234,819.4968872070312,400106,0.0,0.0
2021-03-19 00:00:00+05:30,815.3653145735257,823.6284673913161,772.5561466533039,795.6531982421875,1242150,0.0,0.0
2021-03-22 00:00:00+05:30,796.5989435638302,813.2247800384648,786.9917461395264,796.4495849609375,655786,0.0,0.0
2021-03-23 00:00:00+05:30,803.4185449527533,833.1858734642749,797.4949388191421,810.1883544921875,798486,0.0,0.0
2021-03-24 00:00:00+05:30,813.2746669093191,842.2454983996201,774.9952937476376,781.5659790039062,1406039,0.0,0.0
2021-03-25 00:00:00+05:30,785.5978994924268,801.5268904704653,742.4900798109657,754.586181640625,1361204,0.0,0.0
2021-03-26 00:00:00+05:30,768.5738578403215,775.6921503889854,751.8981944739674,756.6768798828125,703225,0.0,0.0
2021-03-30 00:00:00+05:30,766.5329450539055,773.7010033355848,746.7212376976955,757.2742309570312,628410,0.0,0.0
2021-03-31 00:00:00+05:30,762.5009906611654,769.4200982270066,743.734609750577,747.7168579101562,624642,0.0,0.0
2021-04-01 00:00:00+05:30,756.627116762042,760.8084892970045,735.7700807984425,747.5177001953125,810538,0.0,0.0
2021-04-05 00:00:00+05:30,743.6848083335474,745.4270418202725,718.1984456334518,726.2127075195312,738836,0.0,0.0
2021-04-06 00:00:00+05:30,728.2535989185852,732.7833938403421,696.89339609434,700.5272216796875,1267810,0.0,0.0
2021-04-07 00:00:00+05:30,696.9431563220137,729.7469359218337,691.4177994511781,718.8455200195312,1618249,0.0,0.0
2021-04-08 00:00:00+05:30,722.6784025211067,733.0322097509834,717.3521099343523,726.5112915039062,613211,0.0,0.0
2021-04-09 00:00:00+05:30,731.7380534690392,732.7336154465481,720.0402002333096,725.9638061523438,344873,0.0,0.0
2021-04-12 00:00:00+05:30,705.9032355443381,716.6055272201647,685.9422292692578,707.595703125,921660,0.0,0.0
2021-04-13 00:00:00+05:30,708.5414497887778,729.5477825634624,708.5414497887778,726.0135498046875,437329,0.0,0.0
2021-04-15 00:00:00+05:30,723.773591478268,742.6892699350591,711.6277226321034,736.8154296875,871200,0.0,0.0
2021-04-16 00:00:00+05:30,736.8154376105332,752.4457737089178,727.7558474000493,740.3497314453125,692021,0.0,0.0
2021-04-19 00:00:00+05:30,716.804684658544,736.2679108182904,689.1280714870852,725.4163208007812,715142,0.0,0.0
2021-04-20 00:00:00+05:30,725.4161868045828,744.2820357837122,724.569922749608,733.2313232421875,475888,0.0,0.0
2021-04-22 00:00:00+05:30,728.5523248304444,746.6715670093967,721.7825147757501,744.0831298828125,422465,0.0,0.0
2021-04-23 00:00:00+05:30,743.6848258738991,784.4531025776743,738.7070157944217,766.8814086914062,3507205,0.0,0.0
2021-04-26 00:00:00+05:30,777.4344429804547,783.5073472877713,758.4689369791502,777.0361938476562,824311,0.0,0.0
2021-04-27 00:00:00+05:30,782.5117259958938,790.9740029309639,773.0041211217008,780.7197265625,853518,0.0,0.0
2021-04-28 00:00:00+05:30,786.4940535494834,788.4851777356847,759.3649865124918,768.524169921875,593276,0.0,0.0
2021-04-29 00:00:00+05:30,775.5428441085674,785.4984647004617,765.1889743872829,772.4067993164062,589571,0.0,0.0
2021-04-30 00:00:00+05:30,773.1533980675425,787.1908582390424,757.5728897667217,773.2529907226562,1841225,0.0,0.0
2021-05-03 00:00:00+05:30,754.6360716882689,783.5073725839942,732.8332373957817,779.5748901367188,841965,0.0,0.0
2021-05-04 00:00:00+05:30,794.4585280328395,794.4585280328395,769.569476402738,773.3526000976562,651087,0.0,0.0
2021-05-05 00:00:00+05:30,784.1544057988679,806.4051914041214,772.1578355128516,792.51708984375,1229552,0.0,0.0
2021-05-06 00:00:00+05:30,793.4629136236676,796.4495996222511,760.4102430864878,774.6965942382812,665468,0.0,0.0
2021-05-07 00:00:00+05:30,782.362443646267,782.362443646267,740.1008815628296,749.4093627929688,513294,0.0,0.0
2021-05-10 00:00:00+05:30,751.4502188134795,762.6005258614385,742.6892849773278,744.4315185546875,434021,0.0,0.0
2021-05-11 00:00:00+05:30,738.7070601248262,771.5606086209438,738.7070601248262,759.81298828125,823028,0.0,0.0
2021-05-12 00:00:00+05:30,755.2332882889295,772.5560909220169,751.699055438212,766.6822509765625,414426,0.0,0.0
2021-05-14 00:00:00+05:30,766.5828274588376,779.5251349354154,754.9347385770598,769.1712646484375,541416,0.0,0.0
2021-05-17 00:00:00+05:30,769.2210096102993,810.3377083784025,757.2244388052276,791.6211547851562,1956412,0.0,0.0
2021-05-18 00:00:00+05:30,796.4495709817213,829.2035838940566,795.702899508926,824.6239624023438,2275063,0.0,0.0
2021-05-19 00:00:00+05:30,831.2943326052116,851.2055741047376,808.4461708316481,815.8133544921875,1855576,0.0,0.0
2021-05-20 00:00:00+05:30,822.7325365071065,825.7689887325333,799.8346084085682,807.9981689453125,556669,0.0,0.0
2021-05-21 00:00:00+05:30,807.400786440798,828.6062450045741,799.4362903969924,823.180419921875,806206,0.0,0.0
2021-05-24 00:00:00+05:30,827.8098467137571,835.2765621080484,802.4230143731669,806.1563720703125,684641,0.0,0.0
2021-05-25 00:00:00+05:30,815.7635338319044,827.2124969263042,807.2016641027401,820.990234375,720336,0.0,0.0
2021-05-26 00:00:00+05:30,830.9955685644143,833.1359902899668,820.3430435882642,822.3341674804688,499153,0.0,0.0
2021-05-27 00:00:00+05:30,817.3563998469882,830.5475963122411,814.8674948535444,824.4248657226562,940317,0.0,0.0
2021-05-28 00:00:00+05:30,824.7236399203775,843.589492462857,818.9991580399039,822.9315795898438,905813,0.0,0.0
2021-05-31 00:00:00+05:30,828.3074850248333,852.9974075217569,820.9403027994313,847.8703002929688,1296401,0.0,0.0
2021-06-01 00:00:00+05:30,853.1966205905242,858.9708679469153,829.6515553548631,836.47119140625,697195,0.0,0.0
2021-06-02 00:00:00+05:30,832.7875177510962,851.2054126445753,829.3030511496272,849.3636474609375,826415,0.0,0.0
2021-06-03 00:00:00+05:30,849.363668217719,860.0659587552026,843.4400626976053,850.95654296875,404997,0.0,0.0
2021-06-04 00:00:00+05:30,848.9654989833681,859.4189000262592,843.7387984619226,848.318359375,781342,0.0,0.0
2021-06-07 00:00:00+05:30,847.3228365811071,870.1212318353681,841.2499323808764,853.6944580078125,463126,0.0,0.0
2021-06-08 00:00:00+05:30,853.6943454663957,865.4917298997831,844.2365072367389,862.0072631835938,370448,0.0,0.0
2021-06-09 00:00:00+05:30,865.0936681519592,869.0759164101977,837.2676962946599,841.1005859375,465156,0.0,0.0
2021-06-10 00:00:00+05:30,850.2099077547151,880.9229696951778,834.6791655955866,873.00830078125,1034717,0.0,0.0
2021-06-11 00:00:00+05:30,881.0723705141623,888.4893195713471,863.9984578984858,869.7727661132812,590610,0.0,0.0
2021-06-14 00:00:00+05:30,867.1345302663815,873.6554494260904,846.7255086010992,863.6998291015625,226622,0.0,0.0
2021-06-15 00:00:00+05:30,860.1655003500446,868.030463837197,849.6623342289499,852.84814453125,306451,0.0,0.0
2021-06-16 00:00:00+05:30,853.1966105698233,865.9397916670182,844.3859114174924,847.42236328125,246452,0.0,0.0
2021-06-17 00:00:00+05:30,838.2632370177234,891.0280250960362,825.2711645588449,851.8028564453125,1820950,0.0,0.0
2021-06-18 00:00:00+05:30,860.0660481722415,861.061610186209,836.471216288355,845.4312744140625,1005831,0.0,0.0
2021-06-21 00:00:00+05:30,839.2586862702123,858.8215020174526,827.3617093475716,849.4631958007812,649897,0.0,0.0
2021-06-22 00:00:00+05:30,857.1789127899922,860.5638480172925,845.2321683608634,849.2144165039062,427455,0.0,0.0
2021-06-23 00:00:00+05:30,856.1833631331997,863.8989690219,845.232180581496,853.6944580078125,437812,0.0,0.0
2021-06-24 00:00:00+05:30,856.1833413479069,860.5638385628423,846.2277210996755,853.1966552734375,337562,0.0,0.0
2021-06-25 00:00:00+05:30,856.1832578622611,863.8988628022989,849.4632148499702,859.667724609375,302991,0.0,0.0
2021-06-28 00:00:00+05:30,859.169999344877,881.9683932739938,851.4543939046421,877.4385375976562,414235,0.0,0.0
2021-06-29 00:00:00+05:30,875.0989466421219,877.0900705252667,852.3005538744029,858.821533203125,324166,0.0,0.0
2021-06-30 00:00:00+05:30,851.3050698120297,861.9078297654501,842.4943701288041,846.078369140625,351060,0.0,0.0
2021-07-01 00:00:00+05:30,847.6214984637027,858.1744312005961,844.236563408475,854.0926513671875,138698,0.0,0.0
2021-07-02 00:00:00+05:30,862.8038568529994,905.7623219514767,853.6944399807276,895.8067016601562,1945993,0.0,0.0
2021-07-05 00:00:00+05:30,905.4636859265362,916.9126495198899,892.0235982299906,897.9472045898438,1316486,0.0,0.0
2021-07-06 00:00:00+05:30,900.9836399247154,913.527697235633,887.4440205807316,897.8475952148438,730080,0.0,0.0
2021-07-07 00:00:00+05:30,903.5223487834886,908.1517367367754,889.3853551692285,904.8663940429688,283658,0.0,0.0
2021-07-08 00:00:00+05:30,910.6405578944764,943.7429938252831,901.979156490552,917.2112426757812,2179864,0.0,0.0
2021-07-09 00:00:00+05:30,917.8090017738878,920.9968885081918,896.5897238046215,901.86962890625,507064,0.6,0.0
2021-07-12 00:00:00+05:30,906.551795007124,921.3953597084628,891.6086335509626,895.842529296875,576161,0.0,0.0
2021-07-13 00:00:00+05:30,904.4597995451642,933.1506581041149,897.4863240230084,923.2881469726562,842102,0.0,0.0
2021-07-14 00:00:00+05:30,927.4722179501936,932.5030701295342,910.8354860904185,914.4716796875,684507,0.0,0.0
2021-07-15 00:00:00+05:30,917.8089266908266,924.4337523185352,895.5934397347121,899.3790283203125,439404,0.0,0.0
2021-07-16 00:00:00+05:30,907.5479867139114,907.5479867139114,874.6730322006742,876.5658569335938,569938,0.0,0.0
2021-07-19 00:00:00+05:30,874.5734585382816,875.6692660627695,856.7412614493535,866.703369140625,759172,0.0,0.0
2021-07-20 00:00:00+05:30,866.6037779197849,866.6037779197849,834.8246298601208,858.135986328125,754030,0.0,0.0
2021-07-22 00:00:00+05:30,863.7147471413931,921.4949724403559,861.7721239576346,917.0120239257812,1813383,0.0,0.0
2021-07-23 00:00:00+05:30,919.4528080180984,919.4528080180984,884.4857710107209,887.7733154296875,614666,0.0,0.0
2021-07-26 00:00:00+05:30,893.102944777653,893.6010501567816,867.3010618172377,887.673583984375,613423,0.0,0.0
2021-07-27 00:00:00+05:30,888.6199995101214,922.4413670334181,881.696322554956,913.5252685546875,947007,0.0,0.0
2021-07-28 00:00:00+05:30,913.5252909119554,928.1696016293354,895.0455929893981,922.7900390625,740399,0.0,0.0
2021-07-29 00:00:00+05:30,922.9893095749208,929.6141357406972,907.0499367166382,911.4332885742188,358868,0.0,0.0
2021-07-30 00:00:00+05:30,916.2151282651297,939.3770304608742,908.5442925814609,919.4030151367188,720404,0.0,0.0
2021-08-02 00:00:00+05:30,919.8014124990864,965.3282578743712,919.4029646644392,952.9752197265625,1342173,0.0,0.0
2021-08-03 00:00:00+05:30,962.2400181318885,962.2400181318885,930.5106682601211,935.19287109375,572016,0.0,0.0
2021-08-04 00:00:00+05:30,943.3617798259817,949.0899916260502,917.2610460718499,925.3801879882812,335436,0.0,0.0
2021-08-05 00:00:00+05:30,927.0737028804342,936.3385115310363,894.5972566380649,912.0309448242188,1041009,0.0,0.0
2021-08-06 00:00:00+05:30,917.709420544306,933.3997409763952,908.7933215348183,915.8663940429688,636462,0.0,0.0
2021-08-09 00:00:00+05:30,922.8398019381914,934.8939884693585,913.1766063272655,925.3801879882812,670460,0.0,0.0
2021-08-10 00:00:00+05:30,928.8170785935449,960.4467702517787,917.2112597115128,942.2161254882812,2198799,0.0,0.0
2021-08-11 00:00:00+05:30,917.5100886605965,926.475985292459,848.7715478163173,897.0877685546875,2959134,0.0,0.0
2021-08-12 00:00:00+05:30,902.0688890669204,909.938978792812,876.7651101542025,893.30224609375,592714,0.0,0.0
2021-08-13 00:00:00+05:30,897.0877827780264,900.5745204123664,873.3281806484332,879.504638671875,738531,0.0,0.0
2021-08-16 00:00:00+05:30,881.5967810655735,885.7808786881278,862.6687754051508,871.3856201171875,436930,0.0,0.0
2021-08-17 00:00:00+05:30,866.7033835925344,905.4560074793162,863.7147512353188,884.0374755859375,973907,0.0,0.0
2021-08-18 00:00:00+05:30,891.2599916386912,900.4749412812146,875.3206192840562,897.3368530273438,477749,0.0,0.0
2021-08-20 00:00:00+05:30,878.40882479094,911.5328320767906,868.4467173365488,893.80029296875,879721,0.0,0.0
2021-08-23 00:00:00+05:30,896.0915604988371,898.333034663509,862.8679566462514,880.8495483398438,710233,0.0,0.0
2021-08-24 00:00:00+05:30,885.3325253835352,899.5783272647143,872.8798907314766,897.3368530273438,512709,0.0,0.0
2021-08-25 00:00:00+05:30,899.2794956265905,919.054255559825,886.9762558421647,913.2762451171875,761172,0.0,0.0
2021-08-26 00:00:00+05:30,916.5139435850613,960.4966750906148,916.4641452054256,937.7830200195312,3121784,0.0,0.0
2021-08-27 00:00:00+05:30,942.1165667419716,954.3699474344771,936.4381530150401,944.9059448242188,638508,0.0,0.0
2021-08-30 00:00:00+05:30,951.3812632227191,1003.1842220578828,947.3964202353989,987.543701171875,1981330,0.0,0.0
2021-08-31 00:00:00+05:30,991.2297231929346,1011.1041403564233,972.3017184284463,1003.0846557617188,968660,0.0,0.0
2021-09-01 00:00:00+05:30,1000.6439251715634,1032.771661863425,984.4555000768097,990.6320190429688,861143,0.0,0.0
2021-09-02 00:00:00+05:30,995.6131157616729,1009.8091199171879,981.8155594510005,996.7089233398438,600794,0.0,0.0
2021-09-03 00:00:00+05:30,1005.0771189868526,1013.7939636476924,980.4209012319054,991.9271240234375,454344,0.0,0.0
2021-09-06 00:00:00+05:30,996.310388817366,1020.0202543114922,991.927097814632,1006.0733032226562,646921,0.0,0.0
2021-09-07 00:00:00+05:30,1005.9736642011322,1018.0776498692858,989.4863874494612,995.214599609375,597743,0.0,0.0
2021-09-08 00:00:00+05:30,997.2069951716194,1046.0213236065938,991.2297304652959,1029.9324951171875,2226426,0.0,0.0
2021-09-09 00:00:00+05:30,1034.6147258151427,1041.3888859685562,1006.4717112487004,1018.67529296875,1228907,0.0,0.0
2021-09-13 00:00:00+05:30,1010.1577483104466,1023.8057875883009,994.4674282553286,1002.2876586914062,448685,0.0,0.0
2021-09-14 00:00:00+05:30,1006.1231453421626,1019.8708427094844,996.2606337504513,1000.1956787109375,529047,0.0,0.0
2021-09-15 00:00:00+05:30,1001.9390057724909,1006.1729016457527,983.2600533904534,997.9541625976562,635701,0.0,0.0
2021-09-16 00:00:00+05:30,1005.6747656728106,1006.6211780588358,986.3981117221792,991.9768676757812,286275,0.0,0.0
2021-09-17 00:00:00+05:30,996.2107198594772,996.2107198594772,960.347133944536,978.7272338867188,562721,0.0,0.0
2021-09-20 00:00:00+05:30,967.3206770760025,998.6515185818254,949.388882856262,975.4398193359375,569477,0.0,0.0
2021-09-21 00:00:00+05:30,977.780930383135,987.3943892214457,952.6266069066457,983.4095458984375,432370,0.0,0.0
2021-09-22 00:00:00+05:30,981.2676571193008,991.2297653134053,972.2519613644128,979.9725952148438,252879,0.0,0.0
2021-09-23 00:00:00+05:30,985.2524146800907,1027.8902826844749,982.3633792335929,1002.7359008789062,1207650,0.0,0.0
2021-09-24 00:00:00+05:30,1013.4451924276736,1021.4646768725569,974.2941217806975,983.8079223632812,834581,0.0,0.0
2021-09-27 00:00:00+05:30,991.2296929438236,1004.1804326506274,978.9763129204697,999.4982299804688,314717,0.0,0.0
2021-09-28 00:00:00+05:30,1005.1766547437579,1016.134973080905,990.1836949978008,1010.10791015625,612126,0.0,0.0
2021-09-29 00:00:00+05:30,1010.1079675881841,1010.1079675881841,966.3244901273093,1005.7744140625,415354,0.0,0.0
2021-09-30 00:00:00+05:30,1009.1615450721301,1037.6531497624853,997.4560681179371,1021.9628295898438,941677,0.0,0.0
2021-10-01 00:00:00+05:30,1021.9628008286614,1085.8697464675467,1016.1349921072456,1040.3927001953125,3294173,0.0,0.0
2021-10-04 00:00:00+05:30,1049.5079149378284,1053.3931607764703,1016.8820163007008,1042.185791015625,1043541,0.0,0.0
2021-10-05 00:00:00+05:30,1046.021404192912,1063.953199693362,1036.308348296835,1045.8719482421875,675246,0.0,0.0
2021-10-06 00:00:00+05:30,1055.9334661975784,1093.6401378851363,1032.124128128627,1040.5919189453125,1324497,0.0,0.0
2021-10-07 00:00:00+05:30,1054.9872316332808,1122.6797064929908,1051.0522476371493,1104.6483154296875,1988186,0.0,0.0
2021-10-08 00:00:00+05:30,1115.7061409198675,1115.7061409198675,1083.9768539886115,1099.1690673828125,439597,0.0,0.0
2021-10-11 00:00:00+05:30,1110.5759742290766,1135.680440588447,1091.4985109274608,1098.9700927734375,681017,0.0,0.0
2021-10-12 00:00:00+05:30,1104.7976840668196,1138.668848411519,1090.8507340425315,1129.304443359375,1064340,0.0,0.0
2021-10-13 00:00:00+05:30,1120.8865461814116,1205.3651445527712,1099.4181559428948,1169.7506103515625,1433510,0.0,0.0
2021-10-14 00:00:00+05:30,1170.5976022194418,1179.5136406402958,1140.6614176800158,1150.0755615234375,563063,0.0,0.0
2021-10-18 00:00:00+05:30,1161.5319057159468,1175.4788565809295,1141.3586375005252,1149.9261474609375,571535,0.0,0.0
2021-10-19 00:00:00+05:30,1155.6046642631939,1170.0995817554685,1090.0539372506705,1112.4189453125,832711,0.0,0.0
2021-10-20 00:00:00+05:30,1112.4188274657697,1133.887097498252,1080.888730946559,1107.188720703125,574423,0.0,0.0
2021-10-21 00:00:00+05:30,1118.2464048662255,1119.3920713842956,1063.0065754248385,1076.256103515625,470149,0.0,0.0
2021-10-22 00:00:00+05:30,1076.8540868031905,1108.4837817940966,1039.4464417549866,1046.8681640625,814132,0.0,0.0
2021-10-25 00:00:00+05:30,1056.9796113938667,1080.888669521532,1005.3261080521083,1016.7825317382812,772852,0.0,0.0
2021-10-26 00:00:00+05:30,1020.1199527682986,1050.255332232401,1012.6483710829839,1037.5037841796875,999447,0.0,0.0
2021-10-27 00:00:00+05:30,1048.262797871465,1068.1870135592096,1022.3613174773969,1029.9324951171875,476913,0.0,0.0
2021-10-28 00:00:00+05:30,1033.5686497417764,1040.1934755291427,996.2107467390616,1001.88916015625,495393,0.0,0.0
2021-10-29 00:00:00+05:30,1001.6899479848938,1034.1663953732443,985.7505753665365,999.348876953125,446580,0.0,0.0
2021-11-01 00:00:00+05:30,1010.157731958026,1024.2541388310635,992.8734992288172,1020.817138671875,539353,0.0,0.0
2021-11-02 00:00:00+05:30,1035.0629741410248,1063.9530860275404,1026.0970773486579,1033.518798828125,1518927,0.0,0.0
2021-11-03 00:00:00+05:30,1092.8433171157853,1128.0096092358194,1071.0761340727272,1088.01171875,5869336,0.0,0.0
2021-11-04 00:00:00+05:30,1095.8317948585232,1099.2189356369095,1086.1187403131862,1090.1534423828125,141116,0.0,0.0
2021-11-08 00:00:00+05:30,1095.6327246864475,1111.6716948041537,1080.8887556892382,1096.3798828125,1102344,0.0,0.0
2021-11-09 00:00:00+05:30,1095.8318522085208,1128.7068077747765,1089.954184316032,1123.1280517578125,1034509,0.0,0.0
2021-11-10 00:00:00+05:30,1122.7295825767383,1129.603461485496,1104.7977880014223,1120.089599609375,503041,0.0,0.0
2021-11-11 00:00:00+05:30,1119.441953027065,1151.2709589394462,1116.9016886203033,1142.8529052734375,979707,0.0,0.0
2021-11-12 00:00:00+05:30,1145.8414804804659,1155.604393830061,1124.3233540203526,1144.7955322265625,502799,0.0,0.0
2021-11-15 00:00:00+05:30,1152.5660107821018,1168.555242409583,1135.6802867407712,1152.8150634765625,724923,0.0,0.0
2021-11-16 00:00:00+05:30,1142.3548526746315,1198.1426563493442,1136.9255525672504,1185.8394775390625,1245041,0.0,0.0
2021-11-17 00:00:00+05:30,1185.3414748336284,1195.4530394471735,1140.6614418058446,1148.830322265625,792324,0.0,0.0
2021-11-18 00:00:00+05:30,1150.5736071590734,1153.6120987219556,1091.3489241363577,1133.3392333984375,1003276,0.0,0.0
2021-11-22 00:00:00+05:30,1108.1848654008866,1135.2320116527726,1097.4257406307995,1108.5833740234375,724443,0.0,0.0
2021-11-23 00:00:00+05:30,1104.797732054627,1122.3808762776794,1089.406324466672,1107.686767578125,1337545,0.0,0.0
2021-11-24 00:00:00+05:30,1106.9396936416272,1113.7637135398843,1085.8698101596367,1091.5980224609375,1045914,0.0,0.0
2021-11-25 00:00:00+05:30,1085.86971524412,1094.785752794994,1073.4170808949902,1088.4598388671875,602587,0.0,0.0
2021-11-26 00:00:00+05:30,1078.8964220561181,1087.7128643413923,1021.1161889266122,1037.703125,904556,0.0,0.0
2021-11-29 00:00:00+05:30,1031.0781685195784,1052.8952091605306,988.6396131513396,1022.8095703125,850287,0.0,0.0
2021-11-30 00:00:00+05:30,1021.1160847247853,1063.753956222741,999.0001924850915,1010.5562744140625,1075312,0.0,0.0
2021-12-01 00:00:00+05:30,1028.2389794159558,1034.614752720315,1002.1880432349659,1020.3190307617188,839843,0.0,0.0
2021-12-02 00:00:00+05:30,1029.085666529251,1040.8907391567534,1016.3341815636232,1027.44189453125,904904,0.0,0.0
2021-12-03 00:00:00+05:30,1032.5724245983124,1032.9709332130033,1009.9584288018576,1017.0813598632812,661928,0.0,0.0
2021-12-06 00:00:00+05:30,1025.2004525782932,1025.2004525782932,985.3520228085976,994.2183227539062,373519,0.0,0.0
2021-12-07 00:00:00+05:30,1001.1917714453325,1032.0743036988702,991.379120196001,1014.0927124023438,644619,0.0,0.0
2021-12-08 00:00:00+05:30,1032.0743660317603,1048.0137384801274,1014.1425720273475,1037.055419921875,550648,0.0,0.0
2021-12-09 00:00:00+05:30,1046.6189945740794,1046.6189945740794,1023.7061472158084,1033.518798828125,214644,0.0,0.0
2021-12-10 00:00:00+05:30,1036.0593610889387,1036.0593610889387,1021.1161972270789,1032.024658203125,232075,0.0,0.0
2021-12-13 00:00:00+05:30,1036.0592518939393,1048.7110806537685,1024.1047220643939,1027.3424072265625,337088,0.0,0.0
2021-12-14 00:00:00+05:30,1021.11610972812,1038.5996585914504,997.007795269372,1026.54541015625,616598,0.0,0.0
2021-12-15 00:00:00+05:30,1031.0782646151251,1082.831371379509,1026.5454564512438,1032.174072265625,1671114,0.0,0.0
2021-12-16 00:00:00+05:30,1043.032659018726,1049.5578880979062,1001.1918073675452,1027.29248046875,1121604,0.0,0.0
2021-12-17 00:00:00+05:30,1027.292609695982,1059.8687784012282,1009.3110762961962,1031.1778564453125,805803,0.0,0.0
2021-12-20 00:00:00+05:30,1026.0971679179509,1026.0971679179509,966.9222195436532,1004.0809326171875,852808,0.0,0.0
2021-12-21 00:00:00+05:30,1020.1198874701927,1030.729557105767,1004.2801109896783,1014.4912719726562,377839,0.0,0.0
2021-12-22 00:00:00+05:30,1026.0971625267205,1060.4165772322012,1011.7019037654475,1040.890869140625,843395,0.0,0.0
2021-12-23 00:00:00+05:30,1040.0440153570928,1052.8452990789692,1028.0894864449422,1038.2010498046875,577082,0.0,0.0
2021-12-24 00:00:00+05:30,1039.3964909286767,1048.7608965636446,1016.3840462778991,1037.055419921875,288355,0.0,0.0
2021-12-27 00:00:00+05:30,1016.1349896320667,1063.9531067912228,1016.1349896320667,1047.0673828125,834703,0.0,0.0
2021-12-28 00:00:00+05:30,1050.504208877536,1055.0867538882153,1028.0894675785842,1030.87890625,335064,0.0,0.0
2021-12-29 00:00:00+05:30,1036.706873613113,1046.918035103757,1023.1085708186523,1034.51513671875,252419,0.0,0.0
2021-12-30 00:00:00+05:30,1041.6379667356464,1041.6379667356464,1022.0126630223748,1028.936279296875,607040,0.0,0.0
2021-12-31 00:00:00+05:30,1038.549854547205,1065.8460573000248,1025.6489721434216,1060.964599609375,452416,0.0,0.0
2022-01-03 00:00:00+05:30,1060.9644984427528,1060.9644984427528,1037.055439322916,1050.6038818359375,363953,0.0,0.0
2022-01-04 00:00:00+05:30,1046.0212035547265,1062.9567849456125,1042.036360874518,1051.9486083984375,258035,0.0,0.0
2022-01-05 00:00:00+05:30,1051.0024408363365,1077.05337873881,1045.822193088592,1066.7923583984375,741560,0.0,0.0
2022-01-06 00:00:00+05:30,1062.9567162514588,1084.8234904028516,1050.703277158604,1076.256103515625,408431,0.0,0.0
2022-01-07 00:00:00+05:30,1067.9378363767298,1090.8506817467528,1064.8496076266674,1081.0877685546875,482099,0.0,0.0
2022-01-10 00:00:00+05:30,1085.8697828605993,1090.6017842079277,1057.9758801816115,1067.93798828125,604941,0.0,0.0
2022-01-11 00:00:00+05:30,1070.9266894246198,1119.7410222449048,1068.0875127556067,1114.909423828125,861357,0.0,0.0
2022-01-12 00:00:00+05:30,1124.7218548121657,1146.1403843767907,1105.7938519411018,1140.9102783203125,741670,0.0,0.0
2022-01-13 00:00:00+05:30,1140.9103654194182,1183.1994632614094,1125.7181514288955,1178.417724609375,682225,0.0,0.0
2022-01-14 00:00:00+05:30,1160.6852099332518,1195.4031329241866,1155.0068568638426,1160.4361572265625,744286,0.0,0.0
2022-01-17 00:00:00+05:30,1162.577927916914,1183.398756603044,1150.5735399152866,1153.861083984375,501455,0.0,0.0
2022-01-18 00:00:00+05:30,1172.5401571093819,1172.5401571093819,1131.4963191994675,1139.964111328125,543636,0.0,0.0
2022-01-19 00:00:00+05:30,1140.661374217555,1207.4074982984075,1132.0939855973866,1163.1259765625,1671916,0.0,0.0
2022-01-20 00:00:00+05:30,1160.5854747804822,1189.6747788099906,1155.6044212406516,1165.5665283203125,968296,0.0,0.0
2022-01-21 00:00:00+05:30,1164.5704197035338,1201.9781837100845,1137.672728230484,1177.3717041015625,961910,0.0,0.0
2022-01-24 00:00:00+05:30,1174.5326089156213,1195.4530370642456,1087.164964766618,1117.69873046875,979818,0.0,0.0
2022-01-25 00:00:00+05:30,1087.8620996184702,1109.0315772896172,1046.4197582402696,1075.260009765625,866941,0.0,0.0
2022-01-27 00:00:00+05:30,1055.983387363721,1083.6780946565514,997.5556029771865,1019.0737915039062,1611802,0.0,0.0
2022-01-28 00:00:00+05:30,1021.2156272672594,1038.0516134577517,1004.5290970125402,1014.44140625,1230291,0.0,0.0
2022-01-31 00:00:00+05:30,1014.1424107427077,1033.9171672200225,1014.1424107427077,1027.64111328125,408254,0.0,0.0
2022-02-01 00:00:00+05:30,1028.0895469296681,1060.8150474304405,1027.641300712194,1056.3819580078125,521498,0.0,0.0
2022-02-02 00:00:00+05:30,1056.3819790258005,1102.8053789679384,1045.9217654041536,1093.3912353515625,878597,0.0,0.0
2022-02-03 00:00:00+05:30,1093.8394403043183,1095.831861871357,1073.2676633030899,1079.1951904296875,416753,0.0,0.0
2022-02-04 00:00:00+05:30,1082.084108249221,1085.8697578831109,1048.0137479752593,1053.393310546875,305527,0.0,0.0
2022-02-07 00:00:00+05:30,1056.182536758477,1064.7500460749118,1021.1159687196916,1046.469482421875,648493,0.0,0.0
2022-02-08 00:00:00+05:30,1050.8031752740192,1063.0067572812516,1031.426802714206,1049.956298828125,377585,0.0,0.0
2022-02-09 00:00:00+05:30,1059.9683675290225,1070.9266871181383,1049.0100479399066,1066.5433349609375,304759,0.0,0.0
2022-02-10 00:00:00+05:30,1072.4209060168657,1080.8886976575006,1051.002374219966,1071.5242919921875,411046,0.0,0.0
2022-02-11 00:00:00+05:30,1080.8887068750307,1095.3836225089483,1051.4008918200846,1067.2904052734375,1656107,0.0,0.0
2022-02-14 00:00:00+05:30,1036.0592222980033,1051.0023841580708,1013.1463741125667,1032.373291015625,536059,0.0,0.0
2022-02-15 00:00:00+05:30,1033.0704921083732,1082.3829215773842,1022.1121744485929,1077.50146484375,619460,0.0,0.0
2022-02-16 00:00:00+05:30,1085.770194753099,1088.2607217978543,1051.6499742399506,1057.477783203125,343162,0.0,0.0
2022-02-17 00:00:00+05:30,1069.0835840251646,1069.0835840251646,1048.212895978005,1058.7728271484375,287521,0.0,0.0
2022-02-18 00:00:00+05:30,1041.0402413304853,1060.9644564755663,1036.0591875442149,1041.189697265625,205306,0.0,0.0
2022-02-21 00:00:00+05:30,1041.0402157049148,1050.8031295287904,1007.1690507920275,1031.4267578125,576902,0.0,0.0
2022-02-22 00:00:00+05:30,998.7819838625974,1055.0008743557873,998.7819838625974,1046.1793212890625,714429,0.6,0.0
2022-02-23 00:00:00+05:30,1046.627945266004,1080.5187549222364,1046.627945266004,1050.9141845703125,393547,0.0,0.0
2022-02-24 00:00:00+05:30,1012.8366953379791,1033.8689067912362,976.8526574944999,1017.3721313476562,633017,0.0,0.0
2022-02-25 00:00:00+05:30,1056.545902651823,1071.2984208543235,1026.3432846591306,1066.663330078125,543759,0.0,0.0
2022-02-28 00:00:00+05:30,1026.7917604786473,1115.4062782324095,1026.7917604786473,1104.541259765625,1102621,0.0,0.0
2022-03-02 00:00:00+05:30,1095.4705180471533,1114.1104135864712,1076.5814253927201,1101.5509033203125,661272,0.0,0.0
2022-03-03 00:00:00+05:30,1106.4352329134751,1132.0028822259162,1102.0493391860894,1127.517333984375,645290,0.0,0.0
2022-03-04 00:00:00+05:30,1122.3838213063045,1122.3838213063045,1078.9238681917343,1091.931884765625,653153,0.0,0.0
2022-03-07 00:00:00+05:30,1076.5315328439356,1076.5315328439356,1036.6599945904566,1060.7822265625,372706,0.0,0.0
2022-03-08 00:00:00+05:30,1061.7292118507637,1088.0942169369291,1044.6841541730792,1074.6375732421875,461151,0.0,0.0
2022-03-09 00:00:00+05:30,1074.5379785080272,1151.2906912586004,1066.6135587849622,1140.126708984375,757000,0.0,0.0
2022-03-10 00:00:00+05:30,1151.4899433785922,1160.6105818306396,1134.8935133946618,1146.0574951171875,557825,0.0,0.0
2022-03-11 00:00:00+05:30,1137.4851617953022,1177.9547484493164,1127.3677347122293,1165.04638671875,476838,0.0,0.0
2022-03-14 00:00:00+05:30,1176.11074781172,1203.6220854287203,1146.7552541704858,1163.351806640625,614586,0.0,0.0
2022-03-15 00:00:00+05:30,1161.5575581797766,1177.207087213165,1141.8210994095518,1154.5301513671875,400312,0.0,0.0
2022-03-16 00:00:00+05:30,1170.2295713964115,1187.6234801534401,1149.2970151789289,1167.4884033203125,486972,0.0,0.0
2022-03-17 00:00:00+05:30,1186.1782896789678,1279.876406678819,1183.1879242428022,1257.9969482421875,4537229,0.0,0.0
2022-03-21 00:00:00+05:30,1277.8826728361973,1298.3168341413004,1246.9822337894561,1275.4903564453125,1520151,0.0,0.0
2022-03-22 00:00:00+05:30,1270.9053468477562,1294.2799886733676,1251.9663652084562,1282.2188720703125,713407,0.0,0.0
2022-03-23 00:00:00+05:30,1287.8507138050375,1310.3781090761877,1273.6464779910114,1296.07421875,713104,0.0,0.0
2022-03-24 00:00:00+05:30,1300.8088858890885,1305.7429398883928,1266.9180796666908,1272.749267578125,453482,0.0,0.0
2022-03-25 00:00:00+05:30,1283.8634693982233,1283.8634693982233,1236.7652171241036,1257.249267578125,662176,0.0,0.0
2022-03-28 00:00:00+05:30,1258.9438972668959,1285.8571872322213,1250.9695891290216,1275.4407958984375,939603,0.0,0.0
2022-03-29 00:00:00+05:30,1278.779996415013,1279.1288480558374,1256.2027124584993,1272.1014404296875,539919,0.0,0.0
2022-03-30 00:00:00+05:30,1280.8731664084166,1280.8731664084166,1248.0290354430297,1253.062744140625,366894,0.0,0.0
2022-03-31 00:00:00+05:30,1250.9696431087073,1280.7736453957205,1244.8393691275364,1271.40380859375,755068,0.0,0.0
2022-04-01 00:00:00+05:30,1276.8859640258981,1290.8410018841048,1256.00329533082,1264.376220703125,491523,0.0,0.0
2022-04-04 00:00:00+05:30,1252.3151413010219,1304.7960773816299,1252.3151413010219,1290.4921875,762394,0.0,0.0
2022-04-05 00:00:00+05:30,1305.7928518909146,1330.7125628048634,1286.7043289951748,1314.9632568359375,1337792,0.0,0.0
2022-04-06 00:00:00+05:30,1319.2994344324168,1332.5068817229119,1297.071002774083,1324.0341796875,907711,0.0,0.0
2022-04-07 00:00:00+05:30,1331.7094462399637,1342.524577212468,1295.8250599640364,1303.5501708984375,1038577,0.0,0.0
2022-04-08 00:00:00+05:30,1303.998632413621,1315.3620453476321,1261.4857013597675,1265.572509765625,874307,0.0,0.0
2022-04-11 00:00:00+05:30,1275.1416516401728,1287.3523104110088,1262.2830560274729,1276.786376953125,509264,0.0,0.0
2022-04-12 00:00:00+05:30,1270.9053268341102,1283.714034615958,1231.980687564466,1246.4840087890625,845636,0.0,0.0
2022-04-13 00:00:00+05:30,1255.953416829899,1258.7444730941643,1217.5770624267632,1228.8408203125,742352,0.0,0.0
2022-04-18 00:00:00+05:30,1226.049803689786,1243.9919959389047,1212.0947652738046,1219.5706787109375,395195,0.0,0.0
2022-04-19 00:00:00+05:30,1240.702473186362,1273.8955755877746,1226.7474355821141,1244.4404296875,1575212,0.0,0.0
2022-04-20 00:00:00+05:30,1246.9823010103996,1281.521043755335,1246.9823010103996,1261.83447265625,743805,0.0,0.0
2022-04-21 00:00:00+05:30,1275.7396899355194,1290.841059484449,1255.9534632821667,1281.670654296875,516906,0.0,0.0
2022-04-22 00:00:00+05:30,1278.8794817030678,1289.8441537987294,1261.4356851872426,1282.4678955078125,481960,0.0,0.0
2022-04-25 00:00:00+05:30,1251.2686014162043,1277.6336074888604,1226.1494592391812,1233.475830078125,403163,0.0,0.0
2022-04-26 00:00:00+05:30,1244.7894168557325,1283.0659945117384,1241.0015722210178,1275.7396240234375,640781,0.0,0.0
2022-04-27 00:00:00+05:30,1236.0177455357143,1260.3394093802997,1211.147921020644,1221.06591796875,705547,0.0,0.0
2022-04-28 00:00:00+05:30,1192.1590193503978,1234.9212693801442,1177.2071921846318,1221.8134765625,1076903,0.0,0.0
2022-04-29 00:00:00+05:30,1236.0176777365675,1245.1880828033022,1218.374570846639,1224.4549560546875,439063,0.0,0.0
2022-05-02 00:00:00+05:30,1216.0819409760704,1227.8938600835015,1201.7281625829917,1216.28125,488409,0.0,0.0
2022-05-04 00:00:00+05:30,1219.6703742499478,1230.9341328787775,1201.2297871513586,1209.3536376953125,489438,0.0,0.0
2022-05-05 00:00:00+05:30,1230.0370388531683,1238.858592956612,1202.2266146925488,1208.45654296875,464980,0.0,0.0
2022-05-06 00:00:00+05:30,1188.1718153885981,1195.8969257654956,1134.4947824602634,1143.067138671875,840078,0.0,0.0
2022-05-09 00:00:00+05:30,1132.1523963615418,1147.7520386221506,1089.3402584370747,1100.304931640625,873730,0.0,0.0
2022-05-10 00:00:00+05:30,1096.4673590451491,1108.528475658989,1051.6118761751204,1056.745361328125,663951,0.0,0.0
2022-05-11 00:00:00+05:30,1069.5540822592122,1072.14570807628,1006.3078384796902,1042.5411376953125,805254,0.0,0.0
2022-05-12 00:00:00+05:30,1041.6439895358985,1041.6439895358985,979.6935595067908,1007.6036376953125,1433291,0.0,0.0
2022-05-13 00:00:00+05:30,1031.3769490590334,1051.1134088205738,1015.2788522742732,1028.6856689453125,467140,0.0,0.0
2022-05-16 00:00:00+05:30,1020.7113747584937,1041.6938203425648,1001.8720486816901,1035.812744140625,536424,0.0,0.0
2022-05-17 00:00:00+05:30,1032.9719168998329,1076.381980785033,1032.6728316942476,1072.1456298828125,438660,0.0,0.0
2022-05-18 00:00:00+05:30,1081.515419525624,1096.467245602015,1062.3771308191522,1081.5653076171875,623123,0.0,0.0
2022-05-19 00:00:00+05:30,1058.7389069881306,1071.3980719963233,1008.550570582041,1033.32080078125,1247443,0.0,0.0
2022-05-20 00:00:00+05:30,1042.3511800124752,1089.6491625276524,1042.3511800124752,1084.6099853515625,629720,1.1,0.0
2022-05-23 00:00:00+05:30,1089.6493115913051,1096.6342430758648,1058.0674184460383,1063.0068359375,302084,0.0,0.0
2022-05-24 00:00:00+05:30,1068.5946261398803,1078.1239941301478,1044.9955147188384,1073.5838623046875,337854,0.0,0.0
2022-05-25 00:00:00+05:30,1077.6250365656813,1083.5123594161923,1024.2402112840061,1035.7154541015625,407027,0.0,0.0
2022-05-26 00:00:00+05:30,1041.1537935815131,1052.0303524307476,1002.2377527538531,1046.6917724609375,444559,0.0,0.0
2022-05-27 00:00:00+05:30,1050.733210232862,1072.5860905336842,1043.2493554591235,1066.14990234375,293538,0.0,0.0
2022-05-30 00:00:00+05:30,1084.6598621933229,1120.7818806381167,1074.681390600008,1116.4912109375,547836,0.0,0.0
2022-05-31 00:00:00+05:30,1112.5996826964783,1132.556627677581,1106.9120020998741,1121.6302490234375,1673884,0.0,0.0
2022-06-01 00:00:00+05:30,1129.5631509930997,1142.5351659780029,1103.8685828499263,1107.0616455078125,521752,0.0,0.0
2022-06-02 00:00:00+05:30,1109.406557165368,1121.5802441888948,1095.636217188084,1110.4542236328125,433531,0.0,0.0
2022-06-03 00:00:00+05:30,1108.7080042824832,1142.5350488681177,1108.7080042824832,1126.868896484375,843397,0.0,0.0
2022-06-06 00:00:00+05:30,1126.5694989189085,1136.0490474040544,1089.6491521872879,1102.3717041015625,620866,0.0,0.0
2022-06-07 00:00:00+05:30,1103.6191437670661,1103.6191437670661,1070.6901819729312,1082.5146484375,284321,0.0,0.0
2022-06-08 00:00:00+05:30,1077.6751029568193,1095.586413583875,1075.629467232823,1084.6600341796875,469020,0.0,0.0
2022-06-09 00:00:00+05:30,1075.679348168737,1089.399748017828,1060.8113996071256,1081.9158935546875,557580,0.0,0.0
2022-06-10 00:00:00+05:30,1078.6729260273455,1117.6887309051262,1069.4927796352317,1110.9034423828125,859171,0.0,0.0
2022-06-13 00:00:00+05:30,1107.5605599805617,1109.1572131038029,1081.1176065766745,1084.310791015625,514725,0.0,0.0
2022-06-14 00:00:00+05:30,1084.0612892449071,1089.948612449207,1061.9090069552992,1067.147705078125,495087,0.0,0.0
2022-06-15 00:00:00+05:30,1067.9460098929462,1105.6147432481985,1063.4556973075519,1092.54296875,882202,0.0,0.0
2022-06-16 00:00:00+05:30,1102.870643803815,1115.1940326528759,1067.1976055627056,1075.729248046875,387582,0.0,0.0
2022-06-17 00:00:00+05:30,1075.729245851702,1082.3648324286014,1034.0691243544402,1041.552978515625,753097,0.0,0.0
2022-06-20 00:00:00+05:30,1041.6527604799066,1055.672441148111,1012.316027198121,1046.542236328125,518858,0.0,0.0
2022-06-21 00:00:00+05:30,1053.8263953850967,1066.6986485267644,1035.865145924403,1047.989013671875,1352719,0.0,0.0
2022-06-22 00:00:00+05:30,1047.9890922228187,1048.7374776731087,1007.1272344562299,1018.6024780273438,673346,0.0,0.0
2022-06-23 00:00:00+05:30,1021.296657828053,1035.7155018315846,1009.8214144816703,1027.533203125,486409,0.0,0.0
2022-06-24 00:00:00+05:30,1037.7612024623913,1060.2127669387412,1031.9736393410303,1056.4208984375,462900,0.0,0.0
2022-06-27 00:00:00+05:30,1078.5731448294664,1078.5731448294664,1039.05841706725,1046.841552734375,344510,0.0,0.0
2022-06-28 00:00:00+05:30,1047.7396051972414,1073.6836335164112,1027.7826603363417,1065.9503173828125,442089,0.0,0.0
2022-06-29 00:00:00+05:30,1057.3189202907092,1112.5996822265183,1040.405458149379,1106.862060546875,1397225,0.0,0.0
2022-06-30 00:00:00+05:30,1098.6298207487591,1110.903390629998,1066.948170604551,1071.837646484375,529542,0.0,0.0
2022-07-01 00:00:00+05:30,1071.8375755496181,1085.7574950238593,1056.8199267285047,1071.2388916015625,555368,0.0,0.0
2022-07-04 00:00:00+05:30,1071.2389432060902,1119.5845928089207,1071.2389432060902,1115.792724609375,736578,0.0,0.0
2022-07-05 00:00:00+05:30,1115.7927144636305,1131.95791253797,1107.7101763302219,1117.9381103515625,635508,0.0,0.0
2022-07-06 00:00:00+05:30,1122.2787070117968,1172.4704703373307,1110.6039433918716,1169.4769287109375,835710,0.0,0.0
2022-07-07 00:00:00+05:30,1172.670043650179,1184.3947488794038,1155.8563417893492,1168.0301513671875,291188,0.0,0.0
2022-07-08 00:00:00+05:30,1169.3273163829847,1208.193541212178,1159.9475275439447,1201.6575927734375,954902,0.0,0.0
2022-07-11 00:00:00+05:30,1200.2107083101241,1220.1676530987359,1194.423145598417,1204.80078125,877368,0.0,0.0
2022-07-12 00:00:00+05:30,1203.4037797653252,1209.3908632467449,1181.501081418809,1193.3753662109375,583382,0.0,0.0
2022-07-13 00:00:00+05:30,1199.6119481590847,1209.3409591136683,1156.255532679362,1202.954833984375,325971,0.0,0.0
2022-07-14 00:00:00+05:30,1203.4037015054405,1214.2802601508656,1167.580963309737,1176.76123046875,453534,0.0,0.0
2022-07-15 00:00:00+05:30,1182.9479257221226,1212.2347184166647,1179.5054014010664,1208.0936279296875,315845,0.0,0.0
2022-07-18 00:00:00+05:30,1219.3693612871023,1235.0355146690072,1200.1108602949903,1205.9483642578125,980588,0.0,0.0
2022-07-19 00:00:00+05:30,1205.199966236072,1215.6274213531108,1192.4774137039544,1199.661865234375,491128,0.0,0.0
2022-07-20 00:00:00+05:30,1207.395163855803,1230.345650441492,1200.4102331558108,1206.896240234375,604230,0.0,0.0
2022-07-21 00:00:00+05:30,1209.141502194375,1226.553889380824,1198.414643396282,1217.922607421875,476539,0.0,0.0
2022-07-22 00:00:00+05:30,1219.3693322079146,1264.1227567412745,1217.9225024270772,1241.072509765625,942665,0.0,0.0
2022-07-25 00:00:00+05:30,1234.8359013276156,1242.3197552750555,1218.6708255241524,1229.8966064453125,381778,0.0,0.0
2022-07-26 00:00:00+05:30,1236.033328363337,1245.113835699956,1220.5666961320958,1228.848876953125,331124,0.0,0.0
2022-07-27 00:00:00+05:30,1229.3477827315858,1255.840675311351,1222.5623728701232,1251.6995849609375,532946,0.0,0.0
2022-07-28 00:00:00+05:30,1253.296188842417,1268.2139570168526,1245.363351656753,1256.0902099609375,504060,0.0,0.0
2022-07-29 00:00:00+05:30,1265.220393469632,1274.1012585074375,1247.3590248363541,1265.8690185546875,656479,0.0,0.0
2022-08-01 00:00:00+05:30,1265.2703798310195,1302.6896536824888,1265.2703798310195,1298.1993408203125,793553,0.0,0.0
2022-08-02 00:00:00+05:30,1297.101721919102,1309.674573462839,1274.0514737876622,1305.8328857421875,502117,0.0,0.0
2022-08-03 00:00:00+05:30,1308.177773549427,1323.8938680829156,1289.218675382044,1305.9326171875,393606,0.0,0.0
2022-08-04 00:00:00+05:30,1322.1475224941262,1322.1475224941262,1285.3269369401446,1313.915283203125,393725,0.0,0.0
2022-08-05 00:00:00+05:30,1317.1584102306406,1320.8503964453964,1299.3966799151247,1313.0672607421875,242951,0.0,0.0
2022-08-08 00:00:00+05:30,1313.0673212194868,1330.1304861400463,1304.635438226576,1315.8114013671875,438066,0.0,0.0
2022-08-10 00:00:00+05:30,1316.60954506795,1328.982875703288,1298.1993114722354,1308.42724609375,313632,0.0,0.0
2022-08-11 00:00:00+05:30,1326.138993464413,1356.7728552751557,1317.6073507653903,1337.2650146484375,1702218,0.0,0.0
2022-08-12 00:00:00+05:30,1344.1002754538342,1387.6063921537889,1329.7811914613958,1379.7733154296875,1159339,0.0,0.0
2022-08-16 00:00:00+05:30,1387.606353043084,1451.2191148434167,1386.708266162045,1406.9146728515625,1476050,0.0,0.0
2022-08-17 00:00:00+05:30,1407.2640040744275,1478.8096020923217,1407.2640040744275,1471.5252685546875,1594684,0.0,0.0
2022-08-18 00:00:00+05:30,1477.8118045640458,1519.2224662044293,1445.1323065225383,1452.36669921875,1748382,0.0,0.0
2022-08-19 00:00:00+05:30,1461.746439690424,1484.1980024898648,1385.7104072584707,1395.14013671875,1284783,0.0,0.0
2022-08-22 00:00:00+05:30,1395.140102932019,1413.7000367019111,1296.3532290068458,1311.27099609375,3129067,0.0,0.0
2022-08-23 00:00:00+05:30,1306.5811257605264,1352.0829329430856,1280.2379357682498,1343.900634765625,2092763,0.0,0.0
2022-08-24 00:00:00+05:30,1347.0937572413725,1350.9853857904634,1319.2039759533475,1342.0047607421875,633681,0.0,0.0
2022-08-25 00:00:00+05:30,1354.3282367736585,1370.4434948974742,1335.119676406819,1356.4736328125,1144010,0.0,0.0
2022-08-26 00:00:00+05:30,1363.0593059302769,1397.834257272777,1360.115705346921,1387.6063232421875,1047852,0.0,0.0
2022-08-29 00:00:00+05:30,1349.0895437962506,1365.0551005275672,1327.5360665704795,1357.720947265625,575626,0.0,0.0
2022-08-30 00:00:00+05:30,1359.6168564800303,1413.7998905557683,1359.6168564800303,1404.2205810546875,1311053,0.0,0.0
2022-09-01 00:00:00+05:30,1391.4980327169155,1412.9517492485854,1388.5544319623261,1410.9560546875,738051,0.0,0.0
2022-09-02 00:00:00+05:30,1415.9453105509697,1418.489869874338,1385.1118047969157,1388.1053466796875,462018,0.0,0.0
2022-09-05 00:00:00+05:30,1387.0076286415497,1405.9167846399494,1381.6691704036064,1395.2398681640625,633249,0.0,0.0
2022-09-06 00:00:00+05:30,1401.9754138025216,1410.556875959665,1383.5152393147305,1386.957763671875,342940,0.0,0.0
2022-09-07 00:00:00+05:30,1386.8578853709005,1420.9843321740486,1383.1159584280676,1410.1575927734375,887074,0.0,0.0
2022-09-08 00:00:00+05:30,1424.826086513298,1424.826086513298,1401.0772736757058,1404.02099609375,604853,0.0,0.0
2022-09-09 00:00:00+05:30,1411.4549713331448,1418.9388259001287,1368.8967606673912,1376.380615234375,594999,0.0,0.0
2022-09-12 00:00:00+05:30,1382.0184111454907,1414.7478489555556,1382.0184111454907,1397.2855224609375,733357,0.0,0.0
2022-09-13 00:00:00+05:30,1404.6696134497838,1466.8355497577693,1401.9754744283441,1457.206298828125,934852,0.0,0.0
2022-09-14 00:00:00+05:30,1440.8415002115619,1471.176081231962,1424.8759440753015,1427.520263671875,786238,0.0,0.0
2022-09-15 00:00:00+05:30,1441.1409180688054,1448.3253696816746,1422.980146498341,1432.1103515625,552868,0.0,0.0
2022-09-16 00:00:00+05:30,1435.9022091259553,1460.2497066651351,1406.615416365955,1429.61572265625,936253,0.0,0.0
2022-09-19 00:00:00+05:30,1430.3142614615717,1436.900028899188,1382.5173541943232,1418.7392578125,625902,0.0,0.0
2022-09-20 00:00:00+05:30,1423.9279955338422,1455.8591068562548,1423.9279955338422,1442.4381103515625,551632,0.0,0.0
2022-09-21 00:00:00+05:30,1447.8763557407658,1495.3738603477382,1442.8871195045813,1458.802734375,1496404,0.0,0.0
2022-09-22 00:00:00+05:30,1458.8026572599197,1489.7858613718051,1437.8978072583866,1483.54931640625,878084,0.0,0.0
2022-09-23 00:00:00+05:30,1486.7925152120647,1488.6385084030023,1414.648104844868,1430.5638427734375,743035,0.0,0.0
2022-09-26 00:00:00+05:30,1416.943008206986,1425.724112192121,1350.0872465521493,1405.916748046875,877826,0.0,0.0
2022-09-27 00:00:00+05:30,1416.344386253079,1440.2927198344498,1387.007653254395,1393.044677734375,599701,0.0,0.0
2022-09-28 00:00:00+05:30,1384.014072447232,1406.4156934621046,1367.350072857429,1385.16162109375,341570,0.0,0.0
2022-09-29 00:00:00+05:30,1399.9796937853184,1406.1164787432454,1367.1504948510856,1394.6412353515625,513074,0.0,0.0
2022-09-30 00:00:00+05:30,1394.6910725185987,1426.9215878768705,1369.4456098176013,1416.943115234375,721128,0.0,0.0
2022-10-03 00:00:00+05:30,1415.94532000286,1421.9324038083687,1380.0228171698063,1386.8082275390625,487553,0.0,0.0
2022-10-04 00:00:00+05:30,1406.964633250097,1433.8067488416928,1398.6824522888057,1428.368408203125,669791,0.0,0.0
2022-10-06 00:00:00+05:30,1435.8023564408206,1451.6681512381165,1424.9257976296228,1444.2840576171875,572255,0.0,0.0
2022-10-07 00:00:00+05:30,1451.8678040991729,1476.8139863001895,1436.9500358659768,1447.626953125,633829,0.0,0.0
2022-10-10 00:00:00+05:30,1426.9215850512992,1448.6747040918754,1414.9474179040155,1428.767578125,532783,0.0,0.0
2022-10-11 00:00:00+05:30,1443.136579651809,1456.507757110866,1403.222689808371,1419.986572265625,670168,0.0,0.0
2022-10-12 00:00:00+05:30,1416.9430618353956,1436.7503049227873,1394.9904228492135,1419.2381591796875,402168,0.0,0.0
2022-10-13 00:00:00+05:30,1419.8866408797956,1435.5029741012625,1392.9947072529003,1398.632568359375,286921,0.0,0.0
2022-10-14 00:00:00+05:30,1428.9172237444636,1428.9172237444636,1370.8923833489223,1376.6300048828125,441023,0.0,0.0
2022-10-17 00:00:00+05:30,1374.9835560892664,1384.4132855948965,1351.1351044914065,1375.282958984375,418522,0.0,0.0
2022-10-18 00:00:00+05:30,1384.014150041147,1432.9086657960254,1370.343691297998,1425.823974609375,651226,0.0,0.0
2022-10-19 00:00:00+05:30,1426.9216107435243,1444.5834588807647,1414.0493564669196,1421.084228515625,451427,0.0,0.0
2022-10-20 00:00:00+05:30,1411.9537569739784,1428.517995768495,1401.9752851932435,1422.43115234375,439690,0.0,0.0
2022-10-21 00:00:00+05:30,1422.4312736463248,1439.8936007517689,1403.1727727441669,1427.91943359375,458912,0.0,0.0
2022-10-24 00:00:00+05:30,1443.2362582833905,1443.2362582833905,1418.9387035786908,1426.173095703125,70262,0.0,0.0
2022-10-25 00:00:00+05:30,1426.9215891351246,1438.895756316678,1416.6437135812803,1430.863037109375,244221,0.0,0.0
2022-10-27 00:00:00+05:30,1430.8630450807377,1467.3843526339585,1429.915138896595,1459.9503173828125,441597,0.0,0.0
2022-10-28 00:00:00+05:30,1467.3343886209498,1474.8182430341815,1441.889283615962,1455.8092041015625,325536,0.0,0.0
2022-10-31 00:00:00+05:30,1456.8569871091547,1539.6783089790588,1456.8569871091547,1524.61083984375,2085522,0.0,0.0
2022-11-01 00:00:00+05:30,1541.6240487811929,1562.6287819616048,1519.4718887177737,1554.197021484375,999663,0.0,0.0
2022-11-02 00:00:00+05:30,1561.6310037613848,1561.6310037613848,1513.8840354519757,1526.955810546875,535001,0.0,0.0
2022-11-03 00:00:00+05:30,1507.7471230740455,1548.3594554953881,1500.6124912142097,1542.1728515625,504000,0.0,0.0
2022-11-04 00:00:00+05:30,1546.463692147359,1546.8627335949843,1492.330479696868,1502.7579345703125,591976,0.0,0.0
2022-11-07 00:00:00+05:30,1514.4327608766903,1520.2203237959714,1483.2999746128726,1504.6539306640625,501244,0.0,0.0
2022-11-09 00:00:00+05:30,1503.705846758954,1505.6517219577988,1491.9313224336759,1498.51708984375,328444,0.0,0.0
2022-11-10 00:00:00+05:30,1491.7816144800668,1496.0724063082696,1456.407978766074,1467.7335205078125,584753,0.0,0.0
2022-11-11 00:00:00+05:30,1468.9309646707902,1546.3638896666012,1391.9969633177454,1415.9952392578125,2812289,0.0,0.0
2022-11-14 00:00:00+05:30,1430.464034744356,1438.496632363665,1398.033997741326,1423.97802734375,1122597,0.0,0.0
2022-11-15 00:00:00+05:30,1421.0342775293236,1421.9323644367894,1403.0232073309746,1413.1014404296875,710092,0.0,0.0
2022-11-16 00:00:00+05:30,1413.1014863741714,1421.932410668395,1384.113973419638,1391.8472900390625,467953,0.0,0.0
2022-11-17 00:00:00+05:30,1392.9947929366847,1407.8128005774067,1376.031389297771,1393.6932373046875,944775,0.0,0.0
2022-11-18 00:00:00+05:30,1400.6782031592118,1400.6782031592118,1368.9467321745885,1380.07275390625,591196,0.0,0.0
2022-11-21 00:00:00+05:30,1375.9815320921532,1379.8233417729534,1355.7751235845878,1375.6822509765625,457376,0.0,0.0
2022-11-22 00:00:00+05:30,1377.029227437061,1409.858426858479,1377.029227437061,1405.11865234375,770340,0.0,0.0
2022-11-23 00:00:00+05:30,1405.1186421175894,1418.8888612072267,1396.9861625952617,1407.2640380859375,1390277,0.0,0.0
2022-11-24 00:00:00+05:30,1410.9559896137114,1430.912934304146,1405.9667534411028,1426.3726806640625,602103,0.0,0.0
2022-11-25 00:00:00+05:30,1426.9216703861296,1444.8829221811998,1421.1341071958154,1429.3165283203125,541513,0.0,0.0
2022-11-28 00:00:00+05:30,1417.9409281143578,1441.7895015131135,1417.0927823218183,1436.0518798828125,290527,0.0,0.0
2022-11-29 00:00:00+05:30,1435.9021674634325,1459.3515774254831,1430.9628723859248,1453.8134765625,476040,0.0,0.0
2022-11-30 00:00:00+05:30,1453.8135058965793,1476.6144130636321,1432.2600296027545,1468.48193359375,960009,0.0,0.0
2022-12-01 00:00:00+05:30,1470.3779724804683,1475.8161916713211,1452.4665399365153,1460.9482421875,392526,0.0,0.0
2022-12-02 00:00:00+05:30,1460.8483746537242,1474.2195521712129,1457.2561489136217,1465.5382080078125,286105,0.0,0.0
2022-12-05 00:00:00+05:30,1459.5012814734828,1477.8117538596655,1445.5812394717896,1472.37353515625,462047,0.0,0.0
2022-12-06 00:00:00+05:30,1466.8354982702122,1484.7967492694393,1457.4058902186296,1472.5731201171875,501781,0.0,0.0
2022-12-07 00:00:00+05:30,1472.8725485025868,1479.9072988477935,1451.8678142198983,1460.249755859375,233857,0.0,0.0
2022-12-08 00:00:00+05:30,1462.8440772539914,1463.2930597961679,1441.6897641504095,1454.9610595703125,325774,0.0,0.0
2022-12-09 00:00:00+05:30,1464.839800883059,1464.839800883059,1429.8153858637777,1454.861328125,381953,0.0,0.0
2022-12-12 00:00:00+05:30,1451.867661823266,1453.3644326086508,1436.9997143269397,1446.429443359375,266399,0.0,0.0
2022-12-13 00:00:00+05:30,1445.880615741768,1456.7571747558502,1436.9997511593517,1440.3924560546875,392861,0.0,0.0
2022-12-14 00:00:00+05:30,1441.0909537187322,1457.405853747444,1438.4965752230512,1448.2255859375,247467,0.0,0.0
2022-12-15 00:00:00+05:30,1446.1300446449216,1456.8069608884146,1425.0255521486997,1432.9085693359375,383487,0.0,0.0
2022-12-16 00:00:00+05:30,1424.1775120695468,1429.3662691358238,1397.9840213063128,1404.2705078125,505066,0.0,0.0
2022-12-19 00:00:00+05:30,1391.996887058645,1421.1839185614874,1385.01195644258,1414.997314453125,467614,0.0,0.0
2022-12-20 00:00:00+05:30,1414.997358461558,1418.2403620627358,1392.845076162842,1409.3594970703125,270778,0.0,0.0
2022-12-21 00:00:00+05:30,1407.962458734044,1417.092785361613,1352.9811000507257,1363.45849609375,585477,0.0,0.0
2022-12-22 00:00:00+05:30,1365.055062054358,1377.029229265361,1315.3622194056838,1329.58154296875,879064,0.0,0.0
2022-12-23 00:00:00+05:30,1312.1691107181705,1332.1260553678765,1275.1988220315807,1281.635009765625,1182635,0.0,0.0
2022-12-26 00:00:00+05:30,1287.1730065148179,1362.0614910652623,1278.741246007424,1354.57763671875,835478,0.0,0.0
2022-12-27 00:00:00+05:30,1355.7750272259605,1360.315280994653,1325.091223895254,1343.9505615234375,868094,0.0,0.0
2022-12-28 00:00:00+05:30,1342.104576376403,1353.5798199662383,1331.7269404206115,1343.5015869140625,565769,0.0,0.0
2022-12-29 00:00:00+05:30,1338.1631036887766,1347.093787855624,1305.4836062426493,1345.69677734375,572355,0.0,0.0
2022-12-30 00:00:00+05:30,1352.4323071494368,1358.219870184445,1337.2151358980686,1348.44091796875,310890,0.0,0.0
2023-01-02 00:00:00+05:30,1355.0765971074024,1355.4757603782182,1329.1325680022535,1339.2607421875,195562,0.0,0.0
2023-01-03 00:00:00+05:30,1339.1109902145345,1347.093768099569,1327.1867644717738,1344.4993896484375,233893,0.0,0.0
2023-01-04 00:00:00+05:30,1343.1523934085233,1350.6362480834175,1297.2514180691724,1304.5855712890625,589604,0.0,0.0
2023-01-05 00:00:00+05:30,1309.175524020593,1309.175524020593,1269.5610389755996,1277.1446533203125,617568,0.0,0.0
2023-01-06 00:00:00+05:30,1278.2423942856835,1286.7740374436241,1233.3392656808,1245.463134765625,1046858,0.0,0.0
2023-01-09 00:00:00+05:30,1251.1008920414718,1252.2982599813934,1210.7378989440126,1217.1241455078125,852556,0.0,0.0
2023-01-10 00:00:00+05:30,1222.3628164248687,1232.49098983675,1199.3623898091319,1221.0157470703125,588497,0.0,0.0
2023-01-11 00:00:00+05:30,1227.4518891186995,1232.341365050039,1202.4059472755441,1208.0936279296875,680945,0.0,0.0
2023-01-12 00:00:00+05:30,1212.384400070083,1239.8251992486241,1201.9070040200947,1206.896240234375,566434,0.0,0.0
2023-01-13 00:00:00+05:30,1211.3866383138945,1215.727249765127,1183.5466739120602,1202.80517578125,819106,0.0,0.0
2023-01-16 00:00:00+05:30,1204.3517563761495,1213.8313057762425,1189.4339878853323,1194.8223876953125,372068,0.0,0.0
2023-01-17 00:00:00+05:30,1197.3668460091164,1197.3668460091164,1178.3079865093093,1190.5316162109375,528204,0.0,0.0
2023-01-18 00:00:00+05:30,1195.4210628981537,1229.5973328516275,1188.3363714444872,1220.167724609375,802598,0.0,0.0
2023-01-19 00:00:00+05:30,1220.3172972914526,1220.3172972914526,1189.4339723204075,1195.720458984375,334432,0.0,0.0
2023-01-20 00:00:00+05:30,1202.0066796039077,1204.9004607655934,1174.4661220050546,1179.7547607421875,373948,0.0,0.0
2023-01-23 00:00:00+05:30,1185.692018208774,1186.7398065649595,1158.6004404751934,1174.7156982421875,485408,0.0,0.0
2023-01-24 00:00:00+05:30,1174.4663196564513,1205.9484519692376,1174.4163785664164,1200.160888671875,1173927,0.0,0.0
2023-01-25 00:00:00+05:30,1203.2540554115117,1216.8247533495576,1182.548725432418,1209.4906005859375,765489,0.0,0.0
2023-01-27 00:00:00+05:30,1209.3909219872876,1209.3909219872876,1152.5136261512519,1173.767822265625,1368360,0.0,0.0
2023-01-30 00:00:00+05:30,1177.35997742801,1187.4382101441997,1158.8000432107904,1177.8089599609375,932999,0.0,0.0
2023-01-31 00:00:00+05:30,1177.8090293211744,1201.807305469161,1166.6830076295864,1194.0240478515625,965496,0.0,0.0
2023-02-01 00:00:00+05:30,1201.4080356798675,1262.276715228432,1189.5835706536586,1213.3822021484375,1724393,0.0,0.0
2023-02-02 00:00:00+05:30,1212.4840867339783,1222.0135760470287,1194.1236742199303,1207.9937744140625,590000,0.0,0.0
2023-02-03 00:00:00+05:30,1214.3801144881497,1235.7340701972694,1206.4472775002478,1232.989990234375,304320,0.0,0.0
2023-02-06 00:00:00+05:30,1238.3284639176086,1245.912078819418,1211.2868272217677,1227.451904296875,365009,0.0,0.0
2023-02-07 00:00:00+05:30,1229.4476093822839,1246.0617909565435,1203.4537608216217,1210.5384521484375,499648,0.0,0.0
2023-02-08 00:00:00+05:30,1209.4905253790487,1237.3304856680836,1207.3950706922428,1233.3890380859375,336510,0.0,0.0
2023-02-09 00:00:00+05:30,1287.2229345542487,1343.8507652022747,1261.32884750076,1339.01123046875,4103779,0.0,0.0
2023-02-10 00:00:00+05:30,1339.0113508012853,1349.688268463923,1317.7571540395447,1325.9395751953125,820161,0.0,0.0
2023-02-13 00:00:00+05:30,1332.126038011152,1332.126038011152,1299.247020852163,1303.637451171875,338292,0.0,0.0
2023-02-14 00:00:00+05:30,1304.5356037538595,1322.1476324265566,1294.1081485079217,1317.757080078125,316603,0.0,0.0
2023-02-15 00:00:00+05:30,1315.7116264373556,1349.0895704143115,1308.4272923119572,1344.54931640625,821781,0.0,0.0
2023-02-16 00:00:00+05:30,1347.0937530644073,1368.0485447787426,1335.4688085375692,1360.16552734375,584385,0.0,0.0
2023-02-17 00:00:00+05:30,1357.072322161909,1375.931660412283,1347.2435506606985,1357.720947265625,535675,0.0,0.0
2023-02-20 00:00:00+05:30,1357.122230130481,1360.9639177636952,1330.4298156217133,1340.95703125,390430,0.0,0.0
2023-02-21 00:00:00+05:30,1340.1088361629545,1354.5276799809387,1326.7875999416033,1335.2193603515625,575418,0.0,0.0
2023-02-22 00:00:00+05:30,1326.0890825452927,1349.5384934221543,1320.6508636394149,1340.95703125,556036,0.0,0.0
2023-02-23 00:00:00+05:30,1342.1045811385277,1342.1045811385277,1312.01946151953,1325.3406982421875,347591,0.0,0.0
2023-02-24 00:00:00+05:30,1329.1325125062342,1339.0610437377572,1296.5029567555546,1302.739501953125,409365,0.0,0.0
2023-02-27 00:00:00+05:30,1303.438006445949,1304.4857948105057,1269.2617371860265,1286.075439453125,419611,0.0,0.0
2023-02-28 00:00:00+05:30,1286.0753539380305,1304.8349302337056,1270.2595000002389,1275.3984375,907835,0.0,0.0
2023-03-01 00:00:00+05:30,1283.7304903001598,1307.0801403694174,1277.4939449722342,1288.7197265625,467538,0.0,0.0
2023-03-02 00:00:00+05:30,1288.7197864208824,1303.98689881578,1274.0514798512997,1282.183837890625,299267,0.0,0.0
2023-03-03 00:00:00+05:30,1287.222993522481,1310.0237795501137,1273.652294851502,1302.0909423828125,568928,0.0,0.0
2023-03-06 00:00:00+05:30,1303.7872964806952,1330.7291743796234,1303.7872964806952,1322.546875,566960,0.0,0.0
2023-03-08 00:00:00+05:30,1316.2103811373997,1345.0980084868663,1310.223298013571,1339.6597900390625,521534,0.0,0.0
2023-03-09 00:00:00+05:30,1343.5015818141037,1363.9574507444204,1325.3406885085258,1332.1260986328125,625276,0.0,0.0
2023-03-10 00:00:00+05:30,1321.698620677861,1342.5535307089888,1315.1626724823475,1338.1131591796875,391986,0.0,0.0
2023-03-13 00:00:00+05:30,1338.113154507682,1354.178470778223,1308.2276782661097,1321.24951171875,698497,0.0,0.0
2023-03-14 00:00:00+05:30,1328.2345160243483,1348.0917016462247,1294.1580063843678,1334.920166015625,626503,0.0,0.0
2023-03-15 00:00:00+05:30,1342.1045111274539,1357.0722194299906,1310.2233411660595,1318.4056396484375,343676,0.0,0.0
2023-03-16 00:00:00+05:30,1317.1583663998479,1342.154488667037,1305.1841994325764,1333.47314453125,475242,0.0,0.0
2023-03-17 00:00:00+05:30,1346.0959440107506,1356.9225623419932,1333.1239297245093,1353.2803955078125,440067,0.0,0.0
2023-03-20 00:00:00+05:30,1363.0594446896937,1363.0594446896937,1302.190757920974,1341.5557861328125,605595,0.0,0.0
2023-03-21 00:00:00+05:30,1343.4516167685083,1350.8357107585364,1315.212612760158,1318.705078125,318911,0.0,0.0
2023-03-22 00:00:00+05:30,1320.2516925925597,1346.594884762687,1319.2538453270815,1326.637939453125,344287,0.0,0.0
2023-03-23 00:00:00+05:30,1329.6314802010877,1349.4886651299491,1313.3665210636095,1342.2542724609375,388796,0.0,0.0
2023-03-24 00:00:00+05:30,1342.1045715915031,1342.1045715915031,1302.1906809865513,1307.2298583984375,316370,0.0,0.0
2023-03-27 00:00:00+05:30,1313.815563803968,1339.9591121898284,1307.2297965273601,1325.590087890625,456288,0.0,0.0
2023-03-28 00:00:00+05:30,1333.1239075811038,1335.6185256716371,1285.2272402428605,1288.3704833984375,474383,0.0,0.0
2023-03-29 00:00:00+05:30,1285.22727594635,1338.1131809348256,1285.22727594635,1332.9742431640625,508829,0.0,0.0
2023-03-31 00:00:00+05:30,1333.1238896302157,1386.0097924374022,1333.1238896302157,1371.989990234375,675734,0.0,0.0
2023-04-03 00:00:00+05:30,1390.001243635127,1390.001243635127,1348.8899849369125,1354.4779052734375,401477,0.0,0.0
2023-04-05 00:00:00+05:30,1357.0722230838458,1370.0442369809707,1347.0937508552881,1361.8619384765625,212990,0.0,0.0
2023-04-06 00:00:00+05:30,1364.0573008626748,1375.0336214987315,1344.1003542516628,1364.3067626953125,343855,0.0,0.0
2023-04-10 00:00:00+05:30,1364.3066672162092,1370.2438096944684,1345.9961943435458,1355.7750244140625,357266,0.0,0.0
2023-04-11 00:00:00+05:30,1353.1806166746185,1367.948804537319,1334.121758768009,1351.23486328125,235880,0.0,0.0
2023-04-12 00:00:00+05:30,1351.2349217096184,1364.0572349258723,1342.6534594432073,1360.3153076171875,177221,0.0,0.0
2023-04-13 00:00:00+05:30,1364.9552519520835,1381.0205680132765,1354.2782134934785,1358.868408203125,378453,0.0,0.0
2023-04-17 00:00:00+05:30,1353.0809005678109,1365.055067829473,1337.6642089414324,1360.365234375,375958,0.0,0.0
2023-04-18 00:00:00+05:30,1360.3651367295972,1370.4433690899202,1350.0872618447263,1358.1697998046875,502824,0.0,0.0
2023-04-19 00:00:00+05:30,1358.0701641178482,1367.9986959480852,1346.2456980717154,1356.4736328125,212326,0.0,0.0
2023-04-20 00:00:00+05:30,1360.7144693168757,1395.489422703835,1351.6340834198154,1390.69970703125,611747,0.0,0.0
2023-04-21 00:00:00+05:30,1397.9839763022899,1402.77369175353,1369.046406485897,1380.3719482421875,600063,0.0,0.0
2023-04-24 00:00:00+05:30,1390.7495178928266,1393.044615147603,1374.4347407350135,1381.0205078125,327783,0.0,0.0
2023-04-25 00:00:00+05:30,1385.012066340215,1385.012066340215,1370.4933392560706,1378.3265380859375,153489,0.0,0.0
2023-04-26 00:00:00+05:30,1375.8815488293144,1385.7103191125727,1362.4106120065446,1370.5430908203125,509852,0.0,0.0
2023-04-27 00:00:00+05:30,1375.0335488027786,1384.0141743029417,1370.1440727800727,1379.3243408203125,422730,0.0,0.0
2023-04-28 00:00:00+05:30,1372.040057090797,1372.040057090797,1303.3881131475314,1364.8056640625,1816275,0.0,0.0
2023-05-02 00:00:00+05:30,1367.0507430623445,1435.9022038443165,1366.1028368905309,1403.47216796875,1312984,0.0,0.0
2023-05-03 00:00:00+05:30,1406.415727052407,1410.9559806636905,1375.682105508603,1387.1573486328125,515474,0.0,0.0
2023-05-04 00:00:00+05:30,1391.946942753486,1404.6196756406819,1380.1724185410196,1401.9254150390625,244571,0.0,0.0
2023-05-05 00:00:00+05:30,1401.6759511067403,1424.3769755220083,1392.9947289544602,1413.75,317728,0.0,0.0
2023-05-08 00:00:00+05:30,1413.9496285421428,1426.8218831140894,1410.008180417773,1418.43994140625,319478,0.0,0.0
2023-05-09 00:00:00+05:30,1418.9887962923824,1444.882884905909,1418.9887962923824,1429.865234375,824650,0.0,0.0
2023-05-10 00:00:00+05:30,1436.8999589469577,1451.268982897931,1425.0754940629604,1437.548583984375,469015,0.0,0.0
2023-05-11 00:00:00+05:30,1442.488034840852,1471.8247698695895,1442.488034840852,1468.2325439453125,456556,0.0,0.0
2023-05-12 00:00:00+05:30,1468.1826167376528,1486.792493450061,1459.1521716572577,1482.9508056640625,326598,0.0,0.0
2023-05-15 00:00:00+05:30,1482.8009261286031,1515.081258402537,1469.8289126429559,1508.0465087890625,496686,0.0,0.0
2023-05-16 00:00:00+05:30,1514.7321895079417,1525.7085097217673,1493.3284138139938,1496.970458984375,481416,0.0,0.0
2023-05-17 00:00:00+05:30,1499.7144596925484,1509.892574618667,1482.8009977081867,1502.3089599609375,469701,0.0,0.0
2023-05-18 00:00:00+05:30,1504.8534112132588,1514.4826615235052,1482.850952466713,1487.4908447265625,245900,0.0,0.0
2023-05-19 00:00:00+05:30,1487.441065086357,1495.373902200908,1468.3822064922094,1489.8857421875,468553,0.0,0.0
2023-05-22 00:00:00+05:30,1490.6840140150007,1503.9553092030555,1474.9179789230739,1493.0289306640625,276941,0.0,0.0
2023-05-23 00:00:00+05:30,1496.6710368741064,1508.695022527362,1489.9355682865605,1500.4129638671875,368971,0.0,0.0
2023-05-24 00:00:00+05:30,1501.710113648836,1501.8099958160976,1482.7510166123466,1495.2740478515625,362122,0.0,0.0
2023-05-25 00:00:00+05:30,1499.2713589238917,1518.8578956666963,1492.6258941397398,1514.2110595703125,475551,2.2,0.0
2023-05-26 00:00:00+05:30,1513.161727369143,1532.5984645066835,1492.0263266320146,1529.1507568359375,415204,0.0,0.0
2023-05-29 00:00:00+05:30,1530.3500377044875,1543.4410314437214,1522.055679708816,1536.8455810546875,347260,0.0,0.0
2023-05-30 00:00:00+05:30,1536.845564461821,1560.82910888054,1527.6019067171064,1557.281494140625,341563,0.0,0.0
2023-05-31 00:00:00+05:30,1560.329426692803,1593.9063639434428,1548.9372188792076,1559.3800048828125,1279601,0.0,0.0
2023-06-01 00:00:00+05:30,1563.8270211793824,1571.9714573753972,1548.937213248254,1561.3287353515625,452507,0.0,0.0
2023-06-02 00:00:00+05:30,1565.4759182236635,1602.1006909638063,1558.8803460320742,1596.204833984375,514635,0.0,0.0
2023-06-05 00:00:00+05:30,1593.9064632489778,1608.8961792042974,1586.5115123136961,1597.9537353515625,231024,0.0,0.0
2023-06-06 00:00:00+05:30,1603.8494972453188,1606.3977976006993,1582.913910668434,1601.5511474609375,208474,0.0,0.0
2023-06-07 00:00:00+05:30,1603.8995268056997,1610.8947272341359,1585.7120544864117,1601.7509765625,632805,0.0,0.0
2023-06-08 00:00:00+05:30,1607.896779198653,1615.5914508513843,1582.2643418824703,1587.5107421875,286923,0.0,0.0
2023-06-09 00:00:00+05:30,1592.9070696229207,1618.9891496905655,1588.809905196245,1597.3040771484375,437123,0.0,0.0
2023-06-12 00:00:00+05:30,1597.3040610388468,1607.896768616249,1583.4635818654206,1594.256103515625,223661,0.0,0.0
2023-06-13 00:00:00+05:30,1601.3013428493732,1693.5879989057737,1597.2041784014307,1684.4942626953125,1634306,0.0,0.0
2023-06-14 00:00:00+05:30,1694.337546288205,1728.813892703388,1679.8474876499395,1710.0267333984375,1207550,0.0,0.0
2023-06-15 00:00:00+05:30,1715.0733358181328,1715.0733358181328,1679.3978605989678,1683.894775390625,465902,0.0,0.0
2023-06-16 00:00:00+05:30,1684.6941537264227,1718.3211076215455,1678.8481888945603,1713.07470703125,484881,0.0,0.0
2023-06-19 00:00:00+05:30,1713.2744505952344,1722.3683088333928,1697.985014124825,1707.278564453125,199840,0.0,0.0
2023-06-20 00:00:00+05:30,1708.827524359043,1723.8172394849996,1693.9377162699368,1718.27099609375,273300,0.0,0.0
2023-06-21 00:00:00+05:30,1722.7679409618688,1722.7679409618688,1690.739988937506,1699.6339111328125,369391,0.0,0.0
2023-06-22 00:00:00+05:30,1698.834484296978,1718.3211151462667,1695.0870552874992,1709.527099609375,213389,0.0,0.0
2023-06-23 00:00:00+05:30,1708.8275114130208,1742.704291738356,1693.5379533057328,1723.7672119140625,732596,0.0,0.0
2023-06-26 00:00:00+05:30,1725.6659584985637,1760.5920681744258,1710.0766790575822,1752.4476318359375,445964,0.0,0.0
2023-06-27 00:00:00+05:30,1764.789181412029,1764.789181412029,1736.358736315865,1741.655029296875,320512,0.0,0.0
2023-06-28 00:00:00+05:30,1758.743227375682,1771.9841424069366,1748.2504267848763,1768.0869140625,322724,0.0,0.0
2023-06-30 00:00:00+05:30,1773.7329514433159,1782.7267805664694,1758.2935935765477,1762.9404296875,336262,0.0,0.0
2023-07-03 00:00:00+05:30,1773.68308706963,1778.7795659229848,1744.7029705461657,1750.34912109375,238418,0.0,0.0
2023-07-04 00:00:00+05:30,1750.3490749352754,1790.721276541601,1729.7631020135666,1735.159423828125,399795,0.0,0.0
2023-07-05 00:00:00+05:30,1743.803625608924,1744.8029400075538,1700.8331064678446,1730.5126953125,502769,0.0,0.0
2023-07-06 00:00:00+05:30,1730.5126871472958,1758.7933332897276,1722.2184508697767,1753.0972900390625,240874,0.0,0.0
2023-07-07 00:00:00+05:30,1748.100722011159,1752.747436364043,1694.8372159007615,1701.6824951171875,248389,0.0,0.0
2023-07-10 00:00:00+05:30,1713.77415604103,1716.7720991965198,1667.8557088374273,1675.50048828125,299305,0.0,0.0
2023-07-11 00:00:00+05:30,1675.5005017805197,1706.8289836104723,1671.8529798479626,1691.8892822265625,457955,0.0,0.0
2023-07-12 00:00:00+05:30,1695.836446170386,1698.8343892101686,1666.806315607178,1686.7926025390625,502653,0.0,0.0
2023-07-13 00:00:00+05:30,1689.7906335366338,1706.8289928276,1657.6627732105867,1664.8577880859375,270100,0.0,0.0
2023-07-14 00:00:00+05:30,1671.0534397226138,1692.5887131779155,1656.3135527739057,1686.492919921875,268107,0.0,0.0
2023-07-17 00:00:00+05:30,1695.2868560936831,1721.7686875532254,1673.8516111220224,1693.138427734375,473571,0.0,0.0
2023-07-18 00:00:00+05:30,1703.4812499650263,1709.7768572476857,1671.8529260403996,1689.14111328125,173675,0.0,0.0
2023-07-19 00:00:00+05:30,1698.584570399536,1718.8206860345356,1686.8426267594746,1715.2730712890625,383674,0.0,0.0
2023-07-20 00:00:00+05:30,1718.9206483800604,1723.817313261431,1701.0328965001977,1713.5743408203125,235107,0.0,0.0
2023-07-21 00:00:00+05:30,1704.8303674238718,1728.8639275529542,1700.0336095063428,1712.7249755859375,331260,0.0,0.0
2023-07-24 00:00:00+05:30,1723.817292047303,1733.0109354769083,1700.8830759999296,1708.028076171875,392933,0.0,0.0
2023-07-25 00:00:00+05:30,1707.8283114157327,1717.2717837111245,1690.7899520829694,1708.2779541015625,221128,0.0,0.0
2023-07-26 00:00:00+05:30,1718.820769005785,1725.2662980949083,1702.9316456391632,1705.429931640625,273042,0.0,0.0
2023-07-27 00:00:00+05:30,1705.429902466915,1721.5188396437823,1696.5359800565293,1707.8782958984375,215362,0.0,0.0
2023-07-28 00:00:00+05:30,1712.425020693538,1737.757614697857,1689.4407909800168,1729.46337890625,344569,0.0,0.0
2023-07-31 00:00:00+05:30,1737.8076978842048,1762.7905572557431,1729.8631973987028,1755.895263671875,346064,0.0,0.0
2023-08-01 00:00:00+05:30,1758.7932967699048,1760.8419400295395,1700.7331560863581,1706.42919921875,260609,0.0,0.0
2023-08-02 00:00:00+05:30,1706.4292241371502,1715.4730681410022,1676.9994642123436,1689.74072265625,752736,0.0,0.0
2023-08-03 00:00:00+05:30,1688.341611983573,1696.3361268671888,1669.254732096264,1686.29296875,269065,0.0,0.0
2023-08-04 00:00:00+05:30,1697.8350772223298,1716.872064346043,1688.841248090487,1699.78369140625,396908,0.0,0.0
2023-08-07 00:00:00+05:30,1708.827581070419,1716.822096069579,1675.8502066988847,1688.6414794921875,395041,0.0,0.0
2023-08-08 00:00:00+05:30,1678.8481782054232,1718.520910764796,1673.252042008729,1712.5250244140625,322580,0.0,0.0
2023-08-09 00:00:00+05:30,1720.66943111406,1805.1615102618084,1701.8823940678485,1786.6741943359375,2491542,0.0,0.0
2023-08-10 00:00:00+05:30,1808.7590257456338,1913.687035526458,1788.772738168334,1894.150390625,4043720,0.0,0.0
2023-08-11 00:00:00+05:30,1892.5015950056188,1908.540517386933,1875.1135006409963,1884.507080078125,697959,0.0,0.0
2023-08-14 00:00:00+05:30,1883.7075811826737,1933.6732995164316,1858.8746435681194,1928.2769775390625,1480009,0.0,0.0
2023-08-16 00:00:00+05:30,1927.677457930337,1965.651404742858,1905.092977118109,1955.2086181640625,1232266,0.0,0.0
2023-08-17 00:00:00+05:30,1963.6527154091575,1983.1893599219968,1958.6561436142233,1973.446044921875,969098,0.0,0.0
2023-08-18 00:00:00+05:30,1977.8429924802065,2026.3097404095872,1954.6589474199754,1972.6466064453125,1571201,0.0,0.0
2023-08-21 00:00:00+05:30,1972.5965616033182,2016.616408613741,1948.7130456317263,1998.5787353515625,1066063,0.0,0.0
2023-08-22 00:00:00+05:30,1998.5786997650673,2032.6054024202892,1997.6293999204318,2026.4595947265625,647887,0.0,0.0
2023-08-23 00:00:00+05:30,2034.4041864780813,2067.5313593299957,2026.4595642662764,2049.543701171875,707284,0.0,0.0
2023-08-24 00:00:00+05:30,2066.3822047531894,2078.2239330902676,2035.153632176681,2067.63134765625,462418,0.0,0.0
2023-08-25 00:00:00+05:30,2060.636244884906,2060.636244884906,1998.628739448858,2012.619140625,766297,0.0,0.0
2023-08-28 00:00:00+05:30,2025.6602002914658,2025.6602002914658,1989.0851975223393,2004.374755859375,696730,0.0,0.0
2023-08-29 00:00:00+05:30,2008.6219153762604,2051.2925908535362,1999.6280859044264,2047.89501953125,352814,0.0,0.0
2023-08-30 00:00:00+05:30,2067.1818873067587,2075.9258883992984,2045.9463340953969,2061.135986328125,844098,0.0,0.0
2023-08-31 00:00:00+05:30,2062.584900655054,2071.678759192005,2042.048941148942,2047.195556640625,682000,0.0,0.0
2023-09-01 00:00:00+05:30,2058.2877316783174,2111.5012211720227,2038.6012876461843,2061.685546875,785674,0.0,0.0
2023-09-04 00:00:00+05:30,2072.5779692112883,2073.077626388051,2018.614994120927,2030.0072021484375,744599,0.0,0.0
2023-09-05 00:00:00+05:30,2033.5546254272067,2078.5737843099096,2026.6094397021618,2062.284912109375,536090,0.0,0.0
2023-09-06 00:00:00+05:30,2070.7792484109896,2085.7189498784896,2050.2432887208793,2066.08251953125,331114,0.0,0.0
2023-09-07 00:00:00+05:30,2071.578716363497,2091.5650040273995,2054.290528739574,2086.318603515625,303430,0.0,0.0
2023-09-08 00:00:00+05:30,2098.560113842974,2130.08853006226,2065.8825837220643,2085.119384765625,548262,0.0,0.0
2023-09-11 00:00:00+05:30,2092.5141527745045,2104.9057966151368,2076.325309730556,2084.31982421875,623499,0.0,0.0
2023-09-12 00:00:00+05:30,2092.5142463077077,2110.501904710173,2031.756006673572,2055.9892578125,722560,0.0,0.0
2023-09-13 00:00:00+05:30,2060.0866581054715,2071.5787738310173,2010.9703304115747,2063.98388671875,355761,0.0,0.0
2023-09-14 00:00:00+05:30,2049.593765299558,2087.5176967063344,2046.5958222006316,2057.088623046875,287994,0.0,0.0
2023-09-15 00:00:00+05:30,2071.5786809130086,2084.0701104891846,2049.6437793718906,2068.83056640625,359579,0.0,0.0
2023-09-18 00:00:00+05:30,2071.578719267575,2071.578719267575,2046.2461240153891,2053.94091796875,323336,0.0,0.0
2023-09-20 00:00:00+05:30,2050.5930082656805,2086.768138271824,2021.0632209748117,2060.1865234375,451829,0.0,0.0
2023-09-21 00:00:00+05:30,2061.585576201899,2110.551981065638,2033.7046804637935,2056.788818359375,298279,0.0,0.0
2023-09-22 00:00:00+05:30,2068.0310131408996,2078.1241855691815,2048.294554916141,2064.4833984375,394776,0.0,0.0
2023-09-25 00:00:00+05:30,2078.5738262648697,2172.009717012834,2039.7004740590357,2155.571044921875,1841241,0.0,0.0
2023-09-26 00:00:00+05:30,2155.5209981145913,2183.5017992027733,2139.9816115727594,2149.47509765625,1021206,0.0,0.0
2023-09-27 00:00:00+05:30,2141.5307965854845,2148.7258115964423,2089.416647305006,2112.40087890625,582180,0.0,0.0
2023-09-28 00:00:00+05:30,2120.6451119967296,2130.538226622993,2044.3973771367291,2063.134521484375,3956535,0.0,0.0
2023-09-29 00:00:00+05:30,2055.2397457541424,2089.6663200459343,2029.7573519965817,2078.7236328125,767501,0.0,0.0
2023-10-03 00:00:00+05:30,2072.8777614279466,2084.8695333758806,2050.5930030967243,2057.688232421875,543387,0.0,0.0
2023-10-04 00:00:00+05:30,2052.5916681445324,2054.5402823259733,2006.223458059816,2020.9134521484375,551771,0.0,0.0
2023-10-05 00:00:00+05:30,2021.5629217217008,2056.7387381546555,2020.913464981506,2046.196044921875,461744,0.0,0.0
2023-10-06 00:00:00+05:30,2054.4405845355905,2090.4656730860715,2048.6945267979436,2070.679443359375,444220,0.0,0.0
2023-10-09 00:00:00+05:30,2033.6046665787517,2088.0172831871596,2031.0064737116493,2077.62451171875,487722,0.0,0.0
2023-10-10 00:00:00+05:30,2088.317290484361,2088.317290484361,2045.6965064559045,2049.39404296875,351329,0.0,0.0
2023-10-11 00:00:00+05:30,2057.038655829826,2113.3501192553526,2053.5910699814394,2099.859375,729470,0.0,0.0
2023-10-12 00:00:00+05:30,2103.5566213625875,2106.354750223652,2068.5806205323306,2075.775634765625,285544,0.0,0.0
2023-10-13 00:00:00+05:30,2073.577276045072,2108.253435191999,2070.0296613082764,2083.37060546875,321887,0.0,0.0
2023-10-16 00:00:00+05:30,2091.5649760556494,2115.548520931586,2079.0735464327654,2106.204833984375,446019,0.0,0.0
2023-10-17 00:00:00+05:30,2115.4983923868413,2116.1480930761513,2071.678606015722,2077.574462890625,373789,0.0,0.0
2023-10-18 00:00:00+05:30,2087.6677850683172,2088.9666985938197,2029.8073356328034,2047.545166015625,432748,0.0,0.0
2023-10-19 00:00:00+05:30,2044.547154186367,2072.577970616399,2018.6149954894531,2059.187255859375,350097,0.0,0.0
2023-10-20 00:00:00+05:30,2059.187338452548,2059.187338452548,2023.0120841874661,2034.7540283203125,353937,0.0,0.0
2023-10-23 00:00:00+05:30,2033.6047613275457,2039.7505691559084,1978.642470480855,1990.584228515625,488451,0.0,0.0
2023-10-25 00:00:00+05:30,2006.5234031725165,2006.5234031725165,1972.4468066144973,1991.8834228515625,512770,0.0,0.0
2023-10-26 00:00:00+05:30,1978.6424574266935,2039.5506196321255,1943.666454391373,2029.7073974609375,966275,0.0,0.0
2023-10-27 00:00:00+05:30,2029.7573087865658,2141.480576753409,2029.7573087865658,2120.64501953125,999445,0.0,0.0
2023-10-30 00:00:00+05:30,2141.7305039864887,2141.7305039864887,2070.5793698033376,2118.296630859375,483782,0.0,0.0
2023-10-31 00:00:00+05:30,2139.432068944369,2163.5156432086424,2117.647210533145,2153.22265625,749792,0.0,0.0
2023-11-01 00:00:00+05:30,2162.2163932853728,2207.7852248760732,2147.4765067388644,2196.14306640625,1081257,0.0,0.0
2023-11-02 00:00:00+05:30,2208.4847194297736,2208.4847194297736,2173.508717085863,2188.3486328125,474395,0.0,0.0
2023-11-03 00:00:00+05:30,2193.4949250094255,2197.4421677654814,2178.5052102599307,2194.993896484375,230437,0.0,0.0
2023-11-06 00:00:00+05:30,2195.0439287601466,2243.9603161605855,2187.149199210918,2231.668701171875,537580,0.0,0.0
2023-11-07 00:00:00+05:30,2232.9180391703057,2448.3203094784576,2180.2042039356165,2422.338134765625,3419427,0.0,0.0
2023-11-08 00:00:00+05:30,2448.320313363142,2502.133492125748,2389.410777475033,2451.16845703125,2652822,0.0,0.0
2023-11-09 00:00:00+05:30,2451.3181999416165,2485.5447178168715,2436.5282981672963,2476.35107421875,684007,0.0,0.0
2023-11-10 00:00:00+05:30,2475.2516660446818,2502.4329679610423,2452.367464689781,2487.643310546875,644072,0.0,0.0
2023-11-13 00:00:00+05:30,2493.2892778950013,2562.241967343801,2483.645992104859,2557.29541015625,1131761,0.0,0.0
2023-11-15 00:00:00+05:30,2578.0312886980223,2578.0312886980223,2533.1121560702118,2551.3994140625,599328,0.0,0.0
2023-11-16 00:00:00+05:30,2554.7472810608674,2556.3960522428397,2489.691815586938,2542.955322265625,766675,0.0,0.0
2023-11-17 00:00:00+05:30,2545.8034706155377,2611.9080211601145,2543.005341476598,2574.633544921875,717236,0.0,0.0
2023-11-20 00:00:00+05:30,2593.2206874865956,2635.4917324587677,2583.527387275992,2620.95166015625,568578,0.0,0.0
2023-11-21 00:00:00+05:30,2633.093409741227,2650.181783536585,2604.163306713332,2611.9580078125,519349,0.0,0.0
2023-11-22 00:00:00+05:30,2623.200204519996,2645.2351350326107,2605.7122031565295,2625.3486328125,395438,0.0,0.0
2023-11-23 00:00:00+05:30,2642.9867637674506,2662.67320857722,2629.69583350383,2653.229736328125,398832,0.0,0.0
2023-11-24 00:00:00+05:30,2658.1262733189533,2666.170802984676,2638.189999954852,2647.88330078125,325606,0.0,0.0
2023-11-28 00:00:00+05:30,2666.6704411335763,2681.6601569353393,2643.2365675581354,2669.918212890625,535972,0.0,0.0
2023-11-29 00:00:00+05:30,2692.1529722963687,2718.1351464907657,2666.1707981019717,2674.56494140625,460234,0.0,0.0
2023-11-30 00:00:00+05:30,2674.5648459193526,2807.8235129365626,2673.165903409664,2785.089111328125,2343154,0.0,0.0
2023-12-01 00:00:00+05:30,2785.089143720024,2835.4544902798116,2750.512768996639,2805.77490234375,1049846,0.0,0.0
2023-12-04 00:00:00+05:30,2845.047930986604,2865.034217821775,2770.349183940152,2814.918701171875,685830,0.0,0.0
2023-12-05 00:00:00+05:30,2818.0665896898645,2896.5127695801675,2815.5683037060967,2872.779052734375,676125,0.0,0.0
2023-12-06 00:00:00+05:30,2888.218318656881,2910.4530631990565,2852.6428737733395,2865.8837890625,487235,0.0,0.0
2023-12-07 00:00:00+05:30,2879.974071590743,2915.9994043215775,2834.6052956515264,2843.249267578125,961559,0.0,0.0
2023-12-08 00:00:00+05:30,2855.3410811658578,2885.320513136997,2798.2801313914924,2839.35205078125,688323,0.0,0.0
2023-12-11 00:00:00+05:30,2856.9897576857306,2905.3567193807644,2839.1521426377903,2879.42431640625,577553,0.0,0.0
2023-12-12 00:00:00+05:30,2894.913698491502,2907.9047852908566,2847.7461090608,2881.572998046875,462633,0.0,0.0
2023-12-13 00:00:00+05:30,2893.0151909358574,2971.911014101273,2885.0706902424436,2961.418212890625,887243,0.0,0.0
2023-12-14 00:00:00+05:30,2988.1498278896956,2992.946585736609,2942.4812092492307,2982.70361328125,425400,0.0,0.0
2023-12-15 00:00:00+05:30,2997.9431678024916,3022.476384853657,2978.0068945312532,2987.7001953125,682553,0.0,0.0
2023-12-18 00:00:00+05:30,2996.494114323373,2999.4420428822177,2959.169625495816,2969.41259765625,646708,0.0,0.0
2023-12-19 00:00:00+05:30,2985.95140277125,3011.53394879125,2954.972656624694,2998.74267578125,533290,0.0,0.0
2023-12-20 00:00:00+05:30,3019.927939955455,3022.925882979898,2925.6925487591548,2946.927978515625,713170,0.0,0.0
2023-12-21 00:00:00+05:30,2907.954852106249,2967.863700821527,2877.525777812035,2953.173828125,631420,0.0,0.0
2023-12-22 00:00:00+05:30,2976.757726937035,2979.9054696479106,2926.342365209901,2963.466796875,518707,0.0,0.0
2023-12-26 00:00:00+05:30,2984.052681690394,2989.8985242609424,2959.619250625111,2967.963623046875,315645,0.0,0.0
2023-12-27 00:00:00+05:30,2973.609758438486,3057.602181470405,2973.509973383718,3008.685791015625,584065,0.0,0.0
2023-12-28 00:00:00+05:30,3022.9259785956606,3042.91226605745,3000.941062387692,3023.92529296875,503705,0.0,0.0
2023-12-29 00:00:00+05:30,3028.2224664497808,3058.251912878504,2999.342133988473,3052.85546875,430702,0.0,0.0
2024-01-01 00:00:00+05:30,3059.700766749086,3064.8971526442833,2993.446175658934,3000.041748046875,421730,0.0,0.0
2024-01-02 00:00:00+05:30,3013.3823554696974,3015.830626789943,2938.7336236184865,2993.146240234375,408928,0.0,0.0
2024-01-03 00:00:00+05:30,3006.936912519053,3105.769005241536,2986.3011685518427,3056.253173828125,714968,0.0,0.0
2024-01-04 00:00:00+05:30,3071.8922676058423,3106.318597672297,3058.751381682115,3065.74658203125,299498,0.0,0.0
2024-01-05 00:00:00+05:30,3083.334500732836,3094.426987924865,3042.9122829121156,3063.4482421875,258565,0.0,0.0
2024-01-08 00:00:00+05:30,3078.837592351718,3081.086049708241,3035.717274414806,3042.462646484375,303947,0.0,0.0
2024-01-09 00:00:00+05:30,3066.8958602629614,3140.8451250591356,3056.7029022884067,3113.31396484375,723237,0.0,0.0
2024-01-10 00:00:00+05:30,3124.3562694812076,3187.762715264711,3110.0160111796013,3171.424072265625,951897,0.0,0.0
2024-01-11 00:00:00+05:30,3187.8127735559992,3210.9968176599423,3166.327515050841,3173.62255859375,485141,0.0,0.0
2024-01-12 00:00:00+05:30,3200.8038810011367,3238.7278120016804,3159.9320214462064,3209.947509765625,597455,0.0,0.0
2024-01-15 00:00:00+05:30,3235.779898816163,3235.779898816163,3178.319323095987,3191.110595703125,381958,0.0,0.0
2024-01-16 00:00:00+05:30,3201.3534720993594,3222.688686670476,3140.9947401564023,3163.92919921875,370700,0.0,0.0
2024-01-17 00:00:00+05:30,3150.838266041261,3181.7669975618605,3115.012747634464,3145.69189453125,420338,0.0,0.0
2024-01-18 00:00:00+05:30,3135.8485385413364,3182.8163146125416,3087.881448085637,3149.589111328125,439730,0.0,0.0
2024-01-19 00:00:00+05:30,3167.7765175312807,3216.543107260865,3145.391973379947,3207.84912109375,406436,0.0,0.0
2024-01-23 00:00:00+05:30,3204.8011871277013,3223.538331580038,3147.840267992597,3161.98046875,344687,0.0,0.0
2024-01-24 00:00:00+05:30,3161.930594861188,3239.077612970051,3127.853878341721,3220.540283203125,339968,0.0,0.0
2024-01-25 00:00:00+05:30,3220.8402277814957,3250.2699871720033,3177.8196953749334,3229.584228515625,489321,0.0,0.0
2024-01-29 00:00:00+05:30,3245.773072846469,3292.74084822325,3223.388528554063,3244.174072265625,604096,0.0,0.0
2024-01-30 00:00:00+05:30,3260.762877869748,3272.754650635435,3026.973323453355,3052.85546875,1206541,0.0,0.0
2024-01-31 00:00:00+05:30,3051.9061358587496,3102.3715123685292,2990.2484870166963,3084.83349609375,986931,0.0,0.0
2024-02-01 00:00:00+05:30,3086.882020626373,3131.6513522064065,3059.4508905714906,3100.672607421875,742113,0.0,0.0
2024-02-02 00:00:00+05:30,3127.8539812520808,3210.9468736120234,3105.8690650899257,3123.90673828125,892545,0.0,0.0
2024-02-05 00:00:00+05:30,3172.82319327544,3177.8197652333547,3004.6385323774043,3025.074462890625,808544,0.0,0.0
2024-02-06 00:00:00+05:30,3022.9260455010553,3119.25985560971,3019.5782446878156,3032.919189453125,718388,0.0,0.0
2024-02-07 00:00:00+05:30,3077.8882780015592,3632.207913559985,2952.9739810047427,3605.026611328125,5846891,0.0,0.0
2024-02-08 00:00:00+05:30,3732.788911732881,3934.7001786388996,3617.168047595189,3839.315673828125,7374486,0.0,0.0
2024-02-09 00:00:00+05:30,3797.394629834944,3855.3548636587407,3664.585846817643,3756.972412109375,2001715,0.0,0.0
2024-02-12 00:00:00+05:30,3765.2168412104897,3832.0208623972753,3697.563305195288,3799.443359375,1087518,0.0,0.0
2024-02-13 00:00:00+05:30,3782.4047995780593,3877.3396624472575,3764.4171413502113,3848.609375,1288707,0.0,0.0
2024-02-14 00:00:00+05:30,3799.542916651436,3947.7912964396437,3789.500002722508,3918.3115234375,725269,0.0,0.0
2024-02-15 00:00:00+05:30,3928.404911396588,4004.1029767334917,3873.092762105673,3949.93994140625,964837,0.0,0.0
2024-02-16 00:00:00+05:30,3967.2781566394465,4033.532749964371,3927.6054238677,4021.8408203125,736660,0.0,0.0
2024-02-19 00:00:00+05:30,4045.2245147922504,4096.988803276274,4010.9479835723637,4044.375,374829,0.0,0.0
2024-02-20 00:00:00+05:30,4055.1677229804664,4071.4065815892086,4007.8003191510297,4023.1396484375,468003,0.0,0.0
2024-02-21 00:00:00+05:30,4042.3266009276203,4044.275215128082,3871.194017382915,3892.07958984375,614056,0.0,0.0
2024-02-22 00:00:00+05:30,3919.3110023077897,3963.280835072079,3827.0742361462353,3951.2890625,1012228,0.0,0.0
2024-02-23 00:00:00+05:30,3947.291674533371,3947.291674533371,3865.7975406607006,3883.1357421875,555204,0.0,0.0
2024-02-26 00:00:00+05:30,3872.343170482748,3911.2664162662436,3821.378137787362,3841.964111328125,671311,0.0,0.0
2024-02-27 00:00:00+05:30,3862.150187782742,3992.2608686755952,3839.1659575000035,3934.80029296875,861671,0.0,0.0
2024-02-28 00:00:00+05:30,3937.2486461403614,3952.2383618535114,3882.336369705836,3922.109130859375,411252,0.0,0.0
2024-02-29 00:00:00+05:30,3928.7545340558977,3967.228138308717,3779.4070463418752,3879.138671875,1235124,0.0,0.0
2024-03-01 00:00:00+05:30,3921.3095972845244,3926.256154633241,3855.7047063259774,3898.5751953125,645099,0.0,0.0
2024-03-04 00:00:00+05:30,3906.919590964182,3934.0508787455465,3839.8654985914172,3917.112548828125,291319,0.0,0.0
2024-03-05 00:00:00+05:30,3926.8057098726213,3933.151453538434,3842.413662421245,3849.65869140625,549270,0.0,0.0
2024-03-06 00:00:00+05:30,3873.7921149659564,3891.180331271973,3747.6786911073796,3869.34521484375,1009678,0.0,0.0
2024-03-07 00:00:00+05:30,3887.3329288826294,3975.2725941118506,3837.6670531103186,3949.490234375,680535,0.0,0.0
2024-03-11 00:00:00+05:30,3979.2697147656886,4241.040302154937,3897.425967643953,4001.9541015625,3757634,0.0,0.0
2024-03-12 00:00:00+05:30,4023.039720360163,4075.803566327708,3954.836516628148,4005.8515625,899570,0.0,0.0
2024-03-13 00:00:00+05:30,4020.191754619056,4035.1814703876353,3874.8415261777145,3941.345947265625,968084,0.0,0.0
2024-03-14 00:00:00+05:30,3897.326070671863,4102.18551797641,3867.946325574554,4078.302001953125,723158,0.0,0.0
2024-03-15 00:00:00+05:30,4048.2724822631853,4142.158017483639,3978.5202912199607,4061.113525390625,1197832,0.0,0.0
2024-03-18 00:00:00+05:30,4061.113544978233,4081.199861277536,4003.1533118846737,4068.2587890625,328538,0.0,0.0
2024-03-19 00:00:00+05:30,4077.2025821945986,4085.197097061647,3940.9959863526183,3952.937744140625,489357,0.0,0.0
2024-03-20 00:00:00+05:30,3968.7270574304284,4002.204089259745,3840.6150023290043,3962.33154296875,607192,0.0,0.0
2024-03-21 00:00:00+05:30,3962.2813700425913,4012.946558438654,3954.986326543958,3999.106201171875,622994,0.0,0.0
2024-03-22 00:00:00+05:30,4007.250627045557,4022.240342608072,3919.26094789895,3945.892822265625,678055,0.0,0.0
2024-03-26 00:00:00+05:30,3882.3363948057217,3945.892887429675,3863.399435960326,3879.088623046875,844731,0.0,0.0
2024-03-27 00:00:00+05:30,3879.8380123908673,3919.810586890709,3864.348639772179,3872.54296875,524636,0.0,0.0
2024-03-28 00:00:00+05:30,3872.5430764823914,3972.274701428631,3872.5430764823914,3945.293212890625,837624,0.0,0.0
2024-04-01 00:00:00+05:30,3972.224720567902,3980.6688784428,3866.397423328209,3884.13525390625,523250,0.0,0.0
2024-04-02 00:00:00+05:30,3897.325989187027,3907.1193186724513,3870.594330158629,3889.2314453125,604885,0.0,0.0
2024-04-03 00:00:00+05:30,3882.3362546065177,3945.243044223064,3840.365051854015,3920.160400390625,727717,0.0,0.0
2024-04-04 00:00:00+05:30,3947.291845445663,4026.1876678403655,3912.365856266051,4000.455322265625,910922,0.0,0.0
2024-04-05 00:00:00+05:30,4006.2513292521135,4050.1211327239735,3909.5176489604337,3929.90380859375,679916,0.0,0.0
2024-04-08 00:00:00+05:30,3929.9037826512795,3977.2711861228454,3920.9099533359263,3929.154296875,471027,0.0,0.0
2024-04-09 00:00:00+05:30,3956.2356079572874,3956.2356079572874,3892.229473252244,3899.674560546875,483412,0.0,0.0
2024-04-10 00:00:00+05:30,3926.3061020130986,4110.529801003795,3901.473042694352,4018.392822265625,1107300,0.0,0.0
2024-04-12 00:00:00+05:30,4044.225155785425,4111.129446387738,4022.240240186888,4051.070556640625,776121,0.0,0.0
2024-04-15 00:00:00+05:30,3947.341743187931,4063.9616804024986,3931.5525274785837,3966.478515625,597371,0.0,0.0
2024-04-16 00:00:00+05:30,3965.2794744163184,4030.834595574593,3909.7174970947785,3985.465576171875,577349,0.0,0.0
2024-04-18 00:00:00+05:30,3985.265700091788,4175.035401009874,3973.87361388443,4084.2978515625,1484951,0.0,0.0
2024-04-19 00:00:00+05:30,4085.1470696187907,4171.88760444636,3961.3321185965724,4156.0986328125,1180675,0.0,0.0
2024-04-22 00:00:00+05:30,4212.409878131526,4301.848518693587,4112.178837015434,4165.7421875,1179181,0.0,0.0
2024-04-23 00:00:00+05:30,4212.110050165579,4222.103193819589,4137.161472760497,4155.44873046875,626656,0.0,0.0
2024-04-24 00:00:00+05:30,4155.448776386076,4242.08952800231,4155.448776386076,4218.85546875,641190,0.0,0.0
2024-04-25 00:00:00+05:30,4247.0862829577,4344.019781651088,4192.823705156391,4320.18603515625,761557,0.0,0.0
2024-04-26 00:00:00+05:30,4337.024238989158,4370.001612234928,4290.506351604388,4301.8984375,622336,0.0,0.0
2024-04-29 00:00:00+05:30,4356.011206100273,4511.904243070138,4049.6213320048237,4311.14208984375,2349939,0.0,0.0
2024-04-30 00:00:00+05:30,4446.949069780961,4666.79823727575,4377.046832483002,4406.87646484375,4924865,0.0,0.0
2024-05-02 00:00:00+05:30,4406.876230590926,4673.493590493765,4392.086573469668,4643.51416015625,1998618,0.0,0.0
2024-05-03 00:00:00+05:30,4676.9912968053995,4677.340666476764,4478.926994036873,4520.54833984375,1313008,0.0,0.0
2024-05-06 00:00:00+05:30,4551.8771889301615,4576.8600494621605,4477.178435939485,4505.95849609375,735051,0.0,0.0
2024-05-07 00:00:00+05:30,4528.892878538696,4554.875053040462,4413.871693058886,4500.8623046875,982212,0.0,0.0
2024-05-08 00:00:00+05:30,4495.865482611208,4538.885770128359,4467.334765198427,4495.515625,596788,0.0,0.0
2024-05-09 00:00:00+05:30,4509.70545005007,4545.381166309719,4378.295617496541,4404.927734375,688477,0.0,0.0
2024-05-10 00:00:00+05:30,4429.96041180563,4481.175271066862,4397.982353340081,4468.333984375,549717,0.0,0.0
2024-05-13 00:00:00+05:30,4472.631326860013,4518.549527400623,4355.011835437515,4462.63818359375,637292,0.0,0.0
2024-05-14 00:00:00+05:30,4467.9347523728475,4545.881276793577,4445.250119958987,4537.2373046875,559577,0.0,0.0
2024-05-15 00:00:00+05:30,4546.880225806619,4576.359998699211,4506.108396103242,4523.89599609375,413777,0.0,0.0
2024-05-16 00:00:00+05:30,4526.994355625176,4631.023084428251,4526.994355625176,4593.49853515625,500593,0.0,0.0
2024-05-17 00:00:00+05:30,4596.845955110847,4669.79590178978,4551.876809897806,4631.3720703125,752254,0.0,0.0
2024-05-21 00:00:00+05:30,4686.78424000092,4724.708414264371,4620.479636159164,4664.099609375,668195,0.0,0.0
2024-05-22 00:00:00+05:30,4680.2998046875,4713.85009765625,4545.0,4646.9501953125,742788,3.2,0.0
2024-05-23 00:00:00+05:30,4653.0,4712.0,4608.0498046875,4698.5498046875,459499,0.0,0.0
2024-05-24 00:00:00+05:30,4708.0,4777.89990234375,4654.10009765625,4715.39990234375,549566,0.0,0.0
2024-05-27 00:00:00+05:30,4759.0,4760.85009765625,4650.0,4682.0,611635,0.0,0.0
2024-05-28 00:00:00+05:30,4697.85009765625,4723.75,4600.0,4615.89990234375,445558,0.0,0.0
2024-05-29 00:00:00+05:30,4650.0,4719.5,4600.10009765625,4672.0498046875,744694,0.0,0.0
2024-05-30 00:00:00+05:30,4669.10009765625,4698.0,4602.2001953125,4651.35009765625,523206,0.0,0.0
2024-05-31 00:00:00+05:30,4665.0,4710.0,4498.89990234375,4559.14990234375,3005008,0.0,0.0
2024-06-03 00:00:00+05:30,4745.7998046875,4745.7998046875,4604.5,4662.2001953125,450140,0.0,0.0
2024-06-04 00:00:00+05:30,4685.0,4685.0,4196.0,4538.14990234375,1175204,0.0,0.0
2024-06-05 00:00:00+05:30,4684.0,4932.0498046875,4524.25,4903.7998046875,1231971,0.0,0.0
2024-06-06 00:00:00+05:30,4910.0498046875,4928.60009765625,4821.0498046875,4878.4501953125,512601,0.0,0.0
2024-06-07 00:00:00+05:30,4878.4501953125,5010.39990234375,4841.0,4964.60009765625,488611,0.0,0.0
2024-06-10 00:00:00+05:30,5025.0,5047.35009765625,4920.0,4969.4501953125,417996,0.0,0.0
2024-06-11 00:00:00+05:30,5009.0,5010.0,4884.7001953125,4906.60009765625,512441,0.0,0.0
2024-06-12 00:00:00+05:30,4945.0,5089.35009765625,4909.0498046875,5028.0498046875,954491,0.0,0.0
2024-06-13 00:00:00+05:30,5188.0,5188.0,4972.0498046875,5023.85009765625,932377,0.0,0.0
2024-06-14 00:00:00+05:30,5050.0498046875,5294.0,5040.0,5245.5498046875,1424125,0.0,0.0
2024-06-18 00:00:00+05:30,5299.0,5452.0,5205.0,5357.60009765625,1247457,0.0,0.0
2024-06-19 00:00:00+05:30,5374.9501953125,5402.0,5288.39990234375,5356.7998046875,707909,0.0,0.0
2024-06-20 00:00:00+05:30,5374.89990234375,5422.0,5305.0498046875,5337.14990234375,516737,0.0,0.0
2024-06-21 00:00:00+05:30,5337.14990234375,5353.85009765625,5200.0,5266.35009765625,638917,0.0,0.0
2024-06-24 00:00:00+05:30,5266.35009765625,5440.0,5200.0,5395.75,543826,0.0,0.0
2024-06-25 00:00:00+05:30,5440.5,5459.0,5304.0498046875,5338.7998046875,559045,0.0,0.0
2024-06-26 00:00:00+05:30,5345.0,5395.0,5260.0,5363.7998046875,578724,0.0,0.0
2024-06-27 00:00:00+05:30,5360.0,5387.0,5303.75,5329.0,900729,0.0,0.0
2024-06-28 00:00:00+05:30,5360.0,5509.0,5358.5498046875,5479.85009765625,970080,0.0,0.0
2024-07-01 00:00:00+05:30,5500.0,5555.0,5380.0,5515.64990234375,544030,0.0,0.0
2024-07-02 00:00:00+05:30,5515.0,5568.5498046875,5460.0,5535.89990234375,428098,0.0,0.0
2024-07-03 00:00:00+05:30,5560.0,5577.75,5460.0498046875,5494.10009765625,355297,0.0,0.0
2024-07-04 00:00:00+05:30,5548.0,5620.0,5493.75,5597.4501953125,440575,0.0,0.0
2024-07-05 00:00:00+05:30,5560.0,5644.4501953125,5535.0,5619.89990234375,362427,0.0,0.0
2024-07-08 00:00:00+05:30,5661.2001953125,5665.0,5572.0,5594.25,273130,0.0,0.0
2024-07-09 00:00:00+05:30,5607.2001953125,5634.60009765625,5550.0,5592.85009765625,313079,0.0,0.0
2024-07-10 00:00:00+05:30,5610.0,5626.4501953125,5470.0498046875,5568.0,425869,0.0,0.0
2024-07-11 00:00:00+05:30,5545.0,5663.0,5545.0,5635.25,578262,0.0,0.0
2024-07-12 00:00:00+05:30,5664.89990234375,5696.0,5611.10009765625,5651.25,476682,0.0,0.0
2024-07-15 00:00:00+05:30,5690.0,5754.9501953125,5645.75,5675.5498046875,498397,0.0,0.0
2024-07-16 00:00:00+05:30,5699.9501953125,5725.4501953125,5627.35009765625,5647.2998046875,641858,0.0,0.0
2024-07-18 00:00:00+05:30,5649.89990234375,5660.25,5282.9501953125,5308.5,1342486,0.0,0.0
2024-07-19 00:00:00+05:30,5308.5,5308.5,5106.0498046875,5166.35009765625,879290,0.0,0.0
2024-07-22 00:00:00+05:30,5110.0,5238.9501953125,5083.5498046875,5210.2001953125,631260,0.0,0.0
2024-07-23 00:00:00+05:30,5210.2001953125,5310.25,4955.64990234375,5263.7998046875,763626,0.0,0.0
2024-07-24 00:00:00+05:30,5285.0,5380.0,5263.10009765625,5286.85009765625,711861,0.0,0.0
2024-07-25 00:00:00+05:30,5274.89990234375,5335.4501953125,5226.0,5309.9501953125,302964,0.0,0.0
2024-07-26 00:00:00+05:30,5360.0,5411.5498046875,5325.0,5393.35009765625,336310,0.0,0.0
2024-07-29 00:00:00+05:30,5414.9501953125,5549.9501953125,5365.0,5517.39990234375,533654,0.0,0.0
2024-07-30 00:00:00+05:30,5550.0,5660.0,5520.0,5620.5,789712,0.0,0.0
2024-07-31 00:00:00+05:30,5625.0498046875,5919.2998046875,5625.0498046875,5839.0,1671711,0.0,0.0
2024-08-01 00:00:00+05:30,5894.0,5894.0,5722.9501953125,5770.7998046875,767562,0.0,0.0
2024-08-02 00:00:00+05:30,5725.0,5805.85009765625,5524.0,5538.25,560989,0.0,0.0
2024-08-05 00:00:00+05:30,5360.0,5424.35009765625,5226.0498046875,5346.89990234375,1074769,0.0,0.0
2024-08-06 00:00:00+05:30,5355.10009765625,5467.7001953125,5194.5498046875,5220.7001953125,642644,0.0,0.0
2024-08-07 00:00:00+05:30,5289.0,5499.7998046875,5274.60009765625,5472.4501953125,717292,0.0,0.0
2024-08-08 00:00:00+05:30,5515.0,5727.39990234375,5490.0,5644.10009765625,1183241,0.0,0.0
2024-08-09 00:00:00+05:30,5738.85009765625,6373.85009765625,5626.60009765625,6275.35009765625,6877196,0.0,0.0
2024-08-12 00:00:00+05:30,6302.9501953125,6434.0,6277.0,6382.35009765625,1889796,0.0,0.0
2024-08-13 00:00:00+05:30,6375.0,6443.0,6330.0,6381.7001953125,651594,0.0,0.0
2024-08-14 00:00:00+05:30,6400.0,6452.0,6291.10009765625,6438.35009765625,885572,0.0,0.0
2024-08-16 00:00:00+05:30,6440.0,6548.0,6440.0,6502.39990234375,1153478,0.0,0.0
2024-08-19 00:00:00+05:30,6575.0,6750.0,6522.2998046875,6689.89990234375,1827850,0.0,0.0
2024-08-20 00:00:00+05:30,6710.0,6819.7001953125,6605.0498046875,6793.89990234375,1143592,0.0,0.0
2024-08-21 00:00:00+05:30,6800.0,6825.0,6740.0,6783.2001953125,651691,0.0,0.0
2024-08-22 00:00:00+05:30,6825.0,7010.0498046875,6790.0,6989.7998046875,771279,0.0,0.0
2024-08-23 00:00:00+05:30,7020.0,7030.0,6911.75,6948.75,625160,0.0,0.0
2024-08-26 00:00:00+05:30,7000.0,7097.9501953125,6907.89990234375,6925.60009765625,754901,0.0,0.0
2024-08-27 00:00:00+05:30,6969.9501953125,6973.0,6779.25,6869.89990234375,578002,0.0,0.0
2024-08-28 00:00:00+05:30,6990.0,7325.0,6950.25,7242.10009765625,2358476,0.0,0.0
2024-08-29 00:00:00+05:30,7269.9501953125,7291.9501953125,7092.9501953125,7170.64990234375,836313,0.0,0.0
2024-08-30 00:00:00+05:30,7210.0,7274.75,7130.0498046875,7158.75,1169809,0.0,0.0
2024-09-02 00:00:00+05:30,7179.25,7267.75,7111.35009765625,7148.2001953125,625283,0.0,0.0
2024-09-03 00:00:00+05:30,7179.0,7180.0,6995.0,7042.7998046875,857908,0.0,0.0
2024-09-04 00:00:00+05:30,7043.0,7168.9501953125,6950.0498046875,7139.89990234375,576206,0.0,0.0
2024-09-05 00:00:00+05:30,7169.89990234375,7209.0,7090.25,7167.64990234375,667571,0.0,0.0
2024-09-06 00:00:00+05:30,7184.89990234375,7189.9501953125,7060.0,7103.5498046875,384793,0.0,0.0
2024-09-09 00:00:00+05:30,7104.0,7155.7001953125,7048.0498046875,7136.64990234375,349967,0.0,0.0
2024-09-10 00:00:00+05:30,7156.0,7200.0,7095.5,7137.9501953125,376043,0.0,0.0
2024-09-11 00:00:00+05:30,7160.9501953125,7219.64990234375,7107.7001953125,7148.85009765625,428437,0.0,0.0
2024-09-12 00:00:00+05:30,7198.0,7309.0,7142.85009765625,7210.5,572357,0.0,0.0
2024-09-13 00:00:00+05:30,7248.5,7281.10009765625,7200.0498046875,7233.14990234375,468707,0.0,0.0
2024-09-16 00:00:00+05:30,7270.0,7384.9501953125,7211.0,7318.7998046875,502100,0.0,0.0
2024-09-17 00:00:00+05:30,7415.0,7508.7998046875,7325.0,7403.4501953125,753643,0.0,0.0
2024-09-18 00:00:00+05:30,7435.0,7453.0,7245.85009765625,7336.0,388287,0.0,0.0
2024-09-19 00:00:00+05:30,7456.0,7456.0,7183.5498046875,7326.14990234375,395523,0.0,0.0
2024-09-20 00:00:00+05:30,7350.0,7508.0,7281.85009765625,7465.14990234375,798170,0.0,0.0
2024-09-23 00:00:00+05:30,7520.9501953125,7645.0,7464.14990234375,7623.4501953125,510496,0.0,0.0
2024-09-24 00:00:00+05:30,7639.9501953125,7682.0,7580.60009765625,7621.35009765625,613798,0.0,0.0
2024-09-25 00:00:00+05:30,7618.25,7742.0,7569.5498046875,7614.89990234375,576171,0.0,0.0
2024-09-26 00:00:00+05:30,7724.89990234375,7939.89990234375,7710.5498046875,7845.39990234375,1712253,0.0,0.0
2024-09-27 00:00:00+05:30,7899.9501953125,7937.9501953125,7736.39990234375,7833.7001953125,11179751,0.0,0.0
2024-09-30 00:00:00+05:30,7814.75,7833.9501953125,7483.75,7574.64990234375,1117618,0.0,0.0
2024-10-01 00:00:00+05:30,7600.0,7647.4501953125,7522.25,7612.7001953125,559721,0.0,0.0
2024-10-03 00:00:00+05:30,7569.5,7654.5,7451.0,7487.89990234375,741293,0.0,0.0
2024-10-04 00:00:00+05:30,7441.0,7455.9501953125,7272.0,7353.2998046875,938897,0.0,0.0
2024-10-07 00:00:00+05:30,7307.2001953125,7503.89990234375,7284.0,7449.5,854385,0.0,0.0
2024-10-08 00:00:00+05:30,7520.0,8073.39990234375,7451.0,8041.9501953125,2278240,0.0,0.0
2024-10-09 00:00:00+05:30,8089.0,8322.2001953125,8035.0,8220.849609375,1260784,0.0,0.0
2024-10-10 00:00:00+05:30,8200.0,8270.9501953125,8012.0,8028.85009765625,606292,0.0,0.0
2024-10-11 00:00:00+05:30,8069.0,8308.7998046875,7950.0,8234.9501953125,800644,0.0,0.0
2024-10-14 00:00:00+05:30,8280.0498046875,8345.0,8163.7001953125,8191.85009765625,417498,0.0,0.0
2024-10-15 00:00:00+05:30,8224.0,8260.0,8090.0,8124.25,460534,0.0,0.0
2024-10-16 00:00:00+05:30,8110.0,8133.10009765625,7766.5,7805.7998046875,900545,0.0,0.0
2024-10-17 00:00:00+05:30,7780.2998046875,7880.0498046875,7620.2001953125,7719.64990234375,997450,0.0,0.0
2024-10-18 00:00:00+05:30,7720.0,7800.0,7630.10009765625,7768.0498046875,571161,0.0,0.0
2024-10-21 00:00:00+05:30,7820.0,7850.0,7552.5,7606.5498046875,662166,0.0,0.0
2024-10-22 00:00:00+05:30,7634.9501953125,7666.5,7469.39990234375,7497.35009765625,610564,0.0,0.0
2024-10-23 00:00:00+05:30,7468.0,7585.0,7450.0,7511.2998046875,505590,0.0,0.0
2024-10-24 00:00:00+05:30,7569.2001953125,7640.39990234375,7386.75,7488.0,448738,0.0,0.0
2024-10-25 00:00:00+05:30,7450.0,7511.2001953125,7064.0498046875,7361.4501953125,590268,0.0,0.0
2024-10-28 00:00:00+05:30,7362.25,7429.0,7222.14990234375,7307.85009765625,419026,0.0,0.0
2024-10-29 00:00:00+05:30,7313.2998046875,7446.10009765625,7164.4501953125,7410.2998046875,359440,0.0,0.0
2024-10-30 00:00:00+05:30,7420.0,7428.7998046875,7215.0,7252.4501953125,481764,0.0,0.0
2024-10-31 00:00:00+05:30,7259.0,7273.85009765625,7071.0,7128.35009765625,742508,0.0,0.0
2024-11-01 00:00:00+05:30,7153.9501953125,7214.89990234375,7125.0,7149.0,76497,0.0,0.0
2024-11-04 00:00:00+05:30,7109.0,7150.2998046875,6950.0,7063.75,681708,0.0,0.0
2024-11-05 00:00:00+05:30,7006.0,7078.5,6794.0498046875,6968.35009765625,1026360,0.0,0.0
2024-11-06 00:00:00+05:30,7024.0,7236.0,6801.10009765625,6955.4501953125,1142746,0.0,0.0
2024-11-07 00:00:00+05:30,6999.0,7015.25,6306.85009765625,6505.5,4427899,0.0,0.0
2024-11-08 00:00:00+05:30,6550.0,6563.14990234375,6270.0,6298.9501953125,2523322,0.0,0.0
2024-11-11 00:00:00+05:30,6230.35009765625,6620.0,6212.0498046875,6480.7001953125,2339199,0.0,0.0
2024-11-12 00:00:00+05:30,6520.0,6717.89990234375,6500.0,6528.5498046875,1258152,0.0,0.0
2024-11-13 00:00:00+05:30,6499.0,6619.7001953125,6412.4501953125,6498.25,758642,0.0,0.0
2024-11-14 00:00:00+05:30,6496.0,6550.2998046875,6367.0498046875,6463.0,620489,0.0,0.0
2024-11-18 00:00:00+05:30,6411.60009765625,6453.0,6275.0,6301.64990234375,828906,0.0,0.0
2024-11-19 00:00:00+05:30,6359.85009765625,6579.89990234375,6359.7998046875,6423.85009765625,674042,0.0,0.0
2024-11-21 00:00:00+05:30,6400.0,6519.0,6346.2001953125,6460.4501953125,1511541,0.0,0.0
2024-11-22 00:00:00+05:30,6459.89990234375,6678.0,6430.0,6652.7998046875,833104,0.0,0.0
2024-11-25 00:00:00+05:30,6799.0,6838.5498046875,6690.0498046875,6774.9501953125,1490945,0.0,0.0
2024-11-26 00:00:00+05:30,6775.0,6810.2998046875,6646.14990234375,6669.35009765625,476650,0.0,0.0
2024-11-27 00:00:00+05:30,6692.0,6909.0,6631.35009765625,6845.10009765625,784373,0.0,0.0
2024-11-28 00:00:00+05:30,6850.0,6886.4501953125,6716.0498046875,6743.2001953125,813013,0.0,0.0
2024-11-29 00:00:00+05:30,6750.0,6820.0,6728.10009765625,6795.39990234375,720647,0.0,0.0
2024-12-02 00:00:00+05:30,6777.0498046875,6898.0,6753.60009765625,6805.2998046875,446537,0.0,0.0
2024-12-03 00:00:00+05:30,6805.2998046875,6864.5498046875,6681.7998046875,6841.35009765625,842566,0.0,0.0
2024-12-04 00:00:00+05:30,6890.0,6920.0,6731.2001953125,6823.7998046875,899250,0.0,0.0
2024-12-05 00:00:00+05:30,6869.9501953125,7074.9501953125,6722.0,6970.10009765625,1140361,0.0,0.0
2024-12-06 00:00:00+05:30,7050.0,7140.0,6930.0498046875,6999.9501953125,1088961,0.0,0.0
2024-12-09 00:00:00+05:30,6985.0,7025.0,6867.2998046875,6949.7001953125,825347,0.0,0.0
2024-12-10 00:00:00+05:30,6950.0,6959.9501953125,6810.0,6878.0498046875,579733,0.0,0.0
2024-12-11 00:00:00+05:30,6893.89990234375,7100.0,6834.7998046875,7063.2998046875,1037764,0.0,0.0
2024-12-12 00:00:00+05:30,7046.2001953125,7106.7998046875,6980.0,7012.5,776145,0.0,0.0
2024-12-13 00:00:00+05:30,7000.0,7027.89990234375,6870.0,7000.25,526964,0.0,0.0
2024-12-16 00:00:00+05:30,7000.0,7035.0,6942.75,7000.35009765625,497823,0.0,0.0
2024-12-17 00:00:00+05:30,7000.0,7030.0,6891.0,6941.64990234375,545205,0.0,0.0
2024-12-18 00:00:00+05:30,6935.75,7177.0,6848.7998046875,7113.75,1201264,0.0,0.0
2024-12-19 00:00:00+05:30,6995.0,7184.39990234375,6991.60009765625,7092.0,660251,0.0,0.0
2024-12-20 00:00:00+05:30,7125.0,7188.0,6789.39990234375,6831.5498046875,768861,0.0,0.0
2024-12-23 00:00:00+05:30,6870.0,7070.0,6860.0498046875,6946.0,783189,0.0,0.0
2024-12-24 00:00:00+05:30,6976.0,7079.0,6902.0,7007.14990234375,486797,0.0,0.0
2024-12-26 00:00:00+05:30,7047.9501953125,7075.0,6948.0498046875,7063.7001953125,440974,0.0,0.0
2024-12-27 00:00:00+05:30,7101.0,7234.0,7075.0,7118.2998046875,530288,0.0,0.0
2024-12-30 00:00:00+05:30,7139.2998046875,7145.0498046875,6915.25,6954.35009765625,960856,0.0,0.0
2024-12-31 00:00:00+05:30,6954.0,7146.0,6817.7998046875,7123.35009765625,915919,0.0,0.0
2025-01-01 00:00:00+05:30,7121.0,7179.7998046875,7050.0,7068.0498046875,412650,0.0,0.0
2025-01-02 00:00:00+05:30,7100.0,7336.0,7055.9501953125,7321.0,706114,0.0,0.0
2025-01-03 00:00:00+05:30,7350.0,7493.0498046875,7280.10009765625,7307.7001953125,940233,0.0,0.0
2025-01-06 00:00:00+05:30,7307.7001953125,7338.60009765625,6935.25,6998.35009765625,942724,0.0,0.0
2025-01-07 00:00:00+05:30,7010.2001953125,7085.0,6838.35009765625,6874.2998046875,601356,0.0,0.0
2025-01-08 00:00:00+05:30,6869.5498046875,6873.5,6590.35009765625,6699.10009765625,1257939,0.0,0.0
2025-01-09 00:00:00+05:30,6719.0,6719.0,6572.2001953125,6621.7001953125,592991,0.0,0.0
2025-01-10 00:00:00+05:30,6601.0,6626.0,6480.0,6584.10009765625,768200,0.0,0.0
2025-01-13 00:00:00+05:30,6462.64990234375,6523.85009765625,6155.0,6224.39990234375,1068954,0.0,0.0
2025-01-14 00:00:00+05:30,6237.39990234375,6317.0,6138.0,6161.14990234375,1130732,0.0,0.0
2025-01-15 00:00:00+05:30,6200.0,6519.0,6164.7001953125,6390.25,1463322,0.0,0.0
2025-01-16 00:00:00+05:30,6498.0,6498.0,6150.5,6211.5498046875,1477566,0.0,0.0
2025-01-17 00:00:00+05:30,6216.9501953125,6310.0,6080.0,6216.5498046875,770051,0.0,0.0
2025-01-20 00:00:00+05:30,6210.0,6225.0,6074.0498046875,6090.0,909757,0.0,0.0
2025-01-21 00:00:00+05:30,6090.60009765625,6109.0,5723.2998046875,5736.9501953125,1553225,0.0,0.0
2025-01-22 00:00:00+05:30,5736.0,5748.0,5568.0,5626.35009765625,1377528,0.0,0.0
2025-01-23 00:00:00+05:30,5620.0,5792.4501953125,5605.0498046875,5733.60009765625,2106761,0.0,0.0
2025-01-24 00:00:00+05:30,5720.0,5755.0498046875,5466.4501953125,5490.4501953125,1119070,0.0,0.0
2025-01-27 00:00:00+05:30,5477.0,5545.4501953125,5350.0,5412.60009765625,1186126,0.0,0.0
2025-01-28 00:00:00+05:30,5484.0,5538.89990234375,5317.2001953125,5455.10009765625,1136463,0.0,0.0
2025-01-29 00:00:00+05:30,5495.0,5651.89990234375,5415.7001953125,5597.14990234375,701998,0.0,0.0
2025-01-30 00:00:00+05:30,5600.0,5634.0,5456.7998046875,5511.2001953125,575077,0.0,0.0
2025-01-31 00:00:00+05:30,5569.0,5817.64990234375,5527.75,5753.2001953125,1029356,0.0,0.0
2025-02-01 00:00:00+05:30,5780.0,6270.39990234375,5677.0498046875,6189.5,2120509,0.0,0.0
2025-02-03 00:00:00+05:30,6210.0,6232.5,6035.9501953125,6135.10009765625,1498258,0.0,0.0
2025-02-04 00:00:00+05:30,6169.9501953125,6190.0,5653.4501953125,5750.2998046875,2602288,0.0,0.0
2025-02-05 00:00:00+05:30,5765.7001953125,5906.2001953125,5725.39990234375,5749.9501953125,1428644,0.0,0.0
2025-02-06 00:00:00+05:30,5845.0,5845.0,5245.0,5277.10009765625,6021478,0.0,0.0
2025-02-07 00:00:00+05:30,5321.39990234375,5517.75,5255.0,5454.39990234375,2846965,0.0,0.0
2025-02-10 00:00:00+05:30,5460.0,5490.0,5170.0,5196.75,1529876,0.0,0.0
2025-02-11 00:00:00+05:30,5211.5498046875,5250.0,5135.0,5228.35009765625,1596380,0.0,0.0
2025-02-12 00:00:00+05:30,5228.35009765625,5290.0,5113.2998046875,5237.2998046875,1313946,0.0,0.0
2025-02-13 00:00:00+05:30,5246.64990234375,5378.0,5204.2998046875,5256.7998046875,986050,0.0,0.0
2025-02-14 00:00:00+05:30,5268.0,5325.0,5033.2001953125,5117.35009765625,888168,0.0,0.0
2025-02-17 00:00:00+05:30,5110.0,5159.2998046875,4998.14990234375,5096.4501953125,1078162,0.0,0.0
2025-02-18 00:00:00+05:30,5100.0,5119.4501953125,4928.25,4997.75,721122,0.0,0.0
2025-02-19 00:00:00+05:30,4960.0,5103.2998046875,4940.0,4991.4501953125,764148,0.0,0.0
2025-02-20 00:00:00+05:30,4960.0,5137.2998046875,4951.4501953125,5099.5,812700,0.0,0.0
2025-02-21 00:00:00+05:30,5088.0,5167.9501953125,5023.0,5048.2001953125,912164,0.0,0.0
2025-02-24 00:00:00+05:30,4998.60009765625,5080.0,4928.25,5066.0,823625,0.0,0.0
2025-02-25 00:00:00+05:30,5090.0,5129.25,4936.2998046875,4959.89990234375,976304,0.0,0.0
2025-02-27 00:00:00+05:30,4951.0,4959.0,4770.10009765625,4805.2998046875,997906,0.0,0.0
2025-02-28 00:00:00+05:30,4760.0,4876.39990234375,4715.0,4851.5498046875,2178604,0.0,0.0
2025-03-03 00:00:00+05:30,4900.0498046875,5022.9501953125,4775.0,4946.89990234375,1415550,0.0,0.0
2025-03-04 00:00:00+05:30,4898.89990234375,5069.89990234375,4865.7001953125,4999.7998046875,898723,0.0,0.0
2025-03-05 00:00:00+05:30,4987.0,5320.0,4987.0,5106.10009765625,2128488,0.0,0.0
2025-03-06 00:00:00+05:30,5174.5,5174.5,4970.9501953125,5069.5,1499675,0.0,0.0
2025-03-07 00:00:00+05:30,5075.0,5099.9501953125,4985.0,4999.85009765625,690809,0.0,0.0
2025-03-10 00:00:00+05:30,4990.0,4997.85009765625,4787.75,4799.7001953125,1217553,0.0,0.0
2025-03-11 00:00:00+05:30,4739.7001953125,5045.0,4722.9501953125,4995.4501953125,1437957,0.0,0.0
2025-03-12 00:00:00+05:30,5010.60009765625,5105.0,4960.0,5015.35009765625,1026027,0.0,0.0
2025-03-13 00:00:00+05:30,5030.0,5107.89990234375,4970.10009765625,5022.39990234375,860279,0.0,0.0
2025-03-17 00:00:00+05:30,5022.39990234375,5179.89990234375,5014.0,5159.5498046875,856529,0.0,0.0
2025-03-18 00:00:00+05:30,5159.5498046875,5159.5498046875,5159.5498046875,5159.5498046875,0,0.0,0.0
2025-03-19 00:00:00+05:30,5276.0498046875,5299.89990234375,5194.60009765625,5230.85009765625,957079,0.0,0.0
2025-03-20 00:00:00+05:30,5247.0,5275.5498046875,5158.7998046875,5221.5498046875,759448,0.0,0.0
2025-03-21 00:00:00+05:30,5224.5,5293.4501953125,5125.5,5150.0498046875,1197537,0.0,0.0
2025-03-24 00:00:00+05:30,5150.4501953125,5168.14990234375,5044.7998046875,5054.7001953125,908085,0.0,0.0
2025-03-25 00:00:00+05:30,5121.4501953125,5248.7998046875,5066.0,5185.0498046875,1461587,0.0,0.0
2025-03-26 00:00:00+05:30,5205.0,5410.0,5118.5,5321.9501953125,1625697,0.0,0.0
2025-03-27 00:00:00+05:30,5359.0,5444.9501953125,5335.7998046875,5422.2998046875,1670468,0.0,0.0
2025-03-28 00:00:00+05:30,5422.9501953125,5525.9501953125,5290.0,5325.14990234375,1535964,0.0,0.0
2025-04-01 00:00:00+05:30,5350.85009765625,5614.9501953125,5334.2001953125,5576.75,2260895,0.0,0.0
2025-04-02 00:00:00+05:30,5630.5498046875,5702.0,5515.7998046875,5682.5,1491897,0.0,0.0
2025-04-03 00:00:00+05:30,5630.0,5751.0,5610.0,5675.2998046875,960710,0.0,0.0
2025-04-04 00:00:00+05:30,5688.0,5688.0,5544.39990234375,5562.85009765625,680922,0.0,0.0
2025-04-07 00:00:00+05:30,5006.60009765625,5006.60009765625,4488.0,4740.9501953125,7644740,0.0,0.0
2025-04-08 00:00:00+05:30,4903.0,4964.0498046875,4684.2001953125,4767.2001953125,3035242,0.0,0.0
2025-04-09 00:00:00+05:30,4767.0,4767.2001953125,4605.0,4620.2001953125,1598513,0.0,0.0
2025-04-11 00:00:00+05:30,4782.5,4830.0,4660.75,4780.5498046875,1894062,0.0,0.0
2025-04-15 00:00:00+05:30,4879.0,4985.0,4830.5,4877.0,1587931,0.0,0.0
2025-04-16 00:00:00+05:30,4922.0,5049.5,4852.0,5035.5,1589998,0.0,0.0
2025-04-17 00:00:00+05:30,5052.0,5144.0,4954.0,5130.5,1464066,0.0,0.0
2025-04-21 00:00:00+05:30,5180.0,5374.5,5126.0,5360.0,1309441,0.0,0.0
2025-04-22 00:00:00+05:30,5379.0,5418.5,5300.0,5323.0,1166872,0.0,0.0
2025-04-23 00:00:00+05:30,5350.5,5382.0,5210.5,5329.0,970478,0.0,0.0
2025-04-24 00:00:00+05:30,5311.0,5399.0,5256.0,5323.5,1039905,0.0,0.0
2025-04-25 00:00:00+05:30,5334.0,5356.0,5105.0,5145.0,1030377,0.0,0.0
2025-04-28 00:00:00+05:30,5124.5,5252.0,5115.0,5209.5,982085,0.0,0.0
2025-04-29 00:00:00+05:30,5221.0,5510.0,5175.0,5391.5,1420743,0.0,0.0
2025-04-30 00:00:00+05:30,5435.0,5435.0,5120.0,5172.5,2709549,0.0,0.0
2025-05-02 00:00:00+05:30,5172.5,5268.5,5129.5,5154.0,756554,0.0,0.0
2025-05-05 00:00:00+05:30,5175.0,5382.0,5155.0,5370.5,1310015,0.0,0.0
2025-05-06 00:00:00+05:30,5381.0,5423.5,5210.0,5224.0,709414,0.0,0.0
2025-05-07 00:00:00+05:30,5145.0,5271.0,5142.5,5233.0,711009,0.0,0.0
2025-05-08 00:00:00+05:30,5233.0,5319.0,5179.5,5226.5,926044,0.0,0.0
2025-05-09 00:00:00+05:30,5063.5,5207.5,5063.5,5113.0,778167,0.0,0.0
2025-05-12 00:00:00+05:30,5330.0,5478.0,5225.0,5441.0,1203631,0.0,0.0
2025-05-13 00:00:00+05:30,5444.0,5456.5,5320.0,5326.5,728870,0.0,0.0
2025-05-14 00:00:00+05:30,5340.0,5412.0,5291.5,5362.0,557468,0.0,0.0
2025-05-15 00:00:00+05:30,5362.0,5630.0,5311.5,5577.5,1521892,0.0,0.0
2025-05-16 00:00:00+05:30,5594.0,5610.5,5545.0,5583.0,808195,0.0,0.0
2025-05-19 00:00:00+05:30,5610.0,5639.0,5530.0,5551.0,604580,0.0,0.0
2025-05-20 00:00:00+05:30,5604.0,5604.0,5433.0,5449.5,748551,0.0,0.0
2025-05-21 00:00:00+05:30,5450.5,5537.5,5370.0,5443.5,607763,0.0,0.0
2025-05-22 00:00:00+05:30,5441.0,5449.0,5285.0,5342.0,962354,0.0,0.0
2025-05-23 00:00:00+05:30,5405.0,5499.5,5403.5,5435.5,1127412,0.0,0.0
2025-05-26 00:00:00+05:30,5455.0,5536.5,5416.5,5526.0,640440,0.0,0.0
2025-05-27 00:00:00+05:30,5525.0,5633.0,5485.0,5573.0,1019222,0.0,0.0
2025-05-28 00:00:00+05:30,5587.0,5600.5,5535.0,5559.0,452258,0.0,0.0
2025-05-29 00:00:00+05:30,5570.0,5689.5,5568.0,5657.0,1192069,0.0,0.0
