timestamp,Open,High,Low,Close,Volume,Dividends,Stock Splits
2020-06-01 00:00:00+05:30,3811.584714341005,3860.3886159330796,3710.0725990294904,3724.4208984375,742238,0.0,0.0
2020-06-02 00:00:00+05:30,3745.211558445263,3761.804885652344,3679.814327687944,3742.52734375,734563,0.0,0.0
2020-06-03 00:00:00+05:30,3796.8951768544666,3826.2263731145567,3752.0932847955282,3763.65966796875,493621,0.0,0.0
2020-06-04 00:00:00+05:30,3739.3551316513544,3778.0565322774514,3642.2842140692537,3712.9033203125,807841,0.0,0.0
2020-06-05 00:00:00+05:30,3720.8095700625317,3834.5226642158073,3713.9770236327213,3776.98291015625,697747,0.0,0.0
2020-06-08 00:00:00+05:30,3816.4652524792887,3816.4652524792887,3671.7128270845265,3687.818115234375,547499,0.0,0.0
2020-06-09 00:00:00+05:30,3713.9769343508465,3743.161572365046,3664.977864506462,3700.653564453125,478720,0.0,0.0
2020-06-10 00:00:00+05:30,3733.498684326995,3772.39549143024,3689.5751703937362,3701.727294921875,475926,0.0,0.0
2020-06-11 00:00:00+05:30,3699.238368647893,3728.5695637900117,3599.7761036212205,3616.271728515625,475582,0.0,0.0
2020-06-12 00:00:00+05:30,3513.880852829258,3713.976845837591,3513.880852829258,3697.92041015625,592647,0.0,0.0
2020-06-15 00:00:00+05:30,3637.3063997992067,3678.4968503566884,3599.7762423297772,3655.217529296875,440266,0.0,0.0
2020-06-16 00:00:00+05:30,3694.4556092535686,3738.671994852651,3645.065962063368,3689.5263671875,622734,0.0,0.0
2020-06-17 00:00:00+05:30,3670.0534241889577,3753.0200574485484,3623.2016783482472,3718.076416015625,430610,0.0,0.0
2020-06-18 00:00:00+05:30,3708.8040019719447,3789.1352792776956,3686.647076206042,3752.288330078125,348706,0.0,0.0
2020-06-19 00:00:00+05:30,3766.929486215523,3811.0481695982626,3721.8835762784524,3744.577392578125,556284,0.0,0.0
2020-06-22 00:00:00+05:30,3744.5774826392044,3755.411807056206,3699.9705208230894,3733.742919921875,329145,0.0,0.0
2020-06-23 00:00:00+05:30,3754.9723848894123,3859.412739758964,3741.941647162665,3848.480712890625,563658,0.0,0.0
2020-06-24 00:00:00+05:30,3887.523663971894,3919.9294072281623,3715.3922063597697,3730.179931640625,501886,0.0,0.0
2020-06-25 00:00:00+05:30,3723.5427495740855,3782.3026029980174,3691.283321003291,3711.390625,395771,0.0,0.0
2020-06-26 00:00:00+05:30,3743.25937654659,3781.326421053843,3689.5750830107195,3768.2470703125,373568,0.0,0.0
2020-06-29 00:00:00+05:30,3748.090923850324,3748.1397754137115,3667.125295893051,3715.92919921875,692124,0.0,0.0
2020-06-30 00:00:00+05:30,3730.5704998018246,3810.950626691465,3730.5704998018246,3800.408935546875,494113,0.0,0.0
2020-07-01 00:00:00+05:30,3794.9916116975583,3839.8423522467297,3769.711284501489,3805.338134765625,331198,0.0,0.0
2020-07-02 00:00:00+05:30,3817.441658094612,3852.5804716183675,3789.1353916449207,3821.297119140625,294326,0.0,0.0
2020-07-03 00:00:00+05:30,3832.0823678325905,3865.269021043571,3782.3023880161204,3796.55322265625,257664,0.0,0.0
2020-07-06 00:00:00+05:30,3826.2260786091965,3850.335159556697,3811.0968683493898,3836.865234375,254346,0.0,0.0
2020-07-07 00:00:00+05:30,3845.7473661639046,3853.409673875999,3734.962511834056,3769.61328125,452245,0.0,0.0
2020-07-08 00:00:00+05:30,3792.014690116269,3792.014690116269,3686.451935492253,3696.066162109375,635619,0.0,0.0
2020-07-09 00:00:00+05:30,3711.0486931430305,3766.4411216900758,3676.9348134423994,3751.507080078125,524030,0.0,0.0
2020-07-10 00:00:00+05:30,3743.3085161550302,3752.7275748800816,3692.503601339344,3707.6328125,336838,0.0,0.0
2020-07-13 00:00:00+05:30,3728.618335084515,3745.9925728923545,3687.6230549605493,3697.2861328125,302963,0.0,0.0
2020-07-14 00:00:00+05:30,3694.260254841314,3729.3990646749976,3654.4362227030783,3680.692626953125,351717,0.0,0.0
2020-07-15 00:00:00+05:30,3691.7225303816767,3738.330259507977,3681.766581453504,3729.252685546875,274206,0.0,0.0
2020-07-16 00:00:00+05:30,3733.4495948310605,3742.2831486191862,3645.6514241243244,3724.957763671875,412522,0.0,0.0
2020-07-17 00:00:00+05:30,3728.618559174387,3776.4463888601317,3721.0051018908757,3770.443603515625,237461,0.0,0.0
2020-07-20 00:00:00+05:30,3770.6874921915464,3796.9438983794917,3735.402125065744,3772.6396484375,277775,0.0,0.0
2020-07-21 00:00:00+05:30,3805.7285088413055,3860.388882397375,3757.900681979745,3770.882568359375,614199,0.0,0.0
2020-07-22 00:00:00+05:30,3787.183097541092,3811.585050489166,3746.0901134564065,3770.248046875,433235,0.0,0.0
2020-07-23 00:00:00+05:30,3770.2477754293004,3796.9436053526083,3734.5234618655486,3746.08984375,264268,0.0,0.0
2020-07-24 00:00:00+05:30,3747.1635452381447,3747.212396799549,3645.993153070915,3692.01513671875,594650,0.0,0.0
2020-07-27 00:00:00+05:30,3699.4335686680583,3807.680530732776,3690.551162958376,3767.759033203125,499750,0.0,0.0
2020-07-28 00:00:00+05:30,3784.254691075515,4112.21692378157,3769.7598363634715,4037.400634765625,2492211,0.0,0.0
2020-07-29 00:00:00+05:30,4082.9803380590797,4197.9823403595665,4068.3910170362087,4093.80029296875,1777725,13.0,0.0
2020-07-30 00:00:00+05:30,4112.404576754575,4131.791665560199,4042.4924874359854,4068.9296875,595214,0.0,0.0
2020-07-31 00:00:00+05:30,4073.237925126642,4121.265308939628,4007.1936984641075,4031.4765625,413669,0.0,0.0
2020-08-03 00:00:00+05:30,4052.724441876572,4068.3909292092676,3943.646619443333,3961.222412109375,490180,0.0,0.0
2020-08-04 00:00:00+05:30,3966.1182156362584,3989.0793634747997,3901.102149344524,3920.832275390625,600934,0.0,0.0
2020-08-05 00:00:00+05:30,3950.6966843360797,4024.3291305940425,3931.3093575024523,3956.81640625,569833,0.0,0.0
2020-08-06 00:00:00+05:30,3984.0856672906757,3998.6262219000564,3917.650110897739,3944.381103515625,378473,0.0,0.0
2020-08-07 00:00:00+05:30,3942.0800795882888,3987.1212330063368,3899.4378093571786,3920.783447265625,348651,0.0,0.0
2020-08-10 00:00:00+05:30,3963.620978048846,3963.620978048846,3878.4344599929545,3885.63134765625,590885,0.0,0.0
2020-08-11 00:00:00+05:30,3910.7468684793307,3992.310565299252,3878.434738619587,3886.023193359375,823622,0.0,0.0
2020-08-12 00:00:00+05:30,3890.6252274090757,3930.476806950656,3844.1643484909505,3916.279052734375,466155,0.0,0.0
2020-08-13 00:00:00+05:30,3941.0025661111295,3990.0583484203307,3923.573790824354,3962.935791015625,545546,0.0,0.0
2020-08-14 00:00:00+05:30,3960.683905141863,4005.6270459231914,3882.6942670061367,3926.511474609375,661653,0.0,0.0
2020-08-17 00:00:00+05:30,3955.7881689925443,3965.530718281593,3902.032628356343,3951.47998046875,315955,0.0,0.0
2020-08-18 00:00:00+05:30,3954.8088513599773,4092.869769419338,3954.8088513599773,4082.05029296875,1154453,0.0,0.0
2020-08-19 00:00:00+05:30,4098.7447536085565,4128.1194173945705,4085.1345883416866,4112.30615234375,618695,0.0,0.0
2020-08-20 00:00:00+05:30,4091.8421219142692,4109.858487731148,4045.2829904134583,4057.865234375,350925,0.0,0.0
2020-08-21 00:00:00+05:30,4100.604847099174,4114.900611709936,4053.801409728987,4100.5068359375,490700,0.0,0.0
2020-08-24 00:00:00+05:30,4129.049526876483,4135.952381157724,4083.0779899213326,4102.26953125,379052,0.0,0.0
2020-08-25 00:00:00+05:30,4103.6405483083445,4111.473792017833,4055.7106971196094,4085.37939453125,373776,0.0,0.0
2020-08-26 00:00:00+05:30,4083.078365812209,4094.63220927512,3985.1628174713887,3994.611572265625,574774,0.0,0.0
2020-08-27 00:00:00+05:30,4010.620904009537,4030.742358172867,3941.8842361310285,3962.7890625,458012,0.0,0.0
2020-08-28 00:00:00+05:30,3977.3295807353334,4003.5709955480497,3961.663092972713,3977.8681640625,346506,0.0,0.0
2020-08-31 00:00:00+05:30,3977.86824937729,4001.123192648687,3801.9140527299287,3822.476318359375,680870,0.0,0.0
2020-09-01 00:00:00+05:30,3843.1849499825726,3885.582426667862,3771.2170279892684,3831.09228515625,528801,0.0,0.0
2020-09-02 00:00:00+05:30,3815.964690496154,3961.61406820915,3814.936529431383,3859.537109375,759445,0.0,0.0
2020-09-03 00:00:00+05:30,3884.9952185817774,3897.0388790081347,3846.759148604298,3866.68505859375,284007,0.0,0.0
2020-09-04 00:00:00+05:30,3831.6802584713573,3849.990418501933,3799.123338112532,3834.470947265625,438236,0.0,0.0
2020-09-07 00:00:00+05:30,3843.185127635186,3906.8302316597174,3741.3529611959348,3768.426513671875,704096,0.0,0.0
2020-09-08 00:00:00+05:30,3774.4484788488585,3781.987928008285,3733.1769331743762,3744.045654296875,456797,0.0,0.0
2020-09-09 00:00:00+05:30,3731.561362321966,3780.519134065891,3700.228388405854,3755.648681640625,332412,0.0,0.0
2020-09-10 00:00:00+05:30,3757.0193559775453,3856.893209068426,3745.2694909080296,3833.883056640625,433018,0.0,0.0
2020-09-11 00:00:00+05:30,3833.8832239481308,3861.9849379887337,3797.1648940035375,3822.720947265625,348215,0.0,0.0
2020-09-14 00:00:00+05:30,3818.657258091926,3886.953350884573,3808.914709152619,3832.512451171875,472618,0.0,0.0
2020-09-15 00:00:00+05:30,3835.4499948302446,3872.5108860129058,3804.1657862598595,3849.500732421875,312720,0.0,0.0
2020-09-16 00:00:00+05:30,3851.0184039373044,3900.8085544372348,3838.338388607281,3892.044921875,418071,0.0,0.0
2020-09-17 00:00:00+05:30,3872.364040077201,3939.5339608389813,3861.2995356287106,3886.218994140625,447295,0.0,0.0
2020-09-18 00:00:00+05:30,3900.8573263371227,3935.617345032246,3867.664051992571,3919.167724609375,440400,0.0,0.0
2020-09-21 00:00:00+05:30,3919.1676162623603,3920.1467716914917,3769.7484021562473,3798.0458984375,389056,0.0,0.0
2020-09-22 00:00:00+05:30,3798.7804753395417,3862.2788040551304,3714.915903811678,3802.20751953125,508999,0.0,0.0
2020-09-23 00:00:00+05:30,3818.70630926049,3836.575896476901,3757.0685206174953,3788.499267578125,307971,0.0,0.0
2020-09-24 00:00:00+05:30,3788.3523950603435,3788.4991727556057,3675.651508364108,3699.053466796875,456036,0.0,0.0
2020-09-25 00:00:00+05:30,3710.999380805972,3799.025365484646,3681.6737211083478,3778.071533203125,321826,0.0,0.0
2020-09-28 00:00:00+05:30,3808.9148272913612,3867.664156247012,3789.478495341214,3840.247802734375,248628,0.0,0.0
2020-09-29 00:00:00+05:30,3877.455860138155,3992.9962115261105,3861.055005174187,3977.427734375,772188,0.0,0.0
2020-09-30 00:00:00+05:30,4002.4938464585257,4017.1814178520704,3939.2405452703388,3965.13916015625,548775,0.0,0.0
2020-10-01 00:00:00+05:30,4002.7874629179123,4034.1204371873287,3977.4274324892526,4012.334228515625,406483,0.0,0.0
2020-10-05 00:00:00+05:30,4028.343714074178,4028.343714074178,3947.024802475279,3962.7890625,312598,0.0,0.0
2020-10-06 00:00:00+05:30,3970.670710576233,4061.5363744790443,3970.670710576233,4049.884521484375,351025,0.0,0.0
2020-10-07 00:00:00+05:30,4036.8128410543077,4196.611190238728,4028.343242641812,4125.5244140625,1037715,0.0,0.0
2020-10-08 00:00:00+05:30,4136.931381541575,4269.11735467959,4126.1606726192185,4255.4091796875,801790,0.0,0.0
2020-10-09 00:00:00+05:30,4249.534165600649,4283.7558358944025,4186.378646319257,4208.75244140625,405756,0.0,0.0
2020-10-12 00:00:00+05:30,4210.367645874923,4270.096117130358,4157.884827970827,4216.5361328125,488896,0.0,0.0
2020-10-13 00:00:00+05:30,4355.283447892305,4430.678417651232,4248.996314882545,4291.3935546875,2369441,0.0,0.0
2020-10-14 00:00:00+05:30,4290.512242457915,4366.053986956967,4225.055607472373,4350.24072265625,817554,0.0,0.0
2020-10-15 00:00:00+05:30,4366.054391791109,4379.762568845398,4275.286485340327,4291.93212890625,545465,0.0,0.0
2020-10-16 00:00:00+05:30,4292.568837280273,4402.283017048828,4288.700981911446,4388.6728515625,669844,0.0,0.0
2020-10-19 00:00:00+05:30,4406.199352556338,4454.177967728619,4371.78213545646,4420.4951171875,636376,0.0,0.0
2020-10-20 00:00:00+05:30,4449.77226598877,4488.938486835849,4391.51251247874,4449.62548828125,871380,0.0,0.0
2020-10-21 00:00:00+05:30,4450.6046123988035,4560.90638546044,4347.450483350011,4532.60888671875,2032618,0.0,0.0
2020-10-22 00:00:00+05:30,4577.551957558665,4636.839631778357,4434.203688134059,4518.36181640625,1812783,0.0,0.0
2020-10-23 00:00:00+05:30,4523.697979841995,4545.239398793624,4394.841032674336,4410.654296875,886850,0.0,0.0
2020-10-26 00:00:00+05:30,4415.9911285519565,4449.67398078545,4366.397000079224,4391.90380859375,727534,0.0,0.0
2020-10-27 00:00:00+05:30,4401.303004004869,4531.530656848618,4391.511451159475,4471.75341796875,1088244,0.0,0.0
2020-10-28 00:00:00+05:30,4498.142022023096,4498.142022023096,4360.17911793195,4376.13916015625,509919,0.0,0.0
2020-10-29 00:00:00+05:30,4356.360574368443,4519.145166666171,4347.450164222024,4481.3984375,927412,0.0,0.0
2020-10-30 00:00:00+05:30,4455.15707027608,4573.634873683422,4445.414282804187,4478.70556640625,934842,0.0,0.0
2020-11-02 00:00:00+05:30,4456.135963716028,4493.882210928113,4425.782148098538,4455.93994140625,489146,0.0,0.0
2020-11-03 00:00:00+05:30,4469.942952045968,4491.386362275285,4420.935931494904,4454.716796875,582702,0.0,0.0
2020-11-04 00:00:00+05:30,4455.156988409409,4514.8854667155565,4407.227141215894,4437.140625,495599,0.0,0.0
2020-11-05 00:00:00+05:30,4474.740153777035,4537.552876726368,4450.261268909545,4521.6416015625,584030,0.0,0.0
2020-11-06 00:00:00+05:30,4491.974126045855,4521.593581626194,4445.366225941752,4461.03271484375,426088,0.0,0.0
2020-11-09 00:00:00+05:30,4499.2194140266065,4552.97495405994,4484.5320818807095,4528.8388671875,447725,0.0,0.0
2020-11-10 00:00:00+05:30,4545.240018920635,4685.259261209659,4533.979730205084,4621.17333984375,1235506,0.0,0.0
2020-11-11 00:00:00+05:30,4632.775650592946,4754.729739541126,4625.872796433121,4723.24951171875,811311,0.0,0.0
2020-11-12 00:00:00+05:30,4750.862370908148,4765.0601253142,4684.524587390211,4745.08544921875,668501,0.0,0.0
2020-11-13 00:00:00+05:30,4724.424832640537,4819.402906996212,4714.976078595901,4797.61669921875,428529,0.0,0.0
2020-11-14 00:00:00+05:30,4822.340734087187,4836.048910793222,4781.216203969083,4805.89111328125,47328,0.0,0.0
2020-11-17 00:00:00+05:30,4807.653045127313,4875.214768164743,4793.944869438558,4806.72265625,708971,0.0,0.0
2020-11-18 00:00:00+05:30,4802.267998428383,4837.028017583079,4758.69558005137,4824.78857421875,437973,0.0,0.0
2020-11-19 00:00:00+05:30,4792.965973909553,4811.569927638722,4661.759142345941,4678.40478515625,540260,0.0,0.0
2020-11-20 00:00:00+05:30,4707.681147592441,4770.3963377651335,4669.6408647177295,4761.19189453125,445562,0.0,0.0
2020-11-23 00:00:00+05:30,4772.403170218069,4812.548539520273,4761.975261373625,4787.580078125,438597,0.0,0.0
2020-11-24 00:00:00+05:30,4797.862271668006,4810.738071735596,4741.071248860507,4771.62109375,372131,0.0,0.0
2020-11-25 00:00:00+05:30,4796.882876021434,4826.257541520646,4700.974401925192,4719.3828125,481744,0.0,0.0
2020-11-26 00:00:00+05:30,4721.487634110307,4772.305706928131,4691.672159074178,4733.38427734375,486664,0.0,0.0
2020-11-27 00:00:00+05:30,4733.433783994819,4771.865637975949,4670.571808662081,4701.90478515625,920840,0.0,0.0
2020-12-01 00:00:00+05:30,4714.633716474105,4834.286709408691,4704.8421615073885,4808.14306640625,752883,0.0,0.0
2020-12-02 00:00:00+05:30,4808.14296328542,4893.084700799931,4771.228610611296,4830.27197265625,696234,0.0,0.0
2020-12-03 00:00:00+05:30,4856.611400965567,4856.611400965567,4740.287915909559,4791.49755859375,740259,0.0,0.0
2020-12-04 00:00:00+05:30,4885.985705444815,5090.629194911341,4856.709053050875,4985.27197265625,2996248,0.0,0.0
2020-12-07 00:00:00+05:30,5013.275981410066,5068.108687456739,4932.006077805177,4951.099609375,910850,0.0,0.0
2020-12-08 00:00:00+05:30,4959.275510557942,5127.837023411672,4959.275510557942,5108.98828125,1652861,0.0,0.0
2020-12-09 00:00:00+05:30,5108.988172599191,5149.37833351524,5009.701909022567,5037.55859375,1625022,0.0,0.0
2020-12-10 00:00:00+05:30,4992.713721585941,5012.296830907713,4846.819557138734,4860.8212890625,1333296,0.0,0.0
2020-12-11 00:00:00+05:30,4900.6732887275675,4933.621775757399,4852.694669117647,4910.46484375,974421,0.0,0.0
2020-12-14 00:00:00+05:30,4910.465331189179,4974.110445152747,4891.567819361324,4967.99072265625,919851,0.0,0.0
2020-12-15 00:00:00+05:30,4964.318163160746,5120.9830361599015,4962.359852248256,5049.35791015625,1629308,0.0,0.0
2020-12-16 00:00:00+05:30,5052.442674463378,5116.087785672704,4988.063196586252,5006.42236328125,630475,0.0,0.0
2020-12-17 00:00:00+05:30,5046.273762137255,5110.212423405703,5019.738553147319,5063.99609375,834935,0.0,0.0
2020-12-18 00:00:00+05:30,5032.859189258855,5105.316695096434,5008.380302151565,5045.0986328125,549221,0.0,0.0
2020-12-21 00:00:00+05:30,5047.546500479667,5081.816942286997,4764.032222426328,4903.4638671875,597997,0.0,0.0
2020-12-22 00:00:00+05:30,4934.894443169258,4984.978146194654,4789.2450776052565,4916.6328125,576026,0.0,0.0
2020-12-23 00:00:00+05:30,4895.385447542604,4969.213669294333,4876.438694877458,4929.01953125,449498,0.0,0.0
2020-12-24 00:00:00+05:30,4992.7139126303955,5017.5356002661865,4907.184583774152,4939.5947265625,431767,0.0,0.0
2020-12-28 00:00:00+05:30,4950.023095942098,5052.442866729408,4950.023095942098,5034.96484375,410405,0.0,0.0
2020-12-29 00:00:00+05:30,5052.442071301064,5064.92630316329,4975.676380412022,5039.46826171875,401258,0.0,0.0
2020-12-30 00:00:00+05:30,5049.55358264228,5287.439598020449,5013.324829841029,5243.1328125,1002535,0.0,0.0
2020-12-31 00:00:00+05:30,5261.98149108261,5266.877268428239,5151.53294540651,5177.9208984375,728164,0.0,0.0
2021-01-01 00:00:00+05:30,5206.071678661761,5237.502665206536,5169.2553369742245,5180.515625,355623,0.0,0.0
2021-01-04 00:00:00+05:30,5196.329328235939,5274.563754901323,5181.739529206876,5216.1572265625,453783,0.0,0.0
2021-01-05 00:00:00+05:30,5224.773434838883,5260.904175002634,5135.719056210292,5229.865234375,530958,0.0,0.0
2021-01-06 00:00:00+05:30,5248.273257896577,5354.51162515064,5189.523930382809,5334.78173828125,701452,0.0,0.0
2021-01-07 00:00:00+05:30,5360.876357145842,5402.686488195393,5272.752362233856,5285.4326171875,742403,0.0,0.0
2021-01-08 00:00:00+05:30,5306.042808863924,5496.2925009520895,5304.622842373918,5475.19189453125,802681,0.0,0.0
2021-01-11 00:00:00+05:30,5434.313098217661,5578.004169778642,5390.202333589656,5506.47705078125,714576,0.0,0.0
2021-01-12 00:00:00+05:30,5507.553321058645,5577.220613013601,5435.291840914696,5521.45751953125,591436,0.0,0.0
2021-01-13 00:00:00+05:30,5532.228035790326,5555.727765499878,5483.270265562093,5532.96240234375,423240,0.0,0.0
2021-01-14 00:00:00+05:30,5527.332271870755,5555.727778670445,5444.104062285455,5465.98828125,464204,0.0,0.0
2021-01-15 00:00:00+05:30,5470.542290184815,5538.838392697861,5312.6534510417505,5338.60107421875,589866,0.0,0.0
2021-01-18 00:00:00+05:30,5326.60633471036,5347.951735030928,5215.423410270368,5273.73193359375,461596,0.0,0.0
2021-01-19 00:00:00+05:30,5287.537627488428,5419.625606727308,5281.319894541178,5375.66162109375,483417,0.0,0.0
2021-01-20 00:00:00+05:30,5399.063004397445,5438.474010187615,5350.00722206655,5431.47314453125,321063,0.0,0.0
2021-01-21 00:00:00+05:30,5482.291800676931,5529.29126601583,5396.517680812785,5427.89990234375,481346,0.0,0.0
2021-01-22 00:00:00+05:30,5461.72939647666,5478.375040029924,5354.071057665863,5419.4296875,680688,0.0,0.0
2021-01-25 00:00:00+05:30,5625.248086699484,5710.238588917804,5215.618306645287,5256.498046875,3236487,0.0,0.0
2021-01-27 00:00:00+05:30,5267.856367793214,5404.840120844361,5219.241394889527,5292.1884765625,1212604,0.0,0.0
2021-01-28 00:00:00+05:30,5238.481462140243,5355.93134522896,5228.689908005402,5330.228515625,576548,0.0,0.0
2021-01-29 00:00:00+05:30,5374.584454301879,5394.8531640718875,5177.774201921723,5216.2060546875,745559,0.0,0.0
2021-02-01 00:00:00+05:30,5271.772797374774,5672.492154233175,5150.357524924092,5624.41552734375,1455212,0.0,0.0
2021-02-02 00:00:00+05:30,5664.414798066825,6069.7851915672,5664.414798066825,5995.90771484375,2251712,0.0,0.0
2021-02-03 00:00:00+05:30,6026.702168140049,6107.972075525204,5914.099284413631,5948.076171875,952770,0.0,0.0
2021-02-04 00:00:00+05:30,5965.993910462604,6080.555093381384,5915.616173399337,6053.921875,683257,0.0,0.0
2021-02-05 00:00:00+05:30,6051.180612711055,6265.615653841107,5992.431286374054,6219.693359375,1174059,0.0,0.0
2021-02-08 00:00:00+05:30,6246.86451224908,6349.822604267407,6186.303656709557,6235.408203125,769441,0.0,0.0
2021-02-09 00:00:00+05:30,6290.878012762213,6344.927587153345,6239.032016331,6286.56982421875,947676,0.0,0.0
2021-02-10 00:00:00+05:30,6306.838052028206,6451.655042581145,6189.339401988786,6258.908203125,1045511,0.0,0.0
2021-02-11 00:00:00+05:30,6266.105645165395,6333.177797160681,6236.534957715946,6293.17919921875,390465,0.0,0.0
2021-02-12 00:00:00+05:30,6305.663720550047,6344.92795366173,6234.23461015591,6263.90283203125,408867,0.0,0.0
2021-02-15 00:00:00+05:30,6300.865090506247,6329.21183098921,6253.963641785751,6274.18310546875,277851,0.0,0.0
2021-02-16 00:00:00+05:30,6313.594409134907,6413.468266103233,6276.337735105181,6323.18994140625,595723,0.0,0.0
2021-02-17 00:00:00+05:30,6323.190038402704,6408.083009369322,6257.73387734855,6285.39501953125,555520,0.0,0.0
2021-02-18 00:00:00+05:30,6356.970863700439,6356.970863700439,6169.658613617348,6193.99072265625,573974,0.0,0.0
2021-02-19 00:00:00+05:30,6183.36647802345,6186.940299686223,6046.284719207412,6079.08642578125,499669,0.0,0.0
2021-02-22 00:00:00+05:30,6085.4510186726,6153.943132481257,5981.317742708295,6046.3828125,528408,0.0,0.0
2021-02-23 00:00:00+05:30,6057.055552102209,6215.580722224423,6003.250769430582,6137.787109375,453805,0.0,0.0
2021-02-24 00:00:00+05:30,6187.283197957402,6315.552560029316,6080.555255470085,6280.84130859375,378560,0.0,0.0
2021-02-25 00:00:00+05:30,6272.470185339277,6333.177826845839,6206.32842200368,6250.2431640625,803072,0.0,0.0
2021-02-26 00:00:00+05:30,6237.219778464841,6353.739268831766,5933.681610282093,5987.53515625,1307673,0.0,0.0
2021-03-01 00:00:00+05:30,6089.172043025686,6256.607633824499,6041.977034703423,6232.37353515625,609302,0.0,0.0
2021-03-02 00:00:00+05:30,6242.116391421375,6338.906009440776,6180.52760531334,6289.2138671875,438046,0.0,0.0
2021-03-03 00:00:00+05:30,6315.553134284141,6398.781353883234,6296.949179314932,6365.00048828125,467421,0.0,0.0
2021-03-04 00:00:00+05:30,6294.990282009806,6687.631610845695,6261.16065302347,6634.31640625,1303144,0.0,0.0
2021-03-05 00:00:00+05:30,6551.039651459969,6799.451584660077,6551.039651459969,6668.34228515625,1828811,0.0,0.0
2021-03-08 00:00:00+05:30,6697.423231984544,6705.158464365749,6503.354431886619,6529.1552734375,658514,0.0,0.0
2021-03-09 00:00:00+05:30,6604.403795491123,6681.757079381975,6521.175578646535,6557.7958984375,483037,0.0,0.0
2021-03-10 00:00:00+05:30,6611.356019134603,6647.486761857228,6544.675433238137,6623.056640625,302774,0.0,0.0
2021-03-12 00:00:00+05:30,6626.92469244603,6710.789268797595,6474.225194794111,6499.78125,673811,0.0,0.0
2021-03-15 00:00:00+05:30,6526.0715386017855,6539.632938169873,6354.768089194174,6424.68017578125,349036,0.0,0.0
2021-03-16 00:00:00+05:30,6452.634450794926,6563.279017250135,6428.253575577216,6501.54345703125,614224,0.0,0.0
2021-03-17 00:00:00+05:30,6500.613089614446,6530.966908830902,6353.152181929338,6384.33837890625,443282,0.0,0.0
2021-03-18 00:00:00+05:30,6457.530030567223,6498.311758414828,6331.904580728642,6374.3505859375,345807,0.0,0.0
2021-03-19 00:00:00+05:30,6364.510076509106,6560.341155786309,6235.799908412875,6532.9248046875,654457,0.0,0.0
2021-03-22 00:00:00+05:30,6526.952647717296,6643.570165101187,6493.073771298924,6587.75830078125,467719,0.0,0.0
2021-03-23 00:00:00+05:30,6593.7301831279065,6813.69733838838,6587.8060063579915,6794.45703125,890457,0.0,0.0
2021-03-24 00:00:00+05:30,6746.870767660163,6799.255585317782,6697.423416413253,6715.6845703125,716392,0.0,0.0
2021-03-25 00:00:00+05:30,6714.362714310825,6769.783010368129,6497.675796777731,6527.5400390625,547365,0.0,0.0
2021-03-26 00:00:00+05:30,6589.520344997027,6643.569918627162,6547.074337505797,6594.85693359375,303751,0.0,0.0
2021-03-30 00:00:00+05:30,6642.590482243209,6731.693626978488,6605.382575650456,6644.1572265625,422141,0.0,0.0
2021-03-31 00:00:00+05:30,6713.334880691965,6713.334880691965,6573.951999982304,6597.5009765625,647600,0.0,0.0
2021-04-01 00:00:00+05:30,6624.96549505639,6789.17004833152,6590.891078075989,6755.04638671875,531749,0.0,0.0
2021-04-05 00:00:00+05:30,6751.276944815551,6848.213336046406,6594.61207009902,6654.14453125,540954,0.0,0.0
2021-04-06 00:00:00+05:30,6668.342243126324,6706.235750698775,6567.39169760527,6596.2275390625,508328,0.0,0.0
2021-04-07 00:00:00+05:30,6604.403550067456,6717.006427496331,6573.413375508768,6619.1396484375,301479,0.0,0.0
2021-04-08 00:00:00+05:30,6656.299292714497,6905.8371751472005,6642.395092947654,6825.93798828125,635298,0.0,0.0
2021-04-09 00:00:00+05:30,6893.253900881307,6908.871620491777,6650.276588049721,6683.56787109375,592763,0.0,0.0
2021-04-12 00:00:00+05:30,6622.322334559155,6622.322334559155,6332.198745339054,6373.71484375,585717,0.0,0.0
2021-04-13 00:00:00+05:30,6413.467999279013,6517.699284951337,6369.014438843588,6466.783203125,551188,0.0,0.0
2021-04-15 00:00:00+05:30,6510.404757861983,6560.341687122166,6260.377311523921,6402.9912109375,490675,0.0,0.0
2021-04-16 00:00:00+05:30,6374.301727729695,6644.989432431949,6374.301727729695,6575.224609375,636917,0.0,0.0
2021-04-19 00:00:00+05:30,6364.510363361208,6432.512899946418,6281.282150917254,6374.05712890625,559506,0.0,0.0
2021-04-20 00:00:00+05:30,6505.508835143492,6549.179264004269,6051.180704573568,6071.59619140625,1272134,0.0,0.0
2021-04-22 00:00:00+05:30,6068.854283228987,6095.242714011267,5845.754095046933,5965.30859375,1795988,0.0,0.0
2021-04-23 00:00:00+05:30,5966.973534285144,6026.70201895718,5870.820274276723,5941.41748046875,968454,0.0,0.0
2021-04-26 00:00:00+05:30,6003.98514815265,6161.825196647985,5983.863695060384,6145.08154296875,697792,0.0,0.0
2021-04-27 00:00:00+05:30,6148.116971640512,6213.622374571027,6105.0341325336185,6194.92041015625,512910,0.0,0.0
2021-04-28 00:00:00+05:30,6227.4287809288435,6271.490777020321,6149.096343432883,6228.2119140625,414435,0.0,0.0
2021-04-29 00:00:00+05:30,6286.178230129036,6312.908983698091,6188.654247947502,6249.4111328125,406869,0.0,0.0
2021-04-30 00:00:00+05:30,6247.011827247072,6290.094667434983,6103.614319062146,6148.068359375,475175,0.0,0.0
2021-05-03 00:00:00+05:30,6121.6796826046875,6247.01157629845,6021.805829817471,6217.78369140625,402055,0.0,0.0
2021-05-04 00:00:00+05:30,6256.802920172189,6291.073358702084,6153.991604582506,6165.203125,330346,0.0,0.0
2021-05-05 00:00:00+05:30,6212.692485315579,6266.594800916541,6163.19589108077,6247.3544921875,215973,0.0,0.0
2021-05-06 00:00:00+05:30,6266.595052034698,6295.87170517277,6182.387681022981,6271.931640625,246632,0.0,0.0
2021-05-07 00:00:00+05:30,6325.295909079696,6388.01062905713,6281.233910565353,6346.7880859375,745582,0.0,0.0
2021-05-10 00:00:00+05:30,6452.634429474431,6467.321761256239,6198.054011923088,6269.63037109375,872011,0.0,0.0
2021-05-11 00:00:00+05:30,6256.8035039253355,6481.960497314939,6178.862632262046,6355.306640625,1139377,0.0,0.0
2021-05-12 00:00:00+05:30,6330.142813270981,6355.209291738651,6238.200199933279,6255.67822265625,392657,0.0,0.0
2021-05-14 00:00:00+05:30,6284.220116303883,6346.886069473631,6126.478066688749,6235.3603515625,405281,0.0,0.0
2021-05-17 00:00:00+05:30,6246.913599396184,6417.629443339874,6199.03299474154,6396.18603515625,357292,0.0,0.0
2021-05-18 00:00:00+05:30,6442.842940332369,6530.966931917462,6425.805730913235,6514.3212890625,451024,0.0,0.0
2021-05-19 00:00:00+05:30,6491.801257064458,6614.195700070952,6384.142913754628,6424.435546875,475946,0.0,0.0
2021-05-20 00:00:00+05:30,6462.426109010124,6494.199895287393,6384.779271396199,6436.8212890625,256088,0.0,0.0
2021-05-21 00:00:00+05:30,6470.1610799442515,6535.617716158206,6452.683059871988,6499.2421875,307027,0.0,0.0
2021-05-24 00:00:00+05:30,6511.383979443139,6533.3169667006105,6403.725642556755,6425.60986328125,288501,0.0,0.0
2021-05-25 00:00:00+05:30,6488.863111530999,6498.997465972282,6391.143589699896,6419.9306640625,176134,0.0,0.0
2021-05-26 00:00:00+05:30,6457.432297640119,6480.05088456228,6389.136203775172,6443.72412109375,248015,0.0,0.0
2021-05-27 00:00:00+05:30,6462.4262739763235,6584.771944449955,6443.087952929197,6534.1494140625,1707144,0.0,0.0
2021-05-28 00:00:00+05:30,6583.8410363150715,6594.611745922369,6448.326021967543,6460.95703125,285093,0.0,0.0
2021-05-31 00:00:00+05:30,6495.668051456439,6580.903336399286,6450.822448003662,6568.17431640625,328449,0.0,0.0
2021-06-01 00:00:00+05:30,6582.862213983955,6582.862213983955,6423.259872636434,6463.748046875,397989,0.0,0.0
2021-06-02 00:00:00+05:30,6463.747447360252,6530.966368409977,6415.76883385919,6456.74658203125,567704,0.0,0.0
2021-06-03 00:00:00+05:30,6491.801013541778,6516.279901224816,6437.947460639093,6503.25732421875,349479,0.0,0.0
2021-06-04 00:00:00+05:30,6491.800414346324,6545.653962278307,6477.749438492515,6525.38525390625,205504,0.0,0.0
2021-06-07 00:00:00+05:30,6550.501230927192,6763.957120231526,6524.112800159508,6706.8720703125,617042,0.0,0.0
2021-06-08 00:00:00+05:30,6751.277063105811,6751.277063105811,6584.820630802985,6652.77392578125,218632,0.0,0.0
2021-06-09 00:00:00+05:30,6633.778245488332,6646.1156999124,6542.716787653584,6584.57568359375,345102,0.0,0.0
2021-06-10 00:00:00+05:30,6607.340744873707,6622.811209199844,6541.737332024487,6569.7900390625,198704,0.0,0.0
2021-06-11 00:00:00+05:30,6584.918245530248,6614.146130592658,6511.38357747823,6523.9658203125,193014,0.0,0.0
2021-06-14 00:00:00+05:30,6516.279398135692,6546.535205355373,6442.842740756251,6539.28955078125,160001,0.0,0.0
2021-06-15 00:00:00+05:30,6539.289823154651,6605.431584081363,6521.518246949255,6529.30224609375,193128,0.0,0.0
2021-06-16 00:00:00+05:30,6531.505551670907,6554.564950636908,6428.155879532977,6450.0888671875,224100,0.0,0.0
2021-06-17 00:00:00+05:30,6418.36331893897,6609.2986121797185,6413.516308715426,6565.08984375,637296,0.0,0.0
2021-06-18 00:00:00+05:30,6570.133150904723,6587.709182691291,6446.1232072463745,6554.36865234375,367329,0.0,0.0
2021-06-21 00:00:00+05:30,6492.779619297008,6648.46533177902,6386.247700361931,6634.267578125,361652,0.0,0.0
2021-06-22 00:00:00+05:30,6648.465555597478,6795.338874204197,6610.719303956852,6715.978515625,542280,0.0,0.0
2021-06-23 00:00:00+05:30,6731.400415925582,6808.7536993779595,6640.632511063575,6759.453125,438444,0.0,0.0
2021-06-24 00:00:00+05:30,6756.172671007318,6833.036374583271,6745.450727483767,6816.83154296875,278305,0.0,0.0
2021-06-25 00:00:00+05:30,6854.088331016178,6854.088331016178,6746.3812286716375,6778.693359375,183496,0.0,0.0
2021-06-28 00:00:00+05:30,6805.130547855605,6834.456445558531,6715.782610806422,6726.259765625,127275,0.0,0.0
2021-06-29 00:00:00+05:30,6731.693710646916,6736.589487891023,6657.767474260902,6682.4423828125,235008,0.0,0.0
2021-06-30 00:00:00+05:30,6659.236210450372,6722.930081183753,6609.299282537863,6634.75732421875,283145,0.0,0.0
2021-07-01 00:00:00+05:30,6636.030078112175,6657.767520468174,6550.549998078106,6567.4404296875,274106,0.0,0.0
2021-07-02 00:00:00+05:30,6607.1942464218755,6607.1942464218755,6545.654230326132,6579.82666015625,256489,0.0,0.0
2021-07-05 00:00:00+05:30,6579.924609727782,6648.465491079113,6554.95614580694,6579.77783203125,134014,0.0,0.0
2021-07-06 00:00:00+05:30,6587.366011622788,6853.108693456656,6587.268000461445,6788.533203125,681761,0.0,0.0
2021-07-07 00:00:00+05:30,6791.911788243416,6816.880252252672,6669.076545631088,6780.74951171875,382398,0.0,0.0
2021-07-08 00:00:00+05:30,6773.797212766441,6849.094169135059,6700.360556079901,6758.03271484375,365610,0.0,0.0
2021-07-09 00:00:00+05:30,6746.381677699476,6776.3926994114,6692.528122942804,6755.732421875,170542,0.0,0.0
2021-07-12 00:00:00+05:30,6761.166213943885,6966.642075292781,6761.166213943885,6945.8837890625,610763,0.0,0.0
2021-07-13 00:00:00+05:30,6961.794778520515,7010.752547708424,6933.3505058636265,6980.251953125,372867,0.0,0.0
2021-07-14 00:00:00+05:30,6962.088303621371,7088.057025676684,6917.732756171281,6969.6767578125,379753,0.0,0.0
2021-07-15 00:00:00+05:30,6985.637564497993,7069.50213057874,6953.717002193569,7039.78466796875,292170,0.0,0.0
2021-07-16 00:00:00+05:30,7056.773462006059,7206.584248697737,7032.9309307256535,7181.66455078125,436381,0.0,0.0
2021-07-19 00:00:00+05:30,7152.534823572365,7231.063285017929,7093.98151658157,7159.927734375,365109,0.0,0.0
2021-07-20 00:00:00+05:30,7181.419513100196,7386.748598987254,7177.209335972504,7269.935546875,953888,0.0,0.0
2021-07-22 00:00:00+05:30,7357.373565727015,7389.196115751786,7138.042759402441,7303.52001953125,1163215,0.0,0.0
2021-07-23 00:00:00+05:30,7441.385491882457,7479.719810717897,7314.291304104645,7334.16796875,813619,0.0,0.0
2021-07-26 00:00:00+05:30,7358.353292088815,7480.747724758289,7265.088734394675,7457.93359375,369346,0.0,0.0
2021-07-27 00:00:00+05:30,7466.060387462461,7515.018160495002,7401.436127059507,7437.90966796875,297511,0.0,0.0
2021-07-28 00:00:00+05:30,7480.698986681522,7524.809749142088,7353.457542753036,7495.09228515625,289531,0.0,0.0
2021-07-29 00:00:00+05:30,7510.122512748786,7558.003119979948,7476.83122651235,7539.93798828125,227836,0.0,0.0
2021-07-30 00:00:00+05:30,7558.884002806915,7568.871579573653,7433.748128347112,7460.38134765625,245105,0.0,0.0
2021-08-02 00:00:00+05:30,7499.590859366344,7594.7864346035285,7498.852909170708,7519.26953125,202451,37.0,0.0
2021-08-03 00:00:00+05:30,7526.108200497841,7740.851711382747,7486.160399751113,7717.2373046875,385216,0.0,0.0
2021-08-04 00:00:00+05:30,7783.899158581149,7783.899158581149,7609.545922429792,7625.48583984375,258018,0.0,0.0
2021-08-05 00:00:00+05:30,7625.485221124657,7704.052413328927,7522.17219554813,7535.947265625,173662,0.0,0.0
2021-08-06 00:00:00+05:30,7566.449731189578,7595.86925109224,7385.553434441814,7406.7080078125,250068,0.0,0.0
2021-08-09 00:00:00+05:30,7475.927378190905,7494.327128403361,7353.9196136613355,7375.2216796875,236944,0.0,0.0
2021-08-10 00:00:00+05:30,7384.4213408336645,7423.975661975744,7306.69058987752,7354.06689453125,164588,0.0,0.0
2021-08-11 00:00:00+05:30,7345.0644833671395,7426.730973939071,7248.34400056311,7332.71630859375,129339,0.0,0.0
2021-08-12 00:00:00+05:30,7337.193350334842,7458.217191301877,7313.431448378586,7348.70556640625,206051,0.0,0.0
2021-08-13 00:00:00+05:30,7392.686507806026,7408.478930120644,7312.5944100054485,7340.83349609375,207505,0.0,0.0
2021-08-16 00:00:00+05:30,7340.833638561628,7355.838626036985,7214.250195936838,7228.61572265625,191968,0.0,0.0
2021-08-17 00:00:00+05:30,7258.478303297,7307.871963117666,7180.79655194593,7290.01318359375,203995,0.0,0.0
2021-08-18 00:00:00+05:30,7305.706989504598,7600.887069888622,7287.012251080277,7479.322265625,724989,0.0,0.0
2021-08-20 00:00:00+05:30,7474.550129218856,7502.395258100799,7316.087333672766,7372.958984375,358744,0.0,0.0
2021-08-23 00:00:00+05:30,7440.850461487834,7440.850461487834,7170.908178415351,7232.89599609375,310220,0.0,0.0
2021-08-24 00:00:00+05:30,7300.787673648531,7354.609036409133,7252.2799369402055,7335.56982421875,174447,0.0,0.0
2021-08-25 00:00:00+05:30,7345.064202103134,7367.645670022909,7251.590511654401,7263.7421875,146150,0.0,0.0
2021-08-26 00:00:00+05:30,7246.671322325962,7299.705249901063,7183.699568812199,7189.70166015625,183243,0.0,0.0
2021-08-27 00:00:00+05:30,7212.823937643954,7472.7789134723025,7200.6232567640845,7444.04833984375,497367,0.0,0.0
2021-08-30 00:00:00+05:30,7449.361156115761,7619.188188611106,7449.361156115761,7580.02734375,319952,0.0,0.0
2021-08-31 00:00:00+05:30,7609.7423857252525,7733.71801807609,7543.474362345694,7706.61083984375,475968,0.0,0.0
2021-09-01 00:00:00+05:30,7706.168265299797,7802.593761980004,7567.925588936848,7642.16357421875,352822,0.0,0.0
2021-09-02 00:00:00+05:30,7679.405336573372,7865.516775115097,7636.358238392416,7824.978515625,393057,0.0,0.0
2021-09-03 00:00:00+05:30,7866.548977474785,7900.494686007978,7745.525147052095,7802.44580078125,198454,0.0,0.0
2021-09-06 00:00:00+05:30,7841.753446993092,7916.384903155997,7802.494594273258,7824.830078125,212634,0.0,0.0
2021-09-07 00:00:00+05:30,7824.83074691804,7930.505123569148,7784.390978302396,7897.29736328125,240683,0.0,0.0
2021-09-08 00:00:00+05:30,7900.003009812359,7943.591076864961,7817.598569399881,7864.48291015625,198064,0.0,0.0
2021-09-09 00:00:00+05:30,7808.4971173223685,7854.741996923446,7773.07550741516,7812.08837890625,159693,0.0,0.0
2021-09-13 00:00:00+05:30,7837.031166853531,7837.031166853531,7777.995150530717,7816.8115234375,187063,0.0,0.0
2021-09-14 00:00:00+05:30,7841.950562491882,7844.9513677095265,7723.878533947462,7730.22509765625,168408,0.0,0.0
2021-09-15 00:00:00+05:30,7762.251752486296,7801.609094367326,7664.842331330745,7695.19677734375,235010,0.0,0.0
2021-09-16 00:00:00+05:30,7732.439309805578,7743.213094652313,7605.806861095088,7640.6875,216078,0.0,0.0
2021-09-17 00:00:00+05:30,7684.521226559496,7711.72689384155,7537.669140379726,7587.9482421875,503207,0.0,0.0
2021-09-20 00:00:00+05:30,7560.545587783378,7605.95402616725,7424.418281640176,7454.28076171875,291081,0.0,0.0
2021-09-21 00:00:00+05:30,7413.940213892738,7564.48206561478,7393.769573629327,7470.71337890625,214916,0.0,0.0
2021-09-22 00:00:00+05:30,7477.796699259722,7546.770539127012,7455.166226978115,7503.083984375,206063,0.0,0.0
2021-09-23 00:00:00+05:30,7519.3683186779635,7573.534153446031,7458.216939463431,7497.279296875,201988,0.0,0.0
2021-09-24 00:00:00+05:30,7510.364841620688,7519.810699856456,7379.501678521572,7400.65625,341258,0.0,0.0
2021-09-27 00:00:00+05:30,7422.401504800051,7547.6070537764945,7405.133182082174,7500.42724609375,261520,0.0,0.0
2021-09-28 00:00:00+05:30,7507.315035484144,7662.875036983205,7428.698835288033,7466.38330078125,403030,0.0,0.0
2021-09-29 00:00:00+05:30,7428.698902847954,7538.26000858186,7320.466203601162,7344.62158203125,490626,0.0,0.0
2021-09-30 00:00:00+05:30,7369.662259981424,7378.419172454088,7252.57416800041,7277.27099609375,422904,0.0,0.0
2021-10-01 00:00:00+05:30,7277.2716976143165,7381.47017409931,7238.012841429317,7363.31640625,366658,0.0,0.0
2021-10-04 00:00:00+05:30,7375.566854593918,7487.636804496272,7374.5829209153435,7394.85205078125,339796,0.0,0.0
2021-10-05 00:00:00+05:30,7379.502176855154,7443.31036843163,7330.403985125746,7344.08056640625,229310,0.0,0.0
2021-10-06 00:00:00+05:30,7378.370601167567,7417.875439274073,7227.976253734891,7244.703125,279814,0.0,0.0
2021-10-07 00:00:00+05:30,7302.755015346011,7338.127619646876,7194.473317270089,7236.43798828125,583113,0.0,0.0
2021-10-08 00:00:00+05:30,7257.494441817469,7286.2254959362945,7210.265627662475,7217.89111328125,234324,0.0,0.0
2021-10-11 00:00:00+05:30,7281.108862888374,7289.915261052485,7192.25984826307,7212.4794921875,346054,0.0,0.0
2021-10-12 00:00:00+05:30,7196.490271382455,7239.783349307096,7077.43430708969,7133.666015625,407411,0.0,0.0
2021-10-13 00:00:00+05:30,7146.3094783387305,7271.170551575602,7143.357677645488,7232.30517578125,347921,0.0,0.0
2021-10-14 00:00:00+05:30,7320.46619882868,7338.12799964152,7222.072835941197,7276.68115234375,599817,0.0,0.0
2021-10-18 00:00:00+05:30,7409.0202395892875,7521.1886734954205,7184.092915511301,7280.419921875,1413642,0.0,0.0
2021-10-19 00:00:00+05:30,7368.67918013479,7368.67918013479,7038.077470357078,7054.90283203125,868388,0.0,0.0
2021-10-20 00:00:00+05:30,6985.92869146092,7192.357772450963,6978.303205917424,7015.05322265625,703897,0.0,0.0
2021-10-21 00:00:00+05:30,7085.158125252221,7089.634830809589,6971.169325375995,7014.46240234375,318247,0.0,0.0
2021-10-22 00:00:00+05:30,7043.734830165258,7116.791901740571,6985.92872976055,7034.73193359375,330818,0.0,0.0
2021-10-25 00:00:00+05:30,7034.73172419912,7059.674536910062,6894.42269751871,7034.92822265625,245401,0.0,0.0
2021-10-26 00:00:00+05:30,7035.27291481538,7177.795796526621,7035.125420858854,7152.31201171875,372893,0.0,0.0
2021-10-27 00:00:00+05:30,7154.180968611024,7253.558258919057,7117.775426616991,7236.04443359375,364657,0.0,0.0
2021-10-28 00:00:00+05:30,7257.494462399494,7379.502232645907,7235.847922517066,7327.00927734375,556897,0.0,0.0
2021-10-29 00:00:00+05:30,7345.064078183319,7566.449130774243,7225.024183000685,7513.36572265625,659277,0.0,0.0
2021-11-01 00:00:00+05:30,7546.77061281805,7685.505248594757,7524.779601059797,7650.18212890625,469658,0.0,0.0
2021-11-02 00:00:00+05:30,7661.890929832554,7690.228025288584,7564.874980954549,7589.42431640625,177655,0.0,0.0
2021-11-03 00:00:00+05:30,7635.22611140266,7775.2891529706885,7605.855597875277,7761.12060546875,388455,0.0,0.0
2021-11-04 00:00:00+05:30,7770.123509979444,7805.446629544739,7735.390846651594,7754.18359375,32611,0.0,0.0
2021-11-08 00:00:00+05:30,7812.432779107158,8136.14693330442,7718.9590871657,8082.07958984375,825196,0.0,0.0
2021-11-09 00:00:00+05:30,8068.255990444373,8122.421346108119,8012.171771974211,8034.80224609375,253056,0.0,0.0
2021-11-10 00:00:00+05:30,8014.1396807367655,8056.301334260448,7920.665982803064,7976.55322265625,209152,0.0,0.0
2021-11-11 00:00:00+05:30,7969.862396469229,8011.040114938255,7876.388701695824,7921.30517578125,125814,0.0,0.0
2021-11-12 00:00:00+05:30,7955.1031044916745,7983.440199813664,7876.3884170013425,7950.92138671875,180509,0.0,0.0
2021-11-15 00:00:00+05:30,7950.183690745982,8041.246555573741,7901.970943116458,7921.45263671875,119066,0.0,0.0
2021-11-16 00:00:00+05:30,7989.540522902741,8008.235260579484,7730.077050446264,7755.7578125,277983,0.0,0.0
2021-11-17 00:00:00+05:30,7718.958929493549,7821.239017234788,7675.665852004993,7731.455078125,183623,0.0,0.0
2021-11-18 00:00:00+05:30,7772.091659233416,7802.593601433218,7591.096877779733,7642.9013671875,196805,0.0,0.0
2021-11-22 00:00:00+05:30,7673.698410498972,7683.144269471328,7429.289391934626,7530.8310546875,383629,0.0,0.0
2021-11-23 00:00:00+05:30,7497.574078256347,7590.752782925745,7419.548335469498,7534.91455078125,475377,0.0,0.0
2021-11-24 00:00:00+05:30,7605.806915185996,7643.245397412861,7428.698862827202,7455.56005859375,292766,0.0,0.0
2021-11-25 00:00:00+05:30,7438.832931800062,7511.791991881925,7396.769770807785,7486.5537109375,173989,0.0,0.0
2021-11-26 00:00:00+05:30,7428.699058559282,7476.911807416156,7251.689490986312,7275.943359375,265808,0.0,0.0
2021-11-29 00:00:00+05:30,7236.339604541258,7315.497254216005,7085.699275473469,7269.54736328125,382413,0.0,0.0
2021-11-30 00:00:00+05:30,7268.612498310167,7398.196745733143,7229.5011376714,7314.31640625,547664,0.0,0.0
2021-12-01 00:00:00+05:30,7489.702431170622,7555.37999781285,7173.859751138335,7204.9521484375,509749,0.0,0.0
2021-12-02 00:00:00+05:30,7241.751534246696,7270.28560958544,7145.32603827439,7205.54296875,239691,0.0,0.0
2021-12-03 00:00:00+05:30,7259.904988101213,7335.224912228643,7178.926965395903,7214.64404296875,401430,0.0,0.0
2021-12-06 00:00:00+05:30,7226.844852363212,7270.875881294143,7085.305906852161,7098.6875,173852,0.0,0.0
2021-12-07 00:00:00+05:30,7167.956451899574,7219.071995848465,7118.759770692302,7182.125,162646,0.0,0.0
2021-12-08 00:00:00+05:30,7211.249625400793,7338.915014798494,7182.715549928474,7304.67431640625,209590,0.0,0.0
2021-12-09 00:00:00+05:30,7356.675190893232,7394.458628782586,7271.269939127821,7314.41552734375,198582,0.0,0.0
2021-12-10 00:00:00+05:30,7330.3055536925285,7332.125926997828,7271.564523725314,7320.9091796875,144726,0.0,0.0
2021-12-13 00:00:00+05:30,7393.277057693374,7418.76084180231,7273.33564814678,7295.32666015625,220084,0.0,0.0
2021-12-14 00:00:00+05:30,7289.964536015469,7339.062729892723,7219.219801472493,7267.7275390625,210516,0.0,0.0
2021-12-15 00:00:00+05:30,7296.851483901096,7296.851483901096,7212.23319538768,7252.9189453125,113049,0.0,0.0
2021-12-16 00:00:00+05:30,7295.6706334134815,7320.465952200304,7253.361488797271,7294.6376953125,140591,0.0,0.0
2021-12-17 00:00:00+05:30,7291.734967049667,7291.734967049667,7184.68318301062,7219.46533203125,279606,0.0,0.0
2021-12-20 00:00:00+05:30,7153.197529753834,7153.197529753834,6922.170104323668,7045.80126953125,285814,0.0,0.0
2021-12-21 00:00:00+05:30,7121.710930786724,7256.50982516608,7064.741275161832,7209.62548828125,241099,0.0,0.0
2021-12-22 00:00:00+05:30,7202.393922722728,7305.706950302768,7194.965416247456,7258.72412109375,158971,0.0,0.0
2021-12-23 00:00:00+05:30,7315.348848321508,7315.348848321508,7182.66579557595,7222.66259765625,210152,0.0,0.0
2021-12-24 00:00:00+05:30,7243.719521586009,7330.305682669895,7086.191648344987,7108.7236328125,270337,0.0,0.0
2021-12-27 00:00:00+05:30,7103.01667106757,7177.795624800932,7057.066779691092,7128.64794921875,142927,0.0,0.0
2021-12-28 00:00:00+05:30,7158.117046870609,7297.835620156605,7158.117046870609,7287.11083984375,185895,0.0,0.0
2021-12-29 00:00:00+05:30,7266.349563228471,7340.144582489424,7255.23130583435,7301.72216796875,219901,0.0,0.0
2021-12-30 00:00:00+05:30,7301.72242750283,7374.484030818591,7261.528642829443,7278.35400390625,243710,0.0,0.0
2021-12-31 00:00:00+05:30,7330.305706054171,7536.439806110326,7302.21459246927,7469.08935546875,258372,0.0,0.0
2022-01-03 00:00:00+05:30,7477.895409736431,7625.485450718072,7448.426406045898,7599.8046875,250533,0.0,0.0
2022-01-04 00:00:00+05:30,7624.501971704343,7647.9688857068495,7489.408071645696,7527.43701171875,315188,0.0,0.0
2022-01-05 00:00:00+05:30,7527.584362205371,7644.18049931031,7472.976044827108,7536.48876953125,400874,0.0,0.0
2022-01-06 00:00:00+05:30,7516.809755361034,7576.239729258062,7305.755997777619,7338.7177734375,403448,0.0,0.0
2022-01-07 00:00:00+05:30,7345.163149349815,7458.217029072631,7319.531389635849,7436.521484375,543512,0.0,0.0
2022-01-10 00:00:00+05:30,7468.0558653521375,7495.2125282225,7401.443369872691,7463.28369140625,213126,0.0,0.0
2022-01-11 00:00:00+05:30,7487.43999699941,7556.019883303786,7439.719215558091,7484.09423828125,234296,0.0,0.0
2022-01-12 00:00:00+05:30,7540.670509293574,7604.823175402158,7487.636581683836,7535.65283203125,297378,0.0,0.0
2022-01-13 00:00:00+05:30,7557.5940030012725,7595.573936156088,7432.486941494265,7484.5859375,274893,0.0,0.0
2022-01-14 00:00:00+05:30,7511.349410273796,7576.2890305355295,7445.327366920432,7537.47265625,250253,0.0,0.0
2022-01-17 00:00:00+05:30,7512.332881042986,7818.336224331049,7379.6003372281275,7743.65576171875,1216949,0.0,0.0
2022-01-18 00:00:00+05:30,7681.569228581013,7767.17144747259,7399.180299593854,7434.50341796875,565178,0.0,0.0
2022-01-19 00:00:00+05:30,7477.796570675952,7477.796570675952,7234.863470665392,7314.95556640625,439305,0.0,0.0
2022-01-20 00:00:00+05:30,7349.983853460292,7438.094913504957,7276.188834851253,7345.55615234375,249483,0.0,0.0
2022-01-21 00:00:00+05:30,7310.626656978444,7334.880524160965,7193.538558434643,7239.43896484375,207851,0.0,0.0
2022-01-24 00:00:00+05:30,7241.750759851872,7246.670427487641,6974.760301171434,7041.0283203125,319304,0.0,0.0
2022-01-25 00:00:00+05:30,7005.606752394389,7038.962003063615,6887.53472847763,6984.3046875,467078,0.0,0.0
2022-01-27 00:00:00+05:30,7025.286075028087,7035.420399180272,6838.338686476919,6986.61767578125,418032,0.0,0.0
2022-01-28 00:00:00+05:30,7006.4928798903675,7149.6552228533,6980.025161367994,6995.62060546875,511605,0.0,0.0
2022-01-31 00:00:00+05:30,7073.400321479679,7162.593808256611,7052.442727498589,7100.45849609375,250406,0.0,0.0
2022-02-01 00:00:00+05:30,7146.506995870697,7414.431933480064,7118.956853990604,7395.4912109375,731348,0.0,0.0
2022-02-02 00:00:00+05:30,7451.034447522336,7453.297302713639,7305.7072571153485,7321.4501953125,324627,0.0,0.0
2022-02-03 00:00:00+05:30,7341.128305680934,7364.742711167644,7232.895613866847,7256.8544921875,167162,0.0,0.0
2022-02-04 00:00:00+05:30,7270.285440795968,7408.921590291074,7261.577532264386,7320.12158203125,462491,0.0,0.0
2022-02-07 00:00:00+05:30,7320.121705691341,7398.147930506753,7244.211322521222,7349.3447265625,391483,0.0,0.0
2022-02-08 00:00:00+05:30,7355.8390852080975,7378.51856404318,7237.619070845702,7302.1162109375,270604,0.0,0.0
2022-02-09 00:00:00+05:30,7316.530326397972,7426.632401306393,7302.214284542236,7383.48681640625,253643,0.0,0.0
2022-02-10 00:00:00+05:30,7393.965943600471,7427.665669070063,7340.439571936207,7354.41162109375,284223,0.0,0.0
2022-02-11 00:00:00+05:30,7340.243465697223,7340.243465697223,7176.910480971113,7205.9365234375,265177,0.0,0.0
2022-02-14 00:00:00+05:30,7126.139426676779,7126.139426676779,6936.732199940807,6975.2041015625,266661,0.0,0.0
2022-02-15 00:00:00+05:30,6985.929002941221,7200.869503664006,6918.086584745157,7173.17138671875,255775,0.0,0.0
2022-02-16 00:00:00+05:30,7167.956489310205,7202.3941663350315,7051.803316548151,7063.56103515625,322839,0.0,0.0
2022-02-17 00:00:00+05:30,7030.205500222936,7108.920187419275,6917.0531373782005,6932.7470703125,499955,0.0,0.0
2022-02-18 00:00:00+05:30,6935.74780760197,6951.34325093714,6789.141704135847,6805.47509765625,510600,0.0,0.0
2022-02-21 00:00:00+05:30,6789.141680783342,6801.489854999226,6681.892920898504,6703.982421875,424346,0.0,0.0
2022-02-22 00:00:00+05:30,6605.146791185002,6661.231010922459,6568.888739004303,6641.109375,359236,0.0,0.0
2022-02-23 00:00:00+05:30,6671.0701109402735,6755.688404382879,6626.793096929608,6671.26708984375,506540,0.0,0.0
2022-02-24 00:00:00+05:30,6518.461410505442,6542.321799573181,6293.436091353117,6315.32861328125,610393,0.0,0.0
2022-02-25 00:00:00+05:30,6444.7647985949925,6549.70121636577,6415.246791883871,6464.689453125,376464,0.0,0.0
2022-02-28 00:00:00+05:30,6432.95792264386,6495.929673492623,6336.679923110479,6462.37744140625,557289,0.0,0.0
2022-03-02 00:00:00+05:30,6433.941877108645,6433.941877108645,6240.106955898918,6296.53564453125,686927,0.0,0.0
2022-03-03 00:00:00+05:30,6312.917916142043,6333.728015492186,5869.016372910811,5884.61181640625,2406110,0.0,0.0
2022-03-04 00:00:00+05:30,5854.158930516099,6070.870305690883,5756.798508722749,5953.09326171875,1336552,0.0,0.0
2022-03-07 00:00:00+05:30,5834.03690227231,5834.03690227231,5593.317659625415,5606.5517578125,1280108,0.0,0.0
2022-03-08 00:00:00+05:30,5540.529993456046,5780.60978717,5538.759105185143,5739.7275390625,955847,0.0,0.0
2022-03-09 00:00:00+05:30,5795.368813472565,5961.4076058789315,5727.674375024528,5920.6728515625,813790,0.0,0.0
2022-03-10 00:00:00+05:30,6102.356197857598,6160.60525925386,5908.078316023766,5955.30712890625,967482,0.0,0.0
2022-03-11 00:00:00+05:30,5945.911189255574,6021.625077609702,5883.923367821998,5924.2646484375,533023,0.0,0.0
2022-03-14 00:00:00+05:30,5952.798364732243,5970.410680335671,5860.357609521908,5938.9248046875,466938,0.0,0.0
2022-03-15 00:00:00+05:30,5997.9117973576695,6072.838245731264,5876.100528081363,5924.51025390625,819263,0.0,0.0
2022-03-16 00:00:00+05:30,6031.513086509154,6215.705652222761,5982.316405542521,6204.5869140625,888929,0.0,0.0
2022-03-17 00:00:00+05:30,6277.840770475551,6365.558353845012,6238.138954073324,6271.19921875,979987,0.0,0.0
2022-03-21 00:00:00+05:30,6267.656936925853,6267.656936925853,6076.822825926086,6091.77880859375,531422,0.0,0.0
2022-03-22 00:00:00+05:30,6061.031174583026,6125.823300353134,5961.752367177531,6111.80224609375,1073804,0.0,0.0
2022-03-23 00:00:00+05:30,6211.081075561249,6211.081075561249,6095.517877869932,6133.84228515625,664235,0.0,0.0
2022-03-24 00:00:00+05:30,6102.3562798394205,6277.053500996954,6100.388412609546,6249.798828125,642226,0.0,0.0
2022-03-25 00:00:00+05:30,6282.416039172644,6287.975167928185,6183.087750027951,6211.27783203125,321023,0.0,0.0
2022-03-28 00:00:00+05:30,6243.058555514558,6292.206229934625,6144.7142021700265,6257.7685546875,325668,0.0,0.0
2022-03-29 00:00:00+05:30,6274.544169342453,6442.796804273856,6273.560235804842,6421.74072265625,671879,0.0,0.0
2022-03-30 00:00:00+05:30,6437.385732951099,6561.656357447824,6437.385732951099,6535.97607421875,705385,0.0,0.0
2022-03-31 00:00:00+05:30,6552.99777021945,6591.3711805856,6475.267015888018,6496.224609375,399272,0.0,0.0
2022-04-01 00:00:00+05:30,6496.913408737655,6581.384202407854,6459.57293731709,6563.3779296875,216837,0.0,0.0
2022-04-04 00:00:00+05:30,6525.447729346261,6649.866327035849,6515.608393204304,6635.5498046875,268314,0.0,0.0
2022-04-05 00:00:00+05:30,6661.230545863186,6706.491491965063,6572.725525387265,6618.0849609375,412049,0.0,0.0
2022-04-06 00:00:00+05:30,6592.35472669435,6682.876612493735,6582.515391281373,6627.923828125,297453,0.0,0.0
2022-04-07 00:00:00+05:30,6588.419211926598,6687.304536119941,6588.419211926598,6628.416015625,234000,0.0,0.0
2022-04-08 00:00:00+05:30,6689.7643329865305,6739.944944985694,6614.837887824061,6727.15380859375,309692,0.0,0.0
2022-04-11 00:00:00+05:30,6724.8417912714895,6807.344721045198,6690.748587570622,6748.5546875,359038,0.0,0.0
2022-04-12 00:00:00+05:30,6739.944964538885,6748.554383289208,6613.804488502478,6666.69091796875,385829,0.0,0.0
2022-04-13 00:00:00+05:30,6641.551541731196,6730.105562287612,6586.648241160742,6621.921875,386535,0.0,0.0
2022-04-18 00:00:00+05:30,6538.73040482498,6582.416958346361,6464.49242632226,6532.92529296875,240392,0.0,0.0
2022-04-19 00:00:00+05:30,6592.355514885841,6655.57325247262,6401.521389560237,6479.89208984375,353426,0.0,0.0
2022-04-20 00:00:00+05:30,6481.1703270695025,6718.052330446151,6479.891405622469,6697.783203125,328054,0.0,0.0
2022-04-21 00:00:00+05:30,6720.266560269161,6776.350776072286,6698.620020836376,6736.50146484375,181457,0.0,0.0
2022-04-22 00:00:00+05:30,6690.748373306906,6700.538704645317,6602.292840164716,6635.74658203125,237385,0.0,0.0
2022-04-25 00:00:00+05:30,6586.451733670392,6605.1954771884775,6451.308353206125,6489.09130859375,227496,0.0,0.0
2022-04-26 00:00:00+05:30,6572.676517530309,6586.648566972646,6508.720832853742,6553.19482421875,279555,0.0,0.0
2022-04-27 00:00:00+05:30,6469.363479520814,6523.332334064615,6431.039073273681,6443.240234375,327597,0.0,0.0
2022-04-28 00:00:00+05:30,6491.9939144806995,6528.399457802279,6445.798039631892,6510.6396484375,243308,0.0,0.0
2022-04-29 00:00:00+05:30,6511.082430745829,6687.797010137603,6415.444368355092,6523.72607421875,1139560,0.0,0.0
2022-05-02 00:00:00+05:30,6501.439621266463,6621.872995407714,6437.778926446635,6571.6923828125,329548,0.0,0.0
2022-05-04 00:00:00+05:30,6571.69259727929,6600.817128293861,6396.552414270499,6417.166015625,228457,0.0,0.0
2022-05-05 00:00:00+05:30,6454.604354451136,6489.927474267041,6238.138964515275,6253.5869140625,344367,0.0,0.0
2022-05-06 00:00:00+05:30,6198.781336603137,6198.781336603137,6061.0306402341785,6100.5849609375,499910,0.0,0.0
2022-05-09 00:00:00+05:30,6075.790542831842,6174.085422490138,6016.75452136303,6124.59375,355285,0.0,0.0
2022-05-10 00:00:00+05:30,6111.063903077183,6320.24827593269,6100.929099054751,6264.1640625,359456,0.0,0.0
2022-05-11 00:00:00+05:30,6267.607961793151,6333.088550012207,6110.178587443434,6238.3359375,217452,0.0,0.0
2022-05-12 00:00:00+05:30,6198.781667095838,6198.781667095838,5979.954930998641,6086.072265625,323730,0.0,0.0
2022-05-13 00:00:00+05:30,6167.689378697639,6191.697262826177,6044.107220515901,6096.99365234375,319217,0.0,0.0
2022-05-16 00:00:00+05:30,6095.173708267399,6095.173708267399,5727.477527108104,5916.19580078125,685657,0.0,0.0
2022-05-17 00:00:00+05:30,5916.195915485813,6027.429900190374,5884.316562083959,6009.62060546875,637179,0.0,0.0
2022-05-18 00:00:00+05:30,6064.9663387307,6178.118695796571,6031.561602883256,6133.595703125,371945,0.0,0.0
2022-05-19 00:00:00+05:30,6030.5289140956775,6077.167269718014,5952.798161246345,5975.03515625,259111,0.0,0.0
2022-05-20 00:00:00+05:30,6065.950652811721,6065.950652811721,5966.770337962178,6030.1845703125,374540,0.0,0.0
2022-05-23 00:00:00+05:30,6074.805971519031,6124.002650912609,5805.208168442223,5821.24609375,528566,0.0,0.0
2022-05-24 00:00:00+05:30,5852.387670001097,5861.882532540091,5739.9237785288715,5773.77099609375,458962,0.0,0.0
2022-05-25 00:00:00+05:30,5799.304877434009,5882.939236881224,5685.414558539712,5699.140625,571568,0.0,0.0
2022-05-26 00:00:00+05:30,5727.477605020055,5821.9352325895325,5615.063188876173,5779.8720703125,512954,0.0,0.0
2022-05-27 00:00:00+05:30,5810.12786721574,5880.479119121908,5791.482133452092,5852.43701171875,290626,0.0,0.0
2022-05-30 00:00:00+05:30,5903.601846885962,6057.833445135858,5869.705140773886,6004.6025390625,330562,0.0,0.0
2022-05-31 00:00:00+05:30,6011.834195822244,6041.3522033303725,5947.927517392616,5984.87451171875,431470,0.0,0.0
2022-06-01 00:00:00+05:30,5982.316142881621,6001.699826505946,5854.404777984481,5879.642578125,268629,0.0,0.0
2022-06-02 00:00:00+05:30,5870.148450468897,5927.167600522206,5811.112428506421,5911.326171875,320094,0.0,0.0
2022-06-03 00:00:00+05:30,6016.754390369625,6016.754390369625,5519.867887158397,5587.61181640625,2216480,0.0,0.0
2022-06-06 00:00:00+05:30,5588.743182010051,5642.859533244304,5485.43014783557,5491.67822265625,999722,0.0,0.0
2022-06-07 00:00:00+05:30,5470.6714200957185,5486.709347372166,5323.081363798173,5465.94873046875,1203977,0.0,0.0
2022-06-08 00:00:00+05:30,5492.26880634944,5523.114742919447,5411.635248965309,5442.9736328125,605175,0.0,0.0
2022-06-09 00:00:00+05:30,5436.233319239247,5446.072655563662,5357.5186286439275,5393.82568359375,375314,0.0,0.0
2022-06-10 00:00:00+05:30,5368.243479763094,5446.761672926545,5322.097087881856,5422.50732421875,493489,0.0,0.0
2022-06-13 00:00:00+05:30,5343.743722146937,5362.438461738318,5251.253957852735,5270.09619140625,441354,0.0,0.0
2022-06-14 00:00:00+05:30,5264.045043013561,5409.66722364272,5238.462768038167,5341.38232421875,610906,0.0,0.0
2022-06-15 00:00:00+05:30,5353.484363844555,5385.609700611552,5314.225508296749,5366.521484375,286759,0.0,0.0
2022-06-16 00:00:00+05:30,5391.956066514302,5397.859668046982,5192.266552496875,5220.013671875,732233,0.0,0.0
2022-06-17 00:00:00+05:30,5214.847983280377,5217.75077952107,5074.194485594542,5094.119140625,819352,0.0,0.0
2022-06-20 00:00:00+05:30,5095.7920330859015,5261.535837535641,5078.868183261426,5247.61279296875,506142,0.0,0.0
2022-06-21 00:00:00+05:30,5268.964144770722,5345.710961445253,5177.507329392383,5331.83740234375,292408,0.0,0.0
2022-06-22 00:00:00+05:30,5313.2409194646225,5340.79105756555,5234.526239176257,5323.03125,214821,0.0,0.0
2022-06-23 00:00:00+05:30,5340.7913042740565,5410.552096814841,5271.964960343093,5323.37548828125,296712,0.0,0.0
2022-06-24 00:00:00+05:30,5362.43805516847,5421.4740704547285,5347.876030239056,5380.44384765625,265862,0.0,0.0
2022-06-27 00:00:00+05:30,5421.474327045209,5492.317548741626,5399.876791589611,5470.9169921875,226613,0.0,0.0
2022-06-28 00:00:00+05:30,5470.671154417702,5495.269495939365,5391.956461548383,5483.21630859375,278114,0.0,0.0
2022-06-29 00:00:00+05:30,5452.959753449378,5557.256710119466,5432.395638268668,5528.03369140625,490615,0.0,0.0
2022-06-30 00:00:00+05:30,5538.562489779036,5558.241162686405,5446.072727114401,5517.2109375,572821,0.0,0.0
2022-07-01 00:00:00+05:30,5510.027982425753,5608.175355862712,5396.875622072367,5600.2548828125,329610,0.0,0.0
2022-07-04 00:00:00+05:30,5588.644602271473,5652.698778512117,5541.612766314963,5617.326171875,165959,0.0,0.0
2022-07-05 00:00:00+05:30,5618.752923960911,5670.4094388909425,5608.766093828372,5637.890625,307970,0.0,0.0
2022-07-06 00:00:00+05:30,5657.6182366964185,5750.993439854802,5636.21768075761,5734.4140625,371948,0.0,0.0
2022-07-07 00:00:00+05:30,5760.93095815216,5777.6088240654835,5678.526523012068,5745.04052734375,261593,0.0,0.0
2022-07-08 00:00:00+05:30,5756.995823799301,5863.211654185968,5712.325331884438,5745.287109375,410980,0.0,0.0
2022-07-11 00:00:00+05:30,5726.493147673165,5774.705890669039,5687.726262657619,5760.19287109375,189671,0.0,0.0
2022-07-12 00:00:00+05:30,5729.5439453963345,5742.777564292783,5637.939629499915,5686.0048828125,171919,0.0,0.0
2022-07-13 00:00:00+05:30,5689.10435903589,5790.449524892117,5677.641628111268,5705.7822265625,263686,0.0,0.0
2022-07-14 00:00:00+05:30,5706.814882649198,5757.930425367458,5590.956701195415,5642.908203125,285686,0.0,0.0
2022-07-15 00:00:00+05:30,5628.1002364616415,5738.300800532219,5609.405497913955,5713.75146484375,255753,0.0,0.0
2022-07-18 00:00:00+05:30,5738.300664669435,5894.746104601266,5718.031536741946,5886.2841796875,512929,0.0,0.0
2022-07-19 00:00:00+05:30,5898.583314473591,5998.01009085648,5886.530128135308,5988.072265625,555572,0.0,0.0
2022-07-20 00:00:00+05:30,6012.818414866973,6046.27215829775,5979.364671436197,5991.171875,371187,0.0,0.0
2022-07-21 00:00:00+05:30,6026.593046697453,6050.354946051456,5939.022959978094,6032.20166015625,328612,0.0,0.0
2022-07-22 00:00:00+05:30,6032.496432788319,6390.648235354775,6001.059564536884,6354.931640625,1441549,0.0,0.0
2022-07-25 00:00:00+05:30,6246.994356793921,6343.2228696271795,6159.473271874579,6280.349609375,919050,0.0,0.0
2022-07-26 00:00:00+05:30,6286.843736454699,6358.227926951706,6205.86619335883,6296.83056640625,549442,0.0,0.0
2022-07-27 00:00:00+05:30,6287.631205616478,6445.749540229567,6263.623319902255,6430.35107421875,424070,0.0,0.0
2022-07-28 00:00:00+05:30,6454.604874927564,6454.604874927564,6341.45250288234,6367.28076171875,462464,0.0,0.0
2022-07-29 00:00:00+05:30,6434.631248386427,6471.577765718549,6385.729552550592,6439.64892578125,360851,0.0,0.0
2022-08-01 00:00:00+05:30,6482.105662055538,6556.933621428064,6454.6535298016315,6550.685546875,414339,0.0,0.0
2022-08-02 00:00:00+05:30,6558.800453873426,6624.261199533515,6526.292592011283,6582.005859375,274658,38.0,0.0
2022-08-03 00:00:00+05:30,6595.563356684831,6625.2508136541555,6446.185775756468,6533.91259765625,266360,0.0,0.0
2022-08-04 00:00:00+05:30,6578.740176304665,6615.701155251727,6481.761154451798,6519.41455078125,275815,0.0,0.0
2022-08-05 00:00:00+05:30,6519.414602079038,6728.167089446879,6519.414602079038,6704.615234375,741250,0.0,0.0
2022-08-08 00:00:00+05:30,6684.625440462899,6704.615187241324,6577.750599964011,6608.279296875,313912,0.0,0.0
2022-08-10 00:00:00+05:30,6654.294926483128,6671.860004628932,6511.9927640388705,6526.935546875,271291,0.0,0.0
2022-08-11 00:00:00+05:30,6561.026806949914,6585.618012885948,6505.11543168671,6528.37060546875,303393,0.0,0.0
2022-08-12 00:00:00+05:30,6526.292622533339,6541.284691661182,6447.126070629978,6490.96435546875,269932,0.0,0.0
2022-08-16 00:00:00+05:30,6523.422555236182,6609.417120640094,6491.706167293498,6586.65673828125,270299,0.0,0.0
2022-08-17 00:00:00+05:30,6640.094320199944,6653.701070856091,6525.352109570942,6540.98779296875,341063,0.0,0.0
2022-08-18 00:00:00+05:30,6540.245486971773,6640.341594238471,6540.245486971773,6634.107421875,300992,0.0,0.0
2022-08-19 00:00:00+05:30,6654.938232792833,6712.234927779063,6537.177987483934,6578.294921875,641293,0.0,0.0
2022-08-22 00:00:00+05:30,6585.667704508118,6597.39434694689,6377.904786277509,6400.12109375,345960,0.0,0.0
2022-08-23 00:00:00+05:30,6377.855150869617,6511.448703292797,6338.370930903398,6427.72998046875,379309,0.0,0.0
2022-08-24 00:00:00+05:30,6384.881428673178,6465.631407783479,6384.881428673178,6440.54541015625,223101,0.0,0.0
2022-08-25 00:00:00+05:30,6461.970005509429,6537.1782322198,6387.355624596159,6407.59228515625,470687,0.0,0.0
2022-08-26 00:00:00+05:30,6439.654763700864,6501.552916684742,6403.584311090863,6449.25341796875,415698,0.0,0.0
2022-08-29 00:00:00+05:30,6335.302920952064,6511.448487951356,6335.302920952064,6438.51611328125,366457,0.0,0.0
2022-08-30 00:00:00+05:30,6470.727418825504,6620.302619792272,6457.021613474525,6608.279296875,467147,0.0,0.0
2022-09-01 00:00:00+05:30,6559.938318869557,6689.5735458678855,6536.188353617956,6563.40185546875,386222,0.0,0.0
2022-09-02 00:00:00+05:30,6570.823967835424,6597.196229440964,6476.81368516308,6508.97509765625,268505,0.0,0.0
2022-09-05 00:00:00+05:30,6506.501033094821,6550.883878225588,6428.719798630677,6454.00390625,385312,0.0,0.0
2022-09-06 00:00:00+05:30,6471.865495222654,6487.69880530271,6388.789903118653,6427.8291015625,341220,0.0,0.0
2022-09-07 00:00:00+05:30,6392.698889807002,6727.177562369659,6364.001015533875,6700.2607421875,918604,0.0,0.0
2022-09-08 00:00:00+05:30,6772.698287111623,6866.708564328982,6709.365047723087,6847.56005859375,879685,0.0,0.0
2022-09-09 00:00:00+05:30,6857.8024561440125,6955.771062660356,6693.680204043182,6712.97705078125,567059,0.0,0.0
2022-09-12 00:00:00+05:30,6712.97698293309,6828.114930612049,6669.781830771769,6798.03173828125,488043,0.0,0.0
2022-09-13 00:00:00+05:30,6827.125677747535,6896.990258057793,6783.584073193122,6824.45361328125,412295,0.0,0.0
2022-09-14 00:00:00+05:30,6719.261028768453,6891.844013634341,6689.672626915383,6804.11767578125,543948,0.0,0.0
2022-09-15 00:00:00+05:30,6837.021509961655,6852.854820738813,6687.7429801519,6719.310546875,437578,0.0,0.0
2022-09-16 00:00:00+05:30,6719.310330812896,6747.711524383891,6383.792783692096,6413.8759765625,831639,0.0,0.0
2022-09-19 00:00:00+05:30,6328.375814535896,6444.107603045805,6179.542803667913,6392.55029296875,808807,0.0,0.0
2022-09-20 00:00:00+05:30,6425.058709509297,6494.972575347028,6390.670737873606,6417.09228515625,373825,0.0,0.0
2022-09-21 00:00:00+05:30,6432.282283211245,6464.889199755391,6230.9516544690205,6247.97265625,616165,0.0,0.0
2022-09-22 00:00:00+05:30,6234.365730127762,6298.540210512454,6165.094999793008,6174.39697265625,492098,0.0,0.0
2022-09-23 00:00:00+05:30,6194.783006529502,6218.483687507926,6063.316947843125,6075.98388671875,570526,0.0,0.0
2022-09-26 00:00:00+05:30,6056.1915881102905,6174.990694982041,5942.438962078069,6112.74609375,497458,0.0,0.0
2022-09-27 00:00:00+05:30,6143.324589052852,6208.587710270011,6064.1580350702125,6128.33251953125,467962,0.0,0.0
2022-09-28 00:00:00+05:30,6085.928551054634,6212.2485811705965,6048.373725498464,6108.6396484375,378895,0.0,0.0
2022-09-29 00:00:00+05:30,6153.220578858265,6197.603426053865,6080.981096346742,6111.55908203125,407574,0.0,0.0
2022-09-30 00:00:00+05:30,6107.897354133555,6259.105269176832,6107.699244483701,6189.93359375,442887,0.0,0.0
2022-10-03 00:00:00+05:30,6220.907422151903,6289.089516917458,6164.303628638393,6177.51416015625,337932,0.0,0.0
2022-10-04 00:00:00+05:30,6282.756220915861,6315.363136722422,6214.722467536239,6241.8369140625,307268,0.0,0.0
2022-10-06 00:00:00+05:30,6273.94897815271,6300.519347672226,6192.308474888105,6221.74853515625,495617,0.0,0.0
2022-10-07 00:00:00+05:30,6234.365743632627,6241.4909263316285,6069.5013084399325,6138.87109375,454883,0.0,0.0
2022-10-10 00:00:00+05:30,6092.064245689008,6108.936423694491,6056.241187868673,6085.82958984375,282642,0.0,0.0
2022-10-11 00:00:00+05:30,6116.259358733597,6140.3557749728725,5997.460243262645,6013.44189453125,276525,0.0,0.0
2022-10-12 00:00:00+05:30,6021.605896096485,6125.511996193466,5994.689074984122,6113.34033203125,223353,0.0,0.0
2022-10-13 00:00:00+05:30,6107.699233125733,6151.2408349172965,6037.438921143891,6117.34765625,314360,0.0,0.0
2022-10-14 00:00:00+05:30,6194.782287439943,6194.782287439943,6104.730340450001,6127.49072265625,249291,0.0,0.0
2022-10-17 00:00:00+05:30,6105.720039470472,6216.35509747523,6018.834945962844,6206.16259765625,453912,0.0,0.0
2022-10-18 00:00:00+05:30,6239.313862040612,6376.865745755702,6224.717529056456,6280.62890625,558284,0.0,0.0
2022-10-19 00:00:00+05:30,6281.964946439944,6378.844917663207,6184.985920387974,6331.74072265625,919146,0.0,0.0
2022-10-20 00:00:00+05:30,6273.949522395021,6346.189004277488,6211.605859948509,6236.64208984375,476962,0.0,0.0
2022-10-21 00:00:00+05:30,6249.803322630221,6354.1051545523105,6249.803322630221,6296.6103515625,307899,0.0,0.0
2022-10-24 00:00:00+05:30,6372.90739004719,6376.865717618648,6303.9831078480365,6327.98046875,56532,0.0,0.0
2022-10-25 00:00:00+05:30,6353.1153601615415,6406.552779078788,6320.657269356175,6348.8603515625,313500,0.0,0.0
2022-10-27 00:00:00+05:30,6406.553363434707,6406.553363434707,6305.616007384298,6369.74072265625,248556,0.0,0.0
2022-10-28 00:00:00+05:30,6374.8863022864525,6402.594594193318,6339.756146475964,6378.6962890625,151834,0.0,0.0
2022-10-31 00:00:00+05:30,6410.610123654129,6660.776215989411,6387.5032913781615,6644.99267578125,538107,0.0,0.0
2022-11-01 00:00:00+05:30,6673.690832357118,6778.635796186797,6648.209099254664,6749.8388671875,429855,0.0,0.0
2022-11-02 00:00:00+05:30,6753.945638668957,6803.3754470126,6654.987450348774,6709.26611328125,255634,0.0,0.0
2022-11-03 00:00:00+05:30,6659.935350984704,6713.32348679077,6600.56043807087,6658.154296875,217701,0.0,0.0
2022-11-04 00:00:00+05:30,6688.584044616952,6887.490005997039,6665.625551319247,6821.2373046875,646411,0.0,0.0
2022-11-07 00:00:00+05:30,6852.8548856272855,6944.886005390944,6796.448715449559,6900.849609375,353341,0.0,0.0
2022-11-09 00:00:00+05:30,6927.073266164807,6986.448179874791,6786.552637051178,6831.57861328125,312745,0.0,0.0
2022-11-10 00:00:00+05:30,6823.16737910995,6823.16737910995,6719.261276890002,6730.443359375,330402,0.0,0.0
2022-11-11 00:00:00+05:30,6768.690552708222,6855.624931476531,6716.737505702015,6742.21923828125,293195,0.0,0.0
2022-11-14 00:00:00+05:30,6773.688260940399,6825.6413118826,6748.354867080199,6782.990234375,484476,0.0,0.0
2022-11-15 00:00:00+05:30,6808.323234056849,6927.0730579066785,6795.507955622014,6891.9921875,625270,0.0,0.0
2022-11-16 00:00:00+05:30,6914.159099016959,6961.7083136240635,6797.239616902959,6839.98974609375,307352,0.0,0.0
2022-11-17 00:00:00+05:30,6860.77113576682,6887.094110266832,6778.734895011319,6800.25830078125,196795,0.0,0.0
2022-11-18 00:00:00+05:30,6828.115080874927,6866.807829638742,6691.5527792574285,6743.45654296875,296995,0.0,0.0
2022-11-21 00:00:00+05:30,6738.8547757321785,6804.216951563631,6670.3262276685155,6684.4775390625,249498,0.0,0.0
2022-11-22 00:00:00+05:30,6684.724861651203,6844.9380763557,6670.326154933851,6771.75830078125,393509,0.0,0.0
2022-11-23 00:00:00+05:30,6805.552718318758,6832.568110444062,6730.492835862365,6752.9560546875,258946,0.0,0.0
2022-11-24 00:00:00+05:30,6773.589087400078,6818.219327970937,6759.833995554351,6788.72998046875,297230,0.0,0.0
2022-11-25 00:00:00+05:30,6832.0731981470035,6870.6668908943575,6778.635777419898,6802.3857421875,377893,0.0,0.0
2022-11-28 00:00:00+05:30,6802.385961745409,6852.755583676939,6791.500560875581,6820.4951171875,239438,0.0,0.0
2022-11-29 00:00:00+05:30,6828.1150471794745,6932.02114572351,6823.167137724997,6856.7138671875,336266,0.0,0.0
2022-11-30 00:00:00+05:30,6875.614933002596,7021.0834700134465,6833.1121977887215,7003.27099609375,489956,0.0,0.0
2022-12-01 00:00:00+05:30,7026.031499175145,7222.9582975323065,6961.757961408496,7198.21875,1086727,0.0,0.0
2022-12-02 00:00:00+05:30,7199.208145773316,7222.9581107903,7084.416648191226,7161.6533203125,442739,0.0,0.0
2022-12-05 00:00:00+05:30,7184.364725319247,7209.104273271448,7082.932578715222,7123.6044921875,235887,0.0,0.0
2022-12-06 00:00:00+05:30,7110.194908527088,7197.921726460847,7065.614439271297,7166.60107421875,312838,0.0,0.0
2022-12-07 00:00:00+05:30,7179.416500786123,7218.900720946905,7071.552076446263,7087.58349609375,324940,0.0,0.0
2022-12-08 00:00:00+05:30,7124.000164867744,7144.38564883766,7079.468978950388,7104.2578125,262827,0.0,0.0
2022-12-09 00:00:00+05:30,7126.1770271214045,7147.848773045066,6966.65623927396,7003.66650390625,211582,0.0,0.0
2022-12-12 00:00:00+05:30,7015.146144680079,7089.3155019504275,6897.534238294397,7072.3935546875,260579,0.0,0.0
2022-12-13 00:00:00+05:30,7105.148726484259,7167.541671740752,7080.656574561633,7150.02587890625,285708,0.0,0.0
2022-12-14 00:00:00+05:30,7170.411322442154,7203.117293833851,7100.250063057212,7122.56494140625,226179,0.0,0.0
2022-12-15 00:00:00+05:30,7122.565050852273,7142.356688962825,7014.156546379443,7039.78662109375,241610,0.0,0.0
2022-12-16 00:00:00+05:30,7033.997789799332,7090.156565488814,6920.294920328564,6941.02685546875,285180,0.0,0.0
2022-12-19 00:00:00+05:30,6969.426938929755,7040.281096832035,6936.968847159413,7002.28125,251219,0.0,0.0
2022-12-20 00:00:00+05:30,7016.135590984036,7050.820242905757,6932.614976215409,7024.05224609375,488123,0.0,0.0
2022-12-21 00:00:00+05:30,7056.213741814737,7078.776015869379,6853.844243153898,6878.287109375,388167,0.0,0.0
2022-12-22 00:00:00+05:30,6908.270976183024,7018.114562826244,6788.531570923298,6939.34375,338708,0.0,0.0
2022-12-23 00:00:00+05:30,6898.326047238127,6912.229479470301,6803.474526747126,6837.4169921875,289661,0.0,0.0
2022-12-26 00:00:00+05:30,6839.0003990322175,7030.880229664718,6792.8365007911925,7000.30224609375,328414,0.0,0.0
2022-12-27 00:00:00+05:30,7026.031067470777,7091.29418312872,6967.645738881936,7033.15625,295144,0.0,0.0
2022-12-28 00:00:00+05:30,7032.364603736648,7082.932334647314,6953.098998190318,6980.3125,260015,0.0,0.0
2022-12-29 00:00:00+05:30,6956.810092069805,6962.104451911145,6833.063067876421,6909.458984375,449116,0.0,0.0
2022-12-30 00:00:00+05:30,6927.072886067448,6979.570009447727,6877.841189484326,6886.54931640625,232317,0.0,0.0
2023-01-02 00:00:00+05:30,6907.182544909094,6966.607227385006,6877.693197832628,6944.83642578125,212580,0.0,0.0
2023-01-03 00:00:00+05:30,6956.711143101181,6965.66666559612,6887.53898499794,6920.73974609375,188315,0.0,0.0
2023-01-04 00:00:00+05:30,6927.073315965191,6988.427393906596,6911.091664882214,6932.36767578125,319221,0.0,0.0
2023-01-05 00:00:00+05:30,6941.867368959166,6968.833474282414,6872.645925503069,6934.0,236570,0.0,0.0
2023-01-06 00:00:00+05:30,6934.000422391033,6956.661751422612,6878.583835598697,6909.458984375,160184,0.0,0.0
2023-01-09 00:00:00+05:30,6966.656308544243,6990.406273232462,6929.942724824851,6961.56005859375,298470,0.0,0.0
2023-01-10 00:00:00+05:30,6976.502799189577,6976.502799189577,6817.377746823549,6848.203125,263888,0.0,0.0
2023-01-11 00:00:00+05:30,6875.615145977103,6959.729608758918,6849.886016185018,6948.794921875,295408,0.0,0.0
2023-01-12 00:00:00+05:30,6951.7634660210815,7092.28409388741,6951.7634660210815,7078.82568359375,566492,0.0,0.0
2023-01-13 00:00:00+05:30,7100.250362949066,7182.385663314888,7063.635831460687,7173.38037109375,462134,0.0,0.0
2023-01-16 00:00:00+05:30,7194.260666316205,7258.336096597357,7174.716423103036,7208.9560546875,440500,0.0,0.0
2023-01-17 00:00:00+05:30,7204.15600141554,7312.020425063108,7187.184769012598,7300.78857421875,385734,0.0,0.0
2023-01-18 00:00:00+05:30,7296.187176273049,7306.082995039186,7194.260242981834,7207.5703125,447736,0.0,0.0
2023-01-19 00:00:00+05:30,7184.364417235979,7184.364417235979,7111.184644253778,7137.2109375,412001,0.0,0.0
2023-01-20 00:00:00+05:30,7137.210916604943,7189.312305566651,7075.510390199801,7102.37744140625,353292,0.0,0.0
2023-01-23 00:00:00+05:30,7050.771091953629,7110.096720594521,6758.844429199058,6778.388671875,998103,0.0,0.0
2023-01-24 00:00:00+05:30,6810.302435361551,6825.7892950018895,6711.938094035433,6738.755859375,444188,0.0,0.0
2023-01-25 00:00:00+05:30,6735.045035386081,6759.685527727234,6602.490348378556,6635.24560546875,509299,0.0,0.0
2023-01-27 00:00:00+05:30,6663.843950968582,6728.166769028125,6535.297369669977,6645.6357421875,635582,0.0,0.0
2023-01-30 00:00:00+05:30,6676.7089945349535,6832.024065045845,6573.346973114485,6815.943359375,699269,0.0,0.0
2023-01-31 00:00:00+05:30,6852.8547506664845,7025.042003607418,6820.742624297196,7011.73193359375,593220,0.0,0.0
2023-02-01 00:00:00+05:30,7011.187678142423,7163.5832889305575,6908.865007537817,7067.0,648015,0.0,0.0
2023-02-02 00:00:00+05:30,7026.031444041755,7233.843641682427,6932.070449973652,7092.9765625,647192,0.0,0.0
2023-02-03 00:00:00+05:30,7110.096523103088,7149.729084125616,7056.708387390971,7114.30224609375,364197,0.0,0.0
2023-02-06 00:00:00+05:30,7081.744229083988,7132.658407316275,7038.697419647166,7052.9970703125,314446,0.0,0.0
2023-02-07 00:00:00+05:30,7080.409120515808,7129.937500716354,6978.679812545994,6998.125,295067,0.0,0.0
2023-02-08 00:00:00+05:30,7039.885358041372,7217.762697528008,7039.885358041372,7174.81494140625,559696,0.0,0.0
2023-02-09 00:00:00+05:30,7174.468812431448,7174.468812431448,7085.406440966782,7104.95068359375,334529,0.0,0.0
2023-02-10 00:00:00+05:30,7100.250237329067,7151.609442058484,7072.591229537991,7130.9765625,407822,0.0,0.0
2023-02-13 00:00:00+05:30,7139.833608604006,7174.4689760747115,7080.458692939939,7104.4560546875,323236,0.0,0.0
2023-02-14 00:00:00+05:30,7139.981697027303,7154.578029945756,7051.315062795675,7064.8232421875,328419,0.0,0.0
2023-02-15 00:00:00+05:30,7063.635502832698,7102.229196389784,6974.226682786594,7077.34130859375,404971,0.0,0.0
2023-02-16 00:00:00+05:30,7112.767946312468,7118.853778101425,7033.947847947241,7097.03369140625,264069,0.0,0.0
2023-02-17 00:00:00+05:30,7101.2396622319675,7316.275614244528,7101.2396622319675,7221.8203125,1063293,0.0,0.0
2023-02-20 00:00:00+05:30,7224.937101504787,7413.947235238168,7224.937101504787,7349.47607421875,713498,0.0,0.0
2023-02-21 00:00:00+05:30,7367.239107997589,7407.020493504949,7244.729062518334,7264.0751953125,399493,0.0,0.0
2023-02-22 00:00:00+05:30,7250.666491387087,7255.466060181427,7117.072936543733,7130.6796875,402548,0.0,0.0
2023-02-23 00:00:00+05:30,7166.353684241158,7190.301758409796,7067.692663214494,7102.1796875,286748,0.0,0.0
2023-02-24 00:00:00+05:30,7137.7056381880575,7166.353743209399,7091.244576435928,7141.515625,206602,0.0,0.0
2023-02-27 00:00:00+05:30,7144.780971716831,7159.624699497406,7062.101601256733,7111.7783203125,295092,0.0,0.0
2023-02-28 00:00:00+05:30,7107.226513094263,7208.065295564413,7087.583698875335,7185.65087890625,429256,0.0,0.0
2023-03-01 00:00:00+05:30,7151.708496865137,7267.489580874161,7144.781423462888,7198.3671875,317216,0.0,0.0
2023-03-02 00:00:00+05:30,7198.366757065412,7253.635000330246,7177.288856822376,7213.26025390625,180178,0.0,0.0
2023-03-03 00:00:00+05:30,7253.63505569598,7273.426692955723,7113.361826617548,7140.7734375,408754,0.0,0.0
2023-03-06 00:00:00+05:30,7168.531253735972,7179.9114455385625,7116.08341325447,7125.58349609375,154817,0.0,0.0
2023-03-08 00:00:00+05:30,7139.784122409694,7207.570482557101,7112.42179632031,7191.5390625,237790,0.0,0.0
2023-03-09 00:00:00+05:30,7191.2914381589535,7225.184617153992,7132.0155808765585,7167.4921875,158808,0.0,0.0
2023-03-10 00:00:00+05:30,7124.989393342431,7167.492127515146,7062.05189039572,7151.1142578125,154319,0.0,0.0
2023-03-13 00:00:00+05:30,7149.729180435433,7182.385382920466,6981.302148886423,7001.8857421875,176576,0.0,0.0
2023-03-14 00:00:00+05:30,7006.240018469659,7040.875385792602,6918.167227277032,6990.357421875,210976,0.0,0.0
2023-03-15 00:00:00+05:30,7051.760379625392,7113.114455339224,7008.416887156875,7026.7734375,265536,0.0,0.0
2023-03-16 00:00:00+05:30,7061.2605342638235,7075.312306992904,7002.330643604424,7030.58349609375,459814,0.0,0.0
2023-03-17 00:00:00+05:30,7084.564844779053,7232.754727653044,7084.564844779053,7214.00244140625,383505,0.0,0.0
2023-03-20 00:00:00+05:30,7199.207766524557,7208.509739027333,7024.051783751382,7167.7392578125,520041,0.0,0.0
2023-03-21 00:00:00+05:30,7167.541822149876,7283.322906395567,7161.7033854806195,7276.1484375,350524,0.0,0.0
2023-03-22 00:00:00+05:30,7283.322740532806,7371.4945839354505,7276.395667274148,7319.5908203125,381601,0.0,0.0
2023-03-23 00:00:00+05:30,7294.2077071310505,7387.228399638216,7281.788648377211,7330.77294921875,232908,0.0,0.0
2023-03-24 00:00:00+05:30,7326.8643568232155,7353.781177667865,7251.210627608287,7328.4970703125,228994,0.0,0.0
2023-03-27 00:00:00+05:30,7329.83287794411,7405.486604841209,7315.4346550784285,7372.5830078125,251626,0.0,0.0
2023-03-28 00:00:00+05:30,7406.030709395194,7433.639946908147,7291.585662856396,7325.9736328125,249783,0.0,0.0
2023-03-29 00:00:00+05:30,7342.499376355006,7520.8222228643135,7322.905848578411,7491.876953125,445346,0.0,0.0
2023-03-31 00:00:00+05:30,7496.181578113454,7564.660352304041,7468.423517269071,7542.7412109375,378456,0.0,0.0
2023-04-03 00:00:00+05:30,7590.9835832833105,7656.395042505807,7501.129741423433,7560.900390625,360584,0.0,0.0
2023-04-05 00:00:00+05:30,7496.0826602283205,7619.433943602332,7496.0826602283205,7611.814453125,233489,0.0,0.0
2023-04-06 00:00:00+05:30,7609.884686163513,7649.467961514169,7588.95512596071,7621.611328125,227682,0.0,0.0
2023-04-10 00:00:00+05:30,7621.611090952998,7691.030161300147,7588.113648591035,7616.0693359375,226983,0.0,0.0
2023-04-11 00:00:00+05:30,7634.624194155725,7712.75187675665,7634.624194155725,7660.798828125,354799,0.0,0.0
2023-04-12 00:00:00+05:30,7669.259407224022,7712.801009019874,7595.040767799273,7602.80908203125,264416,0.0,0.0
2023-04-13 00:00:00+05:30,7624.778057153203,7668.270376258327,7548.976467863839,7575.4970703125,292568,0.0,0.0
2023-04-17 00:00:00+05:30,7575.496839269076,7742.488784878515,7565.402910612302,7661.78857421875,488286,0.0,0.0
2023-04-18 00:00:00+05:30,7697.957279166404,7697.957279166404,7491.1346706889935,7516.1708984375,437232,0.0,0.0
2023-04-19 00:00:00+05:30,7525.769984180022,7554.467857886954,7400.5878799066795,7437.59814453125,341302,0.0,0.0
2023-04-20 00:00:00+05:30,7493.707831401244,7520.822278239199,7368.030932804352,7397.916015625,263429,0.0,0.0
2023-04-21 00:00:00+05:30,7421.913005279346,7439.132115663908,7262.788440411705,7281.837890625,388408,0.0,0.0
2023-04-24 00:00:00+05:30,7273.426757909014,7380.301600066045,7232.408396044185,7363.033203125,513771,0.0,0.0
2023-04-25 00:00:00+05:30,7378.22348147308,7429.236717573432,7347.942179146081,7361.69775390625,285446,0.0,0.0
2023-04-26 00:00:00+05:30,7386.239018484545,7402.072328277653,7223.947593105196,7379.212890625,230254,0.0,0.0
2023-04-27 00:00:00+05:30,7381.291011696969,7429.780522298009,7359.421156195199,7422.75439453125,205177,0.0,0.0
2023-04-28 00:00:00+05:30,7433.738804885113,7500.040788368513,7411.968004338325,7477.478515625,457487,0.0,0.0
2023-05-02 00:00:00+05:30,7466.89023831721,7503.009977724615,7362.489347701285,7378.91650390625,544731,0.0,0.0
2023-05-03 00:00:00+05:30,7445.614040062841,7463.4265138428955,7356.99717628478,7428.9892578125,384431,0.0,0.0
2023-05-04 00:00:00+05:30,7436.411308263531,7450.562136176855,7407.06981832948,7424.0908203125,232203,0.0,0.0
2023-05-05 00:00:00+05:30,7441.655947324406,7589.004596770203,7427.307009660018,7549.322265625,319654,0.0,0.0
2023-05-08 00:00:00+05:30,7550.509725857554,7673.21787867621,7540.613907081856,7654.861328125,295156,0.0,0.0
2023-05-09 00:00:00+05:30,7678.116668489828,7741.499195842783,7607.410848528875,7635.861328125,289797,0.0,0.0
2023-05-10 00:00:00+05:30,7679.155544361818,7693.9992728625175,7641.551432160047,7662.53076171875,234884,0.0,0.0
2023-05-11 00:00:00+05:30,7708.843132816958,7773.957429672662,7669.358910970657,7753.81982421875,320219,0.0,0.0
2023-05-12 00:00:00+05:30,7758.27291748761,7837.488756400532,7611.665970419455,7622.7001953125,246799,0.0,0.0
2023-05-15 00:00:00+05:30,7648.37931387902,7693.999135294347,7636.108595176699,7680.095703125,183594,0.0,0.0
2023-05-16 00:00:00+05:30,7689.051134722544,7724.032950487839,7604.936675719788,7618.494140625,250490,0.0,0.0
2023-05-17 00:00:00+05:30,7636.603461255118,7679.106196798079,7573.2702201613865,7620.22607421875,205629,0.0,0.0
2023-05-18 00:00:00+05:30,7664.113301184837,7686.923452692056,7507.462687963546,7524.9287109375,157714,0.0,0.0
2023-05-19 00:00:00+05:30,7557.436619486423,7609.043216537006,7506.077417899357,7601.27490234375,138709,0.0,0.0
2023-05-22 00:00:00+05:30,7575.249047393845,7657.384340788187,7570.3011381532215,7635.26708984375,139603,0.0,0.0
2023-05-23 00:00:00+05:30,7595.04114882306,7671.634691913049,7545.858734685864,7574.50732421875,149291,0.0,0.0
2023-05-24 00:00:00+05:30,7570.301305609154,7603.897803373848,7510.9756792240905,7574.0615234375,160565,0.0,0.0
2023-05-25 00:00:00+05:30,7564.660581268612,7588.212919958017,7515.181487208029,7542.345703125,257361,0.0,0.0
2023-05-26 00:00:00+05:30,7590.09291561733,7669.259464932764,7554.368913599885,7641.40283203125,252078,0.0,0.0
2023-05-29 00:00:00+05:30,7669.259280087256,7775.837437812108,7654.415552448378,7758.86572265625,210769,0.0,0.0
2023-05-30 00:00:00+05:30,7783.061708337675,7886.967808703276,7758.916006415384,7819.626953125,414785,0.0,0.0
2023-05-31 00:00:00+05:30,7812.748854655785,7844.860979578026,7698.798599095321,7788.05859375,1137662,0.0,0.0
2023-06-01 00:00:00+05:30,7788.999176444058,7816.509360133075,7728.436570563322,7761.0927734375,184642,0.0,0.0
2023-06-02 00:00:00+05:30,7779.103108875031,7864.652655131019,7744.913248417639,7768.86083984375,248325,0.0,0.0
2023-06-05 00:00:00+05:30,7814.728005351889,7842.43629763375,7783.061385601191,7799.88427734375,186015,0.0,0.0
2023-06-06 00:00:00+05:30,7805.821806105095,8035.404800402303,7805.821806105095,8025.0634765625,635244,0.0,0.0
2023-06-07 00:00:00+05:30,8050.347688838782,8086.764108926973,7998.344870868458,8072.61328125,298650,0.0,0.0
2023-06-08 00:00:00+05:30,8084.884111001273,8128.376428719441,8001.759231524638,8015.76171875,349085,0.0,0.0
2023-06-09 00:00:00+05:30,8073.009107756109,8132.0873402264,8023.728122611875,8068.30859375,325814,0.0,0.0
2023-06-12 00:00:00+05:30,8075.482864118134,8119.519257409385,8017.938774916847,8113.185546875,195134,0.0,0.0
2023-06-13 00:00:00+05:30,8126.941526869068,8231.639100841609,8126.199340428258,8190.07666015625,249199,0.0,0.0
2023-06-14 00:00:00+05:30,8222.38717335542,8279.78292671108,8190.52244114576,8271.22265625,289643,0.0,0.0
2023-06-15 00:00:00+05:30,8292.69602705762,8340.195956568212,8222.435714656534,8246.3837890625,406197,0.0,0.0
2023-06-16 00:00:00+05:30,8277.803534115816,8344.303632892592,8219.318662392861,8246.43359375,356982,0.0,0.0
2023-06-19 00:00:00+05:30,8270.925058160781,8327.924585861183,8166.920392836229,8182.4560546875,187488,0.0,0.0
2023-06-20 00:00:00+05:30,8181.862889251682,8205.019491531397,8086.170129284249,8157.56884765625,343189,0.0,0.0
2023-06-21 00:00:00+05:30,8166.42553103637,8265.631110108423,8141.289765843258,8155.68798828125,373929,0.0,0.0
2023-06-22 00:00:00+05:30,8190.769202189922,8192.748365945434,8060.837294918214,8077.70947265625,226654,0.0,0.0
2023-06-23 00:00:00+05:30,8078.155318852931,8079.985658848639,7976.030271478857,7996.02001953125,198255,0.0,0.0
2023-06-26 00:00:00+05:30,7976.030327472057,8183.842532033985,7976.030327472057,8082.0146484375,241856,0.0,0.0
2023-06-27 00:00:00+05:30,8099.678450021746,8143.367910449729,8083.547975365512,8122.98291015625,236562,0.0,0.0
2023-06-28 00:00:00+05:30,8115.659470404809,8232.13344953615,8096.7588432830435,8174.58984375,282115,0.0,0.0
2023-06-30 00:00:00+05:30,8213.529289045782,8232.331344044802,8150.888951721486,8208.333984375,225746,0.0,0.0
2023-07-03 00:00:00+05:30,8295.665023062951,8410.456522845285,8276.170066460134,8375.623046875,373703,0.0,0.0
2023-07-04 00:00:00+05:30,8409.466145845729,8409.466145845729,8296.653820519015,8324.0654296875,206677,0.0,0.0
2023-07-05 00:00:00+05:30,8342.125244363271,8363.945329660946,8255.8335185789,8289.9248046875,195350,0.0,0.0
2023-07-06 00:00:00+05:30,8327.330854053827,8391.604385295966,8292.69549102449,8322.5810546875,275687,0.0,0.0
2023-07-07 00:00:00+05:30,8330.250528220782,8359.393906283862,8238.862066726233,8249.599609375,354695,0.0,0.0
2023-07-10 00:00:00+05:30,8263.00917750242,8346.579565395721,8249.155030378464,8264.3447265625,173234,0.0,0.0
2023-07-11 00:00:00+05:30,8307.836558847212,8355.336489058402,8218.526794231382,8239.16015625,300378,0.0,0.0
2023-07-12 00:00:00+05:30,8276.862911081671,8286.115115178878,8067.566341773472,8134.85791015625,508967,0.0,0.0
2023-07-13 00:00:00+05:30,8181.863069428209,8263.008784437052,8121.003783171577,8148.21728515625,272841,0.0,0.0
2023-07-14 00:00:00+05:30,8212.540228759492,8212.540228759492,8063.113361119695,8097.30322265625,249245,0.0,0.0
2023-07-17 00:00:00+05:30,8121.49795094676,8173.945787111032,8104.625774288594,8165.03955078125,202735,0.0,0.0
2023-07-18 00:00:00+05:30,8139.310800212703,8165.039928578117,8072.019233718544,8090.8212890625,280527,0.0,0.0
2023-07-19 00:00:00+05:30,8080.925821373202,8269.787141039798,8078.699262091046,8242.42578125,150429,0.0,0.0
2023-07-20 00:00:00+05:30,8262.959422221264,8262.959422221264,8079.936060015222,8138.47021484375,307197,0.0,0.0
2023-07-21 00:00:00+05:30,8158.112904872842,8226.888844573066,7987.90482388811,8034.61328125,656733,0.0,0.0
2023-07-24 00:00:00+05:30,8114.571541402612,8158.2619686352255,8004.134105249056,8134.21435546875,482809,0.0,0.0
2023-07-25 00:00:00+05:30,8158.80594067737,8327.33154200494,8158.80594067737,8305.857421875,583167,0.0,0.0
2023-07-26 00:00:00+05:30,8328.222687143096,8370.477061103269,8253.113034482485,8265.333984375,191345,0.0,0.0
2023-07-27 00:00:00+05:30,8302.761865442042,8341.332930904922,8206.33371638219,8239.3876953125,216816,38.0,0.0
2023-07-28 00:00:00+05:30,8246.098566536626,8292.473939563895,8176.511236861213,8257.779296875,204996,0.0,0.0
2023-07-31 00:00:00+05:30,8279.897952237823,8360.420432023064,8252.609584371754,8269.1123046875,240038,0.0,0.0
2023-08-01 00:00:00+05:30,8297.791402410428,8318.667599780816,8221.841419845565,8232.9755859375,217562,0.0,0.0
2023-08-02 00:00:00+05:30,8219.257739932518,8265.980661289173,8164.980011104172,8238.841796875,134414,0.0,0.0
2023-08-03 00:00:00+05:30,8236.256168872364,8236.256168872364,8032.365690472239,8088.1845703125,390602,0.0,0.0
2023-08-04 00:00:00+05:30,8129.788251192206,8183.320401061143,8100.7106886650145,8110.05517578125,248048,0.0,0.0
2023-08-07 00:00:00+05:30,8140.027274969605,8201.36372877497,8111.894306279244,8127.25341796875,195297,0.0,0.0
2023-08-08 00:00:00+05:30,8127.253139074303,8181.431843059744,8089.029620725343,8108.7626953125,166007,0.0,0.0
2023-08-09 00:00:00+05:30,8111.894244105409,8125.7621986470285,8038.330497283865,8063.431640625,222338,0.0,0.0
2023-08-10 00:00:00+05:30,8086.047392966778,8156.62882459951,8028.389322055532,8054.43505859375,296178,0.0,0.0
2023-08-11 00:00:00+05:30,8077.10057982928,8106.923720431726,7997.323678717736,8085.00390625,293096,0.0,0.0
2023-08-14 00:00:00+05:30,8081.872288522681,8094.547123592943,7971.775191735893,8006.8173828125,544313,0.0,0.0
2023-08-16 00:00:00+05:30,7957.75858083597,8216.275312883656,7940.560278352632,8203.2529296875,282782,0.0,0.0
2023-08-17 00:00:00+05:30,8176.61020222372,8184.563039845678,8102.002838443801,8158.96484375,248724,0.0,0.0
2023-08-18 00:00:00+05:30,8151.658344038271,8197.785189331553,8117.6597699545055,8166.42041015625,265260,0.0,0.0
2023-08-21 00:00:00+05:30,8165.9737079301485,8230.142969576043,8157.1257881334695,8170.84423828125,216794,0.0,0.0
2023-08-22 00:00:00+05:30,8173.578142859001,8219.207935729788,8143.7550026311255,8155.1376953125,193112,0.0,0.0
2023-08-23 00:00:00+05:30,8161.500223852729,8186.35284031435,8098.970652513157,8113.78271484375,208545,0.0,0.0
2023-08-24 00:00:00+05:30,8162.593669017708,8274.927499805553,8115.870748247541,8162.99169921875,273837,0.0,0.0
2023-08-25 00:00:00+05:30,8130.781972410714,8141.717123614592,8013.4776231327505,8023.8662109375,191154,0.0,0.0
2023-08-28 00:00:00+05:30,8086.842743888593,8102.3508743360935,8001.0021911057875,8069.7939453125,327780,0.0,0.0
2023-08-29 00:00:00+05:30,8111.794693994739,8169.552273074009,8077.249556310469,8151.3603515625,230713,0.0,0.0
2023-08-30 00:00:00+05:30,8181.481469360905,8265.781351579157,8151.707840205017,8217.2197265625,223225,0.0,0.0
2023-08-31 00:00:00+05:30,8239.934785770285,8310.715234078052,8177.505205206466,8248.5341796875,482614,0.0,0.0
2023-09-01 00:00:00+05:30,8251.069356216236,8295.804069593312,8200.370014388884,8213.69140625,215635,0.0,0.0
2023-09-04 00:00:00+05:30,8236.107953694494,8543.335818010997,8233.721714085024,8531.953125,620108,0.0,0.0
2023-09-05 00:00:00+05:30,8531.406662180521,8549.300547046432,8398.395645504992,8405.005859375,210587,0.0,0.0
2023-09-06 00:00:00+05:30,8434.828360497693,8506.354383456859,8394.318596445954,8487.0693359375,327847,0.0,0.0
2023-09-07 00:00:00+05:30,8487.069280109417,8494.624086996326,8380.30205422809,8445.068359375,203477,0.0,0.0
2023-09-08 00:00:00+05:30,8484.683056054391,8499.59462557294,8350.47893038745,8380.8486328125,125962,0.0,0.0
2023-09-11 00:00:00+05:30,8401.128804803386,8448.547790310704,8376.475203882957,8411.8154296875,131688,0.0,0.0
2023-09-12 00:00:00+05:30,8469.722755560451,8559.092187956385,8345.509175869309,8521.1181640625,335823,0.0,0.0
2023-09-13 00:00:00+05:30,8539.359183375318,8633.799127778188,8475.239431649159,8585.435546875,321018,0.0,0.0
2023-09-14 00:00:00+05:30,8614.911628792617,8648.71118976411,8552.283030521912,8636.732421875,311971,0.0,0.0
2023-09-15 00:00:00+05:30,8669.58727330907,8699.36090386914,8610.189516219261,8676.8935546875,357249,0.0,0.0
2023-09-18 00:00:00+05:30,8676.545228833449,8686.088244979339,8556.258568351226,8577.134765625,129308,0.0,0.0
2023-09-20 00:00:00+05:30,8539.35942657011,8572.661934229027,8391.287336415133,8408.287109375,317399,0.0,0.0
2023-09-21 00:00:00+05:30,8325.726013571404,8388.25558849182,8237.798228139141,8264.5390625,393954,0.0,0.0
2023-09-22 00:00:00+05:30,8226.216482250647,8261.65670351446,8130.831941083898,8139.1328125,524827,0.0,0.0
2023-09-25 00:00:00+05:30,8168.558402332269,8231.137487989854,8108.017522571863,8157.822265625,467415,0.0,0.0
2023-09-26 00:00:00+05:30,8188.440042976865,8278.903566579012,8157.8218137648955,8180.38818359375,515796,0.0,0.0
2023-09-27 00:00:00+05:30,8188.440572366994,8241.078611411747,8156.629221351364,8213.9892578125,541638,0.0,0.0
2023-09-28 00:00:00+05:30,8216.07640591381,8274.878087781412,8086.0477041197755,8106.27783203125,370431,0.0,0.0
2023-09-29 00:00:00+05:30,8151.658317329088,8237.101808121186,8084.059199575628,8206.1845703125,320974,0.0,0.0
2023-10-03 00:00:00+05:30,8240.133776791705,8327.614989526373,8172.733672959476,8255.9404296875,454402,0.0,0.0
2023-10-04 00:00:00+05:30,8243.662580182028,8243.662580182028,7997.621671577326,8072.97509765625,884369,0.0,0.0
2023-10-05 00:00:00+05:30,8128.794157941242,8160.40649334144,8077.100713375638,8129.24169921875,310506,0.0,0.0
2023-10-06 00:00:00+05:30,8149.670026635634,8191.074874168475,8103.195633644024,8147.13525390625,158491,0.0,0.0
2023-10-09 00:00:00+05:30,8121.884859370087,8151.508985084073,8039.523673811405,8062.28857421875,152525,0.0,0.0
2023-10-10 00:00:00+05:30,8099.766002313258,8138.089029369943,8057.218515725035,8110.2041015625,187020,0.0,0.0
2023-10-11 00:00:00+05:30,8147.632529166139,8340.538350123232,8130.981275606596,8293.8154296875,439622,0.0,0.0
2023-10-12 00:00:00+05:30,8315.636047670905,8335.567652129419,8253.056964577034,8302.513671875,177704,0.0,0.0
2023-10-13 00:00:00+05:30,8267.471613408674,8367.3791342585,8258.027618900482,8319.662109375,285076,0.0,0.0
2023-10-16 00:00:00+05:30,8319.711989804862,8405.155485441242,8225.22252945486,8243.3154296875,363990,0.0,0.0
2023-10-17 00:00:00+05:30,8280.891942883318,8282.88015223335,8231.186709132518,8252.4609375,205234,0.0,0.0
2023-10-18 00:00:00+05:30,8275.822933653466,8300.62507025807,8199.375890868669,8229.4970703125,322136,0.0,0.0
2023-10-19 00:00:00+05:30,8200.96543499887,8487.665607970657,8145.047047736238,8468.330078125,837498,0.0,0.0
2023-10-20 00:00:00+05:30,8485.677282907718,8597.364551888153,8361.31517965396,8411.1689453125,539291,0.0,0.0
2023-10-23 00:00:00+05:30,8365.39081620109,8473.350195275201,8253.603551655968,8276.169921875,217546,0.0,0.0
2023-10-25 00:00:00+05:30,8305.744596192655,8348.988149745544,8137.989431547831,8207.67578125,255678,0.0,0.0
2023-10-26 00:00:00+05:30,8187.445964980475,8187.445964980475,8107.470051066776,8156.9267578125,637430,0.0,0.0
2023-10-27 00:00:00+05:30,8162.593624103357,8221.245800917643,8131.776378658563,8161.7490234375,227682,0.0,0.0
2023-10-30 00:00:00+05:30,8193.41062028041,8366.68286862297,8149.123451770585,8352.0693359375,244073,0.0,0.0
2023-10-31 00:00:00+05:30,8355.15228881503,8402.27227093095,8301.867692354672,8372.5986328125,218908,0.0,0.0
2023-11-01 00:00:00+05:30,8390.243698737155,8395.214222255365,8320.75539163044,8332.0390625,209234,0.0,0.0
2023-11-02 00:00:00+05:30,8336.065138935324,8423.248317138454,8325.577528288606,8409.1318359375,200590,0.0,0.0
2023-11-03 00:00:00+05:30,8425.037449258876,8479.713208516603,8386.267365421578,8472.3564453125,243686,0.0,0.0
2023-11-06 00:00:00+05:30,8488.659625604054,8599.005242004341,8470.964756954983,8590.0087890625,194715,0.0,0.0
2023-11-07 00:00:00+05:30,8590.00922535306,8643.7403903754,8531.95312239055,8634.544921875,206360,0.0,0.0
2023-11-08 00:00:00+05:30,8637.775839724676,8667.748485103764,8601.838566075554,8647.5673828125,132370,0.0,0.0
2023-11-09 00:00:00+05:30,8633.798989008386,8667.598547514579,8566.945450492462,8576.1904296875,128138,0.0,0.0
2023-11-10 00:00:00+05:30,8540.40255095632,8678.484075029817,8537.966800405113,8659.49609375,149939,0.0,0.0
2023-11-13 00:00:00+05:30,8659.744690928048,8672.37001423543,8608.946331267758,8626.244140625,64412,0.0,0.0
2023-11-15 00:00:00+05:30,8657.657746990022,8763.77842266934,8643.98880749971,8715.216796875,192348,0.0,0.0
2023-11-16 00:00:00+05:30,8737.782388774353,8759.752685394044,8648.710994896195,8723.318359375,233428,0.0,0.0
2023-11-17 00:00:00+05:30,8733.209882810725,8817.31075300716,8719.938973246079,8739.125,151817,0.0,0.0
2023-11-20 00:00:00+05:30,8748.120995208683,8763.231580179654,8600.098423228985,8610.4375,174311,0.0,0.0
2023-11-21 00:00:00+05:30,8613.717679332744,8686.387310905628,8613.717679332744,8657.0107421875,183507,0.0,0.0
2023-11-22 00:00:00+05:30,8682.5101134453,8723.268404566352,8561.47787090901,8708.2578125,325320,0.0,0.0
2023-11-23 00:00:00+05:30,8698.416187610761,8715.315967632405,8539.35943446588,8554.51953125,344271,0.0,0.0
2023-11-24 00:00:00+05:30,8587.076358986293,8603.976138808332,8494.674133386487,8505.7587890625,197278,0.0,0.0
2023-11-28 00:00:00+05:30,8587.076421317252,8684.00162982367,8537.619712361413,8675.0546875,343335,0.0,0.0
2023-11-29 00:00:00+05:30,8708.257908303494,8738.180070621369,8640.757812723656,8681.267578125,207727,0.0,0.0
2023-11-30 00:00:00+05:30,8724.80952621818,8965.979912116647,8711.787142797795,8950.5712890625,1025481,0.0,0.0
2023-12-01 00:00:00+05:30,9050.12961047346,9109.378829389369,8919.106813328603,8980.591796875,353015,0.0,0.0
2023-12-04 00:00:00+05:30,9096.058267696399,9285.733255773186,9032.585069090426,9262.8193359375,473570,0.0,0.0
2023-12-05 00:00:00+05:30,9266.049631010677,9344.583899957126,9188.658970757106,9274.748046875,448461,0.0,0.0
2023-12-06 00:00:00+05:30,9274.748246178337,9292.84114572599,9075.728292764883,9158.6865234375,308912,0.0,0.0
2023-12-07 00:00:00+05:30,9211.373595464856,9325.695629080059,9181.699960279037,9299.4013671875,346830,0.0,0.0
2023-12-08 00:00:00+05:30,9323.011521736324,9376.047587733925,9286.081116167787,9358.0537109375,311761,0.0,0.0
2023-12-11 00:00:00+05:30,9358.501805210177,9672.638895761103,9344.58433917311,9613.8876953125,588082,0.0,0.0
2023-12-12 00:00:00+05:30,9645.251197109124,9902.426273332218,9578.248153004299,9805.3515625,1060266,0.0,0.0
2023-12-13 00:00:00+05:30,9841.587196038166,9983.744170696466,9619.752339918814,9681.7353515625,1501931,0.0,0.0
2023-12-14 00:00:00+05:30,9772.049510023064,9931.10626705294,9719.361959256918,9904.5634765625,710415,0.0,0.0
2023-12-15 00:00:00+05:30,9941.046665596252,10000.195893256549,9842.282755295688,9970.3232421875,439516,0.0,0.0
2023-12-18 00:00:00+05:30,9968.881812655845,9968.881812655845,9883.140283303874,9911.5712890625,266562,0.0,0.0
2023-12-19 00:00:00+05:30,9911.571503262649,9990.752331706233,9894.324174872849,9958.0458984375,675166,0.0,0.0
2023-12-20 00:00:00+05:30,9967.887265155907,10068.29183419757,9800.033084342542,9829.16015625,501448,0.0,0.0
2023-12-21 00:00:00+05:30,9822.74844136235,9926.135329116796,9766.929074699703,9895.765625,216730,0.0,0.0
2023-12-22 00:00:00+05:30,9928.12337631423,9940.052632398718,9843.624479049115,9910.2294921875,226940,0.0,0.0
2023-12-26 00:00:00+05:30,9916.193857881073,9995.523214583058,9911.322356786653,9959.5869140625,226114,0.0,0.0
2023-12-27 00:00:00+05:30,10041.401602878328,10408.275731418307,9978.573994560087,10374.5751953125,658122,0.0,0.0
2023-12-28 00:00:00+05:30,10430.145876783386,10437.05509818841,10267.2117380605,10364.8330078125,421406,0.0,0.0
2023-12-29 00:00:00+05:30,10358.62017177059,10463.945755711022,10300.46504857953,10441.130859375,243089,0.0,0.0
2024-01-01 00:00:00+05:30,10441.131117597359,10457.981386330513,10353.20236320616,10402.3115234375,97677,0.0,0.0
2024-01-02 00:00:00+05:30,10428.058882842457,10428.058882842457,10044.532527576283,10144.5400390625,337528,0.0,0.0
2024-01-03 00:00:00+05:30,10144.590207796295,10184.6029230381,10030.118660217147,10051.939453125,179575,0.0,0.0
2024-01-04 00:00:00+05:30,10100.10396527405,10104.626947593482,9942.041314636395,9955.759765625,313755,0.0,0.0
2024-01-05 00:00:00+05:30,10040.457234896921,10040.457234896921,9936.076243841062,9957.001953125,163191,0.0,0.0
2024-01-08 00:00:00+05:30,10018.58663405462,10020.574843348935,9866.538134110797,9875.9326171875,176843,0.0,0.0
2024-01-09 00:00:00+05:30,9930.707684125264,9957.897029500024,9812.012168281191,9840.7412109375,242925,0.0,0.0
2024-01-10 00:00:00+05:30,9840.592756215623,9848.346578590044,9672.63857568639,9718.56640625,374333,0.0,0.0
2024-01-11 00:00:00+05:30,9781.89088368953,9886.321384610563,9661.852745363367,9861.9658203125,375210,0.0,0.0
2024-01-12 00:00:00+05:30,9921.114924528982,9921.114924528982,9736.310481239103,9750.6259765625,376816,0.0,0.0
2024-01-15 00:00:00+05:30,9820.75984560295,9937.865179310296,9762.107671203661,9895.8642578125,273931,0.0,0.0
2024-01-16 00:00:00+05:30,9895.268040235112,9987.570267408142,9822.101356508598,9910.8251953125,146779,0.0,0.0
2024-01-17 00:00:00+05:30,9900.288142138636,9986.87426824369,9767.078119942977,9796.5537109375,252817,0.0,0.0
2024-01-18 00:00:00+05:30,9795.907138084738,9874.490915840217,9712.402348192398,9833.931640625,278338,0.0,0.0
2024-01-19 00:00:00+05:30,9940.05243108301,10068.987998812578,9786.960314432667,10034.1943359375,567616,0.0,0.0
2024-01-23 00:00:00+05:30,9941.046657257653,10025.545553844344,9757.137294098387,9773.04296875,580285,0.0,0.0
2024-01-24 00:00:00+05:30,9806.842405069972,9973.453956645433,9677.210769954014,9931.6025390625,272419,0.0,0.0
2024-01-25 00:00:00+05:30,9925.737244876644,9988.962885296223,9822.947402979036,9910.5771484375,296269,0.0,0.0
2024-01-29 00:00:00+05:30,9941.146262015318,10239.278657061028,9930.609140263217,10213.4814453125,334463,0.0,0.0
2024-01-30 00:00:00+05:30,10229.088968526647,10259.160636088825,9883.389054650688,9904.861328125,368827,0.0,0.0
2024-01-31 00:00:00+05:30,9901.282932518172,10126.10010148179,9844.768467957429,10107.41015625,341574,0.0,0.0
2024-02-01 00:00:00+05:30,10109.99510020594,10172.921732386458,9841.685858335697,9863.8046875,401503,0.0,0.0
2024-02-02 00:00:00+05:30,9941.04680291831,10105.969157700867,9933.392002718992,10039.015625,334386,0.0,0.0
2024-02-05 00:00:00+05:30,9990.752128498332,10068.5903315175,9820.21366319235,9857.8896484375,162473,0.0,0.0
2024-02-06 00:00:00+05:30,9921.165066395075,10015.60501442188,9861.81682068452,9989.509765625,250870,0.0,0.0
2024-02-07 00:00:00+05:30,10054.375133117697,10226.951324102367,10020.873609909153,10166.2119140625,250184,0.0,0.0
2024-02-08 00:00:00+05:30,10229.33704931061,10234.307572658185,9891.838514010225,9938.7109375,320905,0.0,0.0
2024-02-09 00:00:00+05:30,10015.40522040829,10015.40522040829,9793.918901053841,9887.1162109375,400823,0.0,0.0
2024-02-12 00:00:00+05:30,9892.335518380803,9958.393967510858,9848.495890989883,9905.109375,191687,0.0,0.0
2024-02-13 00:00:00+05:30,9938.859621469202,9945.71933211504,9772.645124044075,9794.3173828125,276453,0.0,0.0
2024-02-14 00:00:00+05:30,9744.26364803246,9766.929040723324,9646.742366610091,9730.09765625,417802,0.0,0.0
2024-02-15 00:00:00+05:30,9777.914649908118,9781.145490131195,9648.780063131335,9756.44140625,415090,0.0,0.0
2024-02-16 00:00:00+05:30,9816.83341424921,9889.3535462064,9793.02441254575,9857.7412109375,250550,0.0,0.0
2024-02-19 00:00:00+05:30,9890.29763449378,9890.29763449378,9826.724448076318,9843.8232421875,109778,0.0,0.0
2024-02-20 00:00:00+05:30,9843.823559536135,9941.046803109475,9796.901624464386,9920.12109375,320905,0.0,0.0
2024-02-21 00:00:00+05:30,9911.472494455624,10055.369151367182,9861.51873272985,9909.6337890625,322960,0.0,0.0
2024-02-22 00:00:00+05:30,9941.046652789255,9961.82382861572,9744.511966302543,9902.4755859375,363840,0.0,0.0
2024-02-23 00:00:00+05:30,9902.476230869494,9968.882232673972,9835.721709926267,9941.9423828125,304238,0.0,0.0
2024-02-26 00:00:00+05:30,9940.10201063162,9990.702326169232,9842.580731766353,9871.5087890625,162530,0.0,0.0
2024-02-27 00:00:00+05:30,9871.508861218726,10091.156481705559,9823.195762691203,9892.4345703125,214186,0.0,0.0
2024-02-28 00:00:00+05:30,9901.282214649827,9931.05584277964,9723.23846194346,9747.146484375,300668,0.0,0.0
2024-02-29 00:00:00+05:30,9727.314794796906,9876.43050447698,9648.432972698307,9834.08203125,328848,0.0,0.0
2024-03-01 00:00:00+05:30,9841.636393277342,10123.812620130126,9834.081585984444,10075.748046875,352952,0.0,0.0
2024-03-04 00:00:00+05:30,10097.120920754418,10106.067862596181,9907.445947870101,9919.57421875,221282,0.0,0.0
2024-03-05 00:00:00+05:30,9919.574749573907,9971.765246443718,9772.049223433094,9780.349609375,310715,0.0,0.0
2024-03-06 00:00:00+05:30,9841.537473813214,9855.802487886727,9475.805967626022,9584.212890625,534825,0.0,0.0
2024-03-07 00:00:00+05:30,9584.212680892968,9657.72691575606,9512.68665537949,9616.1240234375,585012,0.0,0.0
2024-03-11 00:00:00+05:30,9636.900629984371,9766.680806524104,9615.875897719827,9640.728515625,319303,0.0,0.0
2024-03-12 00:00:00+05:30,9671.594845796733,9671.594845796733,9518.95026752515,9558.8134765625,235430,0.0,0.0
2024-03-13 00:00:00+05:30,9567.959914483012,9596.09288396185,9443.99486145629,9536.9931640625,415925,0.0,0.0
2024-03-14 00:00:00+05:30,9399.259390814022,9650.76786525886,9398.265286171947,9639.783203125,347822,0.0,0.0
2024-03-15 00:00:00+05:30,9622.933565122396,9693.415977180826,9487.53630984875,9576.1611328125,379648,0.0,0.0
2024-03-18 00:00:00+05:30,9568.25741702264,9616.76953059671,9513.581660353939,9554.6875,226448,0.0,0.0
2024-03-19 00:00:00+05:30,9534.805982249594,9550.811650832933,9379.527600581128,9397.5205078125,316008,0.0,0.0
2024-03-20 00:00:00+05:30,9478.788519548496,9478.788519548496,9389.319094613062,9428.6357421875,171219,0.0,0.0
2024-03-21 00:00:00+05:30,9468.846962029334,9582.870961601926,9448.865846526085,9544.150390625,215837,0.0,0.0
2024-03-22 00:00:00+05:30,9553.345841765758,9694.309689265709,9523.522701781058,9624.6728515625,224511,0.0,0.0
2024-03-26 00:00:00+05:30,9574.320784429661,9632.674920802985,9513.581379409889,9544.1005859375,397803,0.0,0.0
2024-03-27 00:00:00+05:30,9573.22798831346,9650.768152704783,9514.62532375664,9566.716796875,267937,0.0,0.0
2024-03-28 00:00:00+05:30,9622.933056065584,9795.857754886008,9584.709537936984,9691.67578125,506387,0.0,0.0
2024-04-01 00:00:00+05:30,9691.675838754996,9938.113801597523,9691.675838754996,9895.7158203125,387442,0.0,0.0
2024-04-02 00:00:00+05:30,9831.794676209973,10024.750984320417,9786.960941782065,9978.97265625,307109,0.0,0.0
2024-04-03 00:00:00+05:30,10139.867286939416,10217.109411315692,9923.301980314505,9942.935546875,481855,0.0,0.0
2024-04-04 00:00:00+05:30,10018.58682945084,10019.481911972867,9841.636198805647,9946.1162109375,346378,0.0,0.0
2024-04-05 00:00:00+05:30,9942.04108519364,9960.779570429726,9744.413265382462,9765.6865234375,280079,0.0,0.0
2024-04-08 00:00:00+05:30,9794.86347346066,9840.64179781555,9743.21954342764,9805.599609375,215228,0.0,0.0
2024-04-09 00:00:00+05:30,9841.63680911191,9934.883638455345,9701.56706458734,9711.55859375,275924,0.0,0.0
2024-04-10 00:00:00+05:30,9752.167369342233,9799.884396225863,9647.835884109545,9759.970703125,186223,0.0,0.0
2024-04-12 00:00:00+05:30,9732.234896860144,9791.930686222704,9553.345573055856,9595.64453125,440963,0.0,0.0
2024-04-15 00:00:00+05:30,9561.200188279012,9561.200188279012,9430.673461714825,9450.2080078125,220692,0.0,0.0
2024-04-16 00:00:00+05:30,9393.196235036978,9438.974562052043,9295.872997135157,9408.0078125,547648,0.0,0.0
2024-04-18 00:00:00+05:30,9414.17117890877,9470.63612972785,9285.732662011163,9327.435546875,584270,0.0,0.0
2024-04-19 00:00:00+05:30,9270.026497376857,9344.584351243158,9195.468643510554,9308.7470703125,415558,0.0,0.0
2024-04-22 00:00:00+05:30,9448.96457064635,9533.463464755234,9400.352465595704,9508.859375,277781,0.0,0.0
2024-04-23 00:00:00+05:30,9483.758849171127,9568.25774877066,9465.86496455005,9477.3466796875,317450,0.0,0.0
2024-04-24 00:00:00+05:30,9521.534254633309,9629.692645448662,9486.541577097523,9601.9072265625,317929,0.0,0.0
2024-04-25 00:00:00+05:30,9563.436463894739,9648.779961799728,9503.690190529174,9626.6611328125,398260,0.0,0.0
2024-04-26 00:00:00+05:30,9669.656682560675,9719.361918926259,9590.029282225169,9643.7109375,265782,0.0,0.0
2024-04-29 00:00:00+05:30,9707.432649486254,9951.982412084679,9685.61185658926,9905.70703125,808505,0.0,0.0
2024-04-30 00:00:00+05:30,10100.401723659541,10119.985780283441,9852.919166040554,9913.0625,777837,0.0,0.0
2024-05-02 00:00:00+05:30,9913.06252959973,9985.781676471794,9887.862363865275,9924.5947265625,318855,0.0,0.0
2024-05-03 00:00:00+05:30,9923.153029017127,9970.870054201741,9721.697324993687,9758.4296875,517348,0.0,0.0
2024-05-06 00:00:00+05:30,9816.783978718171,9870.465632880276,9688.693975581302,9719.2626953125,238521,0.0,0.0
2024-05-07 00:00:00+05:30,9741.231550822418,9889.353144972081,9573.227863498305,9625.3193359375,214305,0.0,0.0
2024-05-08 00:00:00+05:30,9617.913058889613,9617.913058889613,9445.386389586409,9463.2802734375,392065,0.0,0.0
2024-05-09 00:00:00+05:30,9467.853254577834,9503.641024124747,9352.586619334408,9390.412109375,328724,0.0,0.0
2024-05-10 00:00:00+05:30,9407.013151770998,9462.832515383108,9360.538760055826,9435.7431640625,205200,0.0,0.0
2024-05-13 00:00:00+05:30,9459.850204042732,9521.534202538542,9371.523424660867,9495.1904296875,215387,0.0,0.0
2024-05-14 00:00:00+05:30,9478.838105694385,9642.318822601674,9473.768559896718,9603.6982421875,171935,0.0,0.0
2024-05-15 00:00:00+05:30,9633.868916888221,9636.006630375101,9503.641197549416,9557.421875,161067,0.0,0.0
2024-05-16 00:00:00+05:30,9573.824111004864,9668.364048241256,9469.344097806925,9651.861328125,368451,0.0,0.0
2024-05-17 00:00:00+05:30,9682.579716378359,9841.636467366094,9628.152484399743,9832.04296875,283850,0.0,0.0
2024-05-21 00:00:00+05:30,9768.072318533299,9792.676408690402,9704.499131824889,9731.6884765625,346947,0.0,0.0
2024-05-22 00:00:00+05:30,9811.813487840798,9891.34186464194,9764.344987937617,9836.5166015625,280237,0.0,0.0
2024-05-23 00:00:00+05:30,9846.756029562062,10139.717892299686,9796.901293208035,10110.5908203125,521622,0.0,0.0
2024-05-24 00:00:00+05:30,10105.074247521583,10307.871605760089,10062.87430896235,10170.7841796875,519418,0.0,0.0
2024-05-27 00:00:00+05:30,10217.358759952673,10292.91071836852,10117.65025109915,10165.2177734375,389326,0.0,0.0
2024-05-28 00:00:00+05:30,10203.49049859381,10304.73967255555,10086.633686898518,10118.892578125,403774,0.0,0.0
2024-05-29 00:00:00+05:30,10117.94825957188,10117.94825957188,9902.277047888525,9964.3095703125,317883,0.0,0.0
2024-05-30 00:00:00+05:30,9961.923342485263,9965.899761342656,9772.04934204472,9810.669921875,323424,0.0,0.0
2024-05-31 00:00:00+05:30,9873.447649040643,10020.575141193081,9692.619620025744,9857.044921875,791072,0.0,0.0
2024-06-03 00:00:00+05:30,10239.277893761511,10457.781901644019,10156.120651476942,10408.3251953125,732632,0.0,0.0
2024-06-04 00:00:00+05:30,10413.246387305504,10436.607846981082,9478.7384892101,9859.828125,972018,0.0,0.0
2024-06-05 00:00:00+05:30,9931.056316781393,10010.63420285253,9682.57965598646,9978.921875,361720,0.0,0.0
2024-06-06 00:00:00+05:30,9936.076082996666,10116.506078901008,9872.552406860277,9995.6728515625,483566,0.0,0.0
2024-06-07 00:00:00+05:30,9906.253160972483,10443.069689514896,9906.253160972483,10401.466796875,545284,0.0,0.0
2024-06-10 00:00:00+05:30,10433.128606324328,10843.644327687078,10401.466760619653,10762.42578125,705256,0.0,0.0
2024-06-11 00:00:00+05:30,10839.667663925815,10924.216070804143,10762.425537950983,10869.0927734375,650137,0.0,0.0
2024-06-12 00:00:00+05:30,10807.409348025509,11034.512763044462,10807.409348025509,10979.6875,439143,0.0,0.0
2024-06-13 00:00:00+05:30,11183.677729125515,11232.388858790151,10931.324642644237,11107.9267578125,602322,0.0,0.0
2024-06-14 00:00:00+05:30,11104.14890710869,11204.553476456764,11081.582537460485,11176.51953125,305318,0.0,0.0
2024-06-18 00:00:00+05:30,11183.677220444537,11202.912756941576,10986.496953062204,11053.4990234375,322724,0.0,0.0
2024-06-19 00:00:00+05:30,11084.267201317152,11111.804095162213,10903.588675412273,10930.7275390625,659266,0.0,0.0
2024-06-20 00:00:00+05:30,10943.99991534785,11108.027195272205,10811.286934318143,10838.9228515625,445369,0.0,0.0
2024-06-21 00:00:00+05:30,10818.344041122526,10896.828798761346,10548.991187375688,10599.5419921875,586745,0.0,0.0
2024-06-24 00:00:00+05:30,10654.316915310139,10781.065262098293,10532.19154360934,10722.4130859375,276148,0.0,0.0
2024-06-25 00:00:00+05:30,10738.26965528068,10943.055227236728,10736.728987128494,10782.2587890625,562075,0.0,0.0
2024-06-26 00:00:00+05:30,10843.395572545636,11194.612554066269,10838.723086491833,11077.4072265625,793197,0.0,0.0
2024-06-27 00:00:00+05:30,11203.560181068338,11804.944024877801,11202.566076349522,11647.626953125,2339734,0.0,0.0
2024-06-28 00:00:00+05:30,11630.925607226165,11709.55889823593,11402.231051437722,11599.1142578125,684790,0.0,0.0
2024-07-01 00:00:00+05:30,11600.207592194554,11960.66956336592,11599.114465361037,11834.46875,520339,0.0,0.0
2024-07-02 00:00:00+05:30,11873.586315215829,12006.796342529871,11730.435241087305,11784.0673828125,422173,0.0,0.0
2024-07-03 00:00:00+05:30,11785.35910004335,11828.851178289433,11692.60933076762,11802.109375,206171,0.0,0.0
2024-07-04 00:00:00+05:30,11814.93427870162,11866.478218721979,11652.447672436736,11690.720703125,227230,0.0,0.0
2024-07-05 00:00:00+05:30,11727.005555592032,11754.840487075651,11551.74509187589,11621.2333984375,425987,0.0,0.0
2024-07-08 00:00:00+05:30,11625.059873584529,11645.73705631508,11462.026709631402,11514.615234375,149210,0.0,0.0
2024-07-09 00:00:00+05:30,11514.664711826656,11692.36091897015,11416.745403274857,11610.943359375,530901,0.0,0.0
2024-07-10 00:00:00+05:30,11620.089339363034,11670.589661793605,11402.3804194109,11565.662109375,202406,0.0,0.0
2024-07-11 00:00:00+05:30,11530.620195162906,11571.378487084768,11431.209727060803,11486.830078125,366819,0.0,0.0
2024-07-12 00:00:00+05:30,11485.885329341443,11611.142517457856,11402.430048336148,11533.900390625,366274,0.0,0.0
2024-07-15 00:00:00+05:30,11683.613739260101,11827.857945652535,11593.150209838823,11763.8876953125,394470,0.0,0.0
2024-07-16 00:00:00+05:30,11836.854265838912,11836.854265838912,11563.326937994309,11589.96875,556056,0.0,0.0
2024-07-18 00:00:00+05:30,11581.319725418018,11614.969781104917,11407.351403362381,11578.5859375,731274,0.0,0.0
2024-07-19 00:00:00+05:30,11576.349191252044,11576.349191252044,11162.454089168197,11191.9287109375,514154,0.0,0.0
2024-07-22 00:00:00+05:30,11223.342879564356,11501.791213710698,11165.087762498302,11447.8115234375,573833,0.0,0.0
2024-07-23 00:00:00+05:30,11581.269787181358,11666.216224607295,11262.310724282313,11477.7333984375,525157,0.0,0.0
2024-07-24 00:00:00+05:30,11471.967983034514,11492.595655101062,11288.705173984696,11385.87890625,268139,0.0,0.0
2024-07-25 00:00:00+05:30,11350.687367874076,11409.140529574888,11224.436072049939,11374.048828125,254683,0.0,0.0
2024-07-26 00:00:00+05:30,11374.048654783157,11673.224651300297,11328.418861815251,11604.2333984375,333210,0.0,0.0
2024-07-29 00:00:00+05:30,11611.142514321555,11869.609727825287,11604.233292722598,11803.7998046875,496437,0.0,0.0
2024-07-30 00:00:00+05:30,11858.0,11858.0,11644.5,11806.4501953125,438108,70.0,0.0
2024-07-31 00:00:00+05:30,11818.9501953125,11915.0,11750.349609375,11887.2001953125,322531,0.0,0.0
2024-08-01 00:00:00+05:30,11887.2001953125,12032.2998046875,11803.5,11984.5,250126,0.0,0.0
2024-08-02 00:00:00+05:30,11833.0498046875,11949.0,11700.0,11764.5,273420,0.0,0.0
2024-08-05 00:00:00+05:30,11700.0,11700.0,11351.2001953125,11417.25,400844,0.0,0.0
2024-08-06 00:00:00+05:30,11449.9501953125,11575.7998046875,11272.099609375,11325.2998046875,368949,0.0,0.0
2024-08-07 00:00:00+05:30,11499.0,11589.9501953125,11430.2001953125,11543.2001953125,230210,0.0,0.0
2024-08-08 00:00:00+05:30,11500.0,11524.2001953125,11228.75,11258.0,290349,0.0,0.0
2024-08-09 00:00:00+05:30,11449.0,11449.0,11231.0498046875,11300.349609375,189230,0.0,0.0
2024-08-12 00:00:00+05:30,11290.0,11379.7998046875,11211.2001953125,11302.849609375,200411,0.0,0.0
2024-08-13 00:00:00+05:30,11364.0,11364.0,11234.650390625,11271.2001953125,189972,0.0,0.0
2024-08-14 00:00:00+05:30,11200.0,11200.0,10963.099609375,11002.599609375,404673,0.0,0.0
2024-08-16 00:00:00+05:30,11040.0,11325.0,10950.2001953125,11295.7001953125,435631,0.0,0.0
2024-08-19 00:00:00+05:30,11320.0,11468.099609375,11271.75,11315.349609375,244264,0.0,0.0
2024-08-20 00:00:00+05:30,11365.0,11525.0,11277.4501953125,11349.7001953125,421084,0.0,0.0
2024-08-21 00:00:00+05:30,11274.0,11312.5498046875,11161.5498046875,11200.900390625,456794,0.0,0.0
2024-08-22 00:00:00+05:30,11260.0,11377.400390625,11205.0,11309.400390625,305457,0.0,0.0
2024-08-23 00:00:00+05:30,11315.0,11380.0,11204.4501953125,11341.7998046875,258730,0.0,0.0
2024-08-26 00:00:00+05:30,11340.0,11360.9501953125,11271.400390625,11337.099609375,234215,0.0,0.0
2024-08-27 00:00:00+05:30,11389.099609375,11450.0,11286.4501953125,11300.349609375,184428,0.0,0.0
2024-08-28 00:00:00+05:30,11280.0,11317.599609375,11211.0,11234.7998046875,201101,0.0,0.0
2024-08-29 00:00:00+05:30,11230.0,11256.7001953125,11115.400390625,11222.0,406261,0.0,0.0
2024-08-30 00:00:00+05:30,11225.0498046875,11360.900390625,11222.0,11301.900390625,462185,0.0,0.0
2024-09-02 00:00:00+05:30,11325.0,11465.0,11325.0,11424.900390625,248673,0.0,0.0
2024-09-03 00:00:00+05:30,11434.5,11504.0498046875,11361.0,11460.7998046875,181723,0.0,0.0
2024-09-04 00:00:00+05:30,11392.0,11637.4501953125,11381.849609375,11580.4501953125,198185,0.0,0.0
2024-09-05 00:00:00+05:30,11630.4501953125,11822.75,11514.2001953125,11542.650390625,406821,0.0,0.0
2024-09-06 00:00:00+05:30,11500.0,11525.0,11320.0,11432.849609375,245248,0.0,0.0
2024-09-09 00:00:00+05:30,11400.0,11518.4501953125,11308.0,11494.349609375,154665,0.0,0.0
2024-09-10 00:00:00+05:30,11539.900390625,11639.4501953125,11460.5,11541.0498046875,237496,0.0,0.0
2024-09-11 00:00:00+05:30,11570.0,11611.0,11460.2001953125,11487.4501953125,141341,0.0,0.0
2024-09-12 00:00:00+05:30,11507.849609375,11735.0,11442.25,11710.25,455934,0.0,0.0
2024-09-13 00:00:00+05:30,11695.0,11762.599609375,11625.2001953125,11717.9501953125,279660,0.0,0.0
2024-09-16 00:00:00+05:30,11675.0,11797.9501953125,11604.0,11642.650390625,257856,0.0,0.0
2024-09-17 00:00:00+05:30,11602.5498046875,11718.599609375,11575.0,11645.650390625,202725,0.0,0.0
2024-09-18 00:00:00+05:30,11683.0,11763.2998046875,11535.849609375,11630.900390625,185067,0.0,0.0
2024-09-19 00:00:00+05:30,11630.900390625,11740.150390625,11540.0,11627.5,227247,0.0,0.0
2024-09-20 00:00:00+05:30,11660.0,11843.900390625,11579.599609375,11798.2998046875,608787,0.0,0.0
2024-09-23 00:00:00+05:30,11835.0,11998.0,11800.0498046875,11962.0498046875,279318,0.0,0.0
2024-09-24 00:00:00+05:30,11948.099609375,11969.849609375,11740.349609375,11761.650390625,242038,0.0,0.0
2024-09-25 00:00:00+05:30,11811.0,11855.599609375,11680.0,11816.2998046875,196686,0.0,0.0
2024-09-26 00:00:00+05:30,11835.0,12080.0,11767.7998046875,12065.0,277079,0.0,0.0
2024-09-27 00:00:00+05:30,12065.0,12138.0,11924.75,11952.2998046875,404276,0.0,0.0
2024-09-30 00:00:00+05:30,11924.0,11924.0,11774.0498046875,11802.0,405493,0.0,0.0
2024-10-01 00:00:00+05:30,11802.0,11887.7001953125,11650.25,11837.150390625,324906,0.0,0.0
2024-10-03 00:00:00+05:30,11627.099609375,11930.0,11613.099609375,11724.7998046875,304610,0.0,0.0
2024-10-04 00:00:00+05:30,11700.0,11829.150390625,11380.0,11450.25,357277,0.0,0.0
2024-10-07 00:00:00+05:30,11491.9501953125,11529.9501953125,11192.099609375,11230.349609375,374655,0.0,0.0
2024-10-08 00:00:00+05:30,11231.0,11475.0,11231.0,11389.7998046875,447220,0.0,0.0
2024-10-09 00:00:00+05:30,11404.0498046875,11511.0,11333.0,11350.150390625,286382,0.0,0.0
2024-10-10 00:00:00+05:30,11439.9501953125,11459.0,11353.5498046875,11430.0498046875,180542,0.0,0.0
2024-10-11 00:00:00+05:30,11390.75,11468.2998046875,11360.2001953125,11421.2998046875,120279,0.0,0.0
2024-10-14 00:00:00+05:30,11399.9501953125,11429.9501953125,11240.0,11300.2998046875,144163,0.0,0.0
2024-10-15 00:00:00+05:30,11400.0,11432.9501953125,11290.0,11416.900390625,182286,0.0,0.0
2024-10-16 00:00:00+05:30,11341.0,11412.0,11233.0,11322.2998046875,276811,0.0,0.0
2024-10-17 00:00:00+05:30,11351.0,11363.9501953125,10934.0498046875,11017.2998046875,353330,0.0,0.0
2024-10-18 00:00:00+05:30,11017.2998046875,11139.9501953125,10901.0,11069.2998046875,330703,0.0,0.0
2024-10-21 00:00:00+05:30,11050.0,11166.650390625,10771.400390625,10869.2998046875,566667,0.0,0.0
2024-10-22 00:00:00+05:30,10751.0,11080.7998046875,10740.0,10825.150390625,793887,0.0,0.0
2024-10-23 00:00:00+05:30,10821.9501953125,10843.650390625,10672.0,10753.0498046875,351717,0.0,0.0
2024-10-24 00:00:00+05:30,10753.0498046875,11085.0,10718.400390625,11043.599609375,341400,0.0,0.0
2024-10-25 00:00:00+05:30,11063.7001953125,11115.0,10950.0,10995.2001953125,519646,0.0,0.0
2024-10-28 00:00:00+05:30,11000.0,11199.349609375,10899.599609375,11092.599609375,229113,0.0,0.0
2024-10-29 00:00:00+05:30,11074.0,11136.9501953125,10917.0498046875,11112.099609375,266761,0.0,0.0
2024-10-30 00:00:00+05:30,11115.0,11230.0,11011.400390625,11205.099609375,239933,0.0,0.0
2024-10-31 00:00:00+05:30,11156.7998046875,11250.900390625,11042.5498046875,11065.650390625,423687,0.0,0.0
2024-11-01 00:00:00+05:30,11079.9501953125,11171.2998046875,11078.5498046875,11145.7998046875,19032,0.0,0.0
2024-11-04 00:00:00+05:30,11147.0,11156.75,10930.0498046875,11001.849609375,276984,0.0,0.0
2024-11-05 00:00:00+05:30,10983.650390625,11188.0498046875,10973.25,11176.349609375,274422,0.0,0.0
2024-11-06 00:00:00+05:30,11225.0,11306.900390625,11112.0,11274.400390625,282486,0.0,0.0
2024-11-07 00:00:00+05:30,11241.5498046875,11244.9501953125,11001.099609375,11050.7998046875,326254,0.0,0.0
2024-11-08 00:00:00+05:30,11029.099609375,11139.349609375,10960.7001953125,11043.349609375,155894,0.0,0.0
2024-11-11 00:00:00+05:30,11015.0,11109.9501953125,10896.0498046875,10970.4501953125,107472,0.0,0.0
2024-11-12 00:00:00+05:30,10970.5,11074.75,10840.0,10892.0,166347,0.0,0.0
2024-11-13 00:00:00+05:30,10803.2998046875,10873.5,10750.0,10782.2001953125,216900,0.0,0.0
2024-11-14 00:00:00+05:30,10726.0,10832.5,10542.5,10728.5,297442,0.0,0.0
2024-11-18 00:00:00+05:30,10632.099609375,10766.849609375,10580.400390625,10630.900390625,424186,0.0,0.0
2024-11-19 00:00:00+05:30,10684.0498046875,10870.0,10657.900390625,10769.5498046875,220357,0.0,0.0
2024-11-21 00:00:00+05:30,10555.0,11005.849609375,10555.0,10954.849609375,256924,0.0,0.0
2024-11-22 00:00:00+05:30,10999.0,11409.900390625,10931.650390625,11375.2998046875,328426,0.0,0.0
2024-11-25 00:00:00+05:30,11450.0,11690.0,11437.25,11457.4501953125,465057,0.0,0.0
2024-11-26 00:00:00+05:30,11457.4501953125,11497.2998046875,11106.0,11121.0498046875,243711,0.0,0.0
2024-11-27 00:00:00+05:30,11020.599609375,11188.9501953125,10960.0,11139.900390625,330284,0.0,0.0
2024-11-28 00:00:00+05:30,11174.0,11190.0,10957.599609375,10997.7998046875,326140,0.0,0.0
2024-11-29 00:00:00+05:30,10915.0,11233.0,10915.0,11202.150390625,367574,0.0,0.0
2024-12-02 00:00:00+05:30,11206.7001953125,11780.0,11206.7001953125,11648.5498046875,633694,0.0,0.0
2024-12-03 00:00:00+05:30,11674.75,11935.0,11624.9501953125,11852.349609375,501811,0.0,0.0
2024-12-04 00:00:00+05:30,11866.2001953125,11920.349609375,11748.0498046875,11766.7998046875,306770,0.0,0.0
2024-12-05 00:00:00+05:30,11745.0,12001.9501953125,11722.849609375,11932.7998046875,436371,0.0,0.0
2024-12-06 00:00:00+05:30,11939.0,11956.349609375,11818.0,11848.5,193324,0.0,0.0
2024-12-09 00:00:00+05:30,11858.400390625,11890.0,11718.0,11814.7998046875,268177,0.0,0.0
2024-12-10 00:00:00+05:30,11745.0,11807.099609375,11695.0,11745.7998046875,232758,0.0,0.0
2024-12-11 00:00:00+05:30,11851.0,12065.0,11815.2998046875,11898.5,527029,0.0,0.0
2024-12-12 00:00:00+05:30,11944.0,11944.0,11790.900390625,11856.9501953125,247809,0.0,0.0
2024-12-13 00:00:00+05:30,11800.0,12118.5,11730.0,12083.900390625,408880,0.0,0.0
2024-12-16 00:00:00+05:30,12050.0,12145.349609375,11871.0,11942.5,214946,0.0,0.0
2024-12-17 00:00:00+05:30,11930.650390625,11974.150390625,11683.2001953125,11774.9501953125,244639,0.0,0.0
2024-12-18 00:00:00+05:30,11775.0,11855.0,11700.0,11763.9501953125,222900,0.0,0.0
2024-12-19 00:00:00+05:30,11638.0,11760.0,11572.0498046875,11670.7998046875,162249,0.0,0.0
2024-12-20 00:00:00+05:30,11664.849609375,11748.0,11397.650390625,11422.7998046875,299802,0.0,0.0
2024-12-23 00:00:00+05:30,11520.0,11582.4501953125,11375.0,11472.599609375,149350,0.0,0.0
2024-12-24 00:00:00+05:30,11471.0,11587.0498046875,11360.0,11390.349609375,108000,0.0,0.0
2024-12-26 00:00:00+05:30,11390.349609375,11799.0,11334.5,11460.650390625,144283,0.0,0.0
2024-12-27 00:00:00+05:30,11491.599609375,11555.0,11385.0,11406.5498046875,118410,0.0,0.0
2024-12-30 00:00:00+05:30,11419.4501953125,11507.650390625,11239.7001953125,11288.349609375,164726,0.0,0.0
2024-12-31 00:00:00+05:30,11270.0,11465.0,11194.0498046875,11426.349609375,241737,0.0,0.0
2025-01-01 00:00:00+05:30,11411.0,11520.900390625,11305.0,11447.0,107951,0.0,0.0
2025-01-02 00:00:00+05:30,11500.0,11829.150390625,11455.0498046875,11797.7001953125,267609,0.0,0.0
2025-01-03 00:00:00+05:30,11799.0,11861.650390625,11713.0,11786.0,237651,0.0,0.0
2025-01-06 00:00:00+05:30,11801.9501953125,11854.75,11450.2001953125,11503.599609375,139820,0.0,0.0
2025-01-07 00:00:00+05:30,11514.9501953125,11635.150390625,11485.150390625,11618.5498046875,197212,0.0,0.0
2025-01-08 00:00:00+05:30,11618.5498046875,11629.9501953125,11370.0,11403.5498046875,159583,0.0,0.0
2025-01-09 00:00:00+05:30,11403.5498046875,11432.4501953125,11183.0,11259.7998046875,196555,0.0,0.0
2025-01-10 00:00:00+05:30,11203.25,11287.25,10837.5498046875,10865.2001953125,228618,0.0,0.0
2025-01-13 00:00:00+05:30,10700.0,10830.0,10593.400390625,10615.150390625,225902,0.0,0.0
2025-01-14 00:00:00+05:30,10570.0,10733.0,10462.0,10483.75,344404,0.0,0.0
2025-01-15 00:00:00+05:30,10540.0,10643.400390625,10466.75,10521.650390625,371459,0.0,0.0
2025-01-16 00:00:00+05:30,10590.0,10807.599609375,10550.0,10636.2001953125,375910,0.0,0.0
2025-01-17 00:00:00+05:30,10636.2001953125,10723.9501953125,10500.099609375,10580.0,297759,0.0,0.0
2025-01-20 00:00:00+05:30,10587.400390625,10652.7998046875,10484.25,10624.4501953125,332061,0.0,0.0
2025-01-21 00:00:00+05:30,10677.5,10968.0498046875,10642.0498046875,10667.7998046875,593842,0.0,0.0
2025-01-22 00:00:00+05:30,10700.0,10797.7998046875,10606.75,10693.75,249552,0.0,0.0
2025-01-23 00:00:00+05:30,10690.0,11571.4501953125,10689.9501953125,11420.900390625,1510866,0.0,0.0
2025-01-24 00:00:00+05:30,11251.0,11609.7001953125,11222.400390625,11285.849609375,545939,0.0,0.0
2025-01-27 00:00:00+05:30,11260.0,11360.0,11150.0,11239.5,414994,0.0,0.0
2025-01-28 00:00:00+05:30,11215.0,11411.599609375,11066.0,11296.349609375,436707,0.0,0.0
2025-01-29 00:00:00+05:30,11296.349609375,11574.9501953125,11260.849609375,11544.849609375,377755,0.0,0.0
2025-01-30 00:00:00+05:30,11544.849609375,11612.5,11450.0,11479.400390625,274820,0.0,0.0
2025-01-31 00:00:00+05:30,11488.650390625,11599.0,11392.150390625,11487.4501953125,361656,0.0,0.0
2025-02-01 00:00:00+05:30,11544.900390625,11787.0,10798.25,11259.150390625,513602,0.0,0.0
2025-02-03 00:00:00+05:30,11120.25,11282.7998046875,10951.400390625,11174.650390625,450593,0.0,0.0
2025-02-04 00:00:00+05:30,11200.099609375,11547.849609375,11112.150390625,11519.150390625,314752,0.0,0.0
2025-02-05 00:00:00+05:30,11519.099609375,11632.849609375,11433.0,11585.7001953125,236897,0.0,0.0
2025-02-06 00:00:00+05:30,11577.2001953125,11619.5498046875,11327.7001953125,11477.349609375,308664,0.0,0.0
2025-02-07 00:00:00+05:30,11501.099609375,11733.0,11475.0498046875,11640.599609375,310549,0.0,0.0
2025-02-10 00:00:00+05:30,11520.0,11613.7001953125,11490.0,11532.2998046875,262455,0.0,0.0
2025-02-11 00:00:00+05:30,11497.0,11515.599609375,11240.25,11300.2001953125,301338,0.0,0.0
2025-02-12 00:00:00+05:30,11300.0,11599.0,11074.599609375,11478.5,347198,0.0,0.0
2025-02-13 00:00:00+05:30,11500.0,11649.900390625,11422.2001953125,11546.4501953125,336128,0.0,0.0
2025-02-14 00:00:00+05:30,11589.0,11589.0,11182.0,11263.849609375,279199,0.0,0.0
2025-02-17 00:00:00+05:30,11219.0,11509.900390625,11043.400390625,11490.099609375,166053,0.0,0.0
2025-02-18 00:00:00+05:30,11450.0,11460.599609375,11251.0,11308.900390625,268795,0.0,0.0
2025-02-19 00:00:00+05:30,11290.0,11460.0,11231.0,11291.5498046875,157580,0.0,0.0
2025-02-20 00:00:00+05:30,11291.099609375,11330.0,11245.2001953125,11287.599609375,142187,0.0,0.0
2025-02-21 00:00:00+05:30,11265.0,11290.0,10990.0,11157.25,320240,0.0,0.0
2025-02-24 00:00:00+05:30,11008.650390625,11170.0,10975.0498046875,11042.650390625,175294,0.0,0.0
2025-02-25 00:00:00+05:30,11042.650390625,11054.25,10841.0,10964.150390625,296499,0.0,0.0
2025-02-27 00:00:00+05:30,10800.0,10800.0,10264.400390625,10447.650390625,1722295,0.0,0.0
2025-02-28 00:00:00+05:30,10490.0,10490.0,10047.849609375,10128.4501953125,1230856,0.0,0.0
2025-03-03 00:00:00+05:30,10319.25,10621.7998046875,10283.150390625,10340.7998046875,835344,0.0,0.0
2025-03-04 00:00:00+05:30,10250.0,10454.7998046875,10240.0,10370.099609375,352922,0.0,0.0
2025-03-05 00:00:00+05:30,10387.900390625,10506.7998046875,10295.25,10464.2001953125,310832,0.0,0.0
2025-03-06 00:00:00+05:30,10539.7998046875,10540.0,10317.2001953125,10493.5,365920,0.0,0.0
2025-03-07 00:00:00+05:30,10501.0,10609.599609375,10446.7001953125,10582.400390625,302339,0.0,0.0
2025-03-10 00:00:00+05:30,10589.0,10645.599609375,10477.0,10520.099609375,165649,0.0,0.0
2025-03-11 00:00:00+05:30,10411.0,10508.5498046875,10356.25,10439.25,180753,0.0,0.0
2025-03-12 00:00:00+05:30,10480.0,10549.7998046875,10362.0,10520.400390625,299765,0.0,0.0
2025-03-13 00:00:00+05:30,10520.0,10520.0,10380.099609375,10452.099609375,219474,0.0,0.0
2025-03-17 00:00:00+05:30,10546.5,10577.349609375,10448.0,10547.099609375,212061,0.0,0.0
2025-03-18 00:00:00+05:30,10547.099609375,10547.099609375,10547.099609375,10547.099609375,0,0.0,0.0
2025-03-19 00:00:00+05:30,10710.0,10945.099609375,10700.0,10933.25,269175,0.0,0.0
2025-03-20 00:00:00+05:30,10931.150390625,11240.0,10816.0,10948.150390625,549251,0.0,0.0
2025-03-21 00:00:00+05:30,11019.0,11064.0,10885.650390625,10976.75,656565,0.0,0.0
2025-03-24 00:00:00+05:30,11018.9501953125,11077.9501953125,10853.849609375,11051.2001953125,294688,0.0,0.0
2025-03-25 00:00:00+05:30,11240.0,11478.849609375,11204.7001953125,11421.2001953125,754457,0.0,0.0
2025-03-26 00:00:00+05:30,11381.0,11487.0,11300.0,11402.099609375,401569,0.0,0.0
2025-03-27 00:00:00+05:30,11400.5,11629.9501953125,11350.0,11599.599609375,406112,0.0,0.0
2025-03-28 00:00:00+05:30,11585.5,11699.0,11458.650390625,11509.5498046875,280960,0.0,0.0
2025-04-01 00:00:00+05:30,11350.0,11565.650390625,11337.150390625,11378.650390625,263144,0.0,0.0
2025-04-02 00:00:00+05:30,11360.0,11360.0,11178.099609375,11250.9501953125,376468,0.0,0.0
2025-04-03 00:00:00+05:30,11189.0,11650.0498046875,11155.0,11606.599609375,361884,0.0,0.0
2025-04-04 00:00:00+05:30,11599.0,11613.5,11421.0,11498.650390625,222191,0.0,0.0
2025-04-07 00:00:00+05:30,11200.0,11300.0498046875,11015.0498046875,11191.599609375,484513,0.0,0.0
2025-04-08 00:00:00+05:30,11317.75,11542.75,11240.7998046875,11270.4501953125,602120,0.0,0.0
2025-04-09 00:00:00+05:30,11288.849609375,11423.0,11180.0,11397.0498046875,230611,0.0,0.0
2025-04-11 00:00:00+05:30,11842.349609375,11842.349609375,11454.0498046875,11502.650390625,351037,0.0,0.0
2025-04-15 00:00:00+05:30,11749.0,11749.0,11581.0,11719.0,345260,0.0,0.0
2025-04-16 00:00:00+05:30,11667.0,11827.0,11667.0,11728.0,268150,0.0,0.0
2025-04-17 00:00:00+05:30,11667.0,11922.0,11600.0,11901.0,290473,0.0,0.0
2025-04-21 00:00:00+05:30,11816.0,12110.0,11781.0,11934.0,230595,0.0,0.0
2025-04-22 00:00:00+05:30,11934.0,12017.0,11850.0,11959.0,334667,0.0,0.0
2025-04-23 00:00:00+05:30,12040.0,12040.0,11826.0,11949.0,267716,0.0,0.0
2025-04-24 00:00:00+05:30,11877.0,12188.0,11870.0,12159.0,339743,0.0,0.0
2025-04-25 00:00:00+05:30,12149.0,12304.0,11860.0,12237.0,412558,0.0,0.0
2025-04-28 00:00:00+05:30,12232.0,12339.0,12001.0,12114.0,516745,0.0,0.0
2025-04-29 00:00:00+05:30,12201.0,12222.0,11800.0,11869.0,516495,0.0,0.0
2025-04-30 00:00:00+05:30,11869.0,11925.0,11500.0,11641.0,630392,0.0,0.0
2025-05-02 00:00:00+05:30,11641.0,11750.0,11481.0,11613.0,189474,0.0,0.0
2025-05-05 00:00:00+05:30,11702.0,11728.0,11652.0,11670.0,145699,0.0,0.0
2025-05-06 00:00:00+05:30,11699.0,11729.0,11544.0,11693.0,273048,0.0,0.0
2025-05-07 00:00:00+05:30,11651.0,11700.0,11553.0,11658.0,217460,0.0,0.0
2025-05-08 00:00:00+05:30,11601.0,11740.0,11539.0,11631.0,388912,0.0,0.0
2025-05-09 00:00:00+05:30,11480.0,11558.0,11313.0,11364.0,200270,0.0,0.0
2025-05-12 00:00:00+05:30,11590.0,11767.0,11565.0,11736.0,182795,0.0,0.0
2025-05-13 00:00:00+05:30,11700.0,11748.0,11566.0,11661.0,307678,0.0,0.0
2025-05-14 00:00:00+05:30,11676.0,11741.0,11624.0,11672.0,179337,0.0,0.0
2025-05-15 00:00:00+05:30,11672.0,11932.0,11643.0,11894.0,371371,0.0,0.0
2025-05-16 00:00:00+05:30,11950.0,11990.0,11857.0,11905.0,209706,0.0,0.0
2025-05-19 00:00:00+05:30,11904.0,11991.0,11880.0,11929.0,128237,0.0,0.0
2025-05-20 00:00:00+05:30,11969.0,11980.0,11669.0,11697.0,158934,0.0,0.0
2025-05-21 00:00:00+05:30,11697.0,11910.0,11634.0,11666.0,173017,0.0,0.0
2025-05-22 00:00:00+05:30,11666.0,11700.0,11517.0,11680.0,175370,0.0,0.0
2025-05-23 00:00:00+05:30,11727.0,11875.0,11661.0,11746.0,181463,0.0,0.0
2025-05-26 00:00:00+05:30,11800.0,11884.0,11645.0,11689.0,198003,0.0,0.0
2025-05-27 00:00:00+05:30,11676.0,11722.0,11375.0,11421.0,478345,0.0,0.0
2025-05-28 00:00:00+05:30,11455.0,11470.0,11200.0,11238.0,201200,0.0,0.0
2025-05-29 00:00:00+05:30,11249.0,11337.0,11151.0,11269.0,350206,0.0,0.0
2025-05-30 00:00:00+05:30,11265.0,11310.0,11206.0,11225.0,56831,0.0,0.0
