timestamp,Open,High,Low,Close,Volume,Dividends,Stock Splits
2020-06-01 00:00:00+05:30,104.28645349844187,106.94805671997983,103.27020204201159,104.06868743896484,26749248,0.0,0.0
2020-06-02 00:00:00+05:30,104.09287993057023,105.76242947917129,102.08457499122609,104.45582580566406,12812554,0.0,0.0
2020-06-03 00:00:00+05:30,104.57681751855233,105.23011572416672,101.89101631550626,102.27816009521484,16844202,0.0,0.0
2020-06-04 00:00:00+05:30,102.27815526424762,106.43993039311722,101.69743593003751,104.64939880371094,14794936,0.0,0.0
2020-06-05 00:00:00+05:30,106.46413225446427,106.58511422293526,104.04449288504463,105.85922241210938,14491168,0.0,0.0
2020-06-08 00:00:00+05:30,105.98020332968412,109.9968061199229,104.45583349572668,109.58546447753906,24427392,0.0,0.0
2020-06-09 00:00:00+05:30,108.44824239274178,109.51288226694176,105.08493767193563,105.66565704345703,15690504,0.0,0.0
2020-06-10 00:00:00+05:30,106.46412018806704,106.97224587488604,104.3348407379667,105.01233673095703,14787292,0.0,0.0
2020-06-11 00:00:00+05:30,105.01235130564065,105.32690147800996,102.7620895884669,103.02824401855469,12497490,0.0,0.0
2020-06-12 00:00:00+05:30,100.65700017335863,101.38289200153189,99.83432424492631,100.60860443115234,12418688,0.0,0.0
2020-06-15 00:00:00+05:30,102.56851372347087,105.44788316167576,100.72958628409643,103.46378326416016,28511450,0.0,0.0
2020-06-16 00:00:00+05:30,105.23010720756149,105.44787325847513,101.43127809851546,102.78627014160156,15921712,0.0,0.0
2020-06-17 00:00:00+05:30,102.59270726574064,105.85922035085267,102.13297727133329,105.39949035644531,27938908,0.0,0.0
2020-06-18 00:00:00+05:30,104.91556471466815,106.12538440145134,103.87511535354261,105.56886291503906,12408426,0.0,0.0
2020-06-19 00:00:00+05:30,105.49627504824161,108.44823799178491,104.04449144666032,107.45618438720703,22447354,0.0,0.0
2020-06-22 00:00:00+05:30,107.02064931495065,107.31100900097096,104.91556743584087,105.52047729492188,12961806,0.0,0.0
2020-06-23 00:00:00+05:30,104.04449462075823,107.57716963587514,103.0766388568442,106.7544937133789,14850298,0.0,0.0
2020-06-24 00:00:00+05:30,108.39983874075128,108.39983874075128,105.27850557527007,105.59305572509766,16492172,0.0,0.0
2020-06-25 00:00:00+05:30,104.98814591069615,107.43198303770886,104.18966790934735,105.59305572509766,10193692,0.0,0.0
2020-06-26 00:00:00+05:30,106.12537866740085,111.30340517022873,105.64145081883464,109.10153198242188,38389012,0.0,0.0
2020-06-29 00:00:00+05:30,107.45618023601251,109.31929802224153,105.83501898988,106.3189468383789,13374148,0.0,0.0
2020-06-30 00:00:00+05:30,106.27055591440813,107.40778190039076,105.49626842187091,106.29474639892578,11001386,0.0,0.0
2020-07-01 00:00:00+05:30,106.94806003708223,107.62555610628024,105.66565412604552,106.00440216064453,7905234,0.0,0.0
2020-07-02 00:00:00+05:30,106.9480600885949,109.10153764974726,106.2463661485547,108.49662780761719,14359882,0.0,0.0
2020-07-03 00:00:00+05:30,108.49662762728633,110.5775189575858,107.7465379474611,108.7869873046875,10838912,0.0,0.0
2020-07-06 00:00:00+05:30,109.3193018171005,109.97260738891376,107.23841790364276,107.74653625488281,15175628,0.0,0.0
2020-07-07 00:00:00+05:30,108.01270461011683,110.52912818549096,107.43199261336181,108.83538055419922,18235138,0.0,0.0
2020-07-08 00:00:00+05:30,109.68224770672076,110.19037344207071,107.67395001956763,107.96430969238281,14152368,0.0,0.0
2020-07-09 00:00:00+05:30,108.52081675592645,108.69019445145855,106.29474576624635,107.23841094970703,13417996,0.0,0.0
2020-07-10 00:00:00+05:30,106.94806120636079,108.13368303249655,106.22216938821808,107.48038482666016,9097518,0.0,0.0
2020-07-13 00:00:00+05:30,108.37564943352766,110.81948675361494,107.6981533415338,110.1419906616211,24694620,0.0,0.0
2020-07-14 00:00:00+05:30,110.52911790951154,112.12608129023212,108.44823406328032,108.8837661743164,27877134,0.0,0.0
2020-07-15 00:00:00+05:30,114.20696899530209,130.03141509815978,113.72304116057623,127.15203857421875,260735176,0.0,0.0
2020-07-16 00:00:00+05:30,127.03105178212057,129.91042819650394,123.4257910274204,126.74069213867188,104555854,0.0,0.0
2020-07-17 00:00:00+05:30,125.14374673352272,127.68436798195377,124.36945920891105,126.47454833984375,37713024,0.0,0.0
2020-07-20 00:00:00+05:30,126.47454397005431,132.37845475858305,125.3373105921019,131.0476531982422,42789980,0.0,0.0
2020-07-21 00:00:00+05:30,134.7739087533994,136.27408807020444,130.3701622821226,131.31382751464844,65998100,0.0,0.0
2020-07-22 00:00:00+05:30,131.84616389911957,132.0397321078611,127.58758946526726,128.72482299804688,25167708,0.0,0.0
2020-07-23 00:00:00+05:30,129.83785107306912,129.91045207350376,127.05526561784266,129.0151824951172,20736656,0.0,0.0
2020-07-24 00:00:00+05:30,129.20872839997193,131.53157603691906,128.50702715115193,130.92666625976562,44244246,0.0,0.0
2020-07-27 00:00:00+05:30,130.92667238065576,132.20909298281896,129.28132066353842,130.10400390625,27980494,0.0,0.0
2020-07-28 00:00:00+05:30,130.32175986105267,133.9270281336715,130.32175986105267,133.2979278564453,28087614,0.0,0.0
2020-07-29 00:00:00+05:30,132.49944432456692,134.53194727708285,131.79775777709122,134.0480194091797,21567278,0.0,0.0
2020-07-30 00:00:00+05:30,135.54817557809406,138.7904828777104,135.54817557809406,137.48388671875,51694590,0.0,0.0
2020-07-31 00:00:00+05:30,140.1455065887233,140.72621114059228,134.82230030424233,135.95953369140625,33401320,0.0,0.0
2020-08-03 00:00:00+05:30,136.95157920750762,137.82264341528608,135.25783176147837,136.2498779296875,17817526,0.0,0.0
2020-08-04 00:00:00+05:30,136.24988324181848,137.12096225186443,134.65292720919368,136.00791931152344,16239042,0.0,0.0
2020-08-05 00:00:00+05:30,136.10471248921408,137.6532875697473,134.24158724903378,134.6287384033203,14690906,0.0,0.0
2020-08-06 00:00:00+05:30,135.83856221359244,137.5565002852054,134.41096905616817,135.33042907714844,20305210,0.0,0.0
2020-08-07 00:00:00+05:30,136.0079107750672,136.39506190022374,133.75764931822084,134.2415771484375,14642400,0.0,0.0
2020-08-10 00:00:00+05:30,135.49979246066187,136.080511764244,133.8544407915863,134.2415771484375,12621492,0.0,0.0
2020-08-11 00:00:00+05:30,135.01587890790609,137.75006848410015,134.67712348361007,135.33042907714844,20157816,0.0,0.0
2020-08-12 00:00:00+05:30,135.69337694199544,135.8385641694872,132.86239584143817,133.660888671875,17807334,0.0,0.0
2020-08-13 00:00:00+05:30,134.48355153663124,136.3950725221714,132.98337219247009,134.0480194091797,19307912,0.0,0.0
2020-08-14 00:00:00+05:30,134.77390119611246,135.8627388179841,133.5156858793997,133.80604553222656,13163422,0.0,0.0
2020-08-17 00:00:00+05:30,134.8223049000538,138.59693630494183,134.36256752521845,136.44346618652344,29094008,0.0,0.0
2020-08-18 00:00:00+05:30,137.79845794749164,139.08086382108536,136.32248388382257,136.80641174316406,24108414,0.0,0.0
2020-08-19 00:00:00+05:30,138.1614153796376,138.37918884184967,135.1368660061779,135.3788299560547,18745042,0.0,0.0
2020-08-20 00:00:00+05:30,135.01587147715088,135.01587147715088,132.2090958268838,132.69302368164062,19783530,0.0,0.0
2020-08-21 00:00:00+05:30,134.99169165933753,134.99169165933753,131.96714232809506,132.2816925048828,15939272,0.0,0.0
2020-08-24 00:00:00+05:30,132.35426894680452,132.81400631847603,131.57998142160804,131.96713256835938,12309628,0.0,0.0
2020-08-25 00:00:00+05:30,132.76560149383673,132.93497918593064,130.34596237336697,130.63632202148438,15592276,0.0,0.0
2020-08-26 00:00:00+05:30,130.63633590785892,132.93499331664773,129.69267064324396,131.65257263183594,19265334,0.0,0.0
2020-08-27 00:00:00+05:30,132.11231017556992,133.1769574103148,131.38641836141844,131.79776000976562,12380336,0.0,0.0
2020-08-28 00:00:00+05:30,132.93499331664773,133.0801657719854,131.2896267251851,131.65257263183594,15199568,0.0,0.0
2020-08-31 00:00:00+05:30,132.5962382499445,136.4676612645414,129.6926709889968,131.2896270751953,41141934,0.0,0.0
2020-09-01 00:00:00+05:30,131.14445477302888,135.20944598945405,130.1765990182464,131.434814453125,24586106,0.0,0.0
2020-09-02 00:00:00+05:30,132.06391390316875,133.80605720378716,131.2412453780897,132.45106506347656,16863810,0.0,0.0
2020-09-03 00:00:00+05:30,133.32211022493672,139.29862156799135,132.8381824201275,136.8789825439453,49790330,0.0,0.0
2020-09-04 00:00:00+05:30,134.87069801945725,135.2578343930452,133.12855480169958,133.5640869140625,21415428,0.0,0.0
2020-09-07 00:00:00+05:30,133.80605972358464,135.25784337338845,131.38642030724495,134.8948974609375,16651534,0.0,0.0
2020-09-08 00:00:00+05:30,136.56444748908248,138.86310481549413,134.77390850644989,136.7338104248047,44589722,0.0,0.0
2020-09-09 00:00:00+05:30,135.40299387829447,140.072909009347,134.77389363936433,136.8789825439453,45588720,0.0,0.0
2020-09-10 00:00:00+05:30,138.71792693934526,138.81471842482478,136.03213305282134,137.70167541503906,19035804,0.0,0.0
2020-09-11 00:00:00+05:30,136.7096054887526,144.4282599183598,136.7096054887526,141.93601989746094,83871852,0.0,0.0
2020-09-14 00:00:00+05:30,141.91184392673398,149.31593422428458,141.86344818741998,148.6626434326172,76179084,0.0,0.0
2020-09-15 00:00:00+05:30,148.66264326745025,150.6225451768873,146.50915840097227,148.7352294921875,56312624,0.0,0.0
2020-09-16 00:00:00+05:30,148.5658644921739,151.7113958250701,147.13827128761343,151.05809020996094,29986974,0.0,0.0
2020-09-17 00:00:00+05:30,148.68683193235103,153.25995602278397,148.6626414471702,150.84031677246094,53623304,0.0,0.0
2020-09-18 00:00:00+05:30,151.95334262456186,154.37298183832877,151.10646889974342,153.1631622314453,36975462,0.0,0.0
2020-09-21 00:00:00+05:30,152.87279934281852,157.03458165624448,149.9934376002435,150.9370880126953,45477692,0.0,0.0
2020-09-22 00:00:00+05:30,152.63084565100368,153.28415122234506,147.08988045833055,151.10647583007812,47020668,0.0,0.0
2020-09-23 00:00:00+05:30,152.43727128173342,155.72797472271515,150.57414612351772,152.36468505859375,44278872,0.0,0.0
2020-09-24 00:00:00+05:30,151.66299889622252,151.66299889622252,146.36399732243908,147.4528350830078,35838302,0.0,0.0
2020-09-25 00:00:00+05:30,148.22709829625762,152.5582585706126,147.21086160020232,151.9049530029297,44013790,0.0,0.0
2020-09-28 00:00:00+05:30,152.43727244053457,153.4051281385697,149.82406500950086,150.76771545410156,24921524,0.0,0.0
2020-09-29 00:00:00+05:30,152.43727780459972,154.15521582174168,150.25960240739116,150.7435302734375,29660738,0.0,0.0
2020-09-30 00:00:00+05:30,150.98549813974645,152.84862342622202,149.82407418464055,151.73558044433594,24786634,0.0,0.0
2020-10-01 00:00:00+05:30,153.11476780818745,153.81646909352713,151.0096787204743,151.4936065673828,18514618,0.0,0.0
2020-10-05 00:00:00+05:30,152.53406458331557,162.5997579794851,152.53406458331557,161.6077117919922,77811262,0.0,0.0
2020-10-06 00:00:00+05:30,162.11584696846384,162.26101943156036,156.30871215168304,159.72039794921875,55159848,0.0,0.0
2020-10-07 00:00:00+05:30,158.2444212354295,162.86592671281105,157.51852939490004,162.26101684570312,35479916,0.0,0.0
2020-10-08 00:00:00+05:30,169.85867963361588,177.96447132553345,167.65681376791005,173.9478759765625,214540492,0.0,0.0
2020-10-09 00:00:00+05:30,175.18187954336565,182.0052650980253,172.88322228416402,180.989013671875,110861504,0.0,0.0
2020-10-12 00:00:00+05:30,182.4408058419133,183.7957979620638,178.61777864663264,182.68276977539062,105931918,0.0,0.0
2020-10-13 00:00:00+05:30,182.5859689951262,184.71526331592176,180.48089469573512,181.93267822265625,72176286,0.0,0.0
2020-10-14 00:00:00+05:30,176.63368984632447,176.63368984632447,168.5520877186352,169.59254455566406,148263902,0.0,0.0
2020-10-15 00:00:00+05:30,169.8586721691217,171.43143765216914,164.02734759314507,165.30975341796875,77922358,0.0,0.0
2020-10-16 00:00:00+05:30,165.93886976121527,168.45530068492002,163.85798575114538,164.36610412597656,50488458,0.0,0.0
2020-10-19 00:00:00+05:30,165.72109951963432,167.6810014211303,163.88216481333956,166.08404541015625,25693748,0.0,0.0
2020-10-20 00:00:00+05:30,166.83413096718763,169.13278831916486,165.43074311648388,167.80198669433594,33993548,0.0,0.0
2020-10-21 00:00:00+05:30,169.1812013183566,169.42316527482788,164.09995823246047,166.20504760742188,19934922,0.0,0.0
2020-10-22 00:00:00+05:30,165.01939263775526,168.50367897613862,164.94680641576926,166.68894958496094,19082496,0.0,0.0
2020-10-23 00:00:00+05:30,167.87455936552522,167.97135083774737,165.16456059466196,165.69688415527344,17346096,0.0,0.0
2020-10-26 00:00:00+05:30,166.32600532660814,166.90670987645723,162.93851043008502,164.4386749267578,17390338,0.0,0.0
2020-10-27 00:00:00+05:30,163.71279083856527,164.41449215020808,160.20431381696406,161.65609741210938,19821156,0.0,0.0
2020-10-28 00:00:00+05:30,162.4787851457902,164.4628924005617,161.82547955639743,162.43038940429688,17969178,0.0,0.0
2020-10-29 00:00:00+05:30,161.46253310311138,164.53547807373815,160.2527134113927,163.3014678955078,14479922,0.0,0.0
2020-10-30 00:00:00+05:30,164.17253571685134,166.95512106798444,163.78539931445133,164.87423706054688,22991068,0.0,0.0
2020-11-02 00:00:00+05:30,165.38233195551507,165.38233195551507,161.4867189243092,162.01902770996094,9662266,0.0,0.0
2020-11-03 00:00:00+05:30,162.3578031762103,164.26932420289526,160.9786057693382,162.43038940429688,9515596,0.0,0.0
2020-11-04 00:00:00+05:30,163.56760975871939,170.12482607693158,163.32564583895797,165.9630584716797,30763800,0.0,0.0
2020-11-05 00:00:00+05:30,168.38270655753078,168.890824908529,166.4953760691227,167.148681640625,11204872,0.0,0.0
2020-11-06 00:00:00+05:30,167.51162238562895,168.8908197122989,166.18082079763806,167.31805419921875,10915586,0.0,0.0
2020-11-09 00:00:00+05:30,169.37475515269713,170.72974728659605,167.9229715371026,170.31842041015625,14214570,0.0,0.0
2020-11-10 00:00:00+05:30,169.7376948092299,169.7376948092299,165.09198445665606,165.64849853515625,18099240,0.0,0.0
2020-11-11 00:00:00+05:30,166.7131490012941,168.2859145579101,165.26136541057167,167.80198669433594,15275758,0.0,0.0
2020-11-12 00:00:00+05:30,168.406912242729,169.71352350365947,166.61637307305503,167.22128295898438,10228848,0.0,0.0
2020-11-13 00:00:00+05:30,166.71315517800798,167.56002897063937,165.84209089862418,166.5437774658203,9455776,0.0,0.0
2020-11-14 00:00:00+05:30,167.99556589989356,168.18913410435226,166.03566383124962,167.1728973388672,1498484,0.0,0.0
2020-11-17 00:00:00+05:30,167.92295278868693,169.61670015110883,166.32599689715397,168.74563598632812,13307668,0.0,0.0
2020-11-18 00:00:00+05:30,169.25378105780135,170.5119965368389,165.40654839019385,167.1002960205078,14815616,0.0,0.0
2020-11-19 00:00:00+05:30,168.26172092481215,169.1327851556303,165.30975805856338,165.79368591308594,22113702,0.0,0.0
2020-11-20 00:00:00+05:30,166.3743935978397,168.64886046407517,165.52751983654233,167.58421325683594,12362786,0.0,0.0
2020-11-23 00:00:00+05:30,168.40688262494564,172.95580121345267,167.4390269776758,172.20571899414062,20666694,0.0,0.0
2020-11-24 00:00:00+05:30,173.73009386880824,174.89151772652633,171.79438251650953,172.03634643554688,20184882,0.0,0.0
2020-11-25 00:00:00+05:30,173.19779871259817,173.633330884669,169.15699764797463,169.37477111816406,13624676,0.0,0.0
2020-11-26 00:00:00+05:30,169.85869166152452,172.47189934880956,168.01977156225547,171.72181701660156,14732740,0.0,0.0
2020-11-27 00:00:00+05:30,171.72180361658488,173.00420948850274,168.3343086056212,169.61671447753906,24804168,0.0,0.0
2020-12-01 00:00:00+05:30,170.68136579946764,171.2620703829707,167.56002512802723,170.7539520263672,21387134,0.0,0.0
2020-12-02 00:00:00+05:30,171.52824666754987,174.35921301187528,171.40726469494427,173.6817169189453,18868154,0.0,0.0
2020-12-03 00:00:00+05:30,176.14973077955773,176.14973077955773,173.2461637886859,174.35919189453125,21394090,0.0,0.0
2020-12-04 00:00:00+05:30,174.74635299029418,175.37545330021794,173.73010153185052,174.60116577148438,14854786,0.0,0.0
2020-12-07 00:00:00+05:30,175.18189684897183,175.54484276785783,173.0042213356559,173.46395874023438,16784766,0.0,0.0
2020-12-08 00:00:00+05:30,174.3592110134948,176.63367797973473,173.4397509858918,176.00457763671875,23626602,0.0,0.0
2020-12-09 00:00:00+05:30,177.96448150762097,177.96448150762097,173.0042206362325,173.97207641601562,36275376,0.0,0.0
2020-12-10 00:00:00+05:30,172.37509137840775,173.24615552680723,170.7055345309532,172.2299041748047,13794794,0.0,0.0
2020-12-11 00:00:00+05:30,172.9558123845167,174.2140277608955,170.65715507378266,171.06849670410156,11727232,0.0,0.0
2020-12-14 00:00:00+05:30,171.06847808967214,171.5765963746959,167.9713431090363,169.0601806640625,23003678,0.0,0.0
2020-12-15 00:00:00+05:30,169.03599939115864,171.26207055086923,168.16493513089677,170.68136596679688,14463562,0.0,0.0
2020-12-16 00:00:00+05:30,171.2620676597923,173.7059122274671,170.92332701687835,173.4397430419922,13332544,0.0,0.0
2020-12-17 00:00:00+05:30,173.43975904855841,173.85110072348638,172.03637107084037,172.7138671875,8330742,0.0,0.0
2020-12-18 00:00:00+05:30,173.70591986663683,177.02081405734378,173.00421852752407,175.93197631835938,34796162,0.0,0.0
2020-12-21 00:00:00+05:30,175.42384739349112,177.8192961824626,168.5762712006202,171.28627014160156,19330126,0.0,0.0
2020-12-22 00:00:00+05:30,171.3104660709399,176.97242806026816,169.10860016859365,176.2465362548828,16372078,0.0,0.0
2020-12-23 00:00:00+05:30,180.98902340739082,187.57044539404816,179.875995213545,186.57838439941406,89748866,0.0,0.0
2020-12-24 00:00:00+05:30,187.01392297049662,187.13490493262833,183.23927689100418,184.9572296142578,24480344,0.0,0.0
2020-12-28 00:00:00+05:30,185.56215919626757,186.9897376405442,184.8604578338162,185.29598999023438,9451758,0.0,0.0
2020-12-29 00:00:00+05:30,185.82829748376625,188.97382856096542,185.39276536519992,186.31222534179688,22918252,0.0,0.0
2020-12-30 00:00:00+05:30,186.31222551347375,187.08651304069747,185.24757831750284,186.02186584472656,14376870,0.0,0.0
2020-12-31 00:00:00+05:30,184.47331487399958,187.57045037098544,184.47331487399958,186.91714477539062,12789210,0.0,0.0
2021-01-01 00:00:00+05:30,186.3364044506158,189.0947989802993,186.3364044506158,187.81239318847656,10084672,0.0,0.0
2021-01-04 00:00:00+05:30,188.73187450993072,192.57910708995595,187.66722725921858,191.82901000976562,19511442,0.0,0.0
2021-01-05 00:00:00+05:30,190.71596233305837,198.31362046587498,190.42560267899728,196.619873046875,50313494,0.0,0.0
2021-01-06 00:00:00+05:30,195.9907778941294,201.99148023895512,195.16809464749835,196.66827392578125,44972600,0.0,0.0
2021-01-07 00:00:00+05:30,199.4992495714409,199.8621954469499,195.43425871940133,196.837646484375,24689510,0.0,0.0
2021-01-08 00:00:00+05:30,197.20059273761112,209.37137483266395,197.0796107788764,208.18576049804688,81986460,0.0,0.0
2021-01-11 00:00:00+05:30,210.9925486017034,218.251466558184,210.508620737938,216.21896362304688,94668036,0.0,0.0
2021-01-12 00:00:00+05:30,216.77547805631568,222.96974839300984,214.08966973015347,221.4937744140625,44268930,0.0,0.0
2021-01-13 00:00:00+05:30,223.0907500356371,226.21209073196164,219.1225355593508,222.12289428710938,58380386,0.0,0.0
2021-01-14 00:00:00+05:30,218.735401417813,225.51039172721428,208.08898807446812,219.8726348876953,143103614,0.0,0.0
2021-01-15 00:00:00+05:30,220.06618411651,222.31644560736075,211.28289681901188,212.22654724121094,50615558,0.0,0.0
2021-01-18 00:00:00+05:30,213.41218981219896,215.34790128441844,207.65345113600728,208.8390655517578,43021174,0.0,0.0
2021-01-19 00:00:00+05:30,209.54077790352855,212.71049969890336,206.9759659750808,208.20997619628906,31355580,0.0,0.0
2021-01-20 00:00:00+05:30,210.0246990388695,216.72710310241183,209.54077116089977,215.32371520996094,48839358,0.0,0.0
2021-01-21 00:00:00+05:30,218.54182153849715,219.43709102090492,214.04128364111187,215.7350311279297,31822754,0.0,0.0
2021-01-22 00:00:00+05:30,217.02033354044212,219.22714959027192,213.625222816699,215.71078491210938,22797624,0.5,0.0
2021-01-25 00:00:00+05:30,215.90480342040902,218.7421491131093,211.05464490348865,212.07318115234375,14760338,0.0,0.0
2021-01-27 00:00:00+05:30,212.43693439606093,220.56094958129842,212.07317252209506,216.5353240966797,59180420,0.0,0.0
2021-01-28 00:00:00+05:30,214.98326511098853,217.57810274324459,207.2472567571753,209.47833251953125,29624870,0.0,0.0
2021-01-29 00:00:00+05:30,212.1459189411326,212.29143256956945,201.54832020226135,202.6881103515625,31264842,0.0,0.0
2021-02-01 00:00:00+05:30,201.81507598310995,205.54968873709043,197.98345414917884,204.4341583251953,30163704,0.0,0.0
2021-02-02 00:00:00+05:30,207.58678750967232,211.2486513220079,205.47696556416702,207.7565460205078,26620996,0.0,0.0
2021-02-03 00:00:00+05:30,208.6538025396355,213.3827065773751,208.6538025396355,210.2543487548828,19795332,0.0,0.0
2021-02-04 00:00:00+05:30,210.2543607163588,211.9034115655972,207.7080276280984,208.50830078125,14386598,0.0,0.0
2021-02-05 00:00:00+05:30,209.5268258519428,210.20584501245776,203.9733890146621,206.39846801757812,17358052,0.0,0.0
2021-02-08 00:00:00+05:30,208.72656094475332,212.29143017944955,206.76223799428402,211.12738037109375,25032680,0.0,0.0
2021-02-09 00:00:00+05:30,213.52821660374335,219.10589858203534,211.07889261214018,213.09170532226562,58949660,0.0,0.0
2021-02-10 00:00:00+05:30,214.37698343402974,215.41976444292092,210.98187283665823,212.92193603515625,21215470,0.0,0.0
2021-02-11 00:00:00+05:30,212.92195122411104,213.64947497544625,210.20585959215776,211.95191955566406,18474052,0.0,0.0
2021-02-12 00:00:00+05:30,213.40696723213023,217.8691188312237,213.21296385858457,214.3769989013672,38561668,0.0,0.0
2021-02-15 00:00:00+05:30,215.63803387904238,215.78353270264887,211.854901648686,213.26145935058594,15689754,0.0,0.0
2021-02-16 00:00:00+05:30,216.317063452153,217.1900860387555,210.3998643160422,212.2186737060547,24907596,0.0,0.0
2021-02-17 00:00:00+05:30,211.41838984589248,212.92194182592155,207.82927579136077,208.65380859375,14780384,0.0,0.0
2021-02-18 00:00:00+05:30,208.70229090507556,211.78214416712714,208.2415347802064,209.9875946044922,16771472,0.0,0.0
2021-02-19 00:00:00+05:30,210.08460403264198,211.3456481523149,206.6652483480272,208.53256225585938,16957332,0.0,0.0
2021-02-22 00:00:00+05:30,208.89631583385219,209.9390968677774,201.76657748760528,203.0761260986328,21332174,0.0,0.0
2021-02-23 00:00:00+05:30,203.5611507858942,206.61674460951602,200.94205344963714,201.52407836914062,17984706,0.0,0.0
2021-02-24 00:00:00+05:30,202.59112249969775,206.51973896658424,201.16031984960338,205.210205078125,10120594,0.0,0.0
2021-02-25 00:00:00+05:30,205.21019555643127,208.07178592233424,203.92490659903083,204.337158203125,18220784,0.0,0.0
2021-02-26 00:00:00+05:30,202.71238202429058,203.63390918624498,197.886468358187,199.0019989013672,23463882,0.0,0.0
2021-03-01 00:00:00+05:30,199.34150396577553,203.07613173683256,198.46848140185722,200.9905548095703,12843392,0.0,0.0
2021-03-02 00:00:00+05:30,203.5611482544054,210.06035736766327,202.85786938554375,208.7508087158203,29750468,0.0,0.0
2021-03-03 00:00:00+05:30,210.01185616669505,211.7821610008701,207.70803095470475,211.22439575195312,17564904,0.0,0.0
2021-03-04 00:00:00+05:30,208.02329716951607,215.4925383733532,207.34427793307802,212.824951171875,25927594,0.0,0.0
2021-03-05 00:00:00+05:30,213.40696177844708,213.40696177844708,202.251597867301,204.11891174316406,87862344,0.0,0.0
2021-03-08 00:00:00+05:30,206.1802301680296,206.2044750386763,201.54832015836948,202.20309448242188,24709676,0.0,0.0
2021-03-09 00:00:00+05:30,203.6096316787992,205.06467911281112,198.88072751826041,203.31863403320312,23811258,0.0,0.0
2021-03-10 00:00:00+05:30,206.66524060404424,208.89631630117103,205.16168862544743,206.9562530517578,34582736,0.0,0.0
2021-03-12 00:00:00+05:30,209.2843229440074,209.91483757920312,204.72517727007107,206.22872924804688,17920252,0.0,0.0
2021-03-15 00:00:00+05:30,206.03471561714764,207.8777846248027,202.63960485734475,206.7864990234375,15034204,0.0,0.0
2021-03-16 00:00:00+05:30,207.22302383392352,210.95765183415557,206.44699550642616,208.21730041503906,21347294,0.0,0.0
2021-03-17 00:00:00+05:30,208.07178124993862,211.2243839961498,202.59110855020538,203.53688049316406,24269624,0.0,0.0
2021-03-18 00:00:00+05:30,205.28295549708906,205.7194667953753,196.09189935399328,198.9292449951172,20165862,0.0,0.0
2021-03-19 00:00:00+05:30,198.34723040448836,200.6267959338394,193.73958000077909,199.0989990234375,33750804,0.0,0.0
2021-03-22 00:00:00+05:30,199.36573549047918,201.88782353086714,198.95348390825865,201.01480102539062,13245968,0.0,0.0
2021-03-23 00:00:00+05:30,202.59111912106079,205.35570048493088,200.16603995897728,201.52407836914062,23150388,0.0,0.0
2021-03-24 00:00:00+05:30,199.51126545951465,201.49983333107627,198.46848438098493,199.3415069580078,10280694,0.0,0.0
2021-03-25 00:00:00+05:30,199.19599662551295,199.6810124295181,192.91503604304336,193.83656311035156,25474258,0.0,0.0
2021-03-26 00:00:00+05:30,196.33439946451395,197.7409571941021,194.32158675695928,195.89788818359375,18066738,0.0,0.0
2021-03-30 00:00:00+05:30,196.43141526598578,203.92491591710652,196.43141526598578,202.78512573242188,26339126,0.0,0.0
2021-03-31 00:00:00+05:30,203.60962955810285,203.60962955810285,200.48128648846523,200.86929321289062,14890268,0.0,0.0
2021-04-01 00:00:00+05:30,203.14889658814502,205.08896003451335,200.96632521098064,201.96060180664062,15193886,0.0,0.0
2021-04-05 00:00:00+05:30,201.98484837365567,207.53827074761298,201.86359441612592,206.34999084472656,42432790,0.0,0.0
2021-04-06 00:00:00+05:30,207.5625210391823,208.02327717606624,204.84642955296871,207.17449951171875,16641040,0.0,0.0
2021-04-07 00:00:00+05:30,206.131729578863,212.92195125910789,205.35570128367615,212.4369354248047,27735300,0.0,0.0
2021-04-08 00:00:00+05:30,214.35275717583826,216.29282054278232,213.40697036384947,214.42550659179688,25833228,0.0,0.0
2021-04-09 00:00:00+05:30,214.81349854560972,218.9118880465356,213.40695566177683,218.3056182861328,23398770,0.0,0.0
2021-04-12 00:00:00+05:30,218.2571285103944,218.3056330548096,208.26579922272794,209.81785583496094,30172534,0.0,0.0
2021-04-13 00:00:00+05:30,209.52683834986118,212.2186702830581,200.11753421759965,203.1973876953125,40840640,0.0,0.0
2021-04-15 00:00:00+05:30,203.17313589616268,210.71514121826655,201.28157704806102,208.89633178710938,53517782,0.0,0.0
2021-04-16 00:00:00+05:30,214.2314925090646,229.72773899719152,211.466896428728,227.56942749023438,218723272,0.0,0.0
2021-04-19 00:00:00+05:30,224.56232499597186,231.8133174364235,223.6407978968948,229.29122924804688,87619710,0.0,0.0
2021-04-20 00:00:00+05:30,230.8675414433055,231.61931007992277,226.89040560708196,228.00595092773438,35461382,0.0,0.0
2021-04-22 00:00:00+05:30,228.73346162066238,239.84032083873706,228.73346162066238,236.03294372558594,85241858,0.0,0.0
2021-04-23 00:00:00+05:30,234.52940848192225,236.37247759388882,230.0672715402587,230.7220458984375,27192006,0.0,0.0
2021-04-26 00:00:00+05:30,232.51658320086904,234.67490953953077,231.352548182892,232.95309448242188,18629288,0.0,0.0
2021-04-27 00:00:00+05:30,233.4866074889225,236.2026989795848,233.29260412562687,235.2569122314453,14418934,0.0,0.0
2021-04-28 00:00:00+05:30,235.64494158897028,239.20981086381494,233.4138658331723,237.3182373046875,19231068,0.0,0.0
2021-04-29 00:00:00+05:30,238.96730478634132,239.0157945280178,235.5721939845143,237.5850067138672,15282266,0.0,0.0
2021-04-30 00:00:00+05:30,238.38527685249596,248.23109213251456,237.31823612197303,238.99154663085938,58231142,0.0,0.0
2021-05-03 00:00:00+05:30,236.66349477606778,240.56786652794378,234.3839143137678,236.3724822998047,17199462,0.0,0.0
2021-05-04 00:00:00+05:30,236.3482103255756,236.83322616026916,231.74055989598665,233.75338745117188,16204858,0.0,0.0
2021-05-05 00:00:00+05:30,235.13567546642966,240.56785884481948,234.40815169976187,237.9487762451172,23713182,0.0,0.0
2021-05-06 00:00:00+05:30,239.45231975235197,249.6861418626338,236.32396174705187,248.47360229492188,48827088,0.0,0.0
2021-05-07 00:00:00+05:30,249.29814912739567,250.5349336353423,246.1455460742282,249.9044189453125,29333162,0.0,0.0
2021-05-10 00:00:00+05:30,251.04415565471683,256.3308394930351,248.9343488548728,255.09405517578125,25088944,0.0,0.0
2021-05-11 00:00:00+05:30,251.2139726583879,253.8087956893632,249.32239894773852,251.43223571777344,15298998,0.0,0.0
2021-05-12 00:00:00+05:30,252.18397903988384,253.44500831822762,244.8602372698868,246.19403076171875,15742214,0.0,0.0
2021-05-14 00:00:00+05:30,246.1455366856852,246.58204797763392,238.9915531071357,241.7561492919922,13599758,0.0,0.0
2021-05-17 00:00:00+05:30,241.7561444067263,244.30247749339927,240.08283388630926,242.41090393066406,11505300,0.0,0.0
2021-05-18 00:00:00+05:30,243.47795255848496,249.68614941228103,242.94443217225822,246.41229248046875,18761492,0.0,0.0
2021-05-19 00:00:00+05:30,246.53353450261795,251.14118477611905,245.0057376353903,248.15834045410156,14980792,0.0,0.0
2021-05-20 00:00:00+05:30,250.26818073083192,250.75319658496142,244.2539870999277,246.50930786132812,12584608,0.0,0.0
2021-05-21 00:00:00+05:30,247.35806915817557,250.21967434846692,246.94580274927696,248.66761779785156,10395006,0.0,0.0
2021-05-24 00:00:00+05:30,248.27960261261435,251.48071007922834,247.18831698546245,249.7346649169922,14873624,0.0,0.0
2021-05-25 00:00:00+05:30,250.94722387714512,254.56056843915883,250.1226909745909,251.01995849609375,15909128,0.0,0.0
2021-05-26 00:00:00+05:30,249.73466050965052,257.2766506791507,249.66189629458432,255.72459411621094,17646380,0.0,0.0
2021-05-27 00:00:00+05:30,255.72458463879804,264.33361522644844,254.65754394113404,262.3450622558594,58822252,0.0,0.0
2021-05-28 00:00:00+05:30,261.4235444894387,262.0540591770656,258.34370566736607,261.2780456542969,11757252,0.0,0.0
2021-05-31 00:00:00+05:30,261.2780102221067,262.1752775863173,257.5676276125577,261.44775390625,10772410,0.0,0.0
2021-06-01 00:00:00+05:30,262.830105052508,265.30367408485216,261.7388193729999,263.2666015625,11930088,0.0,0.0
2021-06-02 00:00:00+05:30,262.8543562013656,264.3336486816406,258.5134582519531,263.3636169433594,9427136,0.0,0.0
2021-06-03 00:00:00+05:30,264.67312072908743,266.71019295387873,261.08399206621635,261.44775390625,11275982,0.0,0.0
2021-06-04 00:00:00+05:30,263.6061005438016,264.5761321925368,262.12680820008364,262.4905700683594,9543432,0.0,0.0
2021-06-07 00:00:00+05:30,264.18814226150903,267.34074532046975,263.2181105510596,265.9099426269531,8696866,0.0,0.0
2021-06-08 00:00:00+05:30,266.75871546818934,269.4263026228712,266.3464638400366,267.0497131347656,10859468,0.0,0.0
2021-06-09 00:00:00+05:30,268.2137820228477,268.33503599302077,262.97561643197474,263.9456481933594,12413798,0.0,0.0
2021-06-10 00:00:00+05:30,264.60036394088104,269.4262770746117,264.60036394088104,268.82000732421875,11441488,0.0,0.0
2021-06-11 00:00:00+05:30,269.1837858006215,271.09960425079686,267.4862303946716,268.8442687988281,11224718,0.0,0.0
2021-06-14 00:00:00+05:30,268.6502893577283,272.9669126320198,268.21376325444334,272.3848876953125,11904318,0.0,0.0
2021-06-15 00:00:00+05:30,272.336407819195,273.54894748001067,270.1538364297269,270.5903625488281,7674490,0.0,0.0
2021-06-16 00:00:00+05:30,271.5603585066035,272.8456326159559,268.4562455425924,269.3050231933594,10994538,0.0,0.0
2021-06-17 00:00:00+05:30,267.9712286484837,272.33637083461286,266.5404261224273,270.97833251953125,8798696,0.0,0.0
2021-06-18 00:00:00+05:30,271.6088492319484,272.55463596684126,264.8428728706566,266.66168212890625,20014232,0.0,0.0
2021-06-21 00:00:00+05:30,264.21235368562714,264.21235368562714,259.58045877521084,262.9513244628906,10781642,0.0,0.0
2021-06-22 00:00:00+05:30,264.45487406666547,271.58461249305503,263.0240714867378,269.935546875,11505842,0.0,0.0
2021-06-23 00:00:00+05:30,271.6088760243431,272.0211276556728,261.1325455046114,261.9813232421875,22485404,0.0,0.0
2021-06-24 00:00:00+05:30,262.8300975939083,267.0254668809274,261.5205488950573,266.2979431152344,17337360,0.0,0.0
2021-06-25 00:00:00+05:30,266.68594848148217,267.2437285401505,262.15106220680826,265.5461730957031,10079644,0.0,0.0
2021-06-28 00:00:00+05:30,266.637456038299,267.1467167458723,263.9698689383251,265.4976806640625,6519660,0.0,0.0
2021-06-29 00:00:00+05:30,265.69167450128367,268.57752470540356,262.3935726692972,263.1695861816406,15855760,0.0,0.0
2021-06-30 00:00:00+05:30,264.26088939627374,265.788701253813,262.8786059846106,264.64892578125,8586644,0.0,0.0
2021-07-01 00:00:00+05:30,264.333612849126,264.7701389133857,260.9385022253757,261.59326171875,8658748,0.0,0.0
2021-07-02 00:00:00+05:30,261.95701587120413,263.02405652790645,258.8044132418195,261.2294921875,8314614,0.0,0.0
2021-07-05 00:00:00+05:30,263.315122193822,263.315122193822,259.750237861571,260.13824462890625,6878338,0.0,0.0
2021-07-06 00:00:00+05:30,260.2352460006975,261.0840237303821,257.9556656060838,258.3194274902344,8386882,0.0,0.0
2021-07-07 00:00:00+05:30,259.0227086417887,260.1625136505271,254.68181086586551,258.1011962890625,10755374,0.0,0.0
2021-07-08 00:00:00+05:30,258.9499536911394,260.42924599612587,256.08834856108757,257.54339599609375,9131020,0.0,0.0
2021-07-09 00:00:00+05:30,255.7973596151937,257.5191598845745,253.78453208710405,255.0213165283203,11449216,0.0,0.0
2021-07-12 00:00:00+05:30,257.4221521558869,258.10118616010504,253.7602885545366,255.04556274414062,7731112,0.0,0.0
2021-07-13 00:00:00+05:30,256.08834323238295,256.8158669347477,253.46924606266387,254.56053161621094,8344716,0.0,0.0
2021-07-14 00:00:00+05:30,255.23959272915593,273.2094241683912,254.92432058339,272.43341064453125,58696166,0.0,0.0
2021-07-15 00:00:00+05:30,272.0938999714484,281.13945768514714,271.12386824249495,279.3206481933594,62132402,0.0,0.0
2021-07-16 00:00:00+05:30,281.30915048781645,285.7955464223204,275.63445997978704,280.2178649902344,73815654,0.0,0.0
2021-07-19 00:00:00+05:30,277.6958236831283,283.2492611799485,276.4590391653607,278.3020935058594,21715702,0.0,0.0
2021-07-20 00:00:00+05:30,279.22361358088637,280.4119082608568,272.3606278845591,275.5374755859375,21047054,0.0,0.0
2021-07-22 00:00:00+05:30,279.9026223031879,283.7342591829334,276.9440375956495,283.34625244140625,24086770,0.0,0.0
2021-07-23 00:00:00+05:30,284.4617971534382,291.88253376727204,283.1037586886546,290.5972595214844,28114910,0.0,0.0
2021-07-26 00:00:00+05:30,291.0580098651655,291.25202805311966,285.3105836840094,286.37762451171875,12199806,0.0,0.0
2021-07-27 00:00:00+05:30,285.62582545494064,288.4146663927552,283.3220003323982,286.86260986328125,7966274,0.0,0.0
2021-07-28 00:00:00+05:30,286.62011721554586,287.78413747236266,282.7642353582391,287.1051330566406,9147860,0.0,0.0
2021-07-29 00:00:00+05:30,287.90540673053556,290.03948838595426,285.14083997181393,286.37762451171875,11668940,0.0,0.0
2021-07-30 00:00:00+05:30,285.6015723570549,287.61439998228667,283.7342731697094,284.7770690917969,6356412,0.0,0.0
2021-08-02 00:00:00+05:30,285.2863022630076,288.7784219776693,282.4004523042588,287.2506103515625,9247796,0.0,0.0
2021-08-03 00:00:00+05:30,292.94956687850095,292.94956687850095,288.17217270356025,290.718505859375,10331214,0.0,0.0
2021-08-04 00:00:00+05:30,292.70707066936484,292.9495785986684,288.2449188495761,289.45745849609375,9018712,0.0,0.0
2021-08-05 00:00:00+05:30,289.7969487958838,298.04221763191725,289.7969487958838,291.4460144042969,22588728,0.0,0.0
2021-08-06 00:00:00+05:30,292.828300182636,294.1136039418284,289.214926417129,290.0394592285156,10540400,0.0,0.0
2021-08-09 00:00:00+05:30,291.0095151642401,293.9196103158825,288.82694380050833,289.45745849609375,9293502,0.0,0.0
2021-08-10 00:00:00+05:30,290.2334879150406,295.35039906091265,287.6628803034969,292.8768005371094,14055564,0.0,0.0
2021-08-11 00:00:00+05:30,291.9310558393071,294.1621169377761,290.257745213946,291.61578369140625,8565026,0.0,0.0
2021-08-12 00:00:00+05:30,291.9795028251365,295.32612358576654,291.32474335602006,293.8468017578125,7905016,0.0,0.0
2021-08-13 00:00:00+05:30,293.91960167594306,300.9280865474004,293.91960167594306,298.5272521972656,16729368,0.0,0.0
2021-08-16 00:00:00+05:30,298.81825117405185,301.1463509195619,296.10217427498077,297.823974609375,7144852,0.0,0.0
2021-08-17 00:00:00+05:30,297.6784870885991,308.9793508204016,296.4417025536821,307.93658447265625,23645544,0.0,0.0
2021-08-18 00:00:00+05:30,308.3488206803858,310.02213125116214,302.9408822161567,305.26898193359375,13847154,0.0,0.0
2021-08-20 00:00:00+05:30,301.9223645692314,306.5057702411269,299.7397932590923,300.73406982421875,12341386,0.0,0.0
2021-08-23 00:00:00+05:30,303.61991397133943,308.9308433072563,302.40737437880216,305.002197265625,14072750,0.0,0.0
2021-08-24 00:00:00+05:30,308.4700328504117,308.4700328504117,302.69833328763406,307.28173828125,8967436,0.0,0.0
2021-08-25 00:00:00+05:30,307.9850205151168,311.76813768115636,305.3416785916677,306.3602294921875,12815436,0.0,0.0
2021-08-26 00:00:00+05:30,306.62702170376383,309.6826155924515,303.6199175581435,305.05072021484375,8416702,0.0,0.0
2021-08-27 00:00:00+05:30,305.3174731647663,308.47007614422773,303.28040070358765,307.9608154296875,8743108,0.0,0.0
2021-08-30 00:00:00+05:30,308.4458158637217,310.1676160997315,305.8267186011883,306.7482604980469,8743710,0.0,0.0
2021-08-31 00:00:00+05:30,307.7910120629204,311.64689355874845,305.0264457102653,310.8708801269531,15591816,0.0,0.0
2021-09-01 00:00:00+05:30,312.253196678379,313.97499701628175,308.1063171031434,311.4044189453125,9450444,0.0,0.0
2021-09-02 00:00:00+05:30,312.8352040506094,318.65539389341143,310.773886814617,315.96356201171875,9077556,0.0,0.0
2021-09-03 00:00:00+05:30,316.7153348064009,318.5098992856316,315.01777941310473,317.7338562011719,7549940,0.0,0.0
2021-09-06 00:00:00+05:30,318.48568102773254,334.03043365038326,318.48568102773254,332.93914794921875,24676832,0.0,0.0
2021-09-07 00:00:00+05:30,334.66094189941947,334.66094189941947,326.294418351934,327.0219421386719,12812218,0.0,0.0
2021-09-08 00:00:00+05:30,327.5797051446217,327.5797051446217,320.11044948216437,321.177490234375,13432462,0.0,0.0
2021-09-09 00:00:00+05:30,320.5469948236083,322.31728495691846,317.20037353682875,321.250244140625,11611460,0.0,0.0
2021-09-13 00:00:00+05:30,321.2501963471416,325.85784634757835,319.06762529430307,325.3243408203125,11177578,0.0,0.0
2021-09-14 00:00:00+05:30,325.4456468552779,327.72522735147015,324.96063098813147,326.6339416503906,7322676,0.0,0.0
2021-09-15 00:00:00+05:30,326.90068188599133,330.0775297730335,324.9606184920092,326.9249267578125,8290832,0.0,0.0
2021-09-16 00:00:00+05:30,329.6895164861186,330.1745323250095,322.53553286247717,323.9178161621094,9315692,0.0,0.0
2021-09-17 00:00:00+05:30,325.6396278825941,327.094675317989,321.4442292693323,322.6567687988281,10815562,0.0,0.0
2021-09-20 00:00:00+05:30,319.0191727778597,325.2031248157429,316.9093656884949,321.322998046875,9092860,0.0,0.0
2021-09-21 00:00:00+05:30,320.3529389352199,324.4755732742803,318.7038733583896,323.7965393066406,7367102,0.0,0.0
2021-09-22 00:00:00+05:30,324.4755755702263,327.1431625143761,321.56548072206283,324.0633239746094,9583304,0.0,0.0
2021-09-23 00:00:00+05:30,326.3671686854495,328.355721776716,325.6396449296665,327.0461730957031,6462586,0.0,0.0
2021-09-24 00:00:00+05:30,330.05328360118426,339.0988409812042,327.385696444966,328.11322021484375,24253176,0.0,0.0
2021-09-27 00:00:00+05:30,328.86500136506515,329.0105002039712,315.74532813652456,317.1518859863281,16798164,0.0,0.0
2021-09-28 00:00:00+05:30,317.1518758183063,317.1518758183063,308.1063183842364,310.21612548828125,16224924,0.0,0.0
2021-09-29 00:00:00+05:30,305.53570018014517,313.56270551439655,304.27464137527795,310.77386474609375,17679132,0.0,0.0
2021-09-30 00:00:00+05:30,309.80388911920517,313.68401610621675,306.7967847836673,307.5485534667969,12027918,0.0,0.0
2021-10-01 00:00:00+05:30,307.8880601978577,310.28889461135117,305.6569990961778,308.5913391113281,8417708,0.0,0.0
2021-10-04 00:00:00+05:30,310.361652613435,312.15618756652185,308.445834095472,310.9194030761719,10494244,0.0,0.0
2021-10-05 00:00:00+05:30,308.68830593079355,315.01775607921877,307.5242561918354,313.7324523925781,10912148,0.0,0.0
2021-10-06 00:00:00+05:30,315.45434093547414,315.47858580892716,307.69408683721423,308.3488464355469,9673198,0.0,0.0
2021-10-07 00:00:00+05:30,309.9251238810973,314.557019264194,308.9066024513337,311.8409423828125,7448686,0.0,0.0
2021-10-08 00:00:00+05:30,313.39300560512527,323.77232710903866,312.8352255323486,320.6682434082031,22091966,0.0,0.0
2021-10-11 00:00:00+05:30,314.75101761246356,323.16603012267683,307.9850411038313,316.6183166503906,20422932,0.0,0.0
2021-10-12 00:00:00+05:30,316.2302889590167,321.27446491858694,311.6468839116306,319.67388916015625,18680432,0.0,0.0
2021-10-13 00:00:00+05:30,322.53551037497874,327.24016960481083,318.17036812930235,326.22161865234375,18925882,0.0,0.0
2021-10-14 00:00:00+05:30,338.05602324997795,358.8389390935083,337.08599161941845,343.512451171875,118377606,0.0,0.0
2021-10-18 00:00:00+05:30,348.72638672562965,349.59940931143245,340.6751356744229,344.239990234375,21198892,0.0,0.0
2021-10-19 00:00:00+05:30,347.80480776175483,354.0372783640292,343.3911759571832,345.11297607421875,21865148,0.0,0.0
2021-10-20 00:00:00+05:30,346.1072955002538,350.54520232769187,337.4497744994695,340.4568786621094,16108782,0.0,0.0
2021-10-21 00:00:00+05:30,343.851953339205,343.87619820832055,330.63527294262286,337.71649169921875,15916912,0.0,0.0
2021-10-22 00:00:00+05:30,340.35983633294643,342.1786455759084,328.9619650770515,330.97479248046875,10758302,0.0,0.0
2021-10-25 00:00:00+05:30,331.14454427571695,331.8478231208163,320.49844132567114,323.8450622558594,17621916,0.0,0.0
2021-10-26 00:00:00+05:30,325.46985205607905,329.22872456829015,322.5355123381173,324.0633239746094,12193966,0.0,0.0
2021-10-27 00:00:00+05:30,324.06333709821195,327.16742063348306,321.7837567875645,325.4941101074219,12631178,0.0,0.0
2021-10-28 00:00:00+05:30,325.44561427715297,325.73661192710335,317.68536117963515,318.6069030761719,10357542,0.0,0.0
2021-10-29 00:00:00+05:30,319.2616725666531,319.81945261667374,312.4714508941379,313.6839904785156,13522634,0.0,0.0
2021-11-01 00:00:00+05:30,315.79378890715736,318.6311492190792,314.0477437944488,317.90362548828125,8802466,0.0,0.0
2021-11-02 00:00:00+05:30,318.65538904124855,320.59545229264126,315.793783904238,317.10333251953125,8079378,0.0,0.0
2021-11-03 00:00:00+05:30,319.8194605323889,321.0077256720756,315.35730883083465,316.47283935546875,6871182,0.0,0.0
2021-11-04 00:00:00+05:30,317.6853852969047,318.9706891549622,313.9992766369572,317.05487060546875,1565810,0.0,0.0
2021-11-08 00:00:00+05:30,316.69108250579757,320.59545389817515,314.04774039193404,319.3101501464844,9504460,0.0,0.0
2021-11-09 00:00:00+05:30,321.6139789003968,323.14179057697663,318.5098954093846,319.3586730957031,8284130,0.0,0.0
2021-11-10 00:00:00+05:30,318.12187710221235,319.6254142506527,316.01204059686694,316.52130126953125,8091390,0.0,0.0
2021-11-11 00:00:00+05:30,315.13902371422233,315.13902371422233,308.85806303086554,311.28314208984375,12067796,0.0,0.0
2021-11-12 00:00:00+05:30,314.29023958090886,321.32296870733353,313.22319889629654,320.1346740722656,12126506,0.0,0.0
2021-11-15 00:00:00+05:30,320.8622089723263,323.02053528635946,318.7281571316436,319.5769348144531,9435996,0.0,0.0
2021-11-16 00:00:00+05:30,319.33442836976093,324.35433027562385,317.5156190411126,320.813720703125,11327094,0.0,0.0
2021-11-17 00:00:00+05:30,320.81374628056733,323.9905942406163,319.1404356441999,320.9834899902344,8854994,0.0,0.0
2021-11-18 00:00:00+05:30,321.75950698411236,322.99629140510456,312.95645800566774,315.96356201171875,7842498,0.0,0.0
2021-11-22 00:00:00+05:30,319.1403964987114,320.328691129682,309.4400804957111,312.3744201660156,11582434,0.0,0.0
2021-11-23 00:00:00+05:30,311.71966821900224,314.7510170432826,303.644143109913,311.7681579589844,9134924,0.0,0.0
2021-11-24 00:00:00+05:30,312.49570312092294,314.09624948937267,307.0635197344415,308.71258544921875,7985552,0.0,0.0
2021-11-25 00:00:00+05:30,308.955099665989,311.28316984961884,307.0150362457944,308.8096008300781,6661362,0.0,0.0
2021-11-26 00:00:00+05:30,306.5300279311091,307.6940778530678,300.54009381511867,301.4131164550781,8277074,0.0,0.0
2021-11-29 00:00:00+05:30,299.0364860676855,306.94223770025593,292.92529881870837,305.8509521484375,10376060,0.0,0.0
2021-11-30 00:00:00+05:30,305.8509876890924,313.0777358021068,305.802497944583,309.07635498046875,26850200,0.0,0.0
2021-12-01 00:00:00+05:30,311.6711793048872,313.2960001951445,307.13629286222294,307.8880615234375,9453644,0.0,0.0
2021-12-02 00:00:00+05:30,308.90658265619084,314.33873607085434,305.0749458982968,313.7082214355469,10210456,0.0,0.0
2021-12-03 00:00:00+05:30,312.71392788926096,317.1760790391483,310.3616131693764,310.77386474609375,13405010,0.0,0.0
2021-12-06 00:00:00+05:30,309.0763470395457,312.44721308086304,302.2376354703839,302.89239501953125,9409906,0.0,0.0
2021-12-07 00:00:00+05:30,304.5899176951952,307.76676521552145,302.16483873265383,306.7239990234375,8557090,0.0,0.0
2021-12-08 00:00:00+05:30,309.92510105707714,316.71532236349196,309.5613392013763,311.2346496582031,15360658,0.0,0.0
2021-12-09 00:00:00+05:30,311.2589098444714,314.09624061735127,309.36733626054007,311.9621887207031,6865604,0.0,0.0
2021-12-10 00:00:00+05:30,311.45294453384616,313.27175399829747,308.0335590582629,309.5613708496094,8525212,0.0,0.0
2021-12-13 00:00:00+05:30,312.1076634723612,318.4371136641348,310.50711727259306,313.0292053222656,13123680,0.0,0.0
2021-12-14 00:00:00+05:30,313.320218307527,316.18182347383316,310.0463615372858,313.7567443847656,8609412,0.0,0.0
2021-12-15 00:00:00+05:30,313.6597502586915,313.6597502586915,308.15480270217347,308.6640930175781,7123544,0.0,0.0
2021-12-16 00:00:00+05:30,312.35016768800847,315.2117726803932,310.11910690287135,312.49566650390625,12437240,0.0,0.0
2021-12-17 00:00:00+05:30,320.1104374213574,328.2586971805706,315.3087690188307,325.3486022949219,104600018,0.0,0.0
2021-12-20 00:00:00+05:30,323.7723208825776,328.59823445308257,321.5655047120203,322.9963073730469,26298202,0.0,0.0
2021-12-21 00:00:00+05:30,327.8706915235614,338.10451339706964,325.4456124442451,335.0489196777344,27362096,0.0,0.0
2021-12-22 00:00:00+05:30,337.5225292197352,337.5225292197352,330.39279057106114,332.5511169433594,12327754,0.0,0.0
2021-12-23 00:00:00+05:30,334.7094104650496,340.4811106491696,334.22439463791403,336.86773681640625,12944908,0.0,0.0
2021-12-24 00:00:00+05:30,338.41976037726533,340.6750955946863,334.7336522917533,338.75927734375,13182426,0.0,0.0
2021-12-27 00:00:00+05:30,339.43833159951106,339.9961116695628,335.21871737675417,339.31707763671875,10188656,0.0,0.0
2021-12-28 00:00:00+05:30,340.96612425596504,343.1486954638624,340.2628453905948,342.1544189453125,10158044,0.0,0.0
2021-12-29 00:00:00+05:30,342.0574021345044,344.3612272463639,339.5353139861814,341.3056335449219,7898416,0.0,0.0
2021-12-30 00:00:00+05:30,341.98465000897306,349.16290797784626,341.451144436997,346.34979248046875,18087350,0.0,0.0
2021-12-31 00:00:00+05:30,347.17431772690935,348.6293651856164,343.92470581519353,346.9560546875,8549558,0.0,0.0
2022-01-03 00:00:00+05:30,348.24135459149204,352.5094878357985,347.2713229631035,348.58087158203125,9280810,0.0,0.0
2022-01-04 00:00:00+05:30,350.5451735657119,350.7149172564988,345.1129906213302,349.93890380859375,10228800,0.0,0.0
2022-01-05 00:00:00+05:30,349.211410383453,349.62366201283737,340.9661409716215,346.0588073730469,14711264,0.0,0.0
2022-01-06 00:00:00+05:30,342.32417162904454,345.452529696425,339.4868408255002,342.2999267578125,12883220,0.0,0.0
2022-01-07 00:00:00+05:30,343.39118980037773,349.93890316521544,343.19717163725045,345.0887451171875,13120326,0.0,0.0
2022-01-10 00:00:00+05:30,343.87623562087407,343.87623562087407,334.6609345252512,336.3584899902344,27537820,0.0,0.0
2022-01-11 00:00:00+05:30,337.08598816982817,338.75929863602255,334.1758933079304,336.6737365722656,15487458,0.0,0.0
2022-01-12 00:00:00+05:30,339.5111033931258,340.3598811516086,331.3628428322945,335.3157043457031,23460682,0.0,0.0
2022-01-13 00:00:00+05:30,321.6625069726908,323.0205453870479,314.2902603765871,315.1390380859375,61505934,0.0,0.0
2022-01-14 00:00:00+05:30,314.8965466602712,314.8965466602712,308.71259445400483,310.3131408691406,26514548,0.0,0.0
2022-01-17 00:00:00+05:30,310.1675928439409,316.06054644129017,307.03923512686674,313.6354675292969,20457876,0.0,0.0
2022-01-18 00:00:00+05:30,314.72675598130536,315.2602615057247,306.11772576326445,307.1604919433594,14329980,0.0,0.0
2022-01-19 00:00:00+05:30,306.0450029488287,306.360275094183,300.2248127184231,301.2676086425781,17382766,0.0,0.0
2022-01-20 00:00:00+05:30,301.0250865775239,301.873864279592,296.1021640643222,298.3817443847656,16827124,0.0,0.0
2022-01-21 00:00:00+05:30,295.85966614611175,296.3446819922529,291.39751444100943,293.4588317871094,19646694,0.0,0.0
2022-01-24 00:00:00+05:30,293.6770845677123,293.6770845677123,275.7072540172443,277.7928161621094,26150716,0.0,0.0
2022-01-25 00:00:00+05:30,272.8213869156985,277.4290370058303,267.09820640855884,272.91839599609375,34712370,0.0,0.0
2022-01-27 00:00:00+05:30,269.1837840541999,270.1053259669435,260.55050825198384,264.2123718261719,31351744,0.0,0.0
2022-01-28 00:00:00+05:30,266.80717709174945,274.00967941210115,265.1338962807625,267.8014831542969,29899780,0.0,0.0
2022-01-31 00:00:00+05:30,275.97401704720727,278.59311446320345,272.8456589122724,277.7200622558594,26252174,0.0,0.0
2022-02-01 00:00:00+05:30,281.2606886376025,282.47322819958043,274.73721987355805,279.68438720703125,20920202,0.0,0.0
2022-02-02 00:00:00+05:30,282.2792056336695,286.15933217158937,278.8840949129896,285.1893005371094,16368826,0.0,0.0
2022-02-03 00:00:00+05:30,283.5887460346494,285.5772989864441,279.4418668381409,280.46038818359375,14082780,0.0,0.0
2022-02-04 00:00:00+05:30,279.8541333957901,280.24214013847376,275.51323580466277,277.30780029296875,13633558,0.0,0.0
2022-02-07 00:00:00+05:30,277.3805560687928,278.30206835425093,269.4747746124516,270.15380859375,15091358,0.0,0.0
2022-02-08 00:00:00+05:30,272.2879131316992,274.4219651341884,268.9170470152122,271.7301330566406,13953814,0.0,0.0
2022-02-09 00:00:00+05:30,273.7429519151873,276.8227906577325,273.2094167294197,275.94976806640625,10207476,0.0,0.0
2022-02-10 00:00:00+05:30,277.6230698189103,278.7628451654179,274.6159657860398,278.2293395996094,11603824,0.0,0.0
2022-02-11 00:00:00+05:30,274.51894981485077,274.51894981485077,270.20229724334024,272.3121337890625,15442458,0.0,0.0
2022-02-14 00:00:00+05:30,266.7586879323347,270.226562716661,261.9085299699286,262.7330627441406,16241546,0.0,0.0
2022-02-15 00:00:00+05:30,264.62461201818337,274.1551844510996,263.48483671483393,273.233642578125,13676992,0.0,0.0
2022-02-16 00:00:00+05:30,274.10669700891714,276.60451066994005,270.4205590891415,273.50042724609375,14607822,0.0,0.0
2022-02-17 00:00:00+05:30,277.42904352760496,277.62306169295647,272.16663382637336,273.9854431152344,14228840,0.0,0.0
2022-02-18 00:00:00+05:30,271.12383918449353,274.37345104881064,269.3535196276818,272.7971496582031,13411838,0.0,0.0
2022-02-21 00:00:00+05:30,269.54756315422594,277.7685878700868,269.3778194450889,276.8470458984375,17534002,0.0,0.0
2022-02-22 00:00:00+05:30,269.79003694836564,275.97398835706974,269.7172727376455,273.6216735839844,21490124,0.0,0.0
2022-02-23 00:00:00+05:30,276.07101070074003,276.8955435154512,272.89416299992746,275.0524597167969,14408512,0.0,0.0
2022-02-24 00:00:00+05:30,265.78865463136543,270.1053070313654,257.61615035844994,260.5262451171875,26953888,0.0,0.0
2022-02-25 00:00:00+05:30,265.7886586401818,271.0025784948934,265.5461507399627,269.3050231933594,15922624,0.0,0.0
2022-02-28 00:00:00+05:30,267.2437376643477,271.65737012939354,263.89711640411304,269.5718078613281,18316874,0.0,0.0
2022-03-02 00:00:00+05:30,269.18378315062546,270.78432945416097,266.9527221945477,269.2807922363281,16354110,0.0,0.0
2022-03-03 00:00:00+05:30,273.0639356536945,279.3448971102049,271.7786317530155,276.24078369140625,25911326,0.0,0.0
2022-03-04 00:00:00+05:30,272.0938815782145,281.3091823803287,268.723015627364,279.02960205078125,26948372,0.0,0.0
2022-03-07 00:00:00+05:30,273.06394448186023,281.13947084460125,272.70018256647586,277.3563232421875,21112334,0.0,0.0
2022-03-08 00:00:00+05:30,277.42904612582873,286.523092655303,277.42904612582873,284.92254638671875,22039998,0.0,0.0
2022-03-09 00:00:00+05:30,285.18931573074565,289.2634606538205,282.3519848899377,283.9767761230469,23527232,0.0,0.0
2022-03-10 00:00:00+05:30,288.5844035539737,289.31192726041223,283.5402273481266,285.310546875,16161966,0.0,0.0
2022-03-11 00:00:00+05:30,284.7042909213278,286.1593384047418,282.4732299546332,284.3162841796875,9927188,0.0,0.0
2022-03-14 00:00:00+05:30,284.4133073925747,291.3975178980552,284.2192892106093,290.11224365234375,15006442,0.0,0.0
2022-03-15 00:00:00+05:30,292.804076904167,292.804076904167,283.3947574978095,285.0438232421875,13853244,0.0,0.0
2022-03-16 00:00:00+05:30,288.7056581502772,290.742730453461,287.3718646854922,290.16070556640625,11150296,0.0,0.0
2022-03-17 00:00:00+05:30,293.43457644577023,296.34467141878616,290.52448147275436,291.5915222167969,16881290,0.0,0.0
2022-03-21 00:00:00+05:30,293.48309057578444,298.769775390625,290.03948974609375,291.009521484375,15592952,0.0,0.0
2022-03-22 00:00:00+05:30,292.65857351653096,296.34468210742926,289.1422086306408,295.8839111328125,15580500,0.0,0.0
2022-03-23 00:00:00+05:30,297.77550509420274,298.2847658469961,294.7441558477902,296.44171142578125,11393836,0.0,0.0
2022-03-24 00:00:00+05:30,294.40463390351795,297.7027359080276,293.8226089373058,296.1264343261719,7751490,0.0,0.0
2022-03-25 00:00:00+05:30,296.3446910387823,297.7997386216241,289.6757229507573,292.6343078613281,11986194,0.0,0.0
2022-03-28 00:00:00+05:30,294.8896238914498,295.3746397202186,289.60293951666273,291.10650634765625,11476810,0.0,0.0
2022-03-29 00:00:00+05:30,292.4645538203449,293.60432921210264,290.59725466286494,292.2220458984375,9402006,0.0,0.0
2022-03-30 00:00:00+05:30,293.48305350836887,295.5201258220776,290.76697682543426,291.3974914550781,15488764,0.0,0.0
2022-03-31 00:00:00+05:30,291.00948782648237,292.61003408892486,286.25633877925304,287.08087158203125,14476178,0.0,0.0
2022-04-01 00:00:00+05:30,286.98385950478576,292.65855037880266,285.8198097244177,291.88250732421875,8567994,0.0,0.0
2022-04-04 00:00:00+05:30,293.43455778233545,294.16208147931644,290.52446299441146,293.7255554199219,8855948,0.0,0.0
2022-04-05 00:00:00+05:30,296.09751123502144,298.07817236616734,292.4785026167954,293.0164794921875,12862488,2.5,0.0
2022-04-06 00:00:00+05:30,292.4540348347197,292.4540348347197,289.03065984501563,290.2777404785156,8235902,0.0,0.0
2022-04-07 00:00:00+05:30,289.51970095346616,289.51970095346616,282.4284244943019,284.0667419433594,15721530,0.0,0.0
2022-04-08 00:00:00+05:30,286.58542129367123,287.0744749136263,283.8956263839184,285.4361572265625,8636632,0.0,0.0
2022-04-11 00:00:00+05:30,285.60729566260284,285.7295590597187,277.83133166625055,279.2984924316406,17164216,0.0,0.0
2022-04-12 00:00:00+05:30,277.7824454504448,277.7824454504448,272.0116189268246,273.2342529296875,16338532,0.0,0.0
2022-04-13 00:00:00+05:30,273.86999664808724,276.55979125802384,271.22909545491063,273.478759765625,11204576,0.0,0.0
2022-04-18 00:00:00+05:30,268.906088397439,268.906088397439,262.1327085218726,263.40423583984375,18930062,0.0,0.0
2022-04-19 00:00:00+05:30,266.0451265479854,266.80315356733865,257.26660950909286,259.41845703125,13286008,0.0,0.0
2022-04-20 00:00:00+05:30,262.13273149900976,264.35791942523747,259.8586203027499,262.37725830078125,8660976,0.0,0.0
2022-04-21 00:00:00+05:30,264.5779833337352,265.3115636941799,262.7929258502018,263.69769287109375,13388782,0.0,0.0
2022-04-22 00:00:00+05:30,261.6436607153702,264.5046121684547,259.5162896194315,262.964111328125,9782424,0.0,0.0
2022-04-25 00:00:00+05:30,259.1739737654438,259.7608440835859,255.92175522911046,258.8805236816406,9473768,0.0,0.0
2022-04-26 00:00:00+05:30,262.6218001663431,262.9885903900391,257.7801572737699,258.8316345214844,8718740,0.0,0.0
2022-04-27 00:00:00+05:30,257.7312325866921,257.7312325866921,251.61806293330756,253.7943572998047,16275078,0.0,0.0
2022-04-28 00:00:00+05:30,256.26406527205233,257.56006914498715,252.35163679461644,255.554931640625,13241338,0.0,0.0
2022-04-29 00:00:00+05:30,258.4648212478403,258.4648212478403,247.95016910625358,248.83045959472656,24151260,0.0,0.0
2022-05-02 00:00:00+05:30,252.10712633229267,253.81881390195906,240.90780207570737,242.08152770996094,43822854,0.0,0.0
2022-05-04 00:00:00+05:30,244.52678794841447,246.4096472005634,239.26946200752354,240.49209594726562,17267854,0.0,0.0
2022-05-05 00:00:00+05:30,245.0158478275339,246.33629848631722,242.7172899917943,245.08920288085938,10869532,0.0,0.0
2022-05-06 00:00:00+05:30,239.63625827948928,240.076403524036,235.2347759845599,237.23989868164062,18441782,0.0,0.0
2022-05-09 00:00:00+05:30,235.72383097904043,239.3183778596214,232.10483738878978,236.28623962402344,16675250,0.0,0.0
2022-05-10 00:00:00+05:30,236.21289057021838,236.57968077296718,232.86287040016649,233.59645080566406,14969534,0.0,0.0
2022-05-11 00:00:00+05:30,234.77017720800842,235.69939099768018,226.2117391169486,230.78439331054688,21029342,0.0,0.0
2022-05-12 00:00:00+05:30,228.9259959302199,232.7895164322799,226.01612100492375,231.71359252929688,14573000,0.0,0.0
2022-05-13 00:00:00+05:30,234.50119597455787,234.50119597455787,228.38802611077898,229.19496154785156,16775318,0.0,0.0
2022-05-16 00:00:00+05:30,231.81141212659003,231.9825838757649,227.4099296178573,228.87709045410156,7314066,0.0,0.0
2022-05-17 00:00:00+05:30,230.34423916350042,239.14720371751955,229.02378851050514,237.9979248046875,11321450,0.0,0.0
2022-05-18 00:00:00+05:30,240.076404568194,242.20379067160866,235.03915855642552,235.35704040527344,15390968,0.0,0.0
2022-05-19 00:00:00+05:30,227.9723241108011,231.71358102563497,220.0741117517672,220.6365203857422,22945978,0.0,0.0
2022-05-20 00:00:00+05:30,225.94275331365716,226.04056999926968,222.51937826345022,224.76902770996094,12731912,0.0,0.0
2022-05-23 00:00:00+05:30,226.82304769625102,228.7792620443851,223.7420160678323,227.8989715576172,14111568,0.0,0.0
2022-05-24 00:00:00+05:30,229.09715624887323,229.6595648827142,223.98654035174138,224.94020080566406,13779460,0.0,0.0
2022-05-25 00:00:00+05:30,225.0379945172569,225.38033798199103,216.74854556127832,217.55548095703125,15481506,0.0,0.0
2022-05-26 00:00:00+05:30,218.1179012469091,222.372673451887,217.1397940664297,221.7124481201172,11583082,0.0,0.0
2022-05-27 00:00:00+05:30,224.9646428753956,228.85262473846043,223.13069198238966,228.3635711669922,11414472,0.0,0.0
2022-05-30 00:00:00+05:30,231.39568939882764,235.47928961806412,231.39568939882764,232.91175842285156,12291148,0.0,0.0
2022-05-31 00:00:00+05:30,232.74059103185928,235.11250383185373,230.05079639623744,233.79205322265625,31587004,0.0,0.0
2022-06-01 00:00:00+05:30,234.23221487498313,234.23221487498313,229.12159906469378,230.2219696044922,10514566,0.0,0.0
2022-06-02 00:00:00+05:30,230.73547147622372,233.00958254725978,228.92598219759327,231.88475036621094,10535040,0.0,0.0
2022-06-03 00:00:00+05:30,234.57455233126078,238.65815280789957,232.05592931833678,232.54498291015625,23269778,0.0,0.0
2022-06-06 00:00:00+05:30,230.833295734543,232.54498330884576,227.01868368170364,231.420166015625,13791156,0.0,0.0
2022-06-07 00:00:00+05:30,229.85518098950303,230.2219711719331,227.48326815817583,228.70590209960938,4701342,0.0,0.0
2022-06-08 00:00:00+05:30,230.36867834457198,230.83328520629888,227.06756674469375,230.05079650878906,5627652,0.0,0.0
2022-06-09 00:00:00+05:30,228.4124766176461,232.86286733741005,227.04313251528706,232.3249053955078,7402238,0.0,0.0
2022-06-10 00:00:00+05:30,228.48584521816503,228.48584521816503,223.1551491007127,225.42926025390625,17453098,0.0,0.0
2022-06-13 00:00:00+05:30,220.09856180413382,221.54127586186846,217.62884714907605,218.16680908203125,14130822,0.0,0.0
2022-06-14 00:00:00+05:30,215.18357189264628,221.88361180555955,214.2054647476797,218.06898498535156,13056384,0.0,0.0
2022-06-15 00:00:00+05:30,219.31608327609652,220.3919921940948,214.84123109246804,215.23248291015625,11391596,0.0,0.0
2022-06-16 00:00:00+05:30,218.117904735146,218.48469493369166,205.28024778604828,206.52732849121094,17944686,0.0,0.0
2022-06-17 00:00:00+05:30,203.44629305580514,204.7911904257654,196.62398951829616,198.16452026367188,41550546,0.0,0.0
2022-06-20 00:00:00+05:30,200.02292192879926,204.37549597359947,197.65100898944058,202.78607177734375,20750838,0.0,0.0
2022-06-21 00:00:00+05:30,205.40250435798774,208.7036160351697,203.7641718739957,207.92112731933594,12187804,0.0,0.0
2022-06-22 00:00:00+05:30,206.72296065026865,206.72296065026865,200.65868413031646,201.123291015625,16202862,0.0,0.0
2022-06-23 00:00:00+05:30,201.7346017494172,205.79374049351316,201.14773148352657,204.93789672851562,19655010,0.0,0.0
2022-06-24 00:00:00+05:30,205.89156935051307,208.33683739505597,203.324037903743,204.79119873046875,15362102,0.0,0.0
2022-06-27 00:00:00+05:30,208.82588945741554,210.6598404772406,207.35872864155547,207.7988739013672,12447870,0.0,0.0
2022-06-28 00:00:00+05:30,206.38060416304765,209.85288745500233,203.2995726774251,208.94813537597656,12091828,0.0,0.0
2022-06-29 00:00:00+05:30,205.4025121678643,207.74996347989017,204.13096982187886,205.76930236816406,16684176,0.0,0.0
2022-06-30 00:00:00+05:30,206.33170003753014,206.86966195427226,202.9572333593924,203.47073364257812,12123284,0.0,0.0
2022-07-01 00:00:00+05:30,202.9572401001555,206.9674855129908,201.19664418903926,206.380615234375,8907248,0.0,0.0
2022-07-04 00:00:00+05:30,205.86710635515578,206.25834324144176,203.446285212661,205.54920959472656,6372716,0.0,0.0
2022-07-05 00:00:00+05:30,205.94045413745312,206.89409961089197,202.003564081267,202.27255249023438,11513210,0.0,0.0
2022-07-06 00:00:00+05:30,204.71782921203447,204.71782921203447,202.02803455305457,203.47073364257812,10522910,0.0,0.0
2022-07-07 00:00:00+05:30,205.4025100418645,207.3342777133412,204.03316594481126,205.7937469482422,10706024,0.0,0.0
2022-07-08 00:00:00+05:30,207.35873154063378,207.7010750390134,203.71527616041624,204.96237182617188,9535432,0.0,0.0
2022-07-11 00:00:00+05:30,202.83498074691175,202.95724414700032,198.3356816537604,201.09884643554688,16689574,0.0,0.0
2022-07-12 00:00:00+05:30,200.02292790191294,202.88389452555415,199.53387428846082,200.09628295898438,9777472,0.0,0.0
2022-07-13 00:00:00+05:30,201.49007987396172,201.49007987396172,198.2378764725928,198.89810180664062,11956780,0.0,0.0
2022-07-14 00:00:00+05:30,200.80540369529228,200.80540369529228,195.8659595335938,196.33056640625,13161242,0.0,0.0
2022-07-15 00:00:00+05:30,196.08603765385587,197.62655343634827,191.21994859316564,192.61375427246094,22328354,0.0,0.0
2022-07-18 00:00:00+05:30,195.13238457531895,198.40904963457146,193.98310564111955,197.94444274902344,13632394,0.0,0.0
2022-07-19 00:00:00+05:30,197.08859351239838,199.4360447357058,196.2083030348408,198.38458251953125,12897178,0.0,0.0
2022-07-20 00:00:00+05:30,200.903207588058,204.1798725911497,199.09371827083135,201.5389862060547,25237412,0.0,0.0
2022-07-21 00:00:00+05:30,199.9495624316404,204.17987298274386,196.89297750674902,202.4681854248047,45382342,0.0,0.0
2022-07-22 00:00:00+05:30,203.32403298052483,204.1309684307388,200.0473679102847,200.92767333984375,15468542,0.0,0.0
2022-07-25 00:00:00+05:30,200.7564963339912,203.27511930792457,199.80283587481435,202.8594207763672,12535662,0.0,0.0
2022-07-26 00:00:00+05:30,202.85942277902095,203.15285791741306,197.7243600937182,198.16452026367188,15186298,0.0,0.0
2022-07-27 00:00:00+05:30,198.0422598088298,199.2404321650304,196.575099019802,198.87364196777344,14084158,0.0,0.0
2022-07-28 00:00:00+05:30,201.39225805880358,203.93534264197714,200.9521128222203,203.4462890625,15898464,0.0,0.0
2022-07-29 00:00:00+05:30,205.69593654838934,207.5054258203335,204.32657758409388,207.21200561523438,15919784,0.0,0.0
2022-08-01 00:00:00+05:30,208.43464154305937,210.73318441176357,206.67404567199543,209.80398559570312,10365748,0.0,0.0
2022-08-02 00:00:00+05:30,209.77953028070166,211.09996593628244,207.6765910203816,210.097412109375,16912426,0.0,0.0
2022-08-03 00:00:00+05:30,209.80398927243795,211.7602036246285,209.07040889036648,211.44232177734375,12034938,0.0,0.0
2022-08-04 00:00:00+05:30,213.74086094060195,215.33028507390273,208.87478677964268,212.9828338623047,17789134,0.0,0.0
2022-08-05 00:00:00+05:30,213.30071919446664,216.161685666171,213.30071919446664,215.18357849121094,12967586,0.0,0.0
2022-08-08 00:00:00+05:30,216.55292040218907,216.55292040218907,212.8361251142687,213.1540069580078,9557496,0.0,0.0
2022-08-10 00:00:00+05:30,212.7383068863024,213.22736046535138,208.48353477868403,210.36639404296875,11329742,0.0,0.0
2022-08-11 00:00:00+05:30,214.20547228291247,216.1616866416605,213.37407521055206,214.42555236816406,9154644,0.0,0.0
2022-08-12 00:00:00+05:30,213.76532922946825,214.45000127710568,212.73831369564647,213.27627563476562,7092398,0.0,0.0
2022-08-16 00:00:00+05:30,214.449991841732,215.08575551698056,213.52079303762613,213.76531982421875,4774208,0.0,0.0
2022-08-17 00:00:00+05:30,213.83868131719396,217.57993827982128,213.54524617949687,216.67518615722656,10401476,0.0,0.0
2022-08-18 00:00:00+05:30,216.03942133956352,216.03942133956352,212.2737027622809,212.76275634765625,16888260,0.0,0.0
2022-08-19 00:00:00+05:30,214.67007445960638,216.4062086950643,210.7820925368875,211.49122619628906,17253908,0.0,0.0
2022-08-22 00:00:00+05:30,210.73317718647553,210.73317718647553,204.9378894834247,205.40249633789062,12900580,0.0,0.0
2022-08-23 00:00:00+05:30,202.9572399759844,204.66892754204693,200.5119720244665,203.76417541503906,17028776,0.0,0.0
2022-08-24 00:00:00+05:30,204.32657345871522,205.15797048899185,202.6393476145379,203.51963806152344,7429170,0.0,0.0
2022-08-25 00:00:00+05:30,205.06016146223726,205.4514132836289,202.93279031513967,203.0550537109375,8753902,0.0,0.0
2022-08-26 00:00:00+05:30,204.6689188907502,206.6251331692759,203.59299506766888,204.05760192871094,7904194,0.0,0.0
2022-08-29 00:00:00+05:30,198.06670692657312,198.72693226794132,195.13238534247574,197.7488250732422,23519514,0.0,0.0
2022-08-30 00:00:00+05:30,200.09625998419486,203.4218331286704,198.67800765297198,202.2480926513672,19750992,0.0,0.0
2022-09-01 00:00:00+05:30,200.46306722979426,201.3189110279787,197.99335252492605,200.7320556640625,11778706,0.0,0.0
2022-09-02 00:00:00+05:30,201.7590438653039,201.85686054896908,199.09371086982873,199.38714599609375,9815080,0.0,0.0
2022-09-05 00:00:00+05:30,199.04479860054138,199.5338521597565,197.57763792289612,198.31121826171875,18018508,0.0,0.0
2022-09-06 00:00:00+05:30,199.04481017078524,199.21598191140657,196.23275204183682,197.7977294921875,18226162,0.0,0.0
2022-09-07 00:00:00+05:30,196.6484378103513,199.949549312643,196.11047591392074,199.26487731933594,12248532,0.0,0.0
2022-09-08 00:00:00+05:30,200.51197304871945,202.63935916235332,200.31635459654498,201.88131713867188,14064948,0.0,0.0
2022-09-09 00:00:00+05:30,203.93535771115893,205.1335450393067,201.17220776788457,204.0087127685547,14671342,0.0,0.0
2022-09-12 00:00:00+05:30,205.32915299952523,207.55434086687546,204.44884758160154,206.380615234375,11678424,0.0,0.0
2022-09-13 00:00:00+05:30,207.79887218974545,208.33683413607596,206.1360929304132,206.69850158691406,9408334,0.0,0.0
2022-09-14 00:00:00+05:30,200.02291710375786,206.72295721624562,200.02291710375786,203.59300231933594,17583964,0.0,0.0
2022-09-15 00:00:00+05:30,205.25580061882752,205.8426559803545,202.10139894846884,202.981689453125,10640314,0.0,0.0
2022-09-16 00:00:00+05:30,201.8568575027769,201.8568575027769,195.71924127603702,196.42835998535156,20192486,0.0,0.0
2022-09-19 00:00:00+05:30,198.06669592011235,198.6535661742123,194.15426735872742,196.57508850097656,13584188,0.0,0.0
2022-09-20 00:00:00+05:30,198.55575367151192,200.21853286016955,197.7977265916731,198.01779174804688,8989822,0.0,0.0
2022-09-21 00:00:00+05:30,198.5068431415793,198.5068431415793,195.37690324598896,195.98822021484375,19290112,0.0,0.0
2022-09-22 00:00:00+05:30,194.64331267437657,195.79259150049035,193.17615202607726,194.61886596679688,16500324,0.0,0.0
2022-09-23 00:00:00+05:30,194.6922272361704,195.32799090085896,192.51593290175188,192.8582763671875,13966710,0.0,0.0
2022-09-26 00:00:00+05:30,191.70900978185804,195.2302016457031,188.09001615357536,193.07835388183594,18994144,0.0,0.0
2022-09-27 00:00:00+05:30,194.05645476771844,196.30610422290908,191.70900355126872,194.8389434814453,12454694,0.0,0.0
2022-09-28 00:00:00+05:30,193.66521652262594,195.865957619474,193.34733468247182,194.6677703857422,8921590,0.0,0.0
2022-09-29 00:00:00+05:30,196.11048020125443,196.55062542623634,191.48891802711822,192.10023498535156,11883068,0.0,0.0
2022-09-30 00:00:00+05:30,191.92908148311395,194.00755917691237,189.50826031691525,192.8093719482422,13570530,0.0,0.0
2022-10-03 00:00:00+05:30,192.63820548701196,194.64332818441065,191.02433461517435,192.931640625,8140834,0.0,0.0
2022-10-04 00:00:00+05:30,195.5969769779671,198.5557450413263,195.1323701268207,198.31121826171875,12591696,0.0,0.0
2022-10-06 00:00:00+05:30,200.19409024594984,201.9791328662379,199.2648914089933,200.5853271484375,11203878,0.0,0.0
2022-10-07 00:00:00+05:30,200.41414578091272,201.3678062064273,198.6780115880051,199.582763671875,7580186,0.0,0.0
2022-10-10 00:00:00+05:30,195.7681461057407,202.2236594635881,195.49917260113503,201.14773559570312,18714926,0.0,0.0
2022-10-11 00:00:00+05:30,202.90833237018924,204.37549314643752,196.7462541250003,197.7732696533203,22723292,0.0,0.0
2022-10-12 00:00:00+05:30,197.69991045022982,200.31635009790634,196.40392144335632,199.50941467285156,12610118,0.0,0.0
2022-10-13 00:00:00+05:30,189.2637432340695,191.8801829794868,184.91116917823229,185.4002227783203,84896212,0.0,0.0
2022-10-14 00:00:00+05:30,189.26373849160495,189.50826528552176,184.0064124223937,184.51991271972656,27864794,0.0,0.0
2022-10-17 00:00:00+05:30,184.5199091617901,185.3268595059407,182.12354961255858,183.44400024414062,16909538,0.0,0.0
2022-10-18 00:00:00+05:30,187.64986404263277,187.91883754091873,185.05787112171265,185.49801635742188,22328480,0.0,0.0
2022-10-19 00:00:00+05:30,186.42723423750945,186.42723423750945,184.39764990184153,184.88670349121094,10198278,0.0,0.0
2022-10-20 00:00:00+05:30,184.37320294261445,187.111906024321,183.88414935390728,186.57394409179688,11868814,0.0,0.0
2022-10-21 00:00:00+05:30,187.06298615329166,187.45422303025614,185.93816893847114,187.08743286132812,8931540,0.0,0.0
2022-10-24 00:00:00+05:30,188.97029813715196,188.97029813715196,187.79657254369997,188.138916015625,3472470,0.0,0.0
2022-10-25 00:00:00+05:30,188.99476157379326,188.99476157379326,187.6254025977595,188.1144561767578,5783256,0.0,0.0
2022-10-27 00:00:00+05:30,188.7746850444724,189.23929192315305,186.37832544724785,187.1363525390625,11723118,0.0,0.0
2022-10-28 00:00:00+05:30,187.2097142191515,188.7013366707945,186.81847730463653,187.42979431152344,7609676,0.0,0.0
2022-10-31 00:00:00+05:30,189.0436553955078,189.94840750353248,188.1633649213238,189.0436553955078,6638382,0.0,0.0
2022-11-01 00:00:00+05:30,189.7527845929469,192.1980524356395,189.06811258193906,191.9046173095703,11540196,0.0,0.0
2022-11-02 00:00:00+05:30,192.12469678275494,193.1028039167644,191.04877296545237,192.66265869140625,6716614,0.0,0.0
2022-11-03 00:00:00+05:30,190.6086314236949,192.56484572951857,188.55460043268772,189.997314453125,10312476,0.0,0.0
2022-11-04 00:00:00+05:30,189.99730883868168,191.9046147455525,188.6035032020233,190.99986267089844,9023630,0.0,0.0
2022-11-07 00:00:00+05:30,192.1980579127754,193.10281002530078,189.5571715523552,191.4644775390625,8252598,0.0,0.0
2022-11-09 00:00:00+05:30,192.71156508426938,192.8827368291927,190.31520542953697,191.1955108642578,6862546,0.0,0.0
2022-11-10 00:00:00+05:30,190.1440237865125,191.26885596264648,189.26373332234732,190.19293212890625,5494908,0.0,0.0
2022-11-11 00:00:00+05:30,194.88784593777225,198.48239263072995,194.2765289806274,195.47471618652344,28417046,0.0,0.0
2022-11-14 00:00:00+05:30,196.91741862978049,196.91741862978049,193.4451352686651,193.93418884277344,17623428,0.0,0.0
2022-11-15 00:00:00+05:30,194.66777586203978,195.4013562482925,192.68711478904987,194.22763061523438,12462712,0.0,0.0
2022-11-16 00:00:00+05:30,195.13236939166225,196.45281996646028,193.76302540091106,194.7655792236328,11039528,0.0,0.0
2022-11-17 00:00:00+05:30,194.59442158621545,194.6433299304407,193.17616915207054,194.03201293945312,6057616,0.0,0.0
2022-11-18 00:00:00+05:30,194.56996858031943,195.08346886623997,192.10023906180965,192.61375427246094,9546202,0.0,0.0
2022-11-21 00:00:00+05:30,192.613747938631,192.90718306010675,189.5571631831136,190.07066345214844,7904612,0.0,0.0
2022-11-22 00:00:00+05:30,190.24184439676685,190.43746284564764,188.04110326621299,190.14402770996094,8410828,0.0,0.0
2022-11-23 00:00:00+05:30,191.09769030997222,191.68456058791836,189.75279293734926,190.1195831298828,6717760,0.0,0.0
2022-11-24 00:00:00+05:30,190.68197903462567,195.4991595596917,190.31518886659623,194.7655792236328,13370266,0.0,0.0
2022-11-25 00:00:00+05:30,195.13238598524882,197.77327243468937,193.6163168435249,196.99078369140625,13648550,0.0,0.0
2022-11-28 00:00:00+05:30,196.9907768261227,200.24299508565295,196.59953993048177,198.38458251953125,13679200,0.0,0.0
2022-11-29 00:00:00+05:30,197.08859818370883,199.97401140045955,197.03968983941178,198.1400604248047,9102602,0.0,0.0
2022-11-30 00:00:00+05:30,198.9958953857422,199.53385729968255,196.91741770553716,198.9958953857422,13892346,0.0,0.0
2022-12-01 00:00:00+05:30,201.90577363971013,203.61746117099673,201.31890337337666,202.32147216796875,15852984,0.0,0.0
2022-12-02 00:00:00+05:30,202.3703715105025,202.4192798549172,200.0473669357517,201.68569946289062,11726622,0.0,0.0
2022-12-05 00:00:00+05:30,202.1014001377306,202.93279722736702,200.82985779317607,201.6612548828125,9947062,0.0,0.0
2022-12-06 00:00:00+05:30,200.75649690183712,201.78351241661,199.43604625073897,201.1721954345703,8832518,0.0,0.0
2022-12-07 00:00:00+05:30,200.02291954310311,200.26744633961056,198.2134152790554,198.7024688720703,6568616,0.0,0.0
2022-12-08 00:00:00+05:30,199.16705758886798,199.53384775017346,197.23529010276724,197.43092346191406,8940712,0.0,0.0
2022-12-09 00:00:00+05:30,198.55574381807017,198.55574381807017,191.34220386408853,192.7115478515625,15423336,0.0,0.0
2022-12-12 00:00:00+05:30,192.1491392659261,194.398788609625,189.75277982524403,193.8363800048828,10365880,0.0,0.0
2022-12-13 00:00:00+05:30,194.81449225534158,195.30354582449033,193.66521338289598,194.52105712890625,6813842,0.0,0.0
2022-12-14 00:00:00+05:30,196.01266419965296,197.82216837220813,195.25463713869985,195.6458740234375,9995152,0.0,0.0
2022-12-15 00:00:00+05:30,195.49917470494398,195.49917470494398,192.71156324207288,193.27398681640625,7766926,0.0,0.0
2022-12-16 00:00:00+05:30,191.41557804155303,193.07835731386297,189.77724547960423,190.608642578125,18012634,0.0,0.0
2022-12-19 00:00:00+05:30,189.9728761676195,190.97543007391522,188.62797877273275,190.26629638671875,8838046,0.0,0.0
2022-12-20 00:00:00+05:30,190.1440219925097,190.68198390430416,187.30751725720145,190.21739196777344,8778558,0.0,0.0
2022-12-21 00:00:00+05:30,191.1710459445645,192.32032486960887,189.6794384602871,190.4863739013672,10215214,0.0,0.0
2022-12-22 00:00:00+05:30,190.7798084613894,191.68456058791836,188.77468575725985,190.1195831298828,9093800,0.0,0.0
2022-12-23 00:00:00+05:30,187.79657910590322,188.70133123497945,184.37320396595186,184.6910858154297,12120710,0.0,0.0
2022-12-26 00:00:00+05:30,184.8622507102856,186.62284655913922,184.03085366577037,186.0848846435547,7261148,0.0,0.0
2022-12-27 00:00:00+05:30,187.06299259029112,189.4349054159246,185.96262204564235,189.068115234375,7685840,0.0,0.0
2022-12-28 00:00:00+05:30,188.28563938577668,190.51082733589772,187.42979557038677,189.6549835205078,7676002,0.0,0.0
2022-12-29 00:00:00+05:30,188.89694565317222,191.75791208684606,188.1878119908602,191.09768676757812,9485398,0.0,0.0
2022-12-30 00:00:00+05:30,192.19805379827488,193.81192461600176,191.48892014897427,192.07579040527344,8256556,0.0,0.0
2023-01-02 00:00:00+05:30,192.19805695300005,192.63820219008366,190.97542300291735,192.22250366210938,5559512,0.0,0.0
2023-01-03 00:00:00+05:30,192.222511793406,194.5210696866862,191.56230137221812,194.17872619628906,5994422,0.0,0.0
2023-01-04 00:00:00+05:30,194.39881019038052,194.39881019038052,190.0462360415045,190.58419799804688,8926522,0.0,0.0
2023-01-05 00:00:00+05:30,190.73089758516744,191.80682143887358,187.67431268796923,189.21482849121094,9568980,0.0,0.0
2023-01-06 00:00:00+05:30,189.26374952705743,190.14404006659282,186.5250462905567,186.8184814453125,8484754,0.0,0.0
2023-01-09 00:00:00+05:30,188.7746859407741,192.19806107441508,188.33454069425218,191.61119079589844,7347432,0.0,0.0
2023-01-10 00:00:00+05:30,191.70900337296698,192.63820219008366,189.43490721075932,192.22250366210938,7879496,0.0,0.0
2023-01-11 00:00:00+05:30,192.19805574709486,193.66521647798874,191.46447538164793,192.61375427246094,7656600,0.0,0.0
2023-01-12 00:00:00+05:30,193.5429576105038,194.5944198406241,190.97542627138782,192.931640625,9510500,0.0,0.0
2023-01-13 00:00:00+05:30,193.6652143377612,193.9586494656433,189.01920540794117,192.63819885253906,13621860,0.0,0.0
2023-01-16 00:00:00+05:30,190.73090364109308,196.11049323097006,190.24185004201334,194.936767578125,23867444,0.0,0.0
2023-01-17 00:00:00+05:30,195.64586920817206,196.62397632067334,192.56483777368516,193.8363800048828,14310032,0.0,0.0
2023-01-18 00:00:00+05:30,194.88785874615445,197.50429847963755,194.6433319472258,197.18641662597656,16080426,0.0,0.0
2023-01-19 00:00:00+05:30,196.6484617337514,197.5776606180483,195.01012913724446,197.2842254638672,9447456,0.0,0.0
2023-01-20 00:00:00+05:30,197.35757524308784,198.26232739231122,196.257204637886,197.16195678710938,9265614,0.0,0.0
2023-01-23 00:00:00+05:30,198.16452455397294,199.41160526322497,196.84407386498603,199.04481506347656,8815290,0.0,0.0
2023-01-24 00:00:00+05:30,200.22143271637478,201.10390639521805,198.62809367119067,199.33897399902344,9552640,0.5,0.0
2023-01-25 00:00:00+05:30,198.55455582501583,198.99578517899528,196.1032650123613,196.8631591796875,6355554,0.0,0.0
2023-01-27 00:00:00+05:30,196.86315081036236,197.86818897771818,193.25976543814588,195.14724731445312,7410134,0.0,0.0
2023-01-30 00:00:00+05:30,195.14725435056334,198.45649692627575,193.67647987246892,197.2063446044922,7261256,0.0,0.0
2023-01-31 00:00:00+05:30,197.2308562002873,197.35342074303205,194.97568058297713,195.5394744873047,9566846,0.0,0.0
2023-02-01 00:00:00+05:30,196.83864736596666,198.015263934511,195.29433718465899,197.27987670898438,7029896,0.0,0.0
2023-02-02 00:00:00+05:30,197.279877110778,201.0058420533332,197.279877110778,200.7362060546875,10835460,0.0,0.0
2023-02-03 00:00:00+05:30,202.25600058225643,202.47662274175343,199.11835130930731,199.97630310058594,8850236,0.0,0.0
2023-02-06 00:00:00+05:30,198.75065871463013,199.14287422671413,196.88768365708006,198.38296508789062,5958022,0.0,0.0
2023-02-07 00:00:00+05:30,198.79967941684225,198.79967941684225,195.63750837123797,196.348388671875,6683580,0.0,0.0
2023-02-08 00:00:00+05:30,196.59352169025144,199.82922853081823,196.59352169025144,199.41250610351562,8300976,0.0,0.0
2023-02-09 00:00:00+05:30,199.4124996617878,200.49107356096553,197.84366761961857,200.17239379882812,5277374,0.0,0.0
2023-02-10 00:00:00+05:30,199.5350625775818,199.5350625775818,197.4759724091381,198.94674682617188,5160140,0.0,0.0
2023-02-13 00:00:00+05:30,198.87321279973307,198.87321279973307,195.71105675294086,196.3974151611328,4825356,0.0,0.0
2023-02-14 00:00:00+05:30,197.57403156787652,199.26542814529972,196.83864435360402,198.60357666015625,4638822,0.0,0.0
2023-02-15 00:00:00+05:30,197.42696628769897,199.951792810079,196.27485662365422,199.73117065429688,5227672,0.0,0.0
2023-02-16 00:00:00+05:30,200.4175306564133,202.59918546207777,200.2949661159039,200.95681762695312,11189362,0.0,0.0
2023-02-17 00:00:00+05:30,199.461530230383,200.02532410750538,198.06429151821612,199.19187927246094,5616244,0.0,0.0
2023-02-20 00:00:00+05:30,198.7016185657369,199.92726391825562,197.1818302978066,199.5595703125,6497188,0.0,0.0
2023-02-21 00:00:00+05:30,199.7311745383988,200.0253324313315,197.13281223405914,197.45147705078125,5761172,0.0,0.0
2023-02-22 00:00:00+05:30,195.85813563968944,196.27485806951904,193.3823379071887,193.7255096435547,6883372,0.0,0.0
2023-02-23 00:00:00+05:30,194.0441726529599,195.4659332781636,192.8675560678703,193.13720703125,6078322,0.0,0.0
2023-02-24 00:00:00+05:30,194.11772330731498,194.38735930914967,192.45083360381875,192.8185272216797,5106634,0.0,0.0
2023-02-27 00:00:00+05:30,192.54888522498143,192.81852121842124,188.97000677382394,191.3722686767578,5554710,0.0,0.0
2023-02-28 00:00:00+05:30,192.10765787226455,192.76950936293707,189.09257326085785,189.75440979003906,10061602,0.0,0.0
2023-03-01 00:00:00+05:30,190.26918890792314,192.0586281433807,189.87697341535588,191.6664276123047,4542612,0.0,0.0
2023-03-02 00:00:00+05:30,190.5633544586234,191.3722774374651,189.8769810593717,190.2446746826172,4438972,0.0,0.0
2023-03-03 00:00:00+05:30,191.49484615876065,191.91156859983403,190.75945889621664,191.4213104248047,4393936,0.0,0.0
2023-03-06 00:00:00+05:30,192.4018244176015,194.46089975060215,192.2302310661451,193.03915405273438,6727722,0.0,0.0
2023-03-08 00:00:00+05:30,192.00960581798483,192.6714573278215,190.63688895139094,192.47535705566406,4908842,0.0,0.0
2023-03-09 00:00:00+05:30,192.57339813032436,193.08817817219048,191.0045810044501,191.2497100830078,4157054,0.0,0.0
2023-03-10 00:00:00+05:30,190.17112943806725,191.15164571767727,189.53379984091717,190.7594451904297,4567396,0.0,0.0
2023-03-13 00:00:00+05:30,190.71042698797334,192.47535938170282,188.13657161088628,188.9700164794922,5982520,0.0,0.0
2023-03-14 00:00:00+05:30,189.50927847452945,189.80343635151397,184.99891255290143,186.02845764160156,8094852,0.0,0.0
2023-03-15 00:00:00+05:30,188.1120665071065,188.1120665071065,183.7977856183059,184.21450805664062,7687926,0.0,0.0
2023-03-16 00:00:00+05:30,184.01840050803568,184.68025200611856,181.39551640022069,182.79275512695312,7686620,0.0,0.0
2023-03-17 00:00:00+05:30,184.92538579672842,185.48917969410118,183.28301795190978,184.5821990966797,9044282,0.0,0.0
2023-03-20 00:00:00+05:30,183.8468052047537,184.3125564292023,179.0177594624106,179.99827575683594,8184754,0.0,0.0
2023-03-21 00:00:00+05:30,180.90525891008767,181.5180816028725,179.1648484471753,179.63058471679688,7211152,0.0,0.0
2023-03-22 00:00:00+05:30,180.34146502502392,181.39551706431556,179.36094871656815,179.63058471679688,5374846,0.0,0.0
2023-03-23 00:00:00+05:30,178.8951919411591,178.8951919411591,176.66452339315146,177.2283172607422,9485192,0.0,0.0
2023-03-24 00:00:00+05:30,178.13530716924583,179.85121074601565,176.9831974896877,177.35089111328125,7906696,0.0,0.0
2023-03-27 00:00:00+05:30,177.35088774473198,178.453968594561,176.1007354328557,177.1057586669922,6227714,0.0,0.0
2023-03-28 00:00:00+05:30,177.96370854360217,178.47847361677637,174.2377436093442,174.6299591064453,7813096,0.0,0.0
2023-03-29 00:00:00+05:30,175.51242606467295,176.86063604142674,174.04165154457795,176.02719116210938,8823840,0.0,0.0
2023-03-31 00:00:00+05:30,178.13530023518024,179.31191679258038,177.13026205958474,179.06678771972656,7914212,0.0,0.0
2023-04-03 00:00:00+05:30,180.39048767089844,180.61109485587048,179.01775590905575,180.39048767089844,4053500,0.0,0.0
2023-04-05 00:00:00+05:30,181.2484422960823,182.3270012388123,180.02279693287235,181.27294921875,6443110,0.0,0.0
2023-04-06 00:00:00+05:30,180.90525292717805,181.6161332118948,179.36094278473206,179.75314331054688,6429614,0.0,0.0
2023-04-10 00:00:00+05:30,180.41500441372648,183.55265367210163,180.21890414035775,183.01336669921875,5624940,0.0,0.0
2023-04-11 00:00:00+05:30,183.11142066682535,183.77327216755796,180.70915870258432,181.51808166503906,6784354,0.0,0.0
2023-04-12 00:00:00+05:30,181.68967554519895,183.08691428163047,181.07685285040367,182.44956970214844,5578210,0.0,0.0
2023-04-13 00:00:00+05:30,181.34648879529934,181.34648879529934,179.43448498042915,180.56207275390625,6724634,0.0,0.0
2023-04-17 00:00:00+05:30,176.46842673985992,177.44894303798614,172.57086847021174,177.15478515625,13603290,0.0,0.0
2023-04-18 00:00:00+05:30,178.18432704976362,180.85622493710108,176.12523687621766,180.365966796875,8024898,0.0,0.0
2023-04-19 00:00:00+05:30,180.36596764011432,180.36596764011432,176.6890315712285,176.8851318359375,7475944,0.0,0.0
2023-04-20 00:00:00+05:30,176.73807278700883,178.30690493781498,176.00268552159827,177.8901824951172,4423266,0.0,0.0
2023-04-21 00:00:00+05:30,178.50300335829377,180.7581939410442,178.28238119637012,180.43951416015625,5299988,0.0,0.0
2023-04-24 00:00:00+05:30,183.84680802049888,185.61174036979398,181.66515324739237,185.29307556152344,17779044,0.0,0.0
2023-04-25 00:00:00+05:30,185.41563353576728,185.75880525502768,183.40557218027553,184.16546630859375,7528552,0.0,0.0
2023-04-26 00:00:00+05:30,185.14599349323024,185.14599349323024,183.06239628665406,183.62619018554688,7008146,0.0,0.0
2023-04-27 00:00:00+05:30,184.53317443294227,184.63123205272788,182.40054837528837,183.5526580810547,8491700,0.0,0.0
2023-04-28 00:00:00+05:30,186.29809887378246,190.2201641132305,186.29809887378246,188.7493896484375,27709406,0.0,0.0
2023-05-02 00:00:00+05:30,190.71041895325848,192.25472912214985,189.95052481092043,190.39175415039062,9746608,0.0,0.0
2023-05-03 00:00:00+05:30,190.39175512165414,190.39175512165414,187.30311980662376,188.7984161376953,4828488,0.0,0.0
2023-05-04 00:00:00+05:30,188.62682562636593,189.313184052851,187.79338077610373,188.112060546875,6253358,0.0,0.0
2023-05-05 00:00:00+05:30,187.6463045416254,188.45522748660653,185.8078365023541,186.00393676757812,7902194,0.0,0.0
2023-05-08 00:00:00+05:30,186.78836085986475,187.76887718983778,186.102002421182,186.46969604492188,9613544,0.0,0.0
2023-05-09 00:00:00+05:30,187.52374731444507,187.98949855380968,186.32260883071007,187.42568969726562,5716698,0.0,0.0
2023-05-10 00:00:00+05:30,188.25913070032573,188.52876669980515,187.27861439459488,188.13656616210938,3670402,0.0,0.0
2023-05-11 00:00:00+05:30,189.09258462755994,189.65637853813786,187.81791037658454,188.5778045654297,4049964,0.0,0.0
2023-05-12 00:00:00+05:30,188.55328520261654,188.87195000396548,187.05798888630042,187.8914337158203,4580358,0.0,0.0
2023-05-15 00:00:00+05:30,187.8914353178448,189.7299033737924,187.5237417066553,189.11708068847656,5089694,0.0,0.0
2023-05-16 00:00:00+05:30,189.9750345595098,190.61236417472574,189.48477640580782,189.7053985595703,4059352,0.0,0.0
2023-05-17 00:00:00+05:30,189.33770850182202,189.9015023968743,186.9599534193928,187.42568969726562,5376102,0.0,0.0
2023-05-18 00:00:00+05:30,188.8474433336288,188.92097906303968,187.4011758220862,187.57276916503906,4237016,0.0,0.0
2023-05-19 00:00:00+05:30,188.65133412581974,190.31822384027146,188.0140045019353,189.33770751953125,7281582,0.0,0.0
2023-05-22 00:00:00+05:30,189.4847805579855,194.43639101117816,188.94549358479762,194.01966857910156,12197390,0.0,0.0
2023-05-23 00:00:00+05:30,194.63249180077503,197.13281143837304,194.1667405587205,194.95115661621094,12725634,0.0,0.0
2023-05-24 00:00:00+05:30,193.4068436067699,196.32388563562586,192.84304971656437,195.95619201660156,8256974,0.0,0.0
2023-05-25 00:00:00+05:30,195.61300106885085,195.61300106885085,192.4998588364844,193.2107391357422,13605054,0.0,0.0
2023-05-26 00:00:00+05:30,193.72550665579917,197.35341400487988,193.6519709249614,196.93670654296875,7926180,0.0,0.0
2023-05-29 00:00:00+05:30,198.06429347071892,199.04480977502942,195.78459605549534,196.0052032470703,7959308,0.0,0.0
2023-05-30 00:00:00+05:30,196.10325783676242,197.9907546857395,195.83362184183335,197.3289031982422,7378972,0.0,0.0
2023-05-31 00:00:00+05:30,196.96121269818565,198.45649407819258,196.34839000777436,197.8927001953125,11783582,0.0,0.0
2023-06-01 00:00:00+05:30,198.55455998133942,200.0253344997197,198.08880873258883,199.60861206054688,7065484,0.0,0.0
2023-06-02 00:00:00+05:30,200.3685126249109,200.9077846226968,198.0642933268583,198.53004455566406,6320754,0.0,0.0
2023-06-05 00:00:00+05:30,200.46655788211407,200.8832803088542,197.9172244365416,198.162353515625,7252860,0.0,0.0
2023-06-06 00:00:00+05:30,197.74562530708337,197.74562530708337,193.9216028082962,196.07875061035156,13707400,0.0,0.0
2023-06-07 00:00:00+05:30,197.27988239252392,197.86819817449089,196.59352395455699,197.47598266601562,8215860,0.0,0.0
2023-06-08 00:00:00+05:30,198.11332829021427,198.43199310648714,195.4904441042909,195.8826446533203,10615052,0.0,0.0
2023-06-09 00:00:00+05:30,195.83362326212432,196.27485260315882,194.16673358922966,194.77955627441406,12018232,0.0,0.0
2023-06-12 00:00:00+05:30,196.0052118268994,196.0052118268994,193.45587830099382,193.94613647460938,11973622,0.0,0.0
2023-06-13 00:00:00+05:30,195.09824719259458,195.3678832048928,193.40685050020127,193.92161560058594,13016186,0.0,0.0
2023-06-14 00:00:00+05:30,194.28930331052848,194.70602573987162,192.52438589929682,194.36285400390625,18512564,0.0,0.0
2023-06-15 00:00:00+05:30,194.68151400899063,194.8531073534819,190.34272639695493,190.6859130859375,28702320,0.0,0.0
2023-06-16 00:00:00+05:30,189.01902192206086,190.53882516467849,185.88137278466746,186.9354248046875,41110648,0.0,0.0
2023-06-19 00:00:00+05:30,187.27862368650582,187.27862368650582,184.87636161057424,186.37164306640625,10629440,0.0,0.0
2023-06-20 00:00:00+05:30,187.18055598563424,188.7248811298044,186.59225518158544,187.52374267578125,11802658,0.0,0.0
2023-06-21 00:00:00+05:30,188.38169939013926,189.8524738811488,187.81790549421729,188.99452209472656,8829264,0.0,0.0
2023-06-22 00:00:00+05:30,189.2396508846426,189.2396508846426,187.0825179601212,187.42568969726562,9356174,0.0,0.0
2023-06-23 00:00:00+05:30,187.42568477126426,187.76887146088072,185.36660951803978,186.27359008789062,6470406,0.0,0.0
2023-06-26 00:00:00+05:30,186.29810474539934,187.22959227682793,185.83235349893906,186.7393341064453,4100400,0.0,0.0
2023-06-27 00:00:00+05:30,188.38169211154118,188.38169211154118,187.03348221354057,187.57276916503906,5880750,0.0,0.0
2023-06-28 00:00:00+05:30,188.13656926586557,188.13656926586557,186.69030170645638,187.1315460205078,7140112,0.0,0.0
2023-06-30 00:00:00+05:30,188.7493976277768,191.0781239621455,187.7688812764637,190.78396606445312,9070810,0.0,0.0
2023-07-03 00:00:00+05:30,193.11267990957427,193.11267990957427,190.95554706849288,191.98509216308594,9036924,0.0,0.0
2023-07-04 00:00:00+05:30,193.03914763701695,194.8040799791394,192.67145402247024,194.1177215576172,12617234,0.0,0.0
2023-07-05 00:00:00+05:30,193.21074377378542,193.84807339694297,192.10766291421083,193.11268615722656,12366958,0.0,0.0
2023-07-06 00:00:00+05:30,193.4068505259545,194.60798904233488,192.74499899573456,194.24029541015625,9037242,0.0,0.0
2023-07-07 00:00:00+05:30,193.6519726412634,194.85311111439447,192.7695139404062,194.06869506835938,9065220,0.0,0.0
2023-07-10 00:00:00+05:30,194.06869816807162,194.06869816807162,191.02909155169567,191.17617797851562,5630400,0.0,0.0
2023-07-11 00:00:00+05:30,191.20068050192523,192.5733973517014,190.14662846068728,192.20570373535156,9634838,0.0,0.0
2023-07-12 00:00:00+05:30,193.11268927486597,193.13721116014742,191.3722787640364,192.107666015625,6848220,0.0,0.0
2023-07-13 00:00:00+05:30,192.1076685642898,195.4169112403417,191.81351066745341,193.3087921142578,13595726,0.0,0.0
2023-07-14 00:00:00+05:30,193.5294028737079,198.79967793613315,192.35278631718566,198.5790557861328,31366784,0.0,0.0
2023-07-17 00:00:00+05:30,199.53506692040045,208.33520669178125,198.94675115618602,203.57969665527344,45759860,0.0,0.0
2023-07-18 00:00:00+05:30,204.92790610066265,206.05549385776834,202.10892174640713,204.53570556640625,17769026,0.0,0.0
2023-07-19 00:00:00+05:30,205.90841981379714,206.39867795621095,203.04040668837817,204.9033966064453,10830990,0.0,0.0
2023-07-20 00:00:00+05:30,205.1730395661703,205.90842680475873,203.28554266149501,204.75631713867188,8255710,0.0,0.0
2023-07-21 00:00:00+05:30,198.5545574272634,203.1384742762159,196.59352476131514,198.40748596191406,23514212,0.0,0.0
2023-07-24 00:00:00+05:30,199.19188702676058,200.02533189425006,197.8191701454164,198.08880615234375,6808460,0.0,0.0
2023-07-25 00:00:00+05:30,198.79968176430629,198.79968176430629,196.10326191300248,196.2993621826172,6458200,0.0,0.0
2023-07-26 00:00:00+05:30,197.81917067657415,197.8681994856449,196.78962553205568,197.45147705078125,5329662,0.0,0.0
2023-07-27 00:00:00+05:30,198.06429010827617,199.33896427453857,195.61299938911435,196.07875061035156,8948358,0.0,0.0
2023-07-28 00:00:00+05:30,196.61802047328283,197.50049409953334,194.4118588498931,195.4904327392578,6760060,0.0,0.0
2023-07-31 00:00:00+05:30,195.98069360041734,199.0448070088041,195.58849306874032,198.5790557861328,6762180,0.0,0.0
2023-08-01 00:00:00+05:30,198.79967878365838,200.02532415223828,198.0887984852855,199.51055908203125,7181804,0.0,0.0
2023-08-02 00:00:00+05:30,198.99578596818714,198.99578596818714,195.6130076256066,197.47598266601562,5399618,0.0,0.0
2023-08-03 00:00:00+05:30,197.0837808137629,197.0837808137629,194.6569969310863,195.93167114257812,6821698,0.0,0.0
2023-08-04 00:00:00+05:30,196.51998192893706,201.00584099793414,196.25033097021574,200.44204711914062,12481540,0.0,0.0
2023-08-07 00:00:00+05:30,200.98134029344354,202.47662170887605,200.04983781275646,201.56964111328125,8822866,0.0,0.0
2023-08-08 00:00:00+05:30,202.18246231929064,204.68278192916682,200.9813388034277,204.11898803710938,15724284,0.0,0.0
2023-08-09 00:00:00+05:30,203.70226148189215,205.17303593302495,202.25599395368167,204.82984924316406,9309388,0.0,0.0
2023-08-10 00:00:00+05:30,204.48668784437547,206.30063411550867,203.72677869600878,205.24658203125,9901644,0.0,0.0
2023-08-11 00:00:00+05:30,205.24657786779716,206.96248144598977,202.1579574116472,202.50112915039062,7571468,0.0,0.0
2023-08-14 00:00:00+05:30,202.5991826633102,204.04545020593892,200.760714581066,203.53067016601562,5792180,0.0,0.0
2023-08-16 00:00:00+05:30,203.04042024310723,206.0064911796167,202.96688450913425,205.24658203125,8131780,0.0,0.0
2023-08-17 00:00:00+05:30,205.24657762278633,206.10452941085848,203.21200923194223,204.70729064941406,6340960,0.0,0.0
2023-08-18 00:00:00+05:30,203.48164733276096,204.11899193021407,200.02533322125518,201.83929443359375,10602392,0.0,0.0
2023-08-21 00:00:00+05:30,201.88830030677212,204.6092420178027,201.8147645765262,203.2610321044922,7334260,0.0,0.0
2023-08-22 00:00:00+05:30,203.4571339611911,204.9769372312718,202.35405311441355,204.48667907714844,6350240,0.0,0.0
2023-08-23 00:00:00+05:30,204.5602129546366,204.90339964401025,203.2610318502787,203.57969665527344,6134234,0.0,0.0
2023-08-24 00:00:00+05:30,205.2955998840968,205.90842257031798,201.9863573785024,202.3295440673828,5776956,0.0,0.0
2023-08-25 00:00:00+05:30,201.0058513748552,201.6431810165689,199.5841056623071,200.85877990722656,6598510,0.0,0.0
2023-08-28 00:00:00+05:30,201.71672490995306,202.20698306750648,199.8537349343551,200.04983520507812,3401974,0.0,0.0
2023-08-29 00:00:00+05:30,200.83425023487382,201.9373310837964,199.58409792402486,200.07435607910156,3998562,0.0,0.0
2023-08-30 00:00:00+05:30,201.00584982683972,201.1039074454984,199.36348196400496,199.6331329345703,4018182,0.0,0.0
2023-08-31 00:00:00+05:30,200.02533526930156,201.0058516186609,199.26544108314496,200.221435546875,22061952,0.0,0.0
2023-09-01 00:00:00+05:30,200.00082248280893,204.80534646924417,199.78020032607301,204.11898803710938,8476130,0.0,0.0
2023-09-04 00:00:00+05:30,204.927915878624,213.99769205985496,203.94739953470713,212.82107543945312,27634648,0.0,0.0
2023-09-05 00:00:00+05:30,213.65449779436074,214.48794264179404,210.95807794400676,211.71798706054688,17973426,0.0,0.0
2023-09-06 00:00:00+05:30,212.6494739805117,213.53193267179964,208.80094448505022,210.4678192138672,13531912,0.0,0.0
2023-09-07 00:00:00+05:30,210.78650625191204,212.6249743900733,209.21767412275096,212.208251953125,9322650,0.0,0.0
2023-09-08 00:00:00+05:30,212.50240124188105,212.50240124188105,210.46781794884959,210.81100463867188,5748410,0.0,0.0
2023-09-11 00:00:00+05:30,212.2817858800849,214.48794762710656,210.86004019096933,213.1887664794922,8253314,0.0,0.0
2023-09-12 00:00:00+05:30,214.2918437073778,216.44897660880252,209.29120451460497,213.26229858398438,14545328,0.0,0.0
2023-09-13 00:00:00+05:30,213.23779039272722,214.7085648569746,211.54639377424613,213.60548400878906,7445670,0.0,0.0
2023-09-14 00:00:00+05:30,214.92916946218477,217.30692447639055,213.4093662084611,213.97317504882812,14895010,0.0,0.0
2023-09-15 00:00:00+05:30,215.61552510015764,217.55205074774815,214.8556309638324,216.2283477783203,19835876,0.0,0.0
2023-09-18 00:00:00+05:30,216.2283589194891,216.2283589194891,213.36036060710708,213.8015899658203,6025196,0.0,0.0
2023-09-20 00:00:00+05:30,212.8945994371029,214.16927360622662,210.34525109885544,210.8600311279297,9102700,0.0,0.0
2023-09-21 00:00:00+05:30,210.76198567731734,211.4238372034701,207.40371419842467,210.29624938964844,8893070,0.0,0.0
2023-09-22 00:00:00+05:30,208.0655547450636,209.21766438364554,204.24154718029297,205.17303466796875,19818260,0.0,0.0
2023-09-25 00:00:00+05:30,205.17303249138178,205.7858551690741,201.98635456738182,203.01589965820312,9301132,0.0,0.0
2023-09-26 00:00:00+05:30,204.33960093213955,204.33960093213955,201.83929621401234,202.42759704589844,6480566,0.0,0.0
2023-09-27 00:00:00+05:30,202.10892784914617,204.21703196703905,201.1529184459786,203.7758026123047,7773994,0.0,0.0
2023-09-28 00:00:00+05:30,204.19252606943462,204.19252606943462,198.0642989965224,198.7261505126953,16876116,0.0,0.0
2023-09-29 00:00:00+05:30,198.55455559325105,200.6381527815753,196.8386520263958,199.06932067871094,12780272,0.0,0.0
2023-10-03 00:00:00+05:30,199.265435162065,200.07435813395122,197.86819641344783,198.77517700195312,5728104,0.0,0.0
2023-10-04 00:00:00+05:30,197.42696471908712,198.77517464339763,196.42192652588798,198.50552368164062,6905870,0.0,0.0
2023-10-05 00:00:00+05:30,200.00082056689814,201.20194407125493,198.55455302324333,199.43701171875,8125304,0.0,0.0
2023-10-06 00:00:00+05:30,200.02533321850115,200.9077919392801,199.5105681249621,199.95179748535156,6365004,0.0,0.0
2023-10-09 00:00:00+05:30,198.162350687107,201.49610013045964,197.77013518927694,198.8487091064453,6030450,0.0,0.0
2023-10-10 00:00:00+05:30,199.2409194670823,200.39302917143672,199.14287680890902,199.90277099609375,5128014,0.0,0.0
2023-10-11 00:00:00+05:30,200.51558030536128,207.8449455211684,200.51558030536128,206.4722137451172,19092228,0.0,0.0
2023-10-12 00:00:00+05:30,206.76637650152372,206.83991223234392,203.3100624995507,204.48667907714844,10234398,0.0,0.0
2023-10-13 00:00:00+05:30,201.93733706047055,203.16298248443735,200.54009828485002,201.52061462402344,10914054,0.0,0.0
2023-10-16 00:00:00+05:30,201.4960976261908,201.93732696446085,200.09885892042627,201.10389709472656,5277652,0.0,0.0
2023-10-17 00:00:00+05:30,201.83928612877244,202.8933381578732,201.5206063624122,201.69219970703125,5979388,0.0,0.0
2023-10-18 00:00:00+05:30,200.51558568507298,202.79528311682256,199.53506937365452,199.7556915283203,4881066,0.0,0.0
2023-10-19 00:00:00+05:30,192.15668890594648,194.50992205394965,191.24970833129203,193.79904174804688,25629102,0.0,0.0
2023-10-20 00:00:00+05:30,193.67648317545215,194.16674134317788,191.69094358075972,192.107666015625,8429336,0.0,0.0
2023-10-23 00:00:00+05:30,191.61740096709076,192.67145299755262,187.3766709608424,187.8424072265625,8837826,0.0,0.0
2023-10-25 00:00:00+05:30,188.45523042661108,190.07309130330407,186.8373845114095,187.205078125,6678294,0.0,0.0
2023-10-26 00:00:00+05:30,185.7097910414379,186.56774284924035,183.8713228818613,185.44015502929688,10995582,0.0,0.0
2023-10-27 00:00:00+05:30,185.83234966550515,188.4307268918278,185.83234966550515,187.45021057128906,6202812,0.0,0.0
2023-10-30 00:00:00+05:30,188.25912651341622,188.43071985540118,186.49419421005473,187.2786102294922,4688744,0.0,0.0
2023-10-31 00:00:00+05:30,187.86693063591048,188.30815998230264,185.88137613490852,187.18055725097656,6153536,0.0,0.0
2023-11-01 00:00:00+05:30,188.18560067458074,189.0190305828227,186.37163946939143,186.76385498046875,4241952,0.0,0.0
2023-11-02 00:00:00+05:30,188.16107540438946,188.82292691121393,187.32764551114045,188.08753967285156,4742730,0.0,0.0
2023-11-03 00:00:00+05:30,189.23965167232834,189.582838372393,187.59728382743333,188.03851318359375,5291528,0.0,0.0
2023-11-06 00:00:00+05:30,189.23965609588734,189.4602782598706,187.76888156664467,188.5778045654297,4939936,0.0,0.0
2023-11-07 00:00:00+05:30,188.70035534841173,189.72990043609963,187.69533214465156,187.9159393310547,5692178,0.0,0.0
2023-11-08 00:00:00+05:30,188.55329508192202,189.1661177941218,187.0334917633682,187.37667846679688,7102052,0.0,0.0
2023-11-09 00:00:00+05:30,187.76888057262306,188.25913874644192,186.15103458361767,186.71482849121094,9231126,0.0,0.0
2023-11-10 00:00:00+05:30,186.44516842823572,187.18055565310885,184.8273225181114,185.9549102783203,10710700,0.0,0.0
2023-11-13 00:00:00+05:30,187.5727763865032,187.71984785098712,186.29810216883908,187.10702514648438,3585902,0.0,0.0
2023-11-15 00:00:00+05:30,189.01902012829,192.30375565498562,188.38169053009108,192.0095977783203,10792518,0.0,0.0
2023-11-16 00:00:00+05:30,192.00960559498375,195.85813514775742,190.85749592534566,194.6815185546875,13843576,0.0,0.0
2023-11-17 00:00:00+05:30,195.12274241118354,195.61300055794533,193.40683889751736,193.8480682373047,7886928,0.0,0.0
2023-11-20 00:00:00+05:30,192.76951729310537,196.64255382099321,192.76951729310537,196.20132446289062,8610496,0.0,0.0
2023-11-21 00:00:00+05:30,197.37793013385493,197.37793013385493,196.12776290010243,196.4219207763672,5440248,0.0,0.0
2023-11-22 00:00:00+05:30,197.32891094677154,197.37793975545418,195.66203618200402,196.225830078125,5318582,0.0,0.0
2023-11-23 00:00:00+05:30,196.34838690905838,198.55454855972195,196.34838690905838,197.3289031982422,9677360,0.0,0.0
2023-11-24 00:00:00+05:30,197.32890514412313,197.8191632935495,193.92160502101314,194.14222717285156,6250566,0.0,0.0
2023-11-28 00:00:00+05:30,194.63249569497216,195.4904475021918,192.72049180260967,194.5589599609375,8145314,0.0,0.0
2023-11-29 00:00:00+05:30,195.12274391526444,200.294961418874,195.12274391526444,199.16737365722656,15544086,0.0,0.0
2023-11-30 00:00:00+05:30,199.510566311877,203.2120094745243,198.08880566360963,202.50112915039062,19825958,0.0,0.0
2023-12-01 00:00:00+05:30,202.84430691633213,202.84430691633213,199.28993537520003,199.85372924804688,9830426,0.0,0.0
2023-12-04 00:00:00+05:30,202.32954684579374,202.47661830790986,199.41250483472723,199.7556915283203,10662472,0.0,0.0
2023-12-05 00:00:00+05:30,199.73116699057158,200.51558302158512,197.13280478442388,198.2358856201172,11165368,0.0,0.0
2023-12-06 00:00:00+05:30,199.41251048529327,206.10453150805142,199.0203099342091,205.2956085205078,22082070,0.0,0.0
2023-12-07 00:00:00+05:30,205.90842785695608,206.64381509930234,204.2660600234177,205.05047607421875,11250552,0.0,0.0
2023-12-08 00:00:00+05:30,205.3201154473434,208.1145929987073,203.4571403874288,207.18310546875,15479122,0.0,0.0
2023-12-11 00:00:00+05:30,205.90843304573335,206.9870070129507,204.56022306745768,206.2025909423828,10084242,0.0,0.0
2023-12-12 00:00:00+05:30,206.25161227749163,209.7814620248868,205.98196131471343,206.98699951171875,11903364,0.0,0.0
2023-12-13 00:00:00+05:30,207.6488354764191,208.0165290925111,203.45713423756703,205.73683166503906,9696816,0.0,0.0
2023-12-14 00:00:00+05:30,207.6243287485074,213.7525556891363,207.5017642096948,212.9681396484375,24681376,0.0,0.0
2023-12-15 00:00:00+05:30,213.77706351798494,220.37104171863416,212.5269112013969,218.92477416992188,41567234,0.0,0.0
2023-12-18 00:00:00+05:30,218.65513868722803,222.3320748759146,216.69410605326186,218.28744506835938,20182072,0.0,0.0
2023-12-19 00:00:00+05:30,218.45904178113386,219.3169935717094,213.26230222877788,215.07626342773438,16064694,0.0,0.0
2023-12-20 00:00:00+05:30,216.69410196509318,220.37103808441037,210.49233936947647,211.7670135498047,26449942,0.0,0.0
2023-12-21 00:00:00+05:30,210.27171417416292,213.9976790467715,209.43828430940926,212.77203369140625,10663008,0.0,0.0
2023-12-22 00:00:00+05:30,213.4093686144747,228.60737140007362,212.77203899838491,226.81793212890625,46080814,0.0,0.0
2023-12-26 00:00:00+05:30,222.5772079460995,233.26483000825377,219.8072522932537,230.47036743164062,54628644,0.0,0.0
2023-12-27 00:00:00+05:30,229.68594649201762,233.06872478209905,227.52881359410273,230.8870849609375,25262992,0.0,0.0
2023-12-28 00:00:00+05:30,231.67149123199476,234.04924633835614,229.26922920183776,230.15170288085938,16839956,0.0,0.0
2023-12-29 00:00:00+05:30,230.88709165326205,233.04422461370197,228.50933653124068,231.0586700439453,15961140,0.0,0.0
2024-01-01 00:00:00+05:30,231.8921131167002,237.03982387299058,229.5878937459544,233.9266815185547,20347278,0.0,0.0
2024-01-02 00:00:00+05:30,234.34339474616363,234.34339474616363,227.62685213390506,230.0291290283203,14282514,0.0,0.0
2024-01-03 00:00:00+05:30,227.43076288378737,227.43076288378737,223.0674681474866,223.50869750976562,19534364,0.0,0.0
2024-01-04 00:00:00+05:30,224.04797614286275,225.44521487259465,221.30252749104577,221.79278564453125,15170336,0.0,0.0
2024-01-05 00:00:00+05:30,223.09197379580363,226.98953222354774,222.33207961852892,223.8518829345703,16889130,0.0,0.0
2024-01-08 00:00:00+05:30,224.29310835708637,225.51875375794475,220.1504209175883,220.7877655029297,10082886,0.0,0.0
2024-01-09 00:00:00+05:30,224.53824321389263,226.7444049921951,220.5916709061929,220.98387145996094,14465048,0.0,0.0
2024-01-10 00:00:00+05:30,221.32705146796488,223.55772010281518,220.12591299597372,222.381103515625,8874676,0.0,0.0
2024-01-11 00:00:00+05:30,223.0429615360383,223.99895599540045,218.99833161341076,219.7337188720703,8638818,0.0,0.0
2024-01-12 00:00:00+05:30,223.06745499206457,229.9310689918204,223.06745499206457,228.19065856933594,36086734,0.0,0.0
2024-01-15 00:00:00+05:30,250.98767153983366,259.3465672013289,239.80977649074524,242.481689453125,127844264,0.0,0.0
2024-01-16 00:00:00+05:30,242.6777891178721,242.6777891178721,235.56904580027788,237.77520751953125,25912492,0.0,0.0
2024-01-17 00:00:00+05:30,232.94616238760915,240.96188631847738,231.40185217155917,236.5005340576172,28668932,0.0,0.0
2024-01-18 00:00:00+05:30,236.50052811410225,239.73623489019457,229.63691402726644,236.6230926513672,26144924,0.0,0.0
2024-01-19 00:00:00+05:30,239.24598068291678,241.86886481589872,237.08884778381176,237.79971313476562,15498620,0.0,0.0
2024-01-23 00:00:00+05:30,234.36790008120576,238.26545831603366,228.97506048969058,230.37229919433594,19972336,0.0,0.0
2024-01-24 00:00:00+05:30,230.91159066009513,234.83365589423687,229.46532312040875,234.36790466308594,11708750,0.0,0.0
2024-01-25 00:00:00+05:30,234.36791324413957,235.005257844918,229.71046060807012,230.4213409423828,12852980,0.0,0.0
2024-01-29 00:00:00+05:30,230.4213306515716,233.85313770382905,230.4213306515716,231.89210510253906,10051300,0.0,0.0
2024-01-30 00:00:00+05:30,232.57846013600863,236.7456543531052,231.15671451306216,231.64697265625,11828014,0.0,0.0
2024-01-31 00:00:00+05:30,231.6469756004253,235.27488291382681,229.9310720774592,234.41693115234375,10584480,0.0,0.0
2024-02-01 00:00:00+05:30,234.12278258844634,234.1963332829796,230.71549729127042,231.08319091796875,7828120,0.0,0.0
2024-02-02 00:00:00+05:30,232.8726241182416,238.51059291268322,232.8726241182416,236.86822509765625,16296222,0.0,0.0
2024-02-05 00:00:00+05:30,236.79469325674467,239.98137132334682,234.90719633268964,236.4760284423828,11566604,0.0,0.0
2024-02-06 00:00:00+05:30,237.62813842789458,246.01154107553708,236.84372237203263,244.95748901367188,29024038,0.0,0.0
2024-02-07 00:00:00+05:30,245.59483282692597,245.96252644930695,241.47665228706566,242.77584838867188,9103534,0.0,0.0
2024-02-08 00:00:00+05:30,243.11901851059233,245.17810876684084,237.8242363680843,239.66270446777344,11303840,0.0,0.0
2024-02-09 00:00:00+05:30,240.66772022531532,242.5552170745861,236.67211933856785,240.44711303710938,7893788,0.0,0.0
2024-02-12 00:00:00+05:30,240.71676194902065,250.42386774974077,240.71676194902065,245.8399658203125,48873500,0.0,0.0
2024-02-13 00:00:00+05:30,246.64887631446527,251.50242896893596,241.05993644078717,250.81607055664062,22373576,0.0,0.0
2024-02-14 00:00:00+05:30,247.0656058795142,253.46346888713634,243.6828126040902,252.23782348632812,22594656,0.0,0.0
2024-02-15 00:00:00+05:30,253.43895838588563,256.33146353716904,251.52693961842368,254.1988525390625,14570776,0.0,0.0
2024-02-16 00:00:00+05:30,256.1598825191266,267.1906908572708,255.39998837376208,266.2101745605469,34942644,0.0,0.0
2024-02-19 00:00:00+05:30,267.63195057417124,267.63195057417124,260.49867016627934,262.7538757324219,18602758,0.0,0.0
2024-02-20 00:00:00+05:30,262.6803287168402,263.83245340177774,257.99836904933056,260.7928466796875,10374126,0.0,0.0
2024-02-21 00:00:00+05:30,262.7293641625141,262.9254494758955,254.6891182392798,255.62062072753906,13115574,0.0,0.0
2024-02-22 00:00:00+05:30,256.3069631488879,261.30760242568346,255.64512659411392,260.3515930175781,14596482,0.0,0.0
2024-02-23 00:00:00+05:30,262.2881198486114,265.3522333982447,261.4546749785144,262.8519287109375,19860994,0.0,0.0
2024-02-26 00:00:00+05:30,262.900928243436,263.0234927787476,257.90028921812524,261.2585754394531,8820636,0.0,0.0
2024-02-27 00:00:00+05:30,261.7978512685424,263.46474094244155,258.6356802264887,260.5476989746094,10399260,0.0,0.0
2024-02-28 00:00:00+05:30,259.83682527829234,260.30257651574635,252.4829528647558,253.80665588378906,12789056,0.0,0.0
2024-02-29 00:00:00+05:30,253.6105341612617,257.01783427694994,251.6004877221849,254.24786376953125,14462764,0.0,0.0
2024-03-01 00:00:00+05:30,256.1108720652269,257.4835889142231,253.73310206039233,254.4929962158203,9420630,0.0,0.0
2024-03-04 00:00:00+05:30,256.3805055174812,258.07190211951433,254.22335768836896,255.1793670654297,5662370,0.0,0.0
2024-03-05 00:00:00+05:30,253.83116039511495,255.1793703247848,250.3503244934872,251.64950561523438,10521548,0.0,0.0
2024-03-06 00:00:00+05:30,251.8456247750742,252.40940370975795,245.12908194517956,251.57598876953125,11091922,0.0,0.0
2024-03-07 00:00:00+05:30,251.87012136849702,255.1303499938467,250.27678240120238,252.7280731201172,9707982,0.0,0.0
2024-03-11 00:00:00+05:30,253.659582805028,254.41947696499173,251.15924824655548,252.2623291015625,11131512,0.0,0.0
2024-03-12 00:00:00+05:30,251.37986701152295,256.15988398541344,248.92857625568166,250.44837951660156,11652760,0.0,0.0
2024-03-13 00:00:00+05:30,251.89463274723224,254.29690966345922,243.56024415548237,247.2862091064453,13580480,0.0,0.0
2024-03-14 00:00:00+05:30,245.69286859036055,254.3949657040862,242.75131969383065,253.92921447753906,12825472,0.0,0.0
2024-03-15 00:00:00+05:30,252.36038959141624,254.07629316318886,248.26673093503177,253.46347045898438,13649086,0.0,0.0
2024-03-18 00:00:00+05:30,253.95372256423735,254.22335856305838,249.54139919922164,250.1297149658203,6393960,0.0,0.0
2024-03-19 00:00:00+05:30,249.54139786355373,249.54139786355373,241.77080320890315,242.604248046875,9617386,0.0,0.0
2024-03-20 00:00:00+05:30,243.19255037459885,245.74189875022014,239.83429400176905,241.94239807128906,8385344,0.0,0.0
2024-03-21 00:00:00+05:30,244.95748542480382,247.72744102263184,244.3691846126454,245.34970092773438,11644580,0.0,0.0
2024-03-22 00:00:00+05:30,239.85880056834995,240.59418779543736,235.10329051525466,238.80474853515625,28646502,0.0,0.0
2024-03-26 00:00:00+05:30,238.2654661665731,240.69225004731084,234.85816596416225,235.25038146972656,18273346,0.0,0.0
2024-03-27 00:00:00+05:30,235.1768419791343,235.78966467038543,231.03415460168,231.54891967773438,14320668,0.0,0.0
2024-03-28 00:00:00+05:30,233.70606535104247,236.8191926245113,233.01969197401843,235.37294006347656,15455150,0.0,0.0
2024-04-01 00:00:00+05:30,237.13787920113236,238.46156726307262,236.08381218249602,237.75070190429688,6041008,0.0,0.0
2024-04-02 00:00:00+05:30,236.27992506354926,236.64761868178604,235.12781540077572,235.9122314453125,6932654,0.0,0.0
2024-04-03 00:00:00+05:30,235.3239138944534,239.0989076644402,233.33837435556555,236.8927459716797,13794516,0.0,0.0
2024-04-04 00:00:00+05:30,238.16741194212008,241.18251164340361,235.1278202785343,238.9518280029297,16004046,0.0,0.0
2024-04-05 00:00:00+05:30,238.5105934472111,238.82925825705192,236.57406774192282,237.79971313476562,6414344,0.0,0.0
2024-04-08 00:00:00+05:30,240.22649747417594,241.01091351945118,234.44145719306798,235.27488708496094,26640770,0.0,0.0
2024-04-09 00:00:00+05:30,237.26044760180014,237.89777723886337,232.97068860985775,233.26483154296875,15801250,0.0,0.0
2024-04-10 00:00:00+05:30,234.09827123957635,235.0542806355179,231.94113832935292,234.00021362304688,10771534,0.0,0.0
2024-04-12 00:00:00+05:30,232.87262919097267,235.32392002456186,230.4213383573835,230.78903198242188,13170046,0.0,0.0
2024-04-15 00:00:00+05:30,228.68092442483388,229.6124119353471,224.63629460999422,225.20008850097656,12176472,0.0,0.0
2024-04-16 00:00:00+05:30,222.11145537209083,224.78336835237005,218.0668255162412,219.8072509765625,21439424,0.0,0.0
2024-04-18 00:00:00+05:30,221.84182303705904,223.28809063040578,217.11083466514174,217.84622192382812,21986258,0.0,0.0
2024-04-19 00:00:00+05:30,215.7135943323785,222.52817988830753,214.24281982556684,221.96438598632812,20470106,0.0,0.0
2024-04-22 00:00:00+05:30,221.9643796450132,228.53383592879038,220.61616971895293,226.499267578125,18881740,0.0,0.0
2024-04-23 00:00:00+05:30,228.852498395082,228.852498395082,225.6168065748452,226.5482940673828,10322712,0.0,0.0
2024-04-24 00:00:00+05:30,227.4307592179016,227.7984528407894,224.8323969340912,225.4697265625,5915168,0.0,0.0
2024-04-25 00:00:00+05:30,224.97947278786592,226.7689121285324,223.45966945798085,226.00901794433594,11805090,0.0,0.0
2024-04-26 00:00:00+05:30,226.45023804138972,233.26482338069624,226.30316657998048,227.77394104003906,21478294,0.0,0.0
2024-04-29 00:00:00+05:30,229.2692312884301,229.44082464103695,226.30317533055197,226.96502685546875,7249940,0.0,0.0
2024-04-30 00:00:00+05:30,226.98953142779303,228.82799955490796,226.25414417694702,226.69537353515625,8902956,0.0,0.0
2024-05-02 00:00:00+05:30,226.6953703920097,226.98952828056795,223.28808515389406,224.24407958984375,14937276,0.0,0.0
2024-05-03 00:00:00+05:30,225.71485538805803,226.4992714416261,222.18500558923947,224.21957397460938,9730626,0.0,0.0
2024-05-06 00:00:00+05:30,224.93043880819548,226.79342880124705,223.55772193878212,224.85690307617188,6918126,0.0,0.0
2024-05-07 00:00:00+05:30,226.4012104951589,228.14163592615333,222.57720286229755,227.43075561523438,9278528,0.0,0.0
2024-05-08 00:00:00+05:30,227.97004415166077,228.65640258261476,226.15608297704014,227.08758544921875,8205680,0.0,0.0
2024-05-09 00:00:00+05:30,226.37671080681744,227.67589196966372,222.6017168997247,223.50869750976562,9233484,0.0,0.0
2024-05-10 00:00:00+05:30,223.5822228315882,224.29310313212264,220.76323847528286,221.5231475830078,6654714,0.0,0.0
2024-05-13 00:00:00+05:30,221.523145265588,222.20950367460128,218.1648739883013,221.57217407226562,7111608,0.0,0.0
2024-05-14 00:00:00+05:30,221.9398698321305,225.46971952477898,221.69474075785666,223.72930908203125,4909420,0.0,0.0
2024-05-15 00:00:00+05:30,223.72930832483732,225.39618303195977,222.89586349053045,224.685302734375,4793424,0.0,0.0
2024-05-16 00:00:00+05:30,226.49927045610718,229.1956903424894,223.60675029755913,227.70040893554688,14621472,0.0,0.0
2024-05-17 00:00:00+05:30,227.67589274164865,227.67589274164865,225.5432666949948,226.00901794433594,6876820,0.0,0.0
2024-05-21 00:00:00+05:30,226.9895212938076,227.8719799708285,225.37167539877223,225.95997619628906,8467448,0.0,0.0
2024-05-22 00:00:00+05:30,226.9404981979071,227.21014916152623,224.95495864389858,226.1560821533203,7765884,0.0,0.0
2024-05-23 00:00:00+05:30,226.74439771808701,229.44081758284264,226.3767041001658,228.36224365234375,13171332,0.0,0.0
2024-05-24 00:00:00+05:30,228.9505648796216,230.66646847079647,226.49927403508602,227.30819702148438,8205526,0.0,0.0
2024-05-27 00:00:00+05:30,226.49926587841452,226.572801608804,221.40058409769222,221.8173065185547,40983758,0.0,0.0
2024-05-28 00:00:00+05:30,222.57720636307414,224.17054539540894,222.1359770079567,223.5822296142578,15778126,0.0,0.0
2024-05-29 00:00:00+05:30,222.57720920396102,223.31259645904018,220.3710474387235,221.0083770751953,9756036,0.0,0.0
2024-05-30 00:00:00+05:30,220.12591229711344,220.37104137539532,213.31132691317598,214.2183074951172,20724568,0.0,0.0
2024-05-31 00:00:00+05:30,214.51245120931281,216.76764173010383,213.5074279692551,214.8311309814453,21438004,0.0,0.0
2024-06-03 00:00:00+05:30,220.71422578770768,220.88580417153784,216.4734808080816,217.72364807128906,8964424,0.0,0.0
2024-06-04 00:00:00+05:30,218.60611085265256,218.60611085265256,204.43765300144545,214.80661010742188,17730732,0.0,0.0
2024-06-05 00:00:00+05:30,215.56652211139632,223.06746608527132,215.24784233350954,221.3515625,12267428,0.0,0.0
2024-06-06 00:00:00+05:30,223.04296197977175,226.49927611775098,221.89085227994798,226.00901794433594,15425568,0.0,0.0
2024-06-07 00:00:00+05:30,230.42133058785342,238.46156125862066,229.58788574793908,237.55458068847656,72672440,0.0,0.0
2024-06-10 00:00:00+05:30,239.44208537453568,239.44208537453568,232.0637059579841,232.9951934814453,18311752,0.0,0.0
2024-06-11 00:00:00+05:30,234.9317153036479,234.9317153036479,232.5539602449944,233.38739013671875,9371714,0.0,0.0
2024-06-12 00:00:00+05:30,234.34339462083045,237.48104377408305,233.14225617426524,233.80410766601562,13875116,0.0,0.0
2024-06-13 00:00:00+05:30,235.3239128492345,237.94679695349822,234.41693227616312,236.5985870361328,12995932,0.0,0.0
2024-06-14 00:00:00+05:30,237.77520272619435,238.0693606084632,233.46093699122287,234.0982666015625,11322596,0.0,0.0
2024-06-18 00:00:00+05:30,235.8141797503633,241.6972777898734,235.34842850430528,241.13348388671875,31870984,0.0,0.0
2024-06-19 00:00:00+05:30,241.3295828645661,243.73184489214862,238.6331629442916,243.0454864501953,20880284,0.0,0.0
2024-06-20 00:00:00+05:30,243.9034279971526,243.9034279971526,239.3685401399191,240.42259216308594,12571126,0.0,0.0
2024-06-21 00:00:00+05:30,244.12406195684127,245.5948364681712,239.7852741561196,240.4961395263672,95171176,0.0,0.0
2024-06-24 00:00:00+05:30,240.2755323265629,242.62876556009397,239.95686750807317,240.4961395263672,9934518,0.0,0.0
2024-06-25 00:00:00+05:30,240.4961272798335,244.1485564482441,239.8833045979855,243.5847625732422,9258210,0.0,0.0
2024-06-26 00:00:00+05:30,243.58477136561166,245.08005277869754,242.08947499103397,242.77584838867188,12812090,0.0,0.0
2024-06-27 00:00:00+05:30,241.28054707869632,250.98766748788967,239.83429450380936,250.42385864257812,42137138,0.0,0.0
2024-06-28 00:00:00+05:30,251.0121695702181,253.1202736034965,247.99708497881159,252.40939331054688,16405832,0.0,0.0
2024-07-01 00:00:00+05:30,253.90471250976566,262.6803156018846,252.04170756721953,258.5376281738281,30757528,0.0,0.0
2024-07-02 00:00:00+05:30,259.49362423377045,267.19068291896826,259.0033660999742,263.85693359375,36276968,0.0,0.0
2024-07-03 00:00:00+05:30,265.6709061263057,267.4113165917141,262.533241965554,264.2491455078125,16049384,0.0,0.0
2024-07-04 00:00:00+05:30,265.425791725787,269.05368431909403,259.3955921483041,260.1800231933594,19524632,0.0,0.0
2024-07-05 00:00:00+05:30,260.49865959788985,263.0235010741321,259.56718705393354,262.3371276855469,10376090,0.0,0.0
2024-07-08 00:00:00+05:30,262.7538728723599,266.21018699515884,262.2881216250644,265.3277282714844,12176360,0.0,0.0
2024-07-09 00:00:00+05:30,266.70044983248613,267.16620108793023,263.56278551232185,265.22967529296875,8681444,0.0,0.0
2024-07-10 00:00:00+05:30,265.22965208877457,266.38174674140913,260.69476432200713,262.5577392578125,9233748,0.0,0.0
2024-07-11 00:00:00+05:30,263.1215519214102,264.5187756628934,259.83681637136436,261.84686279296875,8807618,0.0,0.0
2024-07-12 00:00:00+05:30,267.19071009331736,276.89781614513817,265.49931337510213,274.6181335449219,54186042,0.0,0.0
2024-07-15 00:00:00+05:30,277.9273561057234,277.9273561057234,272.6570810140534,274.3974914550781,16099478,0.0,0.0
2024-07-16 00:00:00+05:30,275.4515285196225,275.81922213066923,272.779645551069,274.3974914550781,11239032,0.0,0.0
2024-07-18 00:00:00+05:30,272.85318064785235,281.6043070041031,272.75512302849404,281.0159912109375,25019786,0.0,0.0
2024-07-19 00:00:00+05:30,284.3007103627482,284.3007103627482,271.946199119456,273.1718444824219,26523490,0.0,0.0
2024-07-22 00:00:00+05:30,255.42449451413637,258.2434788585822,245.88896757311,247.97256469726562,76014568,0.0,0.0
2024-07-23 00:00:00+05:30,249.0511413775692,249.0511413775692,238.4370553721817,245.39871215820312,25847632,0.0,0.0
2024-07-24 00:00:00+05:30,246.3547171381798,248.24221398317854,245.05553605004783,245.1781005859375,12240276,0.0,0.0
2024-07-25 00:00:00+05:30,243.16804645535788,248.80601527438333,241.8443434436857,248.4873504638672,21887890,0.0,0.0
2024-07-26 00:00:00+05:30,250.03166082502366,259.1259436802392,249.296273587303,257.2874755859375,26153996,0.0,0.0
2024-07-29 00:00:00+05:30,258.85631761557863,260.10646998310244,256.33147603327836,257.0914001464844,12011554,0.0,0.0
2024-07-30 00:00:00+05:30,257.0913925996427,258.3415449304687,254.81168017291384,255.6696319580078,10816526,0.0,0.0
2024-07-31 00:00:00+05:30,255.8167067858287,257.33652506462545,254.6646120570336,255.91476440429688,7758508,0.0,0.0
2024-08-01 00:00:00+05:30,256.40501789042224,258.26799291535445,253.7085980082094,255.6941375732422,10759752,0.0,0.0
2024-08-02 00:00:00+05:30,252.48295643531347,254.56655364861462,245.61934208561564,246.18313598632812,15652228,0.0,0.0
2024-08-05 00:00:00+05:30,240.2264983187017,243.09451154602942,235.44648126031936,237.77520751953125,21938080,0.0,0.0
2024-08-06 00:00:00+05:30,240.10393355840074,244.81041488078716,238.55962334863892,239.9813690185547,11271584,0.0,0.0
2024-08-07 00:00:00+05:30,244.49174520618232,245.17810362336917,241.5256744240126,243.85440063476562,7079826,0.0,0.0
2024-08-08 00:00:00+05:30,242.18753725455517,242.18753725455517,238.43706522661606,238.90280151367188,13160570,0.0,0.0
2024-08-09 00:00:00+05:30,242.84938511226443,243.3886720862565,240.0549075861641,240.86383056640625,6065948,0.0,0.0
2024-08-12 00:00:00+05:30,240.9863875620634,242.18752601373214,238.95181923258642,239.7607421875,7338468,0.0,0.0
2024-08-13 00:00:00+05:30,239.76073836184332,241.55019254934624,238.82925088433635,240.47161865234375,6289418,0.0,0.0
2024-08-14 00:00:00+05:30,241.69727545173134,243.58477238011324,240.44712311502605,242.75132751464844,11121756,0.0,0.0
2024-08-16 00:00:00+05:30,245.61934235136388,253.6840952055813,244.1240609224444,253.0957794189453,25931140,0.0,0.0
2024-08-19 00:00:00+05:30,252.97320794439935,256.50307264449924,251.84562017265466,254.81167602539062,11466562,0.0,0.0
2024-08-20 00:00:00+05:30,254.88523245192323,258.6601963914301,254.76266791043315,257.2139587402344,9543812,0.0,0.0
2024-08-21 00:00:00+05:30,256.60112568835683,258.9053150370936,255.44900109100593,258.04736328125,6454402,0.0,0.0
2024-08-22 00:00:00+05:30,258.7582508078283,260.10646074753873,253.9782337488549,254.44398498535156,11496506,0.0,0.0
2024-08-23 00:00:00+05:30,254.88523399647548,255.6451281737219,250.69351767521934,251.2082977294922,11277706,0.0,0.0
2024-08-26 00:00:00+05:30,252.97320204514722,257.2874677233362,252.94869512256878,254.93423461914062,17351380,0.0,0.0
2024-08-27 00:00:00+05:30,254.93424160030477,256.5275806103067,252.97320897261014,253.53701782226562,7965796,0.0,0.0
2024-08-28 00:00:00+05:30,254.9342530545551,263.8079141243756,253.8801860006165,262.0920104980469,34375566,0.0,0.0
2024-08-29 00:00:00+05:30,262.2881200911709,265.69542034611095,261.82236884659915,264.1020812988281,25685318,0.0,0.0
2024-08-30 00:00:00+05:30,265.57286310542906,265.7199345753942,262.63131401418855,263.95501708984375,19434804,0.0,0.0
2024-09-02 00:00:00+05:30,263.9550059103839,265.7199233211836,260.7437910167319,261.0379638671875,15735982,0.0,0.0
2024-09-03 00:00:00+05:30,261.30760552375864,265.1561202025228,259.5917019227583,262.8028869628906,15056686,0.0,0.0
2024-09-04 00:00:00+05:30,258.8563050377427,258.97886957611286,253.34090081108624,254.5175323486328,20402128,0.0,0.0
2024-09-05 00:00:00+05:30,255.52255688560513,257.87579004975146,254.68911203582869,257.3119812011719,12069118,0.0,0.0
2024-09-06 00:00:00+05:30,257.31197541196957,259.78780298239303,254.1743412380284,255.22837829589844,14579954,0.0,0.0
2024-09-09 00:00:00+05:30,253.5124741338535,255.79218647121348,251.72304986316774,252.40939331054688,11919540,0.0,0.0
2024-09-10 00:00:00+05:30,253.36541822337986,258.8563157542796,251.992701321401,257.75323486328125,10287272,0.0,0.0
2024-09-11 00:00:00+05:30,257.3855375686326,257.9983602771294,251.62500410876325,252.16427612304688,8261524,0.0,0.0
2024-09-12 00:00:00+05:30,255.15486182336568,260.81733750835843,253.83115882509884,259.861328125,15779474,0.0,0.0
2024-09-13 00:00:00+05:30,261.6997957342759,270.86762916762274,260.25352820027746,269.9361267089844,35919706,0.0,0.0
2024-09-16 00:00:00+05:30,271.11275832667025,273.00024024456144,269.1517257167124,270.573486328125,11088578,0.0,0.0
2024-09-17 00:00:00+05:30,269.1517257167124,272.0442607855934,268.19571633476136,270.573486328125,8728238,0.0,0.0
2024-09-18 00:00:00+05:30,269.1762237095757,269.1762237095757,261.13600822927975,263.8324279785156,16665520,0.0,0.0
2024-09-19 00:00:00+05:30,266.798506191614,270.3528779786425,259.4201266045174,261.47918701171875,20969182,0.0,0.0
2024-09-20 00:00:00+05:30,263.7098708965729,265.10709465510433,260.32707769183617,264.29815673828125,16664232,0.0,0.0
2024-09-23 00:00:00+05:30,264.2981655854797,264.9355251403035,260.81734457259535,262.2391052246094,8544290,0.0,0.0
2024-09-24 00:00:00+05:30,260.91538302078425,265.6708928709406,259.51812939515554,264.5187683105469,12355694,0.0,0.0
2024-09-25 00:00:00+05:30,264.1510935872807,264.4452664403714,260.20452133959526,262.8764343261719,8065196,0.0,0.0
2024-09-26 00:00:00+05:30,264.1020664025279,266.25918426800513,262.63129198030066,265.6708984375,11403400,0.0,0.0
2024-09-27 00:00:00+05:30,269.10270746898226,274.005288913686,265.08258469972867,265.6218566894531,26462384,0.0,0.0
2024-09-30 00:00:00+05:30,263.7588902276906,266.94556826947496,261.79785758659256,265.4502868652344,8199446,0.0,0.0
2024-10-01 00:00:00+05:30,264.8374601035738,269.4458687856937,264.8374601035738,268.04864501953125,9411274,0.0,0.0
2024-10-03 00:00:00+05:30,264.78841452118024,265.916032203184,257.99835112119786,259.9103698730469,14035368,0.0,0.0
2024-10-04 00:00:00+05:30,258.8808200617149,265.69542057753046,258.8808200617149,261.5772399902344,11922754,0.0,0.0
2024-10-07 00:00:00+05:30,263.75888386231424,265.57284499614974,257.8512791581731,260.5476989746094,9878074,0.0,0.0
2024-10-08 00:00:00+05:30,260.5967283826952,261.69980928256615,255.0813238833404,258.341552734375,11502804,0.0,0.0
2024-10-09 00:00:00+05:30,259.73876829300747,264.1020779048409,259.10143866688145,260.400634765625,8841688,0.0,0.0
2024-10-10 00:00:00+05:30,262.2881100609189,263.5627692808069,256.6256344170975,257.3855285644531,12620244,0.0,0.0
2024-10-11 00:00:00+05:30,255.1058289815961,261.99398026765067,255.1058289815961,259.0033874511719,8436982,0.0,0.0
2024-10-14 00:00:00+05:30,264.1020673247355,270.54894394422035,262.9254358136522,269.4213562011719,33136266,0.0,0.0
2024-10-15 00:00:00+05:30,271.03920006289246,271.03920006289246,260.2535210094315,261.2830810546875,21601252,0.0,0.0
2024-10-16 00:00:00+05:30,261.3076071375402,264.1510985664475,259.3465744385718,260.8908996582031,12553622,0.0,0.0
2024-10-17 00:00:00+05:30,262.26360556395906,263.7588869496158,257.41003786836956,259.2239990234375,23755278,0.0,0.0
2024-10-18 00:00:00+05:30,260.8173528731855,273.76018084962016,257.28748797752286,268.98016357421875,74653054,0.0,0.0
2024-10-21 00:00:00+05:30,270.4263832593519,275.47606613692227,268.1712077411423,268.7104797363281,23966964,0.0,0.0
2024-10-22 00:00:00+05:30,269.5439269173523,272.3384043780149,266.62688491826566,267.41131591796875,18478300,0.0,0.0
2024-10-23 00:00:00+05:30,268.4163280472264,271.8481349811635,265.8179659246989,268.2692565917969,12698576,0.0,0.0
2024-10-24 00:00:00+05:30,268.2692638422169,269.8871097416301,267.26424062614063,268.1221923828125,9576604,0.0,0.0
2024-10-25 00:00:00+05:30,269.5194372316129,270.62251814797696,264.98454901989413,266.4308166503906,10124540,0.0,0.0
2024-10-28 00:00:00+05:30,266.4307919532187,274.44650056657616,266.0630983485146,273.8581848144531,11185858,0.0,0.0
2024-10-29 00:00:00+05:30,274.4465068963507,276.2114541934262,271.23532199246887,275.6231384277344,12055630,0.0,0.0
2024-10-30 00:00:00+05:30,275.77019834455166,283.7368929633942,275.08382499281254,277.118408203125,20755492,0.0,0.0
2024-10-31 00:00:00+05:30,276.89780061005416,277.63318784428213,268.80854103354613,270.5244445800781,15680094,0.0,0.0
2024-11-01 00:00:00+05:30,270.47544132297423,272.0442734686782,269.6419964402892,270.3038330078125,1962810,0.0,0.0
2024-11-04 00:00:00+05:30,270.13223072779346,270.84311100377874,261.89590009491803,265.131591796875,9855560,0.0,0.0
2024-11-05 00:00:00+05:30,266.210188537672,267.3622832776192,264.93552925419914,266.5533752441406,6862260,0.0,0.0
2024-11-06 00:00:00+05:30,268.3918212045924,277.4125529083939,265.22965025850374,276.4565734863281,19554884,0.0,0.0
2024-11-07 00:00:00+05:30,277.48611553172407,279.30007668852454,271.8236398301168,276.2114562988281,11997142,0.0,0.0
2024-11-08 00:00:00+05:30,276.99584612318415,283.76140239787975,276.99584612318415,278.9568786621094,20852658,0.0,0.0
2024-11-11 00:00:00+05:30,278.95689369474377,285.9185655676803,277.51062613475256,281.1630554199219,16139444,0.0,0.0
2024-11-12 00:00:00+05:30,281.89844970816716,284.2026691077699,278.9814075918075,279.7658386230469,11260890,0.0,0.0
2024-11-13 00:00:00+05:30,279.44713679684065,281.2120541126806,277.26548211269,278.9568786621094,11391200,0.0,0.0
2024-11-14 00:00:00+05:30,278.93239608496833,281.67782990989014,276.60366974174525,277.8293151855469,9783520,0.0,0.0
2024-11-18 00:00:00+05:30,277.8293086403796,277.8293086403796,264.88648108955095,271.0392150878906,15289764,0.0,0.0
2024-11-19 00:00:00+05:30,272.5835364942449,279.3490931060881,271.94620687193054,275.52508544921875,12919778,0.0,0.0
2024-11-21 00:00:00+05:30,275.52507891352934,278.2705125705209,272.2403433404619,273.1473388671875,11672608,0.0,0.0
2024-11-22 00:00:00+05:30,275.50056313523856,281.2120524166217,273.5150236861484,280.2560729980469,14733232,0.0,0.0
2024-11-25 00:00:00+05:30,282.1435725879272,288.051177462904,281.35917149692835,285.5508728027344,23297474,0.0,0.0
2024-11-26 00:00:00+05:30,286.80102181556066,289.42389098604815,284.0065443363509,288.7620544433594,15771340,0.0,0.0
2024-11-27 00:00:00+05:30,289.9876924481641,292.1938540982347,285.28122623053986,285.771484375,13659676,0.0,0.0
2024-11-28 00:00:00+05:30,287.16871842974746,287.29128297026375,279.71678838175825,280.5257263183594,11896556,0.0,0.0
2024-11-29 00:00:00+05:30,281.8984305667371,284.71741487240445,280.2315409211496,283.295654296875,8540112,0.0,0.0
2024-12-02 00:00:00+05:30,285.5508836070961,287.07067199952945,283.4672863371234,286.5804138183594,11194000,0.0,0.0
2024-12-03 00:00:00+05:30,289.5955128322435,290.42895772261494,283.66337090205775,285.96759033203125,15445286,0.0,2.0
2024-12-04 00:00:00+05:30,288.90911915532763,291.21333842374844,286.11464174141236,288.27178955078125,14036431,0.0,0.0
2024-12-05 00:00:00+05:30,289.25229789317564,295.03733786644284,288.17372401813014,293.468505859375,13487264,0.0,0.0
2024-12-06 00:00:00+05:30,293.3214358695915,293.3214358695915,290.42893082999984,291.5565185546875,7894350,0.0,0.0
2024-12-09 00:00:00+05:30,289.25230024675284,299.74383632659055,288.0266549067242,297.8318176269531,9285213,0.0,0.0
2024-12-10 00:00:00+05:30,300.037986212315,304.9405676863724,297.53768162973876,302.0970764160156,17028502,0.0,0.0
2024-12-11 00:00:00+05:30,302.14610833760867,303.8620119561836,299.5967598339862,302.97955322265625,8608406,0.0,0.0
2024-12-12 00:00:00+05:30,301.9990322442741,307.68601503812204,301.4597602273172,303.0776062011719,12958440,0.0,0.0
2024-12-13 00:00:00+05:30,303.07759641439475,304.98958525885183,298.27307249570435,303.9110412597656,7382211,0.0,0.0
2024-12-16 00:00:00+05:30,303.96006026925346,305.33277713748566,301.11656891584744,303.1756591796875,7221189,0.0,0.0
2024-12-17 00:00:00+05:30,304.94056250955373,306.16620785726093,301.3126403111475,302.83245849609375,10568517,0.0,0.0
2024-12-18 00:00:00+05:30,302.9795347719289,307.14672902041013,302.53829047054376,306.5093994140625,10965226,0.0,0.0
2024-12-19 00:00:00+05:30,300.3811654759486,307.2937932143257,295.28246889975395,306.6564636230469,12405595,0.0,0.0
2024-12-20 00:00:00+05:30,309.35290747914615,313.76523104065535,298.4691700428266,299.25360107421875,22214824,0.0,0.0
2024-12-23 00:00:00+05:30,300.6263112057788,304.59739035252073,299.0574791013064,301.9009704589844,6693583,0.0,0.0
2024-12-24 00:00:00+05:30,301.508771430028,303.17566115997283,296.90033271052187,299.35162353515625,8837902,0.0,0.0
2024-12-26 00:00:00+05:30,299.4496625087566,300.969480679195,298.07694571702456,299.1064758300781,6516148,0.0,0.0
2024-12-27 00:00:00+05:30,299.2535984657925,304.84252364119806,298.76334029656476,303.0776062011719,8063921,0.0,0.0
2024-12-30 00:00:00+05:30,303.0775883272892,303.3717312422853,296.7532463480337,297.7828063964844,13709891,0.0,0.0
2024-12-31 00:00:00+05:30,295.08638289591505,297.0964292766136,289.49742819775634,295.9688415527344,9337030,0.0,0.0
2025-01-01 00:00:00+05:30,294.1548927210035,297.4396283409846,293.1253625656732,294.44903564453125,7878201,0.0,0.0
2025-01-02 00:00:00+05:30,292.1938764337386,298.51821894990434,291.36043153985077,297.880859375,8800435,0.0,0.0
2025-01-03 00:00:00+05:30,297.39058873114067,297.8808468925326,288.2717988984445,288.7130432128906,12535720,0.0,0.0
2025-01-06 00:00:00+05:30,289.252321897312,291.9977556952793,284.8890121910233,288.5659484863281,9173687,0.0,0.0
2025-01-07 00:00:00+05:30,288.56592985177406,291.70359392367544,285.6243810054849,288.32080078125,7381943,0.0,0.0
2025-01-08 00:00:00+05:30,287.2912871413454,292.63511315463563,283.6633647201962,291.75262451171875,7937785,0.0,0.0
2025-01-09 00:00:00+05:30,291.21335828473457,292.1938746425956,285.67344684741647,286.60491943359375,7964702,0.0,0.0
2025-01-10 00:00:00+05:30,288.56592614759387,297.34155872890096,288.56592614759387,294.69415283203125,19505556,0.0,0.0
2025-01-13 00:00:00+05:30,293.1253682019159,293.4195111310995,284.5948641797882,286.1636962890625,9541248,0.0,0.0
2025-01-14 00:00:00+05:30,286.1146355197009,288.8110552612858,280.96692510394803,287.1441955566406,7670070,0.0,0.0
2025-01-15 00:00:00+05:30,287.29127628967143,288.9581659711254,284.05558446447577,286.9480895996094,4662694,0.0,0.0
2025-01-16 00:00:00+05:30,290.13477270918526,290.72308848498255,281.1140405312321,282.4377136230469,10345666,0.0,0.0
2025-01-17 00:00:00+05:30,282.1925697106497,282.1925697106497,275.0348129297978,276.4565734863281,9358955,0.0,0.0
2025-01-20 00:00:00+05:30,296.1159279701811,299.4496774660434,291.16433253457507,294.4000244140625,39380165,0.0,0.0
2025-01-21 00:00:00+05:30,296.50812744334615,299.8909206966876,291.99774641321864,292.53704833984375,15619474,0.0,0.0
2025-01-22 00:00:00+05:30,293.5175719012314,303.960064921185,293.5175719012314,303.0776062011719,30859317,0.0,0.0
2025-01-23 00:00:00+05:30,305.03862672267815,318.27559676435,304.59738241876266,311.5100402832031,39904371,0.0,0.0
2025-01-24 00:00:00+05:30,312.7847073091648,316.2165144426509,310.43147411651387,313.86328125,17479586,0.0,0.0
2025-01-27 00:00:00+05:30,311.60807400445464,312.93177701883235,300.7733806558103,301.95001220703125,12372895,0.0,0.0
2025-01-28 00:00:00+05:30,304.0,307.6000061035156,301.54998779296875,303.6000061035156,12077491,6.0,0.0
2025-01-29 00:00:00+05:30,305.04998779296875,314.70001220703125,305.04998779296875,312.45001220703125,16338112,0.0,0.0
2025-01-30 00:00:00+05:30,311.0,313.70001220703125,305.95001220703125,309.0,9984186,0.0,0.0
2025-01-31 00:00:00+05:30,311.70001220703125,315.70001220703125,309.54998779296875,311.8999938964844,15597644,0.0,0.0
2025-02-01 00:00:00+05:30,312.54998779296875,313.25,303.3500061035156,304.79998779296875,6046117,0.0,0.0
2025-02-03 00:00:00+05:30,303.0,314.0,300.29998779296875,313.6000061035156,14877076,0.0,0.0
2025-02-04 00:00:00+05:30,318.0,318.8500061035156,313.3500061035156,316.25,15366864,0.0,0.0
2025-02-05 00:00:00+05:30,317.79998779296875,321.45001220703125,314.8999938964844,317.1000061035156,9628027,0.0,0.0
2025-02-06 00:00:00+05:30,320.0,323.6000061035156,314.54998779296875,317.95001220703125,15062390,0.0,0.0
2025-02-07 00:00:00+05:30,319.0,319.0,314.0,318.0,8589587,0.0,0.0
2025-02-10 00:00:00+05:30,318.79998779296875,321.0,315.8500061035156,319.04998779296875,12304840,0.0,0.0
2025-02-11 00:00:00+05:30,319.5,320.3999938964844,311.6000061035156,313.0,10627890,0.0,0.0
2025-02-12 00:00:00+05:30,313.45001220703125,315.75,309.3500061035156,310.20001220703125,9668342,0.0,0.0
2025-02-13 00:00:00+05:30,310.29998779296875,313.6499938964844,306.95001220703125,308.54998779296875,8832731,0.0,0.0
2025-02-14 00:00:00+05:30,310.04998779296875,312.3999938964844,304.54998779296875,308.1000061035156,7371341,0.0,0.0
2025-02-17 00:00:00+05:30,308.1000061035156,310.29998779296875,302.0,305.3500061035156,7507772,0.0,0.0
2025-02-18 00:00:00+05:30,305.3500061035156,312.75,305.3500061035156,312.20001220703125,10368789,0.0,0.0
2025-02-19 00:00:00+05:30,311.25,316.5,308.29998779296875,314.1000061035156,7835672,0.0,0.0
2025-02-20 00:00:00+05:30,311.20001220703125,314.29998779296875,310.25,313.29998779296875,7697134,0.0,0.0
2025-02-21 00:00:00+05:30,312.79998779296875,312.79998779296875,305.04998779296875,306.3500061035156,8722925,0.0,0.0
2025-02-24 00:00:00+05:30,302.95001220703125,303.29998779296875,293.3500061035156,295.04998779296875,12600963,0.0,0.0
2025-02-25 00:00:00+05:30,294.3500061035156,296.29998779296875,290.1000061035156,291.29998779296875,10810040,0.0,0.0
2025-02-27 00:00:00+05:30,294.0,295.79998779296875,291.3500061035156,294.5,15555649,0.0,0.0
2025-02-28 00:00:00+05:30,294.0,294.0,277.0,277.6499938964844,17458839,0.0,0.0
2025-03-03 00:00:00+05:30,279.45001220703125,286.3500061035156,279.29998779296875,283.54998779296875,11471554,0.0,0.0
2025-03-04 00:00:00+05:30,279.0,283.1000061035156,276.29998779296875,280.0,9331785,0.0,0.0
2025-03-05 00:00:00+05:30,281.3999938964844,286.95001220703125,278.6499938964844,285.1000061035156,10285712,0.0,0.0
2025-03-06 00:00:00+05:30,288.45001220703125,292.0,283.5,285.8999938964844,9782051,0.0,0.0
2025-03-07 00:00:00+05:30,287.3999938964844,287.70001220703125,282.8999938964844,284.79998779296875,8097300,0.0,0.0
2025-03-10 00:00:00+05:30,284.45001220703125,285.6499938964844,277.95001220703125,280.8999938964844,8165123,0.0,0.0
2025-03-11 00:00:00+05:30,277.0,279.29998779296875,273.20001220703125,277.75,8602609,0.0,0.0
2025-03-12 00:00:00+05:30,277.70001220703125,277.70001220703125,262.20001220703125,268.54998779296875,18584311,0.0,0.0
2025-03-13 00:00:00+05:30,268.54998779296875,271.1000061035156,263.3500061035156,264.0,8683943,0.0,0.0
2025-03-17 00:00:00+05:30,264.0,265.20001220703125,258.8999938964844,259.8500061035156,12697926,0.0,0.0
2025-03-18 00:00:00+05:30,259.8500061035156,259.8500061035156,259.8500061035156,259.8500061035156,0,0.0,0.0
2025-03-19 00:00:00+05:30,262.0,266.5,256.25,265.70001220703125,14044300,0.0,0.0
2025-03-20 00:00:00+05:30,269.20001220703125,273.95001220703125,267.5,268.0,17038774,0.0,0.0
2025-03-21 00:00:00+05:30,264.0,269.54998779296875,260.20001220703125,264.29998779296875,22659168,0.0,0.0
2025-03-24 00:00:00+05:30,267.04998779296875,271.6499938964844,265.3999938964844,269.3999938964844,9269617,0.0,0.0
2025-03-25 00:00:00+05:30,272.0,274.70001220703125,269.3500061035156,271.0,12563930,0.0,0.0
2025-03-26 00:00:00+05:30,272.0,272.25,266.75,267.3999938964844,7308412,0.0,0.0
2025-03-27 00:00:00+05:30,270.0,273.54998779296875,269.6000061035156,272.20001220703125,14783522,0.0,0.0
2025-03-28 00:00:00+05:30,271.0,271.8500061035156,261.6000061035156,262.25,14283389,0.0,0.0
2025-04-01 00:00:00+05:30,260.3500061035156,263.0,258.5,262.6000061035156,8388635,0.0,0.0
2025-04-02 00:00:00+05:30,262.79998779296875,265.54998779296875,261.1000061035156,263.6000061035156,7136992,0.0,0.0
2025-04-03 00:00:00+05:30,259.8999938964844,260.5,255.3000030517578,256.3500061035156,12262561,0.0,0.0
2025-04-04 00:00:00+05:30,253.0,253.9499969482422,244.85000610351562,246.3000030517578,14639785,0.0,0.0
2025-04-07 00:00:00+05:30,231.0500030517578,243.85000610351562,228.0,242.89999389648438,13011904,0.0,0.0
2025-04-08 00:00:00+05:30,244.75,249.5,243.85000610351562,247.25,13806651,0.0,0.0
2025-04-09 00:00:00+05:30,240.6999969482422,242.3000030517578,234.0,236.64999389648438,19063559,0.0,0.0
2025-04-11 00:00:00+05:30,245.0,245.0,238.35000610351562,239.75,11205821,0.0,0.0
2025-04-15 00:00:00+05:30,245.0500030517578,245.0500030517578,241.35000610351562,244.0,10694621,0.0,0.0
2025-04-16 00:00:00+05:30,244.0,248.4499969482422,241.1999969482422,247.64999389648438,16203319,0.0,0.0
2025-04-17 00:00:00+05:30,235.0,237.8000030517578,232.14999389648438,236.89999389648438,54875421,0.0,0.0
2025-04-21 00:00:00+05:30,237.39999389648438,240.8000030517578,237.39999389648438,238.4499969482422,16298364,0.0,0.0
2025-04-22 00:00:00+05:30,238.4499969482422,239.0,233.5,234.14999389648438,18367713,0.0,0.0
2025-04-23 00:00:00+05:30,237.1999969482422,245.35000610351562,236.10000610351562,243.60000610351562,31898042,0.0,0.0
2025-04-24 00:00:00+05:30,244.8000030517578,245.14999389648438,241.5,242.75,23000820,0.0,0.0
2025-04-25 00:00:00+05:30,243.9499969482422,246.14999389648438,238.0500030517578,240.89999389648438,16620430,0.0,0.0
2025-04-28 00:00:00+05:30,240.5,241.9499969482422,238.75,240.5,14218414,0.0,0.0
2025-04-29 00:00:00+05:30,241.60000610351562,243.60000610351562,239.85000610351562,241.39999389648438,16647246,0.0,0.0
2025-04-30 00:00:00+05:30,241.5500030517578,243.39999389648438,239.1999969482422,241.5,14206640,0.0,0.0
2025-05-02 00:00:00+05:30,242.0399932861328,245.8000030517578,240.75,241.67999267578125,10822257,0.0,0.0
2025-05-05 00:00:00+05:30,244.0,246.8699951171875,242.6999969482422,243.57000732421875,12170446,0.0,0.0
2025-05-06 00:00:00+05:30,244.5,245.89999389648438,240.61000061035156,241.19000244140625,8869045,0.0,0.0
2025-05-07 00:00:00+05:30,236.00999450683594,244.4499969482422,236.00999450683594,244.0399932861328,9130056,0.0,0.0
2025-05-08 00:00:00+05:30,243.11000061035156,245.8300018310547,239.30999755859375,241.57000732421875,11434833,0.0,0.0
2025-05-09 00:00:00+05:30,236.60000610351562,242.9499969482422,236.5,242.00999450683594,10582438,0.0,0.0
2025-05-12 00:00:00+05:30,245.08999633789062,257.94000244140625,244.8800048828125,257.2799987792969,19791711,0.0,0.0
2025-05-13 00:00:00+05:30,256.95001220703125,256.95001220703125,250.6199951171875,251.57000732421875,11714159,0.0,0.0
2025-05-14 00:00:00+05:30,251.57000732421875,253.69000244140625,250.75,252.94000244140625,8839105,0.0,0.0
2025-05-15 00:00:00+05:30,253.1999969482422,257.1000061035156,250.6199951171875,256.57000732421875,12083645,0.0,0.0
2025-05-16 00:00:00+05:30,257.0,257.0,253.52999877929688,254.30999755859375,6640387,0.0,0.0
2025-05-19 00:00:00+05:30,254.30999755859375,254.74000549316406,251.27999877929688,251.75,6788784,0.0,0.0
2025-05-20 00:00:00+05:30,253.0,254.60000610351562,249.30999755859375,249.7100067138672,9366429,0.0,0.0
2025-05-21 00:00:00+05:30,249.7100067138672,252.11000061035156,248.10000610351562,250.9199981689453,5313593,0.0,0.0
2025-05-22 00:00:00+05:30,249.0,249.88999938964844,245.0,245.94000244140625,11469037,0.0,0.0
2025-05-23 00:00:00+05:30,246.10000610351562,250.49000549316406,245.60000610351562,247.36000061035156,7437642,0.0,0.0
2025-05-26 00:00:00+05:30,248.49000549316406,250.85000610351562,248.1999969482422,250.24000549316406,3690751,0.0,0.0
2025-05-27 00:00:00+05:30,250.99000549316406,250.99000549316406,247.99000549316406,248.25,6861143,0.0,0.0
2025-05-28 00:00:00+05:30,249.58999633789062,250.13999938964844,246.9600067138672,247.42999267578125,6205160,0.0,0.0
2025-05-29 00:00:00+05:30,249.64999389648438,251.74000549316406,248.10000610351562,250.13999938964844,11785042,0.0,0.0
